scenario_id,experiment_sub_id,psf_family,psf_mismatch_type,mismatch_strength,method_name,snr_db,background_level,total_trials,success_count,success_rate,mean_radial_error,median_radial_error,std_radial_error,rmse_x,rmse_y,radial_rmse,p95_radial_error,max_radial_error,bias_x,bias_y,bias_magnitude,angular_rmse_urad,mean_latency_ms,median_latency_ms,p95_latency_ms,rmse_ci_lower,rmse_ci_upper
10A_matched_gaussian,10A_matched_baseline,gaussian,none,0.0,Gaussian Fitting,15.0,10.0,50,50,1.0,0.17488431441790164,0.17035459101460027,0.08049411969534342,0.11246872059989366,0.15625176357907394,0.19251967882517299,0.3107368045134689,0.35866278338567403,-0.023593433123509727,0.02062092345144549,0.03133484594734592,94.38311143463692,5.592458005994558,5.426549992989749,7.375504978699607,0.16943658141572215,0.21564507948062236
10A_matched_gaussian,10A_matched_baseline,gaussian,none,0.0,Intensity-Weighted Centroid,15.0,10.0,50,50,1.0,0.5628590627876741,0.5825627782619069,0.2658370622477494,0.45958413263545644,0.41983579320544806,0.6224786488119353,1.028460379047373,1.1381390699956098,0.034073038039308015,0.0032719596380036365,0.03422977711146913,301.6638125318431,0.2778899949043989,0.2545500174164772,0.4392399685457349,0.5471269960608446,0.6961087309778059
10A_matched_gaussian,10A_matched_baseline,gaussian,none,0.0,PSF-Aware Fitting,15.0,10.0,50,50,1.0,0.1737935735907617,0.17914877015495712,0.07803704441462146,0.11161105080813259,0.15439222733001023,0.19050980689302352,0.30719808179446145,0.3462903557768525,-0.020799640188942023,0.019791136025618244,0.02871087071431266,93.4309032405627,3.757088005077094,3.6507999757304788,5.2590649866033345,0.16846697128758636,0.21299315327681057
10B_elliptical_r_1.25_theta_0,10B_elliptical,elliptical_gaussian,ellipticity,1.25,Gaussian Fitting,15.0,10.0,50,50,1.0,0.20014199251854592,0.19447579909623047,0.089341991519598,0.1217299021254593,0.1822652998969022,0.21917757325507006,0.3776630756601762,0.4466068699157075,-0.03323726200696228,0.0311851681018112,0.04557664199189845,107.20642964728573,5.596736008301377,5.401200032792985,7.850845030043273,0.19244324860308537,0.24565205188168218
10B_elliptical_r_1.25_theta_0,10B_elliptical,elliptical_gaussian,ellipticity,1.25,Intensity-Weighted Centroid,15.0,10.0,50,50,1.0,0.5417290344253456,0.47876817208179934,0.24609280599379554,0.44399229336809815,0.3961096556902569,0.5950058956861832,0.9796545098119472,1.0967449620467757,0.004862779578743925,-0.019934331946673184,0.02051887461318491,290.0376290104298,0.2679380029439926,0.2507499884814024,0.38301499444060016,0.5242001192532622,0.6657991967744501
10B_elliptical_r_1.25_theta_0,10B_elliptical,elliptical_gaussian,ellipticity,1.25,PSF-Aware Fitting,15.0,10.0,50,50,1.0,0.197778770126675,0.19255647764885941,0.09434429022302428,0.1197031453103476,0.1835441200728484,0.2191284714739424,0.38603029255092414,0.4508629822795426,-0.03157935887617611,0.034656779000756616,0.04688654644711644,107.2775127154496,4.243838002439588,4.0469999657943845,6.272244965657592,0.1905388394189644,0.2472774943581968
10B_elliptical_r_1.25_theta_45,10B_elliptical,elliptical_gaussian,ellipticity,1.25,Gaussian Fitting,15.0,10.0,50,50,1.0,0.1795555292697129,0.1567406033696282,0.09053379694373848,0.1547652286881308,0.1283911230166921,0.20108842950397912,0.33512111004394635,0.5002851355764153,0.006446443871378733,0.022718999270747987,0.023615875305630404,97.26738985812065,5.610110010020435,5.635700013954192,7.27275499375537,0.1704443849851918,0.2326601982749126
10B_elliptical_r_1.25_theta_45,10B_elliptical,elliptical_gaussian,ellipticity,1.25,Intensity-Weighted Centroid,15.0,10.0,50,50,1.0,0.4598985609067825,0.43212287143949857,0.24886260147144668,0.37318087525518434,0.3662994882320205,0.5229142192896131,0.7884589030601277,1.3233451899913935,-0.047253020078293274,0.035749104231642265,0.05925239539364135,253.65001349519832,0.28157598804682493,0.2456499496474862,0.46286499709822215,0.4447622493663589,0.604260379234362
10B_elliptical_r_1.25_theta_45,10B_elliptical,elliptical_gaussian,ellipticity,1.25,PSF-Aware Fitting,15.0,10.0,50,50,1.0,0.18114167049467383,0.16531136478656225,0.08838502078984928,0.1576696228555412,0.12555678682657692,0.20155450054420287,0.34711223136892944,0.48219884859874124,0.002726492008863488,0.02663267877618239,0.026771875867591204,97.39378149151592,4.2756280093453825,4.188949998933822,5.497100000502542,0.17190043152996523,0.23193185536356448
10B_elliptical_r_1.5_theta_0,10B_elliptical,elliptical_gaussian,ellipticity,1.5,Gaussian Fitting,15.0,10.0,50,50,1.0,0.19255346812681803,0.18123494890172598,0.0961363734082421,0.12599287960007416,0.17448448260471675,0.21521858744019878,0.3323742256032496,0.4600715589673021,-0.019465393028381753,-0.04946353539813799,0.0531558356140906,105.01995140471544,5.487107983790338,5.036049988120794,8.238919987343252,0.18819767759136224,0.2400530943482946
10B_elliptical_r_1.5_theta_0,10B_elliptical,elliptical_gaussian,ellipticity,1.5,Intensity-Weighted Centroid,15.0,10.0,50,50,1.0,0.43913102608683025,0.42877922002266045,0.24211548162418386,0.3417102758051211,0.3670014331353094,0.5014538508319414,0.9372867378511626,1.0037083701765528,-0.07114690801490496,-0.045901978419658464,0.08466920421806348,245.14433529635838,0.26485398644581437,0.2469499595463276,0.4182950302492826,0.4318852723162491,0.5697184021481078
10B_elliptical_r_1.5_theta_0,10B_elliptical,elliptical_gaussian,ellipticity,1.5,PSF-Aware Fitting,15.0,10.0,50,50,1.0,0.1902654130833496,0.1859101540388096,0.09638912704037247,0.12589705898705897,0.17216771406332756,0.2132880475492772,0.32573807462084525,0.45161961546607965,-0.02003743881266985,-0.04824876091295664,0.05224406075150687,104.01585408382287,4.091688001062721,3.8214499945752323,5.819344945484772,0.18627480941607402,0.23783951830851802
10B_elliptical_r_1.5_theta_45,10B_elliptical,elliptical_gaussian,ellipticity,1.5,Gaussian Fitting,15.0,10.0,50,50,1.0,0.1803318398781468,0.18006496164275346,0.07783373622991095,0.14507298881125336,0.13240653641990222,0.1964119725712894,0.3210722158155431,0.38913644325479213,0.020016404332903904,-0.01258644931961328,0.023644770011431445,95.08143976717884,6.051881993189454,5.714949977118522,8.967779990052804,0.1742269747368099,0.22028656972938016
10B_elliptical_r_1.5_theta_45,10B_elliptical,elliptical_gaussian,ellipticity,1.5,Intensity-Weighted Centroid,15.0,10.0,50,50,1.0,0.46660516655070294,0.4093026786657017,0.2637402025217026,0.4019873539680347,0.3545214283055058,0.5359843989128769,0.9607103700289118,1.1567893606583783,0.05413288702950751,0.09315188915915996,0.10773877626959501,260.72738195314486,0.2634639898315072,0.23604999296367168,0.40741999982856203,0.45434461050457436,0.6172211013513662
10B_elliptical_r_1.5_theta_45,10B_elliptical,elliptical_gaussian,ellipticity,1.5,PSF-Aware Fitting,15.0,10.0,50,50,1.0,0.16964129494108682,0.1689311730798213,0.0742967454099154,0.13222455569409214,0.1296720563548467,0.18519766555708686,0.28752593350924843,0.3529107897282991,0.024146150497468852,-0.010828845608002098,0.0264631910594388,89.43191718854104,4.388075990136713,3.999499953351915,6.395034951856357,0.16466027189089238,0.20629852050832795
10B_elliptical_r_1_theta_0,10B_elliptical,elliptical_gaussian,ellipticity,1.0,Gaussian Fitting,15.0,10.0,50,50,1.0,0.20071308225577308,0.2017949770044869,0.08899235785704412,0.13872818365662049,0.17017600361068508,0.21955723888218515,0.3302057215293532,0.3519910649637966,0.018788576672183126,-0.052223306942661335,0.05550030992160245,107.53016044814818,5.748753997031599,5.576400028076023,8.147159911459312,0.19610880455834906,0.24060677665246144
10B_elliptical_r_1_theta_0,10B_elliptical,elliptical_gaussian,ellipticity,1.0,Intensity-Weighted Centroid,15.0,10.0,50,50,1.0,0.5602511865624648,0.5458955639982144,0.23449308800149984,0.45611784494948976,0.4010298142080737,0.6073453715680468,0.9285495269680742,1.0983816474407302,0.06668597897163978,0.05751834558453197,0.08806463461678378,294.9068938928117,0.2814380032941699,0.26664999313652515,0.44344998896121973,0.5434006916642461,0.6706656805620789
10B_elliptical_r_1_theta_0,10B_elliptical,elliptical_gaussian,ellipticity,1.0,PSF-Aware Fitting,15.0,10.0,50,50,1.0,0.19614320317684078,0.19083420290084657,0.08855166248523735,0.13750578591259863,0.16554670616454267,0.21520583886449468,0.3324874741375818,0.35479738977652797,0.019510511504339547,-0.04955806297292384,0.053260319796160166,105.39514210500768,4.721941987518221,4.64780000038445,7.0629700378049165,0.19126088717069953,0.23605917768501986
10B_elliptical_r_1_theta_45,10B_elliptical,elliptical_gaussian,ellipticity,1.0,Gaussian Fitting,15.0,10.0,50,50,1.0,0.18998214641069638,0.16277314002440352,0.11431297498825678,0.16491100596326483,0.14820604683232433,0.22172206070998232,0.4123026448956659,0.4522846454689351,-0.015022998914941467,-0.008207524201330897,0.017118818589895883,109.10234670335403,5.3009199956431985,5.214249948039651,7.034304918488487,0.18481069921222068,0.255003168489553
10B_elliptical_r_1_theta_45,10B_elliptical,elliptical_gaussian,ellipticity,1.0,Intensity-Weighted Centroid,15.0,10.0,50,50,1.0,0.5269905460501887,0.49794204515163665,0.28425280863944064,0.43485504519625295,0.4116063465412691,0.5987643065895683,1.0047022630455962,1.2630638697094962,0.047440567908608955,0.1410355131170934,0.14880061640898254,292.7072489356824,0.25157800409942865,0.2345999819226563,0.3601200412958859,0.5159175083685635,0.679588963839897
10B_elliptical_r_1_theta_45,10B_elliptical,elliptical_gaussian,ellipticity,1.0,PSF-Aware Fitting,15.0,10.0,50,50,1.0,0.18792838778893572,0.15881919526365174,0.1116041921116717,0.16069157684856525,0.14815799594949028,0.21856938173918034,0.38684335682028126,0.45764930317022146,-0.015630782071978613,-0.012790714385061505,0.020197121642994264,107.52810915758815,4.271751996129751,4.25380002707243,6.15607006475329,0.18325866551610687,0.2512325253404336
10B_elliptical_r_2_theta_0,10B_elliptical,elliptical_gaussian,ellipticity,2.0,Gaussian Fitting,15.0,10.0,50,50,1.0,0.18465480728174932,0.16121420261131036,0.09689580739842926,0.09260564832904214,0.1868432210202213,0.20853343938959404,0.38705631772188587,0.44157353340695227,-0.007855448929238945,0.019233722854625056,0.02077604805367006,102.40722305195915,5.788198004011065,5.249699985142797,8.27347504091449,0.17796738774583934,0.23763685439479643
10B_elliptical_r_2_theta_0,10B_elliptical,elliptical_gaussian,ellipticity,2.0,Intensity-Weighted Centroid,15.0,10.0,50,50,1.0,0.47084851455647,0.4363642070021624,0.2544220528307858,0.37755047456557134,0.37932116179034536,0.5351905311444378,0.9412996330236647,0.9997651071002737,0.058776678892850216,0.004313271041806388,0.05893472905472044,261.2735657126605,0.25827599922195077,0.23930001771077514,0.40017502033151686,0.458270678150685,0.6037662787664718
10B_elliptical_r_2_theta_0,10B_elliptical,elliptical_gaussian,ellipticity,2.0,PSF-Aware Fitting,15.0,10.0,50,50,1.0,0.17809544380337317,0.15222041979082018,0.09319595092116469,0.09092922877521094,0.17926334741370295,0.20100615008407233,0.36667728954178774,0.43627713722784384,-0.007354037270304161,0.014791135768532512,0.016518461232699143,98.63167478984447,4.273298007901758,3.9971499936655164,5.865204957081005,0.17214095383893227,0.22981524635209474
10B_elliptical_r_2_theta_45,10B_elliptical,elliptical_gaussian,ellipticity,2.0,Gaussian Fitting,15.0,10.0,50,50,1.0,0.2145662323023612,0.1615654158763566,0.14700947369904266,0.18927605899893535,0.17839570311958713,0.2600970076754062,0.5103057835539695,0.6631776718644854,0.002995619416353179,-0.005154192670141242,0.005961496269274172,126.66800720569327,7.123240004293621,7.014050032012165,9.218069969210774,0.2126129710666632,0.3080456090203563
10B_elliptical_r_2_theta_45,10B_elliptical,elliptical_gaussian,ellipticity,2.0,Intensity-Weighted Centroid,15.0,10.0,50,50,1.0,0.38739357288387566,0.3666898765835468,0.20140525051981611,0.3119202856548494,0.3055218333371311,0.4366209514541012,0.7807937939082362,1.0824645448696388,0.02908044072308826,0.07799122118252796,0.08323642600563198,211.94021444370176,0.25077599799260497,0.2377499477006495,0.3944049647543579,0.37154831050710185,0.500955864800446
10B_elliptical_r_2_theta_45,10B_elliptical,elliptical_gaussian,ellipticity,2.0,PSF-Aware Fitting,15.0,10.0,50,50,1.0,0.19457678125148856,0.14693489806261045,0.1301473840620894,0.17091345867050228,0.1599595418400576,0.23409072040641557,0.45353106872643567,0.4872436297224075,0.010420745380373546,-0.01487939669958621,0.018165582303527557,113.7348235635874,4.203306008130312,4.165949998423457,5.609009985346346,0.19554999408387802,0.2721763142245613
10C_asymmetric_alpha_0,10C_asymmetric,asymmetric,asymmetry,0.0,Gaussian Fitting,15.0,10.0,50,50,1.0,0.16521299257329947,0.15853649902839193,0.09377557788554904,0.14223195992024545,0.12593355986407861,0.1899715555623888,0.3854250210931898,0.39901785480976965,-0.0067163433507710125,-0.015216872138059898,0.016633173650013686,92.33863117175261,6.010082003194839,5.2555500296875834,8.320969966007397,0.1598910693721842,0.22020149726937974
10C_asymmetric_alpha_0,10C_asymmetric,asymmetric,asymmetry,0.0,Intensity-Weighted Centroid,15.0,10.0,50,50,1.0,0.5218506590993303,0.5073027216281637,0.2632791308489096,0.38122148689632,0.443073570721073,0.5845032173931661,0.8870155197894353,1.3434252422552357,-0.018487122349615675,0.00979519379588396,0.020921747399980314,286.41772147647697,0.2732059941627085,0.2654499839991331,0.3986849857028572,0.5036576972091349,0.6610017660238012
10C_asymmetric_alpha_0,10C_asymmetric,asymmetric,asymmetry,0.0,PSF-Aware Fitting,15.0,10.0,50,50,1.0,0.16143861846000906,0.13231893977506493,0.08990990546605694,0.13593686945337627,0.12516942979181228,0.18478695471053058,0.35981728041596994,0.4024234538423483,-0.0034427601740208047,-0.01150992403164139,0.012013781620704605,89.84428255569843,4.755116004962474,4.4173000496812165,6.549770012497902,0.15530567039962054,0.21494156707895296
10C_asymmetric_alpha_0.1,10C_asymmetric,asymmetric,asymmetry,0.1,Gaussian Fitting,15.0,10.0,50,50,1.0,0.1737289233357895,0.14597990718572032,0.10543306654912585,0.1524498189250697,0.13437605082409027,0.2032187745395711,0.36303822925105694,0.4543950107403998,0.07306163016997345,-0.001122678643741324,0.0730702553056378,98.024473276942,5.459813994821161,5.224600026849657,7.671409950125962,0.1724369715321976,0.2351865232185426
10C_asymmetric_alpha_0.1,10C_asymmetric,asymmetric,asymmetry,0.1,Intensity-Weighted Centroid,15.0,10.0,50,50,1.0,0.4866063568447443,0.424173145579164,0.2597704787430462,0.3736785508359534,0.40574719813357646,0.5516035244159576,0.994081061152798,1.2062153331042313,0.01746217445158493,-0.01469921700667328,0.022825304317508198,270.2459880696495,0.2623980096541345,0.24389999452978373,0.41139498935081065,0.4724197730886793,0.6313725845603438
10C_asymmetric_alpha_0.1,10C_asymmetric,asymmetric,asymmetry,0.1,PSF-Aware Fitting,15.0,10.0,50,50,1.0,0.16317246152064385,0.1729493162378274,0.09280774024250962,0.13278500897671167,0.13269012864068577,0.18771928203471036,0.30201503671980595,0.36653830175944624,-0.013179034537374719,-0.004958754599101099,0.014081058146013813,90.77297977807144,4.501398000866175,4.462249984499067,6.24449998140335,0.1617994459418015,0.21203591083774045
10C_asymmetric_alpha_0.2,10C_asymmetric,asymmetric,asymmetry,0.2,Gaussian Fitting,15.0,10.0,50,50,1.0,0.19564407563121933,0.1904467157004414,0.10994418092250677,0.20529038162671698,0.09066524394646536,0.22441997961036167,0.3939931542243128,0.46907227943630647,0.1582261071885455,-0.005054164614195429,0.158306808369029,108.11569621602919,5.390940003562719,4.906000045593828,7.688214944209903,0.19097798629654675,0.25640517602988616
10C_asymmetric_alpha_0.2,10C_asymmetric,asymmetric,asymmetry,0.2,Intensity-Weighted Centroid,15.0,10.0,50,50,1.0,0.4719849329278314,0.44297330732336004,0.24988819259243267,0.40436042901925767,0.3488646286905054,0.5340541973507954,0.8764620157934931,1.1949026733195343,0.07246754268440668,0.005984204348249591,0.07271420386965612,261.29314621197915,0.24656198685988784,0.2442499971948564,0.3607150050811469,0.4594818964728613,0.6059689380527263
10C_asymmetric_alpha_0.2,10C_asymmetric,asymmetric,asymmetry,0.2,PSF-Aware Fitting,15.0,10.0,50,50,1.0,0.14064110405248462,0.1342275833901641,0.07485320098709622,0.13029683431961145,0.09168236915243924,0.15932018656503144,0.25884992163981735,0.2935265897183268,-0.004010717523711947,-0.004282029121628739,0.005866994840076705,77.41547116277474,4.313168004155159,4.095599928405136,6.001639988971874,0.13898500923833992,0.17788249530064246
10C_asymmetric_alpha_0.3,10C_asymmetric,asymmetric,asymmetry,0.3,Gaussian Fitting,15.0,10.0,50,50,1.0,0.24372407742132984,0.24605223767869805,0.1099694256539517,0.2469725044035355,0.10246600686171015,0.26738492944356157,0.41636022105310094,0.4827592787833464,0.21348943848568694,-0.0005038299922972556,0.21349003299825275,128.31333575061583,5.087088004220277,4.936799989081919,6.481345009524375,0.23868796229603365,0.2973429093630097
10C_asymmetric_alpha_0.3,10C_asymmetric,asymmetric,asymmetry,0.3,Intensity-Weighted Centroid,15.0,10.0,50,50,1.0,0.5075023789578499,0.4985703017886554,0.2270452564824861,0.427593261768386,0.35534802043819985,0.5559750112541704,0.9017259813652325,1.0333337281137605,0.0335479846032132,-0.06959438133943877,0.07725830172192923,271.5347455365798,0.24117400171235204,0.2404499682597816,0.33620999893173575,0.4990320356218937,0.6148621354140337
10C_asymmetric_alpha_0.3,10C_asymmetric,asymmetric,asymmetry,0.3,PSF-Aware Fitting,15.0,10.0,50,50,1.0,0.1434792060528608,0.12505849445656692,0.07080781310688297,0.12360815640663833,0.10159258160067884,0.1600000905204074,0.2595802183084245,0.3379685571839058,-0.009794246568642393,0.0006142942506846793,0.009813491900123398,78.17311385253932,4.375052000395954,4.0707000298425555,6.477534951409324,0.1384375584737816,0.18096208597455749
10D_defocused_sig_0.5px,10D_defocused,defocused,defocus,0.5,Gaussian Fitting,15.0,10.0,50,50,1.0,0.20422059404545967,0.20561682492080144,0.08903890753169233,0.17060536573544957,0.14327521512456776,0.22278684450998826,0.3626363011127653,0.4568113242698669,0.009449525919593497,0.01966969570654271,0.021821788865559442,108.10671617960367,5.1882799924351275,5.022200057283044,6.5829650149680665,0.19684640889847432,0.24737589282814054
10D_defocused_sig_0.5px,10D_defocused,defocused,defocus,0.5,Intensity-Weighted Centroid,15.0,10.0,50,50,1.0,0.5546247816690985,0.5487838178178102,0.2745896059840229,0.45985027888955793,0.4141809039069183,0.6188764821480585,1.010996742198023,1.2646012592418678,0.0431839956289582,-0.09682214313057841,0.10601596520751057,300.6819072925491,0.2542459894903004,0.24230004055425525,0.40414998657070095,0.5403616350634607,0.6957060756815928
10D_defocused_sig_0.5px,10D_defocused,defocused,defocus,0.5,PSF-Aware Fitting,15.0,10.0,50,50,1.0,0.2020575210750365,0.19834329785267002,0.08803485437082618,0.1688928862843998,0.1416070985848033,0.2204027617954943,0.3684303317393609,0.44512111672476184,0.010514307739193214,0.015175275866984066,0.018461843485240777,106.93357300151823,3.6195019935257733,3.5881499643437564,5.054275022121146,0.19452625520351516,0.24492761887416437
10D_defocused_sig_0px,10D_defocused,defocused,defocus,0.0,Gaussian Fitting,15.0,10.0,50,50,1.0,0.19221186032968032,0.18926112332719403,0.09260118179367587,0.14199950788418478,0.15923730053486615,0.21335505178219227,0.3248204570824626,0.4528372132409192,0.020259248033027574,0.003950039303634298,0.02064073500057562,104.37673891416298,5.622711998876184,5.404650059062988,7.904370035976171,0.1876510918627092,0.2403826764405511
10D_defocused_sig_0px,10D_defocused,defocused,defocus,0.0,Intensity-Weighted Centroid,15.0,10.0,50,50,1.0,0.5621725344887096,0.5067262778147988,0.25335646960081315,0.43944396414842823,0.4325696031802999,0.616625866487976,0.9792494243118618,1.158576405595056,-0.04036549910615861,0.07225512754896216,0.08276579592564842,301.34578887999754,0.2494380041025579,0.2407499705441296,0.3476849582511931,0.5420412792963331,0.6859743376953994
10D_defocused_sig_0px,10D_defocused,defocused,defocus,0.0,PSF-Aware Fitting,15.0,10.0,50,50,1.0,0.19122581728330285,0.18191530867912115,0.09491134162820043,0.14258982093306888,0.15888240598507897,0.21348413516074702,0.3346455628039721,0.4561148976646958,0.021526371986623757,0.006160170947061942,0.02239045325587506,104.35166743731916,3.743289995472878,3.4830999793484807,5.231954954797401,0.18613639950404687,0.241433703487926
10D_defocused_sig_1px,10D_defocused,defocused,defocus,1.0,Gaussian Fitting,15.0,10.0,50,50,1.0,0.18995121386193134,0.17660252910825192,0.1027412214947657,0.15131909548678152,0.1540771027210727,0.21595652859281123,0.34799171178423194,0.5224291819721785,0.048057234584460956,0.0022408123452447625,0.04810944850933662,105.23212864096074,5.509835991542786,5.4075499647296965,7.375989964930341,0.18553229656309192,0.24754977025510522
10D_defocused_sig_1px,10D_defocused,defocused,defocus,1.0,Intensity-Weighted Centroid,15.0,10.0,50,50,1.0,0.5005360786784299,0.446383506804402,0.26738186618212834,0.28441308890504224,0.49105867600655373,0.5674763681615447,0.9915315642766598,1.2390890772326235,-0.025336923121631685,0.03128370414912752,0.040257046818682723,278.3822765382463,0.2468740032054484,0.24649995611980557,0.3447950002737343,0.48465315843729073,0.6435212988769118
10D_defocused_sig_1px,10D_defocused,defocused,defocus,1.0,PSF-Aware Fitting,15.0,10.0,50,50,1.0,0.18740947277716433,0.17739447751649134,0.09742785633974708,0.14916678597776875,0.14954520266005067,0.21122144227699302,0.3352806950442188,0.4836195869550642,0.045935661915379455,0.002125272088147199,0.04598479984791388,102.99478811013432,3.79518999485299,3.6619000020436943,5.288415006361901,0.18282527760337905,0.24027657175642902
10D_defocused_sig_2px,10D_defocused,defocused,defocus,2.0,Gaussian Fitting,15.0,10.0,50,50,1.0,0.1900977171804023,0.16548701234838517,0.08945627183476332,0.1501414360654359,0.14695957207335603,0.2100941851831585,0.37481926250359965,0.39662208950145666,-0.014769779663511713,-0.004513239769985375,0.01544395430354745,102.62843911777452,5.573106000665575,5.132050020620227,7.571655005449428,0.18233304152095794,0.23648397813878985
10D_defocused_sig_2px,10D_defocused,defocused,defocus,2.0,Intensity-Weighted Centroid,15.0,10.0,50,50,1.0,0.44547686974583456,0.4323738349321169,0.24172028066321977,0.364243708501507,0.3524270937080777,0.506831663930395,0.8754558890433303,1.0735684618943746,-0.016446826753760888,-0.1418265792559225,0.14277701738621904,249.40332864334286,0.25445601204410195,0.24399999529123306,0.3584150515962392,0.43797593712780514,0.5786179928439584
10D_defocused_sig_2px,10D_defocused,defocused,defocus,2.0,PSF-Aware Fitting,15.0,10.0,50,50,1.0,0.18965133967981163,0.16821329213140387,0.08915900098746814,0.15083731065672235,0.1454821769608844,0.2095637327865455,0.37087210031363654,0.3957141800831656,-0.012223387514898149,-0.0078134295169383,0.014507270010430309,102.33314318862779,3.7188539979979396,3.383799979928881,5.262615001993254,0.18217336365125092,0.2357031582791271
10E_aberrated_astigmatism_w_0.1,10E_aberrated,aberrated,aberration,0.1,Gaussian Fitting,15.0,10.0,50,50,1.0,0.18986006213717016,0.18598381817317255,0.0935460708833335,0.15818170219155012,0.14062808988329295,0.21165469655181232,0.33932892768764056,0.43355156551297874,-0.014903889189671417,-0.0640505136397843,0.0657616469570083,103.69101420305675,5.4103859956376255,5.099250003695488,8.215489966096355,0.18244402012819397,0.23843631157462394
10E_aberrated_astigmatism_w_0.1,10E_aberrated,aberrated,aberration,0.1,Intensity-Weighted Centroid,15.0,10.0,50,50,1.0,0.49527436393895724,0.4744156429977002,0.2332905761332694,0.37432931910367817,0.3994981218317655,0.5474679794177294,0.8628359494814711,1.0047362723795532,0.07073078670281462,0.03417303310730915,0.07855342372775552,268.66145987267896,0.25963999330997467,0.2328499685972929,0.47384501667693224,0.48286607254437997,0.6126432238964372
10E_aberrated_astigmatism_w_0.1,10E_aberrated,aberrated,aberration,0.1,PSF-Aware Fitting,15.0,10.0,50,50,1.0,0.18972786349928727,0.18094890220660098,0.09423974469820927,0.15770080149791696,0.14145051741051515,0.21184379072511864,0.33569055660499486,0.43270027486138707,-0.016685387379762915,-0.0630787331250076,0.06524820859355975,103.7654371112726,4.188380008563399,3.9762500091455877,5.947065015789121,0.18305881102464935,0.2386091369407133
10E_aberrated_coma_w_0,10E_aberrated,aberrated,aberration,0.0,Gaussian Fitting,15.0,10.0,50,50,1.0,0.17498835593281245,0.19268325112353013,0.08189240861681465,0.12607761217289776,0.14639578890771549,0.1932027207394658,0.30684660297923494,0.33757361245054074,-0.002076942409834146,-0.025483951108810743,0.025568446450459675,94.17404374562071,5.542208002880216,5.320199998095632,7.5331700034439555,0.17233727547992556,0.2136820820086621
10E_aberrated_coma_w_0,10E_aberrated,aberrated,aberration,0.0,Intensity-Weighted Centroid,15.0,10.0,50,50,1.0,0.4333089111318349,0.4244627588047649,0.24483010050301043,0.3628817384769751,0.3406100915394299,0.49769306864629986,0.8288016513322498,1.0829298022800429,0.01048450698267004,-0.04069185306554232,0.04202084949852088,243.65839060343546,0.24738600244745612,0.23385003441944718,0.36328497226350004,0.42543164048665494,0.5665570851819035
10E_aberrated_coma_w_0,10E_aberrated,aberrated,aberration,0.0,PSF-Aware Fitting,15.0,10.0,50,50,1.0,0.1754615478943189,0.19024078506394004,0.08214123486902415,0.12791124289769262,0.14550825129746428,0.1937367731105237,0.30736731630290526,0.3302346349263358,-0.0011201258166289563,-0.02221008008211186,0.02223830791896948,94.40052433134717,4.120080003049225,3.9185999194160104,5.705760052660479,0.17303526801015295,0.2138869874218409
10E_aberrated_coma_w_0.05,10E_aberrated,aberrated,aberration,0.05,Gaussian Fitting,15.0,10.0,50,50,1.0,0.23183193795722704,0.22333115432327966,0.12561840548167225,0.23597861112266455,0.11764406634156967,0.26367789299211525,0.4637103493575036,0.5658349656557584,0.17672742330429914,0.009543804198254407,0.17698493254046105,125.57700979274436,5.348046002909541,5.217150028329343,7.3454100580420345,0.22381753883838773,0.30074688059925525
10E_aberrated_coma_w_0.05,10E_aberrated,aberrated,aberration,0.05,Intensity-Weighted Centroid,15.0,10.0,50,50,1.0,0.5872960974058664,0.5918083297773276,0.27122366763557604,0.4888621399649121,0.42366589669547533,0.6468995160872008,0.9638616035932317,1.281678941842756,0.07760288584928958,0.04094832788761721,0.08774379436136596,314.8196087118979,0.24610000662505627,0.22770004579797387,0.36074500530958176,0.5745372975039944,0.7134351809242552
10E_aberrated_coma_w_0.05,10E_aberrated,aberrated,aberration,0.05,PSF-Aware Fitting,15.0,10.0,50,50,1.0,0.1758126519729871,0.16469243487444207,0.09258783916718001,0.15937410953019962,0.1186696665828223,0.19870228120336786,0.34468525027089697,0.3878384507274113,-0.020176868492320067,0.004518673158237334,0.020676663881471616,95.78654356831767,4.013953998219222,3.7334499647840858,5.745140003273264,0.16955624804851785,0.22584535833460812
10E_aberrated_coma_w_0.1,10E_aberrated,aberrated,aberration,0.1,Gaussian Fitting,15.0,10.0,50,50,1.0,0.37059942814464014,0.3857006526262184,0.1477011247949297,0.37633428740499647,0.13240869507020755,0.39894806479894307,0.6091261906015079,0.7356251489521005,0.3441100555712313,0.003082056385617875,0.3441238576687179,191.48193938887144,5.533253997564316,5.02560002496466,8.386635023634879,0.3603037336312535,0.4388135329216091
10E_aberrated_coma_w_0.1,10E_aberrated,aberrated,aberration,0.1,Intensity-Weighted Centroid,15.0,10.0,50,50,1.0,0.510979373698145,0.513542107148743,0.25946914688067774,0.4024954449849597,0.40794800562607786,0.5730830293490945,0.9216918511100871,1.0034463268681713,0.2154417767008698,0.07370521425051776,0.22770071970844136,280.04439203767714,0.24450799217447639,0.23024994879961014,0.3823050530627369,0.5042259310043056,0.6391115687103956
10E_aberrated_coma_w_0.1,10E_aberrated,aberrated,aberration,0.1,PSF-Aware Fitting,15.0,10.0,50,50,1.0,0.17769383203366684,0.16543651149937394,0.0949712717457187,0.1496373841395892,0.13491958222463174,0.20148111673258154,0.3418510514943695,0.41971240144198646,-0.02070742534181477,0.006623075496759725,0.021740804799330948,98.56613228434412,3.9927279949188232,3.7221499951556325,5.562360031763092,0.1729033746871003,0.229475223460331
10E_aberrated_coma_w_0.2,10E_aberrated,aberrated,aberration,0.2,Gaussian Fitting,15.0,10.0,50,50,1.0,0.794325222462285,0.8339908803890477,0.14875859046674691,0.7908562399853344,0.16621698154421802,0.8081346900594057,1.01094004883001,1.0903049646050995,0.7763398885093022,-0.02255524219763515,0.7766674715998023,385.43148958320637,5.719592003151774,5.564599996432662,8.289135008817539,0.7624006428513698,0.8470551387127282
10E_aberrated_coma_w_0.2,10E_aberrated,aberrated,aberration,0.2,Intensity-Weighted Centroid,15.0,10.0,50,50,1.0,0.5880290251353127,0.5571706866978998,0.23277833535286335,0.4823570697706491,0.4090177808525071,0.6324269821973414,0.9211296223283401,1.303456762285882,0.30099927593838116,-0.05614737407831285,0.3061912665823761,306.04449555327267,0.23719600401818752,0.21460000425577164,0.37316498346626753,0.5667041918973197,0.7040646167145405
10E_aberrated_coma_w_0.2,10E_aberrated,aberrated,aberration,0.2,PSF-Aware Fitting,15.0,10.0,50,50,1.0,0.18591028044459168,0.17075174286495803,0.08503969933366506,0.12998733984915609,0.15778996899894138,0.20443674532174222,0.3330673895876386,0.38116703530670376,0.036939284412707704,-0.025810487579001916,0.04506320008597617,99.79353854321344,3.877128001768142,3.62914998549968,5.458485020790249,0.17893819347012394,0.228094078985424
10F_snr_asymmetric_snr_0dB,10F_snr,asymmetric,snr_sweep,0.0,Gaussian Fitting,0.0,10.0,50,50,1.0,1.2669539275874535,1.0899964637726984,1.0050755451131743,1.3321860579620963,0.916858447627129,1.6172041015325862,3.174733389300623,4.946834375029671,0.504584257965069,0.20269449516346755,0.5437741551009319,783.0871449705154,22.542902000714093,12.79799995245412,28.442074928898364,1.2185484881269342,2.0174573944232432
10F_snr_asymmetric_snr_0dB,10F_snr,asymmetric,snr_sweep,0.0,Intensity-Weighted Centroid,0.0,10.0,50,50,1.0,0.6800387885835018,0.6705450088824443,0.3464780685404647,0.48637515611989934,0.5881658044012684,0.7632167490023051,1.2482428249257025,1.4014431257529518,0.07392271925384421,0.003239542210634454,0.07399366902389116,371.8065559621863,0.2537139947526157,0.24449999909847975,0.34896003198809916,0.6696715575119354,0.849187856447121
10F_snr_asymmetric_snr_0dB,10F_snr,asymmetric,snr_sweep,0.0,PSF-Aware Fitting,0.0,10.0,50,50,1.0,0.9742010563995716,0.8748887293934009,0.7123006973919304,0.9246982974039272,0.7754824566509224,1.206830552229712,1.8361210758678828,4.456834774355832,0.016792059506079794,0.1933679310983888,0.1940956723879411,588.80424053936,7.502362001687288,7.082550029736012,12.436130014248189,0.9283686293752642,1.5718643957300065
10F_snr_asymmetric_snr_10dB,10F_snr,asymmetric,snr_sweep,10.0,Gaussian Fitting,10.0,10.0,50,50,1.0,0.32359824372651985,0.3369187975278798,0.15043664055044542,0.3005676060301723,0.19236974909866472,0.35685712289793525,0.5609429593070261,0.6312350215104054,0.1942018303046501,-0.00410933813121062,0.1942453025263487,172.682047740593,6.427802003454417,6.1572499689646065,9.526114998152478,0.3202415425883154,0.39189023117826455
10F_snr_asymmetric_snr_10dB,10F_snr,asymmetric,snr_sweep,10.0,Intensity-Weighted Centroid,10.0,10.0,50,50,1.0,0.6168865532655873,0.5657201929549663,0.301355077179451,0.5471977909419367,0.4146546511616546,0.6865594673017982,1.140233751473336,1.3158810922758153,0.12922791850475676,0.03549608631765409,0.1340142793322503,330.8845889835996,0.2443340071476996,0.24610001128166914,0.32866005785763264,0.5967142399340847,0.7749937127313895
10F_snr_asymmetric_snr_10dB,10F_snr,asymmetric,snr_sweep,10.0,PSF-Aware Fitting,10.0,10.0,50,50,1.0,0.2665882989508039,0.2702763765278221,0.12529402101947326,0.22582706837242825,0.18912971218459035,0.2945639367619725,0.4926014769559641,0.5784804321109012,0.02214627749583258,-0.006813878823409709,0.02317081249206708,142.43968576843196,4.879139990080148,4.480699950363487,7.0979399723000824,0.26119389066072296,0.3314625358731208
10F_snr_asymmetric_snr_15dB,10F_snr,asymmetric,snr_sweep,15.0,Gaussian Fitting,15.0,10.0,50,50,1.0,0.19935258575713163,0.19121540963962025,0.08431108878104233,0.18012800422156988,0.1200154791460394,0.21644817656773946,0.326747282154709,0.3988586011606175,0.14577320924411766,0.010874624602228095,0.14617826785664378,104.9766033414996,5.157386003993452,4.919200029689819,7.0922449696809045,0.19309320859444717,0.23928213531786294
10F_snr_asymmetric_snr_15dB,10F_snr,asymmetric,snr_sweep,15.0,Intensity-Weighted Centroid,15.0,10.0,50,50,1.0,0.5139929017597527,0.4979103319139293,0.26277850724672447,0.3929172076963889,0.42291525726355667,0.5772705145165719,0.9624237317355878,1.0758606015848784,0.1168316172036998,0.08459678684383391,0.14424369352846217,280.2045429567557,0.24084801087155938,0.2404500264674425,0.3276499861385673,0.5032249948741959,0.6466479906203113
10F_snr_asymmetric_snr_15dB,10F_snr,asymmetric,snr_sweep,15.0,PSF-Aware Fitting,15.0,10.0,50,50,1.0,0.14121225579067515,0.13480376655170928,0.07234321917421394,0.10488784698748836,0.11905033431414061,0.15866455982978497,0.2657399401598166,0.312158108383482,-0.019317820131886945,0.012014670224848487,0.022749296148667927,77.60954098726333,4.55829800805077,4.254649975337088,6.504884985042735,0.1383276671415014,0.17743523607351158
10F_snr_asymmetric_snr_20dB,10F_snr,asymmetric,snr_sweep,20.0,Gaussian Fitting,20.0,10.0,50,50,1.0,0.17320709766505726,0.174316979492314,0.0651291569976043,0.17466612391993244,0.061108517635089586,0.18504730685090032,0.27763621430908314,0.2956602313939513,0.16102441567029074,0.011273318560556618,0.16141855578999076,88.49653656164205,4.638512008823454,4.39954997273162,6.864794954890385,0.167754582579239,0.2025751683979229
10F_snr_asymmetric_snr_20dB,10F_snr,asymmetric,snr_sweep,20.0,Intensity-Weighted Centroid,20.0,10.0,50,50,1.0,0.39225522903554905,0.34032628444958346,0.21056018152038117,0.34120365517183004,0.28597171266579813,0.44519631034817314,0.783777406397342,0.9960550288282745,0.03912669118078327,-0.067764354574702,0.07824899816408078,214.29999464946056,0.24404799100011587,0.2303500077687204,0.3334099776111543,0.37928196501720823,0.5097144137871483
10F_snr_asymmetric_snr_20dB,10F_snr,asymmetric,snr_sweep,20.0,PSF-Aware Fitting,20.0,10.0,50,50,1.0,0.08230850877289143,0.08061052347508699,0.03805365341149064,0.06690816968548832,0.06120513037088395,0.09067949687982946,0.14992132203973293,0.16748263684348932,-0.00023730361339517004,0.011302864120499976,0.011305354940532211,43.98392041195528,4.1965979966335,3.812749986536801,5.878515006043017,0.07981042423881551,0.10103583536915144
10F_snr_asymmetric_snr_25dB,10F_snr,asymmetric,snr_sweep,25.0,Gaussian Fitting,25.0,10.0,50,50,1.0,0.16793836244335084,0.16846212594450813,0.03655532833695643,0.16878944469922297,0.032399212461183394,0.1718708399059507,0.21890140555180315,0.26328913316992214,0.16469953903549026,0.0021414837112695294,0.1647134606247729,83.04192911424575,4.672635996248573,4.506650031544268,6.757639982970431,0.16180409302967613,0.18161104032934838
10F_snr_asymmetric_snr_25dB,10F_snr,asymmetric,snr_sweep,25.0,Intensity-Weighted Centroid,25.0,10.0,50,50,1.0,0.2834523300245449,0.26242603665192643,0.15681351625044215,0.2306555921492738,0.22745043434875878,0.3239378061837969,0.5783502089846191,0.631981468090659,0.12852767311483831,0.04072342225198383,0.13482492305292856,158.236509740048,0.2425059862434864,0.23245002375915647,0.35564501886256034,0.2799530885787286,0.3663890979578227
10F_snr_asymmetric_snr_25dB,10F_snr,asymmetric,snr_sweep,25.0,PSF-Aware Fitting,25.0,10.0,50,50,1.0,0.044257630612800795,0.04340420912804441,0.021710221133987982,0.03715668943845675,0.03239524655130529,0.049295756096704516,0.08406270787409353,0.10206816939241489,0.003807769375935095,0.0022060078531472983,0.004400633848487817,24.137266354246343,4.114994001574814,3.87075002072379,5.979800008935854,0.04269664672700281,0.055854037010724375
10F_snr_asymmetric_snr_30dB,10F_snr,asymmetric,snr_sweep,30.0,Gaussian Fitting,30.0,10.0,50,50,1.0,0.16791739912207362,0.16732239383686925,0.020197028744297577,0.16793773192969075,0.020027258732314524,0.16912768223451696,0.20308954401776821,0.20446652838473234,0.16670105121568782,-0.003686030045890334,0.16674179828079874,80.79437058249482,4.567829992156476,4.413250018842518,6.334040046203881,0.1633797080195119,0.17485427902409886
10F_snr_asymmetric_snr_30dB,10F_snr,asymmetric,snr_sweep,30.0,Intensity-Weighted Centroid,30.0,10.0,50,50,1.0,0.21497846240818333,0.20230714304691907,0.10291718216757097,0.18638546235588696,0.14855350923852967,0.23834362941916376,0.4092528218517132,0.48068969398619515,0.10401020152875504,-0.01846864419543067,0.10563717546616651,114.29248408384365,0.2454439946450293,0.24495000252500176,0.3355399938300252,0.20781922631117283,0.26853562204550635
10F_snr_asymmetric_snr_30dB,10F_snr,asymmetric,snr_sweep,30.0,PSF-Aware Fitting,30.0,10.0,50,50,1.0,0.026091752503527417,0.026056921733247924,0.012673995851509558,0.021031491562580513,0.01997713898941777,0.029007063269993586,0.04619255825522706,0.05146474916916284,0.005729343526624575,-0.0036723492835733394,0.006805257269687645,14.102882041490984,3.7683320022188127,3.6122999736107886,5.252035049488768,0.02539425561185894,0.03219179670051612
10F_snr_asymmetric_snr_3dB,10F_snr,asymmetric,snr_sweep,3.0,Gaussian Fitting,3.0,10.0,50,50,1.0,0.6622913868877233,0.6468275578858245,0.3899589327883362,0.5823174625765962,0.50160165787748,0.7685687024639255,1.239064793019729,1.993863840975651,0.13777420462260126,0.006725216494195933,0.13793824703933355,374.5260657708952,11.91110999090597,10.432699986267835,22.965600009774786,0.6324867612044395,0.9014757948750202
10F_snr_asymmetric_snr_3dB,10F_snr,asymmetric,snr_sweep,3.0,Intensity-Weighted Centroid,3.0,10.0,50,50,1.0,0.6399778228086944,0.6068420534239746,0.3448634583957942,0.5325645346407608,0.4948509220629322,0.7269817182183225,1.2657072550262116,1.7736296248555783,0.04845060612819111,-0.04151709496434194,0.06380541049524951,354.4428869663639,0.24994999868795276,0.24459999985992908,0.341629987815395,0.6204699666561438,0.8331015320444063
10F_snr_asymmetric_snr_3dB,10F_snr,asymmetric,snr_sweep,3.0,PSF-Aware Fitting,3.0,10.0,50,50,1.0,0.6232857061467765,0.6137550514210307,0.3235454273096704,0.533103363356095,0.45712965228510655,0.7022582965119623,1.1096666438189595,1.5483861525716418,0.004944895481071398,0.0436106556116124,0.043890104513356766,342.27861253443865,5.61219000024721,5.746549984905869,7.970364938955753,0.6084614242996734,0.7965035404915206
10F_snr_asymmetric_snr_5dB,10F_snr,asymmetric,snr_sweep,5.0,Gaussian Fitting,5.0,10.0,50,50,1.0,0.6942730820436144,0.5736273759495258,0.6367551845679238,0.8231261715794275,0.45818727959805333,0.9420574703936432,1.1691302597795201,4.631692301146358,0.33887124295358717,-0.025683964690943525,0.33984317757335475,450.6618770142947,8.73011399526149,8.33174999570474,14.758805028395726,0.6214077438445207,1.3554275615496212
10F_snr_asymmetric_snr_5dB,10F_snr,asymmetric,snr_sweep,5.0,Intensity-Weighted Centroid,5.0,10.0,50,50,1.0,0.6915650849104228,0.6563553654650165,0.39421747093125975,0.5283437800281715,0.5954179466224895,0.7960337185412428,1.3567297576844641,1.6523005585778803,-0.017171265041224616,-0.02815494145311959,0.03297806955151521,386.56091236472076,0.26327198604121804,0.24944997858256102,0.3927450161427259,0.6820292327292865,0.9088250031143127
10F_snr_asymmetric_snr_5dB,10F_snr,asymmetric,snr_sweep,5.0,PSF-Aware Fitting,5.0,10.0,50,50,1.0,0.5558497614609095,0.5754966865559914,0.2961407026486363,0.44993889673522286,0.4407076834888048,0.6298160628956505,1.0105381916592262,1.23386067555373,0.06703338743867562,-0.026673389088022078,0.07214530280582798,304.9976091784439,5.264040005858988,5.183500004932284,8.351765014231203,0.545715895669223,0.7059647983836271
10F_snr_asymmetric_snr_7dB,10F_snr,asymmetric,snr_sweep,7.0,Gaussian Fitting,7.0,10.0,50,50,1.0,0.47894204397761114,0.45890071918350084,0.2990635479443742,0.4404822392659485,0.353270270599982,0.564645452650182,1.031805630668468,1.3018746899221694,0.2550367382233901,-0.03909582185108206,0.2580159319302542,276.13110420449954,7.9275580029934645,7.477400009520352,12.251429999014361,0.4764985831060327,0.6594153449043485
10F_snr_asymmetric_snr_7dB,10F_snr,asymmetric,snr_sweep,7.0,Intensity-Weighted Centroid,7.0,10.0,50,50,1.0,0.6626655838450181,0.6248762605021343,0.3302284430746115,0.4822291765253218,0.5618109307728452,0.7403894249840017,1.2345027835063442,1.425835958372982,-0.019851824351856066,-0.04269683864124261,0.04708625022289685,362.33614992253604,0.247055992949754,0.24499994469806552,0.35610002232715476,0.645738913050913,0.8263540897371024
10F_snr_asymmetric_snr_7dB,10F_snr,asymmetric,snr_sweep,7.0,PSF-Aware Fitting,7.0,10.0,50,50,1.0,0.3932299811673072,0.38046550017340974,0.22688070657300063,0.3215874584039666,0.32044684379968835,0.45398752527344266,0.8266937520872659,0.945255562184025,0.08528509779937395,-0.05718999670024402,0.10268516752298114,221.75797792104163,4.973007992375642,4.85520000802353,7.094534969655797,0.38695967654451785,0.5243682728187758
10F_snr_defocused_snr_0dB,10F_snr,defocused,snr_sweep,0.0,Gaussian Fitting,0.0,10.0,50,50,1.0,1.277250342650405,0.9766938036593698,0.7925344549277156,1.0634873200180845,1.062296578272236,1.503156445633038,2.796681695922858,3.4474816133410546,0.0928800695584465,0.06459966040070868,0.11313630471722484,732.2968200921342,23.38170600356534,13.882100000046194,41.143410053336986,1.2638118425531402,1.7494012576575904
10F_snr_defocused_snr_0dB,10F_snr,defocused,snr_sweep,0.0,Intensity-Weighted Centroid,0.0,10.0,50,50,1.0,0.6879557574005954,0.7138563242277399,0.30980561774392756,0.514805370944179,0.5515778050042892,0.7544949601729115,1.2268937482095272,1.3903777507977313,-0.024060078404737055,0.10416927485001963,0.10691176359793633,367.94123413234416,0.2544939913786948,0.24765002308413386,0.3515849995892495,0.6660184444860351,0.8446763446633199
10F_snr_defocused_snr_0dB,10F_snr,defocused,snr_sweep,0.0,PSF-Aware Fitting,0.0,10.0,50,50,1.0,1.1310674032931893,0.9126498736596006,0.6634775408747577,0.9677816948237628,0.8848245640812981,1.3113031373552089,2.4243434627576486,2.9713857673486803,0.07911303595487937,0.09062215474990865,0.12029649782730346,639.7055086747812,6.063241995871067,5.006999941542745,9.581784991314633,1.110617086005323,1.5168617191257683
10F_snr_defocused_snr_10dB,10F_snr,defocused,snr_sweep,10.0,Gaussian Fitting,10.0,10.0,50,50,1.0,0.3561156270384744,0.34071611251503797,0.17910590850513738,0.3049470246043941,0.25671887049335407,0.39861919959085823,0.693664527591492,0.7596569139408823,-0.011606369532060512,-0.0815546344638426,0.082376369282979,192.3502418330433,6.565283993259072,6.253300001844764,9.729070035973564,0.346522321375842,0.44899896839141124
10F_snr_defocused_snr_10dB,10F_snr,defocused,snr_sweep,10.0,Intensity-Weighted Centroid,10.0,10.0,50,50,1.0,0.6400153463362614,0.5912901303785043,0.3201046116770071,0.525431859396104,0.4858065119925475,0.7156022679972531,1.239774907006699,1.501842262242086,0.01782934576503351,-0.06711908156285971,0.06944679028040772,346.8625845359581,0.24583201156929135,0.22725004237145185,0.3361600509379059,0.6207500586928253,0.8144804492580103
10F_snr_defocused_snr_10dB,10F_snr,defocused,snr_sweep,10.0,PSF-Aware Fitting,10.0,10.0,50,50,1.0,0.3428273327228274,0.31958584099173976,0.16408920010921793,0.29371259654669557,0.2412234571598068,0.38007347402092023,0.6750556186528697,0.710504216996959,-0.01695343748548339,-0.0777062367649205,0.0795341327653736,183.30871460029508,4.03093800181523,3.7889499799348414,5.686989985406399,0.3304507377712322,0.4278688292186699
10F_snr_defocused_snr_15dB,10F_snr,defocused,snr_sweep,15.0,Gaussian Fitting,15.0,10.0,50,50,1.0,0.17236456041139292,0.16692938710427316,0.09097451992083443,0.11334860330943881,0.15854967388310356,0.1948997305299292,0.3442930602864104,0.49095373917985774,0.025397572221730797,-0.009361172555763915,0.027067844878689906,95.58883078125697,5.493633993901312,5.4552999790757895,7.61610995978117,0.16422611517706664,0.22630351456195347
10F_snr_defocused_snr_15dB,10F_snr,defocused,snr_sweep,15.0,Intensity-Weighted Centroid,15.0,10.0,50,50,1.0,0.558897806458021,0.5468285390882492,0.25772109242372576,0.4113970774677139,0.45775469871394,0.6154566756024881,0.950727860075333,1.2596600987761046,-0.1751119572028017,-0.030950287119298422,0.1778260887163716,301.695919031985,0.2600799920037389,0.2485500299371779,0.3742549917660653,0.5419048801792591,0.684285069339186
10F_snr_defocused_snr_15dB,10F_snr,defocused,snr_sweep,15.0,PSF-Aware Fitting,15.0,10.0,50,50,1.0,0.1697137962186914,0.16492974708087144,0.08839949615394678,0.11217656710992868,0.1550279372844225,0.19135632612284123,0.3376016951762548,0.46524199749667744,0.025410358407930288,-0.011585844149399805,0.027927013787257225,93.81682562091235,3.692216002382338,3.4876999561674893,5.00157504575327,0.16223283680626352,0.22112775706317542
10F_snr_defocused_snr_20dB,10F_snr,defocused,snr_sweep,20.0,Gaussian Fitting,20.0,10.0,50,50,1.0,0.09054371999831667,0.07112654598642826,0.05416267214566013,0.07433942499745501,0.07486928726881002,0.10550715750645469,0.20329418458810428,0.2223181345061827,-0.013027804592176721,0.019207442764741244,0.02320882483135998,51.088926217502134,4.865488009527326,4.597000021021813,6.511850020615384,0.08943183556822105,0.12154833335770494
10F_snr_defocused_snr_20dB,10F_snr,defocused,snr_sweep,20.0,Intensity-Weighted Centroid,20.0,10.0,50,50,1.0,0.38342102455191684,0.3476555323586885,0.17793906311700688,0.2718011389710441,0.32372539768365866,0.4226984649267132,0.7476775549989761,0.9574896824474675,-0.010260491072232867,-0.02069131728438265,0.023095633526845773,206.02872017039823,0.2494319947436452,0.24159997701644897,0.35557496594265103,0.3672164457026603,0.4799176527854392
10F_snr_defocused_snr_20dB,10F_snr,defocused,snr_sweep,20.0,PSF-Aware Fitting,20.0,10.0,50,50,1.0,0.09047822427140163,0.07287953671109189,0.054374979802671836,0.07453896461017814,0.07474550321383638,0.10556016055239315,0.20356410562704233,0.22439160448605727,-0.01490372471856574,0.019495420536696884,0.024539609458780108,51.10090526170054,3.422695999033749,3.208499983884394,4.805970017332584,0.08917949973802641,0.12162651455874947
10F_snr_defocused_snr_25dB,10F_snr,defocused,snr_sweep,25.0,Gaussian Fitting,25.0,10.0,50,50,1.0,0.05344473684315601,0.05158641689572825,0.02944393884017165,0.04142228125921648,0.04480491095784401,0.06101873016261455,0.10862662978935102,0.11907740866795219,-0.005672291784805452,0.00244874121106875,0.006178286786056299,29.554504291492307,4.644482000730932,4.25530003849417,7.099669968010857,0.052687203585876675,0.06943051179078302
10F_snr_defocused_snr_25dB,10F_snr,defocused,snr_sweep,25.0,Intensity-Weighted Centroid,25.0,10.0,50,50,1.0,0.2695956330699006,0.2670670463037337,0.13837977237200033,0.23053014970466348,0.19668913759847675,0.30303591663709945,0.49447128728350487,0.7647023163498882,0.04914471571929994,-0.005594212031163579,0.04946208943605619,145.77255725944616,0.24293399648740888,0.23165001766756177,0.3658899920992553,0.25976202440074714,0.34928822294074324
10F_snr_defocused_snr_25dB,10F_snr,defocused,snr_sweep,25.0,PSF-Aware Fitting,25.0,10.0,50,50,1.0,0.05338486776453018,0.05124059368048878,0.029421086441739266,0.041348093219538584,0.04478704746639385,0.060955265840193555,0.10903371449510636,0.11909392941313304,-0.005723314658759478,0.00248245379958405,0.006238502027749963,29.525710743548334,3.2861820072866976,2.9480999801307917,4.570805036928505,0.052625130896270626,0.06934387934014706
10F_snr_defocused_snr_30dB,10F_snr,defocused,snr_sweep,30.0,Gaussian Fitting,30.0,10.0,50,50,1.0,0.03160202958221572,0.03162688285760634,0.01672299487243206,0.026090471470216803,0.02444655660170628,0.03575397643925254,0.06511510846966129,0.07519001424864985,0.0038536063138758436,0.0035127243797887786,0.005214356546181536,17.512838429582054,4.731984003446996,4.498150025028735,6.624874990666284,0.030825183997332573,0.04068231465398989
10F_snr_defocused_snr_30dB,10F_snr,defocused,snr_sweep,30.0,Intensity-Weighted Centroid,30.0,10.0,50,50,1.0,0.16079655562928796,0.15640077361767485,0.08723665156437829,0.128575731007202,0.13013088439863568,0.18293650723244784,0.3368061835429373,0.41158959684230867,0.025314689645890665,0.045691160361818105,0.05223519548232917,89.34595115762735,0.24822799488902092,0.23764994693920016,0.34758003312163055,0.15542387303012634,0.20914530607906864
10F_snr_defocused_snr_30dB,10F_snr,defocused,snr_sweep,30.0,PSF-Aware Fitting,30.0,10.0,50,50,1.0,0.03157646876159788,0.03186774726707205,0.0166924581467379,0.026008762883433043,0.024479701626166084,0.035717104283980845,0.06439312303146136,0.07582774606354599,0.0037347649778121193,0.003654623905124481,0.0052253942748274294,17.49343160773989,3.333907995838672,3.014700021594763,4.642575001344085,0.030792852679846838,0.04065164137130876
10F_snr_defocused_snr_3dB,10F_snr,defocused,snr_sweep,3.0,Gaussian Fitting,3.0,10.0,50,50,1.0,1.0736100107808055,0.8880940202339936,0.7816967032229755,0.9502119959452362,0.927785187336056,1.3280392279893054,2.3762600085289622,4.610888946093506,-0.16456142625144252,0.04469908335909736,0.17052410698506087,651.8331655438591,12.111892004031688,10.851950035430491,23.23019502218812,1.0210021828403282,1.6619643355240485
10F_snr_defocused_snr_3dB,10F_snr,defocused,snr_sweep,3.0,Intensity-Weighted Centroid,3.0,10.0,50,50,1.0,0.6636592023408535,0.6802394769293364,0.3018265404395131,0.4733625142682077,0.554500430523786,0.7290698165233445,1.1299265288998441,1.1682226448332058,-0.015098273887104482,-0.044323992390583274,0.04682493113513895,356.4138967370764,0.2608959865756333,0.24759996449574828,0.37406499031931156,0.6521368400914829,0.8042646155030725
10F_snr_defocused_snr_3dB,10F_snr,defocused,snr_sweep,3.0,PSF-Aware Fitting,3.0,10.0,50,50,1.0,0.812426843082684,0.789207946218953,0.4366876263843871,0.6867977192295474,0.6156641546002314,0.9223521336227968,1.5278107315801857,2.3266785553705063,-0.0381374790726926,0.06410067992744757,0.07458796469391792,452.566471433666,5.053317996207625,4.775700042955577,7.470744987949729,0.77713836320459,1.0650572811599155
10F_snr_defocused_snr_5dB,10F_snr,defocused,snr_sweep,5.0,Gaussian Fitting,5.0,10.0,50,50,1.0,0.6794675162140377,0.5543509830325831,0.4565668718344465,0.5536100787179074,0.603030094430384,0.8186143255812016,1.5543700078931966,2.0396890048702523,0.037910762229491864,0.030151916325878006,0.04843928107377127,402.0577298440011,10.40630801115185,9.227550006471574,18.57826499035582,0.664800044558969,0.9623199947238228
10F_snr_defocused_snr_5dB,10F_snr,defocused,snr_sweep,5.0,Intensity-Weighted Centroid,5.0,10.0,50,50,1.0,0.7439119854882792,0.7552561846789457,0.3332241298577589,0.576306047116669,0.5764674344048706,0.8151339539441196,1.2712049376737624,1.4860245310689137,0.007564443018712268,0.046875370719368446,0.047481798389083466,399.05751725670314,0.2510579931549728,0.24690001737326384,0.3494399832561612,0.722538512560187,0.9008633128828138
10F_snr_defocused_snr_5dB,10F_snr,defocused,snr_sweep,5.0,PSF-Aware Fitting,5.0,10.0,50,50,1.0,0.6298069564772255,0.5487524074827739,0.42360061199153803,0.5213264368136256,0.5516457442833402,0.759008748899979,1.5072338474141411,1.874584163287548,0.03508798554377961,0.024265502292469137,0.04266123921109549,372.25162836154794,4.32768200756982,3.965599986258894,6.549090048065408,0.6177213066975882,0.8864945013517433
10F_snr_defocused_snr_7dB,10F_snr,defocused,snr_sweep,7.0,Gaussian Fitting,7.0,10.0,50,50,1.0,0.5250234777759109,0.47731185252460606,0.24779120769243787,0.41704045923317185,0.4038903195029244,0.5805601905277258,0.941939246826575,1.1739073700486304,0.08238190474490978,0.0051046059350437645,0.082539900842874,282.4760838637517,8.262454010546207,7.399000052828342,11.20893503539264,0.5068202303776363,0.6544167513676928
10F_snr_defocused_snr_7dB,10F_snr,defocused,snr_sweep,7.0,Intensity-Weighted Centroid,7.0,10.0,50,50,1.0,0.5241273618393717,0.4650080804203105,0.3032182577246964,0.42421928382234053,0.432074996360077,0.6055169718895581,1.0659792871840705,1.3417058695247515,0.05925050962557123,0.007817479153422369,0.059764001465799646,295.8810990931595,0.2511679963208735,0.24580000899732113,0.35916005726903677,0.5141351617167841,0.6950168908136626
10F_snr_defocused_snr_7dB,10F_snr,defocused,snr_sweep,7.0,PSF-Aware Fitting,7.0,10.0,50,50,1.0,0.5047906309488307,0.49221377778572295,0.22832228118869366,0.3942728271647829,0.38922176575882383,0.5540258524481755,0.8276960098197691,1.1457882759373297,0.057668989583410164,0.019822341374231202,0.06098063280360436,270.03183934648814,4.317029998637736,4.134049988351762,6.219040014548227,0.48564849059172505,0.6226718124941337
10F_snr_elliptical_gaussian_snr_0dB,10F_snr,elliptical_gaussian,snr_sweep,0.0,Gaussian Fitting,0.0,10.0,50,50,1.0,1.4801728818933242,0.996398272859546,1.136186085580836,1.0864134760981206,1.517081520654803,1.8659663934165298,3.780550853237277,5.968754647940957,0.08053651353723466,-0.4175659555372693,0.42526163386377325,911.3383831962674,13.456414008978754,12.907500029541552,24.359710013959557,1.4281778735228419,2.2918419287625693
10F_snr_elliptical_gaussian_snr_0dB,10F_snr,elliptical_gaussian,snr_sweep,0.0,Intensity-Weighted Centroid,0.0,10.0,50,50,1.0,0.7051398961261276,0.687830956076422,0.3155406016198152,0.5785679449572529,0.5119055356677656,0.7725206433354134,1.293617417208784,1.417408679732471,-0.1253531523147609,0.019098953171925927,0.12679977447736676,378.04002830260765,0.24138799170032144,0.22039993200451136,0.35276999697089184,0.6841478110922157,0.8541094289244952
10F_snr_elliptical_gaussian_snr_0dB,10F_snr,elliptical_gaussian,snr_sweep,0.0,PSF-Aware Fitting,0.0,10.0,50,50,1.0,1.38062063171061,0.9093963667851044,1.3002755741065763,0.9804725332335338,1.6234233917551535,1.89653101670476,4.0125079713163565,6.766945255839909,-0.10516352167127138,-0.5345601446840698,0.5448063092282959,932.3688968247105,7.166004003956914,6.359299994073808,12.806544953491535,1.2932444844991522,2.459932325988186
10F_snr_elliptical_gaussian_snr_10dB,10F_snr,elliptical_gaussian,snr_sweep,10.0,Gaussian Fitting,10.0,10.0,50,50,1.0,0.35728227135624413,0.3234201998740376,0.22025857946117025,0.2031427807219757,0.3672839145569444,0.4197195054458746,0.7413810380032485,1.1563762980914596,0.003850815542173791,-0.012624494902714218,0.013198736753511848,206.41131395327758,6.651607993990183,6.16929994430393,9.528965008212253,0.34181793390841825,0.4944223229290191
10F_snr_elliptical_gaussian_snr_10dB,10F_snr,elliptical_gaussian,snr_sweep,10.0,Intensity-Weighted Centroid,10.0,10.0,50,50,1.0,0.6171620850339592,0.5483823762702291,0.32654944016365006,0.4399513712170329,0.5421866533205236,0.6982288851620628,1.1440633191494136,1.5908495584349696,-0.0502709942396649,0.027353821209309216,0.05723114883169196,339.3935914943528,0.2281979937106371,0.2097499673254788,0.32125000143423676,0.6018418278044354,0.7918697560309153
10F_snr_elliptical_gaussian_snr_10dB,10F_snr,elliptical_gaussian,snr_sweep,10.0,PSF-Aware Fitting,10.0,10.0,50,50,1.0,0.3352552681362624,0.3259694694202737,0.22178149080839335,0.1819529502349942,0.35843583579086,0.4019740345822236,0.7199101975896004,1.126843107531958,0.010026775804166164,-0.019597956667569746,0.022013998695624416,197.86974087078679,4.581877996679395,4.146099963691086,6.758679950144142,0.3229501967940749,0.4767221639678261
10F_snr_elliptical_gaussian_snr_15dB,10F_snr,elliptical_gaussian,snr_sweep,15.0,Gaussian Fitting,15.0,10.0,50,50,1.0,0.17602797362806946,0.167778372657217,0.09244383025907969,0.11293259465121205,0.1636396599786216,0.19882582642245916,0.3361491488127359,0.4577149034992683,0.0107034867719085,-0.03867784875707343,0.040131541380209496,96.94030276409264,5.474077998660505,5.021449993364513,8.042125008068979,0.17011198595630428,0.22782050253631644
10F_snr_elliptical_gaussian_snr_15dB,10F_snr,elliptical_gaussian,snr_sweep,15.0,Intensity-Weighted Centroid,15.0,10.0,50,50,1.0,0.5255331639478024,0.4875293961373315,0.26505388576554917,0.399409824072886,0.43233142518497397,0.588590408321784,0.9646582348008501,1.2758887541285093,-0.06034543885020639,-0.029844226722421468,0.06732198644338486,286.3248015469961,0.24053400149568915,0.22854999406263232,0.3126149356830865,0.5111886763949205,0.6672600261640272
10F_snr_elliptical_gaussian_snr_15dB,10F_snr,elliptical_gaussian,snr_sweep,15.0,PSF-Aware Fitting,15.0,10.0,50,50,1.0,0.17969263062982993,0.1729365936988834,0.090774485710766,0.11278563475157279,0.16675985533816995,0.20131927070879865,0.34438126272062025,0.4416508885603946,0.012776175251358381,-0.03964204628565199,0.04164999985314762,98.16716931509092,4.029697990044951,3.5768499365076423,6.280914915259927,0.17348179777861136,0.22856005183392045
10F_snr_elliptical_gaussian_snr_20dB,10F_snr,elliptical_gaussian,snr_sweep,20.0,Gaussian Fitting,20.0,10.0,50,50,1.0,0.09471206887109217,0.08662601273599516,0.05778533876869704,0.057314228597616236,0.09499789769629524,0.11094828239524751,0.18969155049236672,0.2575433634452735,-0.0039824809760011706,-0.005031310615792677,0.006416715767181785,54.459449492200505,5.214617990422994,4.9359499826096,7.4397049844264975,0.09321758330040418,0.12913298068580056
10F_snr_elliptical_gaussian_snr_20dB,10F_snr,elliptical_gaussian,snr_sweep,20.0,Intensity-Weighted Centroid,20.0,10.0,50,50,1.0,0.3695651821899165,0.36805263184057524,0.1724289646077838,0.278943474121287,0.2974906888760142,0.40781144138287556,0.6314132874709699,0.7412541929887345,0.07169464582257717,-0.053230111420934915,0.0892948318857812,199.13347807880774,0.2591899991966784,0.2475499059073627,0.36756500485353166,0.36198634674445046,0.45090294610346376
10F_snr_elliptical_gaussian_snr_20dB,10F_snr,elliptical_gaussian,snr_sweep,20.0,PSF-Aware Fitting,20.0,10.0,50,50,1.0,0.09511883611055529,0.0854585220590565,0.05783507150850917,0.05731091852446987,0.09543556515944472,0.11132155442420415,0.18934158502802084,0.2568464742947473,-0.004546227898180746,-0.005479729322904632,0.007120085782804711,54.63937392326999,4.098388005513698,4.037249949760735,6.000505038537083,0.09347572609198225,0.12968619006783594
10F_snr_elliptical_gaussian_snr_25dB,10F_snr,elliptical_gaussian,snr_sweep,25.0,Gaussian Fitting,25.0,10.0,50,50,1.0,0.06564671042101955,0.060978992786361985,0.03257127325354527,0.03222831359693417,0.06581575976281044,0.07328286587230544,0.12293985400508228,0.167362515117408,0.0012918057192626974,0.009452021942709053,0.009539888931312211,36.17800401193158,5.212671996559948,5.181799991987646,7.080945005873218,0.06302200841214087,0.0835378831929062
10F_snr_elliptical_gaussian_snr_25dB,10F_snr,elliptical_gaussian,snr_sweep,25.0,Intensity-Weighted Centroid,25.0,10.0,50,50,1.0,0.24714184883725335,0.2575281668304285,0.11962854717047745,0.1826104186227662,0.20504516028239483,0.2745725455044894,0.4239875779135707,0.5757543957325539,-0.02873418850576172,0.039974276563032166,0.04923003530186051,134.21768866044334,0.2822819910943508,0.2711499691940844,0.4128699365537613,0.23968640795878177,0.309421030212078
10F_snr_elliptical_gaussian_snr_25dB,10F_snr,elliptical_gaussian,snr_sweep,25.0,PSF-Aware Fitting,25.0,10.0,50,50,1.0,0.06556551389582038,0.060814923220957356,0.03241699880651437,0.032304587471500355,0.06562097265616193,0.07314163263179575,0.12270498867202952,0.16904988339098934,0.0013738852791544786,0.009774142174787812,0.009870228772082398,36.10473468227811,3.8719039992429316,3.7297000526450574,5.296420067315921,0.06290837700575208,0.0834394668374666
10F_snr_elliptical_gaussian_snr_30dB,10F_snr,elliptical_gaussian,snr_sweep,30.0,Gaussian Fitting,30.0,10.0,50,50,1.0,0.03407138077225358,0.03206987781754829,0.019847780871678225,0.019987326654421118,0.033989706772308496,0.0394308685328899,0.07126675110812948,0.08412346348520292,-0.0014763264550316534,0.0006633854381823312,0.0016185240317705177,19.335244318677635,5.072655992116779,4.758400027640164,7.003955001709983,0.033350560416393685,0.045064321537521636
10F_snr_elliptical_gaussian_snr_30dB,10F_snr,elliptical_gaussian,snr_sweep,30.0,Intensity-Weighted Centroid,30.0,10.0,50,50,1.0,0.16755629425690702,0.1631984240076627,0.07636289199646885,0.11706883152758021,0.14213124816147438,0.184136913787463,0.31009835322351387,0.3341652198076947,-0.007534159337291726,-0.017947465644503495,0.019464713714317336,90.18487751228204,0.24996798485517502,0.24164997739717364,0.33425997244194144,0.1613548237094687,0.2055688354272574
10F_snr_elliptical_gaussian_snr_30dB,10F_snr,elliptical_gaussian,snr_sweep,30.0,PSF-Aware Fitting,30.0,10.0,50,50,1.0,0.034103590026747684,0.03211959131298007,0.019783702903788964,0.020039390011994798,0.033953977694005676,0.03942651079283927,0.0711525766743088,0.08447979365107568,-0.0014383190402287483,0.0007225722910311561,0.0016096187055481684,19.33186090851601,3.804006001446396,3.5496000200510025,5.275150056695566,0.03336346166811437,0.04508994234387664
10F_snr_elliptical_gaussian_snr_3dB,10F_snr,elliptical_gaussian,snr_sweep,3.0,Gaussian Fitting,3.0,10.0,50,50,1.0,0.9069967231967763,0.83598877944429,0.5378539916683868,0.5972417459453436,0.869041005444199,1.0544809017916383,1.7870620762249472,2.6535962031948155,0.09480364651661773,-0.017252381530672666,0.09636065618979409,518.6551027904928,11.198555994778872,9.25249996362254,25.30638998723589,0.8822597529864141,1.2264598613717144
10F_snr_elliptical_gaussian_snr_3dB,10F_snr,elliptical_gaussian,snr_sweep,3.0,Intensity-Weighted Centroid,3.0,10.0,50,50,1.0,0.7405915443045372,0.7327804071524731,0.4109355630997484,0.5095182820750068,0.6765611522595872,0.846961553150724,1.5432580639672917,1.8762203173216636,0.019423255934553366,-0.0566041567597307,0.059843908909590196,416.3558642726929,0.23728599306195974,0.24625001242384315,0.314504950074479,0.7218001598614627,0.9722818884529767
10F_snr_elliptical_gaussian_snr_3dB,10F_snr,elliptical_gaussian,snr_sweep,3.0,PSF-Aware Fitting,3.0,10.0,50,50,1.0,0.7831510954543778,0.7724763861780275,0.4489974129413992,0.5441780621450505,0.720273942204991,0.9027315853228253,1.6721905689460843,1.97136872300529,0.10835798139635244,-0.038123111181283774,0.11486872393490224,443.1144827961365,4.888045999687165,4.587250063195825,7.0947450294625005,0.7676849522839445,1.0371310580075108
10F_snr_elliptical_gaussian_snr_5dB,10F_snr,elliptical_gaussian,snr_sweep,5.0,Gaussian Fitting,5.0,10.0,50,50,1.0,0.7188974330136524,0.6411471621157598,0.4757044205544615,0.41916222122568575,0.7532670490774334,0.8620372468337288,1.4633279374026817,3.0066421995510826,0.021091252942174493,-0.06985122819802314,0.07296598544145819,422.62184247181244,8.994827994611114,8.387999958358705,15.007620013784615,0.6786465515260994,1.0811142288034006
10F_snr_elliptical_gaussian_snr_5dB,10F_snr,elliptical_gaussian,snr_sweep,5.0,Intensity-Weighted Centroid,5.0,10.0,50,50,1.0,0.6500767805590916,0.5958969660308217,0.3540606620486629,0.5291212231575108,0.5176770269547513,0.7402423745182456,1.385673840668384,1.7343293842762826,-0.06562999962318998,0.05445554412515946,0.08528014503099245,359.0288163369523,0.2512959949672222,0.2432999899610877,0.3571950423065573,0.6245418437856304,0.8587825475898243
10F_snr_elliptical_gaussian_snr_5dB,10F_snr,elliptical_gaussian,snr_sweep,5.0,PSF-Aware Fitting,5.0,10.0,50,50,1.0,0.7511979867582664,0.6467578034546264,0.5153821076410293,0.4701523636936674,0.7803037146518267,0.9109978771578899,1.6667947871381772,2.973495791708196,0.04915168477375346,-0.06340001380720083,0.0802212557047799,447.6605327341299,5.384026002138853,4.92479995591566,8.232094999402761,0.7107173219734912,1.1263517710572568
10F_snr_elliptical_gaussian_snr_7dB,10F_snr,elliptical_gaussian,snr_sweep,7.0,Gaussian Fitting,7.0,10.0,50,50,1.0,0.5248410407148699,0.47920060280402016,0.30567850640965144,0.34436063575180775,0.5003131217988529,0.6073693005902612,0.9674511028583147,1.5677786327327532,0.007063096575839154,-0.04054914966473746,0.04115969960741828,298.3944435847917,7.736916006542742,7.142399961594492,12.43872500490397,0.5085964715262983,0.7099554978247449
10F_snr_elliptical_gaussian_snr_7dB,10F_snr,elliptical_gaussian,snr_sweep,7.0,Intensity-Weighted Centroid,7.0,10.0,50,50,1.0,0.6869831403248083,0.6776899445246096,0.3366938643377308,0.5640005973851364,0.5169254487084369,0.7650546342407252,1.2682994661244529,1.4390629330273572,0.09131830676842015,-0.10194127760960328,0.13686145268748792,372.71045529344593,0.23852000245824456,0.23229990620166063,0.32633504015393555,0.672776561003462,0.8509823488766987
10F_snr_elliptical_gaussian_snr_7dB,10F_snr,elliptical_gaussian,snr_sweep,7.0,PSF-Aware Fitting,7.0,10.0,50,50,1.0,0.5135378184317672,0.4602825439699044,0.2917658912565196,0.3209330440927232,0.49583304394700045,0.5906339189890553,0.9368772235864539,1.5246837168110492,-0.0032303926544716434,-0.05646671449135681,0.05655904244371955,290.38334968385584,4.8339019902050495,4.350700008217245,7.383179996395484,0.49386544497993523,0.6875531059280942
10F_snr_gaussian_snr_0dB,10F_snr,gaussian,snr_sweep,0.0,Gaussian Fitting,0.0,10.0,50,50,1.0,1.411306301171511,1.1288369837056713,1.045790582404975,1.0942329101054629,1.3740879725896296,1.7565487234840222,3.6021549708323466,5.424956098722529,-0.2182949977002778,-0.03913544304306754,0.22177531179809323,854.5343044412716,28.61625399440527,12.165150023065507,44.180780014721634,1.3670235743171277,2.174928159170534
10F_snr_gaussian_snr_0dB,10F_snr,gaussian,snr_sweep,0.0,Intensity-Weighted Centroid,0.0,10.0,50,50,1.0,0.6976344378899217,0.6647930962160061,0.3351619561593003,0.5530598936474758,0.5414352221874363,0.7739685689913485,1.2146582529159826,1.3780439656051866,0.05580098683445897,0.01379270772225766,0.05748033505479148,376.3230058080583,0.23687399458140135,0.21550001110881567,0.3347500402014702,0.6817022881314023,0.8626861236798645
10F_snr_gaussian_snr_0dB,10F_snr,gaussian,snr_sweep,0.0,PSF-Aware Fitting,0.0,10.0,50,50,1.0,1.0954297628424963,0.9524577117452782,0.7434185905149151,0.9432170327557199,0.9289667352299789,1.3238721864456366,2.5124082361293385,3.553044106529413,-0.030876997343409585,-0.042068600833618464,0.05218386859023818,648.5408304817732,6.013683995697647,5.785199988167733,9.237609995761886,1.0551451305148338,1.5763696838535293
10F_snr_gaussian_snr_10dB,10F_snr,gaussian,snr_sweep,10.0,Gaussian Fitting,10.0,10.0,50,50,1.0,0.331686024462342,0.3300421681178149,0.17004261113569277,0.26895033866516316,0.25806166657869156,0.37273329395893484,0.5968151805396645,0.844407590743471,-0.057506221369214926,-0.0310642117830929,0.06536016179501088,180.319844288359,8.051579992752522,7.455200015101582,14.603795018047094,0.32317685768195836,0.41849395207886486
10F_snr_gaussian_snr_10dB,10F_snr,gaussian,snr_sweep,10.0,Intensity-Weighted Centroid,10.0,10.0,50,50,1.0,0.6463260694610039,0.5651324778109705,0.3372120450134653,0.561682506154567,0.46471724053127034,0.7290057279384531,1.2534357324803764,1.3506368290489046,0.0035572752960570143,-0.060322527836723906,0.060427324714439144,354.0559314363052,0.2547799958847463,0.242199981585145,0.3851500106975435,0.6315962093653213,0.8223484011707555
10F_snr_gaussian_snr_10dB,10F_snr,gaussian,snr_sweep,10.0,PSF-Aware Fitting,10.0,10.0,50,50,1.0,0.3241187702932399,0.2870032839183319,0.17104703270645555,0.26485307678545916,0.25330399201623527,0.36648337568583556,0.5758004881767618,0.8279518398612056,-0.05787216140775286,-0.0370733594613904,0.06872860429077884,177.61854794043768,4.358614005614072,4.12544998107478,6.070205045398325,0.31308238671538463,0.4154947320663661
10F_snr_gaussian_snr_15dB,10F_snr,gaussian,snr_sweep,15.0,Gaussian Fitting,15.0,10.0,50,50,1.0,0.16804737624242722,0.16769858566609103,0.08149577358404049,0.13657755331113688,0.1273893783074894,0.18676584745082564,0.294014787252158,0.3209161733622284,0.021356068757703496,0.006538966537231659,0.022334720865925205,91.38780106039665,5.217368002049625,4.803300020284951,7.5887900311499825,0.16628022721545052,0.20725814779982912
10F_snr_gaussian_snr_15dB,10F_snr,gaussian,snr_sweep,15.0,Intensity-Weighted Centroid,15.0,10.0,50,50,1.0,0.4747648426490191,0.42875621096673444,0.24074504216463374,0.3920818101870352,0.36004400462006975,0.5323155371980035,0.9091889751245206,1.0098410649954253,-0.039827829523025,0.042305031021036256,0.05810311225920675,260.3038423924147,0.22734799422323704,0.20695000421255827,0.3063899930566548,0.45863305106671554,0.6036522281714473
10F_snr_gaussian_snr_15dB,10F_snr,gaussian,snr_sweep,15.0,PSF-Aware Fitting,15.0,10.0,50,50,1.0,0.16763989554115735,0.1654295266930369,0.08258524777619987,0.13677483426973253,0.1273424612523006,0.18687818954416932,0.295694816918849,0.3231310245912027,0.021553061040117994,0.008550559195977598,0.023187205583316182,91.45868265152329,3.6225859983824193,3.5663500311784446,4.629764991113915,0.1651986003326549,0.20661103898635483
10F_snr_gaussian_snr_20dB,10F_snr,gaussian,snr_sweep,20.0,Gaussian Fitting,20.0,10.0,50,50,1.0,0.10721835179742613,0.09414606723632021,0.05454136294318982,0.09187027725532898,0.07765556896247927,0.12029353778926527,0.19961436437440427,0.27877125147821974,-0.0036029272775897426,-0.016929263335749737,0.01730840957623665,59.028342877022574,5.2300860127434134,4.7661500866524875,7.832915015751496,0.10385186210498634,0.13674859926130456
10F_snr_gaussian_snr_20dB,10F_snr,gaussian,snr_sweep,20.0,Intensity-Weighted Centroid,20.0,10.0,50,50,1.0,0.4145760053180076,0.40350782787637596,0.23316644911016246,0.3359575361538847,0.33670816900914347,0.4756467777417174,0.9051529054562435,1.0789715895619032,0.033771833420322535,-0.0220478479465703,0.04033167900850519,230.54001818796206,0.2884080074727535,0.25310006458312273,0.502824981231242,0.40522155273280636,0.5508628446012649
10F_snr_gaussian_snr_20dB,10F_snr,gaussian,snr_sweep,20.0,PSF-Aware Fitting,20.0,10.0,50,50,1.0,0.10662745193907062,0.09298468327926013,0.05403813438138916,0.0912329299969659,0.07724044250655616,0.11953883667846149,0.20064740739013034,0.2790608171953736,-0.0037418980377594835,-0.016577239716394843,0.016994313094085528,58.66544663605901,3.7404279969632626,3.351899969857186,5.649010045453906,0.10293700440002741,0.1359449793844943
10F_snr_gaussian_snr_25dB,10F_snr,gaussian,snr_sweep,25.0,Gaussian Fitting,25.0,10.0,50,50,1.0,0.05868755784483952,0.05879720935183245,0.029231242635882334,0.04870043500638516,0.04389718239270109,0.06556443389391242,0.0957632453065254,0.14773633175228662,0.004904776405724078,-0.006710350711222191,0.008311777081812756,31.461568274103918,4.841494006104767,4.415149975102395,6.876174954231828,0.05687640325074403,0.07407925021891394
10F_snr_gaussian_snr_25dB,10F_snr,gaussian,snr_sweep,25.0,Intensity-Weighted Centroid,25.0,10.0,50,50,1.0,0.31590597242728696,0.29454646329747025,0.14944796994693949,0.25634429057575575,0.23752659603864074,0.349472858941136,0.6295071379289121,0.7206476190373239,0.015162963543488672,-0.0028135700242137318,0.015421791066614818,169.59270439531556,0.26456201216205955,0.2427000436000526,0.3959550405852496,0.3044155416049556,0.39458604461190894
10F_snr_gaussian_snr_25dB,10F_snr,gaussian,snr_sweep,25.0,PSF-Aware Fitting,25.0,10.0,50,50,1.0,0.058637693145039194,0.06000967483681688,0.02887601221285591,0.04833379459232003,0.044000539076199906,0.06536209252073238,0.09506849460023208,0.14779590949212387,0.004747520108894605,-0.006584270636138854,0.008117362071158277,31.379136248948072,3.4249180112965405,3.064950054977089,5.137889971956611,0.05691897544707255,0.0736602340835962
10F_snr_gaussian_snr_30dB,10F_snr,gaussian,snr_sweep,30.0,Gaussian Fitting,30.0,10.0,50,50,1.0,0.02800731849834663,0.02194873543619396,0.016552942127004307,0.021657456084211612,0.024276828015377724,0.03253321045528374,0.05665498929645191,0.0683120197618728,-0.002709951022627024,-0.0011593427060665818,0.002947526090664345,15.964999380580032,4.627637991216034,4.253499966580421,6.300034932792187,0.02755969862041866,0.0376648402364144
10F_snr_gaussian_snr_30dB,10F_snr,gaussian,snr_sweep,30.0,Intensity-Weighted Centroid,30.0,10.0,50,50,1.0,0.23233504650260017,0.2107684719524141,0.1154892325921643,0.1837740674971326,0.18315138217783603,0.2594558472613258,0.40295844667152253,0.603625959932632,-0.04846386674512985,-0.00988277758298409,0.049461254256684954,125.85184723355003,0.23164801066741347,0.21010002819821239,0.3491500508971509,0.2237387416902899,0.29480945782374535
10F_snr_gaussian_snr_30dB,10F_snr,gaussian,snr_sweep,30.0,PSF-Aware Fitting,30.0,10.0,50,50,1.0,0.02802069167972912,0.022007869753813372,0.01657404770359098,0.02160421695301575,0.024353973584168503,0.032555463742532535,0.056952336854851016,0.06823203443500094,-0.0026843295424333747,-0.0012504643805942807,0.0029612980700219303,15.980702397622208,3.2977839978411794,3.1274500652216375,4.551600012928247,0.027562296036799258,0.037683640984410106
10F_snr_gaussian_snr_3dB,10F_snr,gaussian,snr_sweep,3.0,Gaussian Fitting,3.0,10.0,50,50,1.0,0.9936360127845433,0.9050342012008101,0.5780112581662441,0.7324195409825746,0.8859859798304736,1.1495257893885154,2.040226509091586,2.85666376007352,0.054869537947480465,0.13333165077140222,0.14418042617497412,564.7864352802088,12.854567994363606,11.292199953459203,22.504214983200654,0.9587518367248089,1.333893260858103
10F_snr_gaussian_snr_3dB,10F_snr,gaussian,snr_sweep,3.0,Intensity-Weighted Centroid,3.0,10.0,50,50,1.0,0.6828796790306564,0.6533296831184185,0.2895180911270968,0.5145075768856601,0.5342539980665907,0.7417178581663585,1.1781657461953594,1.3417778819007848,0.03596310083518233,0.0817110601896377,0.0892750915933223,362.74361640972813,0.24174799909815192,0.2360500511713326,0.35519002703949804,0.658272620065084,0.8188257711398967
10F_snr_gaussian_snr_3dB,10F_snr,gaussian,snr_sweep,3.0,PSF-Aware Fitting,3.0,10.0,50,50,1.0,0.9192167797161319,0.8395264687001294,0.45336626607034836,0.6904032017428228,0.7575248367845936,1.0249392466494127,1.6831210204942422,2.233511741523602,0.09819840429995168,0.05033306263740371,0.1103464716314825,502.57105608200385,6.078972006216645,4.878050007391721,12.357730069197709,0.8820303059586112,1.1647396606435059
10F_snr_gaussian_snr_5dB,10F_snr,gaussian,snr_sweep,5.0,Gaussian Fitting,5.0,10.0,50,50,1.0,0.682281127384866,0.6075331109899966,0.4850926404280964,0.5025978677733378,0.6694906944034106,0.837151364200684,1.261033617637023,3.1646325782068807,-0.09221507840874665,-0.05879113647314114,0.10936186910315131,411.3832902963281,9.745388007722795,8.502400014549494,16.93128995830192,0.6353923390793412,1.0804686701291624
10F_snr_gaussian_snr_5dB,10F_snr,gaussian,snr_sweep,5.0,Intensity-Weighted Centroid,5.0,10.0,50,50,1.0,0.7216473271859547,0.7092649764241366,0.32849192574712033,0.5798005357835623,0.5408448472720973,0.7928945769241231,1.3202933277858424,1.5293152839657518,0.08544108902439916,0.010964587090389841,0.08614175447329853,386.4870788656657,0.2346680057235062,0.2130499924533069,0.3845999541226774,0.7002575418690776,0.8886247213407358
10F_snr_gaussian_snr_5dB,10F_snr,gaussian,snr_sweep,5.0,PSF-Aware Fitting,5.0,10.0,50,50,1.0,0.6042618843034174,0.577981665528225,0.3410943998846287,0.4916849339696901,0.48961591085440964,0.6938860241095592,1.0766821370083213,1.713727807720132,-0.055841095745208236,-0.015310290647291254,0.057901925475151925,338.69182928627856,4.934352000709623,4.452499968465418,7.467859989264977,0.5861304446727691,0.8026551791278054
10F_snr_gaussian_snr_7dB,10F_snr,gaussian,snr_sweep,7.0,Gaussian Fitting,7.0,10.0,50,50,1.0,0.4277519830888448,0.4442884988468107,0.23757557193953394,0.33719513624510855,0.35456078676508873,0.4892994087660806,0.8605169594017577,1.034112219910533,0.11235362520742229,-0.01703551981592284,0.11363778435295462,238.08782659839162,8.459103996865451,6.987050001043826,16.261545027373355,0.4209394068297192,0.5621459333936543
10F_snr_gaussian_snr_7dB,10F_snr,gaussian,snr_sweep,7.0,Intensity-Weighted Centroid,7.0,10.0,50,50,1.0,0.6287579852836217,0.619285128429895,0.30747832949381093,0.47443070852067964,0.5145823840540886,0.6999139426859732,1.1259310804308418,1.504835491850289,0.021366922676183436,0.054529529056890166,0.05856632926704755,340.231431043613,0.22881600772961974,0.21020002895966172,0.33873000647872675,0.6096304617297659,0.7881541690227702
10F_snr_gaussian_snr_7dB,10F_snr,gaussian,snr_sweep,7.0,PSF-Aware Fitting,7.0,10.0,50,50,1.0,0.4385263943513622,0.4175795973414518,0.22964857137328756,0.3535180730648995,0.34650950476585596,0.4950190550641443,0.8784202104342292,0.9796268733936808,0.10810290444216776,-0.037486248049699494,0.11441790393848357,239.41709193796126,4.380961996503174,4.043399996589869,6.349049968412146,0.4263381414688838,0.5645592938047568
10G_phase_asymmetric_px0.125_py0,10G_phase,asymmetric,phase_grid,0.125,Gaussian Fitting,15.0,10.0,20,20,1.0,0.2578629113870827,0.24873535792604487,0.11992460651351676,0.2613769720103373,0.11205922906727345,0.2843856401375504,0.4228701051355327,0.5194767354449797,0.22625344189818292,0.008930336444257137,0.22642961573032372,142.1928168724519,5.112770001869649,4.57905005896464,6.755294970935211,0.22794416493550215,0.3378757744928255
10G_phase_asymmetric_px0.125_py0,10G_phase,asymmetric,phase_grid,0.125,Intensity-Weighted Centroid,15.0,10.0,20,20,1.0,0.4384165807246102,0.4628696127521446,0.22002401509445335,0.38093473193724375,0.3090443260706192,0.4905299842747056,0.8189041280922377,0.8262727310578374,0.19032798580880125,0.1242585937546096,0.22729923075960543,245.26498173336145,0.21135500282980502,0.19350001821294427,0.25603495887480676,0.3932914946128428,0.5790837722378415
10G_phase_asymmetric_px0.125_py0,10G_phase,asymmetric,phase_grid,0.125,PSF-Aware Fitting,15.0,10.0,20,20,1.0,0.16478138021063865,0.15646744059119475,0.08684325776989052,0.14634766885384767,0.11522592809457097,0.18626501197007103,0.28424228172045946,0.356507939707141,0.06562005385780481,0.012220547745545218,0.06674828279066326,93.13250499974626,4.441014991607517,3.7687000003643334,6.354435009416194,0.14449284418470415,0.22250043751869913
10G_phase_asymmetric_px0.125_py0.125,10G_phase,asymmetric,phase_grid,0.125,Gaussian Fitting,15.0,10.0,20,20,1.0,0.23080864103243956,0.22751287179767077,0.11361858562915227,0.2195067222753563,0.13415890075406903,0.25725825890651316,0.3974163398746707,0.5376714856220906,0.17703489603469508,-0.006350196871295566,0.17714874940094696,128.6291266267965,4.6993449970614165,4.708899999968708,6.125450023682788,0.2027628588028887,0.31480414156055353
10G_phase_asymmetric_px0.125_py0.125,10G_phase,asymmetric,phase_grid,0.125,Intensity-Weighted Centroid,15.0,10.0,20,20,1.0,0.32834762633391223,0.31442763123567513,0.19801650828933007,0.2707860919618724,0.2714730072663379,0.38343539387256986,0.5795159877460713,0.8727018924781687,-0.06431925421477444,-0.06707325309699286,0.09292893921571493,191.71769448246124,0.23690498201176524,0.2051499322988093,0.33914997475221764,0.2864561357801639,0.47651930140627474
10G_phase_asymmetric_px0.125_py0.125,10G_phase,asymmetric,phase_grid,0.125,PSF-Aware Fitting,15.0,10.0,20,20,1.0,0.15845561792023238,0.151580187943402,0.097396639399794,0.13082349282601927,0.1322100674746695,0.18599539837548718,0.3723919400392865,0.38658051533641563,0.018585817511234382,-0.0040622403833765475,0.019024573832105724,92.99769790325588,4.057870007818565,3.9917000103741884,5.221505014924333,0.1382350862666219,0.23125347283116449
10G_phase_asymmetric_px0.125_py0.25,10G_phase,asymmetric,phase_grid,0.125,Gaussian Fitting,15.0,10.0,20,20,1.0,0.23392045576237716,0.24292986182623721,0.08975535290234633,0.21580630052514183,0.1272888198246615,0.2505490031884042,0.3490005368655861,0.3491509885840124,0.18676355457829458,-0.04540431803566207,0.19220347919588543,125.27449962772663,4.690905014285818,4.395800002384931,7.172074954723939,0.21526120656592826,0.2819814006611291
10G_phase_asymmetric_px0.125_py0.25,10G_phase,asymmetric,phase_grid,0.125,Intensity-Weighted Centroid,15.0,10.0,20,20,1.0,0.5138101192648149,0.48854355866812615,0.2223342755997235,0.38953253479107214,0.4021166163000719,0.5598512023434237,0.951335612062844,1.0653470211165452,0.006883433303494257,-0.2781614404313871,0.2782465967391295,279.9255936891351,0.22113000159151852,0.21349999587982893,0.28590494766831404,0.4564504841173729,0.661772566733886
10G_phase_asymmetric_px0.125_py0.25,10G_phase,asymmetric,phase_grid,0.125,PSF-Aware Fitting,15.0,10.0,20,20,1.0,0.1544550360047646,0.14332742620198166,0.06421333462471045,0.11366031143035023,0.12272344558564988,0.16727136781546975,0.2687656226963759,0.29547259343448495,0.030105282531985723,-0.04352441740162476,0.05292166802436919,83.63568327531881,4.233379987999797,4.096149990800768,5.588565004291015,0.1378029816301843,0.19546562432411932
10G_phase_asymmetric_px0.125_py0.375,10G_phase,asymmetric,phase_grid,0.125,Gaussian Fitting,15.0,10.0,20,20,1.0,0.21278949436401592,0.223251915048932,0.0827842193171205,0.19977851628251267,0.11054926644531159,0.22832563561641225,0.3166547005213709,0.36288597645695037,0.16816024010503838,0.018253051981469072,0.16914798331290376,114.16281514092525,4.329434991814196,3.8845999515615404,6.137090019183235,0.19245993372856962,0.26033785498131917
10G_phase_asymmetric_px0.125_py0.375,10G_phase,asymmetric,phase_grid,0.125,Intensity-Weighted Centroid,15.0,10.0,20,20,1.0,0.61377559363602,0.5470808294842839,0.2810957878063819,0.4855129083476745,0.4690549403785465,0.6750817145099837,1.1058831957760509,1.361112570236335,0.042893963581440174,-0.3387543446965481,0.3414592188864047,337.54084530030025,0.21612499840557575,0.20285003120079637,0.2824000257533044,0.5428623605056261,0.8190515765364391
10G_phase_asymmetric_px0.125_py0.375,10G_phase,asymmetric,phase_grid,0.125,PSF-Aware Fitting,15.0,10.0,20,20,1.0,0.1356224014775128,0.14478070600115328,0.0657378410863562,0.10730451548754436,0.10583307842638824,0.1507146294598593,0.23072232893904926,0.2342348569484221,0.011908589503860867,0.015082616409159755,0.01921717517527798,75.35731297045953,3.819034999469295,3.530649992171675,5.278600030578673,0.12343060377605651,0.17539598862690975
10G_phase_asymmetric_px0.125_py0.5,10G_phase,asymmetric,phase_grid,0.125,Gaussian Fitting,15.0,10.0,20,20,1.0,0.22236888170248054,0.21710662816226933,0.08121742239254946,0.20770589952422028,0.11358894555605357,0.23673653974344894,0.36665057756090197,0.3963197261023509,0.16430327760005525,0.012236111109740478,0.1647582758018872,118.36826622179267,3.9814200077671558,3.919849987141788,4.845849977573381,0.19919924586866986,0.27476593605811245
10G_phase_asymmetric_px0.125_py0.5,10G_phase,asymmetric,phase_grid,0.125,Intensity-Weighted Centroid,15.0,10.0,20,20,1.0,0.5448648145719762,0.5323697405584737,0.25327146092150443,0.40999885019117066,0.43923233250500265,0.6008528098260564,1.0060407872719965,1.0663322045322994,-0.0003863819900004728,-0.32549808798449364,0.3254983173114776,300.42639653303866,0.21038500708527863,0.19380002049729228,0.2836100291460753,0.4899981359555516,0.7106345127261847
10G_phase_asymmetric_px0.125_py0.5,10G_phase,asymmetric,phase_grid,0.125,PSF-Aware Fitting,15.0,10.0,20,20,1.0,0.14765024812373495,0.12770786002468554,0.08360318757756019,0.1268534921410195,0.11268664639502544,0.1696764236543463,0.2886418876781981,0.3168826294089298,0.003100503978004099,0.015442113006247381,0.015750300918247046,84.83820877586707,3.5341500013601035,3.5042499657720327,4.3034250382334,0.13170346322401916,0.2064691829735828
10G_phase_asymmetric_px0.125_py0.625,10G_phase,asymmetric,phase_grid,0.125,Gaussian Fitting,15.0,10.0,20,20,1.0,0.18280814643435378,0.16892264814075414,0.09140085575183776,0.16544205706347304,0.12000775220600925,0.20438428225999275,0.30821023152034055,0.3716253075304,0.13162012265328257,0.06716098081213887,0.14776486060939398,102.1921353455895,5.239624989917502,4.752649983856827,7.841989939333872,0.16681424614067192,0.2399672253536271
10G_phase_asymmetric_px0.125_py0.625,10G_phase,asymmetric,phase_grid,0.125,Intensity-Weighted Centroid,15.0,10.0,20,20,1.0,0.46121160233779046,0.43054187802019994,0.2830126209532072,0.28284766878818374,0.4613127811050608,0.5411213225791383,0.9210337719920471,1.212990871387721,-0.04730699129289064,0.29150258602395523,0.2953162865197906,270.560605800272,0.21603501518256962,0.2035499783232808,0.27531998930498963,0.410919150674579,0.6728983356571817
10G_phase_asymmetric_px0.125_py0.625,10G_phase,asymmetric,phase_grid,0.125,PSF-Aware Fitting,15.0,10.0,20,20,1.0,0.1313180678058136,0.11251603380319083,0.08941969404485448,0.10608976113443659,0.11825937255780544,0.1588720133167816,0.273682099218661,0.29241453754362196,-0.027761053435455096,0.06806837252325408,0.07351176386001552,79.43600056438774,4.3671749997884035,4.350350005552173,5.779104982502759,0.11729242498684836,0.19484767283840107
10G_phase_asymmetric_px0.125_py0.75,10G_phase,asymmetric,phase_grid,0.125,Gaussian Fitting,15.0,10.0,20,20,1.0,0.19569155358628773,0.18203561371306204,0.11815114710600076,0.2048767794764705,0.10139222326602974,0.22859325822840607,0.3157909127197584,0.5931900753499071,0.16119368490196848,-0.04805290701209515,0.16820370365895088,114.29662383714042,4.598234995501116,4.408899985719472,5.747950018849225,0.16834296444740196,0.2984333541949673
10G_phase_asymmetric_px0.125_py0.75,10G_phase,asymmetric,phase_grid,0.125,Intensity-Weighted Centroid,15.0,10.0,20,20,1.0,0.5171359740665593,0.48103012919092447,0.1792380322290267,0.3183054514688714,0.44523873083583004,0.547316990300048,0.7888457657851345,0.9205960046409655,-0.020167067397756,0.2274739554323048,0.22836617745945617,273.6584513953,0.22149499272927642,0.20794995361939073,0.32915493939071894,0.4671277780585966,0.6258921438552492
10G_phase_asymmetric_px0.125_py0.75,10G_phase,asymmetric,phase_grid,0.125,PSF-Aware Fitting,15.0,10.0,20,20,1.0,0.13563865888772603,0.11157796838282763,0.08678827496471068,0.12302445018714003,0.10389915838139896,0.161028104553867,0.2702742306199177,0.4300588495240313,0.0014074854174225492,-0.04982935635157446,0.04984923038134542,80.51404753460578,4.118010000092909,3.8828999968245625,5.355665029492229,0.11115371460985529,0.21590786221839794
10G_phase_asymmetric_px0.125_py0.875,10G_phase,asymmetric,phase_grid,0.125,Gaussian Fitting,15.0,10.0,20,20,1.0,0.19430763568212414,0.17607933040852125,0.0799956414276906,0.17631115455088064,0.11432032502027019,0.210130340340953,0.3242973491334324,0.3856607072545729,0.129072385240994,-0.05283074282774578,0.13946601026605362,105.06516363744792,5.31684000743553,4.949650028720498,7.245849969331175,0.17075411561090353,0.24562341653695507
10G_phase_asymmetric_px0.125_py0.875,10G_phase,asymmetric,phase_grid,0.125,Intensity-Weighted Centroid,15.0,10.0,20,20,1.0,0.4005511541123517,0.30309011561690746,0.23328820421531904,0.34406764919192123,0.31061562431128653,0.46353491053721646,0.8815300207700523,1.0051552189024855,-0.07559353600345844,0.08690096281881096,0.11517881760264138,231.767414461176,0.2622049883939326,0.2275000442750752,0.38810001569800084,0.3334007136273581,0.579925379794739
10G_phase_asymmetric_px0.125_py0.875,10G_phase,asymmetric,phase_grid,0.125,PSF-Aware Fitting,15.0,10.0,20,20,1.0,0.14722158021436185,0.13403829661900094,0.07680411459828337,0.12042924915349688,0.11432349560945464,0.1660513947548771,0.2474685722298831,0.26130300871592643,-0.029270981754189053,-0.05422048870324261,0.06161697629770977,83.02569051442043,4.133075004210696,3.9132500533014536,5.306144925998524,0.13402947702842138,0.19443687798933232
10G_phase_asymmetric_px0.25_py0,10G_phase,asymmetric,phase_grid,0.25,Gaussian Fitting,15.0,10.0,20,20,1.0,0.20903053305960478,0.19684629542284698,0.11164052679780714,0.20316850513724935,0.12198331646241585,0.23697546492173915,0.3848318661406539,0.505522727766362,0.13889591119995542,-0.01823792705426399,0.14008817270313206,118.4877288484342,4.542619996936992,4.451149958185852,6.357700051739812,0.1836715911397957,0.29154770669199964
10G_phase_asymmetric_px0.25_py0,10G_phase,asymmetric,phase_grid,0.25,Intensity-Weighted Centroid,15.0,10.0,20,20,1.0,0.45917701045093934,0.42177817421770636,0.3032986207132106,0.3126993123881171,0.45282747297971754,0.5503031712185549,1.0657122379215025,1.2320054956637578,-0.11458070762568014,0.03571637094910329,0.1200183224086037,275.15157203363833,0.2315149991773069,0.21034997189417481,0.32751002581790095,0.4015572845215044,0.7003799311290344
10G_phase_asymmetric_px0.25_py0,10G_phase,asymmetric,phase_grid,0.25,PSF-Aware Fitting,15.0,10.0,20,20,1.0,0.1703298064137035,0.15963663728115718,0.09590404087353133,0.1531087891458151,0.12152171285455125,0.19547334347373732,0.3708600979592503,0.397789866095581,-0.02124796814223373,-0.019726063104667447,0.02899299425348651,97.73667070886702,3.854259999934584,3.733999968972057,4.396099946461619,0.14916336690420653,0.2403197985125202
10G_phase_asymmetric_px0.25_py0.125,10G_phase,asymmetric,phase_grid,0.25,Gaussian Fitting,15.0,10.0,20,20,1.0,0.2259534078809101,0.2212524503491094,0.08378263981007111,0.19620238720383112,0.1399253248059798,0.24098645867878352,0.38492230003180705,0.43439346643215393,0.15802351177875948,-0.01383570983278446,0.1586280465159574,120.49322624613583,5.018255009781569,4.62860002880916,6.735240027774125,0.20230754170823492,0.28062725264060057
10G_phase_asymmetric_px0.25_py0.125,10G_phase,asymmetric,phase_grid,0.25,Intensity-Weighted Centroid,15.0,10.0,20,20,1.0,0.45102429365308494,0.44056786012619786,0.21567278016112543,0.3545244232401974,0.3524912692449257,0.49993765768112863,0.7551994789711253,0.9214643794516648,-0.12200970363629153,-0.12881760401767223,0.17742700720653973,249.9688246661803,0.24377498193643987,0.22909999825060368,0.33418496605008846,0.3968708342278628,0.5979034933397023
10G_phase_asymmetric_px0.25_py0.125,10G_phase,asymmetric,phase_grid,0.25,PSF-Aware Fitting,15.0,10.0,20,20,1.0,0.15712728916945146,0.12156400729820038,0.08975622091978513,0.1149239597379607,0.13977713573288475,0.18095624939620544,0.3375031873305594,0.36577106957056676,-0.0016199464546559738,-0.01401415639442689,0.014107473408211994,90.47812390342673,3.8395749987103045,3.584249992854893,5.2983550005592415,0.13348221911596772,0.22459295290940018
10G_phase_asymmetric_px0.25_py0.25,10G_phase,asymmetric,phase_grid,0.25,Gaussian Fitting,15.0,10.0,20,20,1.0,0.2590447941752495,0.2559967854169663,0.09825020640944279,0.2370556884721453,0.14339424330074294,0.2770510935708348,0.3790667913761485,0.5320319575461004,0.17458253305928792,0.002469452325516386,0.17459999726284464,138.52554141486775,4.342080012429506,4.136400006245822,5.383590003475548,0.23235726891066538,0.32764829902331416
10G_phase_asymmetric_px0.25_py0.25,10G_phase,asymmetric,phase_grid,0.25,Intensity-Weighted Centroid,15.0,10.0,20,20,1.0,0.4426173816149639,0.4540211762441986,0.23771355242477818,0.32592610194157523,0.3823480817099312,0.5024120614735422,0.7668796262001929,0.8955554534531974,-0.10133006824459585,-0.0531552519152342,0.11442579926147102,251.20602274834098,0.21654001320712268,0.2045500441454351,0.27666499954648316,0.3994027587117626,0.5946172066869819
10G_phase_asymmetric_px0.25_py0.25,10G_phase,asymmetric,phase_grid,0.25,PSF-Aware Fitting,15.0,10.0,20,20,1.0,0.19005643920113646,0.17120807814868155,0.09659286930166903,0.15740497633785103,0.14378910218032923,0.2131938847193901,0.3649442333233701,0.3669402413529396,0.012514683746269383,0.0041029278871633325,0.013170092122548029,106.5969399659376,3.701205021934584,3.6478000110946596,4.262065049260856,0.17048275761424658,0.2564927582092316
10G_phase_asymmetric_px0.25_py0.375,10G_phase,asymmetric,phase_grid,0.25,Gaussian Fitting,15.0,10.0,20,20,1.0,0.19225685738693427,0.1778765838365075,0.09240002282913311,0.17932048639982023,0.11551894471668354,0.21330837637355993,0.3568533460823379,0.446990923502666,0.13221354727995163,-0.0354630725252207,0.13688700302540438,106.6541840866719,4.333780013257638,4.1538000223226845,5.3934449853841215,0.16886612611498905,0.2593790722190799
10G_phase_asymmetric_px0.25_py0.375,10G_phase,asymmetric,phase_grid,0.25,Intensity-Weighted Centroid,15.0,10.0,20,20,1.0,0.45454080166706834,0.455977587790855,0.21930523776893582,0.3262431897999519,0.38505520227907997,0.5046802232037932,0.6328955080853518,1.1316875117365255,-0.14235337713132026,-0.2287204520538694,0.2694021699400698,252.34010722895508,0.2162699936889112,0.20740000763908029,0.26453991886228323,0.4047644167306323,0.6244319540234531
10G_phase_asymmetric_px0.25_py0.375,10G_phase,asymmetric,phase_grid,0.25,PSF-Aware Fitting,15.0,10.0,20,20,1.0,0.15585656648972374,0.16852476508879272,0.07285240715989089,0.12373303237343652,0.11953610018162004,0.1720428509033613,0.2576888386034404,0.3005748455525356,-0.02754882945753252,-0.035930787744007375,0.04527647857756964,86.02142342569745,3.687594993971288,3.5257499548606575,5.507555010262878,0.14297152074064026,0.20086730615802903
10G_phase_asymmetric_px0.25_py0.5,10G_phase,asymmetric,phase_grid,0.25,Gaussian Fitting,15.0,10.0,20,20,1.0,0.22646965562859456,0.21820268039486554,0.10129891925545297,0.2146384521998699,0.12441989712301302,0.2480926761572316,0.3711923553586482,0.3815434744663509,0.1628130868650885,-0.0022939718908332905,0.1628292466406904,124.04633231700545,4.128400003537536,4.03965002624318,4.736829950707033,0.20434023265985082,0.28471663508931255
10G_phase_asymmetric_px0.25_py0.5,10G_phase,asymmetric,phase_grid,0.25,Intensity-Weighted Centroid,15.0,10.0,20,20,1.0,0.6100141360681859,0.6228581228797507,0.18986968146203342,0.4005021965275081,0.49776071833577856,0.6388800686682197,0.872273301516496,1.0090894751976627,-0.11393729215390067,-0.38765262956507057,0.4040498332533713,319.4400260400065,0.2078350109513849,0.19955000607296824,0.26276501594111323,0.5562181512455088,0.7174335163385402
10G_phase_asymmetric_px0.25_py0.5,10G_phase,asymmetric,phase_grid,0.25,PSF-Aware Fitting,15.0,10.0,20,20,1.0,0.1778264433392878,0.16487203975533837,0.06017158506870343,0.1403010383842195,0.12473364513510742,0.18773082751743558,0.26437855628735285,0.2878575413262223,0.0005412493170751986,-0.0017573408505711541,0.0018388033305170284,93.86541025912157,3.504259994952008,3.417800005991012,4.2985750071238735,0.16216355486535539,0.21222819272473917
10G_phase_asymmetric_px0.25_py0.625,10G_phase,asymmetric,phase_grid,0.25,Gaussian Fitting,15.0,10.0,20,20,1.0,0.23351792932683302,0.23821520736589474,0.10413306041170371,0.23085553225309302,0.10990923899263619,0.2556840190309111,0.37482888846532664,0.37569410673379056,0.19465966629263676,0.030070514831163565,0.19696858009177995,127.84200239875878,4.505129996687174,4.41509997472167,5.25864496594295,0.2141879542068913,0.29119905912890864
10G_phase_asymmetric_px0.25_py0.625,10G_phase,asymmetric,phase_grid,0.25,Intensity-Weighted Centroid,15.0,10.0,20,20,1.0,0.5274242192495633,0.4215834863794671,0.3258694864490643,0.24523810370175925,0.5694080274656773,0.619973571412192,1.033370497832191,1.3273282681331766,8.592332808348147e-05,0.42973673728484413,0.42973674587477556,309.9867041652,0.20793999428860843,0.19940000493079424,0.2846749615855515,0.46106111877919104,0.7709500912180519
10G_phase_asymmetric_px0.25_py0.625,10G_phase,asymmetric,phase_grid,0.25,PSF-Aware Fitting,15.0,10.0,20,20,1.0,0.15920809835051292,0.15386056791524755,0.05067366479301729,0.12870099368312293,0.10654150885414773,0.16707794254162245,0.21702676458081527,0.2827112584072838,0.03764219313490571,0.0260621102071525,0.04578393050465747,83.53896622696725,3.7537800148129463,3.5440000356175005,5.353114975150675,0.1427249926152232,0.18950132749523765
10G_phase_asymmetric_px0.25_py0.75,10G_phase,asymmetric,phase_grid,0.25,Gaussian Fitting,15.0,10.0,20,20,1.0,0.20547529440984796,0.20533496307186735,0.09209525734915508,0.1872524959629203,0.12505253214020626,0.22517023124520877,0.36930288310382614,0.42017541874747083,0.14771623360645095,-0.0035218550077161124,0.14775821172974096,112.58510822763684,4.699319996871054,4.545950039755553,6.288925028638915,0.18117290663000746,0.2661489595345021
10G_phase_asymmetric_px0.25_py0.75,10G_phase,asymmetric,phase_grid,0.25,Intensity-Weighted Centroid,15.0,10.0,20,20,1.0,0.3986673417459944,0.3712232898342239,0.18901285657276312,0.3109737050490713,0.3129806129661493,0.4412046116311721,0.6611940290671635,0.6669066144951911,-0.14219095184704997,0.1333471577407522,0.1949351976034783,220.60227980700603,0.241049996111542,0.2002499531954527,0.4770300176460298,0.3626020060993136,0.5137183804751306
10G_phase_asymmetric_px0.25_py0.75,10G_phase,asymmetric,phase_grid,0.25,PSF-Aware Fitting,15.0,10.0,20,20,1.0,0.14834692851736928,0.13734450427034733,0.07748580069021677,0.11420486001699712,0.1223442293597845,0.1673644541386894,0.2887927251402675,0.3211028843391218,-0.012339211896460256,-0.0039090244633996464,0.012943593878100595,83.6822208123624,3.9315100060775876,3.681550035253167,5.597489967476577,0.128992145997118,0.20115524354107814
10G_phase_asymmetric_px0.25_py0.875,10G_phase,asymmetric,phase_grid,0.25,Gaussian Fitting,15.0,10.0,20,20,1.0,0.2247312661674672,0.22809677059321387,0.09855141515332565,0.21911726122388261,0.11047239137314312,0.24539055283762684,0.37072083421385865,0.4133526392113043,0.15070759850150922,-0.0042052829811439095,0.15076625833071405,122.6952674365516,4.146125010447577,3.8839499466121197,5.1236249739304185,0.20716519795939964,0.2853313236282064
10G_phase_asymmetric_px0.25_py0.875,10G_phase,asymmetric,phase_grid,0.25,Intensity-Weighted Centroid,15.0,10.0,20,20,1.0,0.4408782676332293,0.4838359068327801,0.2495531263721673,0.29462018058062595,0.412127842966281,0.5066067604694989,0.8360676140535288,0.9777701760295218,-0.1960434387838518,0.17297329013036347,0.26144366312596057,253.30332550489584,0.1984099915716797,0.1970999874174595,0.2186350233387202,0.3946153839733181,0.6122072528076903
10G_phase_asymmetric_px0.25_py0.875,10G_phase,asymmetric,phase_grid,0.25,PSF-Aware Fitting,15.0,10.0,20,20,1.0,0.17679332393957065,0.17427637097764326,0.08051033965506751,0.16186982646136266,0.10740555601245519,0.19426217897721704,0.2684584476259649,0.39967476134182356,-0.009848685077224672,-0.0018319203374801418,0.010017610986319108,97.13108239373602,3.684040001826361,3.5542999976314604,4.537605057703331,0.15621380045508998,0.23241948429163192
10G_phase_asymmetric_px0.375_py0,10G_phase,asymmetric,phase_grid,0.375,Gaussian Fitting,15.0,10.0,20,20,1.0,0.20523540362529538,0.17616341395836776,0.09401509180889336,0.19914737427824977,0.10630489973256763,0.225744121493944,0.3398614600116547,0.35309173919044295,0.16717901823840292,-0.03893514025863283,0.1716530491605543,112.87205469611777,4.47860499843955,4.372249997686595,5.861964978976175,0.18261657380143642,0.264684674212142
10G_phase_asymmetric_px0.375_py0,10G_phase,asymmetric,phase_grid,0.375,Intensity-Weighted Centroid,15.0,10.0,20,20,1.0,0.42913125389446594,0.35616297322110857,0.2447968351230008,0.33690583207787655,0.36134966980362365,0.49404364539509477,0.8576615601483576,1.0907375770398215,-0.20077269978534673,0.0797795443942789,0.21604271032102815,247.02181408470636,0.21580499014817178,0.19949994748458266,0.3112200298346579,0.37476557791707393,0.6189373507820559
10G_phase_asymmetric_px0.375_py0,10G_phase,asymmetric,phase_grid,0.375,PSF-Aware Fitting,15.0,10.0,20,20,1.0,0.1391967071718614,0.14507943312712812,0.06075000374004414,0.10855995618368856,0.10621215634427125,0.15187589091723644,0.22927664059394354,0.2875770561229932,0.0025417858660716774,-0.0370345785908512,0.03712170102232515,75.9379437355462,3.545599983772263,3.638999944087118,4.082814982393757,0.1244845270205905,0.1786935274998277
10G_phase_asymmetric_px0.375_py0.125,10G_phase,asymmetric,phase_grid,0.375,Gaussian Fitting,15.0,10.0,20,20,1.0,0.2038478973160986,0.2045402543378776,0.06780995722288849,0.1922021135644673,0.09597136593857704,0.2148305274833273,0.29715339320246964,0.34065673812839725,0.16653811429531515,-0.008034302559332218,0.16673180119777495,107.41525830173538,4.359420004766434,4.057749931234866,5.600739986402914,0.18651682415054235,0.24331115200896306
10G_phase_asymmetric_px0.375_py0.125,10G_phase,asymmetric,phase_grid,0.375,Intensity-Weighted Centroid,15.0,10.0,20,20,1.0,0.4223938290007343,0.4041862721958195,0.24436283267965106,0.334526181323637,0.3552773209510422,0.48798538991769486,0.83684643174403,0.8745337086577079,-0.21494904305872636,-0.11788081812057953,0.24515092982209827,243.9926901646543,0.2052700030617416,0.19650004105642438,0.25732997455634177,0.3788752290559213,0.5876302052143405
10G_phase_asymmetric_px0.375_py0.125,10G_phase,asymmetric,phase_grid,0.375,PSF-Aware Fitting,15.0,10.0,20,20,1.0,0.12295510563264278,0.1213556738860661,0.05606064913046624,0.09848298933407076,0.09253029338486339,0.13513235875268212,0.2127431577875407,0.2138360479400128,0.0068639773997063004,-0.007852228290744279,0.01042936598617786,67.56617800826585,3.592890006257221,3.5083999973721802,4.252305009867996,0.11047596336530964,0.1575006935599146
10G_phase_asymmetric_px0.375_py0.25,10G_phase,asymmetric,phase_grid,0.375,Gaussian Fitting,15.0,10.0,20,20,1.0,0.25672771592079474,0.22858676734640881,0.08901596464217267,0.2360685667044443,0.13455331247202407,0.2717222149237798,0.37808470128895266,0.48972164504656845,0.20583444045585111,0.008604605388313757,0.20601421337291734,135.86109926696304,4.203329992014915,3.9155000122264028,5.380479973973706,0.22987867061087855,0.3170887331475796
10G_phase_asymmetric_px0.375_py0.25,10G_phase,asymmetric,phase_grid,0.375,Intensity-Weighted Centroid,15.0,10.0,20,20,1.0,0.46288248319635084,0.43922219189623224,0.21757442326254975,0.40185544680538343,0.31640325975074407,0.511467323402044,0.8839601067309752,1.0544517880276865,-0.14670350623358103,0.015418116814419135,0.1475114811373319,255.7336545090396,0.2027150127105415,0.19669998437166214,0.2676300471648574,0.40563903608261165,0.6244889836519464
10G_phase_asymmetric_px0.375_py0.25,10G_phase,asymmetric,phase_grid,0.375,PSF-Aware Fitting,15.0,10.0,20,20,1.0,0.15672476716605818,0.1490782057440575,0.0875882812892254,0.12598335354511486,0.12791620027182726,0.17953929837908922,0.2825217006638264,0.34483583893144737,0.045413557910393365,0.005924364811062332,0.045798355216046846,89.76964599556865,3.3549850049894303,3.0338999931700528,4.499890049919487,0.14133511845243235,0.21686778603637258
10G_phase_asymmetric_px0.375_py0.375,10G_phase,asymmetric,phase_grid,0.375,Gaussian Fitting,15.0,10.0,20,20,1.0,0.20318941486741324,0.19381825869171038,0.10647424762137114,0.18771605778052222,0.1318536513413204,0.22939638994696243,0.38325803590423113,0.3976385085128097,0.1275124788261394,0.026343238142993643,0.13020521668598814,114.69818826208015,4.209264984820038,3.9688999531790614,5.6297249160707,0.18269171294289488,0.2709977367316042
10G_phase_asymmetric_px0.375_py0.375,10G_phase,asymmetric,phase_grid,0.375,Intensity-Weighted Centroid,15.0,10.0,20,20,1.0,0.4799953117219462,0.4771255186224044,0.27639798157817036,0.3076435483701614,0.46059395419583077,0.5538874827034231,0.8979941941344789,0.9288555565880252,-0.14401578900310597,-0.3304355124748099,0.36045551096727235,276.94373770036987,0.1986499992199242,0.1953499740920961,0.24318009964190423,0.4436421282861658,0.6619175580620524
10G_phase_asymmetric_px0.375_py0.375,10G_phase,asymmetric,phase_grid,0.375,PSF-Aware Fitting,15.0,10.0,20,20,1.0,0.17265099041659396,0.16522008392319507,0.06893902388203084,0.13376887412367397,0.12910012324286413,0.18590576512211243,0.2932201609983103,0.3333015724371112,-0.02834148357295021,0.02590477799776636,0.03839657815781722,92.95287916232209,3.478949988493696,3.480200015474111,4.103990003932268,0.15370562158915985,0.21750477750516067
10G_phase_asymmetric_px0.375_py0.5,10G_phase,asymmetric,phase_grid,0.375,Gaussian Fitting,15.0,10.0,20,20,1.0,0.21671800907644334,0.2293786521988754,0.09874422435000868,0.2056231402537198,0.12015091132713593,0.23815355823615614,0.37512648626602657,0.393591702675803,0.1799234706642096,0.04179322256171645,0.1847136398535524,119.07677091511418,4.225854994729161,4.026000038720667,5.289015016751364,0.198951533664524,0.27743205383203956
10G_phase_asymmetric_px0.375_py0.5,10G_phase,asymmetric,phase_grid,0.375,Intensity-Weighted Centroid,15.0,10.0,20,20,1.0,0.5420470684473475,0.4475567047186609,0.3249310949995724,0.3474123392819857,0.5279203608733074,0.6319772471458008,1.0880103590461379,1.2457537105191954,-0.13908661365744024,-0.2918709685855049,0.3233167926380175,315.98861276459866,0.2274499915074557,0.2117999829351902,0.3294349415227771,0.47611737819882927,0.7728932381034805
10G_phase_asymmetric_px0.375_py0.5,10G_phase,asymmetric,phase_grid,0.375,PSF-Aware Fitting,15.0,10.0,20,20,1.0,0.1407136867246702,0.13703584224367604,0.055182481806737994,0.09234046266062212,0.11966071571581814,0.15114710691905286,0.2153663486334634,0.23814481522427872,0.014413213603165786,0.041643235185517824,0.044066991763527866,75.57354872620866,3.405954997288063,3.2057499629445374,4.80766998953186,0.12656569078129395,0.17252096275600712
10G_phase_asymmetric_px0.375_py0.625,10G_phase,asymmetric,phase_grid,0.375,Gaussian Fitting,15.0,10.0,20,20,1.0,0.17889403741532645,0.1637203553678342,0.09109504406752253,0.16810726718840835,0.10973299592586161,0.2007520452608642,0.2942555956019949,0.44730103416041705,0.1341900025776795,0.014290063159666033,0.13494874099785026,100.37601512159694,4.633974970784038,4.469949984923005,6.305614998564124,0.15618262170941197,0.24733871850281075
10G_phase_asymmetric_px0.375_py0.625,10G_phase,asymmetric,phase_grid,0.375,Intensity-Weighted Centroid,15.0,10.0,20,20,1.0,0.618802898819435,0.5737590661735832,0.29565427320219057,0.507891360194136,0.4608414511414979,0.6858049845619754,1.0558067783456797,1.2609461965559638,-0.37213216000641863,0.23975426997903354,0.442678726035284,342.90245532765647,0.21024001180194318,0.20220002625137568,0.25262002018280333,0.5448293375015002,0.8099037967715002
10G_phase_asymmetric_px0.375_py0.625,10G_phase,asymmetric,phase_grid,0.375,PSF-Aware Fitting,15.0,10.0,20,20,1.0,0.13184173449305736,0.13409425104066086,0.06937395125597402,0.1016352296881345,0.10892781166095386,0.14897982436224072,0.21965178602682534,0.3098194890786501,-0.029161240269422704,0.015872433718357115,0.03320108561771196,74.4899069927746,3.765905002364889,3.682300040964037,4.418614984024316,0.11607822995692081,0.17974332601892767
10G_phase_asymmetric_px0.375_py0.75,10G_phase,asymmetric,phase_grid,0.375,Gaussian Fitting,15.0,10.0,20,20,1.0,0.19185047724665244,0.20373870341213418,0.09699457266288819,0.16038788060073897,0.14314426465013433,0.21497570268712834,0.30984137953186297,0.4448040905032844,0.13603531263240712,-0.0344641330190484,0.14033311351121447,107.48784268692985,4.835844994522631,4.833200015127659,6.15764997783117,0.17020589886464274,0.25569731181726996
10G_phase_asymmetric_px0.375_py0.75,10G_phase,asymmetric,phase_grid,0.375,Intensity-Weighted Centroid,15.0,10.0,20,20,1.0,0.45767838351394047,0.5324271280989579,0.24526257050509614,0.382272187437426,0.35141315561388176,0.5192525697834348,0.7852905890463598,0.8843469888496861,-0.11404787116965168,0.087820867104125,0.14394242466086865,259.62625535827476,0.24273500312119722,0.20834995666518807,0.3574750269763172,0.4170670453603295,0.6069061993748242
10G_phase_asymmetric_px0.375_py0.75,10G_phase,asymmetric,phase_grid,0.375,PSF-Aware Fitting,15.0,10.0,20,20,1.0,0.13913647046856098,0.12200095326897145,0.09539821420461281,0.08642701184407983,0.14487977191996543,0.16870025692890311,0.24640262879400032,0.4286903886141621,-0.025960085378238774,-0.0359416783983761,0.04433655691342915,84.35012115396468,4.243340023094788,4.216300032567233,5.514344974653795,0.11834529682011753,0.21993340405635808
10G_phase_asymmetric_px0.375_py0.875,10G_phase,asymmetric,phase_grid,0.375,Gaussian Fitting,15.0,10.0,20,20,1.0,0.25551317227441184,0.21949699633752023,0.11572978169158614,0.25554523502483634,0.11565896606928759,0.2805002024528957,0.4658718372620817,0.4946356965018709,0.21178217161651675,0.0009742726665706413,0.21178441260356384,140.25008741098776,4.689070000313222,4.450300009921193,5.7729800581000745,0.22592296439918466,0.33295284396872454
10G_phase_asymmetric_px0.375_py0.875,10G_phase,asymmetric,phase_grid,0.375,Intensity-Weighted Centroid,15.0,10.0,20,20,1.0,0.46736652794819733,0.47451491672602103,0.22963127382219603,0.3100509254301502,0.41836636696018586,0.5207321704711141,0.7639028619670999,1.1241644509764646,-0.11268663502924596,0.10295555080406871,0.15263722729263543,260.36604677029527,0.23246498894877732,0.2203499898314476,0.3634949680417776,0.40905360005827374,0.6338565592001267
10G_phase_asymmetric_px0.375_py0.875,10G_phase,asymmetric,phase_grid,0.375,PSF-Aware Fitting,15.0,10.0,20,20,1.0,0.1724903019509983,0.16745995304087474,0.07268243239649165,0.14680872352567015,0.11611562747098465,0.18717809766694696,0.29408729507390596,0.33307524618174006,0.051298846686034946,0.00416681938663146,0.051467796291643636,93.5890387407849,3.9003249956294894,3.811099973972887,4.679325065808371,0.1531415462140528,0.21980145098806497
10G_phase_asymmetric_px0.5_py0,10G_phase,asymmetric,phase_grid,0.5,Gaussian Fitting,15.0,10.0,20,20,1.0,0.19670783340240167,0.17087268730699598,0.08535244292480469,0.18199731528946406,0.11338425138671801,0.21442717000207565,0.33412213797490264,0.35918837909826923,0.12880298184003322,0.014299498396462695,0.12959430460199386,107.21357728105927,4.736089991638437,4.668449983000755,5.5072549323085696,0.17609450948802988,0.2513123456719397
10G_phase_asymmetric_px0.5_py0,10G_phase,asymmetric,phase_grid,0.5,Intensity-Weighted Centroid,15.0,10.0,20,20,1.0,0.4568992047930419,0.46764201951300294,0.1881717945038557,0.34594463207016074,0.352828313956174,0.4941310631677748,0.705691879380245,0.8334484064728658,-0.20277876498006436,0.036834556984155144,0.20609709390250788,247.0655254093668,0.21685499814338982,0.20289997337386012,0.27710500871762633,0.41198863900616145,0.5719954031022703
10G_phase_asymmetric_px0.5_py0,10G_phase,asymmetric,phase_grid,0.5,PSF-Aware Fitting,15.0,10.0,20,20,1.0,0.14883588184642743,0.16871064946999892,0.08984529887114738,0.13075324626522974,0.1145769874161198,0.17385136598327175,0.296416529291798,0.2984917692773687,-0.025896474411541703,0.014092226206497572,0.02948250712545884,86.9256802642972,3.7044200056698173,3.7032500258646905,4.372050100937486,0.1365273659262548,0.20742921774575565
10G_phase_asymmetric_px0.5_py0.125,10G_phase,asymmetric,phase_grid,0.5,Gaussian Fitting,15.0,10.0,20,20,1.0,0.20640031427598995,0.18975279248356974,0.1095015628824837,0.21584984006802066,0.08944567373296411,0.23364862937097228,0.39270999047427047,0.44300579768781767,0.16577926623093617,0.03140501519154668,0.16872770990933555,116.82430382079245,4.545129992766306,4.527749959379435,5.258489970583469,0.18379629291862834,0.2792024497258247
10G_phase_asymmetric_px0.5_py0.125,10G_phase,asymmetric,phase_grid,0.5,Intensity-Weighted Centroid,15.0,10.0,20,20,1.0,0.367292326923487,0.2880719126419616,0.21263584461642926,0.25118151001776895,0.34208990756496366,0.4244027047894628,0.8245949836794121,0.839832571492514,-0.09932031017519875,0.034641122117352555,0.1051880761058354,212.20134312129846,0.2246950112748891,0.2098999684676528,0.2852749661542475,0.3135876462654084,0.526052639727592
10G_phase_asymmetric_px0.5_py0.125,10G_phase,asymmetric,phase_grid,0.5,PSF-Aware Fitting,15.0,10.0,20,20,1.0,0.14301816914518306,0.14005429982410428,0.07482146756044294,0.13523007454224156,0.08812080147637331,0.16140770958519488,0.2732934504893487,0.29472193943023023,0.005070433905746086,0.03097027155173464,0.03138259103357662,80.70385067442088,3.7325299985241145,3.6694500013254583,4.494080011500046,0.1267289611235487,0.19213126732663555
10G_phase_asymmetric_px0.5_py0.25,10G_phase,asymmetric,phase_grid,0.5,Gaussian Fitting,15.0,10.0,20,20,1.0,0.21968491822682235,0.2043418303384797,0.090869396831821,0.18786135548354319,0.1456942747426625,0.23773664121650365,0.35056287842455713,0.3803444323161424,0.1572934530167629,-0.007127561392638882,0.15745485858919195,118.86831255136114,4.695350007386878,4.457100003492087,6.443739996757359,0.19545382930713068,0.27631259851488954
10G_phase_asymmetric_px0.5_py0.25,10G_phase,asymmetric,phase_grid,0.5,Intensity-Weighted Centroid,15.0,10.0,20,20,1.0,0.5309719894837049,0.5486128526290204,0.2303036278715993,0.29455933119216937,0.4982025843316407,0.5787668050494117,0.8452047667906382,0.8495875470710775,-0.17478024660146615,-0.2240138787027206,0.2841308720528386,289.3833944919692,0.23117499076761305,0.20355003653094172,0.32566507579758774,0.4855526689650559,0.6577329898711712
10G_phase_asymmetric_px0.5_py0.25,10G_phase,asymmetric,phase_grid,0.5,PSF-Aware Fitting,15.0,10.0,20,20,1.0,0.15633039947630784,0.1387267238734245,0.082218638418077,0.10240068040323405,0.1439208079351252,0.1766326648832103,0.3046017783638173,0.34834209703629776,-0.0011442852741197385,-0.011411039808126588,0.011468270065324455,88.31632961456619,3.879105020314455,3.670850011985749,5.67066001240164,0.13864437823210987,0.2139507990592931
10G_phase_asymmetric_px0.5_py0.375,10G_phase,asymmetric,phase_grid,0.5,Gaussian Fitting,15.0,10.0,20,20,1.0,0.22700402157825286,0.2143413152855923,0.09527672535449061,0.2165204942098586,0.11716379899138425,0.2461878961423061,0.3793197046802545,0.38821268376994855,0.17150620805763878,-0.010086118092635843,0.17180252961027284,123.09393691571718,4.817799985175952,4.2272499413229525,6.893529975786806,0.20424477107691508,0.2828400247728752
10G_phase_asymmetric_px0.5_py0.375,10G_phase,asymmetric,phase_grid,0.5,Intensity-Weighted Centroid,15.0,10.0,20,20,1.0,0.5953235676734396,0.5507469253458943,0.20621467014522038,0.493097907084351,0.39215952677394844,0.6300274917894729,0.9027959971109383,1.082427789618838,-0.38894048965981937,-0.1948099755774649,0.4350007253802142,315.01373944436307,0.22885999060235918,0.20579993724822998,0.2837900305166841,0.5337846409367037,0.725448462186417
10G_phase_asymmetric_px0.5_py0.375,10G_phase,asymmetric,phase_grid,0.5,PSF-Aware Fitting,15.0,10.0,20,20,1.0,0.16296445863539427,0.16771418204628213,0.06273792582313079,0.131104660686856,0.11534743196577957,0.17462377305199825,0.23149150991735198,0.25818957593848485,0.010757973396698617,-0.008676536966095227,0.013820864131019166,87.31188186738561,3.9889799954835325,3.724500013049692,5.640380078693852,0.14995820848492725,0.19546729042528163
10G_phase_asymmetric_px0.5_py0.5,10G_phase,asymmetric,phase_grid,0.5,Gaussian Fitting,15.0,10.0,20,20,1.0,0.19505136244915053,0.21138316953346187,0.0975288906753941,0.1736334625365579,0.13194066544173796,0.2180754880990591,0.3343709758049175,0.37136588847962176,0.13786780583787958,-0.07547261094312034,0.1571739383266923,109.03773546528645,4.613560001598671,4.181650059763342,7.543914933921769,0.17894572143664042,0.2548821022632311
10G_phase_asymmetric_px0.5_py0.5,10G_phase,asymmetric,phase_grid,0.5,Intensity-Weighted Centroid,15.0,10.0,20,20,1.0,0.6449429866902989,0.69722865842145,0.2954533097557836,0.4238068796839198,0.5688864940031796,0.7093970075540565,1.1902589010663227,1.2051431381986206,-0.32721985273702214,-0.36019329858851845,0.4866333777838467,354.69849542583114,0.22978000924922526,0.20845001563429832,0.35389500553719705,0.5854081823849079,0.8260478942736921
10G_phase_asymmetric_px0.5_py0.5,10G_phase,asymmetric,phase_grid,0.5,PSF-Aware Fitting,15.0,10.0,20,20,1.0,0.15782603288984917,0.1492310471336758,0.06297780646188912,0.10658919777330013,0.13234048391381686,0.16992722196428361,0.26616955579597945,0.2669143667650575,-0.023193034135960033,-0.07120217703096046,0.07488435648638533,84.96360673824252,3.577109979232773,3.3042499562725425,4.834830027539283,0.1397974784748722,0.19625529027339922
10G_phase_asymmetric_px0.5_py0.625,10G_phase,asymmetric,phase_grid,0.5,Gaussian Fitting,15.0,10.0,20,20,1.0,0.23936038530966117,0.2341693763545215,0.079670724563102,0.20998156116788247,0.13981617351901007,0.25227131903567457,0.380649541791432,0.4114456107872788,0.1733757708458711,0.004927824722767582,0.17344578799411167,126.13564659720625,5.283865018282086,4.852849990129471,7.4091149785090265,0.21882577191509656,0.28588447835959757
10G_phase_asymmetric_px0.5_py0.625,10G_phase,asymmetric,phase_grid,0.5,Intensity-Weighted Centroid,15.0,10.0,20,20,1.0,0.5903756369338456,0.6271916610750707,0.16458768591317233,0.45581287392198955,0.40971590523956164,0.6128886514198946,0.8440051779816957,0.8777827350980099,-0.3061005336124424,0.2395549412774244,0.38869539046437407,306.44429118730153,0.2989600005093962,0.20070001482963562,0.43443494942039357,0.5426645620365865,0.676228897670567
10G_phase_asymmetric_px0.5_py0.625,10G_phase,asymmetric,phase_grid,0.5,PSF-Aware Fitting,15.0,10.0,20,20,1.0,0.1665585055725935,0.1533062229966835,0.07611261950914457,0.11912714884650084,0.13908123178496481,0.18312527577349738,0.2856483509334012,0.3989241408344206,0.015650700137348393,0.002192894554315217,0.015803581914096004,91.56262994494935,4.095994995441288,3.5991499898955226,6.732720037689434,0.1453173454051075,0.22381937277061875
10G_phase_asymmetric_px0.5_py0.75,10G_phase,asymmetric,phase_grid,0.5,Gaussian Fitting,15.0,10.0,20,20,1.0,0.21601955743340193,0.19853885767036528,0.10645326370933611,0.21320883617419492,0.11197650970331956,0.24082513686924856,0.411288787940246,0.4155320576457169,0.1568544071805377,-0.009696443846559077,0.15715382933682331,120.41255484801955,5.229194997809827,5.119899986311793,6.604724959470332,0.1907596943677202,0.2871926149846123
10G_phase_asymmetric_px0.5_py0.75,10G_phase,asymmetric,phase_grid,0.5,Intensity-Weighted Centroid,15.0,10.0,20,20,1.0,0.42290328731549415,0.38105887489327167,0.26645359181507844,0.3434482776525889,0.36316385777067367,0.49984468289000317,0.9254884814171105,1.2647076136186575,-0.2107825604262814,0.13720635401174378,0.25150521139939613,249.922296206189,0.22046000231057405,0.20194996614009142,0.28752004145644616,0.3509205134005747,0.6534096111130703
10G_phase_asymmetric_px0.5_py0.75,10G_phase,asymmetric,phase_grid,0.5,PSF-Aware Fitting,15.0,10.0,20,20,1.0,0.16512925722721977,0.1514864262590615,0.07134146024573691,0.14507115691386052,0.10635617036205015,0.17988128180110174,0.2841857319364805,0.3258111648817672,-0.005559899974429072,-0.005837180282952659,0.00806133744370918,89.9406330989412,4.3946599995251745,4.171049979049712,5.89889498660341,0.14702889991066997,0.2109805228917501
10G_phase_asymmetric_px0.5_py0.875,10G_phase,asymmetric,phase_grid,0.5,Gaussian Fitting,15.0,10.0,20,20,1.0,0.21935365133858564,0.21535103095797886,0.08937367710575418,0.21061945887005307,0.10836568672905374,0.2368621508704449,0.36445519628780015,0.4327556912827017,0.13857840634100285,-0.0017248920238046139,0.13858914083183388,118.43106148305176,5.089740001130849,4.884850000962615,6.607920012902468,0.19762116376172303,0.2756254739453246
10G_phase_asymmetric_px0.5_py0.875,10G_phase,asymmetric,phase_grid,0.5,Intensity-Weighted Centroid,15.0,10.0,20,20,1.0,0.45783100324978687,0.44413790604513237,0.17302691104876486,0.3827100321500635,0.3050910860308458,0.48943594012269226,0.723715100759406,0.7888142490033493,-0.3185916633948523,-0.02380877131009811,0.31948005505194754,244.71794637739424,0.23903000401332974,0.2203499898314476,0.3298750554677099,0.41317759960758993,0.5552580482301048
10G_phase_asymmetric_px0.5_py0.875,10G_phase,asymmetric,phase_grid,0.5,PSF-Aware Fitting,15.0,10.0,20,20,1.0,0.1718309175090649,0.15597530842884297,0.09122185311590648,0.1584465459195505,0.11288039149502826,0.1945438014892972,0.2967201316729639,0.40176913553592586,-0.019861335241131428,-0.006863307620528758,0.021013748572175726,97.27189140129985,4.077370010782033,3.9761500083841383,4.986649967031554,0.15048258876910223,0.23466322033862655
10G_phase_asymmetric_px0.625_py0,10G_phase,asymmetric,phase_grid,0.625,Gaussian Fitting,15.0,10.0,20,20,1.0,0.2130546474529104,0.1942370817234137,0.10944082553017731,0.2138439466374821,0.10789042395187978,0.23951947122104844,0.4144417749030704,0.5073248502458796,0.1667958465044137,0.0365182533699965,0.17074670491789642,119.75972081687384,5.195359990466386,5.013649933971465,6.666180002503099,0.18459326520646682,0.29441278160409434
10G_phase_asymmetric_px0.625_py0,10G_phase,asymmetric,phase_grid,0.625,Intensity-Weighted Centroid,15.0,10.0,20,20,1.0,0.648580143153331,0.664772533872378,0.24709279678696616,0.5859705774783571,0.3719536727154082,0.694054070168024,0.9942210024771511,1.031008876511408,0.4112631542607176,0.047917533639451906,0.4140452536650587,347.0269673510214,0.2283149864524603,0.20699994638562202,0.3054549684748054,0.5855570700062837,0.7886317956485657
10G_phase_asymmetric_px0.625_py0,10G_phase,asymmetric,phase_grid,0.625,PSF-Aware Fitting,15.0,10.0,20,20,1.0,0.15525200917227028,0.1457267396285575,0.08237615713361261,0.13843225149389649,0.10828448347966999,0.17575271723682773,0.28496017509423865,0.36156265700910606,0.006736820038526048,0.035661579882923886,0.03629232734308518,87.87635260483074,4.074939992278814,3.916349960491061,5.483974912203848,0.136012933473164,0.21547846901507348
10G_phase_asymmetric_px0.625_py0.125,10G_phase,asymmetric,phase_grid,0.625,Gaussian Fitting,15.0,10.0,20,20,1.0,0.18444510878902295,0.18794240297027176,0.10810997545646507,0.19568614151858496,0.08610864629617827,0.21379374394353076,0.3727742873811647,0.40339205270824113,0.14421467303611166,-0.0006108359654547257,0.1442159666593449,106.8968587922601,4.746880009770393,4.641399951651692,5.866100057028234,0.1658286791225645,0.26110186089349086
10G_phase_asymmetric_px0.625_py0.125,10G_phase,asymmetric,phase_grid,0.625,Intensity-Weighted Centroid,15.0,10.0,20,20,1.0,0.47970067192323934,0.4366711541691792,0.2668873533427123,0.37528935128702723,0.40062388449572905,0.5489458935249311,1.0519442799047054,1.062259188134127,0.2399538504424868,-0.14564128409923568,0.28069420011152635,274.4729154394768,0.241575000109151,0.20690006203949451,0.4616900172550231,0.418567725611857,0.6789337030227527
10G_phase_asymmetric_px0.625_py0.125,10G_phase,asymmetric,phase_grid,0.625,PSF-Aware Fitting,15.0,10.0,20,20,1.0,0.14512733485214185,0.14050341681136091,0.06914033541550184,0.1332867518803905,0.08987197046815562,0.16075549540421258,0.27340722311413235,0.29740415772149625,-0.021440073397531022,0.0013726309938249415,0.021483967583682637,80.3777426669894,3.747535013826564,3.709050011821091,4.315604985458777,0.12952404600197556,0.19096868826854532
10G_phase_asymmetric_px0.625_py0.25,10G_phase,asymmetric,phase_grid,0.625,Gaussian Fitting,15.0,10.0,20,20,1.0,0.2085296169172406,0.2116019212190557,0.11055775681740516,0.20614503185211297,0.11494278823327252,0.23602461465734376,0.36682365669172795,0.3879511387728332,0.15578787978624292,-0.029197453770302674,0.1585003305831311,118.01229344936505,5.005620024167001,4.646900051739067,6.652029987890274,0.19189183506490742,0.27565444317334353
10G_phase_asymmetric_px0.625_py0.25,10G_phase,asymmetric,phase_grid,0.625,Intensity-Weighted Centroid,15.0,10.0,20,20,1.0,0.46447641802657574,0.4909351101661036,0.18964000974704628,0.35289525467041477,0.3566042840891866,0.5016987903111368,0.7643666511466914,0.8107958615808213,0.20173730622826724,-0.10876522895267157,0.22918947566012873,250.84936970887676,0.2196950081270188,0.20575005328282714,0.28564005624502903,0.41321039478174887,0.5781937293877443
10G_phase_asymmetric_px0.625_py0.25,10G_phase,asymmetric,phase_grid,0.625,PSF-Aware Fitting,15.0,10.0,20,20,1.0,0.16422853633584647,0.17159963088299782,0.04870860816925995,0.13323393344996678,0.10766735640040007,0.17129956408818134,0.22301010895183554,0.24484631900668896,-0.00783222570109956,-0.02652688615891634,0.027658984954641263,85.64977650830255,4.176980000920594,3.612050029914826,6.24971496872604,0.15049276302680348,0.18883737840463685
10G_phase_asymmetric_px0.625_py0.375,10G_phase,asymmetric,phase_grid,0.625,Gaussian Fitting,15.0,10.0,20,20,1.0,0.25733173122951225,0.25810583663524117,0.09421648625947995,0.24288586103727206,0.12689690574968207,0.2740371620431446,0.38105253813271944,0.42219720106566344,0.21960203876284368,-0.007918003101752901,0.21974473873546294,137.01856364453286,4.818945017177612,4.475400026421994,6.110520049696789,0.2388459541443323,0.3114265864641298
10G_phase_asymmetric_px0.625_py0.375,10G_phase,asymmetric,phase_grid,0.625,Intensity-Weighted Centroid,15.0,10.0,20,20,1.0,0.48036080401307607,0.49815032772195167,0.19489674081186437,0.35592782418549734,0.37689073427421055,0.5183929413207474,0.7359386566973225,0.7534796384640505,0.18935970834098725,-0.18645860815163928,0.2657515977314724,259.1964444849268,0.24467002949677408,0.2309500123374164,0.32005008542910224,0.4385283215098543,0.5854126575391165
10G_phase_asymmetric_px0.625_py0.375,10G_phase,asymmetric,phase_grid,0.625,PSF-Aware Fitting,15.0,10.0,20,20,1.0,0.1594865873090447,0.13776675926679013,0.06961005783016179,0.11861423161169768,0.1273271209985153,0.1740158949136659,0.273087844640995,0.275397950660095,0.05718777198388807,-0.008869916591555694,0.05787155332995934,87.00794092022471,4.234340006951243,4.041800042614341,5.521469999803231,0.14327267947116568,0.20243456983799638
10G_phase_asymmetric_px0.625_py0.5,10G_phase,asymmetric,phase_grid,0.625,Gaussian Fitting,15.0,10.0,20,20,1.0,0.21002358202106564,0.19803119624754312,0.1119432831664737,0.19275998172416656,0.1395879403700319,0.23799412524482325,0.45428669509475605,0.46993779241710504,0.14780237598977236,0.04339921873690855,0.15404231410620936,118.99704671332208,4.682019999017939,4.6678000362589955,5.666424985975027,0.18569244499444462,0.292649466458852
10G_phase_asymmetric_px0.625_py0.5,10G_phase,asymmetric,phase_grid,0.625,Intensity-Weighted Centroid,15.0,10.0,20,20,1.0,0.628828019070754,0.634324759872116,0.2732148387398506,0.46873959089336203,0.5003540962210812,0.685617258881434,0.919042757655342,1.4840258156647548,0.3316756221628168,-0.3825595733071907,0.506320595538115,342.8085829130869,0.22611500462517142,0.2013500197790563,0.3249900706578047,0.5632222964941747,0.8293601580829923
10G_phase_asymmetric_px0.625_py0.5,10G_phase,asymmetric,phase_grid,0.625,PSF-Aware Fitting,15.0,10.0,20,20,1.0,0.15431330922255543,0.1304277244813744,0.10168701159986523,0.12205481950856749,0.13876406871397995,0.1848048855721275,0.320592890703842,0.48016635531759927,-0.007249651020339342,0.04205397366514489,0.04267427961835334,92.40243345568213,3.8172750268131495,3.701350011397153,4.451830039033666,0.13123877629595423,0.24416440237269127
10G_phase_asymmetric_px0.625_py0.625,10G_phase,asymmetric,phase_grid,0.625,Gaussian Fitting,15.0,10.0,20,20,1.0,0.22021934182552422,0.24260350278329043,0.10210918581545413,0.21513997266519538,0.1124172429104228,0.24274028166326667,0.3759663171399436,0.3912098214401412,0.1757467589355201,-0.02126799547077667,0.1770289549980025,121.37012457577029,4.467420000582933,4.293750040233135,5.485889990814031,0.19833279981688678,0.28061389086770216
10G_phase_asymmetric_px0.625_py0.625,10G_phase,asymmetric,phase_grid,0.625,Intensity-Weighted Centroid,15.0,10.0,20,20,1.0,0.6162828611837646,0.6032064188637177,0.22022656408578178,0.45591121413977787,0.4695202544507209,0.6544496195413946,0.9802181864524578,1.1067046029747296,0.14260050520298934,0.2637509868976565,0.29983243182423674,327.22474078211513,0.20111501216888428,0.19210000755265355,0.2538350585382432,0.5604792035658733,0.7483829146648742
10G_phase_asymmetric_px0.625_py0.625,10G_phase,asymmetric,phase_grid,0.625,PSF-Aware Fitting,15.0,10.0,20,20,1.0,0.15519401406496763,0.1509120651430011,0.06570179984789257,0.12352708648435094,0.11464278175941817,0.1685286578147761,0.25515545550992874,0.3001468301719725,0.013164096932189295,-0.01637480171135621,0.021010177988925034,84.26432106229119,3.8475550070870668,3.8501500384882092,4.575994977494702,0.1377403481410231,0.19651352312870746
10G_phase_asymmetric_px0.625_py0.75,10G_phase,asymmetric,phase_grid,0.625,Gaussian Fitting,15.0,10.0,20,20,1.0,0.2351101223454199,0.203656146847784,0.09376830247049373,0.22839354724122896,0.10911302285265871,0.2531190711453333,0.39264850718506006,0.4160635377150917,0.1954945128537986,0.01923057208396699,0.19643808046970088,126.55951675429333,4.678104992490262,4.390300018712878,6.125869997777045,0.20992259699612054,0.2941401558103987
10G_phase_asymmetric_px0.625_py0.75,10G_phase,asymmetric,phase_grid,0.625,Intensity-Weighted Centroid,15.0,10.0,20,20,1.0,0.5561214012642379,0.6026739713720413,0.23199782645741784,0.4820364978014082,0.36157270252664087,0.6025728208482903,0.887344607190878,1.136446249030646,0.34001180422692984,0.1751043704495885,0.38245204609754513,301.2863351354868,0.20031998865306377,0.19115000031888485,0.25748496991582215,0.49842043924841056,0.7113940801085612
10G_phase_asymmetric_px0.625_py0.75,10G_phase,asymmetric,phase_grid,0.625,PSF-Aware Fitting,15.0,10.0,20,20,1.0,0.14460322380346408,0.1370720314662648,0.07491108273472588,0.11838627896440265,0.11183224760240802,0.1628550356938454,0.2752544900230259,0.277502493111091,0.031056082664764516,0.017779683586223883,0.03578543584905633,81.42750772834846,3.9810200047213584,3.7921000039204955,5.098929925588891,0.1295399433465971,0.19416846313980288
10G_phase_asymmetric_px0.625_py0.875,10G_phase,asymmetric,phase_grid,0.625,Gaussian Fitting,15.0,10.0,20,20,1.0,0.20333084390392747,0.19514760184708307,0.10444403320809112,0.19790309063535624,0.11439560687557068,0.22858693784959838,0.4410167620161252,0.4421235434627292,0.13941777256431465,-0.025366552011274735,0.14170665922156117,114.29345028841804,4.8852749925572425,4.635499964933842,6.701555004110561,0.17581446206693327,0.28084700331670975
10G_phase_asymmetric_px0.625_py0.875,10G_phase,asymmetric,phase_grid,0.625,Intensity-Weighted Centroid,15.0,10.0,20,20,1.0,0.45480212190846575,0.46845583118633494,0.20482017002915912,0.3575675529108985,0.34776675696295106,0.4987948196836215,0.7240047869182528,0.795620390947997,0.200112282419434,0.05527776475595374,0.20760673604565405,249.3973598942126,0.20851000444963574,0.19275001250207424,0.26180009008385247,0.420441014281078,0.5688369607605237
10G_phase_asymmetric_px0.625_py0.875,10G_phase,asymmetric,phase_grid,0.625,PSF-Aware Fitting,15.0,10.0,20,20,1.0,0.16267377820293596,0.15108773129848163,0.08767533780009752,0.14281256373415857,0.11727870485666231,0.1847964365813887,0.2855643561980969,0.31541006780111924,-0.029379388174965014,-0.027598579076567376,0.040309180301524576,92.39820620769899,4.292425001040101,4.166900005657226,5.655504995957017,0.14498779824897595,0.2182707852931167
10G_phase_asymmetric_px0.75_py0,10G_phase,asymmetric,phase_grid,0.75,Gaussian Fitting,15.0,10.0,20,20,1.0,0.19598413728132164,0.1747488870797771,0.11936510386828668,0.1878444621828139,0.1318039002254493,0.2294728961934084,0.39136854926595493,0.4581811817725603,0.13704122959670145,0.047136407447266035,0.14492114930682312,114.73643298885797,4.371335014002398,4.266000003553927,5.558774998644367,0.17285732375071503,0.281486075727756
10G_phase_asymmetric_px0.75_py0,10G_phase,asymmetric,phase_grid,0.75,Intensity-Weighted Centroid,15.0,10.0,20,20,1.0,0.49578961325884824,0.49866440139098056,0.26647463249073744,0.4471588262529291,0.34185531220171866,0.5628641668968027,0.9662712291018073,0.9988367006920986,0.17596313490964235,-0.1271971142834559,0.2171223865225959,281.43203254075115,0.21828499739058316,0.20209996728226542,0.30128506477922207,0.44138830828870756,0.6704483149257706
10G_phase_asymmetric_px0.75_py0,10G_phase,asymmetric,phase_grid,0.75,PSF-Aware Fitting,15.0,10.0,20,20,1.0,0.1655146981040803,0.14090040605845805,0.08938288296928232,0.12994926865449563,0.13600589190379575,0.188107456142454,0.33334951242804906,0.3430338655529781,-0.025457262867132614,0.04160772730433564,0.048777814671408216,94.05372222856435,4.062619985779747,3.943749936297536,5.208040034631267,0.14402378289718162,0.22859665631165527
10G_phase_asymmetric_px0.75_py0.125,10G_phase,asymmetric,phase_grid,0.75,Gaussian Fitting,15.0,10.0,20,20,1.0,0.18799635131821593,0.19999456477210437,0.07718474986850024,0.1721276318645243,0.1080379195927792,0.20322429412160598,0.2878370589904693,0.3039882186711155,0.15066583768023065,0.020994881137954734,0.15212159504121187,101.6121334112194,5.000900017330423,4.7645000158809125,6.760720023885369,0.17096034625952702,0.23073837950534395
10G_phase_asymmetric_px0.75_py0.125,10G_phase,asymmetric,phase_grid,0.75,Intensity-Weighted Centroid,15.0,10.0,20,20,1.0,0.5967775071456823,0.5149299007352791,0.2558706094796839,0.5341774026882884,0.3691445032608695,0.6493174584365646,1.0299065678841917,1.115303437143945,0.4084005709196106,0.01477418367591099,0.4086677168932646,324.6586542945489,0.23146498715505004,0.20569999469444156,0.31381990411318844,0.5395475918110761,0.75818109115929
10G_phase_asymmetric_px0.75_py0.125,10G_phase,asymmetric,phase_grid,0.75,PSF-Aware Fitting,15.0,10.0,20,20,1.0,0.11874559594816418,0.10948808356195655,0.06221492154855704,0.08037107329403101,0.10729260737787699,0.13405675298312195,0.23730426317488604,0.2447295595898393,-0.011534940963207419,0.01982916922411846,0.022940157260651184,67.0283730890297,4.455325013259426,4.317250044550747,6.211300025461242,0.10588239834354984,0.16228320170484953
10G_phase_asymmetric_px0.75_py0.25,10G_phase,asymmetric,phase_grid,0.75,Gaussian Fitting,15.0,10.0,20,20,1.0,0.21976513739384052,0.2337776149185093,0.0766691715639206,0.1909598367064609,0.1330759867409341,0.23275497305542472,0.31103632289667177,0.3321229444810969,0.14572856139616874,-0.05432700912709265,0.15552568124683502,116.37747141581164,4.782530013471842,4.476400034036487,6.2254350224975505,0.20156038810772262,0.26039900173928743
10G_phase_asymmetric_px0.75_py0.25,10G_phase,asymmetric,phase_grid,0.75,Intensity-Weighted Centroid,15.0,10.0,20,20,1.0,0.43549275693022943,0.4075277983189673,0.16275749986512508,0.3156601142846983,0.341324826742517,0.46491283602524686,0.7718431324357394,0.8508400518614166,0.14551416013709967,-0.1931315443719484,0.2418143176734979,232.45639278242973,0.20521500846371055,0.19445002544671297,0.2596450620330871,0.38693670885355563,0.5436455684671704
10G_phase_asymmetric_px0.75_py0.25,10G_phase,asymmetric,phase_grid,0.75,PSF-Aware Fitting,15.0,10.0,20,20,1.0,0.1647774934233544,0.1474175370254121,0.0842560770381421,0.1235825736101454,0.13776086656461597,0.18506947035300267,0.3518079435867632,0.3813885151226372,-0.014340676004059106,-0.05264069622262468,0.05455912285819897,92.53472975254859,3.9124699833337218,3.583549987524748,5.29350990545936,0.14348938145988197,0.22848463492746418
10G_phase_asymmetric_px0.75_py0.375,10G_phase,asymmetric,phase_grid,0.75,Gaussian Fitting,15.0,10.0,20,20,1.0,0.2043912194710277,0.15700378334935894,0.10504970856737833,0.18735838868389507,0.13307158245365322,0.22980690126048198,0.3894045498216389,0.4173347942610231,0.12758021257506585,-0.08761612209386271,0.15476852228882218,114.90343455973687,4.487225011689588,4.315850033890456,6.104064953979106,0.17735277198330854,0.27613048381726896
10G_phase_asymmetric_px0.75_py0.375,10G_phase,asymmetric,phase_grid,0.75,Intensity-Weighted Centroid,15.0,10.0,20,20,1.0,0.4317071476722103,0.454082512697046,0.23697778849800252,0.38308862621516504,0.3094715464420876,0.4924728759969219,0.7725674372962605,0.9006292567232613,0.2929057823201447,-0.16251890904985658,0.33497192884677895,246.23639344226555,0.19726999453268945,0.1894999877549708,0.23531992337666455,0.3904001316374088,0.5851980968942962
10G_phase_asymmetric_px0.75_py0.375,10G_phase,asymmetric,phase_grid,0.75,PSF-Aware Fitting,15.0,10.0,20,20,1.0,0.17040554439678818,0.17205403786987894,0.08081100116764162,0.13852669418030122,0.12797977367677923,0.18859604309444652,0.31337524851014487,0.33948893670136243,-0.03188204001391455,-0.08334973371730711,0.08923924353217506,94.2980138979833,3.8847849995363504,3.5796999582089484,5.277585028670728,0.15244104993193314,0.22460708424587988
10G_phase_asymmetric_px0.75_py0.5,10G_phase,asymmetric,phase_grid,0.75,Gaussian Fitting,15.0,10.0,20,20,1.0,0.22156933065298795,0.20119761800578778,0.11018786859946521,0.21334471384249787,0.12537291473029105,0.2474557226505504,0.40539281545388434,0.43061638754212067,0.1468926438009362,-0.061088470853366064,0.15908881190715854,123.7278412737185,5.233269999735057,5.350299994461238,6.784435018198565,0.19783408662278856,0.2903831623120762
10G_phase_asymmetric_px0.75_py0.5,10G_phase,asymmetric,phase_grid,0.75,Intensity-Weighted Centroid,15.0,10.0,20,20,1.0,0.6347585082856513,0.5832435076314242,0.238267803522002,0.4466115081555422,0.5101255441744282,0.6780043584197851,1.0734642551889304,1.1725446039762562,0.2737647506684141,-0.3629567285148994,0.45462591818194587,339.0021346655352,0.23098999517969787,0.20140002015978098,0.3398699744138868,0.5713087710276505,0.7790665402006773
10G_phase_asymmetric_px0.75_py0.5,10G_phase,asymmetric,phase_grid,0.75,PSF-Aware Fitting,15.0,10.0,20,20,1.0,0.18081686743921738,0.17541702273786597,0.08042757332273634,0.15261466696584164,0.12598451304831434,0.19789728169208298,0.3250599735060825,0.3267333369636539,-0.016119641480963766,-0.06047709655953213,0.06258851372053646,98.94863133762405,4.607025010045618,4.428400017786771,5.762555025285111,0.16010035697025904,0.23143315352916957
10G_phase_asymmetric_px0.75_py0.625,10G_phase,asymmetric,phase_grid,0.75,Gaussian Fitting,15.0,10.0,20,20,1.0,0.20700121314313766,0.17736469130028037,0.10179806181567161,0.21753494536827328,0.07675216723832867,0.2306780172278191,0.39449389612550834,0.4424730958545464,0.17265950396412108,-0.014472557448794988,0.17326499712361124,115.33898627850881,4.986590007320046,4.901500011328608,5.8926499914377946,0.18192376814702588,0.276817315058315
10G_phase_asymmetric_px0.75_py0.625,10G_phase,asymmetric,phase_grid,0.75,Intensity-Weighted Centroid,15.0,10.0,20,20,1.0,0.5426402994393541,0.5646208278194763,0.2940090673963175,0.511181013537932,0.3458233619714214,0.6171708242349797,0.992723375972163,1.144206077548038,0.20257897773021227,0.24441032023480602,0.3174502273672178,308.58533180570925,0.2547949901781976,0.21879997802898288,0.4599150037392974,0.4950467334467712,0.7369856713168469
10G_phase_asymmetric_px0.75_py0.625,10G_phase,asymmetric,phase_grid,0.75,PSF-Aware Fitting,15.0,10.0,20,20,1.0,0.137923655364587,0.12208756906863928,0.0706445951683808,0.1331490019542222,0.07927759339326795,0.1549632005852802,0.2600023593491768,0.29854733140209233,0.013708885306363073,-0.014718000443326672,0.02011350475160362,77.48158951060587,4.340580012649298,4.078000027220696,5.979349988047034,0.12190585520679624,0.18584116063384565
10G_phase_asymmetric_px0.75_py0.75,10G_phase,asymmetric,phase_grid,0.75,Gaussian Fitting,15.0,10.0,20,20,1.0,0.18027419182078971,0.17239789956047005,0.07772669214086866,0.16001247367437904,0.1137375539406682,0.19631663940634336,0.2968740934959739,0.34130711283597914,0.13892023847753307,0.010901568511661708,0.13934732453358806,98.15830287291823,5.134005000581965,4.697099910117686,7.365290034795181,0.16403305012896988,0.229149993709538
10G_phase_asymmetric_px0.75_py0.75,10G_phase,asymmetric,phase_grid,0.75,Intensity-Weighted Centroid,15.0,10.0,20,20,1.0,0.497400221564258,0.41709169131564805,0.317939886666628,0.46635929688262867,0.36194165021022584,0.590332746801125,1.135474758777056,1.2349234974231469,0.28040308901564687,0.09069194667659417,0.294704804035338,295.1662738112855,0.23087000008672476,0.21309999283403158,0.30210508266463876,0.42715395268648343,0.7454413796546315
10G_phase_asymmetric_px0.75_py0.75,10G_phase,asymmetric,phase_grid,0.75,PSF-Aware Fitting,15.0,10.0,20,20,1.0,0.12173345771809063,0.13370614744449955,0.057738552527282765,0.08139526950688594,0.1073665929321097,0.13473223510336324,0.20714609238952608,0.20940330195446188,-0.01953410587840949,0.009302010516381642,0.021635819654355296,67.36610809903136,4.6463799953926355,4.17595001636073,6.756064930232242,0.11192476708091284,0.15629583515325768
10G_phase_asymmetric_px0.75_py0.875,10G_phase,asymmetric,phase_grid,0.75,Gaussian Fitting,15.0,10.0,20,20,1.0,0.26840400605409875,0.26742622088748985,0.08269350542845734,0.24776386792575994,0.13225729490807517,0.280853923429841,0.38936656105085143,0.40297595558294147,0.22374908632568236,0.0005795885493512287,0.2237498369931567,140.42693354323404,4.650024999864399,4.436849965713918,6.33938504033722,0.2423614191528225,0.313948688736696
10G_phase_asymmetric_px0.75_py0.875,10G_phase,asymmetric,phase_grid,0.75,Intensity-Weighted Centroid,15.0,10.0,20,20,1.0,0.5626501708361805,0.5291782361841895,0.24719771506490348,0.398548878680718,0.4678041431813475,0.6145583170662426,0.9538488335533775,1.2724815762280985,0.24780922869780966,0.24007241455113898,0.3450277931648656,307.2790534458176,0.20336498855613172,0.19799999427050352,0.22749493946321317,0.49304522787293187,0.7382325946553081
10G_phase_asymmetric_px0.75_py0.875,10G_phase,asymmetric,phase_grid,0.75,PSF-Aware Fitting,15.0,10.0,20,20,1.0,0.16178462398015336,0.14843115298871318,0.08685745799634015,0.1257489427708235,0.133812129338135,0.18362593108269218,0.2692560681276934,0.31385580686414544,0.06112150041653308,-0.0014771183225946061,0.06113934651030544,91.81294928430572,3.8280349923297763,3.974399995058775,4.6126850647851825,0.14465710176946492,0.2176769573841719
10G_phase_asymmetric_px0.875_py0,10G_phase,asymmetric,phase_grid,0.875,Gaussian Fitting,15.0,10.0,20,20,1.0,0.22441230334146836,0.2197459890740021,0.0849640781303227,0.20818963903461948,0.11931827463634241,0.23995786393356394,0.3370493547817893,0.3385571874143776,0.17686183606588202,-0.03272366972036025,0.17986369176841152,119.97890919953363,4.561069991905242,4.4701999868266284,5.562429979909211,0.20264205966408638,0.2746302600016514
10G_phase_asymmetric_px0.875_py0,10G_phase,asymmetric,phase_grid,0.875,Intensity-Weighted Centroid,15.0,10.0,20,20,1.0,0.5379699208351838,0.5004247540283667,0.2478994566901603,0.43880919835164156,0.3978847368179385,0.5923392409343573,0.914705345928342,1.0935657864799944,0.1430649678134614,-0.049279128652869986,0.1513143005014822,296.1695644152759,0.20899998489767313,0.1991500030271709,0.2940150210633874,0.4775509884197531,0.7002541766817116
10G_phase_asymmetric_px0.875_py0,10G_phase,asymmetric,phase_grid,0.875,PSF-Aware Fitting,15.0,10.0,20,20,1.0,0.13737289569723882,0.1529972945979568,0.08516973859789216,0.11326985768663092,0.11530453670488473,0.1616329076799577,0.2783988257466255,0.28152733236020266,0.019859816442459533,-0.029927672904284462,0.03591765463659937,80.81644643251718,3.709544998127967,3.5782000049948692,4.349345050286502,0.12711554566716798,0.1946429726882875
10G_phase_asymmetric_px0.875_py0.125,10G_phase,asymmetric,phase_grid,0.875,Gaussian Fitting,15.0,10.0,20,20,1.0,0.21703235153340578,0.20877648028011633,0.08467798945026564,0.20467885916379783,0.11126530510839995,0.2329665287320458,0.3354811159776393,0.4199707389170158,0.1835252527522357,-0.000680002184805062,0.18352651252814492,116.4832414003566,4.655289993388578,4.385450039990246,6.312795035773889,0.19383845382527448,0.27028850949465527
10G_phase_asymmetric_px0.875_py0.125,10G_phase,asymmetric,phase_grid,0.875,Intensity-Weighted Centroid,15.0,10.0,20,20,1.0,0.5013540793455902,0.4923882705301598,0.2543782985736205,0.4012259558700788,0.39380447432427146,0.5621959014984672,0.8683667980398403,0.9021721978051271,0.17613747532560636,-0.07473359727592879,0.19133614602546825,281.09790129390933,0.20488998852670193,0.1976999919861555,0.24483499000780287,0.45354122521600404,0.6544381388109414
10G_phase_asymmetric_px0.875_py0.125,10G_phase,asymmetric,phase_grid,0.875,PSF-Aware Fitting,15.0,10.0,20,20,1.0,0.12528765187217702,0.1243621401355101,0.07252292726528814,0.09108877124880649,0.11251402776166489,0.14476384455647098,0.23809847821316096,0.301287646986007,0.026637246348661846,-0.002044309052485005,0.02671557771303797,72.38191589834541,3.822335007134825,3.5671499790623784,5.099979985971005,0.11213343470390506,0.17691779351384568
10G_phase_asymmetric_px0.875_py0.25,10G_phase,asymmetric,phase_grid,0.875,Gaussian Fitting,15.0,10.0,20,20,1.0,0.2157189169444776,0.18122371795166597,0.10774688749785667,0.19052819495848464,0.1477939437833495,0.241130758911372,0.39046291612479994,0.4553263010687518,0.15253090857229382,0.00501328414601403,0.15261327297393937,120.56535851502068,4.992190009215847,4.540950001683086,6.651144934585319,0.1917487552575408,0.2876785448511194
10G_phase_asymmetric_px0.875_py0.25,10G_phase,asymmetric,phase_grid,0.875,Intensity-Weighted Centroid,15.0,10.0,20,20,1.0,0.4394655273817092,0.4135777763347116,0.26485119045648736,0.3744302009023743,0.35082492427892004,0.5131043781172622,0.9115517549194295,0.9970375800270761,0.2301767676615441,-0.18669790854203824,0.2963738406558307,256.5521342752482,0.2284300047904253,0.20934996427968144,0.34585995599627495,0.38421863655055455,0.6326802074213035
10G_phase_asymmetric_px0.875_py0.25,10G_phase,asymmetric,phase_grid,0.875,PSF-Aware Fitting,15.0,10.0,20,20,1.0,0.15507794396615007,0.14543209069855548,0.10735482547023627,0.11818894642220566,0.14698843559995553,0.18861131264193373,0.3703396209544519,0.37137195720162414,-0.006694877145542932,0.00571723001907003,0.008803868415921979,94.30564715509666,4.475360008655116,4.081149992998689,7.733729912433773,0.13560321201370282,0.23572807079051977
10G_phase_asymmetric_px0.875_py0.375,10G_phase,asymmetric,phase_grid,0.875,Gaussian Fitting,15.0,10.0,20,20,1.0,0.1574571228723102,0.15611966114746118,0.09021122582567505,0.15931856166677488,0.08688156718560489,0.1814684843387323,0.27593885946325597,0.38913368636653245,0.12390625461747504,-0.0023735531378804354,0.12392898647140183,90.73422393414064,4.69273001071997,4.572600068058819,5.9679749654605985,0.14233151753368972,0.22400461650161127
10G_phase_asymmetric_px0.875_py0.375,10G_phase,asymmetric,phase_grid,0.875,Intensity-Weighted Centroid,15.0,10.0,20,20,1.0,0.4499279846226619,0.45230219984698883,0.22510696710078704,0.35091259083228776,0.3605117079642442,0.5030987358202414,0.7723535971196381,0.8202027200447443,0.1673372399231255,-0.1242480241273313,0.2084210242865042,251.54932625467939,0.25163001846522093,0.23785000666975975,0.3468600625637919,0.4056286504110853,0.583085955694443
10G_phase_asymmetric_px0.875_py0.375,10G_phase,asymmetric,phase_grid,0.875,PSF-Aware Fitting,15.0,10.0,20,20,1.0,0.12728671339707218,0.12105438738389973,0.057457390003663435,0.10695352246535708,0.08980090815639805,0.13965406930505633,0.22208146384882266,0.247016868940747,-0.036420405899963273,-0.005517125482282381,0.03683591507625851,69.82702625440155,4.182189999846742,3.9821999962441623,5.593915045028553,0.11596292102501773,0.16361906068475218
10G_phase_asymmetric_px0.875_py0.5,10G_phase,asymmetric,phase_grid,0.875,Gaussian Fitting,15.0,10.0,20,20,1.0,0.21558757054305744,0.19961606234618182,0.10176233250664234,0.17841690325445186,0.15811698682602623,0.2383979297096562,0.40943751312191284,0.5001899449335864,0.14434294056920294,-0.002455109975664982,0.14436381837966555,119.19894440717377,4.782029998023063,4.500300041399896,5.981995060574263,0.18767479412892146,0.2902810571773443
10G_phase_asymmetric_px0.875_py0.5,10G_phase,asymmetric,phase_grid,0.875,Intensity-Weighted Centroid,15.0,10.0,20,20,1.0,0.4669423690318846,0.4131060698015081,0.18355588640702847,0.28162769061465764,0.4152273874768297,0.5017249639312147,0.7917957226354069,0.8157994751560617,-0.022161438835655644,-0.2734658165373446,0.27436231917977205,250.86246264061558,0.20423000678420067,0.2004000125452876,0.22190005984157324,0.42026616009101153,0.5817887842050661
10G_phase_asymmetric_px0.875_py0.5,10G_phase,asymmetric,phase_grid,0.875,PSF-Aware Fitting,15.0,10.0,20,20,1.0,0.1618373466342947,0.12972652891663616,0.09008877768686488,0.1032765187510156,0.15375719594676973,0.18522233836862717,0.32514097659485436,0.3427679661176214,-0.01246297231272706,-0.008057369282255422,0.014840716917266314,92.61115948365048,3.7403249996714294,3.666199976578355,4.477429966209456,0.13934219352651395,0.22407070946445193
10G_phase_asymmetric_px0.875_py0.625,10G_phase,asymmetric,phase_grid,0.875,Gaussian Fitting,15.0,10.0,20,20,1.0,0.2119233251909259,0.22684611492614204,0.08797279227821451,0.19304365504439192,0.12403570126502546,0.22945742075863404,0.3478407221355753,0.3689068865764556,0.15211155759943154,-0.01556669168900271,0.15290600984090078,114.72868734129244,4.951844998868182,4.785800003446639,6.472859939094633,0.19132926145086565,0.26375431627485185
10G_phase_asymmetric_px0.875_py0.625,10G_phase,asymmetric,phase_grid,0.875,Intensity-Weighted Centroid,15.0,10.0,20,20,1.0,0.5246325401939358,0.5678616343994971,0.2204673050167679,0.3325925656949901,0.46176543835168293,0.5690739273694572,0.8016672254340994,0.9453817994189855,0.13871133684963866,0.33500073625034477,0.3625828570946053,284.53690070401603,0.22210999741218984,0.2068999456241727,0.304824992781505,0.474841201713598,0.6493296173155134
10G_phase_asymmetric_px0.875_py0.625,10G_phase,asymmetric,phase_grid,0.875,PSF-Aware Fitting,15.0,10.0,20,20,1.0,0.15188258286792675,0.12352562325245028,0.07388500179025802,0.1198874052811906,0.11897194006622996,0.1689003033395117,0.26065739844740343,0.30695531636765455,-0.009693147953970537,-0.009675837181669067,0.01369594620403179,84.45014065152469,4.216029978124425,4.227400000672787,5.410544900223613,0.1342239720897842,0.20236411860728382
10G_phase_asymmetric_px0.875_py0.75,10G_phase,asymmetric,phase_grid,0.875,Gaussian Fitting,15.0,10.0,20,20,1.0,0.2010315574019744,0.1875372551912326,0.08047331481667985,0.18118414343028713,0.11858308327278781,0.2165401613305204,0.31310754461612444,0.35052069977263534,0.15876702207224866,-0.012538792614037675,0.1592613845786471,108.27005762807465,5.15694001223892,4.70399996265769,7.574765000026673,0.17913620047854517,0.25008387720230724
10G_phase_asymmetric_px0.875_py0.75,10G_phase,asymmetric,phase_grid,0.875,Intensity-Weighted Centroid,15.0,10.0,20,20,1.0,0.4437171177162645,0.41719608943016895,0.25688507240057923,0.27293577634225186,0.4340286660684203,0.5127131956334654,0.9038190180209342,0.9692897771268261,0.0634243425556349,0.11048137299993073,0.12739223292086665,256.3565307880424,0.23393500596284866,0.19759999122470617,0.36921499413438147,0.3979284032019376,0.6216336612466805
10G_phase_asymmetric_px0.875_py0.75,10G_phase,asymmetric,phase_grid,0.875,PSF-Aware Fitting,15.0,10.0,20,20,1.0,0.12709544762006506,0.1309199997073499,0.0661578051204636,0.08463993194675763,0.1156122394219149,0.14328331369738045,0.25598331253851153,0.2654874144054608,-0.0009656971052947938,-0.011891501402493532,0.011930648620451461,71.64164597412024,4.391755029791966,4.039850027766079,5.872415041085334,0.11253248960703441,0.17241392649158677
10G_phase_asymmetric_px0.875_py0.875,10G_phase,asymmetric,phase_grid,0.875,Gaussian Fitting,15.0,10.0,20,20,1.0,0.1845239497285398,0.16327920822470549,0.10265773562724145,0.18758722371226472,0.09694705878704123,0.21115799465692336,0.32941776458310196,0.40744131895812513,0.15016299855084866,-0.016314084586315402,0.15104660039097745,105.57897260924234,4.685040016192943,4.575850034598261,6.300955027109012,0.16665265273518276,0.2545380583179778
10G_phase_asymmetric_px0.875_py0.875,10G_phase,asymmetric,phase_grid,0.875,Intensity-Weighted Centroid,15.0,10.0,20,20,1.0,0.3589577758828081,0.3177972353257297,0.18753661097174024,0.28521567179851237,0.28752858272182497,0.40499464850970324,0.7093279342444943,0.7960006751599207,0.08745506002986758,0.09016758002472898,0.12561281786642495,202.4972689153983,0.22195999627001584,0.21184998331591487,0.2607199945487082,0.30826906884646604,0.49926038027267333
10G_phase_asymmetric_px0.875_py0.875,10G_phase,asymmetric,phase_grid,0.875,PSF-Aware Fitting,15.0,10.0,20,20,1.0,0.1301719621507063,0.1194873466268355,0.06647896109132201,0.1095809024679923,0.09672754422731293,0.14616494791141418,0.242517552616733,0.30263737699989574,-0.012819032222529359,-0.015662612021804988,0.020239688793749672,73.0824611758423,4.0987250045873225,4.230099963024259,5.041774961864576,0.11527202086081406,0.1776355407915121
10G_phase_asymmetric_px0_py0,10G_phase,asymmetric,phase_grid,0.0,Gaussian Fitting,15.0,10.0,20,20,1.0,0.20485429061263302,0.18999818886338238,0.08929225770919427,0.1925067724226851,0.11348801804865039,0.2234689859224547,0.3407564177292568,0.41724224313887737,0.16037744832629527,-0.029398306920734286,0.16304964391699606,111.73449231081187,5.169844982447103,4.826449963729829,7.268649974139407,0.1820988553067408,0.2650438915257079
10G_phase_asymmetric_px0_py0,10G_phase,asymmetric,phase_grid,0.0,Intensity-Weighted Centroid,15.0,10.0,20,20,1.0,0.40943236996504007,0.3225901763587731,0.28306658227088016,0.3834762346126491,0.3173445021754922,0.49775652238188345,1.0434508769965907,1.1015622379642784,0.1106776103453285,-0.044855101644157,0.11942157918592444,248.87824759209747,0.2274649916216731,0.2388499560765922,0.28387504280544823,0.34105472122999,0.6378817022285371
10G_phase_asymmetric_px0_py0,10G_phase,asymmetric,phase_grid,0.0,PSF-Aware Fitting,15.0,10.0,20,20,1.0,0.14256175854177425,0.13418610490001337,0.057283768299022576,0.10734426568138819,0.10992039726266817,0.15364011555924853,0.23894316927888598,0.2588591129130901,0.0008427302491725186,-0.02811613333337846,0.028128760155634046,76.82005760371548,4.491330013843253,4.109500034246594,6.397165043745191,0.1279675722920916,0.1789333675519162
10G_phase_asymmetric_px0_py0.125,10G_phase,asymmetric,phase_grid,0.0,Gaussian Fitting,15.0,10.0,20,20,1.0,0.23115030985761295,0.22642851189647667,0.1105051991375945,0.21525575352637186,0.13894900272223523,0.2562066837217754,0.3869132351191083,0.4069767078978127,0.1685131794459437,0.028962070793107843,0.17098389746290676,128.10334067493906,5.362434993730858,5.637899972498417,7.260334957391024,0.20941746539593292,0.2991456107827792
10G_phase_asymmetric_px0_py0.125,10G_phase,asymmetric,phase_grid,0.0,Intensity-Weighted Centroid,15.0,10.0,20,20,1.0,0.3969250945844859,0.4025149055429976,0.1570299095134839,0.3363193214927936,0.2628635333844217,0.4268582003343921,0.6348305913104106,0.6507553136249477,0.07436923755117278,-0.1219622735267194,0.1428480999444833,213.4290970158872,0.2576399885583669,0.2509000478312373,0.33277496113441907,0.3568849771217311,0.48864085968265014
10G_phase_asymmetric_px0_py0.125,10G_phase,asymmetric,phase_grid,0.0,PSF-Aware Fitting,15.0,10.0,20,20,1.0,0.1792122300265843,0.19252757053834643,0.0734731863218801,0.1342540245076904,0.139610849875214,0.1936887516078078,0.29333798989156523,0.3465341138780215,0.011183213597161058,0.028754284209674096,0.030852441180082346,96.84437509039509,4.4406100059859455,4.746599995996803,6.20552008622326,0.15938217406623242,0.22555377326265785
10G_phase_asymmetric_px0_py0.25,10G_phase,asymmetric,phase_grid,0.0,Gaussian Fitting,15.0,10.0,20,20,1.0,0.2371251961310235,0.204079006917321,0.11529385693317253,0.23390913614339826,0.12168626921453536,0.2636684131379851,0.38757750719961725,0.461495267829617,0.20260419920442702,0.017859764620277475,0.20338985404281812,131.83420493047973,5.535409995354712,5.451100005302578,7.6659449958242485,0.20992778074343718,0.309934203762869
10G_phase_asymmetric_px0_py0.25,10G_phase,asymmetric,phase_grid,0.0,Intensity-Weighted Centroid,15.0,10.0,20,20,1.0,0.4947998290428134,0.41053351742867605,0.2769893093877724,0.32143832306247005,0.46714810585370004,0.5670537437808807,1.0100980992130841,1.0265959976245982,0.014514055320466923,-0.2033440783423373,0.20386140389671653,283.52686307259245,0.250959990080446,0.24289998691529036,0.3732799319550395,0.4422991442226474,0.6857206726973025
10G_phase_asymmetric_px0_py0.25,10G_phase,asymmetric,phase_grid,0.0,PSF-Aware Fitting,15.0,10.0,20,20,1.0,0.151352878649783,0.13559258983277817,0.08663386073732457,0.12216369971061898,0.12445541440549622,0.17439357700853,0.282506512838446,0.3967064410745703,0.0424280322677987,0.018226993923354938,0.04617749700448678,87.19678707322105,4.535314999520779,4.024149966426194,6.143405003240332,0.1323119381241134,0.2167280277970968
10G_phase_asymmetric_px0_py0.375,10G_phase,asymmetric,phase_grid,0.0,Gaussian Fitting,15.0,10.0,20,20,1.0,0.2300230100312941,0.22130292285544412,0.09321215895608993,0.2212095276277574,0.11254082196170709,0.24819164313310837,0.377603726537699,0.3891474688869159,0.1744631611823138,0.021090259831424873,0.1757333026761946,124.09581977913317,4.795964993536472,4.085099906660616,6.815319979796186,0.2069000532497231,0.2842610055810472
10G_phase_asymmetric_px0_py0.375,10G_phase,asymmetric,phase_grid,0.0,Intensity-Weighted Centroid,15.0,10.0,20,20,1.0,0.4222757462222398,0.3866341328496351,0.2209482750377231,0.3527269874033834,0.3204974546654438,0.476586766591032,0.6881243951038205,1.0126015554527996,0.05961169033794249,-0.15767088992298567,0.16856352854058618,238.29337564735124,0.21672500297427177,0.2043499844148755,0.2819750341586769,0.36996759914582356,0.5869673917116376
10G_phase_asymmetric_px0_py0.375,10G_phase,asymmetric,phase_grid,0.0,PSF-Aware Fitting,15.0,10.0,20,20,1.0,0.15969671185309312,0.17232869048478758,0.06891153951572603,0.13309955363707962,0.11196583798966311,0.17393056101535842,0.24132558884008878,0.24241667624995095,0.01581560309803649,0.019141669127071735,0.024830159047515437,86.96527882253454,4.2254050087649375,3.7445499910973012,5.796230037230998,0.1465658231665071,0.19691129835202067
10G_phase_asymmetric_px0_py0.5,10G_phase,asymmetric,phase_grid,0.0,Gaussian Fitting,15.0,10.0,20,20,1.0,0.22170562353103235,0.2076692393606055,0.08981000167304244,0.21221362308982714,0.11038386694116367,0.23920539271888444,0.35244240361172285,0.4243226704637914,0.1715460797631522,0.025020077934271967,0.1733610734332907,119.60269389181737,4.862314998172224,4.130799963604659,7.369935000315309,0.19742092346292892,0.27925480899036226
10G_phase_asymmetric_px0_py0.5,10G_phase,asymmetric,phase_grid,0.0,Intensity-Weighted Centroid,15.0,10.0,20,20,1.0,0.5106525593867193,0.47635067839036316,0.26883800540485625,0.3214861014399699,0.47925629483523496,0.5770961007997439,0.9932137926064712,1.087847423890433,-0.06754699016529457,-0.3716992364361033,0.3777868688130553,288.5480414667658,0.23270499659702182,0.18640002235770226,0.3693349251989277,0.45529780177554124,0.6956139364687617
10G_phase_asymmetric_px0_py0.5,10G_phase,asymmetric,phase_grid,0.0,PSF-Aware Fitting,15.0,10.0,20,20,1.0,0.13908237261913559,0.12339998957522248,0.08354747930136296,0.1232480567395267,0.10551779082652439,0.16224699587659472,0.28955295101485895,0.3764422966074534,0.012241694104011458,0.022471533901364183,0.025589625054235333,81.1234952902396,4.304685007082298,3.8727500359527767,6.1637349892407665,0.11986786343211406,0.2033113174449389
10G_phase_asymmetric_px0_py0.625,10G_phase,asymmetric,phase_grid,0.0,Gaussian Fitting,15.0,10.0,20,20,1.0,0.220218679527157,0.19877243370644265,0.12586127194143923,0.2196499234893303,0.1268512424004311,0.253648036829386,0.4228916655022103,0.4933498674793752,0.14939389462801955,0.050190756012591466,0.1575996438487197,126.82401325354579,5.236675002379343,4.855599952861667,7.3165749257896096,0.1967094121772586,0.30900287540647087
10G_phase_asymmetric_px0_py0.625,10G_phase,asymmetric,phase_grid,0.0,Intensity-Weighted Centroid,15.0,10.0,20,20,1.0,0.4422952617849688,0.4118821428571106,0.23874099380436603,0.2922374067220233,0.4089250039218893,0.5026155197764296,0.9010817963913895,0.9097524028503895,-0.09168532548817439,0.2853213892888505,0.2996906640113973,251.30772014417047,0.20769000402651727,0.18540001474320889,0.2915550023317337,0.38584842834021593,0.6061592660020506
10G_phase_asymmetric_px0_py0.625,10G_phase,asymmetric,phase_grid,0.0,PSF-Aware Fitting,15.0,10.0,20,20,1.0,0.18186860025157706,0.16174553607671766,0.09223265453939677,0.15786537607154694,0.12907971706910698,0.2039192249908077,0.3321139431606225,0.3350196712247544,-0.009805679679664081,0.05347949406993848,0.05437101838256078,101.95960692845651,4.722619999665767,3.958650049753487,7.021680031903089,0.1640621598918059,0.239361265343194
10G_phase_asymmetric_px0_py0.75,10G_phase,asymmetric,phase_grid,0.0,Gaussian Fitting,15.0,10.0,20,20,1.0,0.19925144814834633,0.17547431097890456,0.08904499917194898,0.1796933732671388,0.12385654230044643,0.2182433308643028,0.3450215998003723,0.3746299685842276,0.1268305791601108,-0.01825786992216081,0.12813799445981539,109.12165992328464,4.986964986892417,4.664200008846819,7.216990093002097,0.1791185702044725,0.2567702315723352
10G_phase_asymmetric_px0_py0.75,10G_phase,asymmetric,phase_grid,0.0,Intensity-Weighted Centroid,15.0,10.0,20,20,1.0,0.44875105973894647,0.3921035145085344,0.21576454992631622,0.3375181654696888,0.3660783285032167,0.4979275596125739,0.7726098315691824,0.8611046358710965,0.1246766107940573,0.17478352764897523,0.2146940586427881,248.96375035013006,0.2148300060071051,0.194900028873235,0.31601007212884724,0.3954987227824024,0.5858959333422029
10G_phase_asymmetric_px0_py0.75,10G_phase,asymmetric,phase_grid,0.0,PSF-Aware Fitting,15.0,10.0,20,20,1.0,0.1588597896463359,0.15104574626177936,0.0817151588356077,0.12915069808420027,0.12342567453480018,0.17864433926102072,0.28814655326894184,0.3151774433935136,-0.03176970792744669,-0.022251223228374785,0.038786998813445654,89.32216338045856,4.664559982484207,4.001849971245974,8.005134982522577,0.14327598341701892,0.20896283029638626
10G_phase_asymmetric_px0_py0.875,10G_phase,asymmetric,phase_grid,0.0,Gaussian Fitting,15.0,10.0,20,20,1.0,0.23842435911358129,0.22974391175517334,0.09302505012566448,0.20366554842451345,0.1549844487506618,0.2559293554276343,0.3900442287539296,0.4023850456580251,0.15552899149072347,0.0009929107219647903,0.1555321608729954,127.96466854493711,5.239529983373359,4.964500025380403,8.356029982678592,0.2158281903392021,0.293692925756153
10G_phase_asymmetric_px0_py0.875,10G_phase,asymmetric,phase_grid,0.0,Intensity-Weighted Centroid,15.0,10.0,20,20,1.0,0.44777246597957304,0.3697854179323393,0.24343581164312594,0.29281796820169553,0.41715562225386127,0.5096677110429652,0.8854060474131622,0.8905430669994356,0.029491725245640053,0.1874967711610111,0.18980200487289087,254.83379159844256,0.23066999274306,0.22035004803910851,0.32041010563261807,0.39221319243722125,0.6126062990726012
10G_phase_asymmetric_px0_py0.875,10G_phase,asymmetric,phase_grid,0.0,PSF-Aware Fitting,15.0,10.0,20,20,1.0,0.1838471509583494,0.1791337471869921,0.09504326953843516,0.13228345672172914,0.1591668466666603,0.20696134421687962,0.3391408853379095,0.3549715929910197,-0.0038447714230528617,-0.0007749630868318036,0.003922095751186578,103.48066072461094,5.013170023448765,4.52490005409345,7.72519501624629,0.165097790303082,0.24522343964162666
10G_phase_elliptical_gaussian_px0.125_py0,10G_phase,elliptical_gaussian,phase_grid,0.125,Gaussian Fitting,15.0,10.0,20,20,1.0,0.17650444852623895,0.17095452890901608,0.08172475697245324,0.11268913000316226,0.15853679771866427,0.19450644269987122,0.3281641689708919,0.35268651247932353,-0.017533660571820063,0.04400997851833495,0.047374122284556376,97.25322085075413,5.430950003210455,5.1861999672837555,8.329785062232986,0.15462808773049258,0.23137910897984068
10G_phase_elliptical_gaussian_px0.125_py0,10G_phase,elliptical_gaussian,phase_grid,0.125,Intensity-Weighted Centroid,15.0,10.0,20,20,1.0,0.40025361267864257,0.40578998891111256,0.16716930770682678,0.31941170462706414,0.29347009191520307,0.4337609155992326,0.6147504893368751,0.7535216546452727,-0.0980966712015345,0.05679622265589046,0.11335240539485456,216.88045462940548,0.23028500145301223,0.21889997879043221,0.29510497697629046,0.36505826048667145,0.5013852751938936
10G_phase_elliptical_gaussian_px0.125_py0,10G_phase,elliptical_gaussian,phase_grid,0.125,PSF-Aware Fitting,15.0,10.0,20,20,1.0,0.18061624630074305,0.16985731425121003,0.08188286151300832,0.11507571081782668,0.16150731320005637,0.1983104420783968,0.3362729897539637,0.3411376394759207,-0.015094050057797403,0.04303921406004747,0.04560925667070098,99.15522053626763,3.868510009488091,3.577199997380376,5.206510092830286,0.15863402441347246,0.2352054617226528
10G_phase_elliptical_gaussian_px0.125_py0.125,10G_phase,elliptical_gaussian,phase_grid,0.125,Gaussian Fitting,15.0,10.0,20,20,1.0,0.11705367917957962,0.10525455028231681,0.06481638813708579,0.07983599944217919,0.10737290707474431,0.13380107615640954,0.21377824040567264,0.24191062299656568,0.02101284288684724,-0.01599608649014499,0.026408603696286663,66.9005376943761,5.000710010062903,4.57455002469942,7.253710017539562,0.10350949432576635,0.16035907599794702
10G_phase_elliptical_gaussian_px0.125_py0.125,10G_phase,elliptical_gaussian,phase_grid,0.125,Intensity-Weighted Centroid,15.0,10.0,20,20,1.0,0.4373457678947501,0.4408914618602737,0.24309420366204018,0.4230268287623488,0.267234755780008,0.5003659786091877,0.893624327086023,0.9999873143165082,-0.10869570950341086,0.029503010123949024,0.11262852600839504,250.1829794616438,0.23851498845033348,0.21490000654011965,0.3482049447484315,0.37922259277997206,0.6152776770012005
10G_phase_elliptical_gaussian_px0.125_py0.125,10G_phase,elliptical_gaussian,phase_grid,0.125,PSF-Aware Fitting,15.0,10.0,20,20,1.0,0.11593698970036556,0.09728435266332199,0.06644538025515584,0.07857439081437834,0.10808533316867862,0.13362774464172822,0.21919929218881715,0.2334803174498934,0.02376089644504873,-0.01649317311870959,0.02892412417681915,66.81387190736659,3.878335014451295,3.57509998138994,5.116944998735563,0.1039285633874198,0.1600061788774554
10G_phase_elliptical_gaussian_px0.125_py0.25,10G_phase,elliptical_gaussian,phase_grid,0.125,Gaussian Fitting,15.0,10.0,20,20,1.0,0.15032872366759192,0.1290155442612512,0.09060833760243014,0.10354017641100183,0.1417322400563181,0.1755237761746344,0.31445404117142567,0.34486244276016764,-0.008845173328552391,0.025985214880427064,0.027449380386342107,87.7618859999925,5.675399996107444,5.344550008885562,7.675674930214883,0.13300144639013903,0.21360241298340776
10G_phase_elliptical_gaussian_px0.125_py0.25,10G_phase,elliptical_gaussian,phase_grid,0.125,Intensity-Weighted Centroid,15.0,10.0,20,20,1.0,0.49498889226555975,0.45671135982625355,0.22898638347669403,0.3600710891729228,0.40963102668846585,0.5453886387559073,0.8769149115647104,0.8926568456915962,-0.12167010036698116,-0.1148527724254393,0.1673163849033352,272.6943122097644,0.24881500867195427,0.24720001965761185,0.324220018228516,0.44388660481836634,0.6378684736338769
10G_phase_elliptical_gaussian_px0.125_py0.25,10G_phase,elliptical_gaussian,phase_grid,0.125,PSF-Aware Fitting,15.0,10.0,20,20,1.0,0.15061696485796405,0.12263361840580267,0.08944753898007175,0.10472778087904262,0.1404223067919334,0.17517514758839692,0.30891679350386947,0.3455940548882079,-0.009868605419808319,0.03746535693547912,0.03874328771845162,87.58757170702437,3.801459987880662,3.640500013716519,5.195685016224161,0.13361580713039314,0.21371168373155697
10G_phase_elliptical_gaussian_px0.125_py0.375,10G_phase,elliptical_gaussian,phase_grid,0.125,Gaussian Fitting,15.0,10.0,20,20,1.0,0.19095274461365688,0.16187972685741764,0.10160455066366013,0.09221795087907542,0.19565859277506106,0.21630172304226505,0.4166809435981568,0.4281016856451444,0.027453432510861832,-0.0483989698912751,0.055643070037202286,108.15085900033297,5.560865002917126,4.853399936109781,8.194159931736067,0.16397153176021714,0.26596679588864675
10G_phase_elliptical_gaussian_px0.125_py0.375,10G_phase,elliptical_gaussian,phase_grid,0.125,Intensity-Weighted Centroid,15.0,10.0,20,20,1.0,0.5991789670367924,0.560800487017461,0.3195462837149993,0.4948928273615713,0.4649799473110798,0.6790620457479158,1.0507814125717816,1.5156792788416373,0.01902230018031901,-0.37224080344007576,0.37272652662490136,339.5310106003416,0.25033000274561346,0.24660001508891582,0.3257449017837644,0.5224013874348145,0.8389889743211235
10G_phase_elliptical_gaussian_px0.125_py0.375,10G_phase,elliptical_gaussian,phase_grid,0.125,PSF-Aware Fitting,15.0,10.0,20,20,1.0,0.19169782181794923,0.16890171818087177,0.09934020106771148,0.09300097815253691,0.19485211956915152,0.21590861594183675,0.40816123233494184,0.4161229346756381,0.03331229523260504,-0.04687540569308339,0.05750663155285132,107.9543054043067,3.913534985622391,3.680649970192462,5.119239969644696,0.16490207835286105,0.26271374390599206
10G_phase_elliptical_gaussian_px0.125_py0.5,10G_phase,elliptical_gaussian,phase_grid,0.125,Gaussian Fitting,15.0,10.0,20,20,1.0,0.20664205685651904,0.17292560166190352,0.13003388719517772,0.11901669318598278,0.2131778089390514,0.24415108330904664,0.4229165350256205,0.5468508441801078,-0.020178547979401173,0.02453403240812122,0.03176621703570851,122.0755336120073,5.668459995649755,5.500599974766374,6.9815000460948795,0.18072761249557606,0.30420594142801893
10G_phase_elliptical_gaussian_px0.125_py0.5,10G_phase,elliptical_gaussian,phase_grid,0.125,Intensity-Weighted Centroid,15.0,10.0,20,20,1.0,0.5426508121602919,0.5317436352681455,0.2129153218212388,0.3205986549245318,0.4868463214044519,0.5829261001228765,0.9508607474020645,1.006100941448308,-0.09437080927413036,-0.34719638664577135,0.35979324693903614,291.4630429400506,0.25252500199712813,0.24740002118051052,0.2953599672764541,0.4907604353358653,0.6781064153851999
10G_phase_elliptical_gaussian_px0.125_py0.5,10G_phase,elliptical_gaussian,phase_grid,0.125,PSF-Aware Fitting,15.0,10.0,20,20,1.0,0.20602451691573295,0.17497201516981015,0.12986078383466138,0.11703008125763548,0.21357407340158363,0.24353629041379804,0.4048021345501596,0.5475524897409846,-0.021227748223543584,0.02688963498468979,0.03425886402454131,121.76813697046225,3.8327850110363215,3.530650050379336,5.218769976636395,0.17960067102950492,0.30341619125205777
10G_phase_elliptical_gaussian_px0.125_py0.625,10G_phase,elliptical_gaussian,phase_grid,0.125,Gaussian Fitting,15.0,10.0,20,20,1.0,0.15757535995132868,0.13429746122331349,0.10525352271265775,0.10025113787616058,0.16080425200146234,0.189494849817125,0.30705596438480764,0.4284870314740273,0.0021167132636094265,-0.009538521788630305,0.009770561547450337,94.7474186297901,5.52779501886107,5.221750005148351,7.313380064442755,0.1374637707544361,0.23889699339718773
10G_phase_elliptical_gaussian_px0.125_py0.625,10G_phase,elliptical_gaussian,phase_grid,0.125,Intensity-Weighted Centroid,15.0,10.0,20,20,1.0,0.509222243800455,0.46296162020520704,0.21868240346445078,0.39145031457754825,0.3922957282246358,0.5541924640106168,0.8470312952618068,0.9045972866227079,-0.12720733426467631,0.21021532936247808,0.24570753059216607,277.096201200012,0.27783000259660184,0.23710005916655064,0.40441502351313835,0.45681688852049684,0.6389817008782516
10G_phase_elliptical_gaussian_px0.125_py0.625,10G_phase,elliptical_gaussian,phase_grid,0.125,PSF-Aware Fitting,15.0,10.0,20,20,1.0,0.15833624005005303,0.13445100906072047,0.10463822472853482,0.09961409164381342,0.16154428412514424,0.18978810022635084,0.3373240782854013,0.4193729506198559,0.002983796858183041,-0.007597658675524599,0.008162564611730629,94.89404345017627,4.051950003486127,3.73220001347363,5.846810102229938,0.13696120784277893,0.23964121689331833
10G_phase_elliptical_gaussian_px0.125_py0.75,10G_phase,elliptical_gaussian,phase_grid,0.125,Gaussian Fitting,15.0,10.0,20,20,1.0,0.1954146537889597,0.1773485755078304,0.10070877236594956,0.1156620702226857,0.1869530135053141,0.21983890407959103,0.3777420904708905,0.3988367226764702,0.023996174838873684,0.012346259040981522,0.02698604304459645,109.91943955274209,5.287439993117005,4.963150015100837,7.172909996006639,0.17307373573524518,0.2622594653296854
10G_phase_elliptical_gaussian_px0.125_py0.75,10G_phase,elliptical_gaussian,phase_grid,0.125,Intensity-Weighted Centroid,15.0,10.0,20,20,1.0,0.41557435452985586,0.3749500578841474,0.2298177712389485,0.2752583936296416,0.3869768324545712,0.4748876205168377,0.7307072862382369,0.9901596564654952,-0.12320644647116978,0.13017042205622148,0.17923216014529328,237.44376772879875,0.25930500123649836,0.23639999562874436,0.39613008848391473,0.36912035168020135,0.5741502132033138
10G_phase_elliptical_gaussian_px0.125_py0.75,10G_phase,elliptical_gaussian,phase_grid,0.125,PSF-Aware Fitting,15.0,10.0,20,20,1.0,0.18957638612497632,0.17993939637493833,0.10087738867642906,0.11614762052453495,0.180624427940603,0.21474509010075515,0.3819228117851389,0.38246922699431335,0.024389261178748713,0.01030256569160315,0.026476006509196535,107.3725331540494,4.133295005885884,4.29735000943765,5.201219976879657,0.16726214866384925,0.25814514505765684
10G_phase_elliptical_gaussian_px0.125_py0.875,10G_phase,elliptical_gaussian,phase_grid,0.125,Gaussian Fitting,15.0,10.0,20,20,1.0,0.17264650524945607,0.15791529790248804,0.09548511281603893,0.11598275447698653,0.1596001980207832,0.19729222626434662,0.3383095223058574,0.3745936698337549,0.042558651563189186,-0.04295026004496094,0.060464565332157265,98.64610319002553,5.633139994461089,5.484949972014874,7.718755031237379,0.1530325317042276,0.24151181447243258
10G_phase_elliptical_gaussian_px0.125_py0.875,10G_phase,elliptical_gaussian,phase_grid,0.125,Intensity-Weighted Centroid,15.0,10.0,20,20,1.0,0.42290254296623253,0.39809551013279665,0.1584699001882167,0.29365112641505803,0.34311555789287235,0.45161850063186015,0.7221571750651123,0.8110302494424491,-0.04349352879330581,-0.07003970493786368,0.08244542021651129,225.80922236043585,0.2497200039215386,0.2120999852195382,0.36134495749138296,0.3760733848510363,0.5256847397371136
10G_phase_elliptical_gaussian_px0.125_py0.875,10G_phase,elliptical_gaussian,phase_grid,0.125,PSF-Aware Fitting,15.0,10.0,20,20,1.0,0.17060333358196678,0.15112153529652128,0.09367937641496543,0.11437533641076579,0.15747890466885006,0.19463124876231105,0.3492941358544334,0.38038676556787976,0.041055403002940236,-0.036328484029331774,0.05482066095554894,97.31561461181607,4.456075007328764,4.564650007523596,5.939090042375028,0.14867496074510472,0.23799061381216705
10G_phase_elliptical_gaussian_px0.25_py0,10G_phase,elliptical_gaussian,phase_grid,0.25,Gaussian Fitting,15.0,10.0,20,20,1.0,0.18854052723536532,0.17909608251533632,0.10786365087929604,0.10574531614237502,0.18973672734910693,0.2172144046586234,0.36337223280293257,0.4718103100095344,-0.02095505661458219,-0.038324221070462273,0.043679060410888065,108.60720114982205,5.61017501167953,5.515700031537563,7.119970046915115,0.16339812831080197,0.2669842288900662
10G_phase_elliptical_gaussian_px0.25_py0,10G_phase,elliptical_gaussian,phase_grid,0.25,Intensity-Weighted Centroid,15.0,10.0,20,20,1.0,0.47620955865476466,0.40450124865097103,0.23417906321975113,0.43845915460779666,0.29894639510330634,0.5306744552026655,0.754595617504232,1.1457774685099313,-0.3001561780314148,0.08005010419297491,0.31064730868258383,265.3372223716179,0.26429001009091735,0.24889997439458966,0.4162350145634264,0.4212704121363629,0.6518884672269989
10G_phase_elliptical_gaussian_px0.25_py0,10G_phase,elliptical_gaussian,phase_grid,0.25,PSF-Aware Fitting,15.0,10.0,20,20,1.0,0.18623525868434687,0.18482929769892426,0.11017159923126685,0.10378981432976103,0.18986581392076404,0.2163824227020311,0.35917778682320206,0.46578212884081327,-0.02221430298455971,-0.03391706409728386,0.040544327520247274,108.19121021409555,4.098064999561757,3.8126000436022878,5.732914950931446,0.16391820890084574,0.26447141267148366
10G_phase_elliptical_gaussian_px0.25_py0.125,10G_phase,elliptical_gaussian,phase_grid,0.25,Gaussian Fitting,15.0,10.0,20,20,1.0,0.1893686014797938,0.18907232609226982,0.11689253537463166,0.11355551230396466,0.19138829033696553,0.2225406301166654,0.41050281194693305,0.4382005744219673,0.03696350609758951,-0.07039895994359995,0.07951298223665822,111.27031388881507,5.4276400012895465,5.19225001335144,7.1842000004835445,0.16900599567985738,0.27063977056787625
10G_phase_elliptical_gaussian_px0.25_py0.125,10G_phase,elliptical_gaussian,phase_grid,0.25,Intensity-Weighted Centroid,15.0,10.0,20,20,1.0,0.3838182915750433,0.31859305484850814,0.17583826070080688,0.3362044328118511,0.25534712497212764,0.4221795528846345,0.6698391491128828,0.6886147057241543,-0.15637305891652886,-0.0764517309120265,0.1740614854422342,211.08977433944636,0.2402799902483821,0.23250002413988113,0.33867999445647007,0.33585401991355046,0.4994507481981218
10G_phase_elliptical_gaussian_px0.25_py0.125,10G_phase,elliptical_gaussian,phase_grid,0.25,PSF-Aware Fitting,15.0,10.0,20,20,1.0,0.18601795210868005,0.18760412851388397,0.11391966098637207,0.11209815781276426,0.1871212726574446,0.21812924532477784,0.4143548086247674,0.4153869993817239,0.03830158008535704,-0.061074514785974546,0.07209096610101187,109.06462149462558,4.226790001848713,4.074950003996491,5.9993299772031605,0.16672271467308214,0.2654192923256055
10G_phase_elliptical_gaussian_px0.25_py0.25,10G_phase,elliptical_gaussian,phase_grid,0.25,Gaussian Fitting,15.0,10.0,20,20,1.0,0.17951262155503248,0.16797214655830192,0.09792692374906363,0.11084476245474374,0.17183684799502888,0.20448585205953793,0.35616978437630437,0.4074323953662557,0.0527316957752987,-0.019392170086638315,0.05618441064928745,102.24292389727503,5.7609049952588975,5.62419998459518,7.181564980419353,0.1570652654273836,0.250063267262039
10G_phase_elliptical_gaussian_px0.25_py0.25,10G_phase,elliptical_gaussian,phase_grid,0.25,Intensity-Weighted Centroid,15.0,10.0,20,20,1.0,0.3675168684434424,0.3815426085197038,0.18819147164602573,0.27971497526893757,0.30371732120685696,0.41289790334993404,0.6820645045789099,0.6938962201847715,-0.08813834226745029,-0.19680511128566422,0.21564002227280746,206.44894916601348,0.2769499958958477,0.25055004516616464,0.4223049560096115,0.3302152467369038,0.4864035218937696
10G_phase_elliptical_gaussian_px0.25_py0.25,10G_phase,elliptical_gaussian,phase_grid,0.25,PSF-Aware Fitting,15.0,10.0,20,20,1.0,0.1754808058345102,0.16409427721555142,0.09849454466258178,0.10525376942772244,0.171511902111411,0.20123292112529298,0.34721807771370683,0.41144973121577594,0.04786646458734367,-0.02242065511891269,0.05285720582903197,100.61645854368284,3.9449800096917897,3.6554000107571483,5.418419901980088,0.15262123619031687,0.24738374748700204
10G_phase_elliptical_gaussian_px0.25_py0.375,10G_phase,elliptical_gaussian,phase_grid,0.25,Gaussian Fitting,15.0,10.0,20,20,1.0,0.18545873069592764,0.17039990176375802,0.11403876387419326,0.09149215149980434,0.19755750218919924,0.21771490637367624,0.3597682443388151,0.5295022972906396,-0.040101056242423286,-0.06100326737297905,0.07300337897616224,108.85745123846658,5.667849973542616,5.479449988342822,7.020450005074964,0.1565090087979684,0.280115532273974
10G_phase_elliptical_gaussian_px0.25_py0.375,10G_phase,elliptical_gaussian,phase_grid,0.25,Intensity-Weighted Centroid,15.0,10.0,20,20,1.0,0.5824305574467534,0.5553920281452325,0.20912934295264335,0.40159143740259784,0.4708341042622717,0.6188379725998886,0.9125268749699931,0.9590668460844236,-0.21085802460850686,-0.3616112512534073,0.4185974242334233,309.418982073233,0.2515049942303449,0.23579993285238743,0.3763549553696066,0.5273598436270384,0.7050409500057586
10G_phase_elliptical_gaussian_px0.25_py0.375,10G_phase,elliptical_gaussian,phase_grid,0.25,PSF-Aware Fitting,15.0,10.0,20,20,1.0,0.1852756263012488,0.15847476535522134,0.11341230234044525,0.09488324840600622,0.19541386131849678,0.2172312316944333,0.3671228408712402,0.5148278546870066,-0.04178067272034127,-0.05814963702630962,0.07160310677097627,108.61561395020865,4.191400000127032,3.970449964981526,5.413920007413253,0.15698283547216452,0.2775931566405967
10G_phase_elliptical_gaussian_px0.25_py0.5,10G_phase,elliptical_gaussian,phase_grid,0.25,Gaussian Fitting,15.0,10.0,20,20,1.0,0.15399146362355687,0.1300820477734887,0.08002926841672453,0.116534147915628,0.1285995608150351,0.17354554062908498,0.2771286669262164,0.27832649741658616,0.0025164117682891173,0.0040185654357458135,0.0047414339971104625,86.77276580161971,5.490764993010089,5.212750053033233,7.000450027408078,0.13694776723444838,0.20702898256248345
10G_phase_elliptical_gaussian_px0.25_py0.5,10G_phase,elliptical_gaussian,phase_grid,0.25,Intensity-Weighted Centroid,15.0,10.0,20,20,1.0,0.486125227144782,0.43741977083675654,0.32604964035086675,0.35962132065359814,0.46184262489603267,0.5853427239143709,1.011540568701946,1.1779435526578534,-0.1357290077298785,-0.3120942120682457,0.34033095766597043,292.67135370671184,0.2538199885748327,0.24875003146007657,0.33666000235825777,0.42422479633449384,0.7206539333875313
10G_phase_elliptical_gaussian_px0.25_py0.5,10G_phase,elliptical_gaussian,phase_grid,0.25,PSF-Aware Fitting,15.0,10.0,20,20,1.0,0.1514196684199079,0.13247127185967833,0.07968928697334222,0.11511651711599039,0.12659575794551106,0.17110902501830388,0.2707536399274586,0.29838426255187955,0.003263748866294236,0.0002394384950150652,0.0032725200465592245,85.55450820881383,4.0865950169973075,4.099650017451495,5.096890014829115,0.13519768453061107,0.20485478181344116
10G_phase_elliptical_gaussian_px0.25_py0.625,10G_phase,elliptical_gaussian,phase_grid,0.25,Gaussian Fitting,15.0,10.0,20,20,1.0,0.2225774889385649,0.22865464484193415,0.10695284006463557,0.1282512571759913,0.21102431995593832,0.24694057702226357,0.37790692006674453,0.4169647812302386,0.05715065247127882,0.018732038472722933,0.06014221764481636,123.47027760348152,5.009294988121837,4.87579993205145,6.72898991033435,0.201548024937842,0.2890310828308252
10G_phase_elliptical_gaussian_px0.25_py0.625,10G_phase,elliptical_gaussian,phase_grid,0.25,Intensity-Weighted Centroid,15.0,10.0,20,20,1.0,0.43989099365948914,0.443400076376522,0.13430324126321183,0.35428995032001975,0.2932917967123784,0.4599363509405809,0.6444280755688048,0.7048255479141388,-0.11990087118883822,0.1255516765108382,0.17360714958354836,229.96815820124692,0.23916000500321388,0.2345999819226563,0.3135000297334046,0.40002930541239506,0.5148598235938882
10G_phase_elliptical_gaussian_px0.25_py0.625,10G_phase,elliptical_gaussian,phase_grid,0.25,PSF-Aware Fitting,15.0,10.0,20,20,1.0,0.22093794537423622,0.22866948475289742,0.10539679437735872,0.1267718463569662,0.2094062055968208,0.24478982816124575,0.370147769086586,0.4032623633719931,0.05503127802582526,0.014042942134875603,0.056794768992919964,122.39490332427113,4.158300015842542,3.972400038037449,5.605964973801748,0.19983466775982614,0.28585784271305786
10G_phase_elliptical_gaussian_px0.25_py0.75,10G_phase,elliptical_gaussian,phase_grid,0.25,Gaussian Fitting,15.0,10.0,20,20,1.0,0.1660565697469238,0.1774273211258488,0.07264247370907088,0.10529880320603575,0.1475258465017726,0.1812504161172824,0.24244348652423986,0.29991137040061494,0.0063819502430590095,-0.03925773971276385,0.03977309915332217,90.62519964804517,5.8445599977858365,5.114700004924089,8.288204920245335,0.15354957052140913,0.2071332070890218
10G_phase_elliptical_gaussian_px0.25_py0.75,10G_phase,elliptical_gaussian,phase_grid,0.25,Intensity-Weighted Centroid,15.0,10.0,20,20,1.0,0.44047389805684156,0.3743380522299917,0.2817302165449881,0.38128226289627853,0.35778905207477757,0.5228663020159884,0.9543452268717009,1.280953619973427,-0.14656941883458216,0.19182013903013057,0.24140745695824267,261.43311602624397,0.25524001102894545,0.2306500100530684,0.3749900497496128,0.3703798404282503,0.6713935060560845
10G_phase_elliptical_gaussian_px0.25_py0.75,10G_phase,elliptical_gaussian,phase_grid,0.25,PSF-Aware Fitting,15.0,10.0,20,20,1.0,0.16859207706413612,0.18645959516630434,0.07199509150316047,0.10540168549540957,0.1499902208281421,0.1833209798395919,0.24674214036254757,0.30174472133037156,0.008206495809184844,-0.04272076452137412,0.04350184242945195,91.66048150534131,4.176119988551363,4.065349989105016,5.5542750167660415,0.15430190627979173,0.20985619211993048
10G_phase_elliptical_gaussian_px0.25_py0.875,10G_phase,elliptical_gaussian,phase_grid,0.25,Gaussian Fitting,15.0,10.0,20,20,1.0,0.19536637921966035,0.20135122736476121,0.0875806235288178,0.12483967422994949,0.17393517035164777,0.21409901388632466,0.28682745887554695,0.45257539254730067,-0.012308016692816181,0.059043756687088944,0.06031295448437924,107.04948903473047,5.2162749983835965,4.920450039207935,6.781149934977293,0.17265046333776968,0.2584392788370205
10G_phase_elliptical_gaussian_px0.25_py0.875,10G_phase,elliptical_gaussian,phase_grid,0.25,Intensity-Weighted Centroid,15.0,10.0,20,20,1.0,0.46982299857042176,0.45563163428592446,0.22121442635165467,0.2932389953342777,0.4285794722418908,0.5192970945535843,0.8076017052013275,0.8152251810483881,-0.10017544842564803,0.15058261153590138,0.18085973394941132,259.64849775584673,0.22952499566599727,0.21349999587982893,0.292909995187074,0.423025071091153,0.6007496744871648
10G_phase_elliptical_gaussian_px0.25_py0.875,10G_phase,elliptical_gaussian,phase_grid,0.25,PSF-Aware Fitting,15.0,10.0,20,20,1.0,0.19695447091034585,0.19380723246153952,0.08601131024048397,0.12434215764002049,0.17529414403876514,0.21491628393599926,0.3017299866956271,0.44805664263040224,-0.010694292609684908,0.05648455770947862,0.0574880261798662,107.45812392860249,3.8849499949719757,3.6691499990411103,5.981149984290823,0.17319583973511934,0.25861418812248443
10G_phase_elliptical_gaussian_px0.375_py0,10G_phase,elliptical_gaussian,phase_grid,0.375,Gaussian Fitting,15.0,10.0,20,20,1.0,0.20178110903646193,0.1871344083199371,0.08561953408738975,0.1534507263393961,0.15652218745991894,0.21919470929136553,0.31062003218429635,0.3668849374981688,0.005282741389675038,0.012585463575277345,0.013649221589336827,109.59735259573176,5.509299982804805,5.308999971020967,8.200809959089383,0.18119394197940722,0.2552692439516652
10G_phase_elliptical_gaussian_px0.375_py0,10G_phase,elliptical_gaussian,phase_grid,0.375,Intensity-Weighted Centroid,15.0,10.0,20,20,1.0,0.5038474735760731,0.5107756021187831,0.22049638101488575,0.3880026374504871,0.38978825534015166,0.5499826639719231,0.8690024082904604,0.8813039652865263,-0.23244834576365747,-0.0007364486472908993,0.2324495123782172,274.9913260111634,0.269094982650131,0.2524999435991049,0.41200996492989367,0.4485004799695339,0.6405188329206267
10G_phase_elliptical_gaussian_px0.375_py0,10G_phase,elliptical_gaussian,phase_grid,0.375,PSF-Aware Fitting,15.0,10.0,20,20,1.0,0.20401049553047387,0.18095840075482422,0.08385398356083133,0.15361953791274688,0.1582807961095843,0.22057146879324552,0.3240791127572126,0.36317442192198557,0.004558392787618004,0.020222667963912498,0.020730056545626225,110.2857323511575,3.793254983611405,3.669649944640696,4.557519976515324,0.18330605086171944,0.2555490265189067
10G_phase_elliptical_gaussian_px0.375_py0.125,10G_phase,elliptical_gaussian,phase_grid,0.375,Gaussian Fitting,15.0,10.0,20,20,1.0,0.18851723030718437,0.15031449692448898,0.11791071969975883,0.10323719350346805,0.1969359434443966,0.22235486039843402,0.3858724620383808,0.46264157941571304,-0.015381971529365046,0.011406750535496713,0.01914990877025923,111.17742832691759,5.4679750057403,4.71514998935163,8.014724968234077,0.16746069132576308,0.27670776588820173
10G_phase_elliptical_gaussian_px0.375_py0.125,10G_phase,elliptical_gaussian,phase_grid,0.375,Intensity-Weighted Centroid,15.0,10.0,20,20,1.0,0.49166254144977584,0.4460335740138679,0.26751993199914686,0.3929380650986889,0.3986209298044689,0.5597311575048157,1.00924417009516,1.0308869880134246,-0.21727715520590324,-0.3089936189790251,0.37773855872034706,279.8655727728264,0.26649999781511724,0.2497999812476337,0.4090099304448814,0.4319622719243732,0.6735675941671344
10G_phase_elliptical_gaussian_px0.375_py0.125,10G_phase,elliptical_gaussian,phase_grid,0.375,PSF-Aware Fitting,15.0,10.0,20,20,1.0,0.19251488589255478,0.14516718164697306,0.11562069828936171,0.1068050930314134,0.19754189243219808,0.22456653170751645,0.39517228689399875,0.4566686934583927,-0.013196658729748378,0.009602995555104599,0.01632082489523133,112.28326396347899,3.7613100139424205,3.553049929905683,5.271899979561567,0.16995236432849808,0.2787078066256898
10G_phase_elliptical_gaussian_px0.375_py0.25,10G_phase,elliptical_gaussian,phase_grid,0.375,Gaussian Fitting,15.0,10.0,20,20,1.0,0.1979612524577703,0.17370135386616842,0.08326023432395528,0.10466893016387986,0.18752423617409525,0.21475782661949486,0.3427980634143962,0.44184446383081355,0.02077832606869947,0.0032927426280480177,0.021037608900057073,107.37891087789205,5.331679986556992,5.367199948523194,6.982624955708161,0.1726540896086433,0.2586907173892865
10G_phase_elliptical_gaussian_px0.375_py0.25,10G_phase,elliptical_gaussian,phase_grid,0.375,Intensity-Weighted Centroid,15.0,10.0,20,20,1.0,0.3769779068236422,0.3209385370005004,0.21641950331653853,0.3503103860873226,0.25735651740001236,0.43468349824776176,0.8037067129206911,0.8052047422555124,-0.09779295921001108,-0.0697619420027138,0.12012573172739008,217.34174217422986,0.23748999810777605,0.23165001766756177,0.3162300679832697,0.33571580366694825,0.5284118408443798
10G_phase_elliptical_gaussian_px0.375_py0.25,10G_phase,elliptical_gaussian,phase_grid,0.375,PSF-Aware Fitting,15.0,10.0,20,20,1.0,0.19499847894619418,0.1793990103568538,0.08436731277238754,0.10532043795276644,0.18452602961425435,0.21246705687179648,0.35909821959211435,0.43192813054556894,0.021760248528892134,0.0014222901793516484,0.021806680751398928,106.23352597216042,3.5706449882127345,3.4559000050649047,4.414515011012555,0.1694528973239716,0.2565076692646752
10G_phase_elliptical_gaussian_px0.375_py0.375,10G_phase,elliptical_gaussian,phase_grid,0.375,Gaussian Fitting,15.0,10.0,20,20,1.0,0.17660389549674022,0.1508962602460669,0.09974470049942052,0.10972478577973743,0.17058256818307485,0.20282490276675258,0.3370021757012092,0.37438508687838123,0.03710309998361368,0.025829563142747248,0.045208476644753255,101.41244677783563,5.840700003318489,5.600750038865954,8.83049500407651,0.15539874023296965,0.2446281508005388
10G_phase_elliptical_gaussian_px0.375_py0.375,10G_phase,elliptical_gaussian,phase_grid,0.375,Intensity-Weighted Centroid,15.0,10.0,20,20,1.0,0.422076610104543,0.4309945661985296,0.19945743385192535,0.34608668616233323,0.31329848128791205,0.4668318034540251,0.7950495636051609,0.8319949801464043,-0.17049266117780917,-0.12758693187661266,0.21294640804948703,233.41589667937535,0.2775399945676327,0.2505999291315675,0.37901492905803036,0.3755190164790023,0.5511508534357703
10G_phase_elliptical_gaussian_px0.375_py0.375,10G_phase,elliptical_gaussian,phase_grid,0.375,PSF-Aware Fitting,15.0,10.0,20,20,1.0,0.1754442390488689,0.15321132553810934,0.10211593360165822,0.10596606850242699,0.1731459997716201,0.2029983864733287,0.3415149797525665,0.3774803586700936,0.03504069416578659,0.027713118314011354,0.04467512925898012,101.49918865221487,3.9271699963137507,3.8457500049844384,5.5528050812426955,0.15647261737426443,0.24516268839189045
10G_phase_elliptical_gaussian_px0.375_py0.5,10G_phase,elliptical_gaussian,phase_grid,0.375,Gaussian Fitting,15.0,10.0,20,20,1.0,0.21208423512555696,0.20704223627641422,0.10647397563805275,0.1311605647965652,0.19777091929606636,0.2373108305091977,0.37348076140931474,0.4895227117522235,0.006624750000037238,0.009106650152085649,0.011261367126396108,118.65540680352588,5.5704050057101995,5.46570000005886,7.918649987550452,0.1851138028837509,0.2881980606926497
10G_phase_elliptical_gaussian_px0.375_py0.5,10G_phase,elliptical_gaussian,phase_grid,0.375,Intensity-Weighted Centroid,15.0,10.0,20,20,1.0,0.5150351297529332,0.48742337659637625,0.27120983462369225,0.3596144068371068,0.45770453097104785,0.5820789974532934,0.9550858597919005,1.112670199112076,-0.004170371492944014,-0.3002085688881323,0.30023753401640113,291.0394873350874,0.25039499741978943,0.23989996407181025,0.3499099751934409,0.4510622144917665,0.7034386869409969
10G_phase_elliptical_gaussian_px0.375_py0.5,10G_phase,elliptical_gaussian,phase_grid,0.375,PSF-Aware Fitting,15.0,10.0,20,20,1.0,0.21219763724646362,0.21987192647420778,0.1099571195982245,0.1298809928830101,0.2006223643840424,0.23899457191183238,0.37258418516390474,0.49210902737348816,0.00863047182639889,0.008278487074937857,0.011959029734730913,119.4972775220573,3.8534749881364405,3.8002500077709556,5.090134992497042,0.1870707280798455,0.2897665692145644
10G_phase_elliptical_gaussian_px0.375_py0.625,10G_phase,elliptical_gaussian,phase_grid,0.375,Gaussian Fitting,15.0,10.0,20,20,1.0,0.17099617177062815,0.16237665783058586,0.0871284115424677,0.114938674552193,0.15368848997341616,0.19191417576125996,0.34090915867179833,0.37914453774947504,0.007027364619085574,0.0578279434290323,0.0582533680976554,95.95707867059099,6.140974990557879,6.316900020465255,7.986970018828288,0.14928987806799346,0.2311773689189578
10G_phase_elliptical_gaussian_px0.375_py0.625,10G_phase,elliptical_gaussian,phase_grid,0.375,Intensity-Weighted Centroid,15.0,10.0,20,20,1.0,0.5599144853668185,0.5510020268560208,0.22252057281807575,0.32060326814008533,0.510130552612535,0.6025111088194756,0.8411619848739742,1.2702336230109341,-0.1921390051172011,0.43395521736642306,0.47458879882164023,301.2554975763896,0.2833300153724849,0.26445003459230065,0.3875650349073112,0.49862648125072445,0.7237497875560857
10G_phase_elliptical_gaussian_px0.375_py0.625,10G_phase,elliptical_gaussian,phase_grid,0.375,PSF-Aware Fitting,15.0,10.0,20,20,1.0,0.16760909437278187,0.1647323345483262,0.08880213303588823,0.11577888663978679,0.1502460540468171,0.1896803293654555,0.34534997180702043,0.38517616687361655,0.010100139494466021,0.05777889218810515,0.05865503559194513,94.84015555471551,4.923019994748756,4.8248500097543,7.053979951888323,0.14599081554830406,0.2307163276781493
10G_phase_elliptical_gaussian_px0.375_py0.75,10G_phase,elliptical_gaussian,phase_grid,0.375,Gaussian Fitting,15.0,10.0,20,20,1.0,0.16183377146528108,0.15669310612627207,0.060756828308253165,0.11871970089193874,0.1256471026044134,0.17286284092527052,0.24282928758332709,0.26568637032429265,0.011592303947503524,-0.012899104145833461,0.017342675646403693,86.43141260307688,8.331804996123537,7.6580000459216535,14.480200078105556,0.14549600468196686,0.19650230816863398
10G_phase_elliptical_gaussian_px0.375_py0.75,10G_phase,elliptical_gaussian,phase_grid,0.375,Intensity-Weighted Centroid,15.0,10.0,20,20,1.0,0.44180075252548,0.41130275296675134,0.235609368244365,0.35692963167768077,0.35114230358506265,0.5006991904692768,0.9341819255284743,1.0134668103128015,-0.266055339876101,0.18322308354740927,0.3230420130899518,250.3495585060218,0.35405500093474984,0.32145006116479635,0.5004850565455854,0.38091744166681524,0.6135350134629669
10G_phase_elliptical_gaussian_px0.375_py0.75,10G_phase,elliptical_gaussian,phase_grid,0.375,PSF-Aware Fitting,15.0,10.0,20,20,1.0,0.15878174721875343,0.15953135951154687,0.05095048117790062,0.11548938714311333,0.12029046612017016,0.16675609368805602,0.22819368950493907,0.259265008208303,0.01079377900685472,-0.013232543532654972,0.017076471344877622,83.37803940327699,6.238570006098598,5.864000064320862,10.980904957978055,0.1442329748128275,0.18713407216482308
10G_phase_elliptical_gaussian_px0.375_py0.875,10G_phase,elliptical_gaussian,phase_grid,0.375,Gaussian Fitting,15.0,10.0,20,20,1.0,0.24726076465375374,0.21322454136176638,0.12408777285353212,0.1732648725752632,0.2156732367271993,0.27665079271332077,0.44327871588571377,0.49759779801615495,0.044532100905883,-0.08208217677267271,0.09338410868467951,138.32537942924608,9.474179992685094,9.355999995023012,12.321454938501121,0.2161600077561367,0.3258193798219481
10G_phase_elliptical_gaussian_px0.375_py0.875,10G_phase,elliptical_gaussian,phase_grid,0.375,Intensity-Weighted Centroid,15.0,10.0,20,20,1.0,0.38102236874481227,0.31072348134243744,0.2680091277090347,0.27608156780362597,0.3752144799156307,0.46584003479656555,0.741467654109308,1.1624681636028904,-0.12634772957508175,0.09076888193732771,0.1555722941173348,232.9199875490303,0.3999750013463199,0.39755000034347177,0.5810899601783605,0.3284745988779664,0.6082308463151733
10G_phase_elliptical_gaussian_px0.375_py0.875,10G_phase,elliptical_gaussian,phase_grid,0.375,PSF-Aware Fitting,15.0,10.0,20,20,1.0,0.24936037423912874,0.22069522515049267,0.1204715369513357,0.17429505073405832,0.21520971805591735,0.27693679325090664,0.43924821397269886,0.4894500905999983,0.04369946556378181,-0.07974199576092929,0.09093090331947778,138.468379619984,7.7229649818036705,7.302099955268204,10.924229939701036,0.2193103921758334,0.3243921295807153
10G_phase_elliptical_gaussian_px0.5_py0,10G_phase,elliptical_gaussian,phase_grid,0.5,Gaussian Fitting,15.0,10.0,20,20,1.0,0.16522449971959097,0.13871113864636853,0.0943248777743465,0.10694365389703563,0.15735111301127036,0.19025329924796186,0.35470309889313595,0.4077223220718345,0.010841241416335379,0.020842694117163774,0.023493624954632242,95.12664739804326,6.685094971908256,5.826599954161793,10.81784000271,0.14451075725301896,0.2374339309515294
10G_phase_elliptical_gaussian_px0.5_py0,10G_phase,elliptical_gaussian,phase_grid,0.5,Intensity-Weighted Centroid,15.0,10.0,20,20,1.0,0.48601137922897586,0.43978521105317536,0.27116279403866156,0.48416653554560884,0.27444323177784435,0.5565395957260408,0.8613369527681549,1.2444708733493997,-0.2735023185314162,0.06664646072524646,0.2815053622389138,278.269788849276,0.30689999111928046,0.27189997490495443,0.5268599314149469,0.42408351235054537,0.6850087599183751
10G_phase_elliptical_gaussian_px0.5_py0,10G_phase,elliptical_gaussian,phase_grid,0.5,PSF-Aware Fitting,15.0,10.0,20,20,1.0,0.16688564713589726,0.14146919816987555,0.09161093127533644,0.10599682481832234,0.15813935334867,0.19037694700015972,0.3393288896974802,0.3924466294639848,0.008147923231990716,0.017450753330888347,0.019259217139072003,95.1884713018503,5.244584992760792,4.192500025965273,8.112954924581572,0.14639809076745633,0.23419029173409245
10G_phase_elliptical_gaussian_px0.5_py0.125,10G_phase,elliptical_gaussian,phase_grid,0.5,Gaussian Fitting,15.0,10.0,20,20,1.0,0.20472912749777844,0.17065133485858774,0.11485389314918697,0.1400615405893624,0.18838311300448585,0.23474546303928112,0.41479359167062685,0.5713050015879307,0.002364726689575036,-0.01205157919483213,0.012281388089532027,117.37272774821633,5.846534995362163,5.163499969057739,8.642144995974384,0.1734576077605869,0.30441250187181174
10G_phase_elliptical_gaussian_px0.5_py0.125,10G_phase,elliptical_gaussian,phase_grid,0.5,Intensity-Weighted Centroid,15.0,10.0,20,20,1.0,0.3838981318911099,0.36176123983575015,0.24013027211968718,0.3910903295317183,0.22822944026687492,0.4528137843062631,0.7798322930729354,0.9646104389808743,-0.24228621160470992,-0.12304400381771644,0.2717396460019341,226.40688813501976,0.2726050035562366,0.25200005620718,0.37521005724556744,0.3297796693185717,0.5560670912188845
10G_phase_elliptical_gaussian_px0.5_py0.125,10G_phase,elliptical_gaussian,phase_grid,0.5,PSF-Aware Fitting,15.0,10.0,20,20,1.0,0.20314491961210202,0.16876142821195206,0.11095849981560388,0.13580530838012358,0.18744750001351396,0.23147277819548623,0.4021939846802384,0.5601798682131388,0.003191500430500582,-0.006141895824623589,0.006921600921637571,115.73638539322208,5.129404994659126,4.0914000128395855,7.308264944003906,0.1721107782989671,0.29836363353005874
10G_phase_elliptical_gaussian_px0.5_py0.25,10G_phase,elliptical_gaussian,phase_grid,0.5,Gaussian Fitting,15.0,10.0,20,20,1.0,0.19715668740705153,0.2093445737693626,0.09745881135475609,0.13128063217598393,0.17644935510077042,0.21992948710894536,0.3178250619643744,0.4527035515971742,0.05891822920911523,0.051077177215853455,0.07797586655804177,109.96473766622685,5.896779987961054,5.778049991931766,7.868604949908332,0.17606802634520172,0.26477120992496533
10G_phase_elliptical_gaussian_px0.5_py0.25,10G_phase,elliptical_gaussian,phase_grid,0.5,Intensity-Weighted Centroid,15.0,10.0,20,20,1.0,0.4946041817030543,0.5347844381968647,0.21004825658369977,0.41549816129551465,0.3407562833053063,0.5373579502082384,0.7961900000158817,0.8093040712721413,-0.30573866028155977,-0.15459640118220364,0.3426020660317913,268.67896998976795,0.3062650270294398,0.28490001568570733,0.481115048751235,0.4529370752119621,0.6126732294879846
10G_phase_elliptical_gaussian_px0.5_py0.25,10G_phase,elliptical_gaussian,phase_grid,0.5,PSF-Aware Fitting,15.0,10.0,20,20,1.0,0.20038337537486323,0.21074758924853537,0.09887393257106544,0.12972016158067387,0.18194018618264304,0.22344921496548367,0.3176399526917275,0.46033773522321486,0.057590717053790284,0.05081633106078698,0.07680488391534249,111.7246016051547,4.242989985505119,4.128500004298985,6.100595061434434,0.1785067394367322,0.26937606087582455
10G_phase_elliptical_gaussian_px0.5_py0.375,10G_phase,elliptical_gaussian,phase_grid,0.5,Gaussian Fitting,15.0,10.0,20,20,1.0,0.1617171890680958,0.13547353840031226,0.10305550470181957,0.10287316912202217,0.16183323936764296,0.19176257791715515,0.29419843090055603,0.4353530456772102,-0.0007048714500399456,0.009660297771193881,0.009685979392359602,95.88128358871775,5.370115005644038,5.491599964443594,7.5899950112216175,0.1415608044797219,0.23997438868119023
10G_phase_elliptical_gaussian_px0.5_py0.375,10G_phase,elliptical_gaussian,phase_grid,0.5,Intensity-Weighted Centroid,15.0,10.0,20,20,1.0,0.551645927784926,0.5601912518050559,0.2191329987917219,0.41310944284543427,0.4262312623835558,0.5935760278187999,0.930801613947862,0.9488128630399943,-0.34374316076227274,-0.31356319759717055,0.465275444718717,296.78800726067715,0.29499499942176044,0.2921000123023987,0.4590949974954128,0.5013032965386677,0.6905590201623778
10G_phase_elliptical_gaussian_px0.5_py0.375,10G_phase,elliptical_gaussian,phase_grid,0.5,PSF-Aware Fitting,15.0,10.0,20,20,1.0,0.16453500758998968,0.13920187859368072,0.09844385266221423,0.10183561351957382,0.16245759036963986,0.19173669666920234,0.2942166458962424,0.43062031300553627,-0.0017773735502487399,0.009377564023844797,0.009544514851915315,95.86834299394043,3.6760899878572673,3.409199940506369,5.170075059868395,0.1435106430552498,0.2382533990715249
10G_phase_elliptical_gaussian_px0.5_py0.5,10G_phase,elliptical_gaussian,phase_grid,0.5,Gaussian Fitting,15.0,10.0,20,20,1.0,0.21585733139516358,0.20865693088054707,0.10290766543152768,0.11080935620220815,0.2119095601893904,0.23913254718170154,0.3650498151535714,0.540571629867845,0.002487420802088991,-0.0016873125444362813,0.003005708879661681,119.56626683048748,5.882309976732358,5.4912499617785215,7.78921003220603,0.18492750066327598,0.2935440024697739
10G_phase_elliptical_gaussian_px0.5_py0.5,10G_phase,elliptical_gaussian,phase_grid,0.5,Intensity-Weighted Centroid,15.0,10.0,20,20,1.0,0.5911391145008672,0.5691269673885495,0.24529809253982438,0.4131050167491539,0.4888362220961401,0.6400129740064224,0.995148887425142,1.0845865012797105,-0.28031979093366316,-0.347501517336093,0.4464711521923668,320.0064791460077,0.25969501584768295,0.258500047493726,0.34002500469796365,0.5200664433729326,0.7483530200169272
10G_phase_elliptical_gaussian_px0.5_py0.5,10G_phase,elliptical_gaussian,phase_grid,0.5,PSF-Aware Fitting,15.0,10.0,20,20,1.0,0.2171185860170334,0.21120259804957267,0.10468679715754645,0.11056487267298497,0.21418500139820212,0.24103901321807059,0.3726028515788142,0.5457041111929337,-0.0009221358413924463,-0.001825414644065404,0.0020451095649742044,120.51949981413331,3.7404449889436364,3.5278000286780298,4.905310081085191,0.1857918701888976,0.2964881311906262
10G_phase_elliptical_gaussian_px0.5_py0.625,10G_phase,elliptical_gaussian,phase_grid,0.5,Gaussian Fitting,15.0,10.0,20,20,1.0,0.16833397259008206,0.15087720372208502,0.06757881440568675,0.11287552750515659,0.1419941469739841,0.18139245432056086,0.2585283472359087,0.28380430905128384,0.014452861681076002,-0.008763726585237918,0.01690231091990444,90.69621925351109,5.803395004477352,5.791749979835004,6.859415024518968,0.15362515826169593,0.2056074911027159
10G_phase_elliptical_gaussian_px0.5_py0.625,10G_phase,elliptical_gaussian,phase_grid,0.5,Intensity-Weighted Centroid,15.0,10.0,20,20,1.0,0.5118579221008124,0.5222759558334209,0.19420274262225282,0.420690406165028,0.3503324418606848,0.5474607179144148,0.7989333381862618,0.8790677622347088,-0.18354756553727042,0.27777054242559984,0.3329357040842429,273.7303311477461,0.2805299998726696,0.28645002748817205,0.37942997296340764,0.4681466901691564,0.6198378106529373
10G_phase_elliptical_gaussian_px0.5_py0.625,10G_phase,elliptical_gaussian,phase_grid,0.5,PSF-Aware Fitting,15.0,10.0,20,20,1.0,0.1651023740288871,0.15214898938792332,0.06813944676558066,0.10798724683785202,0.1422692258918799,0.17861068869329721,0.2549614576492724,0.2784711377663033,0.013760134592348549,-0.007545698285548496,0.015693274566389154,89.30533649669128,4.174340015742928,4.086050030309707,5.2154650387819865,0.15010247908998461,0.20303697675669138
10G_phase_elliptical_gaussian_px0.5_py0.75,10G_phase,elliptical_gaussian,phase_grid,0.5,Gaussian Fitting,15.0,10.0,20,20,1.0,0.1744438483501708,0.1693580762369775,0.07556233629653375,0.11305656463653627,0.15283499627504346,0.1901060832635501,0.2701729225244714,0.370939680914402,-0.016448577692085565,-0.024104548703274987,0.029181928933522037,95.05303208765632,5.48151001567021,5.494550045114011,6.775825092336163,0.15462138640134515,0.22739756703156958
10G_phase_elliptical_gaussian_px0.5_py0.75,10G_phase,elliptical_gaussian,phase_grid,0.5,Intensity-Weighted Centroid,15.0,10.0,20,20,1.0,0.5491553292059662,0.4915506214271369,0.32199290699654864,0.5242725891506951,0.3610945305825438,0.636593282835596,1.0187944348564006,1.3367352928260725,-0.4126950745676254,0.057508511429460896,0.416682677176782,318.29661485564975,0.28077999595552683,0.26249996153637767,0.37057500449009245,0.4924420400901822,0.7804325318516543
10G_phase_elliptical_gaussian_px0.5_py0.75,10G_phase,elliptical_gaussian,phase_grid,0.5,PSF-Aware Fitting,15.0,10.0,20,20,1.0,0.16950303507555828,0.16390846616382132,0.07799534403747302,0.10856209094894538,0.1517525123355216,0.18658658202386827,0.2859858623142134,0.3595689368462307,-0.01484630478102531,-0.026081824720648683,0.03001123700232524,93.29328158283181,4.087044985499233,3.7431999226100743,5.9103299921844155,0.15028654708908173,0.22380057803084313
10G_phase_elliptical_gaussian_px0.5_py0.875,10G_phase,elliptical_gaussian,phase_grid,0.5,Gaussian Fitting,15.0,10.0,20,20,1.0,0.2185981163549672,0.23769102983772664,0.10710485009154538,0.10162900931604693,0.22119703852563455,0.24342675569269742,0.37079796188823516,0.3772854514678953,0.014447636437643041,-0.00856636155215824,0.01679633141125186,121.71335610079556,5.400579981505871,4.911049967631698,7.305479992646727,0.20116095277098348,0.27886064310581865
10G_phase_elliptical_gaussian_px0.5_py0.875,10G_phase,elliptical_gaussian,phase_grid,0.5,Intensity-Weighted Centroid,15.0,10.0,20,20,1.0,0.503304596254175,0.5436948947503926,0.262474227271622,0.48090215799088265,0.3015648371944668,0.5676338930969619,0.8340161600861594,1.168432581501723,-0.32114117429454153,0.046067576069134475,0.32442853664892457,283.81692333362577,0.30316999764181674,0.2453500055707991,0.46962504857219806,0.44648776471347434,0.6867778430301396
10G_phase_elliptical_gaussian_px0.5_py0.875,10G_phase,elliptical_gaussian,phase_grid,0.5,PSF-Aware Fitting,15.0,10.0,20,20,1.0,0.2173645289708636,0.24067500457181368,0.09742433061873464,0.10109249361054135,0.2156829765809916,0.23819915753678458,0.34683430936654486,0.366255260505046,0.011373038316304474,-0.01499894308489047,0.018823238143526565,119.09955819028977,3.7923349998891354,3.519149962812662,5.415074923075736,0.19916186187666815,0.2724431436019387
10G_phase_elliptical_gaussian_px0.625_py0,10G_phase,elliptical_gaussian,phase_grid,0.625,Gaussian Fitting,15.0,10.0,20,20,1.0,0.18675691278710355,0.17278161231465677,0.10225007443555349,0.10005954893510104,0.187939641541507,0.2129159979800626,0.38960997039705675,0.41867182347048854,0.01039786468502939,-0.03588512042127832,0.03736117580668236,106.45799572967165,5.705835000844672,5.6031999993138015,7.493860030081123,0.16429493987636457,0.25913969883090804
10G_phase_elliptical_gaussian_px0.625_py0,10G_phase,elliptical_gaussian,phase_grid,0.625,Intensity-Weighted Centroid,15.0,10.0,20,20,1.0,0.5029850454309255,0.47951750690704753,0.24556377884030278,0.4119637286135062,0.37892137932866315,0.5597280816659811,0.8046470179079027,1.1048597021390845,0.31496350902064024,-0.05475304445292295,0.3196872032025347,279.86400024936336,0.26743499329313636,0.24895003298297524,0.3770600422285498,0.45032238040185046,0.6635394047544173
10G_phase_elliptical_gaussian_px0.625_py0,10G_phase,elliptical_gaussian,phase_grid,0.625,PSF-Aware Fitting,15.0,10.0,20,20,1.0,0.19552134438400579,0.17786686415117753,0.10394656029880646,0.10282038690524622,0.19611591354180793,0.22143505483026488,0.4004761331646481,0.42477945946091794,0.01131482166554747,-0.03477411588199288,0.03656862486746545,110.71752403286337,4.376980010420084,4.151550005190074,5.86609496967867,0.17277388206978178,0.26802148307484824
10G_phase_elliptical_gaussian_px0.625_py0.125,10G_phase,elliptical_gaussian,phase_grid,0.625,Gaussian Fitting,15.0,10.0,20,20,1.0,0.17742236079246668,0.1623046692949734,0.0966127072358651,0.09238223731501932,0.1796614358655932,0.20202155654438267,0.3368577851114891,0.45509688027570444,0.025857546030863432,0.015801444290974586,0.0303034375676918,101.01077478899839,7.121185021242127,5.836899974383414,9.002960036741584,0.15414251407233973,0.25282771016187083
10G_phase_elliptical_gaussian_px0.625_py0.125,10G_phase,elliptical_gaussian,phase_grid,0.625,Intensity-Weighted Centroid,15.0,10.0,20,20,1.0,0.45473833913176726,0.3858446159697443,0.20530530469104274,0.3797397668617446,0.32362777179096963,0.4989360933131618,0.8970568577674852,0.9545611243999396,0.2570918486656922,-0.14950764566617067,0.2974033536512062,249.46801560376053,0.2771899860817939,0.26364997029304504,0.3694749088026583,0.39262022638190824,0.5992021070510563
10G_phase_elliptical_gaussian_px0.625_py0.125,10G_phase,elliptical_gaussian,phase_grid,0.625,PSF-Aware Fitting,15.0,10.0,20,20,1.0,0.17506314013651797,0.14163143247842797,0.09448795404869127,0.09305354967888865,0.17582978526667298,0.1989348549017133,0.3420318243570959,0.43786091738882965,0.02322026528000265,0.012540886109820803,0.026390425235171804,99.46742401032878,4.667399980826303,4.491750034503639,6.211319979047406,0.1514146456806531,0.24742864335296635
10G_phase_elliptical_gaussian_px0.625_py0.25,10G_phase,elliptical_gaussian,phase_grid,0.625,Gaussian Fitting,15.0,10.0,20,20,1.0,0.178901417752874,0.17516950782133608,0.08665267165703865,0.10766613610956138,0.16709998777536847,0.19878229996478786,0.34771230247857926,0.3559931108059928,-0.017639441082326356,0.05964418018107835,0.0621978947486955,99.39114512888409,5.941175000043586,5.736450024414808,7.97240492538549,0.16125555037739833,0.23801262014926383
10G_phase_elliptical_gaussian_px0.625_py0.25,10G_phase,elliptical_gaussian,phase_grid,0.625,Intensity-Weighted Centroid,15.0,10.0,20,20,1.0,0.5212127739179674,0.5132708479093094,0.28988974167391557,0.3962096149778904,0.44577657971466317,0.5964049111325557,0.9122516812833722,1.2797938967874432,0.23324479942446602,-0.1905773634909508,0.30120237039857667,298.2024207924885,0.2784099953714758,0.2686000079847872,0.39198492304421967,0.4608548555452693,0.7357787548022716
10G_phase_elliptical_gaussian_px0.625_py0.25,10G_phase,elliptical_gaussian,phase_grid,0.625,PSF-Aware Fitting,15.0,10.0,20,20,1.0,0.176647708550682,0.17263334678075207,0.08917671495995372,0.10713580218977595,0.16636952640555513,0.19788102341370564,0.34867632174836083,0.3641232388577455,-0.01119956229501895,0.060437802003940534,0.061466723571925716,98.94050683361212,4.359404998831451,4.0829500067047775,5.984055029693992,0.1589895294659553,0.23885566595400287
10G_phase_elliptical_gaussian_px0.625_py0.375,10G_phase,elliptical_gaussian,phase_grid,0.625,Gaussian Fitting,15.0,10.0,20,20,1.0,0.22300796415471275,0.22682707676164654,0.09545786423441147,0.12763503914172566,0.20628633668741883,0.24257938065842477,0.3600901589110505,0.44457021402208274,0.006499995284667648,0.04743835298050385,0.04788159638319905,121.28968272425705,5.59953500633128,5.380149988923222,6.869809946510942,0.20103128719234423,0.2869392975228291
10G_phase_elliptical_gaussian_px0.625_py0.375,10G_phase,elliptical_gaussian,phase_grid,0.625,Intensity-Weighted Centroid,15.0,10.0,20,20,1.0,0.5367834576967099,0.5218706102953448,0.2536690186738247,0.381050454554413,0.4552856274643995,0.5937040100014288,0.8962738547431006,1.1762260511868219,0.24113061956492174,-0.24175266183867733,0.34145032610593434,296.85197850696477,0.2843499998562038,0.28010003734380007,0.38830000557936734,0.4756600076769277,0.7081794931463418
10G_phase_elliptical_gaussian_px0.625_py0.375,10G_phase,elliptical_gaussian,phase_grid,0.625,PSF-Aware Fitting,15.0,10.0,20,20,1.0,0.22459606739392832,0.22521932903827702,0.09573023992156678,0.12616538883745987,0.20902145101340983,0.24414682534134813,0.3697994441862494,0.44582231751627444,0.0053078229566835946,0.04097131732729622,0.04131370024669178,122.07340529195946,4.2980250203982,4.20630001462996,4.905925074126572,0.20113914175261233,0.2892043689099839
10G_phase_elliptical_gaussian_px0.625_py0.5,10G_phase,elliptical_gaussian,phase_grid,0.625,Gaussian Fitting,15.0,10.0,20,20,1.0,0.1713965712117281,0.16980974919833192,0.10676059794502356,0.11380500336704295,0.16680237140203763,0.20192723911527133,0.3688215029838877,0.3810489077109773,-0.00827067747206911,0.00023888797329618683,0.008274126740072154,100.9636122756196,6.16822499432601,5.785549990832806,8.756190026178956,0.15483917837656078,0.24595593527252932
10G_phase_elliptical_gaussian_px0.625_py0.5,10G_phase,elliptical_gaussian,phase_grid,0.625,Intensity-Weighted Centroid,15.0,10.0,20,20,1.0,0.5374003562948635,0.48244241957891604,0.23145318059363051,0.43362595041441704,0.3928590750892075,0.5851236773133983,0.8805100247334541,1.052755547439704,0.25687177769802927,-0.15636966783418985,0.3007234330681941,292.5617994276081,0.28514499426819384,0.25934999575838447,0.4239650734234601,0.47862843261024,0.6894303893279741
10G_phase_elliptical_gaussian_px0.625_py0.5,10G_phase,elliptical_gaussian,phase_grid,0.625,PSF-Aware Fitting,15.0,10.0,20,20,1.0,0.171790904389368,0.16288876586115664,0.10159679891364622,0.11382661713380142,0.16394366597185706,0.19958462961965998,0.33147592537887083,0.3808988323955901,-0.008720712757332194,0.0010643755953026357,0.0087854269334946,99.79230775026305,4.207080014748499,4.064450040459633,5.79758498352021,0.15536334157322515,0.2407947831267267
10G_phase_elliptical_gaussian_px0.625_py0.625,10G_phase,elliptical_gaussian,phase_grid,0.625,Gaussian Fitting,15.0,10.0,20,20,1.0,0.2108809936490696,0.19804555294938142,0.11505186107099044,0.12187140062509762,0.20701469978722373,0.2402243206220332,0.47640384611828207,0.49430270815181265,0.02851791506761856,-0.034156823368374487,0.04449674215515378,120.11214783805966,6.639779987744987,6.314099940937012,9.321825031656774,0.181767359318531,0.29974030471315033
10G_phase_elliptical_gaussian_px0.625_py0.625,10G_phase,elliptical_gaussian,phase_grid,0.625,Intensity-Weighted Centroid,15.0,10.0,20,20,1.0,0.5640274233275503,0.5487096712046984,0.24177549970854592,0.4224936836219391,0.44506338180578014,0.6136630398882051,1.020634748384168,1.056920709672363,0.1950685675975535,0.30087224645182575,0.3585747547576788,306.83145593567986,0.32183501753024757,0.3020500298589468,0.49717004876583815,0.505244668838463,0.7228682822790432
10G_phase_elliptical_gaussian_px0.625_py0.625,10G_phase,elliptical_gaussian,phase_grid,0.625,PSF-Aware Fitting,15.0,10.0,20,20,1.0,0.20931813793928136,0.193958000633011,0.11473994843730632,0.1192334146545597,0.20679151691396228,0.2387034533427695,0.4768289816374128,0.4798211564168446,0.025606281323553047,-0.036418428952117665,0.04451947450904361,119.35171432467469,5.5419249925762415,5.2708000293932855,7.8797100693918765,0.18063834872686205,0.2975874667328833
10G_phase_elliptical_gaussian_px0.625_py0.75,10G_phase,elliptical_gaussian,phase_grid,0.625,Gaussian Fitting,15.0,10.0,20,20,1.0,0.19036852699786394,0.1922629780298154,0.08501424261754252,0.12013452731118289,0.17039745557633626,0.20848884267310525,0.3139004571399581,0.35366063211369686,0.04917933880416854,0.05464801322692665,0.07351879157647756,104.24440474730433,6.5089849987998605,6.111099908594042,10.474250052357094,0.17145570892969983,0.2439649108175358
10G_phase_elliptical_gaussian_px0.625_py0.75,10G_phase,elliptical_gaussian,phase_grid,0.625,Intensity-Weighted Centroid,15.0,10.0,20,20,1.0,0.5411411288949409,0.5712760821979577,0.21343020667596643,0.39324386441185827,0.4286553832694334,0.5817096995095035,0.8795721204978447,0.9315145514499109,0.26501589939873044,0.24061760006640043,0.35795286895879497,290.8547779945833,0.3015899797901511,0.28420001035556197,0.4139549680985511,0.49211632080056134,0.6700501255601682
10G_phase_elliptical_gaussian_px0.625_py0.75,10G_phase,elliptical_gaussian,phase_grid,0.625,PSF-Aware Fitting,15.0,10.0,20,20,1.0,0.1869654618494872,0.1955957476957959,0.08476751941643702,0.12014910052975337,0.16645062305230132,0.20528423288847122,0.3191467899264051,0.3433036979419861,0.04949024416829957,0.05480576054897028,0.07384413082425019,102.642100213491,4.955340002197772,4.8463999992236495,7.404869998572394,0.16916466523201124,0.23958184511932415
10G_phase_elliptical_gaussian_px0.625_py0.875,10G_phase,elliptical_gaussian,phase_grid,0.625,Gaussian Fitting,15.0,10.0,20,20,1.0,0.16756069804602952,0.17108496375080928,0.08146233662513659,0.11323401361080188,0.14795525668149972,0.1863134450813997,0.27672975814266115,0.36335227543246845,0.029081294963287974,-0.05987840192564704,0.06656684410358575,93.1567098703885,6.033694994403049,5.327999999281019,8.104164944961674,0.14958857621255522,0.22087512458523192
10G_phase_elliptical_gaussian_px0.625_py0.875,10G_phase,elliptical_gaussian,phase_grid,0.625,Intensity-Weighted Centroid,15.0,10.0,20,20,1.0,0.43328920022792017,0.36858300626956897,0.22201827140966368,0.37685171612629464,0.30824410444735567,0.4868589568590535,0.8732143121700344,0.8813648905653131,0.17660184772637422,0.0991953200772798,0.20255350933914587,243.429420834344,0.25921001215465367,0.2398500218987465,0.36176003632135695,0.37803437429592107,0.5896817523031329
10G_phase_elliptical_gaussian_px0.625_py0.875,10G_phase,elliptical_gaussian,phase_grid,0.625,PSF-Aware Fitting,15.0,10.0,20,20,1.0,0.16424845276377628,0.1627869728825507,0.08180990952107274,0.11366859408597511,0.144048138653918,0.18349500137916716,0.2675054145815735,0.38071301557744164,0.02542788536622993,-0.05853149455468269,0.06381624565111128,91.74748850440122,4.868310014717281,4.73809998948127,6.722820032155143,0.14481176499717135,0.22152667091423184
10G_phase_elliptical_gaussian_px0.75_py0,10G_phase,elliptical_gaussian,phase_grid,0.75,Gaussian Fitting,15.0,10.0,20,20,1.0,0.24362118572989613,0.22256702246319535,0.10250971971711202,0.14172865939955315,0.22309753893247425,0.2643095245595993,0.41283916057042475,0.41554044843875776,0.02218513732879046,0.005225289807390255,0.02279219102825589,132.15475572533697,5.113565013743937,5.064750032033771,6.54346999945119,0.21742300654685912,0.3082600947153409
10G_phase_elliptical_gaussian_px0.75_py0,10G_phase,elliptical_gaussian,phase_grid,0.75,Intensity-Weighted Centroid,15.0,10.0,20,20,1.0,0.5146684080845585,0.5249958389232132,0.16696822965990923,0.4307028979864291,0.32750110482584566,0.5410748192219426,0.7637115263523792,0.8740745824316882,0.19369682676190222,-0.04876141160056591,0.19974017111965778,270.537368984968,0.25164499529637396,0.24634995497763157,0.32100008684210485,0.46681028659083496,0.6111830188269396
10G_phase_elliptical_gaussian_px0.75_py0,10G_phase,elliptical_gaussian,phase_grid,0.75,PSF-Aware Fitting,15.0,10.0,20,20,1.0,0.24014705952109283,0.21006957364957607,0.10494708905776147,0.1448162304679293,0.2184325092365709,0.26207728191952284,0.42465124735769466,0.42700458047674644,0.025132640222579994,0.006585797330438936,0.025981191870952772,131.0386339920131,4.199134994996712,4.041499982122332,5.611659906571731,0.21187174916388216,0.3085629558176142
10G_phase_elliptical_gaussian_px0.75_py0.125,10G_phase,elliptical_gaussian,phase_grid,0.75,Gaussian Fitting,15.0,10.0,20,20,1.0,0.1702234307832943,0.13418112203212168,0.1137097010856432,0.10898511972054026,0.17328634160868192,0.20470933664252175,0.33532465446263343,0.49364773492504166,-0.005509162243515675,-0.00842632496380702,0.010067463484962636,102.35466254386479,5.37066999822855,5.034949979744852,6.408649956574664,0.14364192503136586,0.26323199021216626
10G_phase_elliptical_gaussian_px0.75_py0.125,10G_phase,elliptical_gaussian,phase_grid,0.75,Intensity-Weighted Centroid,15.0,10.0,20,20,1.0,0.3977596632937469,0.3888054849181677,0.2116330947894719,0.3397960004404108,0.2958715847093546,0.4505566740752205,0.8168614913036679,0.8768243351804639,0.08210076477426469,0.03595213823404606,0.08962751709223624,225.27830539817117,0.25153998867608607,0.2393500180914998,0.3757099504582584,0.35327483120915426,0.5489308850650871
10G_phase_elliptical_gaussian_px0.75_py0.125,10G_phase,elliptical_gaussian,phase_grid,0.75,PSF-Aware Fitting,15.0,10.0,20,20,1.0,0.16469134709463393,0.13665964849314707,0.11603419516472036,0.10436189156502183,0.1723246060327434,0.20146258773124504,0.3332265493381577,0.5272548863783283,-0.005124097500885228,-0.002330939706627078,0.0056293565453352625,100.73128820428799,3.854830010095611,3.7105000228621066,4.954594938317315,0.13812406825324633,0.26671690972753914
10G_phase_elliptical_gaussian_px0.75_py0.25,10G_phase,elliptical_gaussian,phase_grid,0.75,Gaussian Fitting,15.0,10.0,20,20,1.0,0.17067442061881527,0.1691278988553933,0.08205163904771046,0.12059948173368637,0.14600682973597598,0.18937325398266788,0.2838083969115266,0.3800079529307454,0.008589050731143289,0.012435634436542387,0.015113464073516434,94.68661891853095,5.573759996332228,5.206050002016127,7.476369990035892,0.15041857802333608,0.22626335796288713
10G_phase_elliptical_gaussian_px0.75_py0.25,10G_phase,elliptical_gaussian,phase_grid,0.75,Intensity-Weighted Centroid,15.0,10.0,20,20,1.0,0.5117121955780479,0.4975942372493609,0.20149089309203652,0.3385334028337801,0.43340868273272337,0.5499526807847498,0.7982470809434629,0.9390236549285327,0.1669276386224226,-0.23731492195930173,0.2901434278432093,274.9763130486597,0.26266000350005925,0.23455003974959254,0.4334350058343262,0.46084168277137777,0.6323069875343953
10G_phase_elliptical_gaussian_px0.75_py0.25,10G_phase,elliptical_gaussian,phase_grid,0.75,PSF-Aware Fitting,15.0,10.0,20,20,1.0,0.16876143563289084,0.15569901197311067,0.08295373796205383,0.12268354740427297,0.14251488341592594,0.18804718769168408,0.2863330965841852,0.3812258910997957,0.007698184706231359,0.009471866246002492,0.012205666632897022,94.02358553542679,4.423275002045557,4.06485004350543,6.294414930744099,0.147089434354248,0.22625052880856852
10G_phase_elliptical_gaussian_px0.75_py0.375,10G_phase,elliptical_gaussian,phase_grid,0.75,Gaussian Fitting,15.0,10.0,20,20,1.0,0.1788329279114892,0.16007803069282867,0.09934015952559015,0.10664091664316859,0.17457777148729547,0.20457195164529665,0.3672739665826234,0.3867539652429792,0.023048598189564017,-0.005999211885455225,0.023816557722529108,102.28596934006376,5.4251099994871765,5.1656499854288995,7.053424930199982,0.1591590143068631,0.2455926759591197
10G_phase_elliptical_gaussian_px0.75_py0.375,10G_phase,elliptical_gaussian,phase_grid,0.75,Intensity-Weighted Centroid,15.0,10.0,20,20,1.0,0.44616206916480283,0.33447810394861843,0.24973795991554554,0.391593653992469,0.32876138875637984,0.5113019074716982,0.8380423233481601,0.95843008781584,0.2668348891376013,-0.18395774941509443,0.3241007738820484,255.65091149284692,0.2705200167838484,0.2591499942354858,0.3672549617476762,0.4009671324949903,0.6120230276478604
10G_phase_elliptical_gaussian_px0.75_py0.375,10G_phase,elliptical_gaussian,phase_grid,0.75,PSF-Aware Fitting,15.0,10.0,20,20,1.0,0.18275963984091242,0.16847393261371935,0.1007746312222859,0.10722668242741537,0.17905041420889808,0.2087022095061951,0.3759965842619992,0.3947381798453204,0.02569417517569832,-0.006140304334957136,0.026417683003726218,104.35109818625297,4.367220017593354,4.039850027766079,5.920670024352148,0.16206500928796153,0.2511082493606599
10G_phase_elliptical_gaussian_px0.75_py0.5,10G_phase,elliptical_gaussian,phase_grid,0.75,Gaussian Fitting,15.0,10.0,20,20,1.0,0.15003796465497168,0.15335854995956105,0.06715042121467306,0.12596019953867846,0.10561533051262424,0.16437934756870934,0.2553745212313209,0.3151784688732952,-0.040355300757835263,0.009698769315076562,0.04150441453005222,82.1896657018403,5.313344986643642,5.051300046034157,7.246779982233422,0.13231471247669258,0.19449315508056975
10G_phase_elliptical_gaussian_px0.75_py0.5,10G_phase,elliptical_gaussian,phase_grid,0.75,Intensity-Weighted Centroid,15.0,10.0,20,20,1.0,0.45781176165419646,0.32417853571115296,0.29739001075798144,0.29159225484150836,0.46152614717261253,0.5459234631407145,1.055873560832769,1.1380669094173148,0.08712150656217546,-0.3263013471082047,0.3377317367827493,272.96170751745814,0.2477249945513904,0.23654999677091837,0.3491449460852892,0.39691063724182385,0.6943586370636972
10G_phase_elliptical_gaussian_px0.75_py0.5,10G_phase,elliptical_gaussian,phase_grid,0.75,PSF-Aware Fitting,15.0,10.0,20,20,1.0,0.15422551264354545,0.15687788064664962,0.06806291655126605,0.12642370060538866,0.11151285703840638,0.1685765979002691,0.24827322509528976,0.33601741120055145,-0.04134619584308439,0.017604960244426593,0.044938207973867064,84.28829064581412,4.11377502605319,3.7697000079788268,5.720960046164692,0.13547286884966372,0.20194790956954395
10G_phase_elliptical_gaussian_px0.75_py0.625,10G_phase,elliptical_gaussian,phase_grid,0.75,Gaussian Fitting,15.0,10.0,20,20,1.0,0.17056467240568826,0.17030876367909265,0.08555707071832581,0.12233387717630334,0.1464470631927233,0.19082012426041534,0.29189936963524843,0.3521115254040212,-0.016413334089520504,-0.0603002707611779,0.06249416124571625,95.4100523244243,5.43678502435796,5.117549968417734,7.463255082257093,0.15454004713850525,0.22761921794610804
10G_phase_elliptical_gaussian_px0.75_py0.625,10G_phase,elliptical_gaussian,phase_grid,0.75,Intensity-Weighted Centroid,15.0,10.0,20,20,1.0,0.4902489076861583,0.47451604865837105,0.2688692960071401,0.38685635307555877,0.403703916141428,0.5591374516367568,0.9459727335854518,1.0237185313928217,0.1945496137609098,0.27347941228502465,0.33561963762313085,279.5686564614443,0.23718501324765384,0.22799998987466097,0.3006350481882692,0.4425172686291863,0.6715003843054623
10G_phase_elliptical_gaussian_px0.75_py0.625,10G_phase,elliptical_gaussian,phase_grid,0.75,PSF-Aware Fitting,15.0,10.0,20,20,1.0,0.17139391556536124,0.1759623946083389,0.08595084212033051,0.12073213478586875,0.14895359406226819,0.19173789806405034,0.28050469398106886,0.36136866116322935,-0.013076355568006192,-0.05990395404468245,0.06131455606239315,95.86893933166174,4.237840004498139,4.127100051846355,5.767284973990172,0.15504165922598923,0.23008677892392837
10G_phase_elliptical_gaussian_px0.75_py0.75,10G_phase,elliptical_gaussian,phase_grid,0.75,Gaussian Fitting,15.0,10.0,20,20,1.0,0.17708868148780407,0.1470422676668861,0.09868281545814363,0.08510327371943716,0.18400035864114372,0.2027281410604728,0.3695078147164469,0.41635689262752373,-0.008537182669846289,0.007039940126594502,0.011065452766351642,101.36405561724669,5.376180005259812,4.673150018788874,8.347334997961298,0.15164224398750215,0.25082539389627667
10G_phase_elliptical_gaussian_px0.75_py0.75,10G_phase,elliptical_gaussian,phase_grid,0.75,Intensity-Weighted Centroid,15.0,10.0,20,20,1.0,0.4579451696048792,0.4943156056730595,0.2555961075518878,0.4019660625570191,0.3368477892350258,0.5244455630092772,0.808593675615885,1.0396865294833941,0.2366431019182528,0.18580796906773572,0.30087299489081637,262.2227092700966,0.22233999334275723,0.1877500326372683,0.28996499604545556,0.4128344777079708,0.6252795290510893
10G_phase_elliptical_gaussian_px0.75_py0.75,10G_phase,elliptical_gaussian,phase_grid,0.75,PSF-Aware Fitting,15.0,10.0,20,20,1.0,0.17586366609802925,0.14765618054162521,0.09995515013984015,0.08639117083847835,0.1829087933754798,0.2022846041915131,0.36715649298601805,0.4221383301688573,-0.006684184467422938,0.00598355924586258,0.008971137232440803,101.14228692587248,4.158549982821569,3.589299973100424,6.050105002941564,0.15053805885173568,0.25044003236994317
10G_phase_elliptical_gaussian_px0.75_py0.875,10G_phase,elliptical_gaussian,phase_grid,0.75,Gaussian Fitting,15.0,10.0,20,20,1.0,0.1989027122628975,0.14676261306451963,0.13290669297604743,0.12317742364046455,0.20507023257572965,0.2392205634626052,0.45851932797020634,0.4777318448332729,0.02694313593813149,-0.0006510012277942678,0.02695099955065159,119.61025920659938,4.87171498243697,4.48909995611757,7.424044952495024,0.17685816747117786,0.29836530031136077
10G_phase_elliptical_gaussian_px0.75_py0.875,10G_phase,elliptical_gaussian,phase_grid,0.75,Intensity-Weighted Centroid,15.0,10.0,20,20,1.0,0.4273129842097677,0.42892454151702475,0.23979037398892364,0.3472426999345168,0.34571421329501645,0.4899957244017595,0.8695691489583401,0.8901034119138874,0.0872817647640602,0.15261648242696993,0.1758121075714365,244.9978017874487,0.19338999991305172,0.18214998999610543,0.25968499248847365,0.37918989165924855,0.5909807004500529
10G_phase_elliptical_gaussian_px0.75_py0.875,10G_phase,elliptical_gaussian,phase_grid,0.75,PSF-Aware Fitting,15.0,10.0,20,20,1.0,0.19419550881955785,0.1374994760567098,0.13216148200167874,0.12152949982656294,0.20102023192323817,0.23490115574549017,0.4575914465846065,0.4782553471968858,0.024457883209646526,-0.0036552062137161557,0.024729508356647504,117.45055582775761,3.731935005635023,3.4897499717772007,5.122975056292489,0.17238154637145542,0.29435109992705893
10G_phase_elliptical_gaussian_px0.875_py0,10G_phase,elliptical_gaussian,phase_grid,0.875,Gaussian Fitting,15.0,10.0,20,20,1.0,0.1956064318946359,0.19946495671371506,0.09117819185316746,0.11599234810525999,0.18199207139101425,0.21581320364649573,0.3176416815456533,0.39026102540005353,0.0352383543822441,0.00368886128280792,0.035430909064437244,107.90659523272281,5.094084976008162,4.766449972521514,6.593229953432456,0.17680034636864897,0.25265615065674935
10G_phase_elliptical_gaussian_px0.875_py0,10G_phase,elliptical_gaussian,phase_grid,0.875,Intensity-Weighted Centroid,15.0,10.0,20,20,1.0,0.4269899604590802,0.3454577160812915,0.34762792006092097,0.3474245350985423,0.4271554629760583,0.5506047558264721,1.0300826327753974,1.5305758584068179,0.060590606717534,0.013105687636431185,0.06199177905837662,275.30231976529075,0.2272950077895075,0.18940004520118237,0.34193999017588805,0.33856086041268485,0.7566476689345858
10G_phase_elliptical_gaussian_px0.875_py0,10G_phase,elliptical_gaussian,phase_grid,0.875,PSF-Aware Fitting,15.0,10.0,20,20,1.0,0.19578702678435286,0.19460456997931225,0.0932693505563605,0.11543963286983842,0.1835903667765253,0.2168680050405365,0.32221966504002425,0.3907261206855854,0.034538266961664024,0.0044054560948382,0.03481809770964979,108.43399594334386,4.2009349970612675,3.9023500285111368,5.848670017439872,0.17749653374738603,0.25495592039337805
10G_phase_elliptical_gaussian_px0.875_py0.125,10G_phase,elliptical_gaussian,phase_grid,0.875,Gaussian Fitting,15.0,10.0,20,20,1.0,0.2291113716521414,0.18550509311749802,0.13007917396260013,0.1201993359985214,0.23444558376013958,0.2634627338336829,0.4760474943629581,0.5992388848845965,0.03144570184844042,0.006492679893392505,0.03210898716775527,131.73135866582953,4.960774985374883,4.569999990053475,6.603480019839481,0.19356942361613208,0.332826681250136
10G_phase_elliptical_gaussian_px0.875_py0.125,10G_phase,elliptical_gaussian,phase_grid,0.875,Intensity-Weighted Centroid,15.0,10.0,20,20,1.0,0.4195797345082316,0.3449108477754478,0.21274055488415294,0.26302474374399526,0.3900303596911669,0.4704313948945323,0.8682135595020993,0.932501532050905,-0.14784252193422276,-0.05146256654882677,0.15654330725924875,235.215679450777,0.21193500142544508,0.18620002083480358,0.27486996259540325,0.3557461728902309,0.5734346770213182
10G_phase_elliptical_gaussian_px0.875_py0.125,10G_phase,elliptical_gaussian,phase_grid,0.875,PSF-Aware Fitting,15.0,10.0,20,20,1.0,0.22896225676525775,0.1914325754344942,0.1304444606540597,0.11730686836333498,0.23596307120639773,0.2635137042705148,0.5000181442860027,0.5992888265862117,0.02622727406291574,-0.0004392246108409381,0.02623095162265489,131.75684419654442,3.88855499913916,3.472450014669448,5.2400899527128795,0.19200505187924524,0.3350806442562865
10G_phase_elliptical_gaussian_px0.875_py0.25,10G_phase,elliptical_gaussian,phase_grid,0.875,Gaussian Fitting,15.0,10.0,20,20,1.0,0.184060175372934,0.18730635876083374,0.08478574846748327,0.12149828592714863,0.16218797063367985,0.20264938021495787,0.3219937796502386,0.3366022048332661,-0.03297136525742417,0.01612055613697976,0.03670127051076016,101.32468185970109,5.469284992432222,5.2762499544769526,7.443519984371961,0.16594010533203757,0.2376814506729459
10G_phase_elliptical_gaussian_px0.875_py0.25,10G_phase,elliptical_gaussian,phase_grid,0.875,Intensity-Weighted Centroid,15.0,10.0,20,20,1.0,0.35436869776300634,0.27960403397547806,0.2202406303795799,0.20689237226963503,0.3623239648724418,0.4172326799571717,0.7314800137256657,0.9679557932244879,0.09180116321248874,-0.1656465003555354,0.18938378137317458,208.61632528246986,0.20307498634792864,0.1899499329738319,0.2609400078654289,0.29705245122233426,0.529305530386625
10G_phase_elliptical_gaussian_px0.875_py0.25,10G_phase,elliptical_gaussian,phase_grid,0.875,PSF-Aware Fitting,15.0,10.0,20,20,1.0,0.19027255706569096,0.1905844587748586,0.09040097011920843,0.1205302145664286,0.1727670360554389,0.2106560736622864,0.33826888130578564,0.35837009275902615,-0.03110011824124399,0.015823255619392285,0.03489402202406577,105.32802877760628,4.042125015985221,3.529900044668466,6.3322350673843175,0.17093743816443374,0.24796774551153822
10G_phase_elliptical_gaussian_px0.875_py0.375,10G_phase,elliptical_gaussian,phase_grid,0.875,Gaussian Fitting,15.0,10.0,20,20,1.0,0.15671774472296146,0.1428574032276514,0.07820947699857977,0.09582057365463001,0.14661374924590231,0.17514900457451277,0.29462263043209747,0.35727279353177305,-0.001305781260606409,-0.05284867686551138,0.05286480597841809,87.5744957616004,5.587620014557615,5.356599984224886,7.634345017140732,0.1370050380635249,0.21178867471973062
10G_phase_elliptical_gaussian_px0.875_py0.375,10G_phase,elliptical_gaussian,phase_grid,0.875,Intensity-Weighted Centroid,15.0,10.0,20,20,1.0,0.4717612665909205,0.4866481533472886,0.1785484312622742,0.3771161684448424,0.33499497079683127,0.5044187099639431,0.7777353028276025,0.8212790995193834,0.22903396819780825,-0.13364651366102293,0.2651753178600539,252.20930924356327,0.21403500577434897,0.19605003762990236,0.2719750802498311,0.4266578794000626,0.5783307399360836
10G_phase_elliptical_gaussian_px0.875_py0.375,10G_phase,elliptical_gaussian,phase_grid,0.875,PSF-Aware Fitting,15.0,10.0,20,20,1.0,0.15088177759938856,0.1313582578607353,0.07320448092100819,0.09000751029598306,0.14150213754139584,0.167702733545001,0.27993611439344107,0.3452405247405014,-0.00036476208563840373,-0.047583559821333665,0.0475849578821875,83.85136068021393,4.683929990278557,4.639449995011091,6.182250002166257,0.13195670753441832,0.20061192594778826
10G_phase_elliptical_gaussian_px0.875_py0.5,10G_phase,elliptical_gaussian,phase_grid,0.875,Gaussian Fitting,15.0,10.0,20,20,1.0,0.16301474734237978,0.14952041682287945,0.073415997937909,0.11849367694392546,0.13387667880787754,0.1787839942621234,0.26576810193089145,0.3606876473021157,0.004009065613064422,0.03890962905853712,0.039115621439046726,89.39198467273559,5.413224996300414,4.982500046025962,7.444989925716074,0.14461320107603498,0.21487144834622446
10G_phase_elliptical_gaussian_px0.875_py0.5,10G_phase,elliptical_gaussian,phase_grid,0.875,Intensity-Weighted Centroid,15.0,10.0,20,20,1.0,0.4955263319881514,0.356118169451345,0.2568769361318551,0.32985087278384145,0.4502560468598493,0.5581506122993334,0.8752472711397895,1.0089455809949943,0.14685025090894327,-0.23342854463019194,0.2757786823526958,279.0752731840347,0.23377497564069927,0.22235000506043434,0.3281050187069923,0.43356439732468427,0.6627413283903878
10G_phase_elliptical_gaussian_px0.875_py0.5,10G_phase,elliptical_gaussian,phase_grid,0.875,PSF-Aware Fitting,15.0,10.0,20,20,1.0,0.16148151787902879,0.15977728751064355,0.0734110915371505,0.1204610146667416,0.13020988028045358,0.17738508668202912,0.26283636655656695,0.3436992484331741,0.003944563495673492,0.03596823231765143,0.036183882008816365,88.69253085896744,4.064150009071454,3.434250014834106,5.888870096532628,0.14343619657455292,0.21150364538666983
10G_phase_elliptical_gaussian_px0.875_py0.625,10G_phase,elliptical_gaussian,phase_grid,0.875,Gaussian Fitting,15.0,10.0,20,20,1.0,0.2326948800321702,0.2315945592159705,0.11780609508353539,0.1423099235089529,0.21857051242766729,0.26081637838145266,0.3508807479762954,0.5971008247556434,-0.0572312639928839,0.0731520708958044,0.09287972359222417,130.40817003571502,5.399724992457777,5.021549994125962,8.26083499705419,0.2029758443770578,0.3228214393136729
10G_phase_elliptical_gaussian_px0.875_py0.625,10G_phase,elliptical_gaussian,phase_grid,0.875,Intensity-Weighted Centroid,15.0,10.0,20,20,1.0,0.5270239571831994,0.528171799253744,0.25493373658388796,0.29510461062442095,0.5056270664055385,0.585444669882357,0.9898565873923058,1.0394633695684388,0.10312112779045605,0.24260650376053833,0.2636131306738867,292.7222762002842,0.1971249934285879,0.18119998276233673,0.25182493845932186,0.4747100153693708,0.6965773517779144
10G_phase_elliptical_gaussian_px0.875_py0.625,10G_phase,elliptical_gaussian,phase_grid,0.875,PSF-Aware Fitting,15.0,10.0,20,20,1.0,0.23509410507103512,0.23026124344448345,0.11461629478935743,0.1427440441176746,0.21915809622125113,0.26154566192233397,0.35318547476701,0.6009524076714174,-0.05525250764821976,0.07959166742886055,0.09689000529220196,130.77281167465372,3.9645649900194257,3.487899957690388,6.098564964486286,0.20442994079154736,0.32356058169699053
10G_phase_elliptical_gaussian_px0.875_py0.75,10G_phase,elliptical_gaussian,phase_grid,0.875,Gaussian Fitting,15.0,10.0,20,20,1.0,0.19984790283667284,0.18214883183063169,0.10313238704493873,0.14091219677035433,0.17526901131448255,0.22488991423761823,0.32939967902722345,0.3802379829624299,-0.011924813761891074,-0.0015705059104334396,0.012027787496896222,112.44493909981396,5.954480002401397,6.068749935366213,7.426469994243234,0.18001196795326257,0.26486906792108456
10G_phase_elliptical_gaussian_px0.875_py0.75,10G_phase,elliptical_gaussian,phase_grid,0.875,Intensity-Weighted Centroid,15.0,10.0,20,20,1.0,0.3949998983877937,0.38165303911012094,0.23465799945504168,0.27333614066520556,0.36929209393224305,0.4594445520784958,0.7586178826487137,0.9939579354119094,0.011546188928815582,-0.0042639206832973285,0.012308350757650445,229.72222694818848,0.2071850118227303,0.19234995124861598,0.2544749528169632,0.34656258888189095,0.5650687843975178
10G_phase_elliptical_gaussian_px0.875_py0.75,10G_phase,elliptical_gaussian,phase_grid,0.875,PSF-Aware Fitting,15.0,10.0,20,20,1.0,0.19451037637885732,0.18364075908413444,0.09752538140066967,0.13791572185498652,0.1682995549655697,0.21759018023888582,0.322264193219761,0.36633267858765656,-0.012586383520601884,0.0009245888841064697,0.01262029772756142,108.79507261743822,4.64004497625865,4.395749943796545,6.843329995172098,0.174808786355368,0.255944239620749
10G_phase_elliptical_gaussian_px0.875_py0.875,10G_phase,elliptical_gaussian,phase_grid,0.875,Gaussian Fitting,15.0,10.0,20,20,1.0,0.18011583704514675,0.15334252659045167,0.11967400717746443,0.10204894552527324,0.19065569874925184,0.21624889074486753,0.43420941449256373,0.5155088680029152,-0.007675134314717979,0.06652103438845529,0.06696234541037979,108.12441784714156,5.1996300055179745,4.969600006006658,7.062464969931171,0.14851571840699718,0.2815827571395434
10G_phase_elliptical_gaussian_px0.875_py0.875,10G_phase,elliptical_gaussian,phase_grid,0.875,Intensity-Weighted Centroid,15.0,10.0,20,20,1.0,0.31128245557101175,0.25729817222607265,0.21612726116940964,0.26765249529454177,0.26827206699452405,0.37895614544022,0.7641537805535225,0.8035905398186308,0.10509201817221765,0.14377317099481957,0.17808721734424218,189.47801492243485,0.21483998280018568,0.20454992773011327,0.2583150868304074,0.2632947863174342,0.4795914483633986
10G_phase_elliptical_gaussian_px0.875_py0.875,10G_phase,elliptical_gaussian,phase_grid,0.875,PSF-Aware Fitting,15.0,10.0,20,20,1.0,0.17522437540712205,0.15321613878133283,0.11748607054648841,0.1017478034341883,0.18480785428543958,0.21096577568238523,0.4309679429802688,0.49404605827793624,-0.008121520736159482,0.061848411962580487,0.06237936486820732,105.48286149992364,4.53466500621289,4.1128500597551465,6.480885035125539,0.1452909059458884,0.273838891138723
10G_phase_elliptical_gaussian_px0_py0,10G_phase,elliptical_gaussian,phase_grid,0.0,Gaussian Fitting,15.0,10.0,20,20,1.0,0.1930610917144108,0.17855274606509108,0.08324857932744262,0.11740562221897721,0.1744099508783041,0.2102448836333423,0.2989374603852561,0.366696706866911,-0.0021441259679079393,0.0693679044793953,0.06940103347954385,105.12244133218056,5.45216997852549,5.038100003730506,7.103075005579741,0.1726620605140004,0.24418809832136443
10G_phase_elliptical_gaussian_px0_py0,10G_phase,elliptical_gaussian,phase_grid,0.0,Intensity-Weighted Centroid,15.0,10.0,20,20,1.0,0.47447534752279485,0.4623581303200953,0.15942584243002605,0.3412688765703908,0.36616800587405757,0.5005431596190287,0.7308019130637184,0.7871393983504233,0.028438590341590953,-0.014270597662022055,0.03181828685281688,250.27157388815965,0.259419996291399,0.24229998234659433,0.46815495006740093,0.42491410871001445,0.5668356427225223
10G_phase_elliptical_gaussian_px0_py0,10G_phase,elliptical_gaussian,phase_grid,0.0,PSF-Aware Fitting,15.0,10.0,20,20,1.0,0.18517795282110824,0.17571259777455,0.08711209921470195,0.11564694695586447,0.16883475856705615,0.2046445504786499,0.2955022442453714,0.371679538103611,0.0003500853223613376,0.07088239225923872,0.0708832567827235,102.3222747656211,3.977059992030263,3.6500499700196087,5.3113750531338155,0.16693160870982765,0.24065025477506266
10G_phase_elliptical_gaussian_px0_py0.125,10G_phase,elliptical_gaussian,phase_grid,0.0,Gaussian Fitting,15.0,10.0,20,20,1.0,0.20228274367367804,0.17197720099260497,0.12602441500421183,0.11805847276429444,0.20703298909561993,0.23832847409679092,0.4364628982885721,0.45935388951417694,0.040549493780878264,-0.0979680102287773,0.1060282626193191,119.16423639405144,5.386539996834472,5.065299978014082,8.294019941240549,0.173630106347974,0.29636225031705143
10G_phase_elliptical_gaussian_px0_py0.125,10G_phase,elliptical_gaussian,phase_grid,0.0,Intensity-Weighted Centroid,15.0,10.0,20,20,1.0,0.41345104999274485,0.3653023458676332,0.24411757320751024,0.32256444677935986,0.35565058408886774,0.4801407713252721,0.7897919050536916,1.07382952515561,-0.02509899144819201,-0.17443390739280745,0.17623038166002747,240.07037904095571,0.23772500571794808,0.21920003928244114,0.3167100541759283,0.3538049220995598,0.5974169569101413
10G_phase_elliptical_gaussian_px0_py0.125,10G_phase,elliptical_gaussian,phase_grid,0.0,PSF-Aware Fitting,15.0,10.0,20,20,1.0,0.20332982516145415,0.1639461930473651,0.1303263556897553,0.12179751802999385,0.20855057273786967,0.24151185641197853,0.43936036666481537,0.47679551380150814,0.042916203606421274,-0.09521645953503821,0.10444124998474202,120.75592750074351,3.975289996014908,3.631250001490116,5.305304925423116,0.1749774755166769,0.29946167024601233
10G_phase_elliptical_gaussian_px0_py0.25,10G_phase,elliptical_gaussian,phase_grid,0.0,Gaussian Fitting,15.0,10.0,20,20,1.0,0.20249896850877686,0.19065259998230777,0.11291500602166904,0.1291721581249354,0.1925361898380116,0.2318526058339482,0.3446806065754447,0.49376038554823365,0.05366734537784623,0.0647150754366578,0.08407273606037419,115.92629955195044,5.680605006637052,5.822100036311895,7.411964988568798,0.17933244629648737,0.2827858192483976
10G_phase_elliptical_gaussian_px0_py0.25,10G_phase,elliptical_gaussian,phase_grid,0.0,Intensity-Weighted Centroid,15.0,10.0,20,20,1.0,0.4202552955586067,0.3437007346449095,0.20872785182520703,0.2498625284866744,0.397178230056562,0.4692353669243373,0.8096170076966382,0.832779359407537,0.06632368342131371,-0.1780383424346894,0.18999074282570289,234.6176784104213,0.2650200156494975,0.25335000827908516,0.37646505516022444,0.37161457029704714,0.5599241903939175
10G_phase_elliptical_gaussian_px0_py0.25,10G_phase,elliptical_gaussian,phase_grid,0.0,PSF-Aware Fitting,15.0,10.0,20,20,1.0,0.19490634225192463,0.18999976673046926,0.11229121275576455,0.12409816470256801,0.1876098191184008,0.2249395445718355,0.3521884626815549,0.49281803268288027,0.056525314164764494,0.06591287559643888,0.08683097552611599,112.4697688387243,4.185959993628785,4.072849988006055,5.484715069178492,0.17248765566907714,0.2777250011728702
10G_phase_elliptical_gaussian_px0_py0.375,10G_phase,elliptical_gaussian,phase_grid,0.0,Gaussian Fitting,15.0,10.0,20,20,1.0,0.14628789951733515,0.1373413784649457,0.08410499529713726,0.09201053937744043,0.14144914429786384,0.16874181396181986,0.28170222990336263,0.34426561939852784,0.027805461071500302,0.0008098457696064543,0.027817252121107652,84.37090457399395,5.227360007120296,5.28704997850582,6.461549969390035,0.1309055382933338,0.20454630747691685
10G_phase_elliptical_gaussian_px0_py0.375,10G_phase,elliptical_gaussian,phase_grid,0.0,Intensity-Weighted Centroid,15.0,10.0,20,20,1.0,0.39321002790245185,0.31198077533610247,0.2494764277658064,0.25377710154206357,0.3904481998764288,0.46567436482356916,0.9648004811158254,1.0689362167435938,0.001782118362774554,-0.2394778097758433,0.2394844406655554,232.83717887859356,0.22752501536160707,0.22109999554231763,0.28588007553480566,0.3203599334225076,0.6000663186675468
10G_phase_elliptical_gaussian_px0_py0.375,10G_phase,elliptical_gaussian,phase_grid,0.0,PSF-Aware Fitting,15.0,10.0,20,20,1.0,0.14794806383540787,0.14302862048545922,0.08493611578512722,0.09450302367743704,0.14202799679335143,0.17059534975288884,0.2696820462420681,0.33388524686899285,0.029881821559149556,0.001670164692365006,0.029928459863355447,85.29767246244303,3.7972050136886537,3.8652000366710126,4.865635011810809,0.13368211130053512,0.20440839208660838
10G_phase_elliptical_gaussian_px0_py0.5,10G_phase,elliptical_gaussian,phase_grid,0.0,Gaussian Fitting,15.0,10.0,20,20,1.0,0.18471365083407043,0.1491093128233339,0.09308120622095417,0.1123107170090582,0.1736938300599936,0.20684110751008536,0.3830094912406979,0.41478108936934,-0.0069578555905422945,-0.03186825818050352,0.032618976591519085,103.42055015809852,5.0989999959710985,4.937399993650615,6.975990004139021,0.16189622302989665,0.25370812954334016
10G_phase_elliptical_gaussian_px0_py0.5,10G_phase,elliptical_gaussian,phase_grid,0.0,Intensity-Weighted Centroid,15.0,10.0,20,20,1.0,0.4938853351074092,0.42954994790572076,0.24627481589122938,0.29973364020079374,0.4633937355083665,0.5518822421281706,0.8907512784074415,0.9023879909153995,-0.01602944652217957,-0.3544020263267612,0.3547643435018826,275.94111602108535,0.2316800004336983,0.2182999742217362,0.2954600262455642,0.44077025601727715,0.6480957128912571
10G_phase_elliptical_gaussian_px0_py0.5,10G_phase,elliptical_gaussian,phase_grid,0.0,PSF-Aware Fitting,15.0,10.0,20,20,1.0,0.18294335156608538,0.1518507840884311,0.09209100417612996,0.11636866063040845,0.16854482417293365,0.20481460624769976,0.34066107716617183,0.4142915973362857,-0.0051924802151745554,-0.03306457225674535,0.03346980414203993,102.4072996116466,3.752589999930933,3.3926499891094863,5.065224977442995,0.16139410125089082,0.24905619284077682
10G_phase_elliptical_gaussian_px0_py0.625,10G_phase,elliptical_gaussian,phase_grid,0.0,Gaussian Fitting,15.0,10.0,20,20,1.0,0.2200230782389422,0.20368322032973307,0.11555703723025569,0.10111213361369271,0.2270240521338238,0.24852280340277505,0.39478997719803743,0.42901102821061043,-0.013883429009399605,-0.07543104112351103,0.07669805451271793,124.2613927224452,5.463974998565391,5.2547999657690525,7.520855020266027,0.198691485302508,0.29396925578688426
10G_phase_elliptical_gaussian_px0_py0.625,10G_phase,elliptical_gaussian,phase_grid,0.0,Intensity-Weighted Centroid,15.0,10.0,20,20,1.0,0.4253582086244145,0.4048936169288596,0.19579892863925819,0.3279146537965734,0.33427354954576594,0.46825935772865473,0.6755937933765106,0.7750335650122063,-0.008509729634124597,0.24102258225934178,0.24117276101874993,234.12965272666756,0.24385997676290572,0.23374997545033693,0.33886500750668347,0.38337352507652134,0.5500087458435846
10G_phase_elliptical_gaussian_px0_py0.625,10G_phase,elliptical_gaussian,phase_grid,0.0,PSF-Aware Fitting,15.0,10.0,20,20,1.0,0.22093181543503984,0.19570768811651215,0.10668382871934363,0.10652042596915937,0.22101064506713156,0.24534120400299816,0.38848039883382873,0.41611269892585573,-0.013192167579245507,-0.07744658380073588,0.07856211954780307,122.6705936517127,4.320510005345568,3.8578000385314226,5.756565043702722,0.19753236519978082,0.2887188636286733
10G_phase_elliptical_gaussian_px0_py0.75,10G_phase,elliptical_gaussian,phase_grid,0.0,Gaussian Fitting,15.0,10.0,20,20,1.0,0.1746350953686649,0.1745143364120077,0.09636877499275372,0.10363899774545336,0.17042099481679068,0.19946016476486395,0.28890897307536906,0.4577944809707343,0.012273083606612546,0.010602249732255587,0.01621839328047064,99.73006875465494,5.526779999490827,5.394950043410063,7.359594985609875,0.15209285945061535,0.25017722865978087
10G_phase_elliptical_gaussian_px0_py0.75,10G_phase,elliptical_gaussian,phase_grid,0.0,Intensity-Weighted Centroid,15.0,10.0,20,20,1.0,0.3795337271680082,0.35959543470583316,0.18168875866686396,0.2855298219317209,0.30907826819688533,0.4207810060874255,0.7102899749259549,0.7529357676403013,0.0071442031391313774,0.17726079696794841,0.1774047061952005,210.39047397947434,0.2508800069335848,0.24414999643340707,0.36618999438360333,0.3370848757042669,0.49789366472557384
10G_phase_elliptical_gaussian_px0_py0.75,10G_phase,elliptical_gaussian,phase_grid,0.0,PSF-Aware Fitting,15.0,10.0,20,20,1.0,0.1757231886632332,0.18224770044731414,0.09167985639319555,0.10920362450988924,0.16540375901458323,0.19820150126134567,0.28823897800369197,0.43514947881324056,0.006594230436201087,0.013974418567977409,0.015452127664459433,99.10073788889058,4.304999997839332,4.324649984482676,5.8797749516088516,0.15393129876694756,0.2440786131705943
10G_phase_elliptical_gaussian_px0_py0.875,10G_phase,elliptical_gaussian,phase_grid,0.0,Gaussian Fitting,15.0,10.0,20,20,1.0,0.18093878079223824,0.18459818680648124,0.089835640341764,0.12434366708156941,0.15921035496130348,0.2020130804433129,0.31577303537015255,0.32504234861603726,-0.035790815596942596,-0.014606921562221941,0.038656754113857696,101.00652882691602,5.388784996466711,5.330700019840151,6.604299985338003,0.16491099473112686,0.23586792627661549
10G_phase_elliptical_gaussian_px0_py0.875,10G_phase,elliptical_gaussian,phase_grid,0.0,Intensity-Weighted Centroid,15.0,10.0,20,20,1.0,0.5048815541722134,0.444226177198612,0.22953353786983283,0.47324782028531437,0.28918424809382415,0.5546088971071341,0.9805977689165557,1.0805570213253364,-0.14761168532661487,0.07859893434064133,0.16723337622749834,277.30441762011344,0.23674500989727676,0.24455005768686533,0.3001250675879419,0.43629470638241225,0.6775846877744943
10G_phase_elliptical_gaussian_px0_py0.875,10G_phase,elliptical_gaussian,phase_grid,0.0,PSF-Aware Fitting,15.0,10.0,20,20,1.0,0.18095716013792038,0.1865440569158362,0.08673091282916894,0.1234750422966765,0.15818235987364654,0.20066824623084206,0.3077767407798598,0.3248734012155708,-0.03628967201206024,-0.018653054584075335,0.040802901123074595,100.3341118824815,4.271435004193336,3.77070001559332,6.239720043959096,0.1640709191986231,0.2343601212702702
10G_phase_gaussian_px0.125_py0,10G_phase,gaussian,phase_grid,0.125,Gaussian Fitting,15.0,10.0,20,20,1.0,0.19648303152612118,0.18350290822127704,0.10658988007033952,0.14051674712356696,0.17384483883312624,0.22353296001060804,0.3859647847609938,0.4016803907392215,0.06623165436975569,0.07933940333961687,0.10335072792603439,111.76647903367969,5.411019996972755,5.5877999984659255,7.507689972408116,0.17325470203538737,0.26689592932801587
10G_phase_gaussian_px0.125_py0,10G_phase,gaussian,phase_grid,0.125,Intensity-Weighted Centroid,15.0,10.0,20,20,1.0,0.43572187856915734,0.4417603613894654,0.1954449734372003,0.29182154830243473,0.3780112128655355,0.47754821024238325,0.8087650351500503,0.9370180104544963,-0.12006628839025665,-0.07317544129027738,0.14060781918456425,238.77409892543713,0.24758000508882105,0.2383999526500702,0.38289498188532894,0.3857614568419279,0.5735276043545442
10G_phase_gaussian_px0.125_py0,10G_phase,gaussian,phase_grid,0.125,PSF-Aware Fitting,15.0,10.0,20,20,1.0,0.19257270236375684,0.1811495712824806,0.10745040770820047,0.13640798855125108,0.1732705874398201,0.22052173546464438,0.38482503257901196,0.41748580841460464,0.06419529464334346,0.07931237942349298,0.10203670606287618,110.26086679173255,3.3795150055084378,3.3245000522583723,4.430584964575247,0.16891663128513917,0.2663609693683529
10G_phase_gaussian_px0.125_py0.125,10G_phase,gaussian,phase_grid,0.125,Gaussian Fitting,15.0,10.0,20,20,1.0,0.18852842422309973,0.17300618982103907,0.0982123644568139,0.1388743183308384,0.1609427195631665,0.21257618698302758,0.3046387931131599,0.4801258251254983,-0.016833431323777858,0.000789975170357593,0.016851957479833823,106.28809283332384,5.245555005967617,5.007200001273304,6.596694968175143,0.16527200189594307,0.26568906569982476
10G_phase_gaussian_px0.125_py0.125,10G_phase,gaussian,phase_grid,0.125,Intensity-Weighted Centroid,15.0,10.0,20,20,1.0,0.3808643052077627,0.3422257983755473,0.24878151932210427,0.2996588504196062,0.3422783029974386,0.45491742474608104,0.8001374220372662,0.9927555802209675,-0.12193719103885883,-0.008065477850789194,0.12220364352755086,227.4587040960722,0.2437800052575767,0.2447500010021031,0.3496550780255348,0.3293248722234677,0.5726327932439211
10G_phase_gaussian_px0.125_py0.125,10G_phase,gaussian,phase_grid,0.125,PSF-Aware Fitting,15.0,10.0,20,20,1.0,0.19097013529178697,0.1875117634572151,0.09020198962118955,0.14180662542634814,0.15651476764246877,0.21120130564223463,0.308022313372957,0.4409085227958287,-0.01725701144822551,0.005157923929345998,0.018011347073028892,105.60065218989745,3.5963250033091754,3.344049968291074,5.049135023728013,0.16953854784932368,0.2570266513410426
10G_phase_gaussian_px0.125_py0.25,10G_phase,gaussian,phase_grid,0.125,Gaussian Fitting,15.0,10.0,20,20,1.0,0.16065785762223844,0.15717702746132411,0.08541553583515665,0.1252403806419359,0.13199093921340727,0.18195263388523497,0.30939433235236713,0.3515241680315984,-0.003839752995145318,-0.012005253467162903,0.012604356940143925,90.97631533053969,5.098554992582649,4.529650032054633,7.655729947146029,0.1419336286567,0.22204033453917954
10G_phase_gaussian_px0.125_py0.25,10G_phase,gaussian,phase_grid,0.125,Intensity-Weighted Centroid,15.0,10.0,20,20,1.0,0.42667227013880044,0.4073609046361305,0.24672596107240627,0.369407319830543,0.32628386112113333,0.49287211928907093,0.8893997244144356,0.9577687965463214,-0.07028740789147606,-0.20176226273326847,0.21365469892176764,246.43605439949442,0.23824500385671854,0.2317500184290111,0.2962900209240616,0.378006284095815,0.6003614010683183
10G_phase_gaussian_px0.125_py0.25,10G_phase,gaussian,phase_grid,0.125,PSF-Aware Fitting,15.0,10.0,20,20,1.0,0.1560638817509804,0.1395741309404204,0.08222913048596087,0.12382169993701084,0.12564136147133248,0.17640171509274274,0.29190700487196464,0.3503721372353059,-0.007450802248774835,-0.010181364903348821,0.012616443454694008,88.20085611001451,3.3856549998745322,3.133099991828203,4.706939967582002,0.13676615608732082,0.2162279496360632
10G_phase_gaussian_px0.125_py0.375,10G_phase,gaussian,phase_grid,0.125,Gaussian Fitting,15.0,10.0,20,20,1.0,0.1713150523408894,0.1499371194824902,0.06706982780608875,0.12834537803629745,0.13181302248723364,0.18397610975477244,0.27026745007461883,0.277574685204102,0.04936186078708715,0.000649212760743012,0.04936612986220901,91.98805254130833,5.176765006035566,4.872600024100393,6.9916700245812535,0.15395104442407095,0.21146863344937683
10G_phase_gaussian_px0.125_py0.375,10G_phase,gaussian,phase_grid,0.125,Intensity-Weighted Centroid,15.0,10.0,20,20,1.0,0.42504983040402716,0.42534764980746975,0.1805388909702384,0.29730654024675784,0.3533701608876433,0.46180260878351037,0.7069584549021919,0.74973129477354,0.07282732771879523,-0.19937372721789756,0.21225857525060662,230.90129820182776,0.24600500473752618,0.24675001623108983,0.3326749603729695,0.38854892471027236,0.5282853923078927
10G_phase_gaussian_px0.125_py0.375,10G_phase,gaussian,phase_grid,0.125,PSF-Aware Fitting,15.0,10.0,20,20,1.0,0.17207120445971527,0.15981988098852695,0.06460286234474455,0.12742306437282228,0.13245901967473084,0.18379888255196533,0.2612054669647757,0.2841219897575336,0.0451748037047139,-0.0001633448323104858,0.04517509901808379,91.89943894717932,3.4570899966638535,3.3645000075921416,4.724744992563501,0.15484882023867122,0.21019654458544232
10G_phase_gaussian_px0.125_py0.5,10G_phase,gaussian,phase_grid,0.125,Gaussian Fitting,15.0,10.0,20,20,1.0,0.16739473881675287,0.1500315477727363,0.07931928035340412,0.11509525283198424,0.1451400344317599,0.1852364619056163,0.296706606271311,0.3634040750378552,-0.005197997322932224,0.010435554982097982,0.01165847262524558,92.61822645096436,5.131475004600361,4.715200047940016,6.709814938949421,0.1480528139487625,0.2217302022228854
10G_phase_gaussian_px0.125_py0.5,10G_phase,gaussian,phase_grid,0.125,Intensity-Weighted Centroid,15.0,10.0,20,20,1.0,0.5229710907896739,0.5192000470315337,0.2297664604841564,0.3622639875838087,0.44165166303891223,0.571219212006353,0.8938606753166386,0.940950453427503,-0.22594168139062276,-0.3590952594173416,0.42426294762285044,285.6096005771737,0.23718998418189585,0.24279998615384102,0.2989800530485809,0.47096408523340516,0.6639049098707297
10G_phase_gaussian_px0.125_py0.5,10G_phase,gaussian,phase_grid,0.125,PSF-Aware Fitting,15.0,10.0,20,20,1.0,0.16291460312839226,0.15052029432696848,0.07208222823805055,0.11512833351744561,0.13595029371700443,0.17814885781347004,0.29773991526755367,0.29790353541211134,-0.002585138815419441,0.006426190261049669,0.006926677700470684,89.07442515822044,3.5894000029657036,3.564049955457449,4.686925030546263,0.14470525649573945,0.20989400839533742
10G_phase_gaussian_px0.125_py0.625,10G_phase,gaussian,phase_grid,0.125,Gaussian Fitting,15.0,10.0,20,20,1.0,0.224173016214825,0.21312170838110078,0.09499905583276459,0.175170316323611,0.16909678319546761,0.24347148048173717,0.3698673833027729,0.4539685006295403,0.038415004457687016,-0.03350745461046358,0.050975112378065346,121.73573496638791,5.783815000904724,5.302900040987879,8.016619924455881,0.19880474749772056,0.2874714061187106
10G_phase_gaussian_px0.125_py0.625,10G_phase,gaussian,phase_grid,0.125,Intensity-Weighted Centroid,15.0,10.0,20,20,1.0,0.4320863972195948,0.40021641092767424,0.279041665255073,0.36514663618796683,0.36225797395108666,0.5143567882419106,0.8808009338921965,1.0025829131159794,-0.007159615739283254,0.2230702170278107,0.223185084229141,257.1783605041117,0.2540249901358038,0.24239998310804367,0.35005498793907464,0.3820392334003121,0.6308497255348685
10G_phase_gaussian_px0.125_py0.625,10G_phase,gaussian,phase_grid,0.125,PSF-Aware Fitting,15.0,10.0,20,20,1.0,0.21674376766550005,0.20345825303515733,0.09755402039421454,0.16925883516415785,0.16687149078192934,0.23768602760135288,0.3613596900383129,0.45766618332714665,0.03476036543529517,-0.03444309051179743,0.04893474725794682,118.84300871470624,4.042454983573407,3.9275999879464507,5.76402498409152,0.19109793911956324,0.2825971163332962
10G_phase_gaussian_px0.125_py0.75,10G_phase,gaussian,phase_grid,0.125,Gaussian Fitting,15.0,10.0,20,20,1.0,0.18213105860278783,0.15414799008372534,0.09839255199992362,0.1387413015037598,0.15363485299199736,0.20700921911071937,0.359714563587382,0.38027613418253664,0.035335994465168594,0.035349447251286394,0.04998215607408212,103.50460032537632,5.705734994262457,5.71674999082461,7.718884939095006,0.16125674627289763,0.2496502350630987
10G_phase_gaussian_px0.125_py0.75,10G_phase,gaussian,phase_grid,0.125,Intensity-Weighted Centroid,15.0,10.0,20,20,1.0,0.4490668270544302,0.37854509896814903,0.2950346087554447,0.3332310497033392,0.42150148640048996,0.5373140939192008,1.036771386882179,1.1727920326575985,0.01782206739638923,0.1668192297440953,0.1677685354847407,268.6569885480472,0.25186000275425613,0.2502999850548804,0.3301600401755423,0.3832139875009933,0.6846704730914824
10G_phase_gaussian_px0.125_py0.75,10G_phase,gaussian,phase_grid,0.125,PSF-Aware Fitting,15.0,10.0,20,20,1.0,0.18172431373391157,0.15995627607941065,0.10112313966506953,0.14271245814856032,0.1512705188296044,0.20796541918737904,0.3557212975624105,0.3709794006895786,0.04112129542469347,0.02813287262429185,0.04982388442804862,103.9827007441915,4.044644976966083,3.6981499288231134,5.7047799695283175,0.16239821679240615,0.2495425048622815
10G_phase_gaussian_px0.125_py0.875,10G_phase,gaussian,phase_grid,0.125,Gaussian Fitting,15.0,10.0,20,20,1.0,0.20409988132777057,0.19811935610039094,0.09462268118164127,0.11932593891069347,0.19071322359787748,0.22496713838250368,0.35359016809816063,0.36433616828302934,-0.0017924968248166806,-0.06828628686420757,0.06830980909479857,112.4835563819657,5.112839990761131,4.948149959091097,7.130190043244511,0.18481480379651172,0.2611886654942695
10G_phase_gaussian_px0.125_py0.875,10G_phase,gaussian,phase_grid,0.125,Intensity-Weighted Centroid,15.0,10.0,20,20,1.0,0.5040622966522037,0.45853045827372807,0.21302190012781771,0.3539394392033384,0.4173535697903954,0.5472267618093619,0.8384655508133507,0.8946751130088539,0.02611981715452316,0.02481514358251502,0.03602826944506992,273.61334269402585,0.24481500731781125,0.23420003708451986,0.33308495185337966,0.44867243336571844,0.6350959499882818
10G_phase_gaussian_px0.125_py0.875,10G_phase,gaussian,phase_grid,0.125,PSF-Aware Fitting,15.0,10.0,20,20,1.0,0.20200320799250188,0.19306852305623545,0.09720758883476903,0.12015379086322661,0.18925558884093086,0.22417540312516776,0.3534043595261496,0.36984729411106754,0.0020576151447016856,-0.06430405077252885,0.06433696236099179,112.0876889153285,3.4195850079413503,3.2817000173963606,4.304250003769994,0.18356259367323305,0.26188478870790766
10G_phase_gaussian_px0.25_py0,10G_phase,gaussian,phase_grid,0.25,Gaussian Fitting,15.0,10.0,20,20,1.0,0.20299591040774043,0.20079821503577877,0.09488460405231992,0.14901162677183274,0.1673498216767646,0.22407683443058746,0.34352253171202113,0.4001502966703214,0.049182238048859975,0.011541654850617533,0.05051833663320194,112.0384154663098,4.848110006423667,4.4638499966822565,6.512445042608307,0.18185022673996057,0.26462019558878025
10G_phase_gaussian_px0.25_py0,10G_phase,gaussian,phase_grid,0.25,Intensity-Weighted Centroid,15.0,10.0,20,20,1.0,0.42165072989828944,0.4276598828036005,0.20077575218432892,0.3643367504502,0.2921625796715452,0.46701203484379644,0.7474983752338313,0.8172092231063753,-0.025940754251746512,-0.06425867235749365,0.06929718395647275,233.50600998958606,0.24185500806197524,0.22379995789378881,0.3255000046920032,0.384492961128741,0.5486873274902304
10G_phase_gaussian_px0.25_py0,10G_phase,gaussian,phase_grid,0.25,PSF-Aware Fitting,15.0,10.0,20,20,1.0,0.19604832532940736,0.1967107464182307,0.09844234078040846,0.1477230810506334,0.1621842521569194,0.21937602494983632,0.31784932720891285,0.4112030087694013,0.049487496647645915,0.012220102335408,0.050973946536820254,109.68801063225217,3.3743300125934184,3.1567999976687133,4.589365032734349,0.17552176676788686,0.2614653755724129
10G_phase_gaussian_px0.25_py0.125,10G_phase,gaussian,phase_grid,0.25,Gaussian Fitting,15.0,10.0,20,20,1.0,0.17013605843945528,0.16110050897625136,0.0895133852601311,0.12428251813764142,0.1466723566573103,0.19224704034663942,0.3189020070338738,0.36884831734055,-0.038309495559281,0.01324799579132332,0.04053550101446251,96.1235192102514,5.262070003664121,4.730899992864579,7.777460018405692,0.15190816883272476,0.23512408572166577
10G_phase_gaussian_px0.25_py0.125,10G_phase,gaussian,phase_grid,0.25,Intensity-Weighted Centroid,15.0,10.0,20,20,1.0,0.3533442766876012,0.33685641447516457,0.1914524679765139,0.29987658915145105,0.26754486846335507,0.401878371354048,0.6541889894762263,0.7544127606129428,-0.07279456480451359,-0.060672392230395646,0.09476385304554423,200.93918294362575,0.23496999056078494,0.23455003974959254,0.2854499500244856,0.3121936703454379,0.48421111013557955
10G_phase_gaussian_px0.25_py0.125,10G_phase,gaussian,phase_grid,0.25,PSF-Aware Fitting,15.0,10.0,20,20,1.0,0.16255788809285332,0.14918999446942238,0.09412382831229055,0.11707426131148146,0.14689444977854382,0.18784132143213372,0.32060476606558796,0.35315993262603834,-0.03495719411258733,0.016778180872614713,0.038775156654993474,93.92065975126005,3.625299996929243,3.490449977107346,4.472574940882623,0.14393263877421536,0.23085016832472371
10G_phase_gaussian_px0.25_py0.25,10G_phase,gaussian,phase_grid,0.25,Gaussian Fitting,15.0,10.0,20,20,1.0,0.15756159724761457,0.13112172046009815,0.09571465212959758,0.13723697211334276,0.12309738033228397,0.1843555031983298,0.3479118025973207,0.3995017678110707,0.01016254239243608,0.021624799279896932,0.023893706530672285,92.17774943526132,5.29644000926055,4.889399977400899,7.927899953210727,0.13356133836325232,0.23185927339482817
10G_phase_gaussian_px0.25_py0.25,10G_phase,gaussian,phase_grid,0.25,Intensity-Weighted Centroid,15.0,10.0,20,20,1.0,0.42981875650963114,0.3784676374562519,0.20877719466787625,0.40591043764673734,0.25212853283654363,0.477841061924228,0.7950313851032077,0.8170009497506348,-0.27920069221220845,-0.15114378515921204,0.3174861734375694,238.92052818483197,0.239065004279837,0.21890003699809313,0.328670017188415,0.38503321674410695,0.5638184874785047
10G_phase_gaussian_px0.25_py0.25,10G_phase,gaussian,phase_grid,0.25,PSF-Aware Fitting,15.0,10.0,20,20,1.0,0.1486107818547994,0.12281019841094458,0.09229704161933246,0.13157796265934135,0.11528724178152819,0.17493972783554787,0.3306905818435089,0.3883970615197989,0.009845080819417262,0.01718130843150334,0.01980209523659821,87.46986187939538,3.607065003598109,3.638800058979541,4.873310070252046,0.12432322117696125,0.22186287252989878
10G_phase_gaussian_px0.25_py0.375,10G_phase,gaussian,phase_grid,0.25,Gaussian Fitting,15.0,10.0,20,20,1.0,0.18697356412102156,0.15900548152929833,0.09891585042067581,0.15040493827826293,0.14873403674369623,0.2115264974998718,0.37196046121314363,0.40881556041578326,0.03034756568837338,-0.005088094657435249,0.03077114639484786,105.76324485295117,4.5335100090596825,4.2131999507546425,5.969560012454167,0.16238659166120228,0.25678791926355704
10G_phase_gaussian_px0.25_py0.375,10G_phase,gaussian,phase_grid,0.25,Intensity-Weighted Centroid,15.0,10.0,20,20,1.0,0.5200685521314282,0.4953507772991532,0.2003404553102116,0.4067039927718698,0.3810504680661104,0.5573218073518952,0.8322737162321685,0.9081757204422125,-0.12571072148980988,-0.1633036391774681,0.20608557461912086,278.6608957563649,0.23085500579327345,0.229199999012053,0.2627399808261544,0.4678025882696221,0.6436514182214362
10G_phase_gaussian_px0.25_py0.375,10G_phase,gaussian,phase_grid,0.25,PSF-Aware Fitting,15.0,10.0,20,20,1.0,0.1850050499197019,0.14895443075289913,0.09857151202396491,0.14742568666230435,0.14902643520741585,0.20962636160197518,0.3660982818627904,0.3954104175773564,0.029982493032156297,-0.008750890193113037,0.03123344309542614,104.81317710731929,3.2709999999497086,3.1336499960161746,4.27031505969353,0.16085119989980734,0.25322526046032223
10G_phase_gaussian_px0.25_py0.5,10G_phase,gaussian,phase_grid,0.25,Gaussian Fitting,15.0,10.0,20,20,1.0,0.21865287465283528,0.2094806528149919,0.11368313221119498,0.16156362648958167,0.18609172130654142,0.2464405286134903,0.3864639544569139,0.5090933468737832,0.05961656804551581,-0.00501103768089024,0.05982679737513047,123.22025686240666,5.0497750111389905,4.493049986194819,7.044915069127456,0.1947097222123112,0.2991222110766478
10G_phase_gaussian_px0.25_py0.5,10G_phase,gaussian,phase_grid,0.25,Intensity-Weighted Centroid,15.0,10.0,20,20,1.0,0.5410365364523384,0.5344318690965637,0.2595542891512238,0.3066009425398852,0.515834105916615,0.6000741310814354,0.9821961723181957,1.0939128421757816,-0.03520303978461925,-0.4399128275692476,0.44131910209059394,300.03705898993564,0.25123998639173806,0.23484998382627964,0.3606200043577702,0.488211629961628,0.7113274588793033
10G_phase_gaussian_px0.25_py0.5,10G_phase,gaussian,phase_grid,0.25,PSF-Aware Fitting,15.0,10.0,20,20,1.0,0.21252972038667925,0.20082484792648256,0.11328823529091096,0.16027928287958315,0.17976000050783106,0.24083834060001505,0.38577644615968504,0.5114153732778044,0.05583740763441938,-0.0064680485402277554,0.056210779600100354,120.41916313276774,5.06290000048466,3.1145999673753977,6.9660049863159905,0.18787048216188776,0.29586776680010524
10G_phase_gaussian_px0.25_py0.625,10G_phase,gaussian,phase_grid,0.25,Gaussian Fitting,15.0,10.0,20,20,1.0,0.16690192442617197,0.14124312275436654,0.0668706330437067,0.12943661593168593,0.12479621948191748,0.17979970506323334,0.32026928002796207,0.33887114424277537,-0.029827694924728122,-0.02252166019503079,0.03737534698786201,89.89984787680308,5.335979996016249,5.2431500516831875,6.657174997963011,0.14555686329571343,0.21494932307206702
10G_phase_gaussian_px0.25_py0.625,10G_phase,gaussian,phase_grid,0.25,Intensity-Weighted Centroid,15.0,10.0,20,20,1.0,0.4804976130329056,0.4512063035606888,0.29170196352361794,0.40425300220066807,0.3905732989665328,0.5621103020349778,1.011892534105597,1.2830209501232301,-0.22321909252073624,0.16254196991854428,0.27612796897594777,281.0551212706005,0.22623002878390253,0.2305000671185553,0.2585599897429347,0.41565872930639663,0.7110775320499685
10G_phase_gaussian_px0.25_py0.625,10G_phase,gaussian,phase_grid,0.25,PSF-Aware Fitting,15.0,10.0,20,20,1.0,0.16888804414497363,0.14267430610389803,0.07159449391982889,0.13679392794971332,0.12221441932456097,0.18343648223499867,0.3122028836264944,0.36190995874863596,-0.03450615809919668,-0.018121748839377005,0.03897528354950376,91.71823658580514,3.8395000156015158,3.659249981865287,5.306560004828498,0.14755663368677957,0.2210239331977406
10G_phase_gaussian_px0.25_py0.75,10G_phase,gaussian,phase_grid,0.25,Gaussian Fitting,15.0,10.0,20,20,1.0,0.19448209807200195,0.20109593061642073,0.07934591206931123,0.14948376555912232,0.14755901892756002,0.2100453766037202,0.32774030944814736,0.35818227047380746,0.009710724462593134,0.013283928490926656,0.016454814667460026,105.02267936643871,5.179675004910678,5.260300065856427,6.933235051110388,0.1750000246139084,0.24441970026089052
10G_phase_gaussian_px0.25_py0.75,10G_phase,gaussian,phase_grid,0.25,Intensity-Weighted Centroid,15.0,10.0,20,20,1.0,0.47089563294288783,0.5156671440670005,0.22671935958009357,0.28108344831515775,0.44060919216052546,0.5226321508796515,0.8384434868903324,0.8602026073819666,-0.025353966924166117,0.2549303244155112,0.2561880050771103,261.316021508411,0.24699000641703606,0.23114995565265417,0.40514004649594426,0.4215284718348319,0.6096934851610206
10G_phase_gaussian_px0.25_py0.75,10G_phase,gaussian,phase_grid,0.25,PSF-Aware Fitting,15.0,10.0,20,20,1.0,0.19323306401965173,0.19786135836671442,0.07943166721829384,0.14886664664932917,0.14658488429195,0.20892201125659451,0.32480522831957803,0.3675440188125147,0.008647032367628071,0.010978747179188985,0.013975122839938032,104.46099681291967,3.5326050012372434,3.4024000633507967,4.396280087530613,0.17266573205488003,0.24403505679291215
10G_phase_gaussian_px0.25_py0.875,10G_phase,gaussian,phase_grid,0.25,Gaussian Fitting,15.0,10.0,20,20,1.0,0.20475800774272807,0.1866772354388186,0.11232401020540454,0.1595479707109997,0.17054902534285232,0.23354341138939227,0.3375812683013124,0.5858131324749187,-0.004068907169852309,0.022002544613269493,0.022375611165190323,116.77168996458121,4.841719986870885,4.6033000107854605,6.228720088256523,0.17487287760985656,0.2994185475940369
10G_phase_gaussian_px0.25_py0.875,10G_phase,gaussian,phase_grid,0.25,Intensity-Weighted Centroid,15.0,10.0,20,20,1.0,0.5342007933458579,0.5617720334741597,0.2497759212374792,0.43714241524930614,0.3958093066507892,0.589710520884082,0.9543771958602056,1.0205877763899014,-0.2749947521679189,0.052904827006261715,0.2800375589817509,294.8552226092218,0.23237999412231147,0.21075003314763308,0.3315699461381883,0.47254497554131053,0.6914867672178672
10G_phase_gaussian_px0.25_py0.875,10G_phase,gaussian,phase_grid,0.25,PSF-Aware Fitting,15.0,10.0,20,20,1.0,0.208341630931082,0.17660230619857986,0.11240967217438062,0.16437802083811048,0.17035855083535023,0.23673227405103614,0.3388140284189674,0.5871864272391918,-0.008846637196876372,0.017648752020380697,0.01974187016394466,118.36612171555356,3.4715550020337105,3.5192500217817724,4.314249992603436,0.17888409340701292,0.30212002835991675
10G_phase_gaussian_px0.375_py0,10G_phase,gaussian,phase_grid,0.375,Gaussian Fitting,15.0,10.0,20,20,1.0,0.19246971558530473,0.19696382085090555,0.09146190416620818,0.14574326455745165,0.15546308940495618,0.21309592049402717,0.3050962839750323,0.39279132356491936,-0.029686848458914027,0.006747702174925508,0.030444054527346064,106.54795839570325,5.7463200064376,6.101050006691366,7.528729957994074,0.17556776428773704,0.24950638200475853
10G_phase_gaussian_px0.375_py0,10G_phase,gaussian,phase_grid,0.375,Intensity-Weighted Centroid,15.0,10.0,20,20,1.0,0.46704366454156404,0.4013146806592313,0.24304737102477192,0.4421620656886821,0.2858225267825889,0.5264995813393075,0.9248743700711262,1.0532579620694074,-0.32959557848254234,0.07417955887239032,0.3378399803305467,263.2497865775909,0.25980001664720476,0.24890003260225058,0.35625001764856284,0.39643519754635087,0.6481141575346925
10G_phase_gaussian_px0.375_py0,10G_phase,gaussian,phase_grid,0.375,PSF-Aware Fitting,15.0,10.0,20,20,1.0,0.19004671835247838,0.2067210492516832,0.08780947703779755,0.14623194285389188,0.14981481336427932,0.20935199883019448,0.3013784222412923,0.3489351680638309,-0.035977682127645495,0.003280625897434675,0.03612694448132614,104.67599766577071,3.5546849947422743,3.367900033481419,4.468949971487746,0.17430991142659724,0.2418569375361498
10G_phase_gaussian_px0.375_py0.125,10G_phase,gaussian,phase_grid,0.375,Gaussian Fitting,15.0,10.0,20,20,1.0,0.174344662019522,0.16429963662663488,0.09123917468023636,0.13510457892222127,0.1430643244323382,0.19677562900682607,0.3158497545784321,0.3411692676271556,0.01147353704774332,-0.002462788922235859,0.0117348788515871,98.38781179363299,5.347209994215518,5.1591499941423535,7.163304981077091,0.15756644194661956,0.23371276904610605
10G_phase_gaussian_px0.375_py0.125,10G_phase,gaussian,phase_grid,0.375,Intensity-Weighted Centroid,15.0,10.0,20,20,1.0,0.4308901339540353,0.38759541322546104,0.2357603005845615,0.3350669692948429,0.35913695571218796,0.491171280584125,0.8212083960610902,1.110164419143805,-0.2491118358081735,-0.025790993861119205,0.25044337105234526,245.58563556246554,0.23631001240573823,0.23470004089176655,0.2955550269689411,0.37196659362987083,0.6146550281846661
10G_phase_gaussian_px0.375_py0.125,10G_phase,gaussian,phase_grid,0.375,PSF-Aware Fitting,15.0,10.0,20,20,1.0,0.1698352118101384,0.15915018520943566,0.0913646446971621,0.1328367985844388,0.1398065893049054,0.19285097218119812,0.3105883497124647,0.3409561270475259,0.011411349778393287,-0.009221868658488574,0.014671801706649746,96.42548344280472,3.4462699957657605,3.3161500468850136,4.534219962079078,0.15332862696101318,0.2299699551349174
10G_phase_gaussian_px0.375_py0.25,10G_phase,gaussian,phase_grid,0.375,Gaussian Fitting,15.0,10.0,20,20,1.0,0.16514434967912045,0.14204220331094553,0.09869131923380053,0.1436118601637633,0.128016664318952,0.19238667501427312,0.3146622735398105,0.4180427990336448,-0.029041705157584374,0.015537115347035524,0.03293664512009609,96.19333455692217,5.216644977917895,5.005849990993738,7.3635250213556,0.14263384887922678,0.2361088646188194
10G_phase_gaussian_px0.375_py0.25,10G_phase,gaussian,phase_grid,0.375,Intensity-Weighted Centroid,15.0,10.0,20,20,1.0,0.5070334136949262,0.4803574803872538,0.3195401414152245,0.42007455357932094,0.42746479856700015,0.5993236058915015,1.0048076198845088,1.1787659980593186,-0.2678386278802691,-0.25974990220422567,0.37310526970265384,299.661797362551,0.23694499977864325,0.2412499743513763,0.2805299183819443,0.4586411353353445,0.7267525513284666
10G_phase_gaussian_px0.375_py0.25,10G_phase,gaussian,phase_grid,0.375,PSF-Aware Fitting,15.0,10.0,20,20,1.0,0.156635220585336,0.11335604636464305,0.09853530992190937,0.13900414909629666,0.12215419011740088,0.1850508028332317,0.3122048412241029,0.40345161188216627,-0.026332457322200752,0.01971897419755919,0.03289735934736296,92.52539859331944,3.3520849945489317,3.2740500173531473,4.975925025064498,0.13321381752180464,0.22896035374837795
10G_phase_gaussian_px0.375_py0.375,10G_phase,gaussian,phase_grid,0.375,Gaussian Fitting,15.0,10.0,20,20,1.0,0.19721724354300488,0.19437352996710597,0.08553158354990724,0.15255020864740743,0.15145536232464052,0.21496579480293063,0.3289578913610132,0.3993592470880134,-0.05340399153668614,0.0372550550144922,0.06511470982952534,107.48289375642531,5.352899996796623,5.220200051553547,7.298915029969066,0.17639739331683071,0.25339999932883656
10G_phase_gaussian_px0.375_py0.375,10G_phase,gaussian,phase_grid,0.375,Intensity-Weighted Centroid,15.0,10.0,20,20,1.0,0.6014724847590677,0.5865773656218825,0.26000540316417736,0.43555004217505494,0.4895591081351884,0.6552648011276153,1.0337431435649855,1.0521593325554108,-0.300613228104487,-0.2733738794851092,0.4063269507381209,327.6323945620374,0.25251501938328147,0.25150005239993334,0.3405050025321544,0.5457614022246545,0.7584226446758732
10G_phase_gaussian_px0.375_py0.375,10G_phase,gaussian,phase_grid,0.375,PSF-Aware Fitting,15.0,10.0,20,20,1.0,0.19372785964723993,0.19324534623825135,0.08556761933636332,0.15358137372440553,0.1458254529474123,0.21178361854117397,0.32630314828632395,0.3989983760661372,-0.0509668906463844,0.040216644352426556,0.06492305002947772,105.8918056983051,3.310544998385012,3.2805500086396933,4.474534920882434,0.17266670293517675,0.25071709837499245
10G_phase_gaussian_px0.375_py0.5,10G_phase,gaussian,phase_grid,0.375,Gaussian Fitting,15.0,10.0,20,20,1.0,0.18027584370903268,0.16863792821864276,0.08258675788990649,0.1343894428591499,0.1458061385942886,0.19829259291201376,0.3098363388722164,0.3538116331465602,0.007326621685183454,-0.029738306377163327,0.030627540735420358,99.14629135806857,4.913694999413565,4.362199979368597,7.272319949697703,0.16177078301020859,0.23263236335395374
10G_phase_gaussian_px0.375_py0.5,10G_phase,gaussian,phase_grid,0.375,Intensity-Weighted Centroid,15.0,10.0,20,20,1.0,0.6710147662174304,0.5833434716455063,0.3392087298694439,0.44882893566945953,0.603221323733913,0.7518798965935146,1.1620033846698747,1.4845543659501672,-0.3544852025993578,-0.4805342470157939,0.5971372718370072,375.9399403949875,0.2283700043335557,0.22355001419782639,0.3213949967175722,0.5907264403111705,0.9148185542929049
10G_phase_gaussian_px0.375_py0.5,10G_phase,gaussian,phase_grid,0.375,PSF-Aware Fitting,15.0,10.0,20,20,1.0,0.1768192121184157,0.15935612439524077,0.08357612451723115,0.1282047802256688,0.1476940645076334,0.19557607819847755,0.30228330549513344,0.3795928165145761,0.0068838738214196836,-0.030656181402349603,0.03141956678509417,97.78803414805556,3.222074988298118,3.025399928446859,3.980929957469926,0.15768318351648972,0.23140893252464179
10G_phase_gaussian_px0.375_py0.625,10G_phase,gaussian,phase_grid,0.375,Gaussian Fitting,15.0,10.0,20,20,1.0,0.17126012942163338,0.16549365040890582,0.08497761291788157,0.1344054832927564,0.1359646744105855,0.1911837509484944,0.3067297273219331,0.3694202726842387,-0.011983829493510711,-0.0062827927945193094,0.013530914774264189,95.59186903570433,5.652785004349425,5.4243000340647995,7.927785057108849,0.14948513505743283,0.22847812747929044
10G_phase_gaussian_px0.375_py0.625,10G_phase,gaussian,phase_grid,0.375,Intensity-Weighted Centroid,15.0,10.0,20,20,1.0,0.5309907966109398,0.539287804056545,0.22732166773808635,0.4044568334172316,0.4123603237592716,0.5776039877881259,0.8632309015421755,0.9925419210565343,-0.23119986488349015,0.26760988739109737,0.3536501510696976,288.8019574663369,0.2464250021148473,0.24595001013949513,0.32974505447782576,0.4775237620415894,0.6686413125113706
10G_phase_gaussian_px0.375_py0.625,10G_phase,gaussian,phase_grid,0.375,PSF-Aware Fitting,15.0,10.0,20,20,1.0,0.17010607711883785,0.15155177786273172,0.08868777635482394,0.1325721867885844,0.1386586255435123,0.1918374289535889,0.31807020233858946,0.36577292261849675,-0.012381075523700246,-0.009697650473327712,0.015726902295951438,95.91870784551965,3.9559699944220483,3.9344499818980694,4.598459962289781,0.14690093832932946,0.22963552035125737
10G_phase_gaussian_px0.375_py0.75,10G_phase,gaussian,phase_grid,0.375,Gaussian Fitting,15.0,10.0,20,20,1.0,0.1893426176552579,0.16791111158436944,0.09244518329378489,0.1689466980923465,0.1259116832484587,0.21070533636993316,0.31113176220558725,0.4239040201218684,-0.005289489176362849,-0.03029583982251438,0.030754131532174794,105.35266125326405,6.013075006194413,6.225550023373216,7.509645068785177,0.16588870883917725,0.2543669820187591
10G_phase_gaussian_px0.375_py0.75,10G_phase,gaussian,phase_grid,0.375,Intensity-Weighted Centroid,15.0,10.0,20,20,1.0,0.5178040705358086,0.4787557012218562,0.31390553423546275,0.5296364001704368,0.2935013177169822,0.605522699729006,0.879698215730411,1.5130056062507837,-0.37201117415787055,0.08377665102674428,0.38132773431206707,302.76132688153194,0.2562899957410991,0.24904997553676367,0.3693349950481207,0.4453018367324883,0.7888040669310653
10G_phase_gaussian_px0.375_py0.75,10G_phase,gaussian,phase_grid,0.375,PSF-Aware Fitting,15.0,10.0,20,20,1.0,0.1882269812882702,0.16817153324478992,0.0914099973040482,0.16886531964913198,0.12357057866586771,0.20924909579737952,0.3087298459157001,0.4179400088069613,-0.0069168850218432,-0.03345244489827905,0.034160055153318984,104.62454122898994,4.089785012183711,4.197450005449355,5.357785074738786,0.1651142334410467,0.25138956160426296
10G_phase_gaussian_px0.375_py0.875,10G_phase,gaussian,phase_grid,0.375,Gaussian Fitting,15.0,10.0,20,20,1.0,0.16854886894478155,0.15354778669796912,0.10150971853521827,0.1634385110547907,0.10954815052686849,0.1967560524600562,0.33252850551084223,0.4290210211587235,-0.004708555656685575,0.004669003574809949,0.006630994703186982,98.37801795875926,5.634914990514517,5.542549944948405,7.064375031040981,0.1447488337774609,0.24495665996927732
10G_phase_gaussian_px0.375_py0.875,10G_phase,gaussian,phase_grid,0.375,Intensity-Weighted Centroid,15.0,10.0,20,20,1.0,0.5103587631516056,0.5037643646447716,0.24952768822584406,0.45338488860212445,0.3423043632561667,0.5680934204133776,0.8535381120219904,1.1368881238984192,-0.38598177923555,0.07727452981110332,0.3936410634821626,284.04668584797776,0.2582449989859015,0.25495002046227455,0.3311700478661806,0.4536335666781262,0.6841641831615001
10G_phase_gaussian_px0.375_py0.875,10G_phase,gaussian,phase_grid,0.375,PSF-Aware Fitting,15.0,10.0,20,20,1.0,0.1656555610957928,0.13428958757950615,0.10095527219821716,0.16102495191253316,0.10818824690392412,0.19399415431032466,0.348513837017341,0.415534581219446,-0.006551283947743514,0.0049135100652392795,0.008189133197425083,96.99706863743106,3.5128800198435783,3.26850003330037,4.367760004242882,0.14175318935629594,0.24155113897412692
10G_phase_gaussian_px0.5_py0,10G_phase,gaussian,phase_grid,0.5,Gaussian Fitting,15.0,10.0,20,20,1.0,0.20026322156511425,0.207609828886896,0.09616455357463707,0.1514921787709343,0.1624903044710132,0.2221553044062808,0.35615485612228903,0.4058666533687077,-0.014760930220495539,-0.039320659314256545,0.04199999178431073,111.07764829734485,5.479814996942878,5.071799969300628,7.83820003271103,0.18081635606790614,0.26295538362877846
10G_phase_gaussian_px0.5_py0,10G_phase,gaussian,phase_grid,0.5,Intensity-Weighted Centroid,15.0,10.0,20,20,1.0,0.5017723791414478,0.46051868732318957,0.2788162114766084,0.47632700250372106,0.3203538464530399,0.5740331003099366,1.0188178234756118,1.0372603929628985,-0.3719939920278648,-0.010516482610699995,0.3721426158226552,287.0165444161545,0.25016500730998814,0.2337999758310616,0.3532750124577433,0.44108299081810126,0.6885041829833505
10G_phase_gaussian_px0.5_py0,10G_phase,gaussian,phase_grid,0.5,PSF-Aware Fitting,15.0,10.0,20,20,1.0,0.19689134448646223,0.21168282214712641,0.09456045564528502,0.1475828764652712,0.1610191786085346,0.21842133894272017,0.35109943737715277,0.4047039860383723,-0.016393619253074122,-0.043062833128209375,0.04607774244950342,109.21066570154149,3.4497349930461496,3.285099985077977,4.792810016078875,0.17731584915677057,0.25953205660552003
10G_phase_gaussian_px0.5_py0.125,10G_phase,gaussian,phase_grid,0.5,Gaussian Fitting,15.0,10.0,20,20,1.0,0.21233720318512933,0.21706972601596763,0.11419439378814136,0.1562148109593729,0.18364198938709902,0.24109634470295063,0.36894418470960294,0.3724549017768176,0.036663899906034206,-0.04251251843432442,0.05613871908004732,120.54816762693955,5.242919991724193,5.212399992160499,7.304234942421317,0.19198039585233756,0.28289852748815325
10G_phase_gaussian_px0.5_py0.125,10G_phase,gaussian,phase_grid,0.5,Intensity-Weighted Centroid,15.0,10.0,20,20,1.0,0.5700020051769542,0.42897074073703745,0.3699688335310155,0.5028029497814495,0.45713063491864336,0.6795433935298383,1.225908459232855,1.4305339960176855,-0.3398503591109943,0.04668122288233576,0.343041401521248,339.77168044208236,0.25035998551175,0.24434999795630574,0.3220749844331295,0.4903776783371905,0.8509150587776254
10G_phase_gaussian_px0.5_py0.125,10G_phase,gaussian,phase_grid,0.5,PSF-Aware Fitting,15.0,10.0,20,20,1.0,0.20771900053793252,0.21275898084488715,0.11153424673816621,0.15203894680811333,0.18019775257590603,0.23576910607610949,0.36333031209601274,0.3681084883628359,0.032000983840674735,-0.03982211873857864,0.051086829101056774,117.88454847085117,3.5169299924746156,3.4743500291369855,4.744340031174943,0.18719576222099846,0.2768101170853514
10G_phase_gaussian_px0.5_py0.25,10G_phase,gaussian,phase_grid,0.5,Gaussian Fitting,15.0,10.0,20,20,1.0,0.19247995443429655,0.15292370940106237,0.10105723237452727,0.1566716612751027,0.15071525346668652,0.21739617539006542,0.3499821364801847,0.3615821818656101,-0.011473680563972266,-0.004836816463659943,0.012451511522189056,108.6980830678014,5.391594994580373,4.957400029525161,7.09087999421172,0.16883648932904885,0.25892563258360246
10G_phase_gaussian_px0.5_py0.25,10G_phase,gaussian,phase_grid,0.5,Intensity-Weighted Centroid,15.0,10.0,20,20,1.0,0.6813689217489248,0.6215526880453409,0.26878611835443805,0.5332436673277564,0.5021561273151843,0.7324681460277562,1.2947155841022207,1.454895500301243,-0.3717584595337087,-0.20462598913265992,0.424353800104813,366.2340583870365,0.2455349895171821,0.24590000975877047,0.32052997266873723,0.5914482239231325,0.8849215808713669
10G_phase_gaussian_px0.5_py0.25,10G_phase,gaussian,phase_grid,0.5,PSF-Aware Fitting,15.0,10.0,20,20,1.0,0.1902279013526888,0.14614774544256864,0.09914146140287464,0.15679422955070735,0.1463941713380218,0.21451266587813875,0.35293412766084115,0.3630572852781494,-0.015257912499782833,-0.007569234626129173,0.017032240213090646,107.25632837058905,3.4468149940948933,3.31944995559752,4.8555550165474415,0.16649156442387894,0.25722583934996757
10G_phase_gaussian_px0.5_py0.375,10G_phase,gaussian,phase_grid,0.5,Gaussian Fitting,15.0,10.0,20,20,1.0,0.1724931810395701,0.155014831692171,0.10550022274015812,0.13399937573652246,0.15142114055043687,0.20219840381015097,0.3109232864135192,0.43134134436341337,-0.0023979311782341027,-0.004457596690087939,0.0050616442177448765,101.09919707174299,5.73956502485089,5.6668000179342926,7.328344980487601,0.15259403214196446,0.24951790043195668
10G_phase_gaussian_px0.5_py0.375,10G_phase,gaussian,phase_grid,0.5,Intensity-Weighted Centroid,15.0,10.0,20,20,1.0,0.5377421233812247,0.527654828163413,0.2516912157650922,0.36582445888758724,0.4676403795989633,0.5937297864785448,1.0012902925392828,1.1250367064425733,-0.3105282938945152,-0.3078984009768476,0.437297663649302,296.8648867936323,0.2615799836348742,0.24550000671297312,0.37256499635986995,0.4796802291888943,0.7082887511830585
10G_phase_gaussian_px0.5_py0.375,10G_phase,gaussian,phase_grid,0.5,PSF-Aware Fitting,15.0,10.0,20,20,1.0,0.17007741718377598,0.1547911566506222,0.10237102751667101,0.13174116649668796,0.14849383879749065,0.19850983630722988,0.3057117698941239,0.43119757942313197,-0.00168985716699126,-0.00227740139287107,0.002835872766730344,99.25491334421355,3.4308700007386506,3.3230999833904207,4.353000019909814,0.14859929349934134,0.2457025617053935
10G_phase_gaussian_px0.5_py0.5,10G_phase,gaussian,phase_grid,0.5,Gaussian Fitting,15.0,10.0,20,20,1.0,0.17770096723982,0.16113311553184673,0.08252501092562102,0.10351353404536622,0.1663519144935827,0.19592858695514917,0.335638576934954,0.33769047507406535,0.010199976464252813,0.057662634691672564,0.05855782577466987,97.96428596650932,4.969969991361722,4.370849987026304,7.339629967464134,0.15738071266995826,0.23141052175525745
10G_phase_gaussian_px0.5_py0.5,10G_phase,gaussian,phase_grid,0.5,Intensity-Weighted Centroid,15.0,10.0,20,20,1.0,0.5786288448138168,0.5924498676845356,0.2586520997585038,0.4155974889295384,0.4785300157310064,0.6338077380089763,0.9272546218971525,1.1275070952488822,-0.2618958727826509,-0.32023848112029896,0.4136932836907345,316.90386068753946,0.23887999705038965,0.2109999768435955,0.3285599406808615,0.5214741188669039,0.7402091984244114
10G_phase_gaussian_px0.5_py0.5,10G_phase,gaussian,phase_grid,0.5,PSF-Aware Fitting,15.0,10.0,20,20,1.0,0.1758968700582316,0.1612013609778878,0.08144760539559474,0.1073994701648046,0.16136534674234793,0.19383864764530043,0.338320423791721,0.34632453076995123,0.01295522558791049,0.04888582541909159,0.050573330886343165,96.91931659001088,3.504030016483739,3.52169998222962,4.622834984911607,0.1555471557888343,0.22925705810015568
10G_phase_gaussian_px0.5_py0.625,10G_phase,gaussian,phase_grid,0.5,Gaussian Fitting,15.0,10.0,20,20,1.0,0.1564066449584185,0.1426270273041899,0.08729946108340976,0.12641449213628445,0.1269000026419536,0.17912072602745485,0.28916563273175905,0.30685372699261865,0.01672547494929404,-0.003971749584223971,0.01719058774560212,89.5603552573313,5.598714982625097,5.422899965196848,7.709179964149372,0.140162489445294,0.21210531369744962
10G_phase_gaussian_px0.5_py0.625,10G_phase,gaussian,phase_grid,0.5,Intensity-Weighted Centroid,15.0,10.0,20,20,1.0,0.5665958366066823,0.6489144794756233,0.2555663683792131,0.5331539452291455,0.31951820197472847,0.621566577855153,0.9334852709584718,1.006779178073122,-0.361566780272517,0.2500678122990109,0.43961852479695157,310.7832662735881,0.2502700197510421,0.2406500279903412,0.3400399873498828,0.5172659387923783,0.7118688307884266
10G_phase_gaussian_px0.5_py0.625,10G_phase,gaussian,phase_grid,0.5,PSF-Aware Fitting,15.0,10.0,20,20,1.0,0.1535351451998025,0.1450688077880236,0.08785588917905132,0.12689309851747402,0.1232470674036539,0.17689459594619106,0.30194025445121686,0.30518267169014257,0.01365449500850673,-0.002765883310934214,0.013931810522219989,88.44729039595309,3.9046000223606825,3.5854500019922853,5.476814997382462,0.13788123518235373,0.2105304186476507
10G_phase_gaussian_px0.5_py0.75,10G_phase,gaussian,phase_grid,0.5,Gaussian Fitting,15.0,10.0,20,20,1.0,0.19084622348739816,0.2033587558946023,0.08457682382650943,0.1651169400551739,0.12771811247743386,0.20874750333353054,0.3089700503197083,0.3648180605886094,0.053057836326530605,-0.04292149284037805,0.0682450624096684,104.37374122672111,5.535044986754656,5.312850000336766,7.7419149165507415,0.16983841240817968,0.24329690959742892
10G_phase_gaussian_px0.5_py0.75,10G_phase,gaussian,phase_grid,0.5,Intensity-Weighted Centroid,15.0,10.0,20,20,1.0,0.5826424040709524,0.5505658073147797,0.26949244916053616,0.5542308695517523,0.323923593478511,0.6419488695964213,1.0358274335077515,1.0854449465402505,-0.43147072243251045,0.10671069791902141,0.4444706484873856,320.9744101828337,0.24377999361604452,0.22410001838579774,0.34010501694865525,0.5249480486288607,0.7501643713032833
10G_phase_gaussian_px0.5_py0.75,10G_phase,gaussian,phase_grid,0.5,PSF-Aware Fitting,15.0,10.0,20,20,1.0,0.19086629848644393,0.2018658415633334,0.08418893921807502,0.1583912292414941,0.13575691468190304,0.20860901558796793,0.3232755513370547,0.3501418977807278,0.047119477810650776,-0.046133059997595184,0.06594319080761962,104.30449706854783,4.089150007348508,4.086299974005669,5.289395019644871,0.17020667113682797,0.24185085322732117
10G_phase_gaussian_px0.5_py0.875,10G_phase,gaussian,phase_grid,0.5,Gaussian Fitting,15.0,10.0,20,20,1.0,0.22097841424072975,0.23371855584000306,0.11593537847551344,0.21086866279879812,0.13344241676489102,0.24954452817605138,0.38064204642199484,0.41748397852786207,0.023454200985855777,-0.011958344008445466,0.026326821595271267,124.77225126051778,5.417120008496568,5.252850009128451,7.055824965937063,0.2031632545974488,0.28928444066059933
10G_phase_gaussian_px0.5_py0.875,10G_phase,gaussian,phase_grid,0.5,Intensity-Weighted Centroid,15.0,10.0,20,20,1.0,0.5716081507369877,0.5345406557389136,0.3339906245060047,0.540254971874156,0.3826358328909157,0.6620314307091997,1.1670466294279649,1.2683749719207797,-0.39453589915558496,-0.08009626273565118,0.40258413658106845,331.01568248559727,0.2663500024937093,0.2513999352231622,0.36403501871973293,0.5017204073215764,0.8078721029223418
10G_phase_gaussian_px0.5_py0.875,10G_phase,gaussian,phase_grid,0.5,PSF-Aware Fitting,15.0,10.0,20,20,1.0,0.2157494026815648,0.23874805737947097,0.11179288472390848,0.20431591731500626,0.1315312121288047,0.24299270324918215,0.3589857382400845,0.37482973173811795,0.018479548704880243,-0.011125302580512652,0.02157002730281078,121.49633911722549,3.5029850027058274,3.4084500512108207,4.846839990932494,0.1998227804699605,0.2789467040843702
10G_phase_gaussian_px0.625_py0,10G_phase,gaussian,phase_grid,0.625,Gaussian Fitting,15.0,10.0,20,20,1.0,0.16782989052166097,0.17067290130708457,0.08281406842516342,0.14436248637869395,0.11909875989363516,0.18714978514986427,0.3101018095908913,0.3588028041379402,-0.005449311836002835,-0.0267355908167076,0.027285285701352302,93.57488720755076,5.349065002519637,5.154800019226968,6.988265021936968,0.14778129009925706,0.2240953923022881
10G_phase_gaussian_px0.625_py0,10G_phase,gaussian,phase_grid,0.625,Intensity-Weighted Centroid,15.0,10.0,20,20,1.0,0.4752469384816279,0.41562278822416876,0.27502852513482795,0.39643338448664633,0.37992224709598377,0.5490904681143162,0.8986992790985047,0.9765541735566561,0.2648383487113847,0.02462573502979808,0.26598078459529895,274.5451960991841,0.22843999322503805,0.23395003518089652,0.27652999851852655,0.4268678390174153,0.6599003108575282
10G_phase_gaussian_px0.625_py0,10G_phase,gaussian,phase_grid,0.625,PSF-Aware Fitting,15.0,10.0,20,20,1.0,0.16838413322640206,0.16047280183020152,0.08115227898497383,0.14708613130890724,0.11534547534879999,0.1869195246807078,0.29301624699015677,0.3743437101566044,-0.004370191164701965,-0.02555362858363992,0.025924631233764123,93.45975684449026,3.690499986987561,3.346599929500371,5.555635009659454,0.14626941199690704,0.22528498078773682
10G_phase_gaussian_px0.625_py0.125,10G_phase,gaussian,phase_grid,0.625,Gaussian Fitting,15.0,10.0,20,20,1.0,0.1793596141017496,0.15285551442875103,0.08214386045061667,0.10682521193470669,0.16584890435442715,0.19727515043831273,0.34023328549607007,0.34450075455359946,0.03289213210520074,-0.008816609026916921,0.03405326635081413,98.63757167662895,5.397019995143637,5.133799975737929,7.649674965068698,0.15809886188092617,0.23358501807515591
10G_phase_gaussian_px0.625_py0.125,10G_phase,gaussian,phase_grid,0.625,Intensity-Weighted Centroid,15.0,10.0,20,20,1.0,0.5050955361540085,0.44132748472445166,0.2394437069655067,0.404323283113169,0.38597599948789174,0.5589765553653291,0.8436880994813689,1.0159478658229266,0.1490237321910854,-0.17557993265440927,0.23029629937775214,279.48824285620464,0.23491500178351998,0.238100066781044,0.295095011824742,0.45423418752424954,0.6589523996301595
10G_phase_gaussian_px0.625_py0.125,10G_phase,gaussian,phase_grid,0.625,PSF-Aware Fitting,15.0,10.0,20,20,1.0,0.18017131020398827,0.17010251711234403,0.07753743605029548,0.10535328623159056,0.16545222902723306,0.1961472788745116,0.3121469359512314,0.3309317415620765,0.027186906764330842,-0.00934653603438278,0.028748663190736955,98.07363606981126,3.947034990414977,3.937800007406622,5.1049849891569465,0.16028461761035173,0.2287217561515735
10G_phase_gaussian_px0.625_py0.25,10G_phase,gaussian,phase_grid,0.625,Gaussian Fitting,15.0,10.0,20,20,1.0,0.17133097119356117,0.16040807946691002,0.05536286479702714,0.1268635829842598,0.12776924434721612,0.180053737780316,0.2485925963346479,0.2839919216675579,-0.041864594631613274,-0.03035287188711777,0.05171016452753836,90.0268647192431,5.772034986875951,5.514149961527437,7.57367997430265,0.1538618048430961,0.20368080326523158
10G_phase_gaussian_px0.625_py0.25,10G_phase,gaussian,phase_grid,0.625,Intensity-Weighted Centroid,15.0,10.0,20,20,1.0,0.4871247730811147,0.4550189203915437,0.2539855990053283,0.38550338727781747,0.3913903006574792,0.5493625661176987,0.8942186197522785,0.916026048573662,0.22931645576542223,-0.15136996097272687,0.2747706352027081,274.6812522286921,0.24226498208008707,0.23374997545033693,0.32226499752141535,0.43313266836238534,0.6506775422903185
10G_phase_gaussian_px0.625_py0.25,10G_phase,gaussian,phase_grid,0.625,PSF-Aware Fitting,15.0,10.0,20,20,1.0,0.16890627874227054,0.16060583447895255,0.05395228641557897,0.12318838587051262,0.127533532040197,0.17731379023649083,0.25395591925124833,0.2542264205002321,-0.03720496591700453,-0.0298016363125555,0.04766914112705719,88.6568910318077,3.8317599915899336,3.5559500101953745,5.298515042522922,0.1531916437180875,0.2000184097027614
10G_phase_gaussian_px0.625_py0.375,10G_phase,gaussian,phase_grid,0.625,Gaussian Fitting,15.0,10.0,20,20,1.0,0.20187419173019627,0.17867130905792092,0.09044553869812842,0.15939170272690076,0.15338797168922333,0.2212093686015913,0.3368056714069759,0.3789581455725013,0.057646116098555925,0.00809315186768913,0.05821145770723895,110.60467483582697,5.3220300120301545,4.976600001100451,7.61573005001992,0.1785575124738777,0.2615124064161318
10G_phase_gaussian_px0.625_py0.375,10G_phase,gaussian,phase_grid,0.625,Intensity-Weighted Centroid,15.0,10.0,20,20,1.0,0.4985486968030283,0.4887964062612121,0.2762815418205631,0.40133962007363616,0.4047330018591204,0.5699844677135907,0.8717001053064648,1.1571624069421742,0.22644063679682064,-0.22852670739348468,0.321713875959768,284.9922013588304,0.24868000764399767,0.23419997887685895,0.3634499676991254,0.44058854490390154,0.6812275498186408
10G_phase_gaussian_px0.625_py0.375,10G_phase,gaussian,phase_grid,0.625,PSF-Aware Fitting,15.0,10.0,20,20,1.0,0.19799112920909914,0.17866275908319748,0.09358874159474152,0.15935334857725145,0.15021933995327794,0.21899620955345664,0.33176271080250774,0.38453785665323215,0.059556330827081186,0.012462186934527608,0.06084622128592581,109.49809522641192,3.735679987585172,3.3451999770477414,5.2714449004270145,0.17500563406723238,0.2598683484446159
10G_phase_gaussian_px0.625_py0.5,10G_phase,gaussian,phase_grid,0.625,Gaussian Fitting,15.0,10.0,20,20,1.0,0.18376134257792415,0.167665627144085,0.08130837451935015,0.17503696077657435,0.0986982530499911,0.2009459698352274,0.3181662636535406,0.3442704645838575,-0.01738114375463624,0.00041096338499642117,0.017386001527756118,100.47297540313251,4.828085016924888,4.725100006908178,6.5335950697772205,0.16387202605252388,0.23623631935658945
10G_phase_gaussian_px0.625_py0.5,10G_phase,gaussian,phase_grid,0.625,Intensity-Weighted Centroid,15.0,10.0,20,20,1.0,0.651965070517301,0.6170138919077752,0.3320645333298444,0.5506077397884135,0.4818261349857348,0.7316592837312986,1.2908352769013915,1.3536613606022394,0.27957564889833864,-0.31690089582594394,0.4225975878211007,365.8295774671666,0.24509000941179693,0.20745000801980495,0.3467000438831747,0.58649755860439,0.8689888257788976
10G_phase_gaussian_px0.625_py0.5,10G_phase,gaussian,phase_grid,0.625,PSF-Aware Fitting,15.0,10.0,20,20,1.0,0.18276087884994174,0.17050097556657975,0.08242270857011423,0.17592919364358875,0.09614551757598333,0.20048701136491878,0.31788334748907576,0.3440210670596307,-0.016296937386562148,-0.000616184091637706,0.016308582127711607,100.24349618675016,3.494960011448711,3.1951500568538904,5.1208749995566905,0.1630697461107599,0.23550774377153888
10G_phase_gaussian_px0.625_py0.625,10G_phase,gaussian,phase_grid,0.625,Gaussian Fitting,15.0,10.0,20,20,1.0,0.18033663278810538,0.16595419144139248,0.09560169972305864,0.16016372442370239,0.1265249678680779,0.2041102303053177,0.35283518297152644,0.3749977602294543,-0.0036021144272751827,-0.06304994187526063,0.06315275448324426,102.05510542461337,6.230024999240413,6.053949997294694,8.854490012163298,0.16040703971484493,0.24513280189730985
10G_phase_gaussian_px0.625_py0.625,10G_phase,gaussian,phase_grid,0.625,Intensity-Weighted Centroid,15.0,10.0,20,20,1.0,0.6292623310183614,0.5349254010777891,0.28327429570832324,0.5316851980474326,0.4399161943199758,0.6900836238078023,1.0260419394440239,1.3680221640025438,0.3487776935064687,0.292526878883541,0.4552118785324457,345.0417208501894,0.26042500394396484,0.24359999224543571,0.3706050163600594,0.5569781010669137,0.8360139399078075
10G_phase_gaussian_px0.625_py0.625,10G_phase,gaussian,phase_grid,0.625,PSF-Aware Fitting,15.0,10.0,20,20,1.0,0.1895351741714683,0.15456074392882685,0.0971399872739124,0.16722987630731506,0.13188604113409727,0.21297830728922768,0.38638453824664565,0.4062802080387534,-0.0003754979153598015,-0.0659296833526696,0.06593075265509805,106.48914311103877,3.917370003182441,3.7147000548429787,5.235949921188876,0.1655174560148244,0.2582306043401685
10G_phase_gaussian_px0.625_py0.75,10G_phase,gaussian,phase_grid,0.625,Gaussian Fitting,15.0,10.0,20,20,1.0,0.20279244840421,0.20336566056692645,0.1006166924097292,0.14213465598008243,0.17619941966610408,0.22638130647482413,0.36575502005772415,0.3713386343525942,-0.020105016271372733,0.03221739966033397,0.037975946599734016,113.19063697907615,5.939155007945374,5.31589996535331,8.96984000573866,0.18371498905131142,0.2651797988009049
10G_phase_gaussian_px0.625_py0.75,10G_phase,gaussian,phase_grid,0.625,Intensity-Weighted Centroid,15.0,10.0,20,20,1.0,0.5705585785825826,0.6014323242794825,0.23271332262241615,0.47240720697353267,0.3956311576703834,0.6161920010192781,0.9357449614967369,1.0029223836178813,0.342138733582118,0.1371087122726351,0.3685888115478219,308.0959304099147,0.24815999204292893,0.24470000062137842,0.3384049690794201,0.516550803155179,0.7132381257552399
10G_phase_gaussian_px0.625_py0.75,10G_phase,gaussian,phase_grid,0.625,PSF-Aware Fitting,15.0,10.0,20,20,1.0,0.2008103448231414,0.20069511873489554,0.09866601573250486,0.13954611560412047,0.17489041960129573,0.22374042381410617,0.34175088952290106,0.3666175522460294,-0.022552143478344534,0.031765672310882564,0.038957118897965354,111.87019590866143,4.3865850020665675,4.328650014940649,6.350895040668547,0.18184240355926531,0.26214909885938376
10G_phase_gaussian_px0.625_py0.875,10G_phase,gaussian,phase_grid,0.625,Gaussian Fitting,15.0,10.0,20,20,1.0,0.18037752222153827,0.17943054431293715,0.10432552777526446,0.14586112474192775,0.14880994105700332,0.20837434167471053,0.3990130893562325,0.4066451729210696,0.03771308541535632,0.04603423841525682,0.05950989764752304,104.18715217744833,5.55284500005655,4.801450006198138,8.361125027295202,0.15936904973334892,0.25529987901121004
10G_phase_gaussian_px0.625_py0.875,10G_phase,gaussian,phase_grid,0.625,Intensity-Weighted Centroid,15.0,10.0,20,20,1.0,0.5813443481012939,0.540711104491436,0.2756963195302249,0.5764410939630977,0.2858065374732661,0.6434047805789371,1.0874993939342938,1.08852424600181,0.3211341730955553,0.1342812657153843,0.34807846163170125,321.70230285643447,0.24639999610371888,0.2317499602213502,0.32112006447277974,0.5176821434067673,0.7652631259293684
10G_phase_gaussian_px0.625_py0.875,10G_phase,gaussian,phase_grid,0.625,PSF-Aware Fitting,15.0,10.0,20,20,1.0,0.17941747910896205,0.1820404730687159,0.10623031496906743,0.1472835885151045,0.14759084044193083,0.20850782150375585,0.40835320013983606,0.42586297424157865,0.04074051002058354,0.050291442625945135,0.06472262632291739,104.25389185406334,3.979450004408136,3.792000003159046,5.493259942159057,0.15881460948717213,0.2574351826895231
10G_phase_gaussian_px0.75_py0,10G_phase,gaussian,phase_grid,0.75,Gaussian Fitting,15.0,10.0,20,20,1.0,0.1920113869315252,0.18835804593164127,0.10409345021499856,0.16526150196542705,0.14280215354525094,0.21841203970713308,0.41311768513482056,0.41980956362088806,-0.005003113860146869,-0.012879439009168436,0.013817058206741525,109.20600970361318,5.861570016713813,5.642550066113472,8.008309971773997,0.16782689435503256,0.26701429855937814
10G_phase_gaussian_px0.75_py0,10G_phase,gaussian,phase_grid,0.75,Intensity-Weighted Centroid,15.0,10.0,20,20,1.0,0.43466357496045616,0.41977896916720403,0.2212858118540988,0.36789208790568556,0.32024247935232936,0.48774976568454825,0.8160420762111049,1.008083843166673,0.12327234385638235,0.05541109022175874,0.13515346713795415,243.87484162537297,0.28041000477969646,0.26030000299215317,0.3913000458851457,0.3785025706187032,0.5922240312028706
10G_phase_gaussian_px0.75_py0,10G_phase,gaussian,phase_grid,0.75,PSF-Aware Fitting,15.0,10.0,20,20,1.0,0.19571121680895218,0.18345356265214394,0.10451175446065945,0.1654721069464458,0.14779908331241393,0.221868400646162,0.4108079393645347,0.4336474803331819,-0.002608549639984403,-0.01315763930049343,0.01341372443380853,110.93419025367393,3.917350003030151,3.706650051753968,5.227494932478294,0.16990103886652647,0.27069043759149336
10G_phase_gaussian_px0.75_py0.125,10G_phase,gaussian,phase_grid,0.75,Gaussian Fitting,15.0,10.0,20,20,1.0,0.16696007909938576,0.1820429892720014,0.07374640448274232,0.14474697420687954,0.11118684115019335,0.18252178003461775,0.2916064058582107,0.3096991681727586,-0.051142867768328416,0.0037473697460598033,0.051279973708870115,91.26088238546512,5.8839050063397735,5.6861499906517565,8.271124999737367,0.1519953961308011,0.21250582727490627
10G_phase_gaussian_px0.75_py0.125,10G_phase,gaussian,phase_grid,0.75,Intensity-Weighted Centroid,15.0,10.0,20,20,1.0,0.49556000441217146,0.47531227954231425,0.20443551245184421,0.38820624260924697,0.3696883957113748,0.5360723801171251,0.8084478411045246,0.9071356555462143,0.23590207282316555,-0.19089761777282774,0.30346612402969586,268.03614987312795,0.24219501647166908,0.2430000458844006,0.3386500116903335,0.44540323257957165,0.6229675219096987
10G_phase_gaussian_px0.75_py0.125,10G_phase,gaussian,phase_grid,0.75,PSF-Aware Fitting,15.0,10.0,20,20,1.0,0.16286547316709302,0.19024090467254307,0.07128525757730973,0.13663830035536786,0.11373972557466791,0.17778287402841841,0.26819105874727844,0.2973076415037408,-0.0510371651657124,0.0029842171544260053,0.05112433647664268,88.89143007446623,3.9340849965810776,3.927850048057735,5.6523799954447895,0.14829412923735732,0.20455940787197094
10G_phase_gaussian_px0.75_py0.25,10G_phase,gaussian,phase_grid,0.75,Gaussian Fitting,15.0,10.0,20,20,1.0,0.16263675156736046,0.15358041834277508,0.08285233305162712,0.11889032965991622,0.1384930018659337,0.1825245793105166,0.3008579378335095,0.3351564831051694,0.040202159959778785,0.0318400375952308,0.0512835417994638,91.26228180396171,5.238604993792251,5.0748499925248325,6.726889946730809,0.14293997341794215,0.2177685084389494
10G_phase_gaussian_px0.75_py0.25,10G_phase,gaussian,phase_grid,0.75,Intensity-Weighted Centroid,15.0,10.0,20,20,1.0,0.5558086055999036,0.5242463309319506,0.18678775997012334,0.4433463090609883,0.38374069835706015,0.5863555860854108,0.8865363744016833,0.9628751393568583,0.2499328877945004,-0.24534674873566473,0.3502306033407985,293.1777468264719,0.23407500120811164,0.23380003403872252,0.332474970491603,0.49839633262213934,0.674792555095099
10G_phase_gaussian_px0.75_py0.25,10G_phase,gaussian,phase_grid,0.75,PSF-Aware Fitting,15.0,10.0,20,20,1.0,0.1602284672851923,0.16584350375402673,0.0838374962147792,0.12086383911183621,0.13451327033149266,0.18083663207471282,0.29540602481373684,0.30362225298491036,0.03743873411351615,0.028216657457812745,0.04688111101620883,90.41830819066975,3.696735034463927,3.497250028885901,4.611144942464308,0.1439526119658417,0.21421871678673118
10G_phase_gaussian_px0.75_py0.375,10G_phase,gaussian,phase_grid,0.75,Gaussian Fitting,15.0,10.0,20,20,1.0,0.20032335401562262,0.1927139919309681,0.1086394374702425,0.1760050671495658,0.14475562122279062,0.22788587832052956,0.3638495168770514,0.3857283149821356,-0.022815789222926243,0.025926858036774546,0.03453638958437981,113.94292703651688,5.187979992479086,5.029649997595698,7.145204901462421,0.18254952964664817,0.26803579948309963
10G_phase_gaussian_px0.75_py0.375,10G_phase,gaussian,phase_grid,0.75,Intensity-Weighted Centroid,15.0,10.0,20,20,1.0,0.638288477731616,0.5766982885250116,0.3037497274851563,0.5306048485425872,0.4670487902300451,0.7068776964597556,1.08693096027946,1.56943073810304,0.1655453582721748,-0.3616098177131562,0.3977020567108055,353.43877820827464,0.2334349788725376,0.22799998987466097,0.28568994603119796,0.5568921667319259,0.8660228599935472
10G_phase_gaussian_px0.75_py0.375,10G_phase,gaussian,phase_grid,0.75,PSF-Aware Fitting,15.0,10.0,20,20,1.0,0.20155647457422415,0.1871246315218565,0.10937183563590389,0.17538496921606156,0.1477407304917577,0.22931901550712502,0.36559912139474204,0.37666383446715324,-0.02091548301258399,0.03095661677381827,0.03735999935399807,114.65949572335684,3.5499949823133647,3.368549980223179,5.166994984028861,0.1832142973200678,0.26962169168162803
10G_phase_gaussian_px0.75_py0.5,10G_phase,gaussian,phase_grid,0.75,Gaussian Fitting,15.0,10.0,20,20,1.0,0.22903310737707822,0.19784459303384253,0.11838653438947137,0.1622940063760308,0.2003302056454957,0.2578207435400607,0.4275941186173596,0.4423435258892563,-0.05315911321173985,0.06485153240420231,0.083854711093843,128.91035846600852,5.398695002077147,5.034699977841228,6.844385043950752,0.20206271660565486,0.3049965638420439
10G_phase_gaussian_px0.75_py0.5,10G_phase,gaussian,phase_grid,0.75,Intensity-Weighted Centroid,15.0,10.0,20,20,1.0,0.5309137246015568,0.4728878421785695,0.242747897250898,0.3221817024351603,0.48682119428596365,0.5837772902314976,0.8034980577644902,1.2453064189047667,0.2196378390257337,-0.25721913610559566,0.3382343334299507,291.8886158645302,0.24005501181818545,0.23960001999512315,0.3053100896067918,0.4722948391057091,0.7075710204564092
10G_phase_gaussian_px0.75_py0.5,10G_phase,gaussian,phase_grid,0.75,PSF-Aware Fitting,15.0,10.0,20,20,1.0,0.2282371287509329,0.1915879860721944,0.11809039717311771,0.16111182447992808,0.20020117096991086,0.2569776816086849,0.43469653709023237,0.4428701501203785,-0.05532110210098153,0.0637854185106164,0.08443342911573419,128.48882780586663,4.041864990722388,4.088349989615381,5.573810019996017,0.19981483466012143,0.30516276563437644
10G_phase_gaussian_px0.75_py0.625,10G_phase,gaussian,phase_grid,0.75,Gaussian Fitting,15.0,10.0,20,20,1.0,0.17592260791874068,0.1713845631996312,0.06140558619125861,0.12850654777357148,0.13492767385433513,0.18633145196778522,0.29255679359195885,0.30677114792985716,0.03561247428753518,0.02406418208549894,0.04298061405243534,93.16571428423102,6.3123000029008836,6.349799979943782,8.627455006353557,0.15950899375482475,0.2129932077732676
10G_phase_gaussian_px0.75_py0.625,10G_phase,gaussian,phase_grid,0.75,Intensity-Weighted Centroid,15.0,10.0,20,20,1.0,0.6362539943963427,0.5329403173330829,0.3088261354097577,0.5155027894305826,0.48419996012671834,0.707243046835688,1.1766703613183687,1.3640735710577858,0.2755078849144638,0.3417434469027228,0.4389683111011495,353.6214132343431,0.26222498272545636,0.24844997096806765,0.36805496783927094,0.5628777443355079,0.8485798853272181
10G_phase_gaussian_px0.75_py0.625,10G_phase,gaussian,phase_grid,0.75,PSF-Aware Fitting,15.0,10.0,20,20,1.0,0.1728187307921673,0.16496683727953232,0.06296220677314919,0.12676205454387343,0.1332739086324718,0.1839308380733377,0.2885153318578925,0.3017538123152222,0.033977169962082596,0.0234113000191428,0.041261811002651874,91.96540757642673,4.198514996096492,3.800800011958927,5.785669997567311,0.15591746692528494,0.21133913520299522
10G_phase_gaussian_px0.75_py0.75,10G_phase,gaussian,phase_grid,0.75,Gaussian Fitting,15.0,10.0,20,20,1.0,0.17252953900865511,0.16641599311514246,0.07119332302382582,0.13015728427692472,0.13376850310655963,0.1866411826840846,0.3002546691358124,0.33168327657490965,0.014219298523323686,-0.0016855941473750136,0.01431885743085181,93.32057861642954,5.9778899943921715,5.79824997112155,8.318090101238342,0.15543849176077193,0.2172678858974702
10G_phase_gaussian_px0.75_py0.75,10G_phase,gaussian,phase_grid,0.75,Intensity-Weighted Centroid,15.0,10.0,20,20,1.0,0.5360873667201081,0.541423675657946,0.23129261848643323,0.4572478711957551,0.36305691621309283,0.5838543826359537,0.9230617628267737,0.9686513097350317,0.07922822914201788,0.10303491817513759,0.12997425382104486,291.92712775073034,0.24076500558294356,0.22965000243857503,0.34126500249840325,0.48628052503648056,0.6707617643262144
10G_phase_gaussian_px0.75_py0.75,10G_phase,gaussian,phase_grid,0.75,PSF-Aware Fitting,15.0,10.0,20,20,1.0,0.1708632183128485,0.16106583090732546,0.0744492806467319,0.13449524099515517,0.12902699295378126,0.18637847182826664,0.28759621724389883,0.3181562081706148,0.01492661289427133,0.0017165761940077574,0.015024992722968663,93.18922309977971,4.130850010551512,4.121600009966642,5.765990004874767,0.15542332089109018,0.21533800604621936
10G_phase_gaussian_px0.75_py0.875,10G_phase,gaussian,phase_grid,0.75,Gaussian Fitting,15.0,10.0,20,20,1.0,0.17316413458405366,0.18188045756725035,0.056959775493847745,0.12660123751565347,0.13115776831762152,0.18229161673141686,0.26819196975249954,0.2833743513766868,0.009290003461632067,-0.03103469467524178,0.03239531506101795,91.14579373868395,5.548204993829131,5.1996499532833695,7.541144988499582,0.15751444290707226,0.20649954475690038
10G_phase_gaussian_px0.75_py0.875,10G_phase,gaussian,phase_grid,0.75,Intensity-Weighted Centroid,15.0,10.0,20,20,1.0,0.5925908846577782,0.6217285008483682,0.25801641678128007,0.5086940014415803,0.3987064594479164,0.6463253266801012,1.040399983682814,1.1995024527463145,0.14736341338973488,0.22703458884932387,0.27066710206424316,323.16257006867056,0.23960499675013125,0.23399997735396028,0.3217600053176284,0.5321064840848727,0.7603252051257201
10G_phase_gaussian_px0.75_py0.875,10G_phase,gaussian,phase_grid,0.75,PSF-Aware Fitting,15.0,10.0,20,20,1.0,0.1763943678078066,0.18053897771874955,0.058407112941893866,0.1350306508115212,0.1276443777764611,0.18581271171941624,0.27825442269243916,0.3114954606714684,0.009017592582574707,-0.025130528401524542,0.02669944631869991,92.90634093892582,3.8302650034893304,3.5925000556744635,5.0963050860445955,0.1605215598315931,0.2119115351636905
10G_phase_gaussian_px0.875_py0,10G_phase,gaussian,phase_grid,0.875,Gaussian Fitting,15.0,10.0,20,20,1.0,0.21645959984470795,0.21120962825209033,0.09671858483188314,0.16345612752906039,0.17173042068898803,0.2370848856777109,0.3523612773128567,0.4917453068898257,-0.02498759831481152,-0.021383661589749182,0.03288831179199209,118.54243179045721,5.491970002185553,5.273699993267655,7.611084898235276,0.1897347339062714,0.2852545602554772
10G_phase_gaussian_px0.875_py0,10G_phase,gaussian,phase_grid,0.875,Intensity-Weighted Centroid,15.0,10.0,20,20,1.0,0.4265904440182281,0.4698043149759007,0.21722872078744945,0.3737736649494697,0.29910026989767524,0.47871465829094956,0.7627437876306161,0.9034420869463768,0.1436174816474761,0.002562595853402172,0.14364034228680675,239.35728233763993,0.2552650053985417,0.23669993970543146,0.39228496025316417,0.38574550944166813,0.5704441798479448
10G_phase_gaussian_px0.875_py0,10G_phase,gaussian,phase_grid,0.875,PSF-Aware Fitting,15.0,10.0,20,20,1.0,0.22326424309562304,0.22585008332287543,0.09767603122873492,0.1675458605509377,0.176963029850599,0.2436955668896303,0.3541527883398472,0.5134469600348741,-0.026055019433118786,-0.02377852285319477,0.03527438428576895,121.84777188440198,3.917970001930371,3.6074499948881567,5.876464972971007,0.1959898544975159,0.2943575519268954
10G_phase_gaussian_px0.875_py0.125,10G_phase,gaussian,phase_grid,0.875,Gaussian Fitting,15.0,10.0,20,20,1.0,0.19723343804301205,0.1988926344653773,0.08581450843242805,0.18060264720909117,0.11682398195933272,0.21509337260772576,0.30537801399850867,0.3271401594377969,-0.06195919200859521,0.050877285348445864,0.08017131431369423,107.54667266277512,5.493684997782111,5.001950019504875,7.71449496387504,0.17781125186383348,0.24766694064402037
10G_phase_gaussian_px0.875_py0.125,10G_phase,gaussian,phase_grid,0.875,Intensity-Weighted Centroid,15.0,10.0,20,20,1.0,0.48876652435270185,0.4322268945053944,0.23167814081620808,0.4299939476151621,0.32813515702253576,0.5408950695466496,0.9142327572801237,1.049752153407547,0.07522490184116463,-0.09563527350570666,0.12167535245695478,270.44748339866675,0.2416050003375858,0.22350001381710172,0.3192549687810243,0.42534473098058834,0.6444745843246616
10G_phase_gaussian_px0.875_py0.125,10G_phase,gaussian,phase_grid,0.875,PSF-Aware Fitting,15.0,10.0,20,20,1.0,0.19021700502035865,0.19390361768187586,0.08509043622788161,0.1732255114995437,0.11582665281396928,0.2083816002826697,0.3031683389486955,0.32784583808115164,-0.055549349269671214,0.051173604528514716,0.07552792864050188,104.1907869939644,3.599130007205531,3.3208500244654715,5.06228506565094,0.16970531973122782,0.24206140110692134
10G_phase_gaussian_px0.875_py0.25,10G_phase,gaussian,phase_grid,0.875,Gaussian Fitting,15.0,10.0,20,20,1.0,0.17718952788966766,0.17977335505843872,0.0928556015493434,0.1348097846413199,0.1477992337524613,0.2000457236055141,0.311900137148842,0.4112831932155931,-0.06692733468667597,-0.03799870131333023,0.0769621298416437,100.02285367739385,5.366910004522651,5.088099977001548,7.3591049993410715,0.15663635293179984,0.24090716846887142
10G_phase_gaussian_px0.875_py0.25,10G_phase,gaussian,phase_grid,0.875,Intensity-Weighted Centroid,15.0,10.0,20,20,1.0,0.3971484426566821,0.32918024480144437,0.19119180687243695,0.306772660572788,0.3164991741614314,0.44077340269096893,0.6879948527139206,0.8366013113562112,0.03034664386550503,-0.09868279330381143,0.10324346220532593,220.38667213468338,0.2644349879119545,0.24770002346485853,0.3641200892161578,0.3498646219569564,0.5261610795837064
10G_phase_gaussian_px0.875_py0.25,10G_phase,gaussian,phase_grid,0.875,PSF-Aware Fitting,15.0,10.0,20,20,1.0,0.17884671274961436,0.16236587469432584,0.09529618689413055,0.13747994695602897,0.1488851036298514,0.20265120255726124,0.3175968494168318,0.40113703146186913,-0.06604290064877887,-0.03437551477694569,0.07445361470260854,101.32559306703166,3.7174850062001497,3.4589999704621732,4.910564993042499,0.1583255296005242,0.243747254208193
10G_phase_gaussian_px0.875_py0.375,10G_phase,gaussian,phase_grid,0.875,Gaussian Fitting,15.0,10.0,20,20,1.0,0.2180617392999516,0.1958762992150286,0.08421938396135388,0.15074924242582316,0.1786574730857638,0.23376019075400759,0.31051332950107274,0.4956484562747211,-0.016592540925114464,0.04846758916932572,0.05122908953161415,116.88008224448375,5.75497000827454,5.710500059649348,8.054534968687221,0.19125111661209582,0.2846203078144849
10G_phase_gaussian_px0.875_py0.375,10G_phase,gaussian,phase_grid,0.875,Intensity-Weighted Centroid,15.0,10.0,20,20,1.0,0.5135987674044433,0.4717771216756882,0.2232812385890189,0.40528349480367326,0.3865016096019921,0.5600341109121924,0.8823021556614835,1.0474828136355325,0.17846930332028704,-0.17850494918691312,0.2524189159152916,280.0170009672355,0.23475999478250742,0.2279499894939363,0.28649505693465477,0.4549099087952362,0.659672547506981
10G_phase_gaussian_px0.875_py0.375,10G_phase,gaussian,phase_grid,0.875,PSF-Aware Fitting,15.0,10.0,20,20,1.0,0.2173793217757379,0.19258252605524423,0.08268521483076699,0.150835323915597,0.1770291482964509,0.23257388995175246,0.3154219765825227,0.4849322662406389,-0.016409215506104146,0.052092887733471115,0.0546162183416043,116.2869318467599,3.8190300052519888,3.670400066766888,5.140809982549399,0.191037370649618,0.2807817949400918
10G_phase_gaussian_px0.875_py0.5,10G_phase,gaussian,phase_grid,0.875,Gaussian Fitting,15.0,10.0,20,20,1.0,0.16855632421930952,0.1686087960986805,0.07684937134364665,0.14033587305607104,0.12092519606694468,0.185248644557089,0.26851471126116333,0.276346954734542,-0.006677744732076008,-0.02347987682258008,0.02441099937139613,92.6243096838895,5.289499985519797,5.059549992438406,6.638469989411534,0.1530211307909548,0.21377710242924097
10G_phase_gaussian_px0.875_py0.5,10G_phase,gaussian,phase_grid,0.875,Intensity-Weighted Centroid,15.0,10.0,20,20,1.0,0.534597379466561,0.571169892837139,0.3082743819322977,0.4185746656534864,0.45345639477388194,0.6171121880892116,1.0009861277853607,1.1729898191999264,0.2582662273086044,-0.23214751259197897,0.3472663412582088,308.5560398749841,0.2465150028001517,0.24800002574920654,0.3390250087250024,0.48088085523932117,0.7466788861841591
10G_phase_gaussian_px0.875_py0.5,10G_phase,gaussian,phase_grid,0.875,PSF-Aware Fitting,15.0,10.0,20,20,1.0,0.16249071364485165,0.1571221387732517,0.07116472602637414,0.13488295895754848,0.11521387778422512,0.17739123498984402,0.2551424661892432,0.2805138060576751,-0.008911895302145468,-0.019785493370204677,0.0216999452943738,88.69560518137996,3.555894980672747,3.5341500188224018,4.547354951500893,0.14719150401746853,0.20446576146341275
10G_phase_gaussian_px0.875_py0.625,10G_phase,gaussian,phase_grid,0.875,Gaussian Fitting,15.0,10.0,20,20,1.0,0.15466624894979358,0.13870800728641297,0.0657737657656001,0.10435246682833124,0.131751278908516,0.1680709279655097,0.2700168878673215,0.31869781937677794,0.032089388286749454,0.021590961022013744,0.03867684628394474,84.03545221419324,5.9178699855692685,5.394149979110807,8.413264981936665,0.1371714544121739,0.19905780117808122
10G_phase_gaussian_px0.875_py0.625,10G_phase,gaussian,phase_grid,0.875,Intensity-Weighted Centroid,15.0,10.0,20,20,1.0,0.5924483679601489,0.6271957595851871,0.2809156558159477,0.42554023128270485,0.49882280014150304,0.6556742136008918,0.9787495825447429,1.0489134428715192,0.23661950845767024,0.2498002348481009,0.3440769523128741,327.83701666924344,0.24602500488981605,0.23830001009628177,0.32906502601690596,0.5332785517956794,0.7635258681212439
10G_phase_gaussian_px0.875_py0.625,10G_phase,gaussian,phase_grid,0.875,PSF-Aware Fitting,15.0,10.0,20,20,1.0,0.15753496608706177,0.14115085065570818,0.06295524058422607,0.10138525041439489,0.13602080302468417,0.16964854216016562,0.2756224463350495,0.2941119526224384,0.03229951337144712,0.019766394950289624,0.03786778226095537,84.82425948964674,3.9253400056622922,3.682049980852753,5.312884924933314,0.14006577966909217,0.19769949275916124
10G_phase_gaussian_px0.875_py0.75,10G_phase,gaussian,phase_grid,0.875,Gaussian Fitting,15.0,10.0,20,20,1.0,0.1906898396314607,0.19007608617682842,0.0990522886181975,0.1548434654437741,0.1489881606992234,0.2148812947168154,0.3406404912464929,0.4489482651373393,-0.019665453762155494,0.031254593232381465,0.0369266796475543,107.44062961064986,5.340945004718378,4.986700019799173,7.088575075613335,0.16621759782590298,0.26100370766044395
10G_phase_gaussian_px0.875_py0.75,10G_phase,gaussian,phase_grid,0.875,Intensity-Weighted Centroid,15.0,10.0,20,20,1.0,0.5228741652536211,0.5594764440907671,0.25443258919066675,0.44066556579738253,0.3794037351587493,0.5814923345427158,0.9530693354975335,0.9679935254231843,0.09296587581871449,0.0958867081626181,0.13355491330910943,290.74609035299574,0.23464998812414706,0.2041999832727015,0.34460002207197254,0.4753590947200554,0.6793013437614427
10G_phase_gaussian_px0.875_py0.75,10G_phase,gaussian,phase_grid,0.875,PSF-Aware Fitting,15.0,10.0,20,20,1.0,0.18576242553524686,0.1928834075776634,0.10022345284148447,0.1515290001981326,0.14694006036190993,0.21107444004475626,0.3322650890922523,0.44365698361823036,-0.019333347431779658,0.03074292454267038,0.036316741764016024,105.53720253659921,3.9519799989648163,3.5537999938242137,5.708094988949597,0.16218441479001292,0.2567593532564869
10G_phase_gaussian_px0.875_py0.875,10G_phase,gaussian,phase_grid,0.875,Gaussian Fitting,15.0,10.0,20,20,1.0,0.21509051960369202,0.2081164447013,0.10919205333820851,0.18137105932668302,0.15903262235880164,0.24121947710663913,0.4136044011707792,0.41724775824957017,-0.014972618008499694,0.008283821142225634,0.01711142842502734,120.60971462442193,5.70624002139084,5.56275004055351,7.6833950413856655,0.19246625613371934,0.28786191971232455
10G_phase_gaussian_px0.875_py0.875,10G_phase,gaussian,phase_grid,0.875,Intensity-Weighted Centroid,15.0,10.0,20,20,1.0,0.4534860997092197,0.506778435790585,0.20970268424570027,0.37376883720275234,0.33154443856809696,0.4996247175724318,0.7030596836829416,0.8243295361729217,0.2059966343172391,0.04949184451962765,0.2118585755261876,249.81229015034577,0.25113000301644206,0.2328499685972929,0.3683549701236189,0.41088129966441456,0.5762479299535456
10G_phase_gaussian_px0.875_py0.875,10G_phase,gaussian,phase_grid,0.875,PSF-Aware Fitting,15.0,10.0,20,20,1.0,0.21372814808425109,0.2193831897074514,0.10746649817976747,0.17927185868774367,0.15839940087382653,0.23922535299283293,0.4071033592629344,0.4209699487309629,-0.013753177065780164,0.002797967957263836,0.014034903066732475,119.6126529279587,3.8773300184402615,3.6745499819517136,5.306884949095548,0.19096445044753058,0.284828130308608
10G_phase_gaussian_px0_py0,10G_phase,gaussian,phase_grid,0.0,Gaussian Fitting,15.0,10.0,20,20,1.0,0.1597302706993387,0.1303534646130615,0.08451353432997587,0.15838570146706504,0.08700727804852752,0.18071053334719597,0.3518578038924066,0.3804985210161918,0.009495734373490449,-0.004925948495809962,0.01069738004724804,90.35526618223362,5.357110011391342,4.974000039510429,7.692234928254038,0.13672484868365128,0.22455741155363523
10G_phase_gaussian_px0_py0,10G_phase,gaussian,phase_grid,0.0,Intensity-Weighted Centroid,15.0,10.0,20,20,1.0,0.4133537666016995,0.3832643696968458,0.2383869453093948,0.32231356392857563,0.3518574122644237,0.47716838962546204,0.7755116790833346,1.105515787596229,0.0011541010078815362,0.07806407714804209,0.07807260780908923,238.58418820717117,0.23846999392844737,0.23454998154193163,0.31548006227239966,0.35510165895506685,0.6015653383063333
10G_phase_gaussian_px0_py0,10G_phase,gaussian,phase_grid,0.0,PSF-Aware Fitting,15.0,10.0,20,20,1.0,0.16492228026459485,0.1433862434540255,0.08256927116789058,0.16243606674171926,0.08735884208453049,0.18443709786501794,0.35635548748114954,0.3817238667398849,0.007609883591652533,-0.0015748289606960953,0.007771126979656786,92.21854842779969,3.6922500003129244,3.351900028064847,5.407484981697053,0.14157864512143803,0.22797362026080903
10G_phase_gaussian_px0_py0.125,10G_phase,gaussian,phase_grid,0.0,Gaussian Fitting,15.0,10.0,20,20,1.0,0.17446770543705292,0.18374562854539822,0.08019714301475962,0.13201042227406368,0.13944106425018232,0.19201708775054394,0.28704891348361383,0.38354770733217064,0.028266777320641267,-0.0019658718163555024,0.028335055180695526,96.00854343221549,5.645890010055155,5.542650003917515,7.841435028240085,0.15606718312819848,0.22840335495711603
10G_phase_gaussian_px0_py0.125,10G_phase,gaussian,phase_grid,0.0,Intensity-Weighted Centroid,15.0,10.0,20,20,1.0,0.5026206295697982,0.4562095661196627,0.22438171832655526,0.40324259960935166,0.37465992399589526,0.5504313333998329,0.8704542341199626,0.9471967864157081,0.037695176041904685,-0.061863403541121895,0.07244312938106606,275.2156584894053,0.2626800036523491,0.24905003374442458,0.34241502871736884,0.4467803723856576,0.6494061091875271
10G_phase_gaussian_px0_py0.125,10G_phase,gaussian,phase_grid,0.0,PSF-Aware Fitting,15.0,10.0,20,20,1.0,0.17175319291835853,0.1751050287146641,0.08152765885901739,0.13456848015015127,0.13430280185745025,0.19012079958984812,0.26853941415368354,0.3905569294706492,0.03015531181499682,0.0033251090596422726,0.03033808136514572,95.0603993333262,3.6458250135183334,3.417949948925525,4.708370054140687,0.1540224277563324,0.22752674175404963
10G_phase_gaussian_px0_py0.25,10G_phase,gaussian,phase_grid,0.0,Gaussian Fitting,15.0,10.0,20,20,1.0,0.20319010004887353,0.20278319646791967,0.09717060649151003,0.15452904141621007,0.1638570074265558,0.22522953519420832,0.34482337866860435,0.41938785735086326,-0.02609246569937227,-0.04624088021189436,0.053094592653524356,112.61476657310172,4.8692300042603165,4.867300041951239,6.0849600995425135,0.18223282067577024,0.26846582310976747
10G_phase_gaussian_px0_py0.25,10G_phase,gaussian,phase_grid,0.0,Intensity-Weighted Centroid,15.0,10.0,20,20,1.0,0.6250249623966853,0.5514522348540494,0.28904019677089243,0.45275550051694435,0.5188572980309568,0.688622130757017,1.1062633988134591,1.1245989100938052,-0.08110886161371696,-0.24140333815872736,0.25466491534259283,344.31105222306337,0.23050997988320887,0.2136999974027276,0.3109449171461165,0.5605180190451561,0.807045921897424
10G_phase_gaussian_px0_py0.25,10G_phase,gaussian,phase_grid,0.0,PSF-Aware Fitting,15.0,10.0,20,20,1.0,0.2024840426270394,0.1994696549017243,0.09717838541264594,0.15828401172590673,0.1593411363771154,0.22459614001580142,0.35247546447655387,0.4288927206357718,-0.02964943493578289,-0.04753192700758291,0.056021184181213206,112.29806900826446,3.48210001247935,3.1276000081561506,5.248595034936443,0.1813996393502246,0.26880275553938454
10G_phase_gaussian_px0_py0.375,10G_phase,gaussian,phase_grid,0.0,Gaussian Fitting,15.0,10.0,20,20,1.0,0.18229838651077757,0.15756407899440136,0.08896641907399805,0.14493195716875135,0.14192411084279627,0.20284902131211552,0.3153723557421718,0.34567572335371227,0.0327067915675741,-0.020471282492877663,0.03858506993058242,101.42450922533672,4.911869985517114,4.608499992173165,6.888594926567749,0.16223042486851424,0.23923884566275952
10G_phase_gaussian_px0_py0.375,10G_phase,gaussian,phase_grid,0.0,Intensity-Weighted Centroid,15.0,10.0,20,20,1.0,0.4916167222824762,0.47937782024214165,0.27849018729972286,0.3554436987061532,0.439207881418457,0.5650166245784277,0.844319818973816,1.1456846367961575,0.10736063481471661,-0.34899787334466625,0.36513808553329336,282.5083039937575,0.22739998530596495,0.21884997840970755,0.3158300532959402,0.43532086484451443,0.6876021350835501
10G_phase_gaussian_px0_py0.375,10G_phase,gaussian,phase_grid,0.0,PSF-Aware Fitting,15.0,10.0,20,20,1.0,0.1797463350659605,0.1688348356313954,0.08239192528423628,0.13952233171379624,0.14010957595693851,0.19773005416903044,0.3020321165474476,0.33226338084835455,0.031345267348280005,-0.012905703854318062,0.03389812645428223,98.86502557436673,3.570754994871095,3.230099973734468,5.2574400266166785,0.16118478278265613,0.23084872377686935
10G_phase_gaussian_px0_py0.5,10G_phase,gaussian,phase_grid,0.0,Gaussian Fitting,15.0,10.0,20,20,1.0,0.17939591927284795,0.15801399493051216,0.09976308895991763,0.14171466400948152,0.14850092179934232,0.20526950521345014,0.3810988083905859,0.4014813070493986,-0.02262172701252325,-0.031038777468904755,0.0384076586085811,102.63474966214632,5.472440010635182,5.270400026347488,7.212985004298389,0.15695085575553291,0.2524765643461855
10G_phase_gaussian_px0_py0.5,10G_phase,gaussian,phase_grid,0.0,Intensity-Weighted Centroid,15.0,10.0,20,20,1.0,0.5202588482739816,0.5447718119888947,0.2801255288666345,0.31785098675777085,0.4981067469401442,0.590880344173151,0.9048662911591275,0.9604848083039671,0.0009338211967133247,-0.3427984283521027,0.3427997002663496,295.44016590065394,0.2708449901547283,0.25809998624026775,0.3797899640630931,0.4738494135966498,0.6918058034925858
10G_phase_gaussian_px0_py0.5,10G_phase,gaussian,phase_grid,0.0,PSF-Aware Fitting,15.0,10.0,20,20,1.0,0.18581212758505244,0.16075025587688385,0.1031278853345311,0.1502057473290599,0.15033210222894716,0.21251237020760932,0.3811700962430712,0.406547342477493,-0.02491018287920497,-0.03260530891414533,0.04103197997248343,106.25618216202186,3.9129999873694032,3.871499968226999,5.238439945969731,0.1630821932485973,0.2609717531200713
10G_phase_gaussian_px0_py0.625,10G_phase,gaussian,phase_grid,0.0,Gaussian Fitting,15.0,10.0,20,20,1.0,0.17970663580371948,0.16901716162328023,0.06899443193601253,0.1320731135040471,0.14004070579446115,0.19249599110127913,0.2987885526088089,0.30279978038706296,0.005854268263584572,-0.027124416157170116,0.027748989328791145,96.24799114531199,5.958545004250482,5.894550064112991,7.9508049006108195,0.16357441854161744,0.22137991950776761
10G_phase_gaussian_px0_py0.625,10G_phase,gaussian,phase_grid,0.0,Intensity-Weighted Centroid,15.0,10.0,20,20,1.0,0.4897442954107527,0.46175785253556373,0.2357612035522154,0.3152447852540505,0.44277934161147503,0.5435373216144074,0.9205829907984815,0.9555863204529808,-0.09002657393334061,0.2280923323900197,0.24521601927544306,271.76861856653795,0.2463350014295429,0.23294996935874224,0.34151002182625234,0.4385502717704635,0.6406648765645468
10G_phase_gaussian_px0_py0.625,10G_phase,gaussian,phase_grid,0.0,PSF-Aware Fitting,15.0,10.0,20,20,1.0,0.17565623232248898,0.17388192310302256,0.07722689403296816,0.1330233684549739,0.13828914838339187,0.1918830506212352,0.3094013143797336,0.32241093013964506,0.008365721200300413,-0.024908515525066833,0.026275833704445063,95.9415209511819,4.302645003190264,4.104449937585741,5.928514979314059,0.1599446937386669,0.22395451211703676
10G_phase_gaussian_px0_py0.75,10G_phase,gaussian,phase_grid,0.0,Gaussian Fitting,15.0,10.0,20,20,1.0,0.17911002059849937,0.15235898231689132,0.09088586830281355,0.13634782019821498,0.14747851525949965,0.20084979595695696,0.3986015941248915,0.4148007304182926,-0.061068159913662615,0.008374933741936274,0.06163975722228708,100.42488934547488,5.464339995523915,4.971300018951297,8.060404990101233,0.15154863085679265,0.2496318997895103
10G_phase_gaussian_px0_py0.75,10G_phase,gaussian,phase_grid,0.0,Intensity-Weighted Centroid,15.0,10.0,20,20,1.0,0.4415370519782914,0.39543275014341417,0.2570649631959507,0.32521606979739265,0.39404551960167394,0.5109181574113566,0.8507515129203134,1.0821338931235513,-0.03721145111238115,0.21052760425560563,0.21379093584035322,255.45903017402284,0.27544000186026096,0.2567499759607017,0.407534942496568,0.38780072638302715,0.6360460241928121
10G_phase_gaussian_px0_py0.75,10G_phase,gaussian,phase_grid,0.0,PSF-Aware Fitting,15.0,10.0,20,20,1.0,0.17249333631275202,0.1437600088246318,0.08851319547261172,0.13003770635725484,0.1438010144971909,0.19387763368959543,0.38479614649614036,0.3926044806102621,-0.055138111893046474,0.004247946467654628,0.055301504792565744,96.93880840092751,3.7683150090742856,3.578400006517768,4.63581497897394,0.14612780914341533,0.24009221880855106
10G_phase_gaussian_px0_py0.875,10G_phase,gaussian,phase_grid,0.0,Gaussian Fitting,15.0,10.0,20,20,1.0,0.16971384970878806,0.16761590074546046,0.09320551127802046,0.14692140779552634,0.1261116887800451,0.19362349577356128,0.30424675446971955,0.3413928760633781,0.01014383561998784,0.037203666567091884,0.038561771317208504,96.81173867234482,5.898395000258461,5.259600002318621,8.16829496761784,0.15247434033630683,0.22907589959646213
10G_phase_gaussian_px0_py0.875,10G_phase,gaussian,phase_grid,0.0,Intensity-Weighted Centroid,15.0,10.0,20,20,1.0,0.4399964306897431,0.42745082912672877,0.30806397132099733,0.399431257753528,0.3591029654224716,0.5371222109034202,0.8368287719770531,1.5323743090350417,-0.09124316482734116,0.16206540066082198,0.18598523925049026,268.5610520509973,0.24823002167977393,0.24675001623108983,0.30429506441578275,0.37071923089314124,0.7414281284475415
10G_phase_gaussian_px0_py0.875,10G_phase,gaussian,phase_grid,0.0,PSF-Aware Fitting,15.0,10.0,20,20,1.0,0.17676539534114144,0.18496948279071745,0.0852309440316437,0.14942701172927494,0.1272080460359892,0.19624046170613033,0.30539102731279255,0.34270712576445145,0.008386892358674913,0.036435466531014524,0.03738827603365364,98.120221795148,3.850469982717186,3.6629500100389123,5.2351999504026026,0.15814737559280065,0.2295046873333149
