trial_id,trial_seed,regime,motion_type,snr_db,jitter_amp,baseline_rmse,proposed_rmse,baseline_lock,proposed_lock,baseline_acq,proposed_acq,baseline_reacq,proposed_reacq,baseline_failure,proposed_failure,paired_rmse_difference,paired_lock_difference
0,969460,1. Low Disturbance,straight_line,22.0,0.0,0.19547744734697645,0.21742995049756053,100.0,100.0,0.06666666666666667,0.06666666666666667,NOT_APPLICABLE,NOT_APPLICABLE,NONE,NONE,-0.021952503150584085,0.0
1,383529,2. Moderate Disturbance,sinusoidal,16.0,5.0,1.9523019216726587,0.23704074491104576,45.0,5.0,0.06666666666666667,-1.0,0.2,FAILED,TRACK_LOSS,NO_ACQUISITION,1.7152611767616128,-40.0
2,976867,3. High Disturbance / Nonlinear,figure_eight,14.0,15.0,1.9942267962375917,1.0356369098117069,50.0,10.0,0.06666666666666667,-1.0,0.18000000000000002,FAILED,TRACK_LOSS,NO_ACQUISITION,0.9585898864258848,-40.0
3,494771,4. Degraded Optical Conditions,atmospheric_degradation,9.0,10.0,99.85513614866274,0.8809262196344768,30.0,22.5,0.23333333333333334,-1.0,0.2333333333333333,FAILED,TRACK_LOSS,NO_ACQUISITION,98.97420992902826,-7.5
4,248739,1. Low Disturbance,straight_line,22.0,0.0,0.17029330026321138,0.18950982263695262,100.0,100.0,0.06666666666666667,0.06666666666666667,NOT_APPLICABLE,NOT_APPLICABLE,NONE,NONE,-0.019216522373741246,0.0
5,379229,2. Moderate Disturbance,sinusoidal,16.0,5.0,1.9536486166824052,1.3499281320747465,45.0,7.5,0.06666666666666667,-1.0,0.2,FAILED,TRACK_LOSS,NO_ACQUISITION,0.6037204846076587,-37.5
6,486315,3. High Disturbance / Nonlinear,figure_eight,14.0,15.0,2.1063318028118925,1.2040203435993577,45.0,17.5,0.06666666666666667,0.8,0.1933333333333333,0.7333333333333333,TRACK_LOSS,TRACK_LOSS,0.9023114592125347,-27.5
7,515911,4. Degraded Optical Conditions,atmospheric_degradation,9.0,10.0,136.90220123061118,0.9347973588390677,32.5,15.0,0.6666666666666666,-1.0,0.6666666666666666,FAILED,TRACK_LOSS,NO_ACQUISITION,135.96740387177212,-17.5
8,137915,1. Low Disturbance,straight_line,22.0,0.0,0.18118368978685762,0.18634346138846722,100.0,100.0,0.06666666666666667,0.06666666666666667,NOT_APPLICABLE,NOT_APPLICABLE,NONE,NONE,-0.005159771601609603,0.0
9,164161,2. Moderate Disturbance,sinusoidal,16.0,5.0,1.8780174343918836,1.0540762639379744,45.0,10.0,0.06666666666666667,-1.0,0.2,FAILED,TRACK_LOSS,NO_ACQUISITION,0.8239411704539092,-35.0
10,597975,3. High Disturbance / Nonlinear,figure_eight,14.0,15.0,83.15226203499182,1.0371893253196904,47.5,17.5,0.06666666666666667,1.0,0.18,0.9666666666666667,TRACK_LOSS,TRACK_LOSS,82.11507270967213,-30.0
11,978625,4. Degraded Optical Conditions,atmospheric_degradation,9.0,10.0,159.96406272034716,0.79710243219342,27.500000000000004,17.5,0.9,-1.0,0.8666666666666667,FAILED,TRACK_LOSS,NO_ACQUISITION,159.16696028815375,-10.000000000000004
12,876675,1. Low Disturbance,straight_line,22.0,0.0,0.1905487415985287,0.21344113023204925,100.0,100.0,0.06666666666666667,0.06666666666666667,NOT_APPLICABLE,NOT_APPLICABLE,NONE,NONE,-0.022892388633520555,0.0
13,271940,2. Moderate Disturbance,sinusoidal,16.0,5.0,1.8097323524948725,0.34079037070740653,47.5,5.0,0.06666666666666667,-1.0,0.2,FAILED,TRACK_LOSS,NO_ACQUISITION,1.468941981787466,-42.5
14,443976,3. High Disturbance / Nonlinear,figure_eight,14.0,15.0,1.8534903032981678,1.8007597899491905,45.0,17.5,0.06666666666666667,0.06666666666666667,0.18666666666666668,FAILED,TRACK_LOSS,TRACK_LOSS,0.05273051334897727,-27.5
15,911452,4. Degraded Optical Conditions,atmospheric_degradation,9.0,10.0,85.31028744485525,319.1587972198551,35.0,2.5,0.5666666666666667,-1.0,0.3888888888888889,FAILED,TRACK_LOSS,NO_ACQUISITION,-233.84850977499985,-32.5
16,160799,1. Low Disturbance,straight_line,22.0,0.0,0.19150074817152768,0.21322203993220518,100.0,100.0,0.06666666666666667,0.06666666666666667,NOT_APPLICABLE,NOT_APPLICABLE,NONE,NONE,-0.021721291760677497,0.0
17,215166,2. Moderate Disturbance,sinusoidal,16.0,5.0,1.7021553409186243,1.7764496300454453,47.5,10.0,0.06666666666666667,0.06666666666666667,0.2,FAILED,TRACK_LOSS,TRACK_LOSS,-0.07429428912682101,-37.5
18,232042,3. High Disturbance / Nonlinear,figure_eight,14.0,15.0,26.473006326803542,0.47442070935042663,45.0,10.0,0.1,-1.0,0.16666666666666666,FAILED,TRACK_LOSS,NO_ACQUISITION,25.998585617453116,-35.0
19,452757,4. Degraded Optical Conditions,atmospheric_degradation,9.0,10.0,120.6116373926499,1.3792617569717096,35.0,25.0,0.06666666666666667,0.06666666666666667,0.55,FAILED,TRACK_LOSS,TRACK_LOSS,119.23237563567818,-10.0
20,312865,1. Low Disturbance,straight_line,22.0,0.0,0.1686032967098171,0.18749667874464307,100.0,100.0,0.06666666666666667,0.06666666666666667,NOT_APPLICABLE,NOT_APPLICABLE,NONE,NONE,-0.018893382034825962,0.0
21,700317,2. Moderate Disturbance,sinusoidal,16.0,5.0,1.6976551396369095,1.6478859817685894,45.0,15.0,0.06666666666666667,0.06666666666666667,0.2,0.7666666666666667,TRACK_LOSS,TRACK_LOSS,0.049769157868320146,-30.0
22,223516,3. High Disturbance / Nonlinear,figure_eight,14.0,15.0,44.898474363638286,0.4095022126710657,42.5,10.0,0.06666666666666667,0.9,0.20833333333333331,0.8666666666666667,TRACK_LOSS,TRACK_LOSS,44.48897215096722,-32.5
23,315992,4. Degraded Optical Conditions,atmospheric_degradation,9.0,10.0,90.52612246428662,0.7982132348485247,25.0,15.0,0.1,-1.0,0.1,FAILED,TRACK_LOSS,NO_ACQUISITION,89.7279092294381,-10.0
24,854164,1. Low Disturbance,straight_line,22.0,0.0,0.15424521738183875,0.171226984104908,100.0,100.0,0.06666666666666667,0.06666666666666667,NOT_APPLICABLE,NOT_APPLICABLE,NONE,NONE,-0.016981766723069253,0.0
25,651764,2. Moderate Disturbance,sinusoidal,16.0,5.0,1.7689654296876518,0.9169991476314088,45.0,7.5,0.06666666666666667,-1.0,0.2,FAILED,TRACK_LOSS,NO_ACQUISITION,0.851966282056243,-37.5
26,367803,3. High Disturbance / Nonlinear,figure_eight,14.0,15.0,2.073843900087523,1.076280641283682,45.0,15.0,0.26666666666666666,0.7333333333333333,0.21333333333333332,0.6666666666666666,TRACK_LOSS,TRACK_LOSS,0.9975632588038408,-30.0
27,928877,4. Degraded Optical Conditions,atmospheric_degradation,9.0,10.0,148.46254610488873,1.127444626520055,25.0,25.0,0.26666666666666666,0.7666666666666667,0.3666666666666667,0.7666666666666667,TRACK_LOSS,TRACK_LOSS,147.33510147836867,0.0
28,254726,1. Low Disturbance,straight_line,22.0,0.0,0.17724777384023552,0.20971957939689392,100.0,100.0,0.06666666666666667,0.06666666666666667,NOT_APPLICABLE,NOT_APPLICABLE,NONE,NONE,-0.032471805556658406,0.0
29,801390,2. Moderate Disturbance,sinusoidal,16.0,5.0,1.9896796416445839,0.2382910997396695,45.0,5.0,0.06666666666666667,-1.0,0.2,FAILED,TRACK_LOSS,NO_ACQUISITION,1.7513885419049144,-40.0
30,254615,3. High Disturbance / Nonlinear,figure_eight,14.0,15.0,1.9029266183127198,0.8910362323903323,47.5,15.0,0.06666666666666667,0.06666666666666667,0.1933333333333333,FAILED,TRACK_LOSS,TRACK_LOSS,1.0118903859223876,-32.5
31,709150,4. Degraded Optical Conditions,atmospheric_degradation,9.0,10.0,35.013112989246814,1.2247293973909206,30.0,27.500000000000004,0.13333333333333333,0.13333333333333333,0.31666666666666665,0.5333333333333333,TRACK_LOSS,TRACK_LOSS,33.78838359185589,-2.4999999999999964
32,613283,1. Low Disturbance,straight_line,22.0,0.0,0.17774950164541714,0.193603014765084,100.0,100.0,0.06666666666666667,0.06666666666666667,NOT_APPLICABLE,NOT_APPLICABLE,NONE,NONE,-0.015853513119666873,0.0
33,992021,2. Moderate Disturbance,sinusoidal,16.0,5.0,2.014385648031363,0.4664389837715558,47.5,7.5,0.06666666666666667,-1.0,0.2,FAILED,TRACK_LOSS,NO_ACQUISITION,1.5479466642598072,-40.0
34,991335,3. High Disturbance / Nonlinear,figure_eight,14.0,15.0,65.81071124129711,0.16671117647098285,52.5,7.5,0.06666666666666667,-1.0,0.1722222222222222,FAILED,TRACK_LOSS,NO_ACQUISITION,65.64400006482613,-45.0
35,585604,4. Degraded Optical Conditions,atmospheric_degradation,9.0,10.0,1.292845984152265,1.5368486571742952,27.500000000000004,15.0,0.06666666666666667,0.36666666666666664,0.26666666666666666,0.3333333333333333,TRACK_LOSS,TRACK_LOSS,-0.24400267302203016,-12.500000000000004
36,878531,1. Low Disturbance,straight_line,22.0,0.0,0.20118664359503732,0.21548782715954487,100.0,100.0,0.06666666666666667,0.06666666666666667,NOT_APPLICABLE,NOT_APPLICABLE,NONE,NONE,-0.014301183564507547,0.0
37,118956,2. Moderate Disturbance,sinusoidal,16.0,5.0,2.008048352470345,1.0137690646827682,45.0,7.5,0.06666666666666667,-1.0,0.2,FAILED,TRACK_LOSS,NO_ACQUISITION,0.9942792877875768,-37.5
38,100532,3. High Disturbance / Nonlinear,figure_eight,14.0,15.0,105.23928244894667,1.1849678753457678,45.0,17.5,0.06666666666666667,1.2666666666666666,0.2,1.2,TRACK_LOSS,TRACK_LOSS,104.0543145736009,-27.5
39,988230,4. Degraded Optical Conditions,atmospheric_degradation,9.0,10.0,1.5552899402416047,1.4155158410859672,35.0,22.5,0.06666666666666667,-1.0,0.44999999999999996,FAILED,TRACK_LOSS,NO_ACQUISITION,0.13977409915563754,-12.5
40,774842,1. Low Disturbance,straight_line,22.0,0.0,0.17628567844106047,0.20336862648441906,100.0,100.0,0.06666666666666667,0.06666666666666667,NOT_APPLICABLE,NOT_APPLICABLE,NONE,NONE,-0.02708294804335859,0.0
41,471388,2. Moderate Disturbance,sinusoidal,16.0,5.0,1.8825805408042655,1.3173548215941584,45.0,7.5,0.06666666666666667,-1.0,0.2,FAILED,TRACK_LOSS,NO_ACQUISITION,0.5652257192101071,-37.5
42,664070,3. High Disturbance / Nonlinear,figure_eight,14.0,15.0,1.901290085591948,0.8577350968619347,42.5,10.0,0.06666666666666667,-1.0,0.24444444444444446,FAILED,TRACK_LOSS,NO_ACQUISITION,1.0435549887300133,-32.5
43,278143,4. Degraded Optical Conditions,atmospheric_degradation,9.0,10.0,1.4480798977212603,0.7473783432445935,30.0,17.5,1.0666666666666667,0.7333333333333333,1.0666666666666667,0.7333333333333333,TRACK_LOSS,TRACK_LOSS,0.7007015544766668,-12.5
44,698451,1. Low Disturbance,straight_line,22.0,0.0,0.1918063668501584,0.21332431998183293,100.0,100.0,0.06666666666666667,0.06666666666666667,NOT_APPLICABLE,NOT_APPLICABLE,NONE,NONE,-0.02151795313167454,0.0
45,748371,2. Moderate Disturbance,sinusoidal,16.0,5.0,1.724352687574634,1.3573552333137113,45.0,10.0,0.06666666666666667,0.06666666666666667,0.2,FAILED,TRACK_LOSS,TRACK_LOSS,0.3669974542609227,-35.0
46,857985,3. High Disturbance / Nonlinear,figure_eight,14.0,15.0,2.086839491661464,2.0723045775088416,45.0,12.5,0.06666666666666667,0.06666666666666667,0.2,FAILED,TRACK_LOSS,TRACK_LOSS,0.014534914152622314,-32.5
47,108915,4. Degraded Optical Conditions,atmospheric_degradation,9.0,10.0,1.051878507124602,0.7262904045637032,20.0,22.5,-1.0,0.7666666666666667,FAILED,0.7666666666666667,NO_ACQUISITION,TRACK_LOSS,0.32558810256089876,2.5
48,917718,1. Low Disturbance,straight_line,22.0,0.0,0.18848771203256154,0.1995464796819731,100.0,100.0,0.06666666666666667,0.06666666666666667,NOT_APPLICABLE,NOT_APPLICABLE,NONE,NONE,-0.01105876764941155,0.0
49,430378,2. Moderate Disturbance,sinusoidal,16.0,5.0,1.9171540098915787,0.9435809659428603,45.0,10.0,0.06666666666666667,0.8666666666666667,0.2,0.8333333333333334,TRACK_LOSS,TRACK_LOSS,0.9735730439487184,-35.0
50,756534,3. High Disturbance / Nonlinear,figure_eight,14.0,15.0,1.808143248316057,1.1606521731725172,40.0,20.0,0.06666666666666667,0.06666666666666667,0.24166666666666664,0.8,TRACK_LOSS,TRACK_LOSS,0.6474910751435399,-20.0
51,681567,4. Degraded Optical Conditions,atmospheric_degradation,9.0,10.0,48.17476442809623,0.6468979618758601,27.500000000000004,12.5,1.0666666666666667,-1.0,1.0333333333333334,FAILED,TRACK_LOSS,NO_ACQUISITION,47.527866466220374,-15.000000000000004
52,254023,1. Low Disturbance,straight_line,22.0,0.0,0.19726156272507447,0.20734867584295505,100.0,100.0,0.06666666666666667,0.06666666666666667,NOT_APPLICABLE,NOT_APPLICABLE,NONE,NONE,-0.010087113117880575,0.0
53,475073,2. Moderate Disturbance,sinusoidal,16.0,5.0,1.5578846552074657,0.2586863449019578,42.5,5.0,0.06666666666666667,-1.0,0.2416666666666667,FAILED,TRACK_LOSS,NO_ACQUISITION,1.2991983103055078,-37.5
54,519307,3. High Disturbance / Nonlinear,figure_eight,14.0,15.0,55.767216593281745,0.1062234564571571,45.0,5.0,0.06666666666666667,-1.0,0.25,FAILED,TRACK_LOSS,NO_ACQUISITION,55.66099313682459,-40.0
55,681361,4. Degraded Optical Conditions,atmospheric_degradation,9.0,10.0,60.73542657474566,1.2472427087581635,27.500000000000004,22.5,1.1333333333333333,-1.0,1.1,FAILED,TRACK_LOSS,NO_ACQUISITION,59.488183865987494,-5.0000000000000036
56,984398,1. Low Disturbance,straight_line,22.0,0.0,0.18146846710730052,0.21483348915525938,100.0,100.0,0.06666666666666667,0.06666666666666667,NOT_APPLICABLE,NOT_APPLICABLE,NONE,NONE,-0.03336502204795885,0.0
57,710377,2. Moderate Disturbance,sinusoidal,16.0,5.0,1.6919428353728165,0.7969335924295894,40.0,12.5,0.06666666666666667,0.8666666666666667,0.24166666666666664,0.8,TRACK_LOSS,TRACK_LOSS,0.8950092429432271,-27.5
58,266456,3. High Disturbance / Nonlinear,figure_eight,14.0,15.0,2.252426683807189,0.32844973810618344,42.5,7.5,0.1,-1.0,0.2066666666666667,FAILED,TRACK_LOSS,NO_ACQUISITION,1.9239769457010054,-35.0
59,306423,4. Degraded Optical Conditions,atmospheric_degradation,9.0,10.0,101.98887362623014,1.597135121205716,25.0,17.5,0.1,-1.0,0.1,FAILED,TRACK_LOSS,NO_ACQUISITION,100.39173850502443,-7.5
60,800071,1. Low Disturbance,straight_line,22.0,0.0,0.19058189868838118,0.2135623165950789,100.0,100.0,0.06666666666666667,0.06666666666666667,NOT_APPLICABLE,NOT_APPLICABLE,NONE,NONE,-0.02298041790669772,0.0
61,365840,2. Moderate Disturbance,sinusoidal,16.0,5.0,2.0087307844632103,0.28087181797741767,45.0,10.0,0.06666666666666667,0.8666666666666667,0.2,0.8333333333333334,TRACK_LOSS,TRACK_LOSS,1.7278589664857926,-35.0
62,509109,3. High Disturbance / Nonlinear,figure_eight,14.0,15.0,74.7632467014123,0.7775804310034988,40.0,15.0,0.06666666666666667,1.0,0.24166666666666664,0.9333333333333333,TRACK_LOSS,TRACK_LOSS,73.9856662704088,-25.0
63,916279,4. Degraded Optical Conditions,atmospheric_degradation,9.0,10.0,108.14453127360689,0.9834192393898841,37.5,22.5,0.26666666666666666,-1.0,0.38888888888888884,FAILED,TRACK_LOSS,NO_ACQUISITION,107.161112034217,-15.0
64,682357,1. Low Disturbance,straight_line,22.0,0.0,0.18400679245280147,0.20013666415378586,100.0,100.0,0.06666666666666667,0.06666666666666667,NOT_APPLICABLE,NOT_APPLICABLE,NONE,NONE,-0.0161298717009844,0.0
65,953318,2. Moderate Disturbance,sinusoidal,16.0,5.0,1.8215315475710463,1.0329690677891816,45.0,7.5,0.06666666666666667,-1.0,0.2,FAILED,TRACK_LOSS,NO_ACQUISITION,0.7885624797818647,-37.5
66,663005,3. High Disturbance / Nonlinear,figure_eight,14.0,15.0,1.5750376375097168,0.9440299995478051,42.5,10.0,0.26666666666666666,-1.0,0.21999999999999997,FAILED,TRACK_LOSS,NO_ACQUISITION,0.6310076379619117,-32.5
67,538209,4. Degraded Optical Conditions,atmospheric_degradation,9.0,10.0,92.16974391556266,1.5126556616473186,22.5,20.0,0.06666666666666667,0.06666666666666667,FAILED,FAILED,TRACK_LOSS,TRACK_LOSS,90.65708825391535,-2.5
68,582394,1. Low Disturbance,straight_line,22.0,0.0,0.17644833960175968,0.20066575968934897,100.0,100.0,0.06666666666666667,0.06666666666666667,NOT_APPLICABLE,NOT_APPLICABLE,NONE,NONE,-0.024217420087589286,0.0
69,837953,2. Moderate Disturbance,sinusoidal,16.0,5.0,1.9219506469526415,0.20967060661932196,45.0,5.0,0.06666666666666667,-1.0,0.2,FAILED,TRACK_LOSS,NO_ACQUISITION,1.7122800403333196,-40.0
70,407800,3. High Disturbance / Nonlinear,figure_eight,14.0,15.0,2.130956802359981,1.4574508979522145,45.0,17.5,0.06666666666666667,0.06666666666666667,0.18666666666666668,FAILED,TRACK_LOSS,TRACK_LOSS,0.6735059044077665,-27.5
71,820704,4. Degraded Optical Conditions,atmospheric_degradation,9.0,10.0,109.7496673308842,0.9117281491006743,25.0,10.0,-1.0,-1.0,FAILED,FAILED,NO_ACQUISITION,NO_ACQUISITION,108.83793918178353,-15.0
72,307036,1. Low Disturbance,straight_line,22.0,0.0,0.16590963205543682,0.18081880943223744,100.0,100.0,0.06666666666666667,0.06666666666666667,NOT_APPLICABLE,NOT_APPLICABLE,NONE,NONE,-0.014909177376800614,0.0
73,111205,2. Moderate Disturbance,sinusoidal,16.0,5.0,1.7564028683507544,1.3964214629907268,40.0,7.5,0.06666666666666667,-1.0,0.25833333333333336,FAILED,TRACK_LOSS,NO_ACQUISITION,0.35998140536002765,-32.5
74,615798,3. High Disturbance / Nonlinear,figure_eight,14.0,15.0,62.8204271040429,139.3416346925939,45.0,5.0,0.06666666666666667,-1.0,0.20666666666666664,FAILED,TRACK_LOSS,NO_ACQUISITION,-76.52120758855102,-40.0
75,883436,4. Degraded Optical Conditions,atmospheric_degradation,9.0,10.0,39.87592622440672,1.3994960788643387,32.5,25.0,0.16666666666666666,0.5,0.6000000000000001,0.5,TRACK_LOSS,TRACK_LOSS,38.47643014554238,-7.5
76,425867,1. Low Disturbance,straight_line,22.0,0.0,0.20323972461080228,0.1996844831236431,100.0,100.0,0.06666666666666667,0.06666666666666667,NOT_APPLICABLE,NOT_APPLICABLE,NONE,NONE,0.0035552414871591886,0.0
77,227739,2. Moderate Disturbance,sinusoidal,16.0,5.0,1.9927572056880787,65.63535328571857,45.0,10.0,0.06666666666666667,-1.0,0.2,FAILED,TRACK_LOSS,NO_ACQUISITION,-63.642596080030486,-35.0
78,619607,3. High Disturbance / Nonlinear,figure_eight,14.0,15.0,1.9453265347745787,40.49935065137641,40.0,10.0,0.26666666666666666,-1.0,0.2,FAILED,TRACK_LOSS,NO_ACQUISITION,-38.55402411660183,-30.0
79,481724,4. Degraded Optical Conditions,atmospheric_degradation,9.0,10.0,100.37016207464585,0.7862042707579984,32.5,20.0,0.3,0.8333333333333334,0.35555555555555557,0.8333333333333334,TRACK_LOSS,TRACK_LOSS,99.58395780388786,-12.5
80,448456,1. Low Disturbance,straight_line,22.0,0.0,0.19737807789618614,0.20941821421341592,100.0,100.0,0.06666666666666667,0.06666666666666667,NOT_APPLICABLE,NOT_APPLICABLE,NONE,NONE,-0.012040136317229777,0.0
81,142718,2. Moderate Disturbance,sinusoidal,16.0,5.0,1.852187114033327,0.25172972208745154,40.0,5.0,0.06666666666666667,-1.0,0.24166666666666664,FAILED,TRACK_LOSS,NO_ACQUISITION,1.6004573919458756,-35.0
82,720221,3. High Disturbance / Nonlinear,figure_eight,14.0,15.0,2.0646801306136155,0.764452729547937,50.0,10.0,0.06666666666666667,-1.0,0.18,FAILED,TRACK_LOSS,NO_ACQUISITION,1.3002274010656785,-40.0
83,872196,4. Degraded Optical Conditions,atmospheric_degradation,9.0,10.0,83.56659521827505,1.2490333343817341,27.500000000000004,20.0,0.7,-1.0,0.6333333333333333,FAILED,TRACK_LOSS,NO_ACQUISITION,82.31756188389332,-7.5000000000000036
84,804669,1. Low Disturbance,straight_line,22.0,0.0,0.17797306042595978,0.1878947164526082,100.0,100.0,0.06666666666666667,0.06666666666666667,NOT_APPLICABLE,NOT_APPLICABLE,NONE,NONE,-0.009921656026648407,0.0
85,638505,2. Moderate Disturbance,sinusoidal,16.0,5.0,1.697990525774013,0.2841641848433706,45.0,5.0,0.06666666666666667,-1.0,0.2,FAILED,TRACK_LOSS,NO_ACQUISITION,1.4138263409306426,-40.0
86,284384,3. High Disturbance / Nonlinear,figure_eight,14.0,15.0,2.305217038555865,0.9444850439970177,40.0,12.5,0.06666666666666667,-1.0,0.2416666666666667,FAILED,TRACK_LOSS,NO_ACQUISITION,1.3607319945588472,-27.5
87,959750,4. Degraded Optical Conditions,atmospheric_degradation,9.0,10.0,95.60333749799699,1.419237834640339,30.0,20.0,0.13333333333333333,0.13333333333333333,0.13333333333333333,0.13333333333333333,TRACK_LOSS,TRACK_LOSS,94.18409966335665,-10.0
88,691384,1. Low Disturbance,straight_line,22.0,0.0,0.17942756789772557,0.18670730354399176,100.0,100.0,0.06666666666666667,0.06666666666666667,NOT_APPLICABLE,NOT_APPLICABLE,NONE,NONE,-0.007279735646266189,0.0
89,221356,2. Moderate Disturbance,sinusoidal,16.0,5.0,1.8626568809880117,131.53021671440933,47.5,7.5,0.06666666666666667,-1.0,0.2,FAILED,TRACK_LOSS,NO_ACQUISITION,-129.66755983342134,-40.0
90,408587,3. High Disturbance / Nonlinear,figure_eight,14.0,15.0,2.0997735341899553,0.48844608649902327,47.5,7.5,0.06666666666666667,-1.0,0.18666666666666668,FAILED,TRACK_LOSS,NO_ACQUISITION,1.611327447690932,-40.0
91,582303,4. Degraded Optical Conditions,atmospheric_degradation,9.0,10.0,100.13196494036833,1.4365074298049547,25.0,27.500000000000004,-1.0,1.3,FAILED,1.2333333333333334,NO_ACQUISITION,TRACK_LOSS,98.69545751056339,2.5000000000000036
92,679516,1. Low Disturbance,straight_line,22.0,0.0,0.171665273213747,0.17893895137089758,100.0,100.0,0.06666666666666667,0.06666666666666667,NOT_APPLICABLE,NOT_APPLICABLE,NONE,NONE,-0.007273678157150576,0.0
93,922497,2. Moderate Disturbance,sinusoidal,16.0,5.0,1.7842317884736627,58.301832725027076,47.5,7.5,0.06666666666666667,-1.0,0.2,FAILED,TRACK_LOSS,NO_ACQUISITION,-56.517600936553414,-40.0
94,415038,3. High Disturbance / Nonlinear,figure_eight,14.0,15.0,1.6343823383662635,1.0783750624978978,45.0,15.0,0.06666666666666667,0.06666666666666667,0.21333333333333332,0.8,TRACK_LOSS,TRACK_LOSS,0.5560072758683656,-30.0
95,952745,4. Degraded Optical Conditions,atmospheric_degradation,9.0,10.0,1.1975578212970055,0.7627304076862454,25.0,12.5,0.5666666666666667,-1.0,0.5666666666666667,FAILED,TRACK_LOSS,NO_ACQUISITION,0.43482741361076005,-12.5
96,968757,1. Low Disturbance,straight_line,22.0,0.0,0.19791964943337434,0.21439863830975942,100.0,100.0,0.06666666666666667,0.06666666666666667,NOT_APPLICABLE,NOT_APPLICABLE,NONE,NONE,-0.016478988876385076,0.0
97,113914,2. Moderate Disturbance,sinusoidal,16.0,5.0,1.7382160358909695,0.893930226346515,42.5,7.5,0.26666666666666666,-1.0,0.2,FAILED,TRACK_LOSS,NO_ACQUISITION,0.8442858095444545,-35.0
98,954636,3. High Disturbance / Nonlinear,figure_eight,14.0,15.0,1.8776842579567334,1.6302239962295018,47.5,15.0,0.06666666666666667,0.06666666666666667,0.18,0.8,TRACK_LOSS,TRACK_LOSS,0.24746026172723168,-32.5
99,587256,4. Degraded Optical Conditions,atmospheric_degradation,9.0,10.0,74.25588032595977,1.1040266512004198,27.500000000000004,15.0,0.23333333333333334,-1.0,0.44999999999999996,FAILED,TRACK_LOSS,NO_ACQUISITION,73.15185367475935,-12.500000000000004
100,608564,1. Low Disturbance,straight_line,22.0,0.0,0.19670001077442312,0.20502120199043347,100.0,100.0,0.06666666666666667,0.06666666666666667,NOT_APPLICABLE,NOT_APPLICABLE,NONE,NONE,-0.008321191216010354,0.0
101,546298,2. Moderate Disturbance,sinusoidal,16.0,5.0,1.8678215469058679,0.374492322444566,45.0,5.0,0.06666666666666667,-1.0,0.2,FAILED,TRACK_LOSS,NO_ACQUISITION,1.493329224461302,-40.0
102,999864,3. High Disturbance / Nonlinear,figure_eight,14.0,15.0,2.1783068124342204,1.5109986256760224,45.0,20.0,0.06666666666666667,1.0,0.21333333333333332,0.6,TRACK_LOSS,TRACK_LOSS,0.667308186758198,-25.0
103,374726,4. Degraded Optical Conditions,atmospheric_degradation,9.0,10.0,1.5411500343711795,1.1919841479608024,30.0,27.500000000000004,0.1,0.4666666666666667,0.21666666666666667,0.4666666666666667,TRACK_LOSS,TRACK_LOSS,0.34916588641037705,-2.4999999999999964
104,389940,1. Low Disturbance,straight_line,22.0,0.0,0.17554688018349604,0.21242290916572754,100.0,100.0,0.06666666666666667,0.06666666666666667,NOT_APPLICABLE,NOT_APPLICABLE,NONE,NONE,-0.036876028982231496,0.0
105,959246,2. Moderate Disturbance,sinusoidal,16.0,5.0,1.776712985746524,0.26776997349676396,45.0,5.0,0.06666666666666667,-1.0,0.2,FAILED,TRACK_LOSS,NO_ACQUISITION,1.50894301224976,-40.0
106,680029,3. High Disturbance / Nonlinear,figure_eight,14.0,15.0,105.54788700806517,0.23244995433656773,47.5,10.0,0.06666666666666667,0.8,0.18,0.7666666666666667,TRACK_LOSS,TRACK_LOSS,105.3154370537286,-37.5
107,832039,4. Degraded Optical Conditions,atmospheric_degradation,9.0,10.0,122.50875984503921,0.7599012288795405,22.5,20.0,-1.0,-1.0,FAILED,FAILED,NO_ACQUISITION,NO_ACQUISITION,121.74885861615967,-2.5
108,660338,1. Low Disturbance,straight_line,22.0,0.0,0.19215976867649665,0.21393496386625493,100.0,100.0,0.06666666666666667,0.06666666666666667,NOT_APPLICABLE,NOT_APPLICABLE,NONE,NONE,-0.02177519518975829,0.0
109,314751,2. Moderate Disturbance,sinusoidal,16.0,5.0,1.8704239949154535,1.8577486000453942,42.5,12.5,0.06666666666666667,0.8666666666666667,0.2,0.8,TRACK_LOSS,TRACK_LOSS,0.012675394870059309,-30.0
110,476186,3. High Disturbance / Nonlinear,figure_eight,14.0,15.0,1.6071485467384303,1.115824751503476,37.5,15.0,0.06666666666666667,0.06666666666666667,0.2777777777777778,FAILED,TRACK_LOSS,TRACK_LOSS,0.4913237952349543,-22.5
111,813235,4. Degraded Optical Conditions,atmospheric_degradation,9.0,10.0,27.560640786899683,1.5663482432345088,30.0,17.5,0.43333333333333335,0.13333333333333333,0.6166666666666667,0.13333333333333333,TRACK_LOSS,TRACK_LOSS,25.994292543665175,-12.5
112,583038,1. Low Disturbance,straight_line,22.0,0.0,0.17954043380415327,0.19346453054839127,100.0,100.0,0.06666666666666667,0.06666666666666667,NOT_APPLICABLE,NOT_APPLICABLE,NONE,NONE,-0.013924096744238001,0.0
113,543725,2. Moderate Disturbance,sinusoidal,16.0,5.0,1.6214803037819387,0.8888568695746988,47.5,10.0,0.06666666666666667,-1.0,0.2,FAILED,TRACK_LOSS,NO_ACQUISITION,0.73262343420724,-37.5
114,445487,3. High Disturbance / Nonlinear,figure_eight,14.0,15.0,1.859427689705502,0.2272402246774178,40.0,10.0,0.06666666666666667,-1.0,0.25,FAILED,TRACK_LOSS,NO_ACQUISITION,1.632187465028084,-30.0
115,801216,4. Degraded Optical Conditions,atmospheric_degradation,9.0,10.0,0.8353590548244989,1.0922985327623134,20.0,17.5,-1.0,-1.0,FAILED,FAILED,NO_ACQUISITION,NO_ACQUISITION,-0.25693947793781446,-2.5
116,183665,1. Low Disturbance,straight_line,22.0,0.0,0.19315144160703565,0.20743381738754144,100.0,100.0,0.06666666666666667,0.06666666666666667,NOT_APPLICABLE,NOT_APPLICABLE,NONE,NONE,-0.014282375780505785,0.0
117,370059,2. Moderate Disturbance,sinusoidal,16.0,5.0,2.020084156380765,1.025507312363696,45.0,10.0,0.06666666666666667,-1.0,0.2,FAILED,TRACK_LOSS,NO_ACQUISITION,0.994576844017069,-35.0
118,325621,3. High Disturbance / Nonlinear,figure_eight,14.0,15.0,2.2990039858726012,0.35321737109639134,45.0,10.0,0.06666666666666667,-1.0,0.2,FAILED,TRACK_LOSS,NO_ACQUISITION,1.94578661477621,-35.0
119,111732,4. Degraded Optical Conditions,atmospheric_degradation,9.0,10.0,137.13563128619734,233.05468618044893,25.0,2.5,0.43333333333333335,-1.0,0.43333333333333335,FAILED,TRACK_LOSS,NO_ACQUISITION,-95.91905489425159,-22.5
120,451989,1. Low Disturbance,straight_line,22.0,0.0,0.17449837862884598,0.20001415796694108,100.0,100.0,0.06666666666666667,0.06666666666666667,NOT_APPLICABLE,NOT_APPLICABLE,NONE,NONE,-0.025515779338095096,0.0
121,481723,2. Moderate Disturbance,sinusoidal,16.0,5.0,1.7501089398970815,0.336970991994862,45.0,5.0,0.06666666666666667,-1.0,0.2,FAILED,TRACK_LOSS,NO_ACQUISITION,1.4131379479022195,-40.0
122,533469,3. High Disturbance / Nonlinear,figure_eight,14.0,15.0,1.9255050331512256,0.44141033550443237,40.0,7.5,0.06666666666666667,-1.0,0.26666666666666666,FAILED,TRACK_LOSS,NO_ACQUISITION,1.4840946976467932,-32.5
123,606766,4. Degraded Optical Conditions,atmospheric_degradation,9.0,10.0,70.3790012145654,0.9601353795323138,25.0,17.5,0.5,-1.0,0.4666666666666667,FAILED,TRACK_LOSS,NO_ACQUISITION,69.41886583503309,-7.5
124,938996,1. Low Disturbance,straight_line,22.0,0.0,0.18341691953838257,0.20250752602245878,100.0,100.0,0.06666666666666667,0.06666666666666667,NOT_APPLICABLE,NOT_APPLICABLE,NONE,NONE,-0.019090606484076206,0.0
125,348529,2. Moderate Disturbance,sinusoidal,16.0,5.0,1.9703701364162134,1.3133823492683363,47.5,7.5,0.06666666666666667,-1.0,0.2,FAILED,TRACK_LOSS,NO_ACQUISITION,0.6569877871478771,-40.0
126,488912,3. High Disturbance / Nonlinear,figure_eight,14.0,15.0,1.6268558223448426,95.98609441254443,42.5,5.0,0.26666666666666666,-1.0,0.2,FAILED,TRACK_LOSS,NO_ACQUISITION,-94.3592385901996,-37.5
127,120504,4. Degraded Optical Conditions,atmospheric_degradation,9.0,10.0,87.99759398658314,1.0955811256003927,30.0,20.0,0.2,-1.0,0.44999999999999996,FAILED,TRACK_LOSS,NO_ACQUISITION,86.90201286098275,-10.0
128,868338,1. Low Disturbance,straight_line,22.0,0.0,0.1835110232882119,0.2000948491730887,100.0,100.0,0.06666666666666667,0.06666666666666667,NOT_APPLICABLE,NOT_APPLICABLE,NONE,NONE,-0.016583825884876807,0.0
129,209717,2. Moderate Disturbance,sinusoidal,16.0,5.0,2.0082715378859852,0.5025886160916454,45.0,10.0,0.06666666666666667,0.8666666666666667,0.2,0.8333333333333334,TRACK_LOSS,TRACK_LOSS,1.5056829217943397,-35.0
130,963682,3. High Disturbance / Nonlinear,figure_eight,14.0,15.0,1.615482852335113,1.4126853485977082,40.0,17.5,0.06666666666666667,0.06666666666666667,0.2416666666666667,0.6666666666666666,TRACK_LOSS,TRACK_LOSS,0.2027975037374048,-22.5
131,392506,4. Degraded Optical Conditions,atmospheric_degradation,9.0,10.0,134.47466652043204,1.0385771276406879,25.0,15.0,0.9,-1.0,0.9,FAILED,TRACK_LOSS,NO_ACQUISITION,133.43608939279136,-10.0
132,467850,1. Low Disturbance,straight_line,22.0,0.0,0.19903655850741164,0.20776768036190704,100.0,100.0,0.06666666666666667,0.06666666666666667,NOT_APPLICABLE,NOT_APPLICABLE,NONE,NONE,-0.0087311218544954,0.0
133,964278,2. Moderate Disturbance,sinusoidal,16.0,5.0,1.8818768703032716,94.95396191134672,45.0,5.0,0.06666666666666667,-1.0,0.2,FAILED,TRACK_LOSS,NO_ACQUISITION,-93.07208504104345,-40.0
134,612098,3. High Disturbance / Nonlinear,figure_eight,14.0,15.0,71.84395864111943,0.35942627248480014,45.0,10.0,0.06666666666666667,-1.0,0.23333333333333334,FAILED,TRACK_LOSS,NO_ACQUISITION,71.48453236863463,-35.0
135,677559,4. Degraded Optical Conditions,atmospheric_degradation,9.0,10.0,73.82852217809182,1.020615652894269,20.0,15.0,0.36666666666666664,-1.0,0.36666666666666664,FAILED,TRACK_LOSS,NO_ACQUISITION,72.80790652519755,-5.0
136,108255,1. Low Disturbance,straight_line,22.0,0.0,0.18218270458736607,0.18543364061583092,100.0,100.0,0.06666666666666667,0.06666666666666667,NOT_APPLICABLE,NOT_APPLICABLE,NONE,NONE,-0.0032509360284648514,0.0
137,657507,2. Moderate Disturbance,sinusoidal,16.0,5.0,1.8897231117426305,0.18705973527918593,45.0,5.0,0.06666666666666667,-1.0,0.20666666666666664,FAILED,TRACK_LOSS,NO_ACQUISITION,1.7026633764634447,-40.0
138,981298,3. High Disturbance / Nonlinear,figure_eight,14.0,15.0,1.98841225674592,1.1863023404325321,42.5,17.5,0.23333333333333334,-1.0,0.19333333333333336,FAILED,TRACK_LOSS,NO_ACQUISITION,0.8021099163133878,-25.0
139,786425,4. Degraded Optical Conditions,atmospheric_degradation,9.0,10.0,24.603600443734486,0.9196046423828478,32.5,15.0,0.23333333333333334,-1.0,0.2222222222222222,FAILED,TRACK_LOSS,NO_ACQUISITION,23.68399580135164,-17.5
140,189070,1. Low Disturbance,straight_line,22.0,0.0,0.19619377227487464,0.1933908761442371,100.0,100.0,0.06666666666666667,0.06666666666666667,NOT_APPLICABLE,NOT_APPLICABLE,NONE,NONE,0.0028028961306375277,0.0
141,253087,2. Moderate Disturbance,sinusoidal,16.0,5.0,1.9444125397812322,0.18182727829822704,45.0,5.0,0.06666666666666667,-1.0,0.2,FAILED,TRACK_LOSS,NO_ACQUISITION,1.762585261483005,-40.0
142,121085,3. High Disturbance / Nonlinear,figure_eight,14.0,15.0,53.14266108641041,73.30288794935261,42.5,10.0,0.2,0.06666666666666667,0.22666666666666666,FAILED,TRACK_LOSS,TRACK_LOSS,-20.160226862942196,-32.5
143,572422,4. Degraded Optical Conditions,atmospheric_degradation,9.0,10.0,1.300337864323215,1.0799689594426523,22.5,25.0,1.0333333333333334,1.0,1.0333333333333334,1.0,TRACK_LOSS,TRACK_LOSS,0.22036890488056282,2.5
144,575832,1. Low Disturbance,straight_line,22.0,0.0,0.19728861505717654,0.23370854547229394,100.0,100.0,0.06666666666666667,0.06666666666666667,NOT_APPLICABLE,NOT_APPLICABLE,NONE,NONE,-0.0364199304151174,0.0
145,986101,2. Moderate Disturbance,sinusoidal,16.0,5.0,1.8748292005556932,0.9125900518525367,45.0,5.0,0.06666666666666667,-1.0,0.2,FAILED,TRACK_LOSS,NO_ACQUISITION,0.9622391487031565,-40.0
146,429387,3. High Disturbance / Nonlinear,figure_eight,14.0,15.0,1.4354985943860568,1.3199473322036581,42.5,15.0,0.06666666666666667,0.06666666666666667,0.22499999999999998,FAILED,TRACK_LOSS,TRACK_LOSS,0.11555126218239864,-27.5
147,178485,4. Degraded Optical Conditions,atmospheric_degradation,9.0,10.0,1.1872541300387836,0.8424595705435649,22.5,10.0,-1.0,-1.0,FAILED,FAILED,NO_ACQUISITION,NO_ACQUISITION,0.34479455949521864,-12.5
148,446734,1. Low Disturbance,straight_line,22.0,0.0,0.19076294327319104,0.19647274061060088,100.0,100.0,0.06666666666666667,0.06666666666666667,NOT_APPLICABLE,NOT_APPLICABLE,NONE,NONE,-0.005709797337409839,0.0
149,532181,2. Moderate Disturbance,sinusoidal,16.0,5.0,1.7536833177240305,0.4663466596459841,40.0,7.5,0.23333333333333334,-1.0,0.2,FAILED,TRACK_LOSS,NO_ACQUISITION,1.2873366580780465,-32.5
150,486273,3. High Disturbance / Nonlinear,figure_eight,14.0,15.0,31.50557912112389,95.59238661342127,47.5,5.0,0.06666666666666667,-1.0,0.18,FAILED,TRACK_LOSS,NO_ACQUISITION,-64.08680749229738,-42.5
151,302537,4. Degraded Optical Conditions,atmospheric_degradation,9.0,10.0,90.1438565794049,1.1996642004649398,27.500000000000004,17.5,0.16666666666666666,-1.0,0.3111111111111111,FAILED,TRACK_LOSS,NO_ACQUISITION,88.94419237893996,-10.000000000000004
152,578919,1. Low Disturbance,straight_line,22.0,0.0,0.19050221039259066,0.20639035034831935,100.0,100.0,0.06666666666666667,0.06666666666666667,NOT_APPLICABLE,NOT_APPLICABLE,NONE,NONE,-0.015888139955728686,0.0
153,117733,2. Moderate Disturbance,sinusoidal,16.0,5.0,1.800312949471878,122.42866844447822,42.5,5.0,0.06666666666666667,-1.0,0.25,FAILED,TRACK_LOSS,NO_ACQUISITION,-120.62835549500635,-37.5
154,899618,3. High Disturbance / Nonlinear,figure_eight,14.0,15.0,2.070911295487618,1.7663109862219344,47.5,17.5,0.06666666666666667,0.26666666666666666,0.26666666666666666,0.23333333333333334,TRACK_LOSS,TRACK_LOSS,0.3046003092656837,-30.0
155,420452,4. Degraded Optical Conditions,atmospheric_degradation,9.0,10.0,47.01810921020869,72.26848125665738,30.0,12.5,1.2,-1.0,1.1333333333333333,FAILED,TRACK_LOSS,NO_ACQUISITION,-25.25037204644869,-17.5
156,964431,1. Low Disturbance,straight_line,22.0,0.0,0.18203043800781155,0.19799968681558358,100.0,100.0,0.06666666666666667,0.06666666666666667,NOT_APPLICABLE,NOT_APPLICABLE,NONE,NONE,-0.015969248807772035,0.0
157,833315,2. Moderate Disturbance,sinusoidal,16.0,5.0,1.6435196149760614,1.1539888089603507,42.5,12.5,0.06666666666666667,0.8666666666666667,0.25,0.8,TRACK_LOSS,TRACK_LOSS,0.48953080601571064,-30.0
158,398695,3. High Disturbance / Nonlinear,figure_eight,14.0,15.0,1.8569749438584957,1.1590297857988476,40.0,12.5,0.06666666666666667,0.06666666666666667,0.2416666666666667,FAILED,TRACK_LOSS,TRACK_LOSS,0.6979451580596481,-27.5
159,829818,4. Degraded Optical Conditions,atmospheric_degradation,9.0,10.0,1.5189696513757822,1.6395995435385,40.0,27.500000000000004,0.1,0.4,0.2266666666666667,0.39999999999999997,TRACK_LOSS,TRACK_LOSS,-0.1206298921627178,-12.499999999999996
160,878158,1. Low Disturbance,straight_line,22.0,0.0,0.18614108516438735,0.19122691636117173,100.0,100.0,0.06666666666666667,0.06666666666666667,NOT_APPLICABLE,NOT_APPLICABLE,NONE,NONE,-0.0050858311967843794,0.0
161,958148,2. Moderate Disturbance,sinusoidal,16.0,5.0,2.0868989183511335,0.28099418884002814,47.5,5.0,0.06666666666666667,-1.0,0.2,FAILED,TRACK_LOSS,NO_ACQUISITION,1.8059047295111053,-42.5
162,903517,3. High Disturbance / Nonlinear,figure_eight,14.0,15.0,2.0692601211091537,0.7821348542852359,47.5,20.0,0.06666666666666667,-1.0,0.20666666666666664,FAILED,TRACK_LOSS,NO_ACQUISITION,1.2871252668239177,-27.5
163,435200,4. Degraded Optical Conditions,atmospheric_degradation,9.0,10.0,74.4265180603529,0.7905413795886321,30.0,12.5,0.2,-1.0,0.55,FAILED,TRACK_LOSS,NO_ACQUISITION,73.63597668076427,-17.5
164,137208,1. Low Disturbance,straight_line,22.0,0.0,0.20444297215657448,0.21437933204542153,100.0,100.0,0.06666666666666667,0.06666666666666667,NOT_APPLICABLE,NOT_APPLICABLE,NONE,NONE,-0.009936359888847057,0.0
165,558925,2. Moderate Disturbance,sinusoidal,16.0,5.0,2.0355220640646636,1.9057388005070401,45.0,7.5,0.06666666666666667,-1.0,0.2,FAILED,TRACK_LOSS,NO_ACQUISITION,0.12978326355762348,-37.5
166,754554,3. High Disturbance / Nonlinear,figure_eight,14.0,15.0,1.7737860312691245,0.8057070658111002,42.5,10.0,0.06666666666666667,-1.0,0.25,FAILED,TRACK_LOSS,NO_ACQUISITION,0.9680789654580243,-32.5
167,924227,4. Degraded Optical Conditions,atmospheric_degradation,9.0,10.0,72.04028021869088,1.347171335587734,27.500000000000004,22.5,0.8666666666666667,-1.0,0.8666666666666667,FAILED,TRACK_LOSS,NO_ACQUISITION,70.69310888310315,-5.0000000000000036
168,809808,1. Low Disturbance,straight_line,22.0,0.0,0.18087642623524178,0.1895733103836349,100.0,100.0,0.06666666666666667,0.06666666666666667,NOT_APPLICABLE,NOT_APPLICABLE,NONE,NONE,-0.00869688414839312,0.0
169,582573,2. Moderate Disturbance,sinusoidal,16.0,5.0,1.8695928177330916,1.0186921753200298,45.0,7.5,0.06666666666666667,-1.0,0.2,FAILED,TRACK_LOSS,NO_ACQUISITION,0.8509006424130618,-37.5
170,205523,3. High Disturbance / Nonlinear,figure_eight,14.0,15.0,2.5193308115046116,0.946653321003238,45.0,12.5,0.06666666666666667,-1.0,0.18,FAILED,TRACK_LOSS,NO_ACQUISITION,1.5726774905013736,-32.5
171,960922,4. Degraded Optical Conditions,atmospheric_degradation,9.0,10.0,116.56915662243196,1.556833451723593,30.0,20.0,0.8,0.8,0.8,0.8,TRACK_LOSS,TRACK_LOSS,115.01232317070837,-10.0
172,288165,1. Low Disturbance,straight_line,22.0,0.0,0.1809115134697581,0.19289869680718882,100.0,100.0,0.06666666666666667,0.06666666666666667,NOT_APPLICABLE,NOT_APPLICABLE,NONE,NONE,-0.011987183337430735,0.0
173,763345,2. Moderate Disturbance,sinusoidal,16.0,5.0,2.0323317298411454,0.30323094444487325,42.5,5.0,0.06666666666666667,-1.0,0.25,FAILED,TRACK_LOSS,NO_ACQUISITION,1.729100785396272,-37.5
174,981752,3. High Disturbance / Nonlinear,figure_eight,14.0,15.0,2.1928053281892335,1.0702325695618962,40.0,20.0,0.06666666666666667,0.06666666666666667,0.2416666666666667,1.1666666666666667,TRACK_LOSS,TRACK_LOSS,1.1225727586273373,-20.0
175,837055,4. Degraded Optical Conditions,atmospheric_degradation,9.0,10.0,74.13660682025044,1.1428007537793425,30.0,12.5,0.3,-1.0,0.41666666666666663,FAILED,TRACK_LOSS,NO_ACQUISITION,72.9938060664711,-17.5
176,262382,1. Low Disturbance,straight_line,22.0,0.0,0.17641606694755457,0.19822801430064116,100.0,100.0,0.06666666666666667,0.06666666666666667,NOT_APPLICABLE,NOT_APPLICABLE,NONE,NONE,-0.021811947353086586,0.0
177,924230,2. Moderate Disturbance,sinusoidal,16.0,5.0,1.889511880702375,1.8215348568374505,42.5,7.5,0.26666666666666666,-1.0,0.2,FAILED,TRACK_LOSS,NO_ACQUISITION,0.06797702386492444,-35.0
178,723187,3. High Disturbance / Nonlinear,figure_eight,14.0,15.0,26.210466961318406,217.06605964975194,42.5,5.0,0.23333333333333334,-1.0,0.2,FAILED,TRACK_LOSS,NO_ACQUISITION,-190.85559268843352,-37.5
179,123653,4. Degraded Optical Conditions,atmospheric_degradation,9.0,10.0,1.4555051016621823,0.8806940970858584,25.0,12.5,0.5333333333333333,-1.0,0.3666666666666667,FAILED,TRACK_LOSS,NO_ACQUISITION,0.5748110045763238,-12.5
180,200598,1. Low Disturbance,straight_line,22.0,0.0,0.1736932893320178,0.1868087824173252,100.0,100.0,0.06666666666666667,0.06666666666666667,NOT_APPLICABLE,NOT_APPLICABLE,NONE,NONE,-0.013115493085307406,0.0
181,568972,2. Moderate Disturbance,sinusoidal,16.0,5.0,1.9074896135705353,0.16819703674212963,45.0,5.0,0.06666666666666667,-1.0,0.2,FAILED,TRACK_LOSS,NO_ACQUISITION,1.7392925768284055,-40.0
182,367514,3. High Disturbance / Nonlinear,figure_eight,14.0,15.0,1.9253126555220943,0.7592615184705879,45.0,12.5,0.06666666666666667,-1.0,0.18666666666666668,FAILED,TRACK_LOSS,NO_ACQUISITION,1.1660511370515065,-32.5
183,634480,4. Degraded Optical Conditions,atmospheric_degradation,9.0,10.0,62.33728361959492,0.9275936376391479,30.0,15.0,0.23333333333333334,-1.0,0.2,FAILED,TRACK_LOSS,NO_ACQUISITION,61.40968998195577,-15.0
184,648180,1. Low Disturbance,straight_line,22.0,0.0,0.1742677480418554,0.19932240859435962,100.0,100.0,0.06666666666666667,0.06666666666666667,NOT_APPLICABLE,NOT_APPLICABLE,NONE,NONE,-0.025054660552504215,0.0
185,236871,2. Moderate Disturbance,sinusoidal,16.0,5.0,2.0313658719345216,0.18143059395798847,45.0,5.0,0.06666666666666667,-1.0,0.2,FAILED,TRACK_LOSS,NO_ACQUISITION,1.849935277976533,-40.0
186,163040,3. High Disturbance / Nonlinear,figure_eight,14.0,15.0,1.8797876923339876,0.39790750329916585,47.5,10.0,0.06666666666666667,0.8666666666666667,0.2,0.8333333333333334,TRACK_LOSS,TRACK_LOSS,1.4818801890348217,-37.5
187,883773,4. Degraded Optical Conditions,atmospheric_degradation,9.0,10.0,125.11568904830628,1.2995648277772178,27.500000000000004,22.5,-1.0,-1.0,FAILED,FAILED,NO_ACQUISITION,NO_ACQUISITION,123.81612422052906,-5.0000000000000036
188,380770,1. Low Disturbance,straight_line,22.0,0.0,0.19875677545995815,0.20405627897081377,100.0,100.0,0.06666666666666667,0.06666666666666667,NOT_APPLICABLE,NOT_APPLICABLE,NONE,NONE,-0.005299503510855619,0.0
189,170295,2. Moderate Disturbance,sinusoidal,16.0,5.0,1.7484267272823646,1.5089977583837821,40.0,7.5,0.06666666666666667,-1.0,0.32222222222222224,FAILED,TRACK_LOSS,NO_ACQUISITION,0.23942896889858245,-32.5
190,445161,3. High Disturbance / Nonlinear,figure_eight,14.0,15.0,1.5949382219946044,0.9036954546822656,45.0,12.5,0.06666666666666667,0.06666666666666667,0.2,FAILED,TRACK_LOSS,TRACK_LOSS,0.6912427673123388,-32.5
191,915903,4. Degraded Optical Conditions,atmospheric_degradation,9.0,10.0,39.92099005591745,1.276755580373695,32.5,15.0,0.06666666666666667,-1.0,0.48333333333333334,FAILED,TRACK_LOSS,NO_ACQUISITION,38.644234475543755,-17.5
192,376868,1. Low Disturbance,straight_line,22.0,0.0,0.1825475265007085,0.20161476866711536,100.0,100.0,0.06666666666666667,0.06666666666666667,NOT_APPLICABLE,NOT_APPLICABLE,NONE,NONE,-0.019067242166406873,0.0
193,740483,2. Moderate Disturbance,sinusoidal,16.0,5.0,1.7439318855472703,0.26166942397586507,45.0,5.0,0.06666666666666667,-1.0,0.2,FAILED,TRACK_LOSS,NO_ACQUISITION,1.4822624615714053,-40.0
194,238059,3. High Disturbance / Nonlinear,figure_eight,14.0,15.0,2.459166252167245,0.3392179160896669,45.0,5.0,0.06666666666666667,-1.0,0.20833333333333334,FAILED,TRACK_LOSS,NO_ACQUISITION,2.119948336077578,-40.0
195,800123,4. Degraded Optical Conditions,atmospheric_degradation,9.0,10.0,127.93326725995891,0.9991607715622872,30.0,22.5,0.06666666666666667,1.2,1.1,1.1666666666666667,TRACK_LOSS,TRACK_LOSS,126.93410648839662,-7.5
196,146562,1. Low Disturbance,straight_line,22.0,0.0,0.18367150236204843,0.20217253979829206,100.0,100.0,0.06666666666666667,0.06666666666666667,NOT_APPLICABLE,NOT_APPLICABLE,NONE,NONE,-0.018501037436243623,0.0
197,794580,2. Moderate Disturbance,sinusoidal,16.0,5.0,1.8564236486999557,1.0323475372234125,45.0,12.5,0.06666666666666667,0.8666666666666667,0.2,0.8,TRACK_LOSS,TRACK_LOSS,0.8240761114765431,-32.5
198,570653,3. High Disturbance / Nonlinear,figure_eight,14.0,15.0,2.1305703345895677,0.9742148690639258,40.0,15.0,0.06666666666666667,0.9,0.3444444444444444,0.8666666666666667,TRACK_LOSS,TRACK_LOSS,1.1563554655256418,-25.0
199,980265,4. Degraded Optical Conditions,atmospheric_degradation,9.0,10.0,44.003611481131486,0.95008088545257,25.0,12.5,0.43333333333333335,-1.0,0.4,FAILED,TRACK_LOSS,NO_ACQUISITION,43.053530595678914,-12.5
200,197377,1. Low Disturbance,straight_line,22.0,0.0,0.1934455772787882,0.20963610934056082,100.0,100.0,0.06666666666666667,0.06666666666666667,NOT_APPLICABLE,NOT_APPLICABLE,NONE,NONE,-0.016190532061772622,0.0
201,147542,2. Moderate Disturbance,sinusoidal,16.0,5.0,1.784087023754224,0.24232874888171832,47.5,5.0,0.06666666666666667,-1.0,0.2,FAILED,TRACK_LOSS,NO_ACQUISITION,1.5417582748725056,-42.5
202,445683,3. High Disturbance / Nonlinear,figure_eight,14.0,15.0,1.6775246167960245,1.569039326755871,42.5,20.0,0.06666666666666667,0.9333333333333333,0.25,0.6166666666666667,TRACK_LOSS,TRACK_LOSS,0.10848529004015339,-22.5
203,999702,4. Degraded Optical Conditions,atmospheric_degradation,9.0,10.0,1.137465593736756,0.9012819045680273,25.0,15.0,0.7333333333333333,-1.0,0.55,FAILED,TRACK_LOSS,NO_ACQUISITION,0.23618368916872867,-10.0
204,721612,1. Low Disturbance,straight_line,22.0,0.0,0.21655253240946207,0.22505606313200585,100.0,100.0,0.06666666666666667,0.06666666666666667,NOT_APPLICABLE,NOT_APPLICABLE,NONE,NONE,-0.008503530722543784,0.0
205,963985,2. Moderate Disturbance,sinusoidal,16.0,5.0,2.0464009639439826,0.9228163597486495,45.0,7.5,0.06666666666666667,-1.0,0.2,FAILED,TRACK_LOSS,NO_ACQUISITION,1.123584604195333,-37.5
206,730679,3. High Disturbance / Nonlinear,figure_eight,14.0,15.0,19.441373121743922,1.8960573666732858,50.0,17.5,0.06666666666666667,0.06666666666666667,0.1733333333333333,FAILED,TRACK_LOSS,TRACK_LOSS,17.545315755070636,-32.5
207,576358,4. Degraded Optical Conditions,atmospheric_degradation,9.0,10.0,65.49485885510659,1.028306876040546,32.5,10.0,0.43333333333333335,-1.0,0.48333333333333334,FAILED,TRACK_LOSS,NO_ACQUISITION,64.46655197906604,-22.5
208,932678,1. Low Disturbance,straight_line,22.0,0.0,0.18556981773182155,0.17870642563647962,100.0,100.0,0.06666666666666667,0.06666666666666667,NOT_APPLICABLE,NOT_APPLICABLE,NONE,NONE,0.006863392095341925,0.0
209,806430,2. Moderate Disturbance,sinusoidal,16.0,5.0,1.8463777474445513,0.3236961425039925,45.0,5.0,0.06666666666666667,-1.0,0.2,FAILED,TRACK_LOSS,NO_ACQUISITION,1.522681604940559,-40.0
210,582871,3. High Disturbance / Nonlinear,figure_eight,14.0,15.0,39.42360043117815,0.6049115361377168,45.0,7.5,0.06666666666666667,-1.0,0.18666666666666668,FAILED,TRACK_LOSS,NO_ACQUISITION,38.81868889504044,-37.5
211,447387,4. Degraded Optical Conditions,atmospheric_degradation,9.0,10.0,55.78080654925626,1.1602548192879427,35.0,25.0,0.06666666666666667,0.6,0.4,0.5666666666666667,TRACK_LOSS,TRACK_LOSS,54.62055172996832,-10.0
212,179989,1. Low Disturbance,straight_line,22.0,0.0,0.18208027822114464,0.1909885040354039,100.0,100.0,0.06666666666666667,0.06666666666666667,NOT_APPLICABLE,NOT_APPLICABLE,NONE,NONE,-0.008908225814259263,0.0
213,413396,2. Moderate Disturbance,sinusoidal,16.0,5.0,1.6976996530615696,0.17563594407197305,45.0,5.0,0.06666666666666667,-1.0,0.2,FAILED,TRACK_LOSS,NO_ACQUISITION,1.5220637089895965,-40.0
214,323264,3. High Disturbance / Nonlinear,figure_eight,14.0,15.0,71.60329871649486,1.312324760314857,40.0,20.0,0.06666666666666667,0.06666666666666667,0.24166666666666664,FAILED,TRACK_LOSS,TRACK_LOSS,70.29097395618001,-20.0
215,539316,4. Degraded Optical Conditions,atmospheric_degradation,9.0,10.0,1.2030021396627568,1.0774477317120732,20.0,17.5,0.6,-1.0,0.6,FAILED,TRACK_LOSS,NO_ACQUISITION,0.12555440795068362,-2.5
216,422871,1. Low Disturbance,straight_line,22.0,0.0,0.18376570153075106,0.18385952642801434,100.0,100.0,0.06666666666666667,0.06666666666666667,NOT_APPLICABLE,NOT_APPLICABLE,NONE,NONE,-9.38248972632838e-05,0.0
217,332318,2. Moderate Disturbance,sinusoidal,16.0,5.0,1.8287623213188262,1.1242809294915148,45.0,10.0,0.1,-1.0,0.18333333333333332,FAILED,TRACK_LOSS,NO_ACQUISITION,0.7044813918273114,-35.0
218,697151,3. High Disturbance / Nonlinear,figure_eight,14.0,15.0,1.6261670812868987,1.3194009122536308,45.0,15.0,0.06666666666666667,0.06666666666666667,0.2,FAILED,TRACK_LOSS,TRACK_LOSS,0.3067661690332679,-30.0
219,749365,4. Degraded Optical Conditions,atmospheric_degradation,9.0,10.0,50.36772656264223,0.8884338311048391,27.500000000000004,12.5,-1.0,-1.0,FAILED,FAILED,NO_ACQUISITION,NO_ACQUISITION,49.47929273153739,-15.000000000000004
220,930628,1. Low Disturbance,straight_line,22.0,0.0,0.18119296393022571,0.20041050655355275,100.0,100.0,0.06666666666666667,0.06666666666666667,NOT_APPLICABLE,NOT_APPLICABLE,NONE,NONE,-0.019217542623327033,0.0
221,634072,2. Moderate Disturbance,sinusoidal,16.0,5.0,1.7893224439192834,1.504968412928355,45.0,7.5,0.06666666666666667,-1.0,0.2,FAILED,TRACK_LOSS,NO_ACQUISITION,0.2843540309909285,-37.5
222,693996,3. High Disturbance / Nonlinear,figure_eight,14.0,15.0,1.9159150524000677,0.686436797432405,42.5,15.0,0.06666666666666667,1.0333333333333334,0.27499999999999997,0.9666666666666667,TRACK_LOSS,TRACK_LOSS,1.2294782549676626,-27.5
223,915187,4. Degraded Optical Conditions,atmospheric_degradation,9.0,10.0,98.15667126275181,0.7685792517356015,35.0,10.0,0.3,-1.0,0.41111111111111115,FAILED,TRACK_LOSS,NO_ACQUISITION,97.38809201101621,-25.0
224,264370,1. Low Disturbance,straight_line,22.0,0.0,0.19057085342481547,0.2073786162127863,100.0,100.0,0.06666666666666667,0.06666666666666667,NOT_APPLICABLE,NOT_APPLICABLE,NONE,NONE,-0.01680776278797083,0.0
225,622225,2. Moderate Disturbance,sinusoidal,16.0,5.0,1.918963609222639,1.899700424770791,45.0,7.5,0.06666666666666667,-1.0,0.2,FAILED,TRACK_LOSS,NO_ACQUISITION,0.019263184451848048,-37.5
226,569967,3. High Disturbance / Nonlinear,figure_eight,14.0,15.0,1.9593513334790287,0.9870229323408571,45.0,10.0,0.06666666666666667,-1.0,0.20666666666666664,FAILED,TRACK_LOSS,NO_ACQUISITION,0.9723284011381715,-35.0
227,547197,4. Degraded Optical Conditions,atmospheric_degradation,9.0,10.0,95.7274242682653,1.3772017209725802,27.500000000000004,20.0,0.1,0.1,0.15000000000000002,0.1,TRACK_LOSS,TRACK_LOSS,94.35022254729272,-7.5000000000000036
228,673787,1. Low Disturbance,straight_line,22.0,0.0,0.20060714086846118,0.21409600276119461,100.0,100.0,0.06666666666666667,0.06666666666666667,NOT_APPLICABLE,NOT_APPLICABLE,NONE,NONE,-0.013488861892733434,0.0
229,562191,2. Moderate Disturbance,sinusoidal,16.0,5.0,1.950327605813685,0.9815767454649627,45.0,10.0,0.06666666666666667,-1.0,0.2,FAILED,TRACK_LOSS,NO_ACQUISITION,0.9687508603487223,-35.0
230,566638,3. High Disturbance / Nonlinear,figure_eight,14.0,15.0,2.087920313491354,0.8463210011217679,42.5,17.5,0.06666666666666667,-1.0,0.2416666666666667,FAILED,TRACK_LOSS,NO_ACQUISITION,1.2415993123695863,-25.0
231,587192,4. Degraded Optical Conditions,atmospheric_degradation,9.0,10.0,1.3884263967495958,0.9034483704921045,35.0,25.0,0.26666666666666666,0.2,0.37777777777777777,0.16666666666666666,TRACK_LOSS,TRACK_LOSS,0.4849780262574913,-10.0
232,361386,1. Low Disturbance,straight_line,22.0,0.0,0.19177444957852346,0.20461982119781366,100.0,100.0,0.06666666666666667,0.06666666666666667,NOT_APPLICABLE,NOT_APPLICABLE,NONE,NONE,-0.012845371619290197,0.0
233,789701,2. Moderate Disturbance,sinusoidal,16.0,5.0,1.632183910866395,1.2964085703624761,40.0,10.0,0.06666666666666667,0.8666666666666667,0.24166666666666664,0.8333333333333334,TRACK_LOSS,TRACK_LOSS,0.3357753405039188,-30.0
234,185882,3. High Disturbance / Nonlinear,figure_eight,14.0,15.0,2.059929549532156,0.8499702292533085,47.5,7.5,0.06666666666666667,-1.0,0.225,FAILED,TRACK_LOSS,NO_ACQUISITION,1.2099593202788477,-40.0
235,173169,4. Degraded Optical Conditions,atmospheric_degradation,9.0,10.0,141.58607015825896,214.85715142152458,30.0,5.0,0.8666666666666667,-1.0,0.6000000000000001,FAILED,TRACK_LOSS,NO_ACQUISITION,-73.27108126326561,-25.0
236,486249,1. Low Disturbance,straight_line,22.0,0.0,0.2082169331033403,0.21230937195215738,100.0,100.0,0.06666666666666667,0.06666666666666667,NOT_APPLICABLE,NOT_APPLICABLE,NONE,NONE,-0.004092438848817076,0.0
237,999198,2. Moderate Disturbance,sinusoidal,16.0,5.0,1.9377750948236248,0.403431120783432,45.0,5.0,0.06666666666666667,-1.0,0.2,FAILED,TRACK_LOSS,NO_ACQUISITION,1.5343439740401927,-40.0
238,950305,3. High Disturbance / Nonlinear,figure_eight,14.0,15.0,1.8969387424627608,1.7283013245609542,37.5,12.5,0.26666666666666666,0.36666666666666664,0.26666666666666666,0.3333333333333333,TRACK_LOSS,TRACK_LOSS,0.16863741790180664,-25.0
239,592688,4. Degraded Optical Conditions,atmospheric_degradation,9.0,10.0,97.5022461647204,0.9474292253184696,30.0,30.0,1.1,0.2,1.0333333333333334,0.6,TRACK_LOSS,TRACK_LOSS,96.55481693940193,0.0
240,409568,1. Low Disturbance,straight_line,22.0,0.0,0.17877425158760524,0.19363704489322486,100.0,100.0,0.06666666666666667,0.06666666666666667,NOT_APPLICABLE,NOT_APPLICABLE,NONE,NONE,-0.014862793305619626,0.0
241,640776,2. Moderate Disturbance,sinusoidal,16.0,5.0,1.9272770661429242,2.1588348842818643,45.0,10.0,0.06666666666666667,-1.0,0.2,FAILED,TRACK_LOSS,NO_ACQUISITION,-0.23155781813894016,-35.0
242,765058,3. High Disturbance / Nonlinear,figure_eight,14.0,15.0,1.8920571653622689,0.996969497641957,42.5,15.0,0.06666666666666667,0.06666666666666667,0.2583333333333333,FAILED,TRACK_LOSS,TRACK_LOSS,0.8950876677203119,-27.5
243,953685,4. Degraded Optical Conditions,atmospheric_degradation,9.0,10.0,48.26569214830731,1.2596321271716866,27.500000000000004,17.5,0.26666666666666666,0.3333333333333333,0.3833333333333333,0.3,TRACK_LOSS,TRACK_LOSS,47.006060021135625,-10.000000000000004
244,180293,1. Low Disturbance,straight_line,22.0,0.0,0.17453754397345703,0.19985953713398502,100.0,100.0,0.06666666666666667,0.06666666666666667,NOT_APPLICABLE,NOT_APPLICABLE,NONE,NONE,-0.025321993160527995,0.0
245,383455,2. Moderate Disturbance,sinusoidal,16.0,5.0,1.8185828399769943,69.03761452622823,45.0,10.0,0.06666666666666667,-1.0,0.2,FAILED,TRACK_LOSS,NO_ACQUISITION,-67.21903168625123,-35.0
246,732767,3. High Disturbance / Nonlinear,figure_eight,14.0,15.0,1.9626420885014961,1.63851304456063,45.0,22.5,0.1,1.0,0.18888888888888888,0.5833333333333334,TRACK_LOSS,TRACK_LOSS,0.32412904394086617,-22.5
247,174225,4. Degraded Optical Conditions,atmospheric_degradation,9.0,10.0,72.11312131790297,1.027257773055246,30.0,15.0,0.3333333333333333,-1.0,0.55,FAILED,TRACK_LOSS,NO_ACQUISITION,71.08586354484773,-15.0
248,593812,1. Low Disturbance,straight_line,22.0,0.0,0.19866526194553252,0.23239682486030966,100.0,100.0,0.06666666666666667,0.06666666666666667,NOT_APPLICABLE,NOT_APPLICABLE,NONE,NONE,-0.033731562914777136,0.0
249,121572,2. Moderate Disturbance,sinusoidal,16.0,5.0,1.9222404490467981,0.270091186824924,45.0,5.0,0.06666666666666667,-1.0,0.2,FAILED,TRACK_LOSS,NO_ACQUISITION,1.652149262221874,-40.0
250,811813,3. High Disturbance / Nonlinear,figure_eight,14.0,15.0,1.8936903676098675,1.2155531989790036,37.5,15.0,0.26666666666666666,0.8333333333333334,0.26666666666666666,0.8333333333333334,TRACK_LOSS,TRACK_LOSS,0.6781371686308639,-22.5
251,368773,4. Degraded Optical Conditions,atmospheric_degradation,9.0,10.0,76.1453771176633,0.8208747152598733,30.0,15.0,0.8333333333333334,-1.0,0.5166666666666667,FAILED,TRACK_LOSS,NO_ACQUISITION,75.32450240240343,-15.0
252,272413,1. Low Disturbance,straight_line,22.0,0.0,0.18710902873080648,0.19430371265766158,100.0,100.0,0.06666666666666667,0.06666666666666667,NOT_APPLICABLE,NOT_APPLICABLE,NONE,NONE,-0.0071946839268551,0.0
253,626480,2. Moderate Disturbance,sinusoidal,16.0,5.0,52.88218460813782,1.172465236299749,45.0,10.0,0.06666666666666667,-1.0,0.2,FAILED,TRACK_LOSS,NO_ACQUISITION,51.70971937183807,-35.0
254,415574,3. High Disturbance / Nonlinear,figure_eight,14.0,15.0,1.9158303727168495,1.5032524027808996,42.5,12.5,0.3,0.1,0.21999999999999997,0.1,TRACK_LOSS,TRACK_LOSS,0.41257796993595,-30.0
255,782213,4. Degraded Optical Conditions,atmospheric_degradation,9.0,10.0,76.48742303628369,1.2270126911490316,32.5,20.0,0.06666666666666667,0.06666666666666667,0.9666666666666667,FAILED,TRACK_LOSS,TRACK_LOSS,75.26041034513466,-12.5
256,644832,1. Low Disturbance,straight_line,22.0,0.0,0.18699331802439476,0.2047801373061857,100.0,100.0,0.06666666666666667,0.06666666666666667,NOT_APPLICABLE,NOT_APPLICABLE,NONE,NONE,-0.017786819281790933,0.0
257,833833,2. Moderate Disturbance,sinusoidal,16.0,5.0,1.8840342746047625,0.33666898063668,45.0,7.5,0.06666666666666667,-1.0,0.2,FAILED,TRACK_LOSS,NO_ACQUISITION,1.5473652939680824,-37.5
258,194317,3. High Disturbance / Nonlinear,figure_eight,14.0,15.0,47.35018613062624,1.228257023409018,45.0,17.5,0.1,1.3,0.1722222222222222,1.3,TRACK_LOSS,TRACK_LOSS,46.12192910721723,-27.5
259,110259,4. Degraded Optical Conditions,atmospheric_degradation,9.0,10.0,70.55277497525617,157.7169631901447,25.0,5.0,1.3,-1.0,1.2666666666666666,FAILED,TRACK_LOSS,NO_ACQUISITION,-87.16418821488853,-20.0
260,838038,1. Low Disturbance,straight_line,22.0,0.0,0.19827658864056627,0.22405241512005813,100.0,100.0,0.06666666666666667,0.06666666666666667,NOT_APPLICABLE,NOT_APPLICABLE,NONE,NONE,-0.025775826479491865,0.0
261,698599,2. Moderate Disturbance,sinusoidal,16.0,5.0,1.7710593774151282,1.0628721946717126,45.0,7.5,0.06666666666666667,-1.0,0.2,FAILED,TRACK_LOSS,NO_ACQUISITION,0.7081871827434156,-37.5
262,923404,3. High Disturbance / Nonlinear,figure_eight,14.0,15.0,23.124534004919784,1.5581948116161546,47.5,22.5,0.06666666666666667,0.8,0.18,0.5333333333333333,TRACK_LOSS,TRACK_LOSS,21.56633919330363,-25.0
263,849304,4. Degraded Optical Conditions,atmospheric_degradation,9.0,10.0,59.83164288046869,1.2061203009221593,35.0,17.5,0.23333333333333334,-1.0,0.27777777777777785,FAILED,TRACK_LOSS,NO_ACQUISITION,58.625522579546534,-17.5
264,756642,1. Low Disturbance,straight_line,22.0,0.0,0.16623302040333054,0.18486875534919064,100.0,100.0,0.06666666666666667,0.06666666666666667,NOT_APPLICABLE,NOT_APPLICABLE,NONE,NONE,-0.0186357349458601,0.0
265,818967,2. Moderate Disturbance,sinusoidal,16.0,5.0,1.945431520162914,0.9372205230504864,45.0,10.0,0.06666666666666667,0.8666666666666667,0.2,0.8333333333333334,TRACK_LOSS,TRACK_LOSS,1.0082109971124276,-35.0
266,208818,3. High Disturbance / Nonlinear,figure_eight,14.0,15.0,1.8149107248107668,0.9485272631268405,40.0,20.0,0.06666666666666667,0.06666666666666667,0.25555555555555554,0.9333333333333333,TRACK_LOSS,TRACK_LOSS,0.8663834616839262,-20.0
267,526298,4. Degraded Optical Conditions,atmospheric_degradation,9.0,10.0,1.2946202490250294,1.042085397527172,27.500000000000004,12.5,0.43333333333333335,-1.0,0.43333333333333335,FAILED,TRACK_LOSS,NO_ACQUISITION,0.25253485149785737,-15.000000000000004
268,756268,1. Low Disturbance,straight_line,22.0,0.0,0.17302672427051152,0.1906641994118729,100.0,100.0,0.06666666666666667,0.06666666666666667,NOT_APPLICABLE,NOT_APPLICABLE,NONE,NONE,-0.01763747514136138,0.0
269,492251,2. Moderate Disturbance,sinusoidal,16.0,5.0,1.6679675755390118,0.49423873860510203,45.0,7.5,0.06666666666666667,-1.0,0.2,FAILED,TRACK_LOSS,NO_ACQUISITION,1.1737288369339098,-37.5
270,670754,3. High Disturbance / Nonlinear,figure_eight,14.0,15.0,1.8250006312823253,0.4104648138240121,45.0,15.0,0.06666666666666667,0.8,0.23333333333333334,0.7666666666666667,TRACK_LOSS,TRACK_LOSS,1.4145358174583131,-30.0
271,283418,4. Degraded Optical Conditions,atmospheric_degradation,9.0,10.0,78.79116267251942,28.111630175081757,32.5,12.5,0.5666666666666667,1.3,0.55,1.3,TRACK_LOSS,TRACK_LOSS,50.67953249743766,-20.0
272,649001,1. Low Disturbance,straight_line,22.0,0.0,0.1644636186737135,0.1896203048708496,100.0,100.0,0.06666666666666667,0.06666666666666667,NOT_APPLICABLE,NOT_APPLICABLE,NONE,NONE,-0.025156686197136097,0.0
273,617302,2. Moderate Disturbance,sinusoidal,16.0,5.0,1.859773567077919,2.4208422296346344,45.0,12.5,0.06666666666666667,0.06666666666666667,0.2,FAILED,TRACK_LOSS,TRACK_LOSS,-0.5610686625567154,-32.5
274,397400,3. High Disturbance / Nonlinear,figure_eight,14.0,15.0,1.8049430442701966,0.5557730371433252,45.0,12.5,0.26666666666666666,0.9333333333333333,0.2,0.9,TRACK_LOSS,TRACK_LOSS,1.2491700071268714,-32.5
275,885649,4. Degraded Optical Conditions,atmospheric_degradation,9.0,10.0,61.23172135126694,1.1489721905461527,32.5,15.0,0.4666666666666667,-1.0,0.41111111111111115,FAILED,TRACK_LOSS,NO_ACQUISITION,60.08274916072079,-17.5
276,963144,1. Low Disturbance,straight_line,22.0,0.0,0.19423664036262459,0.21148299487190056,100.0,100.0,0.06666666666666667,0.06666666666666667,NOT_APPLICABLE,NOT_APPLICABLE,NONE,NONE,-0.017246354509275974,0.0
277,124490,2. Moderate Disturbance,sinusoidal,16.0,5.0,1.8079613639856718,0.8557231918014945,45.0,5.0,0.06666666666666667,-1.0,0.2,FAILED,TRACK_LOSS,NO_ACQUISITION,0.9522381721841773,-40.0
278,542743,3. High Disturbance / Nonlinear,figure_eight,14.0,15.0,1.928848401613788,1.4841238173803992,47.5,7.5,0.06666666666666667,-1.0,0.2,FAILED,TRACK_LOSS,NO_ACQUISITION,0.4447245842333887,-40.0
279,555911,4. Degraded Optical Conditions,atmospheric_degradation,9.0,10.0,1.5174617882637844,1.6454948715099402,30.0,25.0,0.06666666666666667,0.06666666666666667,0.2,FAILED,TRACK_LOSS,TRACK_LOSS,-0.1280330832461558,-5.0
280,622705,1. Low Disturbance,straight_line,22.0,0.0,0.17398133864823082,0.2035095883694502,100.0,100.0,0.06666666666666667,0.06666666666666667,NOT_APPLICABLE,NOT_APPLICABLE,NONE,NONE,-0.029528249721219396,0.0
281,642434,2. Moderate Disturbance,sinusoidal,16.0,5.0,1.7686182102226737,0.26378897639672255,45.0,5.0,0.06666666666666667,-1.0,0.2,FAILED,TRACK_LOSS,NO_ACQUISITION,1.5048292338259512,-40.0
282,623808,3. High Disturbance / Nonlinear,figure_eight,14.0,15.0,2.2163635968795687,0.9601099395103,42.5,15.0,0.06666666666666667,0.8333333333333334,0.25,0.8,TRACK_LOSS,TRACK_LOSS,1.2562536573692689,-27.5
283,975894,4. Degraded Optical Conditions,atmospheric_degradation,9.0,10.0,144.49248227286128,385.9889917963711,32.5,2.5,0.3,-1.0,0.25555555555555554,FAILED,TRACK_LOSS,NO_ACQUISITION,-241.49650952350984,-30.0
284,644437,1. Low Disturbance,straight_line,22.0,0.0,0.18749552582419138,0.1989959981625181,100.0,100.0,0.06666666666666667,0.06666666666666667,NOT_APPLICABLE,NOT_APPLICABLE,NONE,NONE,-0.011500472338326712,0.0
285,548886,2. Moderate Disturbance,sinusoidal,16.0,5.0,1.7211705886855106,1.535768400947681,45.0,12.5,0.06666666666666667,0.06666666666666667,0.20666666666666664,FAILED,TRACK_LOSS,TRACK_LOSS,0.18540218773782957,-32.5
286,682246,3. High Disturbance / Nonlinear,figure_eight,14.0,15.0,1.8670208683673144,0.9075264627777323,47.5,10.0,0.06666666666666667,-1.0,0.18,FAILED,TRACK_LOSS,NO_ACQUISITION,0.9594944055895821,-37.5
287,238498,4. Degraded Optical Conditions,atmospheric_degradation,9.0,10.0,1.1753915004973763,1.3780305111353042,25.0,17.5,0.3333333333333333,-1.0,0.44999999999999996,FAILED,TRACK_LOSS,NO_ACQUISITION,-0.20263901063792789,-7.5
288,625141,1. Low Disturbance,straight_line,22.0,0.0,0.186148809004233,0.2015058389099976,100.0,100.0,0.06666666666666667,0.06666666666666667,NOT_APPLICABLE,NOT_APPLICABLE,NONE,NONE,-0.015357029905764596,0.0
289,471945,2. Moderate Disturbance,sinusoidal,16.0,5.0,1.7393831125547707,98.65962150702572,47.5,7.5,0.06666666666666667,-1.0,0.2,FAILED,TRACK_LOSS,NO_ACQUISITION,-96.92023839447094,-40.0
290,908364,3. High Disturbance / Nonlinear,figure_eight,14.0,15.0,61.548995342244915,28.84578187229223,45.0,12.5,0.06666666666666667,1.1666666666666667,0.20666666666666664,1.1333333333333333,TRACK_LOSS,TRACK_LOSS,32.703213469952686,-32.5
291,554539,4. Degraded Optical Conditions,atmospheric_degradation,9.0,10.0,129.5053685304999,1.3693332440354973,27.500000000000004,20.0,1.2333333333333334,-1.0,1.2,FAILED,TRACK_LOSS,NO_ACQUISITION,128.13603528646442,-7.5000000000000036
292,245122,1. Low Disturbance,straight_line,22.0,0.0,0.1922730029091764,0.21186849716112832,100.0,100.0,0.06666666666666667,0.06666666666666667,NOT_APPLICABLE,NOT_APPLICABLE,NONE,NONE,-0.019595494251951923,0.0
293,368173,2. Moderate Disturbance,sinusoidal,16.0,5.0,1.76280700466982,1.0713350775500528,45.0,10.0,0.06666666666666667,0.8666666666666667,0.2,0.8333333333333334,TRACK_LOSS,TRACK_LOSS,0.6914719271197673,-35.0
294,409932,3. High Disturbance / Nonlinear,figure_eight,14.0,15.0,1.945535639567502,0.4074679836944451,45.0,10.0,0.06666666666666667,-1.0,0.2,FAILED,TRACK_LOSS,NO_ACQUISITION,1.538067655873057,-35.0
295,900777,4. Degraded Optical Conditions,atmospheric_degradation,9.0,10.0,1.3615567733045462,0.6994179892724537,32.5,12.5,0.9333333333333333,-1.0,0.9,FAILED,TRACK_LOSS,NO_ACQUISITION,0.6621387840320925,-20.0
296,979267,1. Low Disturbance,straight_line,22.0,0.0,0.1839840668336248,0.19759474359702903,100.0,100.0,0.06666666666666667,0.06666666666666667,NOT_APPLICABLE,NOT_APPLICABLE,NONE,NONE,-0.013610676763404217,0.0
297,602743,2. Moderate Disturbance,sinusoidal,16.0,5.0,1.8391452751239554,0.294209401921231,45.0,7.5,0.06666666666666667,-1.0,0.2,FAILED,TRACK_LOSS,NO_ACQUISITION,1.5449358732027245,-37.5
298,754123,3. High Disturbance / Nonlinear,figure_eight,14.0,15.0,1.8196880206865462,0.7029142708231564,40.0,10.0,0.06666666666666667,0.06666666666666667,0.25,FAILED,TRACK_LOSS,TRACK_LOSS,1.1167737498633898,-30.0
299,654735,4. Degraded Optical Conditions,atmospheric_degradation,9.0,10.0,1.5255739560850412,0.9064666241601345,27.500000000000004,20.0,0.06666666666666667,0.5,0.36666666666666664,0.4666666666666667,TRACK_LOSS,TRACK_LOSS,0.6191073319249067,-7.5000000000000036
300,123023,1. Low Disturbance,straight_line,22.0,0.0,0.19282190105520713,0.20164021442244165,100.0,100.0,0.06666666666666667,0.06666666666666667,NOT_APPLICABLE,NOT_APPLICABLE,NONE,NONE,-0.008818313367234515,0.0
301,271390,2. Moderate Disturbance,sinusoidal,16.0,5.0,1.7114644892714743,1.4138250191180421,40.0,12.5,0.06666666666666667,0.8666666666666667,0.2416666666666667,0.8,TRACK_LOSS,TRACK_LOSS,0.2976394701534322,-27.5
302,299436,3. High Disturbance / Nonlinear,figure_eight,14.0,15.0,2.0039634607472645,0.6203020007027403,42.5,12.5,0.06666666666666667,0.8,0.2333333333333333,0.7666666666666667,TRACK_LOSS,TRACK_LOSS,1.3836614600445243,-30.0
303,541225,4. Degraded Optical Conditions,atmospheric_degradation,9.0,10.0,37.53038547412033,0.8280918443744122,25.0,22.5,0.06666666666666667,0.06666666666666667,FAILED,FAILED,TRACK_LOSS,TRACK_LOSS,36.70229362974592,-2.5
304,571116,1. Low Disturbance,straight_line,22.0,0.0,0.1821484512911633,0.19213010201672762,100.0,100.0,0.06666666666666667,0.06666666666666667,NOT_APPLICABLE,NOT_APPLICABLE,NONE,NONE,-0.009981650725564312,0.0
305,481464,2. Moderate Disturbance,sinusoidal,16.0,5.0,1.7381804217576682,1.3091941310182782,45.0,7.5,0.06666666666666667,-1.0,0.2,FAILED,TRACK_LOSS,NO_ACQUISITION,0.42898629073939,-37.5
306,459995,3. High Disturbance / Nonlinear,figure_eight,14.0,15.0,46.848598375717785,98.13975716468002,45.0,10.0,0.06666666666666667,1.2333333333333334,0.21333333333333332,1.2,TRACK_LOSS,TRACK_LOSS,-51.291158788962235,-35.0
307,484285,4. Degraded Optical Conditions,atmospheric_degradation,9.0,10.0,41.49265903259925,1.6276299688104865,35.0,30.0,0.5666666666666667,0.5666666666666667,0.41111111111111115,0.41666666666666663,TRACK_LOSS,TRACK_LOSS,39.86502906378876,-5.0
308,376178,1. Low Disturbance,straight_line,22.0,0.0,0.189485309282788,0.186465536601237,100.0,100.0,0.06666666666666667,0.06666666666666667,NOT_APPLICABLE,NOT_APPLICABLE,NONE,NONE,0.003019772681551014,0.0
309,579746,2. Moderate Disturbance,sinusoidal,16.0,5.0,1.8788729608704795,0.25639537802533213,45.0,5.0,0.06666666666666667,-1.0,0.2,FAILED,TRACK_LOSS,NO_ACQUISITION,1.6224775828451474,-40.0
310,387298,3. High Disturbance / Nonlinear,figure_eight,14.0,15.0,27.256290753161156,0.3810887618607471,45.0,10.0,0.06666666666666667,-1.0,0.1933333333333333,FAILED,TRACK_LOSS,NO_ACQUISITION,26.875201991300408,-35.0
311,306120,4. Degraded Optical Conditions,atmospheric_degradation,9.0,10.0,134.09324540829022,272.3594916611091,40.0,2.5,0.26666666666666666,-1.0,0.25833333333333336,FAILED,TRACK_LOSS,NO_ACQUISITION,-138.26624625281886,-37.5
312,376226,1. Low Disturbance,straight_line,22.0,0.0,0.2130700727519039,0.2511706509634984,100.0,100.0,0.06666666666666667,0.06666666666666667,NOT_APPLICABLE,NOT_APPLICABLE,NONE,NONE,-0.03810057821159449,0.0
313,870219,2. Moderate Disturbance,sinusoidal,16.0,5.0,1.8064882479363582,0.8368582233516316,47.5,7.5,0.06666666666666667,-1.0,0.2,FAILED,TRACK_LOSS,NO_ACQUISITION,0.9696300245847266,-40.0
314,286709,3. High Disturbance / Nonlinear,figure_eight,14.0,15.0,28.71689694288621,112.88743794065552,45.0,5.0,0.06666666666666667,-1.0,0.23333333333333334,FAILED,TRACK_LOSS,NO_ACQUISITION,-84.17054099776931,-40.0
315,393987,4. Degraded Optical Conditions,atmospheric_degradation,9.0,10.0,1.5086437610414907,0.7437055080047756,32.5,15.0,0.16666666666666666,-1.0,0.22222222222222224,FAILED,TRACK_LOSS,NO_ACQUISITION,0.764938253036715,-17.5
316,162447,1. Low Disturbance,straight_line,22.0,0.0,0.1950435829922144,0.218260569114964,100.0,100.0,0.06666666666666667,0.06666666666666667,NOT_APPLICABLE,NOT_APPLICABLE,NONE,NONE,-0.02321698612274961,0.0
317,786836,2. Moderate Disturbance,sinusoidal,16.0,5.0,1.8020114131713154,1.0001655494974762,42.5,7.5,0.26666666666666666,-1.0,0.2,FAILED,TRACK_LOSS,NO_ACQUISITION,0.8018458636738393,-35.0
318,259556,3. High Disturbance / Nonlinear,figure_eight,14.0,15.0,74.25527803573588,0.715614093821965,45.0,12.5,0.06666666666666667,-1.0,0.24166666666666664,FAILED,TRACK_LOSS,NO_ACQUISITION,73.53966394191391,-32.5
319,834405,4. Degraded Optical Conditions,atmospheric_degradation,9.0,10.0,31.72524505998919,1.1904245438596823,27.500000000000004,25.0,0.5333333333333333,1.0333333333333334,0.5333333333333333,1.0333333333333334,TRACK_LOSS,TRACK_LOSS,30.53482051612951,-2.5000000000000036
320,144494,1. Low Disturbance,straight_line,22.0,0.0,0.19518262686732227,0.20552683645377123,100.0,100.0,0.06666666666666667,0.06666666666666667,NOT_APPLICABLE,NOT_APPLICABLE,NONE,NONE,-0.010344209586448966,0.0
321,110464,2. Moderate Disturbance,sinusoidal,16.0,5.0,1.8577652818330386,1.8019873002190665,45.0,10.0,0.06666666666666667,-1.0,0.2,FAILED,TRACK_LOSS,NO_ACQUISITION,0.05577798161397207,-35.0
322,799484,3. High Disturbance / Nonlinear,figure_eight,14.0,15.0,2.4103860494092597,0.8486519562123348,40.0,10.0,0.06666666666666667,-1.0,0.3,FAILED,TRACK_LOSS,NO_ACQUISITION,1.5617340931969248,-30.0
323,940328,4. Degraded Optical Conditions,atmospheric_degradation,9.0,10.0,63.2642970485536,0.8169720769048128,35.0,17.5,0.43333333333333335,-1.0,0.5666666666666667,FAILED,TRACK_LOSS,NO_ACQUISITION,62.44732497164879,-17.5
324,827837,1. Low Disturbance,straight_line,22.0,0.0,0.16630626225507428,0.1939236447186781,100.0,100.0,0.06666666666666667,0.06666666666666667,NOT_APPLICABLE,NOT_APPLICABLE,NONE,NONE,-0.027617382463603818,0.0
325,373693,2. Moderate Disturbance,sinusoidal,16.0,5.0,1.7592900496371895,1.0093509287476616,45.0,10.0,0.06666666666666667,-1.0,0.2,FAILED,TRACK_LOSS,NO_ACQUISITION,0.7499391208895279,-35.0
326,201399,3. High Disturbance / Nonlinear,figure_eight,14.0,15.0,2.0016556154225205,1.296273058819327,42.5,17.5,0.06666666666666667,0.9666666666666667,0.22500000000000003,0.9333333333333333,TRACK_LOSS,TRACK_LOSS,0.7053825566031935,-25.0
327,517208,4. Degraded Optical Conditions,atmospheric_degradation,9.0,10.0,30.495700099018357,1.4390892403639992,32.5,22.5,0.1,-1.0,0.25,FAILED,TRACK_LOSS,NO_ACQUISITION,29.05661085865436,-10.0
328,381069,1. Low Disturbance,straight_line,22.0,0.0,0.1826889997823828,0.21099489261839122,100.0,100.0,0.06666666666666667,0.06666666666666667,NOT_APPLICABLE,NOT_APPLICABLE,NONE,NONE,-0.02830589283600843,0.0
329,869955,2. Moderate Disturbance,sinusoidal,16.0,5.0,2.0021766780491426,0.12486072539722674,45.0,5.0,0.06666666666666667,-1.0,0.2,FAILED,TRACK_LOSS,NO_ACQUISITION,1.8773159526519159,-40.0
330,342996,3. High Disturbance / Nonlinear,figure_eight,14.0,15.0,55.68605512693135,1.8884343816528475,45.0,12.5,0.06666666666666667,0.06666666666666667,0.2066666666666667,FAILED,TRACK_LOSS,TRACK_LOSS,53.7976207452785,-32.5
331,400660,4. Degraded Optical Conditions,atmospheric_degradation,9.0,10.0,98.52541735260753,1.303042325825762,37.5,20.0,0.6,0.6,0.35555555555555557,0.5666666666666667,TRACK_LOSS,TRACK_LOSS,97.22237502678178,-17.5
332,927980,1. Low Disturbance,straight_line,22.0,0.0,0.18465088485438771,0.20842484990477214,100.0,100.0,0.06666666666666667,0.06666666666666667,NOT_APPLICABLE,NOT_APPLICABLE,NONE,NONE,-0.023773965050384427,0.0
333,824767,2. Moderate Disturbance,sinusoidal,16.0,5.0,2.014653269546545,0.6330403249420604,45.0,7.5,0.06666666666666667,-1.0,0.2,FAILED,TRACK_LOSS,NO_ACQUISITION,1.3816129446044847,-37.5
334,741837,3. High Disturbance / Nonlinear,figure_eight,14.0,15.0,2.2599881032480367,1.6806197943882508,35.0,17.5,0.06666666666666667,0.06666666666666667,0.3833333333333333,0.6333333333333333,TRACK_LOSS,TRACK_LOSS,0.5793683088597859,-17.5
335,988759,4. Degraded Optical Conditions,atmospheric_degradation,9.0,10.0,0.8802083262286725,0.7046888979484747,27.500000000000004,20.0,0.9666666666666667,0.9666666666666667,0.9666666666666667,0.9666666666666667,TRACK_LOSS,TRACK_LOSS,0.17551942828019784,-7.5000000000000036
336,959898,1. Low Disturbance,straight_line,22.0,0.0,0.18669524604968304,0.19573444611798815,100.0,100.0,0.06666666666666667,0.06666666666666667,NOT_APPLICABLE,NOT_APPLICABLE,NONE,NONE,-0.009039200068305109,0.0
337,660741,2. Moderate Disturbance,sinusoidal,16.0,5.0,1.752169340999282,1.7591432909535027,42.5,10.0,0.26666666666666666,0.06666666666666667,0.2,FAILED,TRACK_LOSS,TRACK_LOSS,-0.006973949954220737,-32.5
338,309955,3. High Disturbance / Nonlinear,figure_eight,14.0,15.0,2.277565472517289,1.7507236196601688,40.0,15.0,0.06666666666666667,0.06666666666666667,0.32222222222222224,FAILED,TRACK_LOSS,TRACK_LOSS,0.5268418528571202,-25.0
339,412465,4. Degraded Optical Conditions,atmospheric_degradation,9.0,10.0,76.70684264226652,1.7267773704386442,35.0,17.5,0.1,-1.0,0.37777777777777777,FAILED,TRACK_LOSS,NO_ACQUISITION,74.98006527182788,-17.5
340,906660,1. Low Disturbance,straight_line,22.0,0.0,0.17428509421110086,0.209164242975042,100.0,100.0,0.06666666666666667,0.06666666666666667,NOT_APPLICABLE,NOT_APPLICABLE,NONE,NONE,-0.03487914876394113,0.0
341,708672,2. Moderate Disturbance,sinusoidal,16.0,5.0,1.9005590636902658,0.25407233963310577,47.5,5.0,0.06666666666666667,-1.0,0.2,FAILED,TRACK_LOSS,NO_ACQUISITION,1.6464867240571601,-42.5
342,169828,3. High Disturbance / Nonlinear,figure_eight,14.0,15.0,1.826180312995999,0.8383460174667964,47.5,17.5,0.06666666666666667,0.8666666666666667,0.2,0.8,TRACK_LOSS,TRACK_LOSS,0.9878342955292027,-30.0
343,216354,4. Degraded Optical Conditions,atmospheric_degradation,9.0,10.0,137.2335506730935,1.2503586718066384,27.500000000000004,15.0,0.13333333333333333,-1.0,0.4666666666666667,FAILED,TRACK_LOSS,NO_ACQUISITION,135.98319200128685,-12.500000000000004
344,342661,1. Low Disturbance,straight_line,22.0,0.0,0.1832448918535052,0.19633240774774813,100.0,100.0,0.06666666666666667,0.06666666666666667,NOT_APPLICABLE,NOT_APPLICABLE,NONE,NONE,-0.013087515894242924,0.0
345,271702,2. Moderate Disturbance,sinusoidal,16.0,5.0,1.7810729757913972,1.3528295910159274,45.0,7.5,0.06666666666666667,-1.0,0.2,FAILED,TRACK_LOSS,NO_ACQUISITION,0.42824338477546986,-37.5
346,707821,3. High Disturbance / Nonlinear,figure_eight,14.0,15.0,68.69570272470392,1.051150922765049,42.5,10.0,0.06666666666666667,-1.0,0.24166666666666667,FAILED,TRACK_LOSS,NO_ACQUISITION,67.64455180193887,-32.5
347,432521,4. Degraded Optical Conditions,atmospheric_degradation,9.0,10.0,1.470637872004762,0.9020999919679237,20.0,15.0,-1.0,-1.0,FAILED,FAILED,NO_ACQUISITION,NO_ACQUISITION,0.5685378800368383,-5.0
348,194396,1. Low Disturbance,straight_line,22.0,0.0,0.19179198559809876,0.20281981893303544,100.0,100.0,0.06666666666666667,0.06666666666666667,NOT_APPLICABLE,NOT_APPLICABLE,NONE,NONE,-0.011027833334936676,0.0
349,422410,2. Moderate Disturbance,sinusoidal,16.0,5.0,1.9174907372608292,0.1842388627087013,45.0,5.0,0.06666666666666667,-1.0,0.2,FAILED,TRACK_LOSS,NO_ACQUISITION,1.733251874552128,-40.0
350,262602,3. High Disturbance / Nonlinear,figure_eight,14.0,15.0,49.256083965918485,0.9380320320182,45.0,12.5,0.06666666666666667,0.06666666666666667,0.25,FAILED,TRACK_LOSS,TRACK_LOSS,48.318051933900286,-32.5
351,456374,4. Degraded Optical Conditions,atmospheric_degradation,9.0,10.0,90.59729218203648,0.6642506091981367,30.0,15.0,0.13333333333333333,-1.0,0.5333333333333333,FAILED,TRACK_LOSS,NO_ACQUISITION,89.93304157283835,-15.0
352,794459,1. Low Disturbance,straight_line,22.0,0.0,0.18693597900250472,0.21304689013291936,100.0,100.0,0.06666666666666667,0.06666666666666667,NOT_APPLICABLE,NOT_APPLICABLE,NONE,NONE,-0.026110911130414638,0.0
353,108823,2. Moderate Disturbance,sinusoidal,16.0,5.0,2.046328020351205,0.1374167012324041,45.0,5.0,0.06666666666666667,-1.0,0.2,FAILED,TRACK_LOSS,NO_ACQUISITION,1.908911319118801,-40.0
354,936682,3. High Disturbance / Nonlinear,figure_eight,14.0,15.0,60.64535039197729,0.38355534348988934,42.5,7.5,0.06666666666666667,-1.0,0.24166666666666664,FAILED,TRACK_LOSS,NO_ACQUISITION,60.2617950484874,-35.0
355,803750,4. Degraded Optical Conditions,atmospheric_degradation,9.0,10.0,160.05159481645362,1.0563177168285163,17.5,15.0,-1.0,0.1,FAILED,0.1,NO_ACQUISITION,TRACK_LOSS,158.9952770996251,-2.5
356,993816,1. Low Disturbance,straight_line,22.0,0.0,0.17700510192476063,0.18449897511252628,100.0,100.0,0.06666666666666667,0.06666666666666667,NOT_APPLICABLE,NOT_APPLICABLE,NONE,NONE,-0.007493873187765648,0.0
357,479778,2. Moderate Disturbance,sinusoidal,16.0,5.0,54.68129648111203,1.6238607401381782,45.0,12.5,0.06666666666666667,0.06666666666666667,0.2066666666666667,FAILED,TRACK_LOSS,TRACK_LOSS,53.05743574097385,-32.5
358,908677,3. High Disturbance / Nonlinear,figure_eight,14.0,15.0,2.538150667277458,0.7183211318029482,45.0,12.5,0.06666666666666667,-1.0,0.18666666666666665,FAILED,TRACK_LOSS,NO_ACQUISITION,1.81982953547451,-32.5
359,407279,4. Degraded Optical Conditions,atmospheric_degradation,9.0,10.0,86.97605899629096,1.1341367143130716,35.0,20.0,0.06666666666666667,1.1333333333333333,0.8333333333333334,1.1,TRACK_LOSS,TRACK_LOSS,85.84192228197789,-15.0
360,788029,1. Low Disturbance,straight_line,22.0,0.0,0.18628830103595778,0.20553650006759105,100.0,100.0,0.06666666666666667,0.06666666666666667,NOT_APPLICABLE,NOT_APPLICABLE,NONE,NONE,-0.019248199031633273,0.0
361,555809,2. Moderate Disturbance,sinusoidal,16.0,5.0,47.55353188748198,0.1400916087880913,45.0,5.0,0.06666666666666667,-1.0,0.2,FAILED,TRACK_LOSS,NO_ACQUISITION,47.41344027869389,-40.0
362,330067,3. High Disturbance / Nonlinear,figure_eight,14.0,15.0,1.75902227244974,0.9363936011697782,45.0,12.5,0.4666666666666667,0.06666666666666667,0.23333333333333334,FAILED,TRACK_LOSS,TRACK_LOSS,0.8226286712799618,-32.5
363,332578,4. Degraded Optical Conditions,atmospheric_degradation,9.0,10.0,50.6213906497034,0.9390769923464676,32.5,20.0,0.36666666666666664,-1.0,0.3333333333333333,FAILED,TRACK_LOSS,NO_ACQUISITION,49.682313657356936,-12.5
364,381369,1. Low Disturbance,straight_line,22.0,0.0,0.16262530675775183,0.18017945413299735,100.0,100.0,0.06666666666666667,0.06666666666666667,NOT_APPLICABLE,NOT_APPLICABLE,NONE,NONE,-0.01755414737524552,0.0
365,336470,2. Moderate Disturbance,sinusoidal,16.0,5.0,1.9346736862352358,0.2148576560129756,40.0,10.0,0.06666666666666667,0.8666666666666667,0.24166666666666664,0.8333333333333334,TRACK_LOSS,TRACK_LOSS,1.7198160302222603,-30.0
366,631177,3. High Disturbance / Nonlinear,figure_eight,14.0,15.0,2.480561171910748,42.36454453416105,42.5,10.0,0.06666666666666667,-1.0,0.25,FAILED,TRACK_LOSS,NO_ACQUISITION,-39.8839833622503,-32.5
367,558957,4. Degraded Optical Conditions,atmospheric_degradation,9.0,10.0,1.624246029888874,1.0818430598540865,32.5,22.5,0.06666666666666667,0.23333333333333334,FAILED,0.2,TRACK_LOSS,TRACK_LOSS,0.5424029700347874,-10.0
368,559073,1. Low Disturbance,straight_line,22.0,0.0,0.20211326922312303,0.2221992430613615,100.0,100.0,0.06666666666666667,0.06666666666666667,NOT_APPLICABLE,NOT_APPLICABLE,NONE,NONE,-0.020085973838238458,0.0
369,880956,2. Moderate Disturbance,sinusoidal,16.0,5.0,1.7767552137341234,1.0774132603800688,45.0,7.5,0.06666666666666667,-1.0,0.2,FAILED,TRACK_LOSS,NO_ACQUISITION,0.6993419533540546,-37.5
370,570735,3. High Disturbance / Nonlinear,figure_eight,14.0,15.0,1.8078651989072794,1.4003266009452007,42.5,20.0,0.06666666666666667,0.9,0.23333333333333334,0.8666666666666667,TRACK_LOSS,TRACK_LOSS,0.4075385979620787,-22.5
371,405478,4. Degraded Optical Conditions,atmospheric_degradation,9.0,10.0,101.8780737241584,63.77155482422132,32.5,12.5,0.36666666666666664,1.1666666666666667,0.36666666666666664,1.1666666666666667,TRACK_LOSS,TRACK_LOSS,38.10651889993708,-20.0
372,107118,1. Low Disturbance,straight_line,22.0,0.0,0.17794003198908065,0.17795361510794533,100.0,100.0,0.06666666666666667,0.06666666666666667,NOT_APPLICABLE,NOT_APPLICABLE,NONE,NONE,-1.3583118864679555e-05,0.0
373,145524,2. Moderate Disturbance,sinusoidal,16.0,5.0,1.931258953475317,1.231897350388271,45.0,10.0,0.06666666666666667,-1.0,0.2,FAILED,TRACK_LOSS,NO_ACQUISITION,0.699361603087046,-35.0
374,499145,3. High Disturbance / Nonlinear,figure_eight,14.0,15.0,1.6524246918554577,1.2354620795938636,40.0,12.5,0.06666666666666667,-1.0,0.24166666666666664,FAILED,TRACK_LOSS,NO_ACQUISITION,0.41696261226159415,-27.5
375,539497,4. Degraded Optical Conditions,atmospheric_degradation,9.0,10.0,120.00872582735438,0.7701419458820159,27.500000000000004,15.0,0.3,-1.0,0.55,FAILED,TRACK_LOSS,NO_ACQUISITION,119.23858388147237,-12.500000000000004
376,106381,1. Low Disturbance,straight_line,22.0,0.0,0.17593111328489583,0.1988882229150317,100.0,100.0,0.06666666666666667,0.06666666666666667,NOT_APPLICABLE,NOT_APPLICABLE,NONE,NONE,-0.022957109630135863,0.0
377,428202,2. Moderate Disturbance,sinusoidal,16.0,5.0,1.7161698072333689,0.7377887379862578,42.5,10.0,0.06666666666666667,-1.0,0.25,FAILED,TRACK_LOSS,NO_ACQUISITION,0.9783810692471111,-32.5
378,541786,3. High Disturbance / Nonlinear,figure_eight,14.0,15.0,2.0353172229020506,0.8702117755730191,42.5,12.5,0.06666666666666667,0.7333333333333333,0.27499999999999997,0.7,TRACK_LOSS,TRACK_LOSS,1.1651054473290317,-30.0
379,800341,4. Degraded Optical Conditions,atmospheric_degradation,9.0,10.0,203.8740578384992,1.0467542503537637,20.0,12.5,0.06666666666666667,-1.0,FAILED,FAILED,TRACK_LOSS,NO_ACQUISITION,202.82730358814544,-7.5
380,706298,1. Low Disturbance,straight_line,22.0,0.0,0.2043604186326043,0.2142242800394116,100.0,100.0,0.06666666666666667,0.06666666666666667,NOT_APPLICABLE,NOT_APPLICABLE,NONE,NONE,-0.009863861406807312,0.0
381,313413,2. Moderate Disturbance,sinusoidal,16.0,5.0,1.9855585854857765,1.6022888742293364,45.0,15.0,0.06666666666666667,0.06666666666666667,0.2,0.7666666666666667,TRACK_LOSS,TRACK_LOSS,0.38326971125644005,-30.0
382,172487,3. High Disturbance / Nonlinear,figure_eight,14.0,15.0,2.0269855178729905,61.44267744849812,47.5,10.0,0.06666666666666667,0.06666666666666667,0.2,FAILED,TRACK_LOSS,TRACK_LOSS,-59.41569193062513,-37.5
383,871096,4. Degraded Optical Conditions,atmospheric_degradation,9.0,10.0,155.50721677324495,1.3129629525903597,30.0,25.0,0.5,0.5,0.4666666666666667,0.4666666666666667,TRACK_LOSS,TRACK_LOSS,154.19425382065458,-5.0
384,200499,1. Low Disturbance,straight_line,22.0,0.0,0.20083710776753172,0.20298793831638623,100.0,100.0,0.06666666666666667,0.06666666666666667,NOT_APPLICABLE,NOT_APPLICABLE,NONE,NONE,-0.00215083054885451,0.0
385,935837,2. Moderate Disturbance,sinusoidal,16.0,5.0,1.7106434606290857,0.5089366354633141,45.0,10.0,0.06666666666666667,-1.0,0.2,FAILED,TRACK_LOSS,NO_ACQUISITION,1.2017068251657714,-35.0
386,647533,3. High Disturbance / Nonlinear,figure_eight,14.0,15.0,2.4198383075473604,0.5218112277294514,40.0,7.5,0.06666666666666667,-1.0,0.25,FAILED,TRACK_LOSS,NO_ACQUISITION,1.898027079817909,-32.5
387,332761,4. Degraded Optical Conditions,atmospheric_degradation,9.0,10.0,60.21024295816122,0.5996935856965707,22.5,15.0,1.2333333333333334,-1.0,1.2333333333333334,FAILED,TRACK_LOSS,NO_ACQUISITION,59.61054937246465,-7.5
388,674271,1. Low Disturbance,straight_line,22.0,0.0,0.19342584460982912,0.20178412599066414,100.0,100.0,0.06666666666666667,0.06666666666666667,NOT_APPLICABLE,NOT_APPLICABLE,NONE,NONE,-0.008358281380835025,0.0
389,312796,2. Moderate Disturbance,sinusoidal,16.0,5.0,1.9331153665924687,0.39209091831445114,45.0,5.0,0.06666666666666667,-1.0,0.2,FAILED,TRACK_LOSS,NO_ACQUISITION,1.5410244482780175,-40.0
390,428960,3. High Disturbance / Nonlinear,figure_eight,14.0,15.0,73.19981875263538,1.8303026369524105,52.5,15.0,0.06666666666666667,0.9666666666666667,0.18666666666666668,0.9333333333333333,TRACK_LOSS,TRACK_LOSS,71.36951611568297,-37.5
391,560773,4. Degraded Optical Conditions,atmospheric_degradation,9.0,10.0,97.48136695998362,0.9396982118130128,32.5,20.0,0.5666666666666667,-1.0,0.5666666666666667,FAILED,TRACK_LOSS,NO_ACQUISITION,96.54166874817061,-12.5
392,991596,1. Low Disturbance,straight_line,22.0,0.0,0.1948937705587128,0.22014258513048487,100.0,100.0,0.06666666666666667,0.06666666666666667,NOT_APPLICABLE,NOT_APPLICABLE,NONE,NONE,-0.025248814571772082,0.0
393,799560,2. Moderate Disturbance,sinusoidal,16.0,5.0,1.68806346733643,0.9696576839241907,45.0,7.5,0.06666666666666667,-1.0,0.2,FAILED,TRACK_LOSS,NO_ACQUISITION,0.7184057834122394,-37.5
394,564382,3. High Disturbance / Nonlinear,figure_eight,14.0,15.0,1.8891450866543733,1.4471171576118804,42.5,15.0,0.06666666666666667,0.06666666666666667,0.25,FAILED,TRACK_LOSS,TRACK_LOSS,0.4420279290424929,-27.5
395,350228,4. Degraded Optical Conditions,atmospheric_degradation,9.0,10.0,0.731930194793779,0.6242680092457936,20.0,10.0,-1.0,-1.0,FAILED,FAILED,NO_ACQUISITION,NO_ACQUISITION,0.10766218554798535,-10.0
396,710078,1. Low Disturbance,straight_line,22.0,0.0,0.20191742594625797,0.20780306640482749,100.0,100.0,0.06666666666666667,0.06666666666666667,NOT_APPLICABLE,NOT_APPLICABLE,NONE,NONE,-0.005885640458569513,0.0
397,963556,2. Moderate Disturbance,sinusoidal,16.0,5.0,1.7749361287605274,1.0108186573754012,45.0,10.0,0.06666666666666667,-1.0,0.2,FAILED,TRACK_LOSS,NO_ACQUISITION,0.7641174713851262,-35.0
398,687614,3. High Disturbance / Nonlinear,figure_eight,14.0,15.0,72.07810854446346,0.6824815735681026,40.0,5.0,0.06666666666666667,-1.0,0.24166666666666664,FAILED,TRACK_LOSS,NO_ACQUISITION,71.39562697089536,-35.0
399,608500,4. Degraded Optical Conditions,atmospheric_degradation,9.0,10.0,60.9048941471884,0.7886408175314931,35.0,20.0,0.06666666666666667,1.0,0.27777777777777773,0.9666666666666667,TRACK_LOSS,TRACK_LOSS,60.11625332965691,-15.0
400,756061,1. Low Disturbance,straight_line,22.0,0.0,0.1855005770326279,0.1900654820437462,100.0,100.0,0.06666666666666667,0.06666666666666667,NOT_APPLICABLE,NOT_APPLICABLE,NONE,NONE,-0.004564905011118309,0.0
401,906324,2. Moderate Disturbance,sinusoidal,16.0,5.0,1.9016332675609497,1.0666823815090973,45.0,7.5,0.06666666666666667,-1.0,0.2,FAILED,TRACK_LOSS,NO_ACQUISITION,0.8349508860518524,-37.5
402,377578,3. High Disturbance / Nonlinear,figure_eight,14.0,15.0,2.213018932231434,1.5751867293075212,45.0,15.0,0.06666666666666667,1.0,0.18666666666666668,0.9333333333333333,TRACK_LOSS,TRACK_LOSS,0.637832202923913,-30.0
403,371241,4. Degraded Optical Conditions,atmospheric_degradation,9.0,10.0,77.17623128122527,1.4462591484469138,30.0,17.5,0.1,-1.0,0.35,FAILED,TRACK_LOSS,NO_ACQUISITION,75.72997213277836,-12.5
404,199545,1. Low Disturbance,straight_line,22.0,0.0,0.20899811006965122,0.2239553451105414,100.0,100.0,0.06666666666666667,0.06666666666666667,NOT_APPLICABLE,NOT_APPLICABLE,NONE,NONE,-0.014957235040890193,0.0
405,389086,2. Moderate Disturbance,sinusoidal,16.0,5.0,37.65876494637733,1.879525606575012,45.0,10.0,0.06666666666666667,0.06666666666666667,0.2,FAILED,TRACK_LOSS,TRACK_LOSS,35.77923933980232,-35.0
406,709922,3. High Disturbance / Nonlinear,figure_eight,14.0,15.0,1.8799482346537009,0.9827058055772423,37.5,7.5,0.26666666666666666,-1.0,0.25,FAILED,TRACK_LOSS,NO_ACQUISITION,0.8972424290764586,-30.0
407,307573,4. Degraded Optical Conditions,atmospheric_degradation,9.0,10.0,39.46148764543178,1.114845230544143,30.0,17.5,-1.0,-1.0,FAILED,FAILED,NO_ACQUISITION,NO_ACQUISITION,38.34664241488764,-12.5
408,285146,1. Low Disturbance,straight_line,22.0,0.0,0.1894728499934476,0.21618415816772868,100.0,100.0,0.06666666666666667,0.06666666666666667,NOT_APPLICABLE,NOT_APPLICABLE,NONE,NONE,-0.02671130817428108,0.0
409,758887,2. Moderate Disturbance,sinusoidal,16.0,5.0,1.8685485128163732,0.4718763271144472,45.0,10.0,0.06666666666666667,0.8666666666666667,0.2,0.8333333333333334,TRACK_LOSS,TRACK_LOSS,1.396672185701926,-35.0
410,885864,3. High Disturbance / Nonlinear,figure_eight,14.0,15.0,2.1295192933081464,0.5316666094756628,40.0,12.5,0.06666666666666667,-1.0,0.24166666666666664,FAILED,TRACK_LOSS,NO_ACQUISITION,1.5978526838324836,-27.5
411,489426,4. Degraded Optical Conditions,atmospheric_degradation,9.0,10.0,67.41442628520203,1.044430800471094,22.5,12.5,0.23333333333333334,-1.0,0.23333333333333334,FAILED,TRACK_LOSS,NO_ACQUISITION,66.36999548473094,-10.0
412,659608,1. Low Disturbance,straight_line,22.0,0.0,0.18307423358524078,0.20475242791719428,100.0,100.0,0.06666666666666667,0.06666666666666667,NOT_APPLICABLE,NOT_APPLICABLE,NONE,NONE,-0.021678194331953504,0.0
413,587723,2. Moderate Disturbance,sinusoidal,16.0,5.0,1.7920936661233196,110.1584260916316,45.0,5.0,0.06666666666666667,-1.0,0.2,FAILED,TRACK_LOSS,NO_ACQUISITION,-108.36633242550828,-40.0
414,794456,3. High Disturbance / Nonlinear,figure_eight,14.0,15.0,1.9893621310504552,1.1934888718370296,42.5,22.5,0.06666666666666667,0.06666666666666667,0.24166666666666667,FAILED,TRACK_LOSS,TRACK_LOSS,0.7958732592134257,-20.0
415,982389,4. Degraded Optical Conditions,atmospheric_degradation,9.0,10.0,0.9489068716655144,0.9598751259375484,20.0,17.5,-1.0,-1.0,FAILED,FAILED,NO_ACQUISITION,NO_ACQUISITION,-0.010968254272034073,-2.5
416,264762,1. Low Disturbance,straight_line,22.0,0.0,0.183276724428529,0.2044815201087465,100.0,100.0,0.06666666666666667,0.06666666666666667,NOT_APPLICABLE,NOT_APPLICABLE,NONE,NONE,-0.02120479568021752,0.0
417,479979,2. Moderate Disturbance,sinusoidal,16.0,5.0,1.850551507503034,52.65801863135747,42.5,10.0,0.06666666666666667,-1.0,0.25,FAILED,TRACK_LOSS,NO_ACQUISITION,-50.80746712385444,-32.5
418,279378,3. High Disturbance / Nonlinear,figure_eight,14.0,15.0,1.9476434184091986,0.7431589954529432,45.0,12.5,0.06666666666666667,-1.0,0.2,FAILED,TRACK_LOSS,NO_ACQUISITION,1.2044844229562555,-32.5
419,942115,4. Degraded Optical Conditions,atmospheric_degradation,9.0,10.0,66.324174510948,1.080232842732279,32.5,22.5,0.1,0.1,0.15000000000000002,0.1,TRACK_LOSS,TRACK_LOSS,65.24394166821573,-10.0
420,803694,1. Low Disturbance,straight_line,22.0,0.0,0.18075121615002115,0.18258089563828933,100.0,100.0,0.06666666666666667,0.06666666666666667,NOT_APPLICABLE,NOT_APPLICABLE,NONE,NONE,-0.0018296794882681766,0.0
421,395670,2. Moderate Disturbance,sinusoidal,16.0,5.0,1.8736795218284426,69.93189431144945,45.0,12.5,0.06666666666666667,0.9333333333333333,0.2,0.9,TRACK_LOSS,TRACK_LOSS,-68.05821478962102,-32.5
422,807082,3. High Disturbance / Nonlinear,figure_eight,14.0,15.0,73.0222321236698,1.1661454297617262,45.0,12.5,0.06666666666666667,0.06666666666666667,0.2,FAILED,TRACK_LOSS,TRACK_LOSS,71.85608669390807,-32.5
423,631743,4. Degraded Optical Conditions,atmospheric_degradation,9.0,10.0,1.731782660545317,1.1566680097921422,30.0,20.0,0.6,-1.0,0.3833333333333333,FAILED,TRACK_LOSS,NO_ACQUISITION,0.5751146507531748,-10.0
424,318498,1. Low Disturbance,straight_line,22.0,0.0,0.18840407603423673,0.18770075731944733,100.0,100.0,0.06666666666666667,0.06666666666666667,NOT_APPLICABLE,NOT_APPLICABLE,NONE,NONE,0.0007033187147894027,0.0
425,850682,2. Moderate Disturbance,sinusoidal,16.0,5.0,1.9072317002676886,0.3176081151845264,45.0,10.0,0.06666666666666667,0.8666666666666667,0.2,0.8333333333333334,TRACK_LOSS,TRACK_LOSS,1.5896235850831621,-35.0
426,581268,3. High Disturbance / Nonlinear,figure_eight,14.0,15.0,2.140986951228149,0.7715705195294446,47.5,7.5,0.06666666666666667,-1.0,0.275,FAILED,TRACK_LOSS,NO_ACQUISITION,1.3694164316987045,-40.0
427,816616,4. Degraded Optical Conditions,atmospheric_degradation,9.0,10.0,1.287941848697703,0.6186264737549301,37.5,10.0,0.06666666666666667,-1.0,0.32222222222222224,FAILED,TRACK_LOSS,NO_ACQUISITION,0.6693153749427729,-27.5
428,987319,1. Low Disturbance,straight_line,22.0,0.0,0.17970225327575387,0.2026560978632635,100.0,100.0,0.06666666666666667,0.06666666666666667,NOT_APPLICABLE,NOT_APPLICABLE,NONE,NONE,-0.022953844587509625,0.0
429,691562,2. Moderate Disturbance,sinusoidal,16.0,5.0,54.47790071311219,0.2970185216280765,45.0,5.0,0.06666666666666667,-1.0,0.2,FAILED,TRACK_LOSS,NO_ACQUISITION,54.180882191484116,-40.0
430,917058,3. High Disturbance / Nonlinear,figure_eight,14.0,15.0,61.525493544154145,0.37580442890101495,47.5,12.5,0.1,0.9,0.16111111111111112,0.9,TRACK_LOSS,TRACK_LOSS,61.14968911525313,-35.0
431,133355,4. Degraded Optical Conditions,atmospheric_degradation,9.0,10.0,67.95184518970392,0.8443585922047022,30.0,20.0,0.6333333333333333,0.4,0.6,0.5833333333333334,TRACK_LOSS,TRACK_LOSS,67.10748659749922,-10.0
432,997086,1. Low Disturbance,straight_line,22.0,0.0,0.20297811861314866,0.20842112236927848,100.0,100.0,0.06666666666666667,0.06666666666666667,NOT_APPLICABLE,NOT_APPLICABLE,NONE,NONE,-0.005443003756129827,0.0
433,842767,2. Moderate Disturbance,sinusoidal,16.0,5.0,1.7958976594128404,0.24276715563402584,45.0,5.0,0.06666666666666667,-1.0,0.2,FAILED,TRACK_LOSS,NO_ACQUISITION,1.5531305037788146,-40.0
434,482183,3. High Disturbance / Nonlinear,figure_eight,14.0,15.0,1.9458545770582212,0.5719158758276566,45.0,7.5,0.2,-1.0,0.18666666666666668,FAILED,TRACK_LOSS,NO_ACQUISITION,1.3739387012305646,-37.5
435,218431,4. Degraded Optical Conditions,atmospheric_degradation,9.0,10.0,1.3317898458939583,0.8335021173863701,32.5,22.5,0.26666666666666666,0.5,0.18333333333333335,0.4666666666666667,TRACK_LOSS,TRACK_LOSS,0.4982877285075882,-10.0
436,129266,1. Low Disturbance,straight_line,22.0,0.0,0.17527469413486446,0.19024010720659487,100.0,100.0,0.06666666666666667,0.06666666666666667,NOT_APPLICABLE,NOT_APPLICABLE,NONE,NONE,-0.01496541307173041,0.0
437,777713,2. Moderate Disturbance,sinusoidal,16.0,5.0,1.9695223008791387,0.5405913586475641,45.0,10.0,0.06666666666666667,0.8666666666666667,0.20666666666666664,0.8333333333333334,TRACK_LOSS,TRACK_LOSS,1.4289309422315746,-35.0
438,655841,3. High Disturbance / Nonlinear,figure_eight,14.0,15.0,2.154717175380794,0.8287851143400071,50.0,7.5,0.06666666666666667,-1.0,0.17333333333333334,FAILED,TRACK_LOSS,NO_ACQUISITION,1.325932061040787,-42.5
439,187483,4. Degraded Optical Conditions,atmospheric_degradation,9.0,10.0,83.75621409436238,1.2354686444218086,27.500000000000004,22.5,0.06666666666666667,0.06666666666666667,FAILED,FAILED,TRACK_LOSS,TRACK_LOSS,82.52074544994056,-5.0000000000000036
440,579625,1. Low Disturbance,straight_line,22.0,0.0,0.18348599161494694,0.20183195535968315,100.0,100.0,0.06666666666666667,0.06666666666666667,NOT_APPLICABLE,NOT_APPLICABLE,NONE,NONE,-0.01834596374473621,0.0
441,163041,2. Moderate Disturbance,sinusoidal,16.0,5.0,1.9216254832403512,0.1768571250785489,47.5,5.0,0.06666666666666667,-1.0,0.2,FAILED,TRACK_LOSS,NO_ACQUISITION,1.7447683581618023,-42.5
442,154135,3. High Disturbance / Nonlinear,figure_eight,14.0,15.0,1.6237669516098596,0.4065452577513242,40.0,7.5,0.43333333333333335,-1.0,0.29166666666666663,FAILED,TRACK_LOSS,NO_ACQUISITION,1.2172216938585354,-32.5
443,835966,4. Degraded Optical Conditions,atmospheric_degradation,9.0,10.0,73.84720034263954,112.62638927658297,32.5,10.0,0.23333333333333334,-1.0,0.55,FAILED,TRACK_LOSS,NO_ACQUISITION,-38.77918893394343,-22.5
444,423677,1. Low Disturbance,straight_line,22.0,0.0,0.1822767463729759,0.19682611858356758,100.0,100.0,0.06666666666666667,0.06666666666666667,NOT_APPLICABLE,NOT_APPLICABLE,NONE,NONE,-0.014549372210591688,0.0
445,994712,2. Moderate Disturbance,sinusoidal,16.0,5.0,43.39367784298052,1.2736966860894825,45.0,7.5,0.06666666666666667,-1.0,0.2,FAILED,TRACK_LOSS,NO_ACQUISITION,42.11998115689104,-37.5
446,868425,3. High Disturbance / Nonlinear,figure_eight,14.0,15.0,2.357531587839895,1.1228791204091435,47.5,15.0,0.06666666666666667,-1.0,0.2066666666666667,FAILED,TRACK_LOSS,NO_ACQUISITION,1.2346524674307513,-32.5
447,996385,4. Degraded Optical Conditions,atmospheric_degradation,9.0,10.0,1.1404302283870176,0.8329331957466973,22.5,17.5,0.23333333333333334,0.23333333333333334,0.44999999999999996,0.23333333333333334,TRACK_LOSS,TRACK_LOSS,0.30749703264032024,-5.0
448,243745,1. Low Disturbance,straight_line,22.0,0.0,0.1844820061349457,0.20521905102317745,100.0,100.0,0.06666666666666667,0.06666666666666667,NOT_APPLICABLE,NOT_APPLICABLE,NONE,NONE,-0.020737044888231748,0.0
449,977802,2. Moderate Disturbance,sinusoidal,16.0,5.0,1.9166419419076524,0.3199876577524918,47.5,5.0,0.06666666666666667,-1.0,0.2,FAILED,TRACK_LOSS,NO_ACQUISITION,1.5966542841551605,-42.5
450,492569,3. High Disturbance / Nonlinear,figure_eight,14.0,15.0,1.9935992133519425,1.3898782176150344,47.5,17.5,0.06666666666666667,1.2333333333333334,0.20666666666666664,1.2,TRACK_LOSS,TRACK_LOSS,0.6037209957369081,-30.0
451,595459,4. Degraded Optical Conditions,atmospheric_degradation,9.0,10.0,92.16048919871184,1.3344766940074377,30.0,20.0,0.8666666666666667,0.9,0.5166666666666667,0.9,TRACK_LOSS,TRACK_LOSS,90.82601250470441,-10.0
452,806161,1. Low Disturbance,straight_line,22.0,0.0,0.17897115846796968,0.19722948526972225,100.0,100.0,0.06666666666666667,0.06666666666666667,NOT_APPLICABLE,NOT_APPLICABLE,NONE,NONE,-0.018258326801752572,0.0
453,150324,2. Moderate Disturbance,sinusoidal,16.0,5.0,2.0221397580612455,0.327407772941995,40.0,5.0,0.06666666666666667,-1.0,0.24166666666666664,FAILED,TRACK_LOSS,NO_ACQUISITION,1.6947319851192504,-35.0
454,481769,3. High Disturbance / Nonlinear,figure_eight,14.0,15.0,2.36872840253735,2.2171558872832278,45.0,7.5,0.06666666666666667,-1.0,0.2,FAILED,TRACK_LOSS,NO_ACQUISITION,0.1515725152541223,-37.5
455,780226,4. Degraded Optical Conditions,atmospheric_degradation,9.0,10.0,90.34689210505842,1.1821014691647291,30.0,17.5,0.26666666666666666,-1.0,0.4666666666666667,FAILED,TRACK_LOSS,NO_ACQUISITION,89.16479063589368,-12.5
456,286790,1. Low Disturbance,straight_line,22.0,0.0,0.21800325400481832,0.23051873697677197,100.0,100.0,0.06666666666666667,0.06666666666666667,NOT_APPLICABLE,NOT_APPLICABLE,NONE,NONE,-0.012515482971953651,0.0
457,737768,2. Moderate Disturbance,sinusoidal,16.0,5.0,1.865774569392159,0.19455947782296087,45.0,5.0,0.06666666666666667,-1.0,0.2,FAILED,TRACK_LOSS,NO_ACQUISITION,1.6712150915691981,-40.0
458,783614,3. High Disturbance / Nonlinear,figure_eight,14.0,15.0,1.8352810942713418,1.0071428750887899,47.5,15.0,0.06666666666666667,0.06666666666666667,0.2,FAILED,TRACK_LOSS,TRACK_LOSS,0.8281382191825519,-32.5
459,721412,4. Degraded Optical Conditions,atmospheric_degradation,9.0,10.0,60.38103582840888,0.7828223902479697,22.5,15.0,1.2666666666666666,-1.0,1.2,FAILED,TRACK_LOSS,NO_ACQUISITION,59.59821343816091,-7.5
460,824444,1. Low Disturbance,straight_line,22.0,0.0,0.16724958266234866,0.175942329660922,100.0,100.0,0.06666666666666667,0.06666666666666667,NOT_APPLICABLE,NOT_APPLICABLE,NONE,NONE,-0.008692746998573336,0.0
461,555527,2. Moderate Disturbance,sinusoidal,16.0,5.0,1.6993646148387067,0.568468565890461,40.0,7.5,0.06666666666666667,-1.0,0.24166666666666664,FAILED,TRACK_LOSS,NO_ACQUISITION,1.1308960489482458,-32.5
462,690946,3. High Disturbance / Nonlinear,figure_eight,14.0,15.0,2.23379912531239,1.1229334131254458,47.5,7.5,0.06666666666666667,-1.0,0.18,FAILED,TRACK_LOSS,NO_ACQUISITION,1.1108657121869443,-40.0
463,179021,4. Degraded Optical Conditions,atmospheric_degradation,9.0,10.0,173.8277844995081,0.817732701691538,30.0,17.5,0.3,1.0,0.26666666666666666,0.9666666666666667,TRACK_LOSS,TRACK_LOSS,173.01005179781657,-12.5
464,792874,1. Low Disturbance,straight_line,22.0,0.0,0.17126584793832167,0.18233225837813768,100.0,100.0,0.06666666666666667,0.06666666666666667,NOT_APPLICABLE,NOT_APPLICABLE,NONE,NONE,-0.011066410439816016,0.0
465,148700,2. Moderate Disturbance,sinusoidal,16.0,5.0,1.896922554851246,0.2904929382689273,45.0,5.0,0.06666666666666667,-1.0,0.2066666666666667,FAILED,TRACK_LOSS,NO_ACQUISITION,1.6064296165823189,-40.0
466,573117,3. High Disturbance / Nonlinear,figure_eight,14.0,15.0,67.68301704071087,0.8296404479626514,42.5,12.5,0.06666666666666667,0.8333333333333334,0.26666666666666666,0.7666666666666667,TRACK_LOSS,TRACK_LOSS,66.85337659274822,-30.0
467,348916,4. Degraded Optical Conditions,atmospheric_degradation,9.0,10.0,165.79506858278225,0.8759046893200966,17.5,15.0,-1.0,-1.0,FAILED,FAILED,NO_ACQUISITION,NO_ACQUISITION,164.91916389346216,-2.5
468,467204,1. Low Disturbance,straight_line,22.0,0.0,0.1860652811329278,0.17351122713355088,100.0,100.0,0.06666666666666667,0.06666666666666667,NOT_APPLICABLE,NOT_APPLICABLE,NONE,NONE,0.012554053999376924,0.0
469,712924,2. Moderate Disturbance,sinusoidal,16.0,5.0,2.049310355132774,1.7888586643193274,45.0,7.5,0.06666666666666667,-1.0,0.2,FAILED,TRACK_LOSS,NO_ACQUISITION,0.26045169081344666,-37.5
470,370305,3. High Disturbance / Nonlinear,figure_eight,14.0,15.0,2.1922252317718756,44.88696865595425,45.0,7.5,0.06666666666666667,-1.0,0.1933333333333333,FAILED,TRACK_LOSS,NO_ACQUISITION,-42.69474342418237,-37.5
471,220077,4. Degraded Optical Conditions,atmospheric_degradation,9.0,10.0,113.13177046968792,1.2827336797514017,35.0,22.5,0.1,0.1,0.2833333333333333,0.45,TRACK_LOSS,TRACK_LOSS,111.84903678993652,-12.5
472,255382,1. Low Disturbance,straight_line,22.0,0.0,0.19350039801272897,0.207374823081829,100.0,100.0,0.06666666666666667,0.06666666666666667,NOT_APPLICABLE,NOT_APPLICABLE,NONE,NONE,-0.013874425069100027,0.0
473,328514,2. Moderate Disturbance,sinusoidal,16.0,5.0,1.810334811901527,131.2001666683631,45.0,5.0,0.06666666666666667,-1.0,0.20666666666666664,FAILED,TRACK_LOSS,NO_ACQUISITION,-129.38983185646157,-40.0
474,615161,3. High Disturbance / Nonlinear,figure_eight,14.0,15.0,2.2231623399233023,0.9232354185141907,47.5,15.0,0.06666666666666667,0.7666666666666667,0.18,0.7,TRACK_LOSS,TRACK_LOSS,1.2999269214091116,-32.5
475,766880,4. Degraded Optical Conditions,atmospheric_degradation,9.0,10.0,64.82855485883472,1.2479929071453866,30.0,25.0,0.6,-1.0,0.36666666666666664,FAILED,TRACK_LOSS,NO_ACQUISITION,63.58056195168933,-5.0
476,379657,1. Low Disturbance,straight_line,22.0,0.0,0.1860555884890814,0.2134301058183054,100.0,100.0,0.06666666666666667,0.06666666666666667,NOT_APPLICABLE,NOT_APPLICABLE,NONE,NONE,-0.027374517329223996,0.0
477,515204,2. Moderate Disturbance,sinusoidal,16.0,5.0,2.0225809283002456,0.3141239508871225,45.0,5.0,0.06666666666666667,-1.0,0.2,FAILED,TRACK_LOSS,NO_ACQUISITION,1.708456977413123,-40.0
478,355603,3. High Disturbance / Nonlinear,figure_eight,14.0,15.0,1.9226101953540893,1.3259703872838666,45.0,15.0,0.06666666666666667,0.06666666666666667,0.2,FAILED,TRACK_LOSS,TRACK_LOSS,0.5966398080702227,-30.0
479,866773,4. Degraded Optical Conditions,atmospheric_degradation,9.0,10.0,1.6315309731287295,0.781201565637745,25.0,12.5,1.1,-1.0,1.1,FAILED,TRACK_LOSS,NO_ACQUISITION,0.8503294074909845,-12.5
480,327105,1. Low Disturbance,straight_line,22.0,0.0,0.17656794568743153,0.1991513872963099,100.0,100.0,0.06666666666666667,0.06666666666666667,NOT_APPLICABLE,NOT_APPLICABLE,NONE,NONE,-0.022583441608878374,0.0
481,280533,2. Moderate Disturbance,sinusoidal,16.0,5.0,1.8472634686586702,0.6149000467224321,45.0,7.5,0.06666666666666667,-1.0,0.2,FAILED,TRACK_LOSS,NO_ACQUISITION,1.232363421936238,-37.5
482,357765,3. High Disturbance / Nonlinear,figure_eight,14.0,15.0,1.7400508387869766,1.464371922159862,42.5,17.5,0.06666666666666667,-1.0,0.27499999999999997,FAILED,TRACK_LOSS,NO_ACQUISITION,0.27567891662711475,-25.0
483,228982,4. Degraded Optical Conditions,atmospheric_degradation,9.0,10.0,136.5921482695468,0.9830830943437179,27.500000000000004,17.5,0.5333333333333333,1.3,0.5333333333333333,1.3,TRACK_LOSS,TRACK_LOSS,135.60906517520309,-10.000000000000004
484,103617,1. Low Disturbance,straight_line,22.0,0.0,0.1936783139381935,0.2201861566838392,100.0,100.0,0.06666666666666667,0.06666666666666667,NOT_APPLICABLE,NOT_APPLICABLE,NONE,NONE,-0.026507842745645688,0.0
485,131313,2. Moderate Disturbance,sinusoidal,16.0,5.0,1.8830613484965915,0.37979602157397696,45.0,5.0,0.06666666666666667,-1.0,0.2,FAILED,TRACK_LOSS,NO_ACQUISITION,1.5032653269226146,-40.0
486,632259,3. High Disturbance / Nonlinear,figure_eight,14.0,15.0,1.9146001010685567,1.1056289090890994,47.5,20.0,0.06666666666666667,0.8666666666666667,0.16666666666666666,0.55,TRACK_LOSS,TRACK_LOSS,0.8089711919794573,-27.5
487,225343,4. Degraded Optical Conditions,atmospheric_degradation,9.0,10.0,1.2959142630914118,1.0426211536119303,35.0,20.0,0.4666666666666667,-1.0,0.3111111111111111,FAILED,TRACK_LOSS,NO_ACQUISITION,0.25329310947948147,-15.0
488,697388,1. Low Disturbance,straight_line,22.0,0.0,0.1776704448001748,0.1839406495370742,100.0,100.0,0.06666666666666667,0.06666666666666667,NOT_APPLICABLE,NOT_APPLICABLE,NONE,NONE,-0.006270204736899404,0.0
489,453685,2. Moderate Disturbance,sinusoidal,16.0,5.0,1.8300455818923653,0.5672944741652398,45.0,7.5,0.06666666666666667,-1.0,0.2,FAILED,TRACK_LOSS,NO_ACQUISITION,1.2627511077271256,-37.5
490,695033,3. High Disturbance / Nonlinear,figure_eight,14.0,15.0,29.834461113271768,57.02493210498522,37.5,7.5,0.06666666666666667,-1.0,0.3333333333333333,FAILED,TRACK_LOSS,NO_ACQUISITION,-27.19047099171345,-30.0
491,686528,4. Degraded Optical Conditions,atmospheric_degradation,9.0,10.0,85.26874911586037,0.5359652903081011,20.0,17.5,-1.0,-1.0,FAILED,FAILED,NO_ACQUISITION,NO_ACQUISITION,84.73278382555227,-2.5
492,188086,1. Low Disturbance,straight_line,22.0,0.0,0.1843571605099927,0.19476062169691574,100.0,100.0,0.06666666666666667,0.06666666666666667,NOT_APPLICABLE,NOT_APPLICABLE,NONE,NONE,-0.010403461186923035,0.0
493,311160,2. Moderate Disturbance,sinusoidal,16.0,5.0,1.8471758703242862,106.1933591629269,45.0,5.0,0.06666666666666667,-1.0,0.2,FAILED,TRACK_LOSS,NO_ACQUISITION,-104.3461832926026,-40.0
494,834912,3. High Disturbance / Nonlinear,figure_eight,14.0,15.0,119.24847677363,1.201947262926373,40.0,7.5,0.06666666666666667,-1.0,0.25555555555555554,FAILED,TRACK_LOSS,NO_ACQUISITION,118.04652951070364,-32.5
495,593586,4. Degraded Optical Conditions,atmospheric_degradation,9.0,10.0,92.50757948891803,1.023178581786907,22.5,17.5,0.06666666666666667,-1.0,FAILED,FAILED,TRACK_LOSS,NO_ACQUISITION,91.48440090713112,-5.0
496,474270,1. Low Disturbance,straight_line,22.0,0.0,0.18573480772929227,0.19861995910348898,100.0,100.0,0.06666666666666667,0.06666666666666667,NOT_APPLICABLE,NOT_APPLICABLE,NONE,NONE,-0.012885151374196713,0.0
497,534185,2. Moderate Disturbance,sinusoidal,16.0,5.0,1.7091087520701442,0.6787993301867398,45.0,10.0,0.06666666666666667,-1.0,0.2,FAILED,TRACK_LOSS,NO_ACQUISITION,1.0303094218834046,-35.0
498,227264,3. High Disturbance / Nonlinear,figure_eight,14.0,15.0,52.676091633768266,0.48954223671657204,40.0,17.5,0.06666666666666667,0.7666666666666667,0.2,0.7333333333333333,TRACK_LOSS,TRACK_LOSS,52.18654939705169,-22.5
499,151007,4. Degraded Optical Conditions,atmospheric_degradation,9.0,10.0,1.1220686566362252,1.005641469938122,22.5,17.5,1.0666666666666667,-1.0,1.0666666666666667,FAILED,TRACK_LOSS,NO_ACQUISITION,0.11642718669810326,-5.0
500,910320,1. Low Disturbance,straight_line,22.0,0.0,0.1937872595562197,0.22204419364257644,100.0,100.0,0.06666666666666667,0.06666666666666667,NOT_APPLICABLE,NOT_APPLICABLE,NONE,NONE,-0.02825693408635674,0.0
501,978590,2. Moderate Disturbance,sinusoidal,16.0,5.0,2.169068908099047,1.779785033918448,45.0,7.5,0.06666666666666667,-1.0,0.2,FAILED,TRACK_LOSS,NO_ACQUISITION,0.38928387418059884,-37.5
502,387382,3. High Disturbance / Nonlinear,figure_eight,14.0,15.0,44.80299849594747,0.7468848318323835,45.0,15.0,0.06666666666666667,0.06666666666666667,0.2,FAILED,TRACK_LOSS,TRACK_LOSS,44.05611366411509,-30.0
503,228370,4. Degraded Optical Conditions,atmospheric_degradation,9.0,10.0,134.09052732672026,18.83969014003447,27.500000000000004,12.5,0.1,-1.0,0.1,FAILED,TRACK_LOSS,NO_ACQUISITION,115.2508371866858,-15.000000000000004
504,286330,1. Low Disturbance,straight_line,22.0,0.0,0.20473796130899197,0.2290097296612925,100.0,100.0,0.06666666666666667,0.06666666666666667,NOT_APPLICABLE,NOT_APPLICABLE,NONE,NONE,-0.02427176835230052,0.0
505,319141,2. Moderate Disturbance,sinusoidal,16.0,5.0,1.8039409286047814,1.0666935765025374,45.0,10.0,0.06666666666666667,0.8666666666666667,0.2,0.8333333333333334,TRACK_LOSS,TRACK_LOSS,0.737247352102244,-35.0
506,997415,3. High Disturbance / Nonlinear,figure_eight,14.0,15.0,2.026360435036427,1.7426713559868345,45.0,12.5,0.06666666666666667,1.0666666666666667,0.22499999999999998,1.0333333333333334,TRACK_LOSS,TRACK_LOSS,0.2836890790495923,-32.5
507,709518,4. Degraded Optical Conditions,atmospheric_degradation,9.0,10.0,0.6077922363092195,1.133880790928115,20.0,25.0,-1.0,-1.0,FAILED,FAILED,NO_ACQUISITION,NO_ACQUISITION,-0.5260885546188955,5.0
508,271670,1. Low Disturbance,straight_line,22.0,0.0,0.1892266238255792,0.21410340762489957,100.0,100.0,0.06666666666666667,0.06666666666666667,NOT_APPLICABLE,NOT_APPLICABLE,NONE,NONE,-0.024876783799320373,0.0
509,878636,2. Moderate Disturbance,sinusoidal,16.0,5.0,1.8751951297005196,0.5219287540235981,45.0,7.5,0.1,-1.0,0.18333333333333332,FAILED,TRACK_LOSS,NO_ACQUISITION,1.3532663756769217,-37.5
510,780845,3. High Disturbance / Nonlinear,figure_eight,14.0,15.0,2.2899105375202953,0.7666873037256744,40.0,15.0,0.06666666666666667,-1.0,0.24166666666666664,FAILED,TRACK_LOSS,NO_ACQUISITION,1.5232232337946208,-25.0
511,733630,4. Degraded Optical Conditions,atmospheric_degradation,9.0,10.0,117.09703242096211,0.6352705376453319,37.5,17.5,0.26666666666666666,-1.0,0.3888888888888889,FAILED,TRACK_LOSS,NO_ACQUISITION,116.46176188331678,-20.0
512,562198,1. Low Disturbance,straight_line,22.0,0.0,0.18392845238185135,0.19029564140374156,100.0,100.0,0.06666666666666667,0.06666666666666667,NOT_APPLICABLE,NOT_APPLICABLE,NONE,NONE,-0.006367189021890207,0.0
513,874297,2. Moderate Disturbance,sinusoidal,16.0,5.0,2.0451811800758,0.24140484060893094,45.0,7.5,0.06666666666666667,-1.0,0.20666666666666664,FAILED,TRACK_LOSS,NO_ACQUISITION,1.803776339466869,-37.5
514,471751,3. High Disturbance / Nonlinear,figure_eight,14.0,15.0,1.9424718388792064,0.6945669238729206,45.0,7.5,0.4666666666666667,-1.0,0.2888888888888889,FAILED,TRACK_LOSS,NO_ACQUISITION,1.2479049150062858,-37.5
515,752970,4. Degraded Optical Conditions,atmospheric_degradation,9.0,10.0,27.635453719297754,1.7864524477009127,35.0,10.0,0.36666666666666664,-1.0,0.23333333333333334,FAILED,TRACK_LOSS,NO_ACQUISITION,25.84900127159684,-25.0
516,359662,1. Low Disturbance,straight_line,22.0,0.0,0.19918326466078476,0.19654553929224083,100.0,100.0,0.06666666666666667,0.06666666666666667,NOT_APPLICABLE,NOT_APPLICABLE,NONE,NONE,0.002637725368543925,0.0
517,775490,2. Moderate Disturbance,sinusoidal,16.0,5.0,1.6051347951553525,1.285663080488451,45.0,10.0,0.06666666666666667,0.06666666666666667,0.2,FAILED,TRACK_LOSS,TRACK_LOSS,0.3194717146669015,-35.0
518,956307,3. High Disturbance / Nonlinear,figure_eight,14.0,15.0,55.387353982292744,0.9384824613602589,42.5,17.5,0.06666666666666667,0.7666666666666667,0.25,0.7333333333333333,TRACK_LOSS,TRACK_LOSS,54.448871520932485,-25.0
519,362646,4. Degraded Optical Conditions,atmospheric_degradation,9.0,10.0,148.10218043610047,262.5794763412081,22.5,5.0,0.8333333333333334,-1.0,0.8333333333333334,FAILED,TRACK_LOSS,NO_ACQUISITION,-114.47729590510761,-17.5
520,296792,1. Low Disturbance,straight_line,22.0,0.0,0.17285687765247718,0.1841778478555895,100.0,100.0,0.06666666666666667,0.06666666666666667,NOT_APPLICABLE,NOT_APPLICABLE,NONE,NONE,-0.011320970203112318,0.0
521,712181,2. Moderate Disturbance,sinusoidal,16.0,5.0,1.8721905906608836,1.023346715145177,45.0,7.5,0.06666666666666667,-1.0,0.20666666666666664,FAILED,TRACK_LOSS,NO_ACQUISITION,0.8488438755157066,-37.5
522,982799,3. High Disturbance / Nonlinear,figure_eight,14.0,15.0,25.508920513607624,0.8356338617219026,42.5,12.5,0.1,0.9666666666666667,0.18,0.9666666666666667,TRACK_LOSS,TRACK_LOSS,24.67328665188572,-30.0
523,544153,4. Degraded Optical Conditions,atmospheric_degradation,9.0,10.0,85.62104582163865,0.980229702206517,25.0,15.0,0.6333333333333333,-1.0,0.6,FAILED,TRACK_LOSS,NO_ACQUISITION,84.64081611943213,-10.0
524,503182,1. Low Disturbance,straight_line,22.0,0.0,0.18311504905697462,0.19550846018754753,100.0,100.0,0.06666666666666667,0.06666666666666667,NOT_APPLICABLE,NOT_APPLICABLE,NONE,NONE,-0.012393411130572907,0.0
525,579494,2. Moderate Disturbance,sinusoidal,16.0,5.0,1.9554237900769018,61.74921140491228,45.0,7.5,0.06666666666666667,-1.0,0.2,FAILED,TRACK_LOSS,NO_ACQUISITION,-59.79378761483538,-37.5
526,997668,3. High Disturbance / Nonlinear,figure_eight,14.0,15.0,2.3729572247103947,1.0713759876006799,45.0,17.5,0.06666666666666667,1.0,0.2,0.9666666666666667,TRACK_LOSS,TRACK_LOSS,1.3015812371097149,-27.5
527,636034,4. Degraded Optical Conditions,atmospheric_degradation,9.0,10.0,1.08581968252085,1.3223517264859592,32.5,27.500000000000004,0.4666666666666667,0.23333333333333334,0.31666666666666665,0.2,TRACK_LOSS,TRACK_LOSS,-0.2365320439651093,-4.9999999999999964
528,447781,1. Low Disturbance,straight_line,22.0,0.0,0.20418450282864367,0.21667437157155245,100.0,100.0,0.06666666666666667,0.06666666666666667,NOT_APPLICABLE,NOT_APPLICABLE,NONE,NONE,-0.012489868742908777,0.0
529,783618,2. Moderate Disturbance,sinusoidal,16.0,5.0,2.021985894709156,0.8875506351634487,45.0,10.0,0.06666666666666667,-1.0,0.2,FAILED,TRACK_LOSS,NO_ACQUISITION,1.1344352595457075,-35.0
530,241040,3. High Disturbance / Nonlinear,figure_eight,14.0,15.0,2.1590556436244817,0.7085991491775792,47.5,12.5,0.06666666666666667,0.06666666666666667,0.18000000000000002,FAILED,TRACK_LOSS,TRACK_LOSS,1.4504564944469025,-35.0
531,627930,4. Degraded Optical Conditions,atmospheric_degradation,9.0,10.0,59.20888612767758,187.19426673614484,25.0,2.5,1.1333333333333333,-1.0,1.1333333333333333,FAILED,TRACK_LOSS,NO_ACQUISITION,-127.98538060846727,-22.5
532,536903,1. Low Disturbance,straight_line,22.0,0.0,0.1785211767866048,0.17617927397363706,100.0,100.0,0.06666666666666667,0.06666666666666667,NOT_APPLICABLE,NOT_APPLICABLE,NONE,NONE,0.0023419028129677555,0.0
533,929801,2. Moderate Disturbance,sinusoidal,16.0,5.0,1.9066963152823486,0.3160140454096025,47.5,7.5,0.06666666666666667,-1.0,0.2,FAILED,TRACK_LOSS,NO_ACQUISITION,1.590682269872746,-40.0
534,733339,3. High Disturbance / Nonlinear,figure_eight,14.0,15.0,73.7762888251027,0.5393579387387618,42.5,5.0,0.26666666666666666,-1.0,0.20666666666666664,FAILED,TRACK_LOSS,NO_ACQUISITION,73.23693088636394,-37.5
535,432615,4. Degraded Optical Conditions,atmospheric_degradation,9.0,10.0,132.0605318833889,1.4589838319080681,22.5,20.0,-1.0,0.2,FAILED,0.16666666666666666,NO_ACQUISITION,TRACK_LOSS,130.60154805148085,-2.5
536,579364,1. Low Disturbance,straight_line,22.0,0.0,0.16828229475222717,0.16678278498911708,100.0,100.0,0.06666666666666667,0.06666666666666667,NOT_APPLICABLE,NOT_APPLICABLE,NONE,NONE,0.001499509763110085,0.0
537,296008,2. Moderate Disturbance,sinusoidal,16.0,5.0,2.1091045315166776,1.1785643742674532,45.0,7.5,0.06666666666666667,-1.0,0.2,FAILED,TRACK_LOSS,NO_ACQUISITION,0.9305401572492245,-37.5
538,170520,3. High Disturbance / Nonlinear,figure_eight,14.0,15.0,55.103739533937905,0.5211698240587669,45.0,7.5,0.06666666666666667,-1.0,0.20666666666666664,FAILED,TRACK_LOSS,NO_ACQUISITION,54.58256970987914,-37.5
539,636814,4. Degraded Optical Conditions,atmospheric_degradation,9.0,10.0,91.8162704442587,1.1540332837098648,32.5,20.0,0.3,-1.0,0.41111111111111115,FAILED,TRACK_LOSS,NO_ACQUISITION,90.66223716054884,-12.5
540,335679,1. Low Disturbance,straight_line,22.0,0.0,0.1862716680679116,0.19413140851655053,100.0,100.0,0.06666666666666667,0.06666666666666667,NOT_APPLICABLE,NOT_APPLICABLE,NONE,NONE,-0.007859740448638936,0.0
541,880045,2. Moderate Disturbance,sinusoidal,16.0,5.0,1.865350372027401,0.3499390658372547,45.0,5.0,0.06666666666666667,-1.0,0.2,FAILED,TRACK_LOSS,NO_ACQUISITION,1.5154113061901462,-40.0
542,684126,3. High Disturbance / Nonlinear,figure_eight,14.0,15.0,49.321080654055095,1.0967493665681174,45.0,20.0,0.1,0.1,0.18888888888888888,0.3833333333333333,TRACK_LOSS,TRACK_LOSS,48.224331287486976,-25.0
543,236029,4. Degraded Optical Conditions,atmospheric_degradation,9.0,10.0,63.86686831965383,0.9619388540941839,35.0,15.0,0.43333333333333335,-1.0,0.41111111111111115,FAILED,TRACK_LOSS,NO_ACQUISITION,62.90492946555965,-20.0
544,754059,1. Low Disturbance,straight_line,22.0,0.0,0.18684085746648196,0.21526759203954718,100.0,100.0,0.06666666666666667,0.06666666666666667,NOT_APPLICABLE,NOT_APPLICABLE,NONE,NONE,-0.028426734573065215,0.0
545,909271,2. Moderate Disturbance,sinusoidal,16.0,5.0,1.9015525141988188,1.3890328322712284,45.0,10.0,0.06666666666666667,-1.0,0.2,FAILED,TRACK_LOSS,NO_ACQUISITION,0.5125196819275903,-35.0
546,990544,3. High Disturbance / Nonlinear,figure_eight,14.0,15.0,1.6824091399923884,1.452149216856608,47.5,25.0,0.06666666666666667,0.06666666666666667,0.26666666666666666,0.5,TRACK_LOSS,TRACK_LOSS,0.23025992313578048,-22.5
547,850867,4. Degraded Optical Conditions,atmospheric_degradation,9.0,10.0,114.8962065045487,1.3665658605842386,25.0,20.0,0.4,-1.0,0.36666666666666664,FAILED,TRACK_LOSS,NO_ACQUISITION,113.52964064396446,-5.0
548,450867,1. Low Disturbance,straight_line,22.0,0.0,0.19019689428933031,0.20423495847827086,100.0,100.0,0.06666666666666667,0.06666666666666667,NOT_APPLICABLE,NOT_APPLICABLE,NONE,NONE,-0.014038064188940547,0.0
549,993865,2. Moderate Disturbance,sinusoidal,16.0,5.0,1.6811646439640362,2.0219528809424507,42.5,10.0,0.06666666666666667,0.06666666666666667,0.25,FAILED,TRACK_LOSS,TRACK_LOSS,-0.34078823697841454,-32.5
550,335307,3. High Disturbance / Nonlinear,figure_eight,14.0,15.0,2.291812073657881,0.8250164248870824,47.5,12.5,0.06666666666666667,-1.0,0.2066666666666667,FAILED,TRACK_LOSS,NO_ACQUISITION,1.4667956487707985,-35.0
551,690259,4. Degraded Optical Conditions,atmospheric_degradation,9.0,10.0,82.58559395016431,0.7237573304324767,32.5,15.0,0.23333333333333334,-1.0,0.2833333333333333,FAILED,TRACK_LOSS,NO_ACQUISITION,81.86183661973183,-17.5
552,465451,1. Low Disturbance,straight_line,22.0,0.0,0.18546096291127137,0.19554984315592466,100.0,100.0,0.06666666666666667,0.06666666666666667,NOT_APPLICABLE,NOT_APPLICABLE,NONE,NONE,-0.010088880244653292,0.0
553,325468,2. Moderate Disturbance,sinusoidal,16.0,5.0,1.8696950283465028,0.24675198413484017,45.0,5.0,0.06666666666666667,-1.0,0.2,FAILED,TRACK_LOSS,NO_ACQUISITION,1.6229430442116626,-40.0
554,639197,3. High Disturbance / Nonlinear,figure_eight,14.0,15.0,1.8924068257438218,0.8478337665813025,45.0,15.0,0.06666666666666667,1.1333333333333333,0.2066666666666667,1.0666666666666667,TRACK_LOSS,TRACK_LOSS,1.0445730591625193,-30.0
555,783509,4. Degraded Optical Conditions,atmospheric_degradation,9.0,10.0,122.72827776404455,79.11513098520625,30.0,7.5,0.13333333333333333,-1.0,0.13333333333333333,FAILED,TRACK_LOSS,NO_ACQUISITION,43.6131467788383,-22.5
556,651719,1. Low Disturbance,straight_line,22.0,0.0,0.17466865466274445,0.21239341441854517,100.0,100.0,0.06666666666666667,0.06666666666666667,NOT_APPLICABLE,NOT_APPLICABLE,NONE,NONE,-0.037724759755800724,0.0
557,727642,2. Moderate Disturbance,sinusoidal,16.0,5.0,2.048946009763992,0.18332447564954163,45.0,5.0,0.06666666666666667,-1.0,0.2,FAILED,TRACK_LOSS,NO_ACQUISITION,1.8656215341144506,-40.0
558,783301,3. High Disturbance / Nonlinear,figure_eight,14.0,15.0,2.065246034739337,1.029226460085072,47.5,12.5,0.06666666666666667,-1.0,0.25,FAILED,TRACK_LOSS,NO_ACQUISITION,1.0360195746542649,-35.0
559,195536,4. Degraded Optical Conditions,atmospheric_degradation,9.0,10.0,143.14599530755657,362.5641919694771,27.500000000000004,2.5,0.26666666666666666,-1.0,0.5166666666666667,FAILED,TRACK_LOSS,NO_ACQUISITION,-219.41819666192055,-25.000000000000004
560,399932,1. Low Disturbance,straight_line,22.0,0.0,0.19507214667571127,0.19643768524758246,100.0,100.0,0.06666666666666667,0.06666666666666667,NOT_APPLICABLE,NOT_APPLICABLE,NONE,NONE,-0.0013655385718711888,0.0
561,132936,2. Moderate Disturbance,sinusoidal,16.0,5.0,1.991809714729982,0.26918662296012474,45.0,5.0,0.06666666666666667,-1.0,0.2,FAILED,TRACK_LOSS,NO_ACQUISITION,1.7226230917698573,-40.0
562,896282,3. High Disturbance / Nonlinear,figure_eight,14.0,15.0,25.16349415882378,0.9425303513294985,42.5,17.5,0.06666666666666667,0.06666666666666667,0.25,0.8,TRACK_LOSS,TRACK_LOSS,24.220963807494282,-25.0
563,343903,4. Degraded Optical Conditions,atmospheric_degradation,9.0,10.0,83.59437822912777,1.5300690688950782,30.0,22.5,-1.0,-1.0,FAILED,FAILED,NO_ACQUISITION,NO_ACQUISITION,82.0643091602327,-7.5
564,598584,1. Low Disturbance,straight_line,22.0,0.0,0.18494296248186365,0.18581226361287637,100.0,100.0,0.06666666666666667,0.06666666666666667,NOT_APPLICABLE,NOT_APPLICABLE,NONE,NONE,-0.0008693011310127174,0.0
565,701034,2. Moderate Disturbance,sinusoidal,16.0,5.0,2.0237012968856014,0.6750784570965687,45.0,7.5,0.06666666666666667,-1.0,0.2,FAILED,TRACK_LOSS,NO_ACQUISITION,1.3486228397890327,-37.5
566,682156,3. High Disturbance / Nonlinear,figure_eight,14.0,15.0,1.938115070091431,1.0381478005266467,42.5,17.5,0.13333333333333333,0.13333333333333333,0.20833333333333331,0.1,TRACK_LOSS,TRACK_LOSS,0.8999672695647842,-25.0
567,958832,4. Degraded Optical Conditions,atmospheric_degradation,9.0,10.0,72.25468010450773,0.9805041756884696,25.0,17.5,0.6666666666666666,0.06666666666666667,0.3833333333333333,FAILED,TRACK_LOSS,TRACK_LOSS,71.27417592881926,-7.5
568,665742,1. Low Disturbance,straight_line,22.0,0.0,0.1809871635736352,0.20630462471103994,100.0,100.0,0.06666666666666667,0.06666666666666667,NOT_APPLICABLE,NOT_APPLICABLE,NONE,NONE,-0.02531746113740474,0.0
569,710302,2. Moderate Disturbance,sinusoidal,16.0,5.0,1.936394489344608,0.3362615368455107,45.0,5.0,0.06666666666666667,-1.0,0.2,FAILED,TRACK_LOSS,NO_ACQUISITION,1.6001329524990973,-40.0
570,233988,3. High Disturbance / Nonlinear,figure_eight,14.0,15.0,1.4889126887391118,1.518238935585678,45.0,15.0,0.06666666666666667,0.06666666666666667,0.2583333333333333,0.7333333333333333,TRACK_LOSS,TRACK_LOSS,-0.029326246846566262,-30.0
571,842990,4. Degraded Optical Conditions,atmospheric_degradation,9.0,10.0,1.6518487478842234,1.6861238215498298,35.0,22.5,0.23333333333333334,0.9333333333333333,0.5833333333333334,0.9,TRACK_LOSS,TRACK_LOSS,-0.03427507366560634,-12.5
572,913594,1. Low Disturbance,straight_line,22.0,0.0,0.17984956244986872,0.20183610023573575,100.0,100.0,0.06666666666666667,0.06666666666666667,NOT_APPLICABLE,NOT_APPLICABLE,NONE,NONE,-0.02198653778586704,0.0
573,271625,2. Moderate Disturbance,sinusoidal,16.0,5.0,1.8671453241305107,0.9611621922852133,45.0,12.5,0.06666666666666667,0.8666666666666667,0.2,0.8,TRACK_LOSS,TRACK_LOSS,0.9059831318452974,-32.5
574,147435,3. High Disturbance / Nonlinear,figure_eight,14.0,15.0,2.1328316787794703,0.660986095634639,45.0,7.5,0.06666666666666667,-1.0,0.2,FAILED,TRACK_LOSS,NO_ACQUISITION,1.4718455831448314,-37.5
575,234859,4. Degraded Optical Conditions,atmospheric_degradation,9.0,10.0,0.9713588359085112,1.1177461990049484,17.5,12.5,-1.0,-1.0,FAILED,FAILED,NO_ACQUISITION,NO_ACQUISITION,-0.14638736309643718,-5.0
576,878011,1. Low Disturbance,straight_line,22.0,0.0,0.19225702932477243,0.22325959611937318,100.0,100.0,0.06666666666666667,0.06666666666666667,NOT_APPLICABLE,NOT_APPLICABLE,NONE,NONE,-0.031002566794600755,0.0
577,161952,2. Moderate Disturbance,sinusoidal,16.0,5.0,1.9770768075366678,0.9849553023116734,45.0,7.5,0.06666666666666667,-1.0,0.2,FAILED,TRACK_LOSS,NO_ACQUISITION,0.9921215052249944,-37.5
578,174435,3. High Disturbance / Nonlinear,figure_eight,14.0,15.0,2.0105774318516767,2.117492753095184,42.5,20.0,0.06666666666666667,0.06666666666666667,0.23333333333333334,0.8333333333333334,TRACK_LOSS,TRACK_LOSS,-0.10691532124350722,-22.5
579,196743,4. Degraded Optical Conditions,atmospheric_degradation,9.0,10.0,70.61911118104328,1.359282298208558,22.5,12.5,-1.0,-1.0,FAILED,FAILED,NO_ACQUISITION,NO_ACQUISITION,69.25982888283473,-10.0
580,214008,1. Low Disturbance,straight_line,22.0,0.0,0.18922148603801098,0.20738814321457238,100.0,100.0,0.06666666666666667,0.06666666666666667,NOT_APPLICABLE,NOT_APPLICABLE,NONE,NONE,-0.018166657176561407,0.0
581,407235,2. Moderate Disturbance,sinusoidal,16.0,5.0,1.694399579209807,1.409566992969689,45.0,12.5,0.06666666666666667,0.06666666666666667,0.2,FAILED,TRACK_LOSS,TRACK_LOSS,0.284832586240118,-32.5
582,932798,3. High Disturbance / Nonlinear,figure_eight,14.0,15.0,1.8955773046554973,1.0181575260575781,47.5,15.0,0.06666666666666667,0.06666666666666667,0.21666666666666667,FAILED,TRACK_LOSS,TRACK_LOSS,0.8774197785979192,-32.5
583,489331,4. Degraded Optical Conditions,atmospheric_degradation,9.0,10.0,35.66925664009319,0.933616933804764,37.5,20.0,0.26666666666666666,1.0,0.38888888888888884,0.9333333333333333,TRACK_LOSS,TRACK_LOSS,34.735639706288424,-17.5
584,926268,1. Low Disturbance,straight_line,22.0,0.0,0.1804247083827246,0.1924172004133398,100.0,100.0,0.06666666666666667,0.06666666666666667,NOT_APPLICABLE,NOT_APPLICABLE,NONE,NONE,-0.011992492030615198,0.0
585,496269,2. Moderate Disturbance,sinusoidal,16.0,5.0,1.772452740050997,0.24746476422346114,42.5,5.0,0.06666666666666667,-1.0,0.26666666666666666,FAILED,TRACK_LOSS,NO_ACQUISITION,1.524987975827536,-37.5
586,858843,3. High Disturbance / Nonlinear,figure_eight,14.0,15.0,1.59905447871941,0.4934821217605132,35.0,12.5,0.06666666666666667,0.7666666666666667,0.5,0.7333333333333333,TRACK_LOSS,TRACK_LOSS,1.1055723569588969,-22.5
587,302365,4. Degraded Optical Conditions,atmospheric_degradation,9.0,10.0,72.78021038905823,1.0797446140823699,32.5,20.0,0.06666666666666667,1.3,0.43333333333333335,1.2666666666666666,TRACK_LOSS,TRACK_LOSS,71.70046577497585,-12.5
588,679369,1. Low Disturbance,straight_line,22.0,0.0,0.210271938792973,0.22514076385568343,100.0,100.0,0.06666666666666667,0.06666666666666667,NOT_APPLICABLE,NOT_APPLICABLE,NONE,NONE,-0.014868825062710422,0.0
589,392918,2. Moderate Disturbance,sinusoidal,16.0,5.0,1.90307023490866,0.1359006995037028,45.0,5.0,0.06666666666666667,-1.0,0.2,FAILED,TRACK_LOSS,NO_ACQUISITION,1.767169535404957,-40.0
590,392616,3. High Disturbance / Nonlinear,figure_eight,14.0,15.0,1.9902863129956314,1.3049544751822773,40.0,12.5,0.26666666666666666,1.1666666666666667,0.32222222222222224,1.1333333333333333,TRACK_LOSS,TRACK_LOSS,0.6853318378133542,-27.5
591,624364,4. Degraded Optical Conditions,atmospheric_degradation,9.0,10.0,99.8216377172648,1.0268508793795275,32.5,17.5,1.3,-1.0,1.2333333333333334,FAILED,TRACK_LOSS,NO_ACQUISITION,98.79478683788528,-15.0
592,934667,1. Low Disturbance,straight_line,22.0,0.0,0.1770943764049654,0.20392931122672783,100.0,100.0,0.06666666666666667,0.06666666666666667,NOT_APPLICABLE,NOT_APPLICABLE,NONE,NONE,-0.02683493482176244,0.0
593,662346,2. Moderate Disturbance,sinusoidal,16.0,5.0,2.0110672478644687,0.3110460648685915,45.0,5.0,0.06666666666666667,-1.0,0.2,FAILED,TRACK_LOSS,NO_ACQUISITION,1.7000211829958771,-40.0
594,892919,3. High Disturbance / Nonlinear,figure_eight,14.0,15.0,2.1884175805408748,31.351350190746334,47.5,5.0,0.06666666666666667,-1.0,0.20666666666666664,FAILED,TRACK_LOSS,NO_ACQUISITION,-29.16293261020546,-42.5
595,231948,4. Degraded Optical Conditions,atmospheric_degradation,9.0,10.0,10.180293328131624,1.161953867533057,35.0,15.0,0.5,-1.0,0.35,FAILED,TRACK_LOSS,NO_ACQUISITION,9.018339460598567,-20.0
596,426829,1. Low Disturbance,straight_line,22.0,0.0,0.19075965867552322,0.1817673621739035,100.0,100.0,0.06666666666666667,0.06666666666666667,NOT_APPLICABLE,NOT_APPLICABLE,NONE,NONE,0.008992296501619729,0.0
597,261715,2. Moderate Disturbance,sinusoidal,16.0,5.0,49.59098017226501,0.13726842206018658,45.0,5.0,0.06666666666666667,-1.0,0.2,FAILED,TRACK_LOSS,NO_ACQUISITION,49.453711750204825,-40.0
598,531697,3. High Disturbance / Nonlinear,figure_eight,14.0,15.0,91.19820450312343,1.3165635632068278,45.0,15.0,0.1,0.26666666666666666,0.21333333333333332,0.26666666666666666,TRACK_LOSS,TRACK_LOSS,89.88164093991661,-30.0
599,762018,4. Degraded Optical Conditions,atmospheric_degradation,9.0,10.0,81.51511523588296,1.31667491900269,35.0,10.0,0.6666666666666666,-1.0,0.6,FAILED,TRACK_LOSS,NO_ACQUISITION,80.19844031688027,-25.0
600,353594,1. Low Disturbance,straight_line,22.0,0.0,0.17826617103361972,0.20581429298795506,100.0,100.0,0.06666666666666667,0.06666666666666667,NOT_APPLICABLE,NOT_APPLICABLE,NONE,NONE,-0.02754812195433534,0.0
601,737088,2. Moderate Disturbance,sinusoidal,16.0,5.0,1.8859225443890906,1.1906965281115514,45.0,7.5,0.06666666666666667,-1.0,0.2,FAILED,TRACK_LOSS,NO_ACQUISITION,0.6952260162775392,-37.5
602,954224,3. High Disturbance / Nonlinear,figure_eight,14.0,15.0,2.1847544770856833,1.1080748535657703,52.5,7.5,0.06666666666666667,-1.0,0.16666666666666666,FAILED,TRACK_LOSS,NO_ACQUISITION,1.076679623519913,-45.0
603,528276,4. Degraded Optical Conditions,atmospheric_degradation,9.0,10.0,1.3833125233006216,0.8769158954722305,35.0,17.5,0.06666666666666667,-1.0,0.43333333333333335,FAILED,TRACK_LOSS,NO_ACQUISITION,0.5063966278283911,-17.5
604,256750,1. Low Disturbance,straight_line,22.0,0.0,0.19955610282848907,0.22695207045737587,100.0,100.0,0.06666666666666667,0.06666666666666667,NOT_APPLICABLE,NOT_APPLICABLE,NONE,NONE,-0.027395967628886797,0.0
605,823738,2. Moderate Disturbance,sinusoidal,16.0,5.0,1.9029978990638186,0.3961599367315663,45.0,5.0,0.06666666666666667,-1.0,0.2,FAILED,TRACK_LOSS,NO_ACQUISITION,1.5068379623322523,-40.0
606,802039,3. High Disturbance / Nonlinear,figure_eight,14.0,15.0,2.1371460187651152,1.8972381167856247,45.0,22.5,0.06666666666666667,0.06666666666666667,0.20833333333333331,0.8666666666666667,TRACK_LOSS,TRACK_LOSS,0.23990790197949052,-22.5
607,342548,4. Degraded Optical Conditions,atmospheric_degradation,9.0,10.0,108.82514622891267,0.8317570420770395,35.0,22.5,0.13333333333333333,1.2333333333333334,0.39999999999999997,1.2333333333333334,TRACK_LOSS,TRACK_LOSS,107.99338918683563,-12.5
608,508661,1. Low Disturbance,straight_line,22.0,0.0,0.200794740436636,0.21326104073295493,100.0,100.0,0.06666666666666667,0.06666666666666667,NOT_APPLICABLE,NOT_APPLICABLE,NONE,NONE,-0.012466300296318927,0.0
609,431890,2. Moderate Disturbance,sinusoidal,16.0,5.0,1.645175433179989,0.731095278563692,45.0,10.0,0.06666666666666667,0.8666666666666667,0.2,0.8333333333333334,TRACK_LOSS,TRACK_LOSS,0.914080154616297,-35.0
610,730017,3. High Disturbance / Nonlinear,figure_eight,14.0,15.0,2.1710468068585596,0.7570720418384662,37.5,7.5,0.06666666666666667,-1.0,0.20000000000000004,FAILED,TRACK_LOSS,NO_ACQUISITION,1.4139747650200933,-30.0
611,389062,4. Degraded Optical Conditions,atmospheric_degradation,9.0,10.0,1.1351124699980795,0.8795134763728288,27.500000000000004,17.5,0.5333333333333333,-1.0,0.5166666666666666,FAILED,TRACK_LOSS,NO_ACQUISITION,0.2555989936252506,-10.000000000000004
612,353469,1. Low Disturbance,straight_line,22.0,0.0,0.18628250682507935,0.17695716726063107,100.0,100.0,0.06666666666666667,0.06666666666666667,NOT_APPLICABLE,NOT_APPLICABLE,NONE,NONE,0.009325339564448282,0.0
613,140943,2. Moderate Disturbance,sinusoidal,16.0,5.0,1.8029832374974388,0.321324016221373,45.0,7.5,0.06666666666666667,-1.0,0.2,FAILED,TRACK_LOSS,NO_ACQUISITION,1.4816592212760658,-37.5
614,900020,3. High Disturbance / Nonlinear,figure_eight,14.0,15.0,30.521875544995673,0.7199883880005723,45.0,7.5,0.06666666666666667,-1.0,0.20666666666666664,FAILED,TRACK_LOSS,NO_ACQUISITION,29.8018871569951,-37.5
615,365126,4. Degraded Optical Conditions,atmospheric_degradation,9.0,10.0,83.49000780117976,1.11679067512612,32.5,15.0,0.6,-1.0,0.5333333333333333,FAILED,TRACK_LOSS,NO_ACQUISITION,82.37321712605363,-17.5
616,357301,1. Low Disturbance,straight_line,22.0,0.0,0.20176043436506344,0.22166788603477383,100.0,100.0,0.06666666666666667,0.06666666666666667,NOT_APPLICABLE,NOT_APPLICABLE,NONE,NONE,-0.01990745166971039,0.0
617,415299,2. Moderate Disturbance,sinusoidal,16.0,5.0,1.7053703832311842,0.1322350350911621,40.0,5.0,0.06666666666666667,-1.0,0.24166666666666664,FAILED,TRACK_LOSS,NO_ACQUISITION,1.573135348140022,-35.0
618,996130,3. High Disturbance / Nonlinear,figure_eight,14.0,15.0,3.2469510137036472,0.8715041432991385,47.5,17.5,0.06666666666666667,0.9,0.25,0.8666666666666667,TRACK_LOSS,TRACK_LOSS,2.3754468704045086,-30.0
619,153394,4. Degraded Optical Conditions,atmospheric_degradation,9.0,10.0,33.63244653061296,0.911654320531685,30.0,20.0,0.26666666666666666,1.1,0.2,1.0666666666666667,TRACK_LOSS,TRACK_LOSS,32.72079221008128,-10.0
620,219122,1. Low Disturbance,straight_line,22.0,0.0,0.1976865844785851,0.19905400019275235,100.0,100.0,0.06666666666666667,0.06666666666666667,NOT_APPLICABLE,NOT_APPLICABLE,NONE,NONE,-0.0013674157141672638,0.0
621,143265,2. Moderate Disturbance,sinusoidal,16.0,5.0,1.9651577386667312,0.9081354664163147,45.0,7.5,0.06666666666666667,-1.0,0.2,FAILED,TRACK_LOSS,NO_ACQUISITION,1.0570222722504163,-37.5
622,591290,3. High Disturbance / Nonlinear,figure_eight,14.0,15.0,1.9526455881684222,0.7230836128424314,45.0,12.5,0.06666666666666667,-1.0,0.2,FAILED,TRACK_LOSS,NO_ACQUISITION,1.2295619753259908,-32.5
623,352861,4. Degraded Optical Conditions,atmospheric_degradation,9.0,10.0,29.498355284578864,1.5223372196013534,35.0,20.0,0.06666666666666667,-1.0,0.7,FAILED,TRACK_LOSS,NO_ACQUISITION,27.97601806497751,-15.0
624,552481,1. Low Disturbance,straight_line,22.0,0.0,0.1854408279743235,0.20685644735829142,100.0,100.0,0.06666666666666667,0.06666666666666667,NOT_APPLICABLE,NOT_APPLICABLE,NONE,NONE,-0.02141561938396791,0.0
625,873577,2. Moderate Disturbance,sinusoidal,16.0,5.0,1.8754402918516884,1.08932792018881,45.0,7.5,0.06666666666666667,-1.0,0.2,FAILED,TRACK_LOSS,NO_ACQUISITION,0.7861123716628784,-37.5
626,393909,3. High Disturbance / Nonlinear,figure_eight,14.0,15.0,53.77321098294273,1.508956781617428,45.0,27.500000000000004,0.06666666666666667,0.23333333333333334,0.2,0.3111111111111111,TRACK_LOSS,TRACK_LOSS,52.2642542013253,-17.499999999999996
627,665364,4. Degraded Optical Conditions,atmospheric_degradation,9.0,10.0,1.5281891425902658,1.4806519327773318,27.500000000000004,17.5,-1.0,-1.0,FAILED,FAILED,NO_ACQUISITION,NO_ACQUISITION,0.04753720981293408,-10.000000000000004
628,410174,1. Low Disturbance,straight_line,22.0,0.0,0.17247817777692068,0.17825046701264413,100.0,100.0,0.06666666666666667,0.06666666666666667,NOT_APPLICABLE,NOT_APPLICABLE,NONE,NONE,-0.0057722892357234545,0.0
629,921362,2. Moderate Disturbance,sinusoidal,16.0,5.0,1.7018621012041129,1.869480928932355,40.0,10.0,0.06666666666666667,-1.0,0.24166666666666664,FAILED,TRACK_LOSS,NO_ACQUISITION,-0.16761882772824221,-30.0
630,545711,3. High Disturbance / Nonlinear,figure_eight,14.0,15.0,54.6240609072334,0.5984531098847431,42.5,12.5,0.06666666666666667,-1.0,0.26666666666666666,FAILED,TRACK_LOSS,NO_ACQUISITION,54.025607797348655,-30.0
631,130567,4. Degraded Optical Conditions,atmospheric_degradation,9.0,10.0,1.3024168671985858,0.6434158467508956,27.500000000000004,15.0,0.43333333333333335,1.1333333333333333,0.35,1.1333333333333333,TRACK_LOSS,TRACK_LOSS,0.6590010204476903,-12.500000000000004
632,320995,1. Low Disturbance,straight_line,22.0,0.0,0.19670797969823958,0.2184571331402393,100.0,100.0,0.06666666666666667,0.06666666666666667,NOT_APPLICABLE,NOT_APPLICABLE,NONE,NONE,-0.021749153441999708,0.0
633,479185,2. Moderate Disturbance,sinusoidal,16.0,5.0,1.7813145641595487,0.1620234557400691,40.0,5.0,0.06666666666666667,-1.0,0.2,FAILED,TRACK_LOSS,NO_ACQUISITION,1.6192911084194797,-35.0
634,732683,3. High Disturbance / Nonlinear,figure_eight,14.0,15.0,1.960807615880087,1.9363296820393292,45.0,12.5,0.06666666666666667,-1.0,0.2,FAILED,TRACK_LOSS,NO_ACQUISITION,0.024477933840757693,-32.5
635,590016,4. Degraded Optical Conditions,atmospheric_degradation,9.0,10.0,107.6989907345698,0.7769795691783974,25.0,17.5,0.26666666666666666,-1.0,0.23333333333333334,FAILED,TRACK_LOSS,NO_ACQUISITION,106.92201116539141,-7.5
636,798664,1. Low Disturbance,straight_line,22.0,0.0,0.18205445659010813,0.21441785849175735,100.0,100.0,0.06666666666666667,0.06666666666666667,NOT_APPLICABLE,NOT_APPLICABLE,NONE,NONE,-0.032363401901649214,0.0
637,168823,2. Moderate Disturbance,sinusoidal,16.0,5.0,1.8582340347318205,0.090314300218786,40.0,5.0,0.06666666666666667,-1.0,0.2416666666666667,FAILED,TRACK_LOSS,NO_ACQUISITION,1.7679197345130344,-35.0
638,748384,3. High Disturbance / Nonlinear,figure_eight,14.0,15.0,30.718796444492884,0.4456289757297906,47.5,7.5,0.06666666666666667,-1.0,0.2066666666666667,FAILED,TRACK_LOSS,NO_ACQUISITION,30.273167468763095,-40.0
639,828047,4. Degraded Optical Conditions,atmospheric_degradation,9.0,10.0,14.492214309347649,1.4565929718249881,45.0,12.5,0.06666666666666667,-1.0,0.3333333333333333,FAILED,TRACK_LOSS,NO_ACQUISITION,13.03562133752266,-32.5
640,991764,1. Low Disturbance,straight_line,22.0,0.0,0.18590477907581682,0.19494316953156762,100.0,100.0,0.06666666666666667,0.06666666666666667,NOT_APPLICABLE,NOT_APPLICABLE,NONE,NONE,-0.009038390455750805,0.0
641,254645,2. Moderate Disturbance,sinusoidal,16.0,5.0,1.74026071350906,0.2850135672871027,45.0,5.0,0.06666666666666667,-1.0,0.2,FAILED,TRACK_LOSS,NO_ACQUISITION,1.4552471462219572,-40.0
642,758865,3. High Disturbance / Nonlinear,figure_eight,14.0,15.0,2.074012157746199,0.4150095727599866,42.5,12.5,0.06666666666666667,0.7333333333333333,0.18333333333333335,0.7,TRACK_LOSS,TRACK_LOSS,1.6590025849862124,-30.0
643,898516,4. Degraded Optical Conditions,atmospheric_degradation,9.0,10.0,126.15802001959527,0.7935501110231584,30.0,12.5,0.5333333333333333,-1.0,0.3666666666666667,FAILED,TRACK_LOSS,NO_ACQUISITION,125.36446990857212,-17.5
644,159017,1. Low Disturbance,straight_line,22.0,0.0,0.17802373110929226,0.20669826875919622,100.0,100.0,0.06666666666666667,0.06666666666666667,NOT_APPLICABLE,NOT_APPLICABLE,NONE,NONE,-0.028674537649903964,0.0
645,353820,2. Moderate Disturbance,sinusoidal,16.0,5.0,1.9906045821793752,1.9874769658639198,45.0,10.0,0.06666666666666667,-1.0,0.2,FAILED,TRACK_LOSS,NO_ACQUISITION,0.0031276163154554393,-35.0
646,106824,3. High Disturbance / Nonlinear,figure_eight,14.0,15.0,2.7423066746867177,35.0831448046346,45.0,12.5,0.06666666666666667,-1.0,0.2,FAILED,TRACK_LOSS,NO_ACQUISITION,-32.34083812994788,-32.5
647,826987,4. Degraded Optical Conditions,atmospheric_degradation,9.0,10.0,138.13914190540734,176.50074822971658,35.0,2.5,0.06666666666666667,-1.0,0.3222222222222222,FAILED,TRACK_LOSS,NO_ACQUISITION,-38.361606324309236,-32.5
648,260809,1. Low Disturbance,straight_line,22.0,0.0,0.18457752981155726,0.19890635220986375,100.0,100.0,0.06666666666666667,0.06666666666666667,NOT_APPLICABLE,NOT_APPLICABLE,NONE,NONE,-0.01432882239830649,0.0
649,904244,2. Moderate Disturbance,sinusoidal,16.0,5.0,1.7182405640099812,0.148017717996015,45.0,5.0,0.06666666666666667,-1.0,0.2,FAILED,TRACK_LOSS,NO_ACQUISITION,1.5702228460139662,-40.0
650,193896,3. High Disturbance / Nonlinear,figure_eight,14.0,15.0,66.30923507346796,0.4109828503512755,47.5,10.0,0.06666666666666667,-1.0,0.21333333333333332,FAILED,TRACK_LOSS,NO_ACQUISITION,65.89825222311669,-37.5
651,920440,4. Degraded Optical Conditions,atmospheric_degradation,9.0,10.0,54.61435630704285,0.9815533569180603,32.5,30.0,0.1,0.1,0.31666666666666665,0.41111111111111115,TRACK_LOSS,TRACK_LOSS,53.632802950124784,-2.5
652,608802,1. Low Disturbance,straight_line,22.0,0.0,0.19963334814286157,0.21669236845396297,100.0,100.0,0.06666666666666667,0.06666666666666667,NOT_APPLICABLE,NOT_APPLICABLE,NONE,NONE,-0.017059020311101403,0.0
653,300752,2. Moderate Disturbance,sinusoidal,16.0,5.0,1.9378033500575211,0.6381900127171158,45.0,7.5,0.06666666666666667,-1.0,0.2,FAILED,TRACK_LOSS,NO_ACQUISITION,1.2996133373404053,-37.5
654,931900,3. High Disturbance / Nonlinear,figure_eight,14.0,15.0,2.014698917624038,0.7966719670519025,40.0,22.5,0.06666666666666667,0.7666666666666667,0.25,0.7333333333333333,TRACK_LOSS,TRACK_LOSS,1.2180269505721357,-17.5
655,469191,4. Degraded Optical Conditions,atmospheric_degradation,9.0,10.0,58.54128789863607,1.3138137768611635,30.0,25.0,0.3333333333333333,0.8333333333333334,0.35555555555555557,0.8,TRACK_LOSS,TRACK_LOSS,57.227474121774904,-5.0
656,900460,1. Low Disturbance,straight_line,22.0,0.0,0.18540017133559025,0.2067474981737715,100.0,100.0,0.06666666666666667,0.06666666666666667,NOT_APPLICABLE,NOT_APPLICABLE,NONE,NONE,-0.021347326838181246,0.0
657,960361,2. Moderate Disturbance,sinusoidal,16.0,5.0,1.7596887119197617,0.11634104689511189,45.0,5.0,0.06666666666666667,-1.0,0.2,FAILED,TRACK_LOSS,NO_ACQUISITION,1.64334766502465,-40.0
658,598509,3. High Disturbance / Nonlinear,figure_eight,14.0,15.0,1.7371639034979676,60.28710848796364,45.0,7.5,0.06666666666666667,-1.0,0.2,FAILED,TRACK_LOSS,NO_ACQUISITION,-58.54994458446568,-37.5
659,117339,4. Degraded Optical Conditions,atmospheric_degradation,9.0,10.0,1.1836720866227657,1.3098652191665594,30.0,22.5,0.6333333333333333,0.6333333333333333,0.41666666666666663,0.6333333333333333,TRACK_LOSS,TRACK_LOSS,-0.12619313254379372,-7.5
660,577211,1. Low Disturbance,straight_line,22.0,0.0,0.18929019353730125,0.1985961401595185,100.0,100.0,0.06666666666666667,0.06666666666666667,NOT_APPLICABLE,NOT_APPLICABLE,NONE,NONE,-0.00930594662221726,0.0
661,334176,2. Moderate Disturbance,sinusoidal,16.0,5.0,1.781465287957285,0.4277690595108353,45.0,7.5,0.06666666666666667,-1.0,0.2,FAILED,TRACK_LOSS,NO_ACQUISITION,1.3536962284464495,-37.5
662,769118,3. High Disturbance / Nonlinear,figure_eight,14.0,15.0,27.048985887460294,1.1324935538160055,42.5,15.0,0.23333333333333334,0.06666666666666667,0.22666666666666666,FAILED,TRACK_LOSS,TRACK_LOSS,25.91649233364429,-27.5
663,897780,4. Degraded Optical Conditions,atmospheric_degradation,9.0,10.0,1.3040557256397693,0.817224202606722,27.500000000000004,20.0,0.5,-1.0,0.4666666666666667,FAILED,TRACK_LOSS,NO_ACQUISITION,0.48683152303304733,-7.5000000000000036
664,789223,1. Low Disturbance,straight_line,22.0,0.0,0.20526002559849071,0.19987435046211802,100.0,100.0,0.06666666666666667,0.06666666666666667,NOT_APPLICABLE,NOT_APPLICABLE,NONE,NONE,0.005385675136372697,0.0
665,512784,2. Moderate Disturbance,sinusoidal,16.0,5.0,1.9041082510096063,0.23113982537658379,45.0,7.5,0.06666666666666667,-1.0,0.2,FAILED,TRACK_LOSS,NO_ACQUISITION,1.6729684256330226,-37.5
666,400680,3. High Disturbance / Nonlinear,figure_eight,14.0,15.0,22.248062664233235,1.4235653564583424,42.5,15.0,0.1,0.1,0.18666666666666668,0.1,TRACK_LOSS,TRACK_LOSS,20.82449730777489,-27.5
667,426422,4. Degraded Optical Conditions,atmospheric_degradation,9.0,10.0,1.5543040294068353,1.3111067419084783,22.5,20.0,0.7,-1.0,0.7,FAILED,TRACK_LOSS,NO_ACQUISITION,0.243197287498357,-2.5
668,595159,1. Low Disturbance,straight_line,22.0,0.0,0.1923829423655445,0.21635360310678345,100.0,100.0,0.06666666666666667,0.06666666666666667,NOT_APPLICABLE,NOT_APPLICABLE,NONE,NONE,-0.023970660741238936,0.0
669,795926,2. Moderate Disturbance,sinusoidal,16.0,5.0,2.01254538625934,1.6490292589755164,42.5,7.5,0.06666666666666667,-1.0,0.25,FAILED,TRACK_LOSS,NO_ACQUISITION,0.36351612728382343,-35.0
670,611384,3. High Disturbance / Nonlinear,figure_eight,14.0,15.0,1.59664552788017,0.761710458369985,45.0,10.0,0.1,-1.0,0.18666666666666668,FAILED,TRACK_LOSS,NO_ACQUISITION,0.8349350695101849,-35.0
671,543486,4. Degraded Optical Conditions,atmospheric_degradation,9.0,10.0,157.91987864517,329.7026956552784,25.0,2.5,0.1,-1.0,0.1,FAILED,TRACK_LOSS,NO_ACQUISITION,-171.78281701010837,-22.5
672,454669,1. Low Disturbance,straight_line,22.0,0.0,0.17891688380170304,0.1917215367461397,100.0,100.0,0.06666666666666667,0.06666666666666667,NOT_APPLICABLE,NOT_APPLICABLE,NONE,NONE,-0.012804652944436667,0.0
673,108095,2. Moderate Disturbance,sinusoidal,16.0,5.0,2.0352642592715484,2.284122771498061,45.0,7.5,0.06666666666666667,-1.0,0.2,FAILED,TRACK_LOSS,NO_ACQUISITION,-0.24885851222651256,-37.5
674,351794,3. High Disturbance / Nonlinear,figure_eight,14.0,15.0,2.318433474315455,0.36839100567922217,52.5,7.5,0.06666666666666667,-1.0,0.15555555555555556,FAILED,TRACK_LOSS,NO_ACQUISITION,1.950042468636233,-45.0
675,638619,4. Degraded Optical Conditions,atmospheric_degradation,9.0,10.0,52.540508361229165,0.8410320077193106,30.0,15.0,0.43333333333333335,-1.0,0.31666666666666665,FAILED,TRACK_LOSS,NO_ACQUISITION,51.69947635350985,-15.0
676,164780,1. Low Disturbance,straight_line,22.0,0.0,0.1978649297795728,0.20154498175128102,100.0,100.0,0.06666666666666667,0.06666666666666667,NOT_APPLICABLE,NOT_APPLICABLE,NONE,NONE,-0.0036800519717082314,0.0
677,592072,2. Moderate Disturbance,sinusoidal,16.0,5.0,1.7917338252538682,1.13649993260487,45.0,7.5,0.06666666666666667,-1.0,0.2,FAILED,TRACK_LOSS,NO_ACQUISITION,0.6552338926489982,-37.5
678,994211,3. High Disturbance / Nonlinear,figure_eight,14.0,15.0,55.44012775673063,0.5110014772303986,42.5,15.0,0.06666666666666667,0.8,0.25,0.7666666666666667,TRACK_LOSS,TRACK_LOSS,54.92912627950023,-27.5
679,405171,4. Degraded Optical Conditions,atmospheric_degradation,9.0,10.0,70.03431529180969,1.0358961320150077,27.500000000000004,22.5,0.06666666666666667,-1.0,0.30000000000000004,FAILED,TRACK_LOSS,NO_ACQUISITION,68.99841915979468,-5.0000000000000036
680,697023,1. Low Disturbance,straight_line,22.0,0.0,0.18994157237997092,0.21661395401791333,100.0,100.0,0.06666666666666667,0.06666666666666667,NOT_APPLICABLE,NOT_APPLICABLE,NONE,NONE,-0.026672381637942416,0.0
681,740060,2. Moderate Disturbance,sinusoidal,16.0,5.0,1.8897575383933167,0.28739625216742004,45.0,5.0,0.06666666666666667,-1.0,0.2066666666666667,FAILED,TRACK_LOSS,NO_ACQUISITION,1.6023612862258967,-40.0
682,805379,3. High Disturbance / Nonlinear,figure_eight,14.0,15.0,2.044225390938798,0.3212646952269543,45.0,10.0,0.06666666666666667,-1.0,0.20666666666666664,FAILED,TRACK_LOSS,NO_ACQUISITION,1.722960695711844,-35.0
683,654925,4. Degraded Optical Conditions,atmospheric_degradation,9.0,10.0,103.04667476801237,1.3425405998231945,25.0,20.0,0.3333333333333333,0.5333333333333333,0.3333333333333333,0.5333333333333333,TRACK_LOSS,TRACK_LOSS,101.70413416818917,-5.0
684,252425,1. Low Disturbance,straight_line,22.0,0.0,0.16782618586983158,0.20047885610125998,100.0,100.0,0.06666666666666667,0.06666666666666667,NOT_APPLICABLE,NOT_APPLICABLE,NONE,NONE,-0.0326526702314284,0.0
685,234126,2. Moderate Disturbance,sinusoidal,16.0,5.0,1.7507991928219127,0.9324771051625366,47.5,7.5,0.06666666666666667,-1.0,0.2,FAILED,TRACK_LOSS,NO_ACQUISITION,0.8183220876593761,-40.0
686,567063,3. High Disturbance / Nonlinear,figure_eight,14.0,15.0,1.941969318252667,0.32636113287289237,45.0,7.5,0.06666666666666667,-1.0,0.2,FAILED,TRACK_LOSS,NO_ACQUISITION,1.6156081853797746,-37.5
687,203749,4. Degraded Optical Conditions,atmospheric_degradation,9.0,10.0,1.2215023080508758,1.3184523327801967,32.5,27.500000000000004,0.06666666666666667,0.06666666666666667,0.23333333333333334,FAILED,TRACK_LOSS,TRACK_LOSS,-0.0969500247293209,-4.9999999999999964
688,946795,1. Low Disturbance,straight_line,22.0,0.0,0.180213722225462,0.18868789668119024,100.0,100.0,0.06666666666666667,0.06666666666666667,NOT_APPLICABLE,NOT_APPLICABLE,NONE,NONE,-0.008474174455728234,0.0
689,979755,2. Moderate Disturbance,sinusoidal,16.0,5.0,1.959651017767827,0.6125488392393115,45.0,10.0,0.06666666666666667,-1.0,0.2,FAILED,TRACK_LOSS,NO_ACQUISITION,1.3471021785285155,-35.0
690,412797,3. High Disturbance / Nonlinear,figure_eight,14.0,15.0,2.085177337066225,61.60284895816302,45.0,7.5,0.06666666666666667,-1.0,0.1866666666666667,FAILED,TRACK_LOSS,NO_ACQUISITION,-59.517671621096795,-37.5
691,826640,4. Degraded Optical Conditions,atmospheric_degradation,9.0,10.0,97.81993895455653,69.23157256560785,27.500000000000004,10.0,0.9333333333333333,-1.0,0.8666666666666667,FAILED,TRACK_LOSS,NO_ACQUISITION,28.588366388948685,-17.500000000000004
692,459899,1. Low Disturbance,straight_line,22.0,0.0,0.17295951685100192,0.19512139587616,100.0,100.0,0.06666666666666667,0.06666666666666667,NOT_APPLICABLE,NOT_APPLICABLE,NONE,NONE,-0.022161879025158093,0.0
693,290799,2. Moderate Disturbance,sinusoidal,16.0,5.0,1.940395955506437,0.7153808359087448,45.0,10.0,0.06666666666666667,-1.0,0.2,FAILED,TRACK_LOSS,NO_ACQUISITION,1.2250151195976922,-35.0
694,241690,3. High Disturbance / Nonlinear,figure_eight,14.0,15.0,1.7127663039139294,1.4582634366647649,45.0,17.5,0.06666666666666667,1.2,0.25,1.1666666666666667,TRACK_LOSS,TRACK_LOSS,0.2545028672491645,-27.5
695,729376,4. Degraded Optical Conditions,atmospheric_degradation,9.0,10.0,107.73034802517743,53.50801845371241,27.500000000000004,7.5,-1.0,-1.0,FAILED,FAILED,NO_ACQUISITION,NO_ACQUISITION,54.222329571465025,-20.000000000000004
696,678103,1. Low Disturbance,straight_line,22.0,0.0,0.1809317241601482,0.20870899382785849,100.0,100.0,0.06666666666666667,0.06666666666666667,NOT_APPLICABLE,NOT_APPLICABLE,NONE,NONE,-0.027777269667710297,0.0
697,777988,2. Moderate Disturbance,sinusoidal,16.0,5.0,1.9044416262628943,0.38578725405978004,45.0,10.0,0.06666666666666667,0.8666666666666667,0.2,0.8333333333333334,TRACK_LOSS,TRACK_LOSS,1.5186543722031143,-35.0
698,437053,3. High Disturbance / Nonlinear,figure_eight,14.0,15.0,1.8423056348151217,1.196117277943517,47.5,10.0,0.06666666666666667,-1.0,0.16666666666666666,FAILED,TRACK_LOSS,NO_ACQUISITION,0.6461883568716047,-37.5
699,709858,4. Degraded Optical Conditions,atmospheric_degradation,9.0,10.0,1.7821264761441582,1.5696651742358274,32.5,20.0,1.3,-1.0,1.2666666666666666,FAILED,TRACK_LOSS,NO_ACQUISITION,0.2124613019083308,-12.5
700,519352,1. Low Disturbance,straight_line,22.0,0.0,0.17384711105298437,0.16777696267247455,100.0,100.0,0.06666666666666667,0.06666666666666667,NOT_APPLICABLE,NOT_APPLICABLE,NONE,NONE,0.0060701483805098155,0.0
701,631663,2. Moderate Disturbance,sinusoidal,16.0,5.0,1.8151443470956403,0.2745481191078202,45.0,7.5,0.06666666666666667,-1.0,0.2,FAILED,TRACK_LOSS,NO_ACQUISITION,1.54059622798782,-37.5
702,721589,3. High Disturbance / Nonlinear,figure_eight,14.0,15.0,1.9290523755186468,1.7436022440337018,40.0,10.0,0.06666666666666667,0.06666666666666667,0.2,FAILED,TRACK_LOSS,TRACK_LOSS,0.18545013148494505,-30.0
703,312688,4. Degraded Optical Conditions,atmospheric_degradation,9.0,10.0,1.3343956417820648,0.996252982238102,27.500000000000004,20.0,1.2,1.0,1.2,1.0,TRACK_LOSS,TRACK_LOSS,0.33814265954396283,-7.5000000000000036
704,725696,1. Low Disturbance,straight_line,22.0,0.0,0.1804628152380489,0.20422244242610882,100.0,100.0,0.06666666666666667,0.06666666666666667,NOT_APPLICABLE,NOT_APPLICABLE,NONE,NONE,-0.023759627188059906,0.0
705,383250,2. Moderate Disturbance,sinusoidal,16.0,5.0,1.8512863975668339,0.27733445248936667,45.0,5.0,0.06666666666666667,-1.0,0.2,FAILED,TRACK_LOSS,NO_ACQUISITION,1.5739519450774673,-40.0
706,216776,3. High Disturbance / Nonlinear,figure_eight,14.0,15.0,1.5881154158192894,1.0923286066618167,45.0,12.5,0.06666666666666667,0.06666666666666667,0.23333333333333334,FAILED,TRACK_LOSS,TRACK_LOSS,0.49578680915747264,-32.5
707,805010,4. Degraded Optical Conditions,atmospheric_degradation,9.0,10.0,1.774345646339509,1.2333127454852637,20.0,10.0,0.2,-1.0,0.2,FAILED,TRACK_LOSS,NO_ACQUISITION,0.5410329008542454,-10.0
708,519619,1. Low Disturbance,straight_line,22.0,0.0,0.17869455424436773,0.19811778161699373,100.0,100.0,0.06666666666666667,0.06666666666666667,NOT_APPLICABLE,NOT_APPLICABLE,NONE,NONE,-0.019423227372626,0.0
709,398900,2. Moderate Disturbance,sinusoidal,16.0,5.0,58.91192616330071,0.3392474255992465,42.5,5.0,0.06666666666666667,-1.0,0.25,FAILED,TRACK_LOSS,NO_ACQUISITION,58.572678737701466,-37.5
710,527276,3. High Disturbance / Nonlinear,figure_eight,14.0,15.0,1.7177964584514507,1.539117190895081,45.0,20.0,0.26666666666666666,0.8,0.18666666666666668,0.5333333333333333,TRACK_LOSS,TRACK_LOSS,0.17867926755636976,-25.0
711,121525,4. Degraded Optical Conditions,atmospheric_degradation,9.0,10.0,108.21769086787255,0.8763039672165864,32.5,12.5,1.1333333333333333,-1.0,1.1,FAILED,TRACK_LOSS,NO_ACQUISITION,107.34138690065596,-20.0
712,351689,1. Low Disturbance,straight_line,22.0,0.0,0.18154068383901475,0.20930367171622336,100.0,100.0,0.06666666666666667,0.06666666666666667,NOT_APPLICABLE,NOT_APPLICABLE,NONE,NONE,-0.0277629878772086,0.0
713,429824,2. Moderate Disturbance,sinusoidal,16.0,5.0,1.9569721114419594,0.1430517486573549,45.0,5.0,0.06666666666666667,-1.0,0.2,FAILED,TRACK_LOSS,NO_ACQUISITION,1.8139203627846046,-40.0
714,715759,3. High Disturbance / Nonlinear,figure_eight,14.0,15.0,1.795896479974516,0.20756636878061124,50.0,7.5,0.06666666666666667,-1.0,0.1933333333333333,FAILED,TRACK_LOSS,NO_ACQUISITION,1.5883301111939048,-42.5
715,116385,4. Degraded Optical Conditions,atmospheric_degradation,9.0,10.0,75.26949376663752,1.0144144849120873,30.0,20.0,0.9666666666666667,-1.0,0.9333333333333333,FAILED,TRACK_LOSS,NO_ACQUISITION,74.25507928172544,-10.0
716,297833,1. Low Disturbance,straight_line,22.0,0.0,0.18389497107154176,0.21709930891197216,100.0,100.0,0.06666666666666667,0.06666666666666667,NOT_APPLICABLE,NOT_APPLICABLE,NONE,NONE,-0.03320433784043039,0.0
717,759010,2. Moderate Disturbance,sinusoidal,16.0,5.0,1.853283069371362,98.54697263887076,47.5,10.0,0.06666666666666667,-1.0,0.2,FAILED,TRACK_LOSS,NO_ACQUISITION,-96.6936895694994,-37.5
718,580589,3. High Disturbance / Nonlinear,figure_eight,14.0,15.0,2.0151376488797172,0.32927405595194964,47.5,10.0,0.06666666666666667,-1.0,0.2066666666666667,FAILED,TRACK_LOSS,NO_ACQUISITION,1.6858635929277677,-37.5
719,723119,4. Degraded Optical Conditions,atmospheric_degradation,9.0,10.0,1.8475444026720937,1.6799702672509502,37.5,10.0,0.16666666666666666,-1.0,0.24166666666666667,FAILED,TRACK_LOSS,NO_ACQUISITION,0.16757413542114352,-27.5
720,700841,1. Low Disturbance,straight_line,22.0,0.0,0.178020919886242,0.19420802775185686,100.0,100.0,0.06666666666666667,0.06666666666666667,NOT_APPLICABLE,NOT_APPLICABLE,NONE,NONE,-0.016187107865614864,0.0
721,405520,2. Moderate Disturbance,sinusoidal,16.0,5.0,81.43303489646237,2.181648691280306,45.0,7.5,0.06666666666666667,-1.0,0.2,FAILED,TRACK_LOSS,NO_ACQUISITION,79.25138620518207,-37.5
722,545260,3. High Disturbance / Nonlinear,figure_eight,14.0,15.0,1.1603006683279578,0.8417059902679568,37.5,20.0,0.06666666666666667,0.7666666666666667,0.3222222222222222,0.7,TRACK_LOSS,TRACK_LOSS,0.31859467806000097,-17.5
723,417703,4. Degraded Optical Conditions,atmospheric_degradation,9.0,10.0,42.291354011888856,0.9330498980506737,20.0,15.0,1.2,-1.0,1.1666666666666667,FAILED,TRACK_LOSS,NO_ACQUISITION,41.35830411383818,-5.0
724,206707,1. Low Disturbance,straight_line,22.0,0.0,0.19282007765908543,0.18882446321863755,100.0,100.0,0.06666666666666667,0.06666666666666667,NOT_APPLICABLE,NOT_APPLICABLE,NONE,NONE,0.003995614440447881,0.0
725,426863,2. Moderate Disturbance,sinusoidal,16.0,5.0,1.998761360459244,0.14243943019855546,45.0,7.5,0.06666666666666667,-1.0,0.2,FAILED,TRACK_LOSS,NO_ACQUISITION,1.8563219302606886,-37.5
726,469023,3. High Disturbance / Nonlinear,figure_eight,14.0,15.0,2.053652165385843,76.61941863012588,42.5,7.5,0.06666666666666667,-1.0,0.3111111111111111,FAILED,TRACK_LOSS,NO_ACQUISITION,-74.56576646474004,-35.0
727,345606,4. Degraded Optical Conditions,atmospheric_degradation,9.0,10.0,90.57304102740447,0.688368453061903,22.5,15.0,1.1333333333333333,-1.0,1.1,FAILED,TRACK_LOSS,NO_ACQUISITION,89.88467257434257,-7.5
728,380205,1. Low Disturbance,straight_line,22.0,0.0,0.16824247606781026,0.1650342559028814,100.0,100.0,0.06666666666666667,0.06666666666666667,NOT_APPLICABLE,NOT_APPLICABLE,NONE,NONE,0.00320822016492886,0.0
729,716759,2. Moderate Disturbance,sinusoidal,16.0,5.0,1.9318480252777246,0.6560089333766537,45.0,7.5,0.06666666666666667,-1.0,0.2,FAILED,TRACK_LOSS,NO_ACQUISITION,1.275839091901071,-37.5
730,870428,3. High Disturbance / Nonlinear,figure_eight,14.0,15.0,1.5016202480115934,0.6006540495282772,45.0,12.5,0.06666666666666667,-1.0,0.20666666666666664,FAILED,TRACK_LOSS,NO_ACQUISITION,0.9009661984833163,-32.5
731,677470,4. Degraded Optical Conditions,atmospheric_degradation,9.0,10.0,74.7362093767447,0.9633137184090442,30.0,20.0,0.5,-1.0,0.5666666666666667,FAILED,TRACK_LOSS,NO_ACQUISITION,73.77289565833566,-10.0
732,172544,1. Low Disturbance,straight_line,22.0,0.0,0.1744718452907284,0.1852805266742491,100.0,100.0,0.06666666666666667,0.06666666666666667,NOT_APPLICABLE,NOT_APPLICABLE,NONE,NONE,-0.010808681383520702,0.0
733,488451,2. Moderate Disturbance,sinusoidal,16.0,5.0,1.7739653178636139,1.1242694833866291,42.5,10.0,0.26666666666666666,-1.0,0.2,FAILED,TRACK_LOSS,NO_ACQUISITION,0.6496958344769848,-32.5
734,587675,3. High Disturbance / Nonlinear,figure_eight,14.0,15.0,87.57091619312077,13.50941234069191,50.0,7.5,0.06666666666666667,-1.0,0.18666666666666668,FAILED,TRACK_LOSS,NO_ACQUISITION,74.06150385242886,-42.5
735,478411,4. Degraded Optical Conditions,atmospheric_degradation,9.0,10.0,95.75442781060576,1.6751895444430245,25.0,17.5,0.26666666666666666,-1.0,0.2,FAILED,TRACK_LOSS,NO_ACQUISITION,94.07923826616273,-7.5
736,991478,1. Low Disturbance,straight_line,22.0,0.0,0.19756481567659148,0.2244116337130843,100.0,100.0,0.06666666666666667,0.06666666666666667,NOT_APPLICABLE,NOT_APPLICABLE,NONE,NONE,-0.02684681803649283,0.0
737,209490,2. Moderate Disturbance,sinusoidal,16.0,5.0,1.5982658713421987,0.7300667726561906,45.0,10.0,0.06666666666666667,-1.0,0.20666666666666664,FAILED,TRACK_LOSS,NO_ACQUISITION,0.8681990986860081,-35.0
738,240529,3. High Disturbance / Nonlinear,figure_eight,14.0,15.0,2.1109042491200287,93.06730095232443,47.5,7.5,0.06666666666666667,-1.0,0.24166666666666667,FAILED,TRACK_LOSS,NO_ACQUISITION,-90.9563967032044,-40.0
739,665739,4. Degraded Optical Conditions,atmospheric_degradation,9.0,10.0,116.23149497967573,0.8031506627084726,27.500000000000004,17.5,0.1,-1.0,0.1,FAILED,TRACK_LOSS,NO_ACQUISITION,115.42834431696726,-10.000000000000004
740,546161,1. Low Disturbance,straight_line,22.0,0.0,0.19201624885467125,0.20846646148053943,100.0,100.0,0.06666666666666667,0.06666666666666667,NOT_APPLICABLE,NOT_APPLICABLE,NONE,NONE,-0.016450212625868182,0.0
741,183894,2. Moderate Disturbance,sinusoidal,16.0,5.0,1.7241162119356523,1.1833527132372188,47.5,7.5,0.06666666666666667,-1.0,0.2,FAILED,TRACK_LOSS,NO_ACQUISITION,0.5407634986984335,-40.0
742,339043,3. High Disturbance / Nonlinear,figure_eight,14.0,15.0,1.9418976609132217,0.6710634002592427,47.5,20.0,0.06666666666666667,0.6666666666666666,0.1933333333333333,0.6,TRACK_LOSS,TRACK_LOSS,1.270834260653979,-27.5
743,907471,4. Degraded Optical Conditions,atmospheric_degradation,9.0,10.0,0.7742943460310217,0.8838818217206565,32.5,22.5,-1.0,0.43333333333333335,FAILED,0.4,NO_ACQUISITION,TRACK_LOSS,-0.1095874756896349,-10.0
744,283486,1. Low Disturbance,straight_line,22.0,0.0,0.1957492126627805,0.21981664618684343,100.0,100.0,0.06666666666666667,0.06666666666666667,NOT_APPLICABLE,NOT_APPLICABLE,NONE,NONE,-0.02406743352406293,0.0
745,351964,2. Moderate Disturbance,sinusoidal,16.0,5.0,1.859662555764443,1.7498402355589278,42.5,10.0,0.06666666666666667,-1.0,0.25,FAILED,TRACK_LOSS,NO_ACQUISITION,0.1098223202055153,-32.5
746,209092,3. High Disturbance / Nonlinear,figure_eight,14.0,15.0,2.334395584696611,1.087351888765836,40.0,10.0,0.06666666666666667,0.06666666666666667,0.24166666666666664,FAILED,TRACK_LOSS,TRACK_LOSS,1.247043695930775,-30.0
747,710939,4. Degraded Optical Conditions,atmospheric_degradation,9.0,10.0,1.5391706827405305,1.0200962553350634,25.0,17.5,0.8333333333333334,-1.0,0.8333333333333334,FAILED,TRACK_LOSS,NO_ACQUISITION,0.519074427405467,-7.5
748,627898,1. Low Disturbance,straight_line,22.0,0.0,0.1857039536616447,0.19248817495738227,100.0,100.0,0.06666666666666667,0.06666666666666667,NOT_APPLICABLE,NOT_APPLICABLE,NONE,NONE,-0.00678422129573758,0.0
749,933911,2. Moderate Disturbance,sinusoidal,16.0,5.0,1.8397379690699165,0.940816192304544,45.0,7.5,0.06666666666666667,-1.0,0.2,FAILED,TRACK_LOSS,NO_ACQUISITION,0.8989217767653724,-37.5
750,869574,3. High Disturbance / Nonlinear,figure_eight,14.0,15.0,1.9955170358055363,1.021059565266052,45.0,10.0,0.1,-1.0,0.18333333333333332,FAILED,TRACK_LOSS,NO_ACQUISITION,0.9744574705394844,-35.0
751,504882,4. Degraded Optical Conditions,atmospheric_degradation,9.0,10.0,1.353477101547106,0.711662575105809,30.0,12.5,0.06666666666666667,-1.0,0.8,FAILED,TRACK_LOSS,NO_ACQUISITION,0.6418145264412971,-17.5
752,136607,1. Low Disturbance,straight_line,22.0,0.0,0.17764089621489487,0.19168593198960993,100.0,100.0,0.06666666666666667,0.06666666666666667,NOT_APPLICABLE,NOT_APPLICABLE,NONE,NONE,-0.014045035774715053,0.0
753,290933,2. Moderate Disturbance,sinusoidal,16.0,5.0,1.9428643013724767,1.796129535095429,45.0,10.0,0.06666666666666667,-1.0,0.2,FAILED,TRACK_LOSS,NO_ACQUISITION,0.14673476627704773,-35.0
754,606606,3. High Disturbance / Nonlinear,figure_eight,14.0,15.0,1.744239086113316,31.714342310164863,45.0,15.0,0.06666666666666667,1.2333333333333334,0.20666666666666664,1.2,TRACK_LOSS,TRACK_LOSS,-29.97010322405155,-30.0
755,519645,4. Degraded Optical Conditions,atmospheric_degradation,9.0,10.0,97.68880738145646,1.2988049081920634,30.0,17.5,0.26666666666666666,-1.0,0.25,FAILED,TRACK_LOSS,NO_ACQUISITION,96.39000247326439,-12.5
756,356503,1. Low Disturbance,straight_line,22.0,0.0,0.1802585761089792,0.18879063380354505,100.0,100.0,0.06666666666666667,0.06666666666666667,NOT_APPLICABLE,NOT_APPLICABLE,NONE,NONE,-0.008532057694565859,0.0
757,150401,2. Moderate Disturbance,sinusoidal,16.0,5.0,1.712689960311989,2.0374674955512875,45.0,7.5,0.06666666666666667,-1.0,0.2,FAILED,TRACK_LOSS,NO_ACQUISITION,-0.32477753523929853,-37.5
758,111350,3. High Disturbance / Nonlinear,figure_eight,14.0,15.0,1.8231530950408013,97.41329866643214,45.0,10.0,0.06666666666666667,0.06666666666666667,0.18666666666666668,FAILED,TRACK_LOSS,TRACK_LOSS,-95.59014557139135,-35.0
759,368092,4. Degraded Optical Conditions,atmospheric_degradation,9.0,10.0,1.2403389053970775,1.5635792176756211,30.0,20.0,-1.0,1.0333333333333334,FAILED,1.0333333333333334,NO_ACQUISITION,TRACK_LOSS,-0.32324031227854366,-10.0
760,229058,1. Low Disturbance,straight_line,22.0,0.0,0.17382074580555143,0.21560747192378177,100.0,100.0,0.06666666666666667,0.06666666666666667,NOT_APPLICABLE,NOT_APPLICABLE,NONE,NONE,-0.04178672611823034,0.0
761,723873,2. Moderate Disturbance,sinusoidal,16.0,5.0,2.0479596645249125,0.3566475635286534,45.0,5.0,0.06666666666666667,-1.0,0.2,FAILED,TRACK_LOSS,NO_ACQUISITION,1.691312100996259,-40.0
762,241280,3. High Disturbance / Nonlinear,figure_eight,14.0,15.0,38.83893446829675,0.5695301760320887,47.5,15.0,0.06666666666666667,0.7666666666666667,0.18666666666666668,0.7333333333333333,TRACK_LOSS,TRACK_LOSS,38.26940429226466,-32.5
763,825591,4. Degraded Optical Conditions,atmospheric_degradation,9.0,10.0,90.40003581368882,0.8162858272343871,22.5,10.0,-1.0,-1.0,FAILED,FAILED,NO_ACQUISITION,NO_ACQUISITION,89.58374998645444,-12.5
764,563752,1. Low Disturbance,straight_line,22.0,0.0,0.1867037455243604,0.19250311784659563,100.0,100.0,0.06666666666666667,0.06666666666666667,NOT_APPLICABLE,NOT_APPLICABLE,NONE,NONE,-0.005799372322235236,0.0
765,627946,2. Moderate Disturbance,sinusoidal,16.0,5.0,1.7840324429392422,2.2917026734003696,45.0,12.5,0.06666666666666667,0.06666666666666667,0.2,FAILED,TRACK_LOSS,TRACK_LOSS,-0.5076702304611274,-32.5
766,930326,3. High Disturbance / Nonlinear,figure_eight,14.0,15.0,2.071676754751487,0.9299749843881425,40.0,20.0,0.06666666666666667,0.7666666666666667,0.25,0.7333333333333333,TRACK_LOSS,TRACK_LOSS,1.1417017703633445,-20.0
767,347571,4. Degraded Optical Conditions,atmospheric_degradation,9.0,10.0,87.64905046327955,247.90386743073205,20.0,2.5,-1.0,-1.0,FAILED,FAILED,NO_ACQUISITION,NO_ACQUISITION,-160.25481696745248,-17.5
768,241689,1. Low Disturbance,straight_line,22.0,0.0,0.19133163101443174,0.20905669513239064,100.0,100.0,0.06666666666666667,0.06666666666666667,NOT_APPLICABLE,NOT_APPLICABLE,NONE,NONE,-0.017725064117958905,0.0
769,284494,2. Moderate Disturbance,sinusoidal,16.0,5.0,1.8391027293350724,2.0606280359506064,45.0,10.0,0.06666666666666667,-1.0,0.2,FAILED,TRACK_LOSS,NO_ACQUISITION,-0.22152530661553405,-35.0
770,189678,3. High Disturbance / Nonlinear,figure_eight,14.0,15.0,42.841590778419594,123.5021176026495,42.5,5.0,0.06666666666666667,-1.0,0.19166666666666665,FAILED,TRACK_LOSS,NO_ACQUISITION,-80.66052682422992,-37.5
771,414935,4. Degraded Optical Conditions,atmospheric_degradation,9.0,10.0,56.881439525546256,0.795946871786448,27.500000000000004,15.0,0.9333333333333333,-1.0,0.9333333333333333,FAILED,TRACK_LOSS,NO_ACQUISITION,56.08549265375981,-12.500000000000004
772,726011,1. Low Disturbance,straight_line,22.0,0.0,0.201462017109764,0.22283954747299123,100.0,100.0,0.06666666666666667,0.06666666666666667,NOT_APPLICABLE,NOT_APPLICABLE,NONE,NONE,-0.021377530363227232,0.0
773,648893,2. Moderate Disturbance,sinusoidal,16.0,5.0,1.8316210672366628,0.17651579092722486,45.0,5.0,0.06666666666666667,-1.0,0.2,FAILED,TRACK_LOSS,NO_ACQUISITION,1.655105276309438,-40.0
774,291868,3. High Disturbance / Nonlinear,figure_eight,14.0,15.0,1.8277454823858388,1.1468711961001432,40.0,17.5,0.06666666666666667,0.06666666666666667,0.32222222222222224,0.9333333333333333,TRACK_LOSS,TRACK_LOSS,0.6808742862856956,-22.5
775,254140,4. Degraded Optical Conditions,atmospheric_degradation,9.0,10.0,39.114280037408506,1.0439532547851453,30.0,12.5,0.43333333333333335,-1.0,0.5166666666666666,FAILED,TRACK_LOSS,NO_ACQUISITION,38.07032678262336,-17.5
776,847166,1. Low Disturbance,straight_line,22.0,0.0,0.1955228854762061,0.24169605172614303,100.0,100.0,0.06666666666666667,0.06666666666666667,NOT_APPLICABLE,NOT_APPLICABLE,NONE,NONE,-0.04617316624993692,0.0
777,373755,2. Moderate Disturbance,sinusoidal,16.0,5.0,1.7967957447037894,0.30028034976171913,45.0,7.5,0.06666666666666667,-1.0,0.2,FAILED,TRACK_LOSS,NO_ACQUISITION,1.4965153949420702,-37.5
778,800840,3. High Disturbance / Nonlinear,figure_eight,14.0,15.0,1.8781080424307683,0.9353804763657715,40.0,10.0,0.43333333333333335,-1.0,0.24166666666666664,FAILED,TRACK_LOSS,NO_ACQUISITION,0.9427275660649969,-30.0
779,174211,4. Degraded Optical Conditions,atmospheric_degradation,9.0,10.0,44.17976678258324,1.1985894676942273,32.5,20.0,0.06666666666666667,-1.0,0.5333333333333333,FAILED,TRACK_LOSS,NO_ACQUISITION,42.98117731488902,-12.5
780,491630,1. Low Disturbance,straight_line,22.0,0.0,0.19514850380612797,0.2037532197145454,100.0,100.0,0.06666666666666667,0.06666666666666667,NOT_APPLICABLE,NOT_APPLICABLE,NONE,NONE,-0.008604715908417437,0.0
781,940304,2. Moderate Disturbance,sinusoidal,16.0,5.0,1.834496358170717,0.35581560829519826,45.0,7.5,0.06666666666666667,-1.0,0.2,FAILED,TRACK_LOSS,NO_ACQUISITION,1.4786807498755188,-37.5
782,648293,3. High Disturbance / Nonlinear,figure_eight,14.0,15.0,58.570084049858885,0.5351041896499479,40.0,10.0,0.06666666666666667,-1.0,0.24166666666666664,FAILED,TRACK_LOSS,NO_ACQUISITION,58.034979860208935,-30.0
783,680226,4. Degraded Optical Conditions,atmospheric_degradation,9.0,10.0,69.24136219480755,1.070058751911651,25.0,10.0,0.16666666666666666,-1.0,0.16666666666666666,FAILED,TRACK_LOSS,NO_ACQUISITION,68.1713034428959,-15.0
784,329725,1. Low Disturbance,straight_line,22.0,0.0,0.17504867869480242,0.17644012075555504,100.0,100.0,0.06666666666666667,0.06666666666666667,NOT_APPLICABLE,NOT_APPLICABLE,NONE,NONE,-0.001391442060752618,0.0
785,417921,2. Moderate Disturbance,sinusoidal,16.0,5.0,1.717378604083584,1.0580146147876852,40.0,10.0,0.23333333333333334,0.8666666666666667,0.2,0.8333333333333334,TRACK_LOSS,TRACK_LOSS,0.6593639892958987,-30.0
786,685237,3. High Disturbance / Nonlinear,figure_eight,14.0,15.0,50.84350043131605,0.5454720030433401,45.0,10.0,0.06666666666666667,-1.0,0.2,FAILED,TRACK_LOSS,NO_ACQUISITION,50.29802842827271,-35.0
787,125700,4. Degraded Optical Conditions,atmospheric_degradation,9.0,10.0,70.44572869952134,0.9496445504141245,32.5,17.5,0.5,-1.0,0.2888888888888889,FAILED,TRACK_LOSS,NO_ACQUISITION,69.49608414910722,-15.0
788,277087,1. Low Disturbance,straight_line,22.0,0.0,0.17895365884780126,0.19655150407338212,100.0,100.0,0.06666666666666667,0.06666666666666667,NOT_APPLICABLE,NOT_APPLICABLE,NONE,NONE,-0.01759784522558086,0.0
789,417835,2. Moderate Disturbance,sinusoidal,16.0,5.0,1.925332323377252,0.8275806335507382,45.0,10.0,0.06666666666666667,0.8666666666666667,0.2,0.8333333333333334,TRACK_LOSS,TRACK_LOSS,1.0977516898265138,-35.0
790,488027,3. High Disturbance / Nonlinear,figure_eight,14.0,15.0,2.0809877616812913,1.314895879594734,47.5,15.0,0.06666666666666667,0.06666666666666667,0.18,FAILED,TRACK_LOSS,TRACK_LOSS,0.7660918820865572,-32.5
791,909146,4. Degraded Optical Conditions,atmospheric_degradation,9.0,10.0,100.24596638661743,1.082109378988135,25.0,17.5,1.2,-1.0,1.2,FAILED,TRACK_LOSS,NO_ACQUISITION,99.16385700762929,-7.5
792,589312,1. Low Disturbance,straight_line,22.0,0.0,0.20122538404250473,0.22388411785490955,100.0,100.0,0.06666666666666667,0.06666666666666667,NOT_APPLICABLE,NOT_APPLICABLE,NONE,NONE,-0.022658733812404824,0.0
793,738240,2. Moderate Disturbance,sinusoidal,16.0,5.0,1.7797975860989175,0.5919012731693103,45.0,10.0,0.06666666666666667,-1.0,0.2,FAILED,TRACK_LOSS,NO_ACQUISITION,1.1878963129296072,-35.0
794,935606,3. High Disturbance / Nonlinear,figure_eight,14.0,15.0,2.405886044721945,0.590161588320037,37.5,5.0,0.06666666666666667,-1.0,0.20000000000000004,FAILED,TRACK_LOSS,NO_ACQUISITION,1.8157244564019082,-32.5
795,745364,4. Degraded Optical Conditions,atmospheric_degradation,9.0,10.0,1.4535533176363566,0.841456393867612,30.0,17.5,0.6333333333333333,-1.0,0.5666666666666667,FAILED,TRACK_LOSS,NO_ACQUISITION,0.6120969237687447,-12.5
796,139302,1. Low Disturbance,straight_line,22.0,0.0,0.1765246731150016,0.2134948824938121,100.0,100.0,0.06666666666666667,0.06666666666666667,NOT_APPLICABLE,NOT_APPLICABLE,NONE,NONE,-0.03697020937881049,0.0
797,715979,2. Moderate Disturbance,sinusoidal,16.0,5.0,1.7788948056357494,0.774313131971351,45.0,10.0,0.06666666666666667,0.8666666666666667,0.2,0.8333333333333334,TRACK_LOSS,TRACK_LOSS,1.0045816736643984,-35.0
798,210942,3. High Disturbance / Nonlinear,figure_eight,14.0,15.0,2.074042827489343,1.8556780523730845,47.5,30.0,0.06666666666666667,0.06666666666666667,0.17333333333333334,0.41666666666666663,TRACK_LOSS,TRACK_LOSS,0.21836477511625874,-17.5
799,824802,4. Degraded Optical Conditions,atmospheric_degradation,9.0,10.0,116.65576885520163,1.1569793960208452,35.0,20.0,0.06666666666666667,0.3,0.5666666666666667,0.23333333333333334,TRACK_LOSS,TRACK_LOSS,115.49878945918078,-15.0
800,556758,1. Low Disturbance,straight_line,22.0,0.0,0.18005630798304126,0.2169874401709233,100.0,100.0,0.06666666666666667,0.06666666666666667,NOT_APPLICABLE,NOT_APPLICABLE,NONE,NONE,-0.03693113218788205,0.0
801,146290,2. Moderate Disturbance,sinusoidal,16.0,5.0,1.9069103695629261,0.9244518997980075,45.0,7.5,0.06666666666666667,-1.0,0.2,FAILED,TRACK_LOSS,NO_ACQUISITION,0.9824584697649187,-37.5
802,316047,3. High Disturbance / Nonlinear,figure_eight,14.0,15.0,2.229856045769082,0.3724513801609259,47.5,10.0,0.06666666666666667,0.8333333333333334,0.18,0.8,TRACK_LOSS,TRACK_LOSS,1.8574046656081562,-37.5
803,611297,4. Degraded Optical Conditions,atmospheric_degradation,9.0,10.0,111.44253129702017,1.1962705206048239,35.0,17.5,0.1,-1.0,0.2333333333333333,FAILED,TRACK_LOSS,NO_ACQUISITION,110.24626077641534,-17.5
804,543270,1. Low Disturbance,straight_line,22.0,0.0,0.16956155931776348,0.17384732148334445,100.0,100.0,0.06666666666666667,0.06666666666666667,NOT_APPLICABLE,NOT_APPLICABLE,NONE,NONE,-0.004285762165580964,0.0
805,847947,2. Moderate Disturbance,sinusoidal,16.0,5.0,1.7806609969610394,1.0185801838064878,45.0,12.5,0.06666666666666667,0.8666666666666667,0.2,0.8,TRACK_LOSS,TRACK_LOSS,0.7620808131545516,-32.5
806,329530,3. High Disturbance / Nonlinear,figure_eight,14.0,15.0,1.9619838797494211,0.567025382913839,40.0,10.0,0.1,-1.0,0.22000000000000003,FAILED,TRACK_LOSS,NO_ACQUISITION,1.3949584968355822,-30.0
807,462608,4. Degraded Optical Conditions,atmospheric_degradation,9.0,10.0,101.38276916439112,0.7971573523901508,25.0,15.0,0.06666666666666667,-1.0,FAILED,FAILED,TRACK_LOSS,NO_ACQUISITION,100.58561181200098,-10.0
808,655479,1. Low Disturbance,straight_line,22.0,0.0,0.17610919988610663,0.20391584967946993,100.0,100.0,0.06666666666666667,0.06666666666666667,NOT_APPLICABLE,NOT_APPLICABLE,NONE,NONE,-0.02780664979336331,0.0
809,888368,2. Moderate Disturbance,sinusoidal,16.0,5.0,2.042747032922486,0.21822004027151376,45.0,5.0,0.06666666666666667,-1.0,0.2,FAILED,TRACK_LOSS,NO_ACQUISITION,1.8245269926509722,-40.0
810,151753,3. High Disturbance / Nonlinear,figure_eight,14.0,15.0,2.307872500732718,0.9800537625613778,52.5,20.0,0.06666666666666667,0.06666666666666667,0.17222222222222225,0.7,TRACK_LOSS,TRACK_LOSS,1.3278187381713402,-32.5
811,762223,4. Degraded Optical Conditions,atmospheric_degradation,9.0,10.0,150.06226973577304,0.729417987385206,25.0,15.0,1.0666666666666667,-1.0,1.0333333333333334,FAILED,TRACK_LOSS,NO_ACQUISITION,149.33285174838784,-10.0
812,208031,1. Low Disturbance,straight_line,22.0,0.0,0.18309281905211947,0.19450100381731564,100.0,100.0,0.06666666666666667,0.06666666666666667,NOT_APPLICABLE,NOT_APPLICABLE,NONE,NONE,-0.011408184765196172,0.0
813,504525,2. Moderate Disturbance,sinusoidal,16.0,5.0,50.38667190945798,0.3458336416363216,47.5,5.0,0.06666666666666667,-1.0,0.2,FAILED,TRACK_LOSS,NO_ACQUISITION,50.04083826782166,-42.5
814,117584,3. High Disturbance / Nonlinear,figure_eight,14.0,15.0,2.1700822686671826,0.4673865824557775,50.0,15.0,0.06666666666666667,0.7,0.2,0.6666666666666666,TRACK_LOSS,TRACK_LOSS,1.702695686211405,-35.0
815,360959,4. Degraded Optical Conditions,atmospheric_degradation,9.0,10.0,1.3912434789037391,1.191666177524092,47.5,25.0,0.1,-1.0,0.1933333333333333,FAILED,TRACK_LOSS,NO_ACQUISITION,0.19957730137964713,-22.5
816,671788,1. Low Disturbance,straight_line,22.0,0.0,0.1820680148240799,0.20700157796316795,100.0,100.0,0.06666666666666667,0.06666666666666667,NOT_APPLICABLE,NOT_APPLICABLE,NONE,NONE,-0.024933563139088066,0.0
817,733114,2. Moderate Disturbance,sinusoidal,16.0,5.0,1.9759093842057351,1.3929700709695605,45.0,10.0,0.06666666666666667,-1.0,0.2,FAILED,TRACK_LOSS,NO_ACQUISITION,0.5829393132361746,-35.0
818,848430,3. High Disturbance / Nonlinear,figure_eight,14.0,15.0,1.4675327926000676,0.3928492997695782,37.5,10.0,0.06666666666666667,0.7666666666666667,0.28888888888888886,0.7333333333333333,TRACK_LOSS,TRACK_LOSS,1.0746834928304894,-27.5
819,453924,4. Degraded Optical Conditions,atmospheric_degradation,9.0,10.0,65.96340587079003,0.9563756760420665,22.5,17.5,-1.0,-1.0,FAILED,FAILED,NO_ACQUISITION,NO_ACQUISITION,65.00703019474795,-5.0
820,619517,1. Low Disturbance,straight_line,22.0,0.0,0.18997536122515546,0.2210560225994226,100.0,100.0,0.06666666666666667,0.06666666666666667,NOT_APPLICABLE,NOT_APPLICABLE,NONE,NONE,-0.031080661374267154,0.0
821,687403,2. Moderate Disturbance,sinusoidal,16.0,5.0,1.964508705525939,0.1706703749284801,45.0,5.0,0.06666666666666667,-1.0,0.2,FAILED,TRACK_LOSS,NO_ACQUISITION,1.7938383305974588,-40.0
822,272432,3. High Disturbance / Nonlinear,figure_eight,14.0,15.0,66.2806537963967,1.509912485023755,40.0,15.0,0.06666666666666667,0.06666666666666667,0.30000000000000004,0.7,TRACK_LOSS,TRACK_LOSS,64.77074131137294,-25.0
823,572170,4. Degraded Optical Conditions,atmospheric_degradation,9.0,10.0,111.66366037449073,1.3016559160279382,22.5,12.5,0.06666666666666667,-1.0,FAILED,FAILED,TRACK_LOSS,NO_ACQUISITION,110.36200445846279,-10.0
824,501187,1. Low Disturbance,straight_line,22.0,0.0,0.1898958312429989,0.20147869223360665,100.0,100.0,0.06666666666666667,0.06666666666666667,NOT_APPLICABLE,NOT_APPLICABLE,NONE,NONE,-0.011582860990607735,0.0
825,100910,2. Moderate Disturbance,sinusoidal,16.0,5.0,1.8397848949620252,0.5085322755448889,42.5,7.5,0.06666666666666667,-1.0,0.2583333333333333,FAILED,TRACK_LOSS,NO_ACQUISITION,1.3312526194171364,-35.0
826,615046,3. High Disturbance / Nonlinear,figure_eight,14.0,15.0,2.520508344323468,1.1052237429828302,47.5,15.0,0.06666666666666667,0.13333333333333333,0.2,0.1,TRACK_LOSS,TRACK_LOSS,1.4152846013406377,-32.5
827,354791,4. Degraded Optical Conditions,atmospheric_degradation,9.0,10.0,126.5483009980992,261.14321604429887,32.5,2.5,1.0666666666666667,-1.0,1.0666666666666667,FAILED,TRACK_LOSS,NO_ACQUISITION,-134.59491504619967,-30.0
828,697851,1. Low Disturbance,straight_line,22.0,0.0,0.20215036130104577,0.19921468928038016,100.0,100.0,0.06666666666666667,0.06666666666666667,NOT_APPLICABLE,NOT_APPLICABLE,NONE,NONE,0.0029356720206656084,0.0
829,174135,2. Moderate Disturbance,sinusoidal,16.0,5.0,1.8288383248446218,0.19944504661914375,45.0,5.0,0.06666666666666667,-1.0,0.2,FAILED,TRACK_LOSS,NO_ACQUISITION,1.629393278225478,-40.0
830,667167,3. High Disturbance / Nonlinear,figure_eight,14.0,15.0,85.10689252929723,1.1440761156063632,45.0,17.5,0.26666666666666666,0.8,0.18666666666666668,0.55,TRACK_LOSS,TRACK_LOSS,83.96281641369086,-27.5
831,792850,4. Degraded Optical Conditions,atmospheric_degradation,9.0,10.0,116.85921554525703,0.6522501299146588,25.0,12.5,1.1666666666666667,-1.0,1.1333333333333333,FAILED,TRACK_LOSS,NO_ACQUISITION,116.20696541534237,-12.5
832,787286,1. Low Disturbance,straight_line,22.0,0.0,0.19680020230979486,0.21164822336975203,100.0,100.0,0.06666666666666667,0.06666666666666667,NOT_APPLICABLE,NOT_APPLICABLE,NONE,NONE,-0.014848021059957167,0.0
833,832560,2. Moderate Disturbance,sinusoidal,16.0,5.0,1.8451097387331539,77.42265456894651,45.0,5.0,0.06666666666666667,-1.0,0.2,FAILED,TRACK_LOSS,NO_ACQUISITION,-75.57754483021336,-40.0
834,916722,3. High Disturbance / Nonlinear,figure_eight,14.0,15.0,1.5902546977381524,0.7073399513334448,42.5,17.5,0.06666666666666667,0.06666666666666667,0.2416666666666667,0.7,TRACK_LOSS,TRACK_LOSS,0.8829147464047076,-25.0
835,668214,4. Degraded Optical Conditions,atmospheric_degradation,9.0,10.0,34.46279197541505,1.005555158230333,37.5,17.5,0.6666666666666666,-1.0,0.5,FAILED,TRACK_LOSS,NO_ACQUISITION,33.45723681718472,-20.0
836,876392,1. Low Disturbance,straight_line,22.0,0.0,0.1767705432874091,0.18068259929598754,100.0,100.0,0.06666666666666667,0.06666666666666667,NOT_APPLICABLE,NOT_APPLICABLE,NONE,NONE,-0.003912056008578441,0.0
837,318422,2. Moderate Disturbance,sinusoidal,16.0,5.0,1.8059903363988852,1.0722709065577778,45.0,7.5,0.06666666666666667,-1.0,0.20666666666666664,FAILED,TRACK_LOSS,NO_ACQUISITION,0.7337194298411074,-37.5
838,769773,3. High Disturbance / Nonlinear,figure_eight,14.0,15.0,2.174367890160015,0.4230839759286731,45.0,7.5,0.06666666666666667,-1.0,0.21333333333333332,FAILED,TRACK_LOSS,NO_ACQUISITION,1.751283914231342,-37.5
839,945042,4. Degraded Optical Conditions,atmospheric_degradation,9.0,10.0,1.2548902712594672,0.6400830782211385,22.5,12.5,0.6666666666666666,-1.0,0.6666666666666666,FAILED,TRACK_LOSS,NO_ACQUISITION,0.6148071930383286,-10.0
840,465308,1. Low Disturbance,straight_line,22.0,0.0,0.18433390666759097,0.1938719345039433,100.0,100.0,0.06666666666666667,0.06666666666666667,NOT_APPLICABLE,NOT_APPLICABLE,NONE,NONE,-0.009538027836352325,0.0
841,784280,2. Moderate Disturbance,sinusoidal,16.0,5.0,1.937712676518101,2.7717244615639487,45.0,7.5,0.06666666666666667,-1.0,0.2,FAILED,TRACK_LOSS,NO_ACQUISITION,-0.8340117850458477,-37.5
842,453160,3. High Disturbance / Nonlinear,figure_eight,14.0,15.0,72.19288284685585,0.9578469506313134,40.0,17.5,0.23333333333333334,-1.0,0.2066666666666667,FAILED,TRACK_LOSS,NO_ACQUISITION,71.23503589622455,-22.5
843,607029,4. Degraded Optical Conditions,atmospheric_degradation,9.0,10.0,80.47184353818707,0.5713046504814869,30.0,15.0,0.9666666666666667,-1.0,0.9666666666666667,FAILED,TRACK_LOSS,NO_ACQUISITION,79.90053888770558,-15.0
844,477689,1. Low Disturbance,straight_line,22.0,0.0,0.18951869019616008,0.21157286417824597,100.0,100.0,0.06666666666666667,0.06666666666666667,NOT_APPLICABLE,NOT_APPLICABLE,NONE,NONE,-0.022054173982085895,0.0
845,531953,2. Moderate Disturbance,sinusoidal,16.0,5.0,1.676218357547215,1.0657924260512597,42.5,10.0,0.06666666666666667,0.8666666666666667,0.25,0.8333333333333334,TRACK_LOSS,TRACK_LOSS,0.6104259314959553,-32.5
846,894466,3. High Disturbance / Nonlinear,figure_eight,14.0,15.0,80.87298159733119,0.7832163490030037,45.0,10.0,0.06666666666666667,-1.0,0.3111111111111111,FAILED,TRACK_LOSS,NO_ACQUISITION,80.08976524832819,-35.0
847,797625,4. Degraded Optical Conditions,atmospheric_degradation,9.0,10.0,68.17807529678848,1.086038874006708,22.5,15.0,0.7,-1.0,0.7,FAILED,TRACK_LOSS,NO_ACQUISITION,67.09203642278177,-7.5
848,405775,1. Low Disturbance,straight_line,22.0,0.0,0.17033194510988334,0.18226360547112969,100.0,100.0,0.06666666666666667,0.06666666666666667,NOT_APPLICABLE,NOT_APPLICABLE,NONE,NONE,-0.011931660361246349,0.0
849,522755,2. Moderate Disturbance,sinusoidal,16.0,5.0,1.8299989682933242,0.8896999513142807,42.5,10.0,0.06666666666666667,0.8666666666666667,0.25,0.8333333333333334,TRACK_LOSS,TRACK_LOSS,0.9402990169790435,-32.5
850,615023,3. High Disturbance / Nonlinear,figure_eight,14.0,15.0,2.076352486783669,1.4589335570888438,45.0,15.0,0.06666666666666667,0.8,0.20666666666666664,0.7333333333333333,TRACK_LOSS,TRACK_LOSS,0.6174189296948251,-30.0
851,881777,4. Degraded Optical Conditions,atmospheric_degradation,9.0,10.0,16.26061305605728,0.7795684666785763,32.5,15.0,0.2,-1.0,0.41666666666666663,FAILED,TRACK_LOSS,NO_ACQUISITION,15.481044589378705,-17.5
852,511143,1. Low Disturbance,straight_line,22.0,0.0,0.17713926411668057,0.19863510406172188,100.0,100.0,0.06666666666666667,0.06666666666666667,NOT_APPLICABLE,NOT_APPLICABLE,NONE,NONE,-0.021495839945041312,0.0
853,323200,2. Moderate Disturbance,sinusoidal,16.0,5.0,1.769922124406998,1.6422872090277965,45.0,10.0,0.06666666666666667,0.06666666666666667,0.20666666666666664,FAILED,TRACK_LOSS,TRACK_LOSS,0.12763491537920157,-35.0
854,497559,3. High Disturbance / Nonlinear,figure_eight,14.0,15.0,67.31741768236247,60.410632857402334,40.0,7.5,0.3,-1.0,0.275,FAILED,TRACK_LOSS,NO_ACQUISITION,6.906784824960141,-32.5
855,684160,4. Degraded Optical Conditions,atmospheric_degradation,9.0,10.0,77.39534087455856,0.7402470558689186,30.0,20.0,0.06666666666666667,0.3,0.5,0.23333333333333334,TRACK_LOSS,TRACK_LOSS,76.65509381868964,-10.0
856,329447,1. Low Disturbance,straight_line,22.0,0.0,0.2175095021381333,0.22337359054359454,100.0,100.0,0.06666666666666667,0.06666666666666667,NOT_APPLICABLE,NOT_APPLICABLE,NONE,NONE,-0.0058640884054612374,0.0
857,107300,2. Moderate Disturbance,sinusoidal,16.0,5.0,1.866892388877299,1.097361621490578,45.0,7.5,0.06666666666666667,-1.0,0.2,FAILED,TRACK_LOSS,NO_ACQUISITION,0.7695307673867211,-37.5
858,300935,3. High Disturbance / Nonlinear,figure_eight,14.0,15.0,2.1052993310876147,1.1678334868095919,45.0,15.0,0.06666666666666667,0.06666666666666667,0.2,FAILED,TRACK_LOSS,TRACK_LOSS,0.9374658442780228,-30.0
859,845418,4. Degraded Optical Conditions,atmospheric_degradation,9.0,10.0,95.07501896408772,1.0941570872017816,27.500000000000004,12.5,0.5666666666666667,-1.0,0.5,FAILED,TRACK_LOSS,NO_ACQUISITION,93.98086187688594,-15.000000000000004
860,332804,1. Low Disturbance,straight_line,22.0,0.0,0.20318283618681765,0.2223978751536649,100.0,100.0,0.06666666666666667,0.06666666666666667,NOT_APPLICABLE,NOT_APPLICABLE,NONE,NONE,-0.01921503896684726,0.0
861,273339,2. Moderate Disturbance,sinusoidal,16.0,5.0,1.878188100584651,0.3523453840355946,40.0,5.0,0.06666666666666667,-1.0,0.24166666666666664,FAILED,TRACK_LOSS,NO_ACQUISITION,1.5258427165490565,-35.0
862,203696,3. High Disturbance / Nonlinear,figure_eight,14.0,15.0,1.9856584499013752,58.57960456646478,45.0,7.5,0.06666666666666667,-1.0,0.2,FAILED,TRACK_LOSS,NO_ACQUISITION,-56.59394611656341,-37.5
863,300451,4. Degraded Optical Conditions,atmospheric_degradation,9.0,10.0,1.460393336148754,1.1820605464366638,25.0,15.0,0.06666666666666667,-1.0,FAILED,FAILED,TRACK_LOSS,NO_ACQUISITION,0.2783327897120902,-10.0
864,984944,1. Low Disturbance,straight_line,22.0,0.0,0.19292897372852288,0.20740720621616393,100.0,100.0,0.06666666666666667,0.06666666666666667,NOT_APPLICABLE,NOT_APPLICABLE,NONE,NONE,-0.014478232487641046,0.0
865,390856,2. Moderate Disturbance,sinusoidal,16.0,5.0,2.067819829313254,1.0828460869806944,45.0,10.0,0.06666666666666667,0.8666666666666667,0.2066666666666667,0.8333333333333334,TRACK_LOSS,TRACK_LOSS,0.9849737423325597,-35.0
866,650504,3. High Disturbance / Nonlinear,figure_eight,14.0,15.0,1.970410768434478,131.77740978162277,45.0,10.0,0.06666666666666667,-1.0,0.2,FAILED,TRACK_LOSS,NO_ACQUISITION,-129.8069990131883,-35.0
867,561675,4. Degraded Optical Conditions,atmospheric_degradation,9.0,10.0,44.114363188346296,0.7048685307169227,25.0,15.0,0.06666666666666667,0.8666666666666667,0.5,0.8333333333333334,TRACK_LOSS,TRACK_LOSS,43.409494657629374,-10.0
868,742262,1. Low Disturbance,straight_line,22.0,0.0,0.19091924049242007,0.20010100520666982,100.0,100.0,0.06666666666666667,0.06666666666666667,NOT_APPLICABLE,NOT_APPLICABLE,NONE,NONE,-0.009181764714249752,0.0
869,648600,2. Moderate Disturbance,sinusoidal,16.0,5.0,1.9675503916565928,0.5406473202852548,45.0,10.0,0.06666666666666667,0.8666666666666667,0.2,0.8333333333333334,TRACK_LOSS,TRACK_LOSS,1.426903071371338,-35.0
870,584547,3. High Disturbance / Nonlinear,figure_eight,14.0,15.0,68.7551205849195,0.960308741718829,45.0,17.5,0.06666666666666667,0.06666666666666667,0.2,FAILED,TRACK_LOSS,TRACK_LOSS,67.79481184320066,-27.5
871,558280,4. Degraded Optical Conditions,atmospheric_degradation,9.0,10.0,0.9402819429867108,0.8595940645305759,35.0,15.0,0.3333333333333333,-1.0,0.26666666666666666,FAILED,TRACK_LOSS,NO_ACQUISITION,0.0806878784561349,-20.0
872,475935,1. Low Disturbance,straight_line,22.0,0.0,0.1839002594567297,0.2127274437817576,100.0,100.0,0.06666666666666667,0.06666666666666667,NOT_APPLICABLE,NOT_APPLICABLE,NONE,NONE,-0.0288271843250279,0.0
873,636778,2. Moderate Disturbance,sinusoidal,16.0,5.0,2.003041579324001,1.7574985775011693,45.0,7.5,0.06666666666666667,-1.0,0.2,FAILED,TRACK_LOSS,NO_ACQUISITION,0.2455430018228315,-37.5
874,382409,3. High Disturbance / Nonlinear,figure_eight,14.0,15.0,1.7604456307673297,0.634513742142078,47.5,10.0,0.06666666666666667,-1.0,0.21333333333333337,FAILED,TRACK_LOSS,NO_ACQUISITION,1.1259318886252516,-37.5
875,488440,4. Degraded Optical Conditions,atmospheric_degradation,9.0,10.0,86.1915358298882,0.8272274053509853,32.5,20.0,0.6666666666666666,-1.0,0.36666666666666664,FAILED,TRACK_LOSS,NO_ACQUISITION,85.36430842453721,-12.5
876,676112,1. Low Disturbance,straight_line,22.0,0.0,0.18210986326235012,0.21548109320651648,100.0,100.0,0.06666666666666667,0.06666666666666667,NOT_APPLICABLE,NOT_APPLICABLE,NONE,NONE,-0.03337122994416636,0.0
877,448706,2. Moderate Disturbance,sinusoidal,16.0,5.0,1.6910157770422678,0.8553324384241884,45.0,7.5,0.06666666666666667,-1.0,0.2,FAILED,TRACK_LOSS,NO_ACQUISITION,0.8356833386180794,-37.5
878,130018,3. High Disturbance / Nonlinear,figure_eight,14.0,15.0,1.3498600903627702,0.7316894972549705,40.0,15.0,0.06666666666666667,-1.0,0.24166666666666664,FAILED,TRACK_LOSS,NO_ACQUISITION,0.6181705931077998,-25.0
879,427962,4. Degraded Optical Conditions,atmospheric_degradation,9.0,10.0,1.2726016754526797,1.084486841256329,27.500000000000004,22.5,0.5333333333333333,0.5333333333333333,0.5333333333333333,0.5333333333333333,TRACK_LOSS,TRACK_LOSS,0.18811483419635056,-5.0000000000000036
880,848568,1. Low Disturbance,straight_line,22.0,0.0,0.1776064559021082,0.1809206926112117,100.0,100.0,0.06666666666666667,0.06666666666666667,NOT_APPLICABLE,NOT_APPLICABLE,NONE,NONE,-0.0033142367091034963,0.0
881,353853,2. Moderate Disturbance,sinusoidal,16.0,5.0,1.9337378098048605,0.6431175048712049,45.0,7.5,0.06666666666666667,-1.0,0.2,FAILED,TRACK_LOSS,NO_ACQUISITION,1.2906203049336558,-37.5
882,751754,3. High Disturbance / Nonlinear,figure_eight,14.0,15.0,1.8939114656942782,0.9283036187539149,40.0,10.0,0.06666666666666667,0.8333333333333334,0.25555555555555554,0.8,TRACK_LOSS,TRACK_LOSS,0.9656078469403633,-30.0
883,811964,4. Degraded Optical Conditions,atmospheric_degradation,9.0,10.0,106.12810701353038,0.707008968161646,25.0,12.5,-1.0,-1.0,FAILED,FAILED,NO_ACQUISITION,NO_ACQUISITION,105.42109804536874,-12.5
884,623818,1. Low Disturbance,straight_line,22.0,0.0,0.19022699844509566,0.21200213752952193,100.0,100.0,0.06666666666666667,0.06666666666666667,NOT_APPLICABLE,NOT_APPLICABLE,NONE,NONE,-0.02177513908442627,0.0
885,783642,2. Moderate Disturbance,sinusoidal,16.0,5.0,1.914339041640283,1.1336650655174159,45.0,7.5,0.06666666666666667,-1.0,0.2,FAILED,TRACK_LOSS,NO_ACQUISITION,0.7806739761228672,-37.5
886,413057,3. High Disturbance / Nonlinear,figure_eight,14.0,15.0,1.8714179010337553,12.109884946778232,45.0,22.5,0.06666666666666667,0.9666666666666667,0.2,0.9,TRACK_LOSS,TRACK_LOSS,-10.238467045744477,-22.5
887,219007,4. Degraded Optical Conditions,atmospheric_degradation,9.0,10.0,1.175813375513034,1.175813375513034,10.0,10.0,-1.0,-1.0,FAILED,FAILED,NO_ACQUISITION,NO_ACQUISITION,0.0,0.0
888,776958,1. Low Disturbance,straight_line,22.0,0.0,0.18085940381460555,0.1829794411445235,100.0,100.0,0.06666666666666667,0.06666666666666667,NOT_APPLICABLE,NOT_APPLICABLE,NONE,NONE,-0.0021200373299179454,0.0
889,302749,2. Moderate Disturbance,sinusoidal,16.0,5.0,60.469727259499415,1.5502866162413944,45.0,10.0,0.06666666666666667,-1.0,0.2,FAILED,TRACK_LOSS,NO_ACQUISITION,58.91944064325802,-35.0
890,619946,3. High Disturbance / Nonlinear,figure_eight,14.0,15.0,2.0951451277302975,1.6906081402750426,47.5,12.5,0.06666666666666667,-1.0,0.22499999999999998,FAILED,TRACK_LOSS,NO_ACQUISITION,0.4045369874552549,-35.0
891,798292,4. Degraded Optical Conditions,atmospheric_degradation,9.0,10.0,12.486871293411918,0.6206727111607584,35.0,20.0,0.2,-1.0,0.37777777777777777,FAILED,TRACK_LOSS,NO_ACQUISITION,11.86619858225116,-15.0
892,600373,1. Low Disturbance,straight_line,22.0,0.0,0.1833848668439278,0.18674149901044101,100.0,100.0,0.06666666666666667,0.06666666666666667,NOT_APPLICABLE,NOT_APPLICABLE,NONE,NONE,-0.003356632166513218,0.0
893,603370,2. Moderate Disturbance,sinusoidal,16.0,5.0,1.871229073983783,1.1155875817884422,45.0,10.0,0.06666666666666667,-1.0,0.20666666666666664,FAILED,TRACK_LOSS,NO_ACQUISITION,0.7556414921953407,-35.0
894,351484,3. High Disturbance / Nonlinear,figure_eight,14.0,15.0,2.4070452554385455,0.5715347171831581,45.0,10.0,0.06666666666666667,-1.0,0.18666666666666668,FAILED,TRACK_LOSS,NO_ACQUISITION,1.8355105382553876,-35.0
895,477592,4. Degraded Optical Conditions,atmospheric_degradation,9.0,10.0,68.51423251462352,0.9551721978079832,27.500000000000004,15.0,0.26666666666666666,-1.0,0.21666666666666667,FAILED,TRACK_LOSS,NO_ACQUISITION,67.55906031681553,-12.500000000000004
896,961769,1. Low Disturbance,straight_line,22.0,0.0,0.19340811600819294,0.2114298701468441,100.0,100.0,0.06666666666666667,0.06666666666666667,NOT_APPLICABLE,NOT_APPLICABLE,NONE,NONE,-0.018021754138651175,0.0
897,347795,2. Moderate Disturbance,sinusoidal,16.0,5.0,1.7619531927878729,0.2236698774024758,45.0,5.0,0.06666666666666667,-1.0,0.2,FAILED,TRACK_LOSS,NO_ACQUISITION,1.5382833153853972,-40.0
898,435541,3. High Disturbance / Nonlinear,figure_eight,14.0,15.0,2.036353670558473,0.663002262199662,35.0,12.5,0.3,0.06666666666666667,0.35555555555555557,FAILED,TRACK_LOSS,TRACK_LOSS,1.3733514083588108,-22.5
899,119345,4. Degraded Optical Conditions,atmospheric_degradation,9.0,10.0,1.0297298371025523,1.10378726425276,20.0,20.0,-1.0,-1.0,FAILED,FAILED,NO_ACQUISITION,NO_ACQUISITION,-0.07405742715020769,0.0
900,905703,1. Low Disturbance,straight_line,22.0,0.0,0.17274334480629966,0.1902487395718167,100.0,100.0,0.06666666666666667,0.06666666666666667,NOT_APPLICABLE,NOT_APPLICABLE,NONE,NONE,-0.017505394765517046,0.0
901,202503,2. Moderate Disturbance,sinusoidal,16.0,5.0,1.7172810285034257,0.8838974159688743,45.0,7.5,0.06666666666666667,-1.0,0.2,FAILED,TRACK_LOSS,NO_ACQUISITION,0.8333836125345514,-37.5
902,122959,3. High Disturbance / Nonlinear,figure_eight,14.0,15.0,2.0908876537084184,0.867576749724869,40.0,20.0,0.06666666666666667,0.06666666666666667,0.24166666666666664,0.6666666666666666,TRACK_LOSS,TRACK_LOSS,1.2233109039835495,-20.0
903,776222,4. Degraded Optical Conditions,atmospheric_degradation,9.0,10.0,97.36821180872077,0.876725651027655,35.0,17.5,0.6333333333333333,-1.0,0.3833333333333333,FAILED,TRACK_LOSS,NO_ACQUISITION,96.49148615769312,-17.5
904,398668,1. Low Disturbance,straight_line,22.0,0.0,0.17850206838799873,0.1845657599995915,100.0,100.0,0.06666666666666667,0.06666666666666667,NOT_APPLICABLE,NOT_APPLICABLE,NONE,NONE,-0.006063691611592759,0.0
905,603139,2. Moderate Disturbance,sinusoidal,16.0,5.0,1.7189318480792504,0.2572978617919733,45.0,5.0,0.06666666666666667,-1.0,0.2,FAILED,TRACK_LOSS,NO_ACQUISITION,1.4616339862872771,-40.0
906,509517,3. High Disturbance / Nonlinear,figure_eight,14.0,15.0,1.6033384217491988,0.8387590261863102,45.0,12.5,0.06666666666666667,-1.0,0.2,FAILED,TRACK_LOSS,NO_ACQUISITION,0.7645793955628887,-32.5
907,885380,4. Degraded Optical Conditions,atmospheric_degradation,9.0,10.0,1.1364434590349155,1.0550290192308165,25.0,17.5,0.7666666666666667,0.5333333333333333,0.6000000000000001,0.5333333333333333,TRACK_LOSS,TRACK_LOSS,0.08141443980409901,-7.5
908,735212,1. Low Disturbance,straight_line,22.0,0.0,0.19360223056206713,0.20299920715285708,100.0,100.0,0.06666666666666667,0.06666666666666667,NOT_APPLICABLE,NOT_APPLICABLE,NONE,NONE,-0.009396976590789946,0.0
909,892726,2. Moderate Disturbance,sinusoidal,16.0,5.0,1.9793532028115908,0.30889976853011514,45.0,5.0,0.06666666666666667,-1.0,0.2,FAILED,TRACK_LOSS,NO_ACQUISITION,1.6704534342814756,-40.0
910,262879,3. High Disturbance / Nonlinear,figure_eight,14.0,15.0,2.035593547119711,0.7578176669631721,42.5,7.5,0.26666666666666666,-1.0,0.20666666666666664,FAILED,TRACK_LOSS,NO_ACQUISITION,1.2777758801565389,-35.0
911,784533,4. Degraded Optical Conditions,atmospheric_degradation,9.0,10.0,124.47174879761825,0.8759694710083116,32.5,15.0,0.3,-1.0,0.5166666666666666,FAILED,TRACK_LOSS,NO_ACQUISITION,123.59577932660993,-17.5
912,798298,1. Low Disturbance,straight_line,22.0,0.0,0.1792131220118545,0.20322553653065265,100.0,100.0,0.06666666666666667,0.06666666666666667,NOT_APPLICABLE,NOT_APPLICABLE,NONE,NONE,-0.024012414518798153,0.0
913,796454,2. Moderate Disturbance,sinusoidal,16.0,5.0,1.9321712820169106,1.4129219770932442,45.0,10.0,0.06666666666666667,-1.0,0.2,FAILED,TRACK_LOSS,NO_ACQUISITION,0.5192493049236664,-35.0
914,231425,3. High Disturbance / Nonlinear,figure_eight,14.0,15.0,2.1071616101435335,0.5527441085017244,40.0,7.5,0.1,-1.0,0.2066666666666667,FAILED,TRACK_LOSS,NO_ACQUISITION,1.5544175016418091,-32.5
915,404040,4. Degraded Optical Conditions,atmospheric_degradation,9.0,10.0,1.0941139034337077,0.9705954250152893,20.0,12.5,-1.0,-1.0,FAILED,FAILED,NO_ACQUISITION,NO_ACQUISITION,0.12351847841841845,-7.5
916,444716,1. Low Disturbance,straight_line,22.0,0.0,0.18253839718899287,0.1945338839789437,100.0,100.0,0.06666666666666667,0.06666666666666667,NOT_APPLICABLE,NOT_APPLICABLE,NONE,NONE,-0.011995486789950827,0.0
917,639854,2. Moderate Disturbance,sinusoidal,16.0,5.0,1.9537780794123332,0.629908414883864,45.0,7.5,0.06666666666666667,-1.0,0.2,FAILED,TRACK_LOSS,NO_ACQUISITION,1.3238696645284693,-37.5
918,912889,3. High Disturbance / Nonlinear,figure_eight,14.0,15.0,1.8900845380306643,1.9186481817685468,52.5,7.5,0.06666666666666667,-1.0,0.16111111111111112,FAILED,TRACK_LOSS,NO_ACQUISITION,-0.02856364373788245,-45.0
919,448854,4. Degraded Optical Conditions,atmospheric_degradation,9.0,10.0,116.59259660107269,0.9381763758569885,30.0,15.0,0.4666666666666667,-1.0,0.33333333333333337,FAILED,TRACK_LOSS,NO_ACQUISITION,115.6544202252157,-15.0
920,471825,1. Low Disturbance,straight_line,22.0,0.0,0.1926368619938562,0.20865861649406897,100.0,100.0,0.06666666666666667,0.06666666666666667,NOT_APPLICABLE,NOT_APPLICABLE,NONE,NONE,-0.01602175450021276,0.0
921,716070,2. Moderate Disturbance,sinusoidal,16.0,5.0,1.7944175496911545,1.3968287266222175,45.0,7.5,0.06666666666666667,-1.0,0.2,FAILED,TRACK_LOSS,NO_ACQUISITION,0.39758882306893706,-37.5
922,491056,3. High Disturbance / Nonlinear,figure_eight,14.0,15.0,88.39738486876611,0.7736464602567237,47.5,10.0,0.06666666666666667,-1.0,0.2,FAILED,TRACK_LOSS,NO_ACQUISITION,87.62373840850938,-37.5
923,662234,4. Degraded Optical Conditions,atmospheric_degradation,9.0,10.0,1.552113873832401,1.514242182168325,27.500000000000004,22.5,0.7,-1.0,0.7,FAILED,TRACK_LOSS,NO_ACQUISITION,0.037871691664076,-5.0000000000000036
924,407230,1. Low Disturbance,straight_line,22.0,0.0,0.19473401460117074,0.18809710958146894,100.0,100.0,0.06666666666666667,0.06666666666666667,NOT_APPLICABLE,NOT_APPLICABLE,NONE,NONE,0.006636905019701794,0.0
925,805184,2. Moderate Disturbance,sinusoidal,16.0,5.0,1.627293839433946,1.3595546760653254,45.0,7.5,0.06666666666666667,-1.0,0.20666666666666664,FAILED,TRACK_LOSS,NO_ACQUISITION,0.2677391633686206,-37.5
926,118838,3. High Disturbance / Nonlinear,figure_eight,14.0,15.0,41.763278212804195,1.4965757824033676,45.0,15.0,0.06666666666666667,-1.0,0.24166666666666664,FAILED,TRACK_LOSS,NO_ACQUISITION,40.26670243040083,-30.0
927,559317,4. Degraded Optical Conditions,atmospheric_degradation,9.0,10.0,27.637123122608727,0.6462063555732938,27.500000000000004,17.5,0.26666666666666666,-1.0,0.2,FAILED,TRACK_LOSS,NO_ACQUISITION,26.990916767035433,-10.000000000000004
928,187129,1. Low Disturbance,straight_line,22.0,0.0,0.18748312960492977,0.20662508715373334,100.0,100.0,0.06666666666666667,0.06666666666666667,NOT_APPLICABLE,NOT_APPLICABLE,NONE,NONE,-0.019141957548803573,0.0
929,764881,2. Moderate Disturbance,sinusoidal,16.0,5.0,1.8172463395392462,0.24763350420035213,40.0,5.0,0.06666666666666667,-1.0,0.3111111111111111,FAILED,TRACK_LOSS,NO_ACQUISITION,1.569612835338894,-35.0
930,338746,3. High Disturbance / Nonlinear,figure_eight,14.0,15.0,2.2106181175571744,0.7306592364982669,40.0,15.0,0.06666666666666667,-1.0,0.2,FAILED,TRACK_LOSS,NO_ACQUISITION,1.4799588810589075,-25.0
931,661262,4. Degraded Optical Conditions,atmospheric_degradation,9.0,10.0,100.83277900099831,0.8852925142956876,27.500000000000004,17.5,0.13333333333333333,0.7333333333333333,0.35,0.7333333333333333,TRACK_LOSS,TRACK_LOSS,99.94748648670263,-10.000000000000004
932,595017,1. Low Disturbance,straight_line,22.0,0.0,0.1787192561217507,0.21846998044421062,100.0,100.0,0.06666666666666667,0.06666666666666667,NOT_APPLICABLE,NOT_APPLICABLE,NONE,NONE,-0.03975072432245991,0.0
933,835785,2. Moderate Disturbance,sinusoidal,16.0,5.0,1.8220444939556877,0.868070479035288,45.0,10.0,0.06666666666666667,0.8333333333333334,0.2,0.8,TRACK_LOSS,TRACK_LOSS,0.9539740149203997,-35.0
934,621397,3. High Disturbance / Nonlinear,figure_eight,14.0,15.0,1.8121776185531524,0.24833442763914604,47.5,7.5,0.13333333333333333,-1.0,0.16666666666666666,FAILED,TRACK_LOSS,NO_ACQUISITION,1.5638431909140063,-40.0
935,271452,4. Degraded Optical Conditions,atmospheric_degradation,9.0,10.0,44.63942956633378,1.0506293283280417,35.0,20.0,0.06666666666666667,-1.0,0.5,FAILED,TRACK_LOSS,NO_ACQUISITION,43.58880023800574,-15.0
936,870510,1. Low Disturbance,straight_line,22.0,0.0,0.18658665842636984,0.18669721918869486,100.0,100.0,0.06666666666666667,0.06666666666666667,NOT_APPLICABLE,NOT_APPLICABLE,NONE,NONE,-0.00011056076232501821,0.0
937,404745,2. Moderate Disturbance,sinusoidal,16.0,5.0,1.7843136179574126,0.7419722736279077,45.0,7.5,0.06666666666666667,-1.0,0.2,FAILED,TRACK_LOSS,NO_ACQUISITION,1.0423413443295049,-37.5
938,719399,3. High Disturbance / Nonlinear,figure_eight,14.0,15.0,42.11475117846969,0.5734556307032315,47.5,12.5,0.06666666666666667,-1.0,0.2,FAILED,TRACK_LOSS,NO_ACQUISITION,41.54129554776646,-35.0
939,127381,4. Degraded Optical Conditions,atmospheric_degradation,9.0,10.0,1.1326172866255884,0.7255725830197984,30.0,15.0,0.06666666666666667,-1.0,0.2833333333333333,FAILED,TRACK_LOSS,NO_ACQUISITION,0.4070447036057899,-15.0
940,860822,1. Low Disturbance,straight_line,22.0,0.0,0.17309942686310265,0.17354644260705737,100.0,100.0,0.06666666666666667,0.06666666666666667,NOT_APPLICABLE,NOT_APPLICABLE,NONE,NONE,-0.0004470157439547262,0.0
941,749331,2. Moderate Disturbance,sinusoidal,16.0,5.0,1.9365887424320725,0.9634489173739469,45.0,7.5,0.06666666666666667,-1.0,0.2,FAILED,TRACK_LOSS,NO_ACQUISITION,0.9731398250581256,-37.5
942,630230,3. High Disturbance / Nonlinear,figure_eight,14.0,15.0,34.558915877587076,0.23146402002558691,45.0,10.0,0.06666666666666667,-1.0,0.2,FAILED,TRACK_LOSS,NO_ACQUISITION,34.32745185756149,-35.0
943,554087,4. Degraded Optical Conditions,atmospheric_degradation,9.0,10.0,1.469757294991363,0.822868910105133,22.5,12.5,0.26666666666666666,-1.0,0.26666666666666666,FAILED,TRACK_LOSS,NO_ACQUISITION,0.6468883848862301,-10.0
944,931025,1. Low Disturbance,straight_line,22.0,0.0,0.1899326084919852,0.1984442465870826,100.0,100.0,0.06666666666666667,0.06666666666666667,NOT_APPLICABLE,NOT_APPLICABLE,NONE,NONE,-0.00851163809509739,0.0
945,657433,2. Moderate Disturbance,sinusoidal,16.0,5.0,1.924325812886455,1.1733366071672928,45.0,10.0,0.06666666666666667,-1.0,0.2,FAILED,TRACK_LOSS,NO_ACQUISITION,0.7509892057191623,-35.0
946,312525,3. High Disturbance / Nonlinear,figure_eight,14.0,15.0,72.32750360708545,1.9760533619726566,42.5,20.0,0.26666666666666666,0.06666666666666667,0.2,1.2,TRACK_LOSS,TRACK_LOSS,70.35145024511279,-22.5
947,164003,4. Degraded Optical Conditions,atmospheric_degradation,9.0,10.0,103.77483994524918,0.8386237887871167,35.0,20.0,0.3333333333333333,-1.0,0.3666666666666667,FAILED,TRACK_LOSS,NO_ACQUISITION,102.93621615646207,-15.0
948,923436,1. Low Disturbance,straight_line,22.0,0.0,0.1891322041600381,0.2040759313223706,100.0,100.0,0.06666666666666667,0.06666666666666667,NOT_APPLICABLE,NOT_APPLICABLE,NONE,NONE,-0.014943727162332499,0.0
949,506997,2. Moderate Disturbance,sinusoidal,16.0,5.0,1.9407318458837344,1.7954910204770707,45.0,10.0,0.06666666666666667,-1.0,0.2,FAILED,TRACK_LOSS,NO_ACQUISITION,0.14524082540666372,-35.0
950,183002,3. High Disturbance / Nonlinear,figure_eight,14.0,15.0,2.0013369318733227,0.7532977818489046,45.0,15.0,0.06666666666666667,1.1,0.18666666666666668,1.0333333333333334,TRACK_LOSS,TRACK_LOSS,1.2480391500244181,-30.0
951,657588,4. Degraded Optical Conditions,atmospheric_degradation,9.0,10.0,105.17322175101295,1.4874091332463308,27.500000000000004,20.0,0.7666666666666667,0.3,0.7666666666666667,0.3,TRACK_LOSS,TRACK_LOSS,103.68581261776662,-7.5000000000000036
952,404198,1. Low Disturbance,straight_line,22.0,0.0,0.18747936694647024,0.1866485485825672,100.0,100.0,0.06666666666666667,0.06666666666666667,NOT_APPLICABLE,NOT_APPLICABLE,NONE,NONE,0.0008308183639030575,0.0
953,485044,2. Moderate Disturbance,sinusoidal,16.0,5.0,1.5919983569322087,0.24501735647062553,45.0,5.0,0.06666666666666667,-1.0,0.2,FAILED,TRACK_LOSS,NO_ACQUISITION,1.3469810004615832,-40.0
954,913849,3. High Disturbance / Nonlinear,figure_eight,14.0,15.0,1.721606747254737,1.289831117140507,40.0,15.0,0.06666666666666667,0.8333333333333334,0.2416666666666667,0.8,TRACK_LOSS,TRACK_LOSS,0.4317756301142299,-25.0
955,426889,4. Degraded Optical Conditions,atmospheric_degradation,9.0,10.0,137.8134996209771,1.0009109878575064,22.5,12.5,0.3333333333333333,-1.0,0.3,FAILED,TRACK_LOSS,NO_ACQUISITION,136.8125886331196,-10.0
956,767155,1. Low Disturbance,straight_line,22.0,0.0,0.1898817644315306,0.21200263582116768,100.0,100.0,0.06666666666666667,0.06666666666666667,NOT_APPLICABLE,NOT_APPLICABLE,NONE,NONE,-0.022120871389637087,0.0
957,462957,2. Moderate Disturbance,sinusoidal,16.0,5.0,1.9824347529770148,1.0457781063124156,45.0,10.0,0.06666666666666667,0.8666666666666667,0.2,0.8333333333333334,TRACK_LOSS,TRACK_LOSS,0.9366566466645991,-35.0
958,604634,3. High Disturbance / Nonlinear,figure_eight,14.0,15.0,1.8815839467678706,1.950272306580547,45.0,7.5,0.06666666666666667,-1.0,0.2,FAILED,TRACK_LOSS,NO_ACQUISITION,-0.0686883598126764,-37.5
959,864563,4. Degraded Optical Conditions,atmospheric_degradation,9.0,10.0,60.71807957094941,0.7327230025307641,27.500000000000004,15.0,0.3,-1.0,0.3,FAILED,TRACK_LOSS,NO_ACQUISITION,59.98535656841865,-12.500000000000004
960,452064,1. Low Disturbance,straight_line,22.0,0.0,0.19256097353671459,0.19912706451580311,100.0,100.0,0.06666666666666667,0.06666666666666667,NOT_APPLICABLE,NOT_APPLICABLE,NONE,NONE,-0.006566090979088529,0.0
961,785106,2. Moderate Disturbance,sinusoidal,16.0,5.0,1.7893290653619962,1.1055794909480612,42.5,10.0,0.06666666666666667,-1.0,0.25,FAILED,TRACK_LOSS,NO_ACQUISITION,0.683749574413935,-32.5
962,586227,3. High Disturbance / Nonlinear,figure_eight,14.0,15.0,1.9540300456128006,0.6569729569471282,47.5,12.5,0.06666666666666667,0.8666666666666667,0.2,0.8,TRACK_LOSS,TRACK_LOSS,1.2970570886656723,-35.0
963,283126,4. Degraded Optical Conditions,atmospheric_degradation,9.0,10.0,59.63520027320061,1.2051819529079002,22.5,17.5,-1.0,-1.0,FAILED,FAILED,NO_ACQUISITION,NO_ACQUISITION,58.43001832029271,-5.0
964,979528,1. Low Disturbance,straight_line,22.0,0.0,0.18450824549940992,0.20884462773066814,100.0,100.0,0.06666666666666667,0.06666666666666667,NOT_APPLICABLE,NOT_APPLICABLE,NONE,NONE,-0.024336382231258225,0.0
965,662641,2. Moderate Disturbance,sinusoidal,16.0,5.0,1.8573464258322652,0.770052386819979,45.0,7.5,0.06666666666666667,-1.0,0.2,FAILED,TRACK_LOSS,NO_ACQUISITION,1.0872940390122863,-37.5
966,912469,3. High Disturbance / Nonlinear,figure_eight,14.0,15.0,1.548752034639699,1.8159628325498485,42.5,25.0,0.06666666666666667,0.16666666666666666,0.32222222222222224,0.3833333333333333,TRACK_LOSS,TRACK_LOSS,-0.26721079791014946,-17.5
967,499798,4. Degraded Optical Conditions,atmospheric_degradation,9.0,10.0,116.10630447455343,1.4758498903266613,37.5,27.500000000000004,0.1,0.9666666666666667,0.2916666666666667,0.9666666666666667,TRACK_LOSS,TRACK_LOSS,114.63045458422677,-9.999999999999996
968,236882,1. Low Disturbance,straight_line,22.0,0.0,0.1880329126647993,0.20510143192893887,100.0,100.0,0.06666666666666667,0.06666666666666667,NOT_APPLICABLE,NOT_APPLICABLE,NONE,NONE,-0.017068519264139576,0.0
969,940312,2. Moderate Disturbance,sinusoidal,16.0,5.0,1.820935212360465,1.6454009601643271,45.0,7.5,0.06666666666666667,-1.0,0.2,FAILED,TRACK_LOSS,NO_ACQUISITION,0.17553425219613783,-37.5
970,307218,3. High Disturbance / Nonlinear,figure_eight,14.0,15.0,2.3804207992852837,0.2594272559570821,45.0,12.5,0.06666666666666667,0.7666666666666667,0.2,0.7333333333333333,TRACK_LOSS,TRACK_LOSS,2.1209935433282014,-32.5
971,502968,4. Degraded Optical Conditions,atmospheric_degradation,9.0,10.0,148.11728062496988,0.8771285054933202,27.500000000000004,17.5,1.1,-1.0,1.0666666666666667,FAILED,TRACK_LOSS,NO_ACQUISITION,147.24015211947656,-10.000000000000004
972,668974,1. Low Disturbance,straight_line,22.0,0.0,0.197553136261789,0.18449587210371465,100.0,100.0,0.06666666666666667,0.06666666666666667,NOT_APPLICABLE,NOT_APPLICABLE,NONE,NONE,0.013057264158074344,0.0
973,225376,2. Moderate Disturbance,sinusoidal,16.0,5.0,1.8666932697503806,0.6397442408282824,45.0,10.0,0.06666666666666667,0.8666666666666667,0.2,0.8333333333333334,TRACK_LOSS,TRACK_LOSS,1.2269490289220983,-35.0
974,818543,3. High Disturbance / Nonlinear,figure_eight,14.0,15.0,100.41023783559262,0.7320712059173846,45.0,15.0,0.06666666666666667,-1.0,0.2,FAILED,TRACK_LOSS,NO_ACQUISITION,99.67816662967525,-30.0
975,808287,4. Degraded Optical Conditions,atmospheric_degradation,9.0,10.0,85.4065924672326,0.963017597292417,22.5,20.0,0.8666666666666667,-1.0,0.8666666666666667,FAILED,TRACK_LOSS,NO_ACQUISITION,84.44357486994018,-2.5
976,408131,1. Low Disturbance,straight_line,22.0,0.0,0.18391076671210124,0.1945545797969481,100.0,100.0,0.06666666666666667,0.06666666666666667,NOT_APPLICABLE,NOT_APPLICABLE,NONE,NONE,-0.010643813084846854,0.0
977,157809,2. Moderate Disturbance,sinusoidal,16.0,5.0,1.8731719669086793,0.7711865408811146,45.0,7.5,0.06666666666666667,-1.0,0.2,FAILED,TRACK_LOSS,NO_ACQUISITION,1.1019854260275648,-37.5
978,321466,3. High Disturbance / Nonlinear,figure_eight,14.0,15.0,2.2019384770233597,1.8135889716717981,45.0,22.5,0.06666666666666667,0.7666666666666667,0.18333333333333335,0.5,TRACK_LOSS,TRACK_LOSS,0.38834950535156154,-22.5
979,864473,4. Degraded Optical Conditions,atmospheric_degradation,9.0,10.0,83.47709217198009,0.7725772419820892,30.0,12.5,1.3,-1.0,1.2666666666666666,FAILED,TRACK_LOSS,NO_ACQUISITION,82.704514929998,-17.5
980,919227,1. Low Disturbance,straight_line,22.0,0.0,0.18602042815702652,0.21334628548636933,100.0,100.0,0.06666666666666667,0.06666666666666667,NOT_APPLICABLE,NOT_APPLICABLE,NONE,NONE,-0.027325857329342812,0.0
981,376645,2. Moderate Disturbance,sinusoidal,16.0,5.0,1.8266529238854352,0.3486542470762478,45.0,10.0,0.06666666666666667,0.8666666666666667,0.2,0.8333333333333334,TRACK_LOSS,TRACK_LOSS,1.4779986768091873,-35.0
982,889990,3. High Disturbance / Nonlinear,figure_eight,14.0,15.0,52.01921890303002,1.1722717127645417,45.0,15.0,0.06666666666666667,0.06666666666666667,0.2066666666666667,FAILED,TRACK_LOSS,TRACK_LOSS,50.84694719026548,-30.0
983,252294,4. Degraded Optical Conditions,atmospheric_degradation,9.0,10.0,103.64372139637673,0.7834471748055275,37.5,17.5,0.06666666666666667,1.3,0.55,1.2666666666666666,TRACK_LOSS,TRACK_LOSS,102.8602742215712,-20.0
984,449654,1. Low Disturbance,straight_line,22.0,0.0,0.17943054965181748,0.17886652770854042,100.0,100.0,0.06666666666666667,0.06666666666666667,NOT_APPLICABLE,NOT_APPLICABLE,NONE,NONE,0.0005640219432770655,0.0
985,426100,2. Moderate Disturbance,sinusoidal,16.0,5.0,1.7985462264974013,0.8749332665104359,45.0,7.5,0.06666666666666667,-1.0,0.2,FAILED,TRACK_LOSS,NO_ACQUISITION,0.9236129599869654,-37.5
986,515677,3. High Disturbance / Nonlinear,figure_eight,14.0,15.0,1.523741533585496,0.8011491448363468,47.5,10.0,0.06666666666666667,0.06666666666666667,0.18666666666666668,FAILED,TRACK_LOSS,TRACK_LOSS,0.7225923887491492,-37.5
987,563097,4. Degraded Optical Conditions,atmospheric_degradation,9.0,10.0,84.7225317952979,1.0401990894793811,30.0,15.0,0.43333333333333335,-1.0,0.25,FAILED,TRACK_LOSS,NO_ACQUISITION,83.68233270581851,-15.0
988,151253,1. Low Disturbance,straight_line,22.0,0.0,0.19250821723751949,0.22469572204563995,100.0,100.0,0.06666666666666667,0.06666666666666667,NOT_APPLICABLE,NOT_APPLICABLE,NONE,NONE,-0.032187504808120465,0.0
989,731300,2. Moderate Disturbance,sinusoidal,16.0,5.0,1.8616169458258154,0.12447729215910582,47.5,5.0,0.06666666666666667,-1.0,0.2,FAILED,TRACK_LOSS,NO_ACQUISITION,1.7371396536667096,-42.5
990,338348,3. High Disturbance / Nonlinear,figure_eight,14.0,15.0,2.3097638076455955,0.8100219008940475,40.0,7.5,0.06666666666666667,-1.0,0.2416666666666667,FAILED,TRACK_LOSS,NO_ACQUISITION,1.499741906751548,-32.5
991,205336,4. Degraded Optical Conditions,atmospheric_degradation,9.0,10.0,56.30368429838776,0.7700979286356814,20.0,15.0,-1.0,-1.0,FAILED,FAILED,NO_ACQUISITION,NO_ACQUISITION,55.53358636975208,-5.0
992,581148,1. Low Disturbance,straight_line,22.0,0.0,0.18446483925369353,0.1873338331822275,100.0,100.0,0.06666666666666667,0.06666666666666667,NOT_APPLICABLE,NOT_APPLICABLE,NONE,NONE,-0.0028689939285339583,0.0
993,155114,2. Moderate Disturbance,sinusoidal,16.0,5.0,2.032672817395607,0.17541866664599812,45.0,5.0,0.06666666666666667,-1.0,0.2,FAILED,TRACK_LOSS,NO_ACQUISITION,1.857254150749609,-40.0
994,958232,3. High Disturbance / Nonlinear,figure_eight,14.0,15.0,2.3208194948122634,0.626183601520468,40.0,12.5,0.23333333333333334,0.7333333333333333,0.2,0.7,TRACK_LOSS,TRACK_LOSS,1.6946358932917953,-27.5
995,516782,4. Degraded Optical Conditions,atmospheric_degradation,9.0,10.0,1.2655325129067352,1.1455148650791154,32.5,15.0,0.13333333333333333,-1.0,0.6333333333333333,FAILED,TRACK_LOSS,NO_ACQUISITION,0.12001764782761981,-17.5
996,380146,1. Low Disturbance,straight_line,22.0,0.0,0.18697689963789776,0.17718146930053516,100.0,100.0,0.06666666666666667,0.06666666666666667,NOT_APPLICABLE,NOT_APPLICABLE,NONE,NONE,0.009795430337362604,0.0
997,154219,2. Moderate Disturbance,sinusoidal,16.0,5.0,1.862365346916712,0.2299460004942353,45.0,5.0,0.06666666666666667,-1.0,0.2,FAILED,TRACK_LOSS,NO_ACQUISITION,1.6324193464224768,-40.0
998,899122,3. High Disturbance / Nonlinear,figure_eight,14.0,15.0,2.082388599594583,1.41357473313877,47.5,10.0,0.06666666666666667,-1.0,0.18,FAILED,TRACK_LOSS,NO_ACQUISITION,0.6688138664558128,-37.5
999,432099,4. Degraded Optical Conditions,atmospheric_degradation,9.0,10.0,90.49584613747567,1.5522659081159478,30.0,17.5,0.9666666666666667,1.0333333333333334,0.5833333333333334,1.0333333333333334,TRACK_LOSS,TRACK_LOSS,88.94358022935972,-12.5
