scenario_id,snr_db,background_level,roi_size,method_a,method_b,paired_trial_count,rmse_difference,mean_error_difference,ci_lower_diff,ci_upper_diff,latency_difference_ms
10A_matched_gaussian,15.0,10.0,31,Gaussian Fitting,PSF-Aware Fitting,50,-0.002009871932149465,-0.0010907408271399466,-0.005901575801065869,0.001759059761410407,-1.8353700009174645
10B_elliptical_r_1.25_theta_0,15.0,10.0,31,Gaussian Fitting,PSF-Aware Fitting,50,-4.9101781127658395e-05,-0.0023632223918709228,-0.004278783003266258,0.004277607471173513,-1.352898005861789
10B_elliptical_r_1.25_theta_45,15.0,10.0,31,Gaussian Fitting,PSF-Aware Fitting,50,0.00046607104022375334,0.0015861412249609241,-0.0067842065851465945,0.007204838914538115,-1.3344820006750524
10B_elliptical_r_1.5_theta_0,15.0,10.0,31,Gaussian Fitting,PSF-Aware Fitting,50,-0.0019305398909215954,-0.0022880550434684344,-0.006671974649016372,0.002362883979512199,-1.395419982727617
10B_elliptical_r_1.5_theta_45,15.0,10.0,31,Gaussian Fitting,PSF-Aware Fitting,50,-0.011214307014202535,-0.010690544937059981,-0.02384588999639958,0.0015076895848013794,-1.6638060030527413
10B_elliptical_r_1_theta_0,15.0,10.0,31,Gaussian Fitting,PSF-Aware Fitting,50,-0.0043514000176904655,-0.004569879078932304,-0.008072219982920443,-0.00045726800325344107,-1.0268120095133781
10B_elliptical_r_1_theta_45,15.0,10.0,31,Gaussian Fitting,PSF-Aware Fitting,50,-0.0031526789708019864,-0.0020537586217606596,-0.007267592407724331,0.0010927469806415798,-1.0291679995134473
10B_elliptical_r_2_theta_0,15.0,10.0,31,Gaussian Fitting,PSF-Aware Fitting,50,-0.007527289305521712,-0.006559363478376157,-0.011252314460877912,-0.0039189601534967864,-1.5148999961093068
10B_elliptical_r_2_theta_45,15.0,10.0,31,Gaussian Fitting,PSF-Aware Fitting,50,-0.026006287268990652,-0.01998945105087263,-0.061880592447792815,0.007552229976123281,-2.9199339961633086
10C_asymmetric_alpha_0,15.0,10.0,31,Gaussian Fitting,PSF-Aware Fitting,50,-0.0051846008518582065,-0.003774374113290402,-0.009801903247273255,-0.000924046024764164,-1.2549659982323647
10C_asymmetric_alpha_0.1,15.0,10.0,31,Gaussian Fitting,PSF-Aware Fitting,50,-0.01549949250486074,-0.010556461815145635,-0.030726472716579432,-0.0002726303528270126,-0.9584159939549863
10C_asymmetric_alpha_0.2,15.0,10.0,31,Gaussian Fitting,PSF-Aware Fitting,50,-0.06509979304533023,-0.05500297157873471,-0.09044033072115536,-0.03555667631755152,-1.0777719994075596
10C_asymmetric_alpha_0.3,15.0,10.0,31,Gaussian Fitting,PSF-Aware Fitting,50,-0.10738483892315417,-0.10024487136846905,-0.1382353483790735,-0.07222960070053919,-0.7120360038243234
10D_defocused_sig_0.5px,15.0,10.0,31,Gaussian Fitting,PSF-Aware Fitting,50,-0.002384082714493946,-0.0021630729704231744,-0.0065360940979763875,0.0019262899622828535,-1.5687779989093542
10D_defocused_sig_0px,15.0,10.0,31,Gaussian Fitting,PSF-Aware Fitting,50,0.00012908337855474517,-0.0009860430463774772,-0.004506483803037397,0.004731480883755102,-1.879422003403306
10D_defocused_sig_1px,15.0,10.0,31,Gaussian Fitting,PSF-Aware Fitting,50,-0.004735086315818204,-0.002541741084767013,-0.010812647261646838,0.0018208135324460863,-1.7146459966897964
10D_defocused_sig_2px,15.0,10.0,31,Gaussian Fitting,PSF-Aware Fitting,50,-0.000530452396613007,-0.0004463775005906778,-0.0029266570528345185,0.001990903039462653,-1.8542520026676357
10E_aberrated_astigmatism_w_0.1,15.0,10.0,31,Gaussian Fitting,PSF-Aware Fitting,50,0.0001890941733063145,-0.00013219863788288544,-0.004029534675691017,0.004764260492604572,-1.2220059870742261
10E_aberrated_coma_w_0,15.0,10.0,31,Gaussian Fitting,PSF-Aware Fitting,50,0.0005340523710579137,0.0004731919615064417,-0.004212917353752331,0.0048610414168222815,-1.422127999830991
10E_aberrated_coma_w_0.05,15.0,10.0,31,Gaussian Fitting,PSF-Aware Fitting,50,-0.06497561178874739,-0.05601928598423994,-0.09750986489742111,-0.029754798112141382,-1.3340920046903193
10E_aberrated_coma_w_0.1,15.0,10.0,31,Gaussian Fitting,PSF-Aware Fitting,50,-0.19746694806636153,-0.1929055961109733,-0.23805666588948063,-0.15499963729538066,-1.5405260026454926
10E_aberrated_coma_w_0.2,15.0,10.0,31,Gaussian Fitting,PSF-Aware Fitting,50,-0.6036979447376636,-0.6084149420176933,-0.6420034498684795,-0.5620666571225663,-1.8424640013836324
10F_snr_asymmetric_snr_0dB,0.0,10.0,31,Gaussian Fitting,PSF-Aware Fitting,50,-0.4103735493028742,-0.29275287118788196,-0.7686043763155898,-0.12613426426505547,-15.040539999026805
10F_snr_asymmetric_snr_10dB,10.0,10.0,31,Gaussian Fitting,PSF-Aware Fitting,50,-0.06229318613596274,-0.05700994477571597,-0.09315110086355517,-0.026941257475471624,-1.548662013374269
10F_snr_asymmetric_snr_15dB,15.0,10.0,31,Gaussian Fitting,PSF-Aware Fitting,50,-0.057783616737954485,-0.05814032996645649,-0.08143398268528479,-0.03047016395387132,-0.599087995942682
10F_snr_asymmetric_snr_20dB,20.0,10.0,31,Gaussian Fitting,PSF-Aware Fitting,50,-0.09436780997107086,-0.09089858889216583,-0.11116628946771764,-0.07679889172912414,-0.4419140121899545
10F_snr_asymmetric_snr_25dB,25.0,10.0,31,Gaussian Fitting,PSF-Aware Fitting,50,-0.12257508380924619,-0.12368073183055003,-0.13202526788663124,-0.11233001153613001,-0.5576419946737587
10F_snr_asymmetric_snr_30dB,30.0,10.0,31,Gaussian Fitting,PSF-Aware Fitting,50,-0.14012061896452338,-0.14182564661854621,-0.14543234736002042,-0.13449211930070168,-0.7994979899376631
10F_snr_asymmetric_snr_3dB,3.0,10.0,31,Gaussian Fitting,PSF-Aware Fitting,50,-0.06631040595196325,-0.03900568074094679,-0.13721982769695548,0.01028231478488298,-6.29891999065876
10F_snr_asymmetric_snr_5dB,5.0,10.0,31,Gaussian Fitting,PSF-Aware Fitting,50,-0.3122414074979927,-0.1384233205827049,-0.7258578781053726,-0.01991962727066759,-3.4660739894025028
10F_snr_asymmetric_snr_7dB,7.0,10.0,31,Gaussian Fitting,PSF-Aware Fitting,50,-0.1106579273767393,-0.08571206281030397,-0.17978266486458153,-0.05933691599665797,-2.9545500106178224
10F_snr_defocused_snr_0dB,0.0,10.0,31,Gaussian Fitting,PSF-Aware Fitting,50,-0.1918533082778291,-0.1461829393572156,-0.3593012310729447,0.01590866263009934,-17.318464007694274
10F_snr_defocused_snr_10dB,10.0,10.0,31,Gaussian Fitting,PSF-Aware Fitting,50,-0.018545725569938,-0.013288294315646987,-0.03410097505034675,-0.004386222512799077,-2.5343459914438426
10F_snr_defocused_snr_15dB,15.0,10.0,31,Gaussian Fitting,PSF-Aware Fitting,50,-0.0035434044070879744,-0.0026507641927015213,-0.00739795913385911,0.0006867580855883305,-1.8014179915189743
10F_snr_defocused_snr_20dB,20.0,10.0,31,Gaussian Fitting,PSF-Aware Fitting,50,5.300304593845728e-05,-6.54957269150408e-05,-0.001094885499243874,0.001071359141964176,-1.4427920104935765
10F_snr_defocused_snr_25dB,25.0,10.0,31,Gaussian Fitting,PSF-Aware Fitting,50,-6.346432242099187e-05,-5.986907862583213e-05,-0.00038687756684967716,0.00025787333475418416,-1.3582999934442341
10F_snr_defocused_snr_30dB,30.0,10.0,31,Gaussian Fitting,PSF-Aware Fitting,50,-3.687215527169163e-05,-2.556082061783843e-05,-0.0002100087562571051,0.0001122920831026341,-1.3980760076083243
10F_snr_defocused_snr_3dB,3.0,10.0,31,Gaussian Fitting,PSF-Aware Fitting,50,-0.4056870943665086,-0.26118316769812155,-0.6709420981362942,-0.1770100082108747,-7.058574007824063
10F_snr_defocused_snr_5dB,5.0,10.0,31,Gaussian Fitting,PSF-Aware Fitting,50,-0.05960557668122257,-0.04966055973681216,-0.1291261001906232,-0.005737838666525437,-6.0786260035820305
10F_snr_defocused_snr_7dB,7.0,10.0,31,Gaussian Fitting,PSF-Aware Fitting,50,-0.0265343380795503,-0.020232846827080153,-0.05043375496931157,-0.0015421586886540677,-3.9454240119084716
10F_snr_elliptical_gaussian_snr_0dB,0.0,10.0,31,Gaussian Fitting,PSF-Aware Fitting,50,0.030564623288230175,-0.09955225018271419,-0.501851051747775,0.6723116080275336,-6.29041000502184
10F_snr_elliptical_gaussian_snr_10dB,10.0,10.0,31,Gaussian Fitting,PSF-Aware Fitting,50,-0.017745470863651025,-0.022027003219981744,-0.029317773815632425,-0.006694434686108988,-2.0697299973107874
10F_snr_elliptical_gaussian_snr_15dB,15.0,10.0,31,Gaussian Fitting,PSF-Aware Fitting,50,0.0024934442863394912,0.0036646570017604685,-0.00179906985769967,0.0070635035863739854,-1.4443800086155534
10F_snr_elliptical_gaussian_snr_20dB,20.0,10.0,31,Gaussian Fitting,PSF-Aware Fitting,50,0.0003732720289566366,0.0004067672394631183,-0.0007997010245795425,0.0015392297980986623,-1.116229984909296
10F_snr_elliptical_gaussian_snr_25dB,25.0,10.0,31,Gaussian Fitting,PSF-Aware Fitting,50,-0.0001412332405096861,-8.119652519916754e-05,-0.00046145441599018954,0.0001751145440704604,-1.3407679973170161
10F_snr_elliptical_gaussian_snr_30dB,30.0,10.0,31,Gaussian Fitting,PSF-Aware Fitting,50,-4.357740050628389e-06,3.2209254494104667e-05,-0.00011725267401666017,9.787813296182906e-05,-1.268649990670383
10F_snr_elliptical_gaussian_snr_3dB,3.0,10.0,31,Gaussian Fitting,PSF-Aware Fitting,50,-0.15174931646881307,-0.12384562774239849,-0.2587492904693588,-0.052446536196142486,-6.3105099950917065
10F_snr_elliptical_gaussian_snr_5dB,5.0,10.0,31,Gaussian Fitting,PSF-Aware Fitting,50,0.04896063032416109,0.03230055374461405,-0.014267851133654438,0.1308075388180855,-3.610801992472261
10F_snr_elliptical_gaussian_snr_7dB,7.0,10.0,31,Gaussian Fitting,PSF-Aware Fitting,50,-0.016735381601205912,-0.011303222283102765,-0.04374081181863339,0.010453360927987659,-2.9030140163376927
10F_snr_gaussian_snr_0dB,0.0,10.0,31,Gaussian Fitting,PSF-Aware Fitting,50,-0.4326765370383856,-0.31587653832901474,-0.8175396649090793,-0.03393265356446811,-22.602569998707622
10F_snr_gaussian_snr_10dB,10.0,10.0,31,Gaussian Fitting,PSF-Aware Fitting,50,-0.006249918273099286,-0.0075672541691021444,-0.023928487551126025,0.010478225740200665,-3.69296598713845
10F_snr_gaussian_snr_15dB,15.0,10.0,31,Gaussian Fitting,PSF-Aware Fitting,50,0.00011234209334368139,-0.00040748070126986335,-0.004576663376201096,0.004536411052763954,-1.5947820036672056
10F_snr_gaussian_snr_20dB,20.0,10.0,31,Gaussian Fitting,PSF-Aware Fitting,50,-0.0007547011108037793,-0.0005908998583555036,-0.0017917825013014723,0.0002580054203242089,-1.489658015780151
10F_snr_gaussian_snr_25dB,25.0,10.0,31,Gaussian Fitting,PSF-Aware Fitting,50,-0.0002023413731800372,-4.9864699800325485e-05,-0.0006025981599546197,0.00019028473660991066,-1.4165759948082268
10F_snr_gaussian_snr_30dB,30.0,10.0,31,Gaussian Fitting,PSF-Aware Fitting,50,2.225328724879405e-05,1.337318138248944e-05,-0.00012015102665226176,0.0001768191729192177,-1.3298539933748543
10F_snr_gaussian_snr_3dB,3.0,10.0,31,Gaussian Fitting,PSF-Aware Fitting,50,-0.12458654273910263,-0.07441923306841136,-0.25760501734564845,0.01973268365652658,-6.775595988146961
10F_snr_gaussian_snr_5dB,5.0,10.0,31,Gaussian Fitting,PSF-Aware Fitting,50,-0.1432653400911248,-0.07801924308144859,-0.3748932458816065,0.02499270817346072,-4.811036007013172
10F_snr_gaussian_snr_7dB,7.0,10.0,31,Gaussian Fitting,PSF-Aware Fitting,50,0.0057196462980637075,0.01077441126251738,-0.035905674587869085,0.05547395601294913,-4.078142000362277
10G_phase_asymmetric_px0.125_py0,15.0,10.0,31,Gaussian Fitting,PSF-Aware Fitting,20,-0.09812062816747938,-0.09308153117644408,-0.11938424292348779,-0.07083566324751321,-0.6717550102621317
10G_phase_asymmetric_px0.125_py0.125,15.0,10.0,31,Gaussian Fitting,PSF-Aware Fitting,20,-0.07126286053102598,-0.07235302311220718,-0.10403478613173095,-0.0332550977756372,-0.6414749892428517
10G_phase_asymmetric_px0.125_py0.25,15.0,10.0,31,Gaussian Fitting,PSF-Aware Fitting,20,-0.08327763537293442,-0.07946541975761257,-0.11368246766404216,-0.048778043340468966,-0.4575250262860209
10G_phase_asymmetric_px0.125_py0.375,15.0,10.0,31,Gaussian Fitting,PSF-Aware Fitting,20,-0.07761100615655295,-0.07716709288650311,-0.11189018147043546,-0.03908710854205792,-0.510399992344901
10G_phase_asymmetric_px0.125_py0.5,15.0,10.0,31,Gaussian Fitting,PSF-Aware Fitting,20,-0.06706011608910264,-0.07471863357874559,-0.10377107937809277,-0.02219157347853386,-0.4472700064070523
10G_phase_asymmetric_px0.125_py0.625,15.0,10.0,31,Gaussian Fitting,PSF-Aware Fitting,20,-0.04551226894321114,-0.05149007862854019,-0.08113168689157844,-0.0069525833725615,-0.8724499901290983
10G_phase_asymmetric_px0.125_py0.75,15.0,10.0,31,Gaussian Fitting,PSF-Aware Fitting,20,-0.06756515367453905,-0.060052894698561704,-0.0983154305366911,-0.032695202659138334,-0.4802249954082072
10G_phase_asymmetric_px0.125_py0.875,15.0,10.0,31,Gaussian Fitting,PSF-Aware Fitting,20,-0.04407894558607589,-0.04708605546776229,-0.08210634697042456,0.0013140721822827658,-1.1837650032248348
10G_phase_asymmetric_px0.25_py0,15.0,10.0,31,Gaussian Fitting,PSF-Aware Fitting,20,-0.04150212144800183,-0.038700726645901296,-0.08453843074980451,0.009250581618116344,-0.6883599970024079
10G_phase_asymmetric_px0.25_py0.125,15.0,10.0,31,Gaussian Fitting,PSF-Aware Fitting,20,-0.06003020928257807,-0.06882611871145863,-0.09732746387847659,-0.018447850340540178,-1.1786800110712647
10G_phase_asymmetric_px0.25_py0.25,15.0,10.0,31,Gaussian Fitting,PSF-Aware Fitting,20,-0.06385720885144469,-0.06898835497411304,-0.10465272907216717,-0.015818665046413993,-0.6408749904949218
10G_phase_asymmetric_px0.25_py0.375,15.0,10.0,31,Gaussian Fitting,PSF-Aware Fitting,20,-0.04126552547019863,-0.03640029089721053,-0.07952540474647003,0.004921842656323682,-0.6461850192863494
10G_phase_asymmetric_px0.25_py0.5,15.0,10.0,31,Gaussian Fitting,PSF-Aware Fitting,20,-0.06036184863979602,-0.048643212289306764,-0.0974093333522613,-0.014851965873915778,-0.6241400085855275
10G_phase_asymmetric_px0.25_py0.625,15.0,10.0,31,Gaussian Fitting,PSF-Aware Fitting,20,-0.08860607648928864,-0.0743098309763201,-0.11950704380689146,-0.05049502001739699,-0.7513499818742275
10G_phase_asymmetric_px0.25_py0.75,15.0,10.0,31,Gaussian Fitting,PSF-Aware Fitting,20,-0.05780577710651938,-0.05712836589247869,-0.09255293948428517,-0.016581889588713743,-0.7678099907934666
10G_phase_asymmetric_px0.25_py0.875,15.0,10.0,31,Gaussian Fitting,PSF-Aware Fitting,20,-0.051128373860409804,-0.047937942227896546,-0.10249122027566185,-0.0006244338506517208,-0.4620850086212158
10G_phase_asymmetric_px0.375_py0,15.0,10.0,31,Gaussian Fitting,PSF-Aware Fitting,20,-0.07386823057670755,-0.06603869645343399,-0.10911313635997026,-0.037313184269308054,-0.9330050146672875
10G_phase_asymmetric_px0.375_py0.125,15.0,10.0,31,Gaussian Fitting,PSF-Aware Fitting,20,-0.07969816873064517,-0.08089279168345581,-0.1123012483003895,-0.04240989795221075,-0.7665299985092133
10G_phase_asymmetric_px0.375_py0.25,15.0,10.0,31,Gaussian Fitting,PSF-Aware Fitting,20,-0.09218291654469057,-0.10000294875473656,-0.11882263400342445,-0.06016883703722657,-0.8483449870254844
10G_phase_asymmetric_px0.375_py0.375,15.0,10.0,31,Gaussian Fitting,PSF-Aware Fitting,20,-0.04349062482485,-0.03053842445081928,-0.08511412542989288,0.002613625835174345,-0.7303149963263422
10G_phase_asymmetric_px0.375_py0.5,15.0,10.0,31,Gaussian Fitting,PSF-Aware Fitting,20,-0.08700645131710327,-0.07600432235177315,-0.1143280208467038,-0.05459769563556131,-0.8198999974410981
10G_phase_asymmetric_px0.375_py0.625,15.0,10.0,31,Gaussian Fitting,PSF-Aware Fitting,20,-0.05177222089862349,-0.047052302922269085,-0.08523953054422966,-0.01217506165785972,-0.8680699684191495
10G_phase_asymmetric_px0.375_py0.75,15.0,10.0,31,Gaussian Fitting,PSF-Aware Fitting,20,-0.04627544575822523,-0.05271400677809146,-0.08208154972704672,-0.012347602773236082,-0.592504971427843
10G_phase_asymmetric_px0.375_py0.875,15.0,10.0,31,Gaussian Fitting,PSF-Aware Fitting,20,-0.09332210478594874,-0.08302287032341354,-0.12275668936943071,-0.057188065108716934,-0.788745004683733
10G_phase_asymmetric_px0.5_py0,15.0,10.0,31,Gaussian Fitting,PSF-Aware Fitting,20,-0.040575804018803896,-0.047871951555974235,-0.08256886424940127,0.006433429076443526,-1.0316699859686196
10G_phase_asymmetric_px0.5_py0.125,15.0,10.0,31,Gaussian Fitting,PSF-Aware Fitting,20,-0.0722409197857774,-0.0633821451308069,-0.10900108797940229,-0.02996155755213133,-0.8125999942421913
10G_phase_asymmetric_px0.5_py0.25,15.0,10.0,31,Gaussian Fitting,PSF-Aware Fitting,20,-0.06110397633329334,-0.06335451875051451,-0.09274570560873707,-0.025930735846288,-0.8162449870724231
10G_phase_asymmetric_px0.5_py0.375,15.0,10.0,31,Gaussian Fitting,PSF-Aware Fitting,20,-0.07156412309030785,-0.06403956294285859,-0.10717042162681678,-0.028586198617373375,-0.8288199896924198
10G_phase_asymmetric_px0.5_py0.5,15.0,10.0,31,Gaussian Fitting,PSF-Aware Fitting,20,-0.04814826613477549,-0.03722532955930136,-0.08328408047746806,-0.009195575610965132,-1.036450022365898
10G_phase_asymmetric_px0.5_py0.625,15.0,10.0,31,Gaussian Fitting,PSF-Aware Fitting,20,-0.06914604326217719,-0.07280187973706767,-0.10489992572822061,-0.02949645313271525,-1.187870022840798
10G_phase_asymmetric_px0.5_py0.75,15.0,10.0,31,Gaussian Fitting,PSF-Aware Fitting,20,-0.06094385506814681,-0.050890300206182154,-0.10034577563499592,-0.011229311658976124,-0.8345349982846528
10G_phase_asymmetric_px0.5_py0.875,15.0,10.0,31,Gaussian Fitting,PSF-Aware Fitting,20,-0.0423183493811477,-0.04752273382952074,-0.08862981562086249,0.010546098132457332,-1.012369990348816
10G_phase_asymmetric_px0.625_py0,15.0,10.0,31,Gaussian Fitting,PSF-Aware Fitting,20,-0.06376675398422071,-0.05780263828064011,-0.09781751189666908,-0.020905074263149345,-1.1204199981875718
10G_phase_asymmetric_px0.625_py0.125,15.0,10.0,31,Gaussian Fitting,PSF-Aware Fitting,20,-0.053038248539318184,-0.0393177739368811,-0.09477175046217837,-0.005171479075939864,-0.9993449959438294
10G_phase_asymmetric_px0.625_py0.25,15.0,10.0,31,Gaussian Fitting,PSF-Aware Fitting,20,-0.06472505056916242,-0.04430108058139412,-0.10130671770259367,-0.021041822689054246,-0.8286400232464075
10G_phase_asymmetric_px0.625_py0.375,15.0,10.0,31,Gaussian Fitting,PSF-Aware Fitting,20,-0.1000212671294787,-0.09784514392046756,-0.1267335574214506,-0.07103824253213763,-0.5846050102263689
10G_phase_asymmetric_px0.625_py0.5,15.0,10.0,31,Gaussian Fitting,PSF-Aware Fitting,20,-0.05318923967269576,-0.05571027279851021,-0.091870528963199,-0.014638903010968696,-0.8647449722047895
10G_phase_asymmetric_px0.625_py0.625,15.0,10.0,31,Gaussian Fitting,PSF-Aware Fitting,20,-0.07421162384849056,-0.06502532776055658,-0.10708405045009597,-0.033264506430945605,-0.6198649934958667
10G_phase_asymmetric_px0.625_py0.75,15.0,10.0,31,Gaussian Fitting,PSF-Aware Fitting,20,-0.09026403545148787,-0.09050689854195582,-0.12166207020237456,-0.049869546285194195,-0.6970849877689034
10G_phase_asymmetric_px0.625_py0.875,15.0,10.0,31,Gaussian Fitting,PSF-Aware Fitting,20,-0.043790501268209686,-0.04065706570099151,-0.08963983153986445,0.005407767118394849,-0.5928499915171415
10G_phase_asymmetric_px0.75_py0,15.0,10.0,31,Gaussian Fitting,PSF-Aware Fitting,20,-0.04136544005095441,-0.030469439177241348,-0.07679075153175308,0.00027598570413379095,-0.3087150282226503
10G_phase_asymmetric_px0.75_py0.125,15.0,10.0,31,Gaussian Fitting,PSF-Aware Fitting,20,-0.06916754113848403,-0.06925075537005175,-0.10170550664065145,-0.03406850086838676,-0.5455750040709972
10G_phase_asymmetric_px0.75_py0.25,15.0,10.0,31,Gaussian Fitting,PSF-Aware Fitting,20,-0.047685502702422056,-0.05498764397048611,-0.09300808448635152,-0.00210021638313568,-0.87006003013812
10G_phase_asymmetric_px0.75_py0.375,15.0,10.0,31,Gaussian Fitting,PSF-Aware Fitting,20,-0.04121085816603545,-0.033985675074239524,-0.08309458322041517,0.00677735749605345,-0.6024400121532381
10G_phase_asymmetric_px0.75_py0.5,15.0,10.0,31,Gaussian Fitting,PSF-Aware Fitting,20,-0.049558440958467426,-0.04075246321377057,-0.09159131503828066,8.393633591833973e-05,-0.6262449896894395
10G_phase_asymmetric_px0.75_py0.625,15.0,10.0,31,Gaussian Fitting,PSF-Aware Fitting,20,-0.0757148166425389,-0.06907755777855065,-0.11202232222060649,-0.03252960720762482,-0.6460099946707487
10G_phase_asymmetric_px0.75_py0.75,15.0,10.0,31,Gaussian Fitting,PSF-Aware Fitting,20,-0.06158440430298012,-0.05854073410269908,-0.08938307991596492,-0.029258495546975096,-0.4876250051893294
10G_phase_asymmetric_px0.75_py0.875,15.0,10.0,31,Gaussian Fitting,PSF-Aware Fitting,20,-0.09722799234714882,-0.10661938207394539,-0.12323195502848788,-0.06645343380858477,-0.8219900075346231
10G_phase_asymmetric_px0.875_py0,15.0,10.0,31,Gaussian Fitting,PSF-Aware Fitting,20,-0.07832495625360625,-0.08703940764422954,-0.11101295689747187,-0.038217433898916256,-0.8515249937772751
10G_phase_asymmetric_px0.875_py0.125,15.0,10.0,31,Gaussian Fitting,PSF-Aware Fitting,20,-0.08820268417557481,-0.09174469966122875,-0.11232012507531272,-0.05873851230669916,-0.8329549862537533
10G_phase_asymmetric_px0.875_py0.25,15.0,10.0,31,Gaussian Fitting,PSF-Aware Fitting,20,-0.052519446269438275,-0.06064097297832752,-0.08725838240204015,-0.015941990877464195,-0.5168300005607307
10G_phase_asymmetric_px0.875_py0.375,15.0,10.0,31,Gaussian Fitting,PSF-Aware Fitting,20,-0.04181441503367597,-0.030170409475238025,-0.07888828052460177,-0.0005422058126002949,-0.5105400108732283
10G_phase_asymmetric_px0.875_py0.5,15.0,10.0,31,Gaussian Fitting,PSF-Aware Fitting,20,-0.05317559134102903,-0.053750223908762745,-0.08363889934003395,-0.023829373128245162,-1.0417049983516335
10G_phase_asymmetric_px0.875_py0.625,15.0,10.0,31,Gaussian Fitting,PSF-Aware Fitting,20,-0.06055711741912234,-0.06004074232299916,-0.09860838077028286,-0.015703530726223897,-0.7358150207437575
10G_phase_asymmetric_px0.875_py0.75,15.0,10.0,31,Gaussian Fitting,PSF-Aware Fitting,20,-0.07325684763313994,-0.07393610978190934,-0.10315912942026687,-0.04421349673180061,-0.7651849824469537
10G_phase_asymmetric_px0.875_py0.875,15.0,10.0,31,Gaussian Fitting,PSF-Aware Fitting,20,-0.06499304674550918,-0.054351987577833494,-0.10180083568600425,-0.022829472315919072,-0.5863150116056204
10G_phase_asymmetric_px0_py0,15.0,10.0,31,Gaussian Fitting,PSF-Aware Fitting,20,-0.06982887036320617,-0.062292532070858775,-0.10306524065316396,-0.034119502783367825,-0.6785149686038494
10G_phase_asymmetric_px0_py0.125,15.0,10.0,31,Gaussian Fitting,PSF-Aware Fitting,20,-0.06251793211396761,-0.05193807983102866,-0.09489326885806727,-0.02391327259547177,-0.9218249877449125
10G_phase_asymmetric_px0_py0.25,15.0,10.0,31,Gaussian Fitting,PSF-Aware Fitting,20,-0.08927483612945511,-0.0857723174812405,-0.11706368375026414,-0.0599908262962475,-1.0000949958339334
10G_phase_asymmetric_px0_py0.375,15.0,10.0,31,Gaussian Fitting,PSF-Aware Fitting,20,-0.07426108211774995,-0.07032629817820099,-0.10805482532274714,-0.032302093739384974,-0.5705599847715348
10G_phase_asymmetric_px0_py0.5,15.0,10.0,31,Gaussian Fitting,PSF-Aware Fitting,20,-0.07695839684228972,-0.08262325091189676,-0.11110606266643101,-0.035024450934577345,-0.5576299910899252
10G_phase_asymmetric_px0_py0.625,15.0,10.0,31,Gaussian Fitting,PSF-Aware Fitting,20,-0.04972881183857833,-0.03835007927557996,-0.09140090300485113,-0.0023397829478787814,-0.514055002713576
10G_phase_asymmetric_px0_py0.75,15.0,10.0,31,Gaussian Fitting,PSF-Aware Fitting,20,-0.03959899160328209,-0.04039165850201043,-0.08465211773858444,0.004563772740793343,-0.3224050044082105
10G_phase_asymmetric_px0_py0.875,15.0,10.0,31,Gaussian Fitting,PSF-Aware Fitting,20,-0.04896801121075467,-0.0545772081552319,-0.08545594753794297,-0.007840253446893888,-0.22635995992459357
10G_phase_elliptical_gaussian_px0.125_py0,15.0,10.0,31,Gaussian Fitting,PSF-Aware Fitting,20,0.0038039993785255743,0.0041117977745041,-0.0013155048288526476,0.008918020045380965,-1.5624399937223643
10G_phase_elliptical_gaussian_px0.125_py0.125,15.0,10.0,31,Gaussian Fitting,PSF-Aware Fitting,20,-0.00017333151468132413,-0.0011166894792140614,-0.007586784868920486,0.006732242575389851,-1.122374995611608
10G_phase_elliptical_gaussian_px0.125_py0.25,15.0,10.0,31,Gaussian Fitting,PSF-Aware Fitting,20,-0.0003486285862374927,0.00028824119037212936,-0.004760019282529679,0.004056463712585647,-1.873940008226782
10G_phase_elliptical_gaussian_px0.125_py0.375,15.0,10.0,31,Gaussian Fitting,PSF-Aware Fitting,20,-0.0003931071004283082,0.0007450772042923437,-0.004752428305685458,0.0033622228805624535,-1.6473300172947347
10G_phase_elliptical_gaussian_px0.125_py0.5,15.0,10.0,31,Gaussian Fitting,PSF-Aware Fitting,20,-0.0006147928952486004,-0.0006175399407860882,-0.004998928587318651,0.0036673614292031267,-1.8356749846134335
10G_phase_elliptical_gaussian_px0.125_py0.625,15.0,10.0,31,Gaussian Fitting,PSF-Aware Fitting,20,0.00029325040922584256,0.0007608800987243536,-0.004796739456541407,0.007150971031673413,-1.4758450153749436
10G_phase_elliptical_gaussian_px0.125_py0.75,15.0,10.0,31,Gaussian Fitting,PSF-Aware Fitting,20,-0.005093813978835876,-0.005838267663983376,-0.012260937490308075,0.0012402516938340659,-1.1541449872311205
10G_phase_elliptical_gaussian_px0.125_py0.875,15.0,10.0,31,Gaussian Fitting,PSF-Aware Fitting,20,-0.002660977502035561,-0.0020431716674892964,-0.012950955654546374,0.009811988760661553,-1.1770649871323258
10G_phase_elliptical_gaussian_px0.25_py0,15.0,10.0,31,Gaussian Fitting,PSF-Aware Fitting,20,-0.0008319819565923148,-0.0023052685510184523,-0.005825709768175221,0.004635901995268119,-1.5121100121177733
10G_phase_elliptical_gaussian_px0.25_py0.125,15.0,10.0,31,Gaussian Fitting,PSF-Aware Fitting,20,-0.004411384791887546,-0.003350649371113762,-0.011545210606493925,0.0022622345722058857,-1.200849999440834
10G_phase_elliptical_gaussian_px0.25_py0.25,15.0,10.0,31,Gaussian Fitting,PSF-Aware Fitting,20,-0.0032529309342449464,-0.004031815720522275,-0.007965593354458681,0.0006064838876889828,-1.8159249855671078
10G_phase_elliptical_gaussian_px0.25_py0.375,15.0,10.0,31,Gaussian Fitting,PSF-Aware Fitting,20,-0.0004836746792429292,-0.00018310439467883466,-0.007662777103826202,0.007132318372069162,-1.4764499734155834
10G_phase_elliptical_gaussian_px0.25_py0.5,15.0,10.0,31,Gaussian Fitting,PSF-Aware Fitting,20,-0.0024365156107810926,-0.0025717952036489744,-0.008975814729215898,0.0040806884224612264,-1.4041699760127813
10G_phase_elliptical_gaussian_px0.25_py0.625,15.0,10.0,31,Gaussian Fitting,PSF-Aware Fitting,20,-0.0021507488610178205,-0.0016395435643286882,-0.007473765646545565,0.003371848824202676,-0.8509949722792953
10G_phase_elliptical_gaussian_px0.25_py0.75,15.0,10.0,31,Gaussian Fitting,PSF-Aware Fitting,20,0.0020705637223094875,0.002535507317212332,-0.005346995889394244,0.009675332298552417,-1.668440009234473
10G_phase_elliptical_gaussian_px0.25_py0.875,15.0,10.0,31,Gaussian Fitting,PSF-Aware Fitting,20,0.0008172700496746066,0.0015880916906854947,-0.004982234614088728,0.006606153716912796,-1.3313250034116209
10G_phase_elliptical_gaussian_px0.375_py0,15.0,10.0,31,Gaussian Fitting,PSF-Aware Fitting,20,0.0013767595018799872,0.0022293864940119423,-0.004531387793304386,0.00837630338754411,-1.7160449991934001
10G_phase_elliptical_gaussian_px0.375_py0.125,15.0,10.0,31,Gaussian Fitting,PSF-Aware Fitting,20,0.0022116713090824247,0.003997655585370408,-0.0012696008297692128,0.00653446586313941,-1.7066649917978793
10G_phase_elliptical_gaussian_px0.375_py0.25,15.0,10.0,31,Gaussian Fitting,PSF-Aware Fitting,20,-0.0022907697476983735,-0.0029627735115761167,-0.006216444494650413,0.002339436077245263,-1.7610349983442575
10G_phase_elliptical_gaussian_px0.375_py0.375,15.0,10.0,31,Gaussian Fitting,PSF-Aware Fitting,20,0.000173483706576133,-0.0011596564478713045,-0.0026177418912278353,0.0030959693950353097,-1.9135300070047379
10G_phase_elliptical_gaussian_px0.375_py0.5,15.0,10.0,31,Gaussian Fitting,PSF-Aware Fitting,20,0.0016837414026346642,0.00011340212090665824,-0.0034454130074176165,0.007853699866726346,-1.716930017573759
10G_phase_elliptical_gaussian_px0.375_py0.625,15.0,10.0,31,Gaussian Fitting,PSF-Aware Fitting,20,-0.0022338463958044563,-0.003387077397846272,-0.007939128299727947,0.0024381659457673914,-1.217954995809123
10G_phase_elliptical_gaussian_px0.375_py0.75,15.0,10.0,31,Gaussian Fitting,PSF-Aware Fitting,20,-0.006106747237214494,-0.003052024246527646,-0.013112859020803683,0.0011007863636260792,-2.093234990024939
10G_phase_elliptical_gaussian_px0.375_py0.875,15.0,10.0,31,Gaussian Fitting,PSF-Aware Fitting,20,0.0002860005375858732,0.0020996095853750008,-0.0034323314138935855,0.005030187298558538,-1.751215010881424
10G_phase_elliptical_gaussian_px0.5_py0,15.0,10.0,31,Gaussian Fitting,PSF-Aware Fitting,20,0.00012364775219786406,0.0016611474163062967,-0.0052177931034510525,0.005873228705733066,-1.440509979147464
10G_phase_elliptical_gaussian_px0.5_py0.125,15.0,10.0,31,Gaussian Fitting,PSF-Aware Fitting,20,-0.003272684843794893,-0.0015842078856764252,-0.0075193000547660125,0.0015221325203392346,-0.7171300007030368
10G_phase_elliptical_gaussian_px0.5_py0.25,15.0,10.0,31,Gaussian Fitting,PSF-Aware Fitting,20,0.0035197278565383128,0.0032266879678116978,-0.0017424552532636875,0.009320338503271769,-1.6537900024559349
10G_phase_elliptical_gaussian_px0.5_py0.375,15.0,10.0,31,Gaussian Fitting,PSF-Aware Fitting,20,-2.5881247952802555e-05,0.002817818521893889,-0.004250016189914426,0.004843875982263113,-1.694025017786771
10G_phase_elliptical_gaussian_px0.5_py0.5,15.0,10.0,31,Gaussian Fitting,PSF-Aware Fitting,20,0.0019064660363690422,0.0012612546218698228,-0.003991178188618785,0.007464375373031677,-2.141864987788722
10G_phase_elliptical_gaussian_px0.5_py0.625,15.0,10.0,31,Gaussian Fitting,PSF-Aware Fitting,20,-0.0027817656272636493,-0.003231598561194954,-0.006509396915002828,0.0004573491886576378,-1.6290549887344241
10G_phase_elliptical_gaussian_px0.5_py0.75,15.0,10.0,31,Gaussian Fitting,PSF-Aware Fitting,20,-0.003519501239681838,-0.0049408132746125155,-0.010213350043012045,0.0037072253852011602,-1.3944650301709771
10G_phase_elliptical_gaussian_px0.5_py0.875,15.0,10.0,31,Gaussian Fitting,PSF-Aware Fitting,20,-0.005227598155912838,-0.0012335873841035905,-0.011643899676294693,0.001301815190152324,-1.6082449816167355
10G_phase_elliptical_gaussian_px0.625_py0,15.0,10.0,31,Gaussian Fitting,PSF-Aware Fitting,20,0.008519056850202267,0.008764431596902239,0.0053427926216750585,0.012118117901386942,-1.3288549904245883
10G_phase_elliptical_gaussian_px0.625_py0.125,15.0,10.0,31,Gaussian Fitting,PSF-Aware Fitting,20,-0.0030867016426693594,-0.0023592206559487072,-0.008544519597003178,0.002055598517207812,-2.4537850404158235
10G_phase_elliptical_gaussian_px0.625_py0.25,15.0,10.0,31,Gaussian Fitting,PSF-Aware Fitting,20,-0.000901276551082214,-0.0022537092021920058,-0.005610342029543766,0.002666111324111847,-1.581770001212135
10G_phase_elliptical_gaussian_px0.625_py0.375,15.0,10.0,31,Gaussian Fitting,PSF-Aware Fitting,20,0.001567444682923358,0.0015881032392155714,-0.0040097593707491535,0.007407142668148519,-1.3015099859330803
10G_phase_elliptical_gaussian_px0.625_py0.5,15.0,10.0,31,Gaussian Fitting,PSF-Aware Fitting,20,-0.002342609495611353,0.0003943331776398995,-0.010068521657582031,0.005037517854548967,-1.9611449795775115
10G_phase_elliptical_gaussian_px0.625_py0.625,15.0,10.0,31,Gaussian Fitting,PSF-Aware Fitting,20,-0.0015208672792637046,-0.00156285570978823,-0.007360077051652861,0.004395187314380647,-1.0978549951687455
10G_phase_elliptical_gaussian_px0.625_py0.75,15.0,10.0,31,Gaussian Fitting,PSF-Aware Fitting,20,-0.0032046097846340216,-0.0034030651483767382,-0.006849244792087855,0.0008028019192624146,-1.5536449966020882
10G_phase_elliptical_gaussian_px0.625_py0.875,15.0,10.0,31,Gaussian Fitting,PSF-Aware Fitting,20,-0.002818443702232526,-0.00331224528225324,-0.008876433149662112,0.0034091860970735604,-1.1653849796857685
10G_phase_elliptical_gaussian_px0.75_py0,15.0,10.0,31,Gaussian Fitting,PSF-Aware Fitting,20,-0.0022322426400764317,-0.003474126208803302,-0.01242314791619909,0.0057731790814538,-0.9144300187472254
10G_phase_elliptical_gaussian_px0.75_py0.125,15.0,10.0,31,Gaussian Fitting,PSF-Aware Fitting,20,-0.0032467489112767145,-0.005532083688660372,-0.013954205645280205,0.00729447494154,-1.5158399881329387
10G_phase_elliptical_gaussian_px0.75_py0.25,15.0,10.0,31,Gaussian Fitting,PSF-Aware Fitting,20,-0.0013260662909838072,-0.0019129849859244319,-0.008420409729056628,0.005672884795333549,-1.1504849942866713
10G_phase_elliptical_gaussian_px0.75_py0.375,15.0,10.0,31,Gaussian Fitting,PSF-Aware Fitting,20,0.004130257860898462,0.003926711929423232,0.0003776682992505102,0.007622859645905541,-1.0578899818938226
10G_phase_elliptical_gaussian_px0.75_py0.5,15.0,10.0,31,Gaussian Fitting,PSF-Aware Fitting,20,0.004197250331559765,0.004187547988573764,-0.001623803998982589,0.010307917189677177,-1.199569960590452
10G_phase_elliptical_gaussian_px0.75_py0.625,15.0,10.0,31,Gaussian Fitting,PSF-Aware Fitting,20,0.0009177738036350025,0.0008292431596729766,-0.004971642401380662,0.007671408798428586,-1.1989450198598206
10G_phase_elliptical_gaussian_px0.75_py0.75,15.0,10.0,31,Gaussian Fitting,PSF-Aware Fitting,20,-0.0004435368689597041,-0.0012250153897748195,-0.0049379712495998835,0.004571555878244002,-1.217630022438243
10G_phase_elliptical_gaussian_px0.75_py0.875,15.0,10.0,31,Gaussian Fitting,PSF-Aware Fitting,20,-0.004319407717115031,-0.004707203443339636,-0.008085347095200562,-0.00100348712674965,-1.1397799768019468
10G_phase_elliptical_gaussian_px0.875_py0,15.0,10.0,31,Gaussian Fitting,PSF-Aware Fitting,20,0.0010548013940407663,0.0001805948897169729,-0.002604449796061818,0.004813204822608324,-0.8931499789468944
10G_phase_elliptical_gaussian_px0.875_py0.125,15.0,10.0,31,Gaussian Fitting,PSF-Aware Fitting,20,5.097043683188751e-05,-0.0001491148868836556,-0.005930213625301888,0.006086949341324802,-1.072219986235723
10G_phase_elliptical_gaussian_px0.875_py0.25,15.0,10.0,31,Gaussian Fitting,PSF-Aware Fitting,20,0.008006693447328517,0.006212381692756952,0.0018240231844453552,0.014224978824842758,-1.427159976447001
10G_phase_elliptical_gaussian_px0.875_py0.375,15.0,10.0,31,Gaussian Fitting,PSF-Aware Fitting,20,-0.0074462710295117585,-0.005835967123572899,-0.01813505252021505,0.002627147415381425,-0.903690024279058
10G_phase_elliptical_gaussian_px0.875_py0.5,15.0,10.0,31,Gaussian Fitting,PSF-Aware Fitting,20,-0.001398907580094283,-0.0015332294633509935,-0.006780514588162207,0.004264718792561329,-1.3490749872289598
10G_phase_elliptical_gaussian_px0.875_py0.625,15.0,10.0,31,Gaussian Fitting,PSF-Aware Fitting,20,0.0007292835408813092,0.002399225038864916,-0.004500883258125594,0.005791786588471042,-1.4351600024383515
10G_phase_elliptical_gaussian_px0.875_py0.75,15.0,10.0,31,Gaussian Fitting,PSF-Aware Fitting,20,-0.007299733998732405,-0.005337526457815517,-0.01586072448413649,0.0009856879564510781,-1.3144350261427462
10G_phase_elliptical_gaussian_px0.875_py0.875,15.0,10.0,31,Gaussian Fitting,PSF-Aware Fitting,20,-0.005283115062482302,-0.004891461638024702,-0.012046889152168843,0.0012404830069907983,-0.6649649993050843
10G_phase_elliptical_gaussian_px0_py0,15.0,10.0,31,Gaussian Fitting,PSF-Aware Fitting,20,-0.005600333154692383,-0.007883138893302555,-0.010599061175633034,-0.0014436024938205858,-1.4751099864952266
10G_phase_elliptical_gaussian_px0_py0.125,15.0,10.0,31,Gaussian Fitting,PSF-Aware Fitting,20,0.0031833823151876106,0.0010470814877761025,-0.001596263104394289,0.008235689271589334,-1.4112500008195639
10G_phase_elliptical_gaussian_px0_py0.25,15.0,10.0,31,Gaussian Fitting,PSF-Aware Fitting,20,-0.0069130612621127185,-0.007592626256852225,-0.016056330847828038,0.0005464314800587741,-1.4946450130082667
10G_phase_elliptical_gaussian_px0_py0.375,15.0,10.0,31,Gaussian Fitting,PSF-Aware Fitting,20,0.0018535357910689776,0.0016601643180727266,-0.004234111157492384,0.010201070380050489,-1.4301549934316427
10G_phase_elliptical_gaussian_px0_py0.5,15.0,10.0,31,Gaussian Fitting,PSF-Aware Fitting,20,-0.0020265012623855994,-0.0017702992679850538,-0.010908644020561532,0.0057879101976557115,-1.3464099960401654
10G_phase_elliptical_gaussian_px0_py0.625,15.0,10.0,31,Gaussian Fitting,PSF-Aware Fitting,20,-0.0031815993997768854,0.0009087371960976309,-0.010473449962054671,0.003341484194191906,-1.1434649932198226
10G_phase_elliptical_gaussian_px0_py0.75,15.0,10.0,31,Gaussian Fitting,PSF-Aware Fitting,20,-0.0012586635035182758,0.0010880932945682986,-0.0080053949640876,0.008654636690924502,-1.2217800016514957
10G_phase_elliptical_gaussian_px0_py0.875,15.0,10.0,31,Gaussian Fitting,PSF-Aware Fitting,20,-0.0013448342124708357,1.8379345682134618e-05,-0.004631909475574531,0.0020485059340951705,-1.1173499922733754
10G_phase_gaussian_px0.125_py0,15.0,10.0,31,Gaussian Fitting,PSF-Aware Fitting,20,-0.00301122454596367,-0.003910329162364334,-0.010173772488645627,0.002802437629018867,-2.031504991464317
10G_phase_gaussian_px0.125_py0.125,15.0,10.0,31,Gaussian Fitting,PSF-Aware Fitting,20,-0.0013748813407929439,0.0024417110686872356,-0.01029083940681915,0.00712205770109361,-1.6492300026584417
10G_phase_gaussian_px0.125_py0.25,15.0,10.0,31,Gaussian Fitting,PSF-Aware Fitting,20,-0.0055509187924922265,-0.004593975871258038,-0.012779711096817562,0.0008372107713458656,-1.7128999927081168
10G_phase_gaussian_px0.125_py0.375,15.0,10.0,31,Gaussian Fitting,PSF-Aware Fitting,20,-0.00017722720280710647,0.0007561521188258757,-0.004409045536762949,0.004266317362051975,-1.7196750093717128
10G_phase_gaussian_px0.125_py0.5,15.0,10.0,31,Gaussian Fitting,PSF-Aware Fitting,20,-0.00708760409214626,-0.004480135688360615,-0.023922400753023564,0.005052598336838984,-1.5420750016346574
10G_phase_gaussian_px0.125_py0.625,15.0,10.0,31,Gaussian Fitting,PSF-Aware Fitting,20,-0.00578545288038429,-0.007429248549324946,-0.01107349214792664,-0.0009856938244730377,-1.741360017331317
10G_phase_gaussian_px0.125_py0.75,15.0,10.0,31,Gaussian Fitting,PSF-Aware Fitting,20,0.000956200076659669,-0.00040674486887626315,-0.0045541171918460025,0.0066287610380758345,-1.6610900172963738
10G_phase_gaussian_px0.125_py0.875,15.0,10.0,31,Gaussian Fitting,PSF-Aware Fitting,20,-0.0007917352573359182,-0.002096673335268695,-0.004149778904962249,0.002089174968190091,-1.6932549828197807
10G_phase_gaussian_px0.25_py0,15.0,10.0,31,Gaussian Fitting,PSF-Aware Fitting,20,-0.004700809480751134,-0.006947585078333068,-0.010053367213968307,0.0003320857142021349,-1.4737799938302487
10G_phase_gaussian_px0.25_py0.125,15.0,10.0,31,Gaussian Fitting,PSF-Aware Fitting,20,-0.004405718914505696,-0.0075781703466019645,-0.013943669100368617,0.00463216085787804,-1.6367700067348778
10G_phase_gaussian_px0.25_py0.25,15.0,10.0,31,Gaussian Fitting,PSF-Aware Fitting,20,-0.00941577536278193,-0.00895081539281517,-0.0177546793958698,-0.0017766644838450643,-1.6893750056624413
10G_phase_gaussian_px0.25_py0.375,15.0,10.0,31,Gaussian Fitting,PSF-Aware Fitting,20,-0.0019001358978966154,-0.00196851420131966,-0.007531727454721596,0.004159651481987724,-1.262510009109974
10G_phase_gaussian_px0.25_py0.5,15.0,10.0,31,Gaussian Fitting,PSF-Aware Fitting,20,-0.005602188013475257,-0.006123154266156033,-0.011995565704306295,-0.00021037548459648276,0.013124989345669746
10G_phase_gaussian_px0.25_py0.625,15.0,10.0,31,Gaussian Fitting,PSF-Aware Fitting,20,0.003636777171765332,0.0019861197188016655,-0.0016033681551299507,0.008652407255475893,-1.4964799804147333
10G_phase_gaussian_px0.25_py0.75,15.0,10.0,31,Gaussian Fitting,PSF-Aware Fitting,20,-0.0011233653471256766,-0.0012490340523502175,-0.006269335076224168,0.0032500662028435157,-1.6470700036734343
10G_phase_gaussian_px0.25_py0.875,15.0,10.0,31,Gaussian Fitting,PSF-Aware Fitting,20,0.0031888626616438653,0.003583623188353924,-0.0018145186695197712,0.008468483596022834,-1.3701649848371744
10G_phase_gaussian_px0.375_py0,15.0,10.0,31,Gaussian Fitting,PSF-Aware Fitting,20,-0.0037439216638326944,-0.0024229972328263516,-0.0128438401655768,0.004351055115484546,-2.1916350116953254
10G_phase_gaussian_px0.375_py0.125,15.0,10.0,31,Gaussian Fitting,PSF-Aware Fitting,20,-0.0039246568256279535,-0.00450945020938362,-0.010160184232097694,0.002691947497107509,-1.9009399984497577
10G_phase_gaussian_px0.375_py0.25,15.0,10.0,31,Gaussian Fitting,PSF-Aware Fitting,20,-0.007335872181041425,-0.008509129093784457,-0.016250080764486984,-0.0006361034015053032,-1.864559983368963
10G_phase_gaussian_px0.375_py0.375,15.0,10.0,31,Gaussian Fitting,PSF-Aware Fitting,20,-0.003182176261756653,-0.003489383895764947,-0.006338935678199894,-0.0004331678728298463,-2.0423549984116107
10G_phase_gaussian_px0.375_py0.5,15.0,10.0,31,Gaussian Fitting,PSF-Aware Fitting,20,-0.0027165147135362055,-0.0034566315906169875,-0.010913425634464537,0.005485607587193456,-1.6916200111154467
10G_phase_gaussian_px0.375_py0.625,15.0,10.0,31,Gaussian Fitting,PSF-Aware Fitting,20,0.000653678005094499,-0.0011540523027955274,-0.005092627010818258,0.006035600829989853,-1.696815009927377
10G_phase_gaussian_px0.375_py0.75,15.0,10.0,31,Gaussian Fitting,PSF-Aware Fitting,20,-0.001456240572553641,-0.0011156363669876934,-0.006706799463682192,0.004134705996481435,-1.9232899940107018
10G_phase_gaussian_px0.375_py0.875,15.0,10.0,31,Gaussian Fitting,PSF-Aware Fitting,20,-0.0027618981497315453,-0.002893307848988752,-0.008592993689467811,0.0030020653920175572,-2.1220349706709385
10G_phase_gaussian_px0.5_py0,15.0,10.0,31,Gaussian Fitting,PSF-Aware Fitting,20,-0.00373396546356064,-0.0033718770786520247,-0.006846324497701054,-0.0005644208790009961,-2.030080003896728
10G_phase_gaussian_px0.5_py0.125,15.0,10.0,31,Gaussian Fitting,PSF-Aware Fitting,20,-0.0053272386268411465,-0.004618202647196812,-0.010492048250848872,-0.0009733493803537659,-1.7259899992495775
10G_phase_gaussian_px0.5_py0.25,15.0,10.0,31,Gaussian Fitting,PSF-Aware Fitting,20,-0.002883509511926674,-0.002252053081607752,-0.00837752650388755,0.002770579123064254,-1.9447800004854798
10G_phase_gaussian_px0.5_py0.375,15.0,10.0,31,Gaussian Fitting,PSF-Aware Fitting,20,-0.0036885675029210974,-0.0024157638557941175,-0.010161593002757057,0.0014595969326206648,-2.3086950241122395
10G_phase_gaussian_px0.5_py0.5,15.0,10.0,31,Gaussian Fitting,PSF-Aware Fitting,20,-0.002089939309848743,-0.0018040971815884155,-0.008793133324948774,0.004148398798787608,-1.4659399748779833
10G_phase_gaussian_px0.5_py0.625,15.0,10.0,31,Gaussian Fitting,PSF-Aware Fitting,20,-0.002226130081263794,-0.002871499758616003,-0.007295413506211374,0.0027398972721698624,-1.6941149602644145
10G_phase_gaussian_px0.5_py0.75,15.0,10.0,31,Gaussian Fitting,PSF-Aware Fitting,20,-0.00013848774556260435,2.007499904577159e-05,-0.0063260271747348894,0.006194287453384633,-1.4458949794061482
10G_phase_gaussian_px0.5_py0.875,15.0,10.0,31,Gaussian Fitting,PSF-Aware Fitting,20,-0.006551824926869232,-0.005229011559164942,-0.015111816175973802,0.0018494901794046837,-1.9141350057907403
10G_phase_gaussian_px0.625_py0,15.0,10.0,31,Gaussian Fitting,PSF-Aware Fitting,20,-0.00023026046915647358,0.0005542427047410814,-0.006187356321108694,0.005343057691611929,-1.6585650155320764
10G_phase_gaussian_px0.625_py0.125,15.0,10.0,31,Gaussian Fitting,PSF-Aware Fitting,20,-0.0011278715638011194,0.0008116961022386626,-0.007042186711259403,0.004776228655615023,-1.44998500472866
10G_phase_gaussian_px0.625_py0.25,15.0,10.0,31,Gaussian Fitting,PSF-Aware Fitting,20,-0.002739947543825172,-0.002424692451290622,-0.010191401014248274,0.003196317831176654,-1.9402749952860177
10G_phase_gaussian_px0.625_py0.375,15.0,10.0,31,Gaussian Fitting,PSF-Aware Fitting,20,-0.0022131590481346552,-0.0038830625210971303,-0.007536957355547491,0.0027877670687867953,-1.5863500244449824
10G_phase_gaussian_px0.625_py0.5,15.0,10.0,31,Gaussian Fitting,PSF-Aware Fitting,20,-0.0004589584703086069,-0.0010004637279824036,-0.0036914784539254807,0.002716349818215785,-1.3331250054761767
10G_phase_gaussian_px0.625_py0.625,15.0,10.0,31,Gaussian Fitting,PSF-Aware Fitting,20,0.008868076983909984,0.00919854138336293,-0.0025603474903526905,0.019618607297016824,-2.3126549960579723
10G_phase_gaussian_px0.625_py0.75,15.0,10.0,31,Gaussian Fitting,PSF-Aware Fitting,20,-0.0026408826607179636,-0.0019821035810686227,-0.014275323228132037,0.007899944073824362,-1.5525700058788061
10G_phase_gaussian_px0.625_py0.875,15.0,10.0,31,Gaussian Fitting,PSF-Aware Fitting,20,0.0001334798290453243,-0.0009600431125762199,-0.008749846752018156,0.008009117489811339,-1.573394995648414
10G_phase_gaussian_px0.75_py0,15.0,10.0,31,Gaussian Fitting,PSF-Aware Fitting,20,0.0034563609390289296,0.00369982987742698,-0.0022164593715356786,0.008766311216618146,-1.9442200136836618
10G_phase_gaussian_px0.75_py0.125,15.0,10.0,31,Gaussian Fitting,PSF-Aware Fitting,20,-0.004738906006199334,-0.004094605932292744,-0.013624791965099721,0.0024339223918969457,-1.949820009758696
10G_phase_gaussian_px0.75_py0.25,15.0,10.0,31,Gaussian Fitting,PSF-Aware Fitting,20,-0.0016879472358037884,-0.0024082842821681605,-0.010151638498418665,0.005897867063075153,-1.5418699593283236
10G_phase_gaussian_px0.75_py0.375,15.0,10.0,31,Gaussian Fitting,PSF-Aware Fitting,20,0.0014331371865954623,0.0012331205586015304,-0.0024082607714196284,0.005413782398485172,-1.6379850101657212
10G_phase_gaussian_px0.75_py0.5,15.0,10.0,31,Gaussian Fitting,PSF-Aware Fitting,20,-0.0008430619313757881,-0.000795978626145305,-0.006325832524531467,0.004488758286652857,-1.3568300113547593
10G_phase_gaussian_px0.75_py0.625,15.0,10.0,31,Gaussian Fitting,PSF-Aware Fitting,20,-0.002400613894447512,-0.003103877126573368,-0.009225184754971985,0.0036341032301611155,-2.1137850068043917
10G_phase_gaussian_px0.75_py0.75,15.0,10.0,31,Gaussian Fitting,PSF-Aware Fitting,20,-0.0002627108558179714,-0.0016663206958066057,-0.006011711517124687,0.0067563276153422645,-1.8470399838406593
10G_phase_gaussian_px0.75_py0.875,15.0,10.0,31,Gaussian Fitting,PSF-Aware Fitting,20,0.003521094987999379,0.003230233223752932,-0.00389461932661082,0.01095577733585908,-1.7179399903398007
10G_phase_gaussian_px0.875_py0,15.0,10.0,31,Gaussian Fitting,PSF-Aware Fitting,20,0.006610681211919378,0.006804643250915093,-0.001429605818588666,0.014653498424270881,-1.5740000002551824
10G_phase_gaussian_px0.875_py0.125,15.0,10.0,31,Gaussian Fitting,PSF-Aware Fitting,20,-0.00671177232505607,-0.0070164330226533955,-0.012704450555314453,-0.0011771239587714272,-1.8945549905765802
10G_phase_gaussian_px0.875_py0.25,15.0,10.0,31,Gaussian Fitting,PSF-Aware Fitting,20,0.0026054789517471477,0.0016571848599467032,-0.005547387046461242,0.011536830024518859,-1.6494249983225018
10G_phase_gaussian_px0.875_py0.375,15.0,10.0,31,Gaussian Fitting,PSF-Aware Fitting,20,-0.0011863008022551247,-0.000682417524213691,-0.005912471678523733,0.003548796552983413,-1.9359400030225515
10G_phase_gaussian_px0.875_py0.5,15.0,10.0,31,Gaussian Fitting,PSF-Aware Fitting,20,-0.007857409567244983,-0.006065610574457869,-0.01846999248773528,0.0003836840475886069,-1.7336050048470497
10G_phase_gaussian_px0.875_py0.625,15.0,10.0,31,Gaussian Fitting,PSF-Aware Fitting,20,0.0015776141946559075,0.0028687171372681897,-0.006052577665422736,0.011009858568195608,-1.9925299799069762
10G_phase_gaussian_px0.875_py0.75,15.0,10.0,31,Gaussian Fitting,PSF-Aware Fitting,20,-0.0038068546720591567,-0.0049274140962138335,-0.007565705213240086,-0.0005823697441626757,-1.3889650057535619
10G_phase_gaussian_px0.875_py0.875,15.0,10.0,31,Gaussian Fitting,PSF-Aware Fitting,20,-0.0019941241138062005,-0.0013623715194409358,-0.006564118933449893,0.002640694358877925,-1.828910002950579
10G_phase_gaussian_px0_py0,15.0,10.0,31,Gaussian Fitting,PSF-Aware Fitting,20,0.0037265645178219675,0.005192009565256145,-0.0007498597375431681,0.008922183620940051,-1.6648600110784173
10G_phase_gaussian_px0_py0.125,15.0,10.0,31,Gaussian Fitting,PSF-Aware Fitting,20,-0.0018962881606958137,-0.0027145125186943952,-0.008159282647195744,0.003845765156218086,-2.000064996536821
10G_phase_gaussian_px0_py0.25,15.0,10.0,31,Gaussian Fitting,PSF-Aware Fitting,20,-0.0006333951784069092,-0.0007060574218341331,-0.005101115613261961,0.003908573768108857,-1.3871299917809665
10G_phase_gaussian_px0_py0.375,15.0,10.0,31,Gaussian Fitting,PSF-Aware Fitting,20,-0.005118967143085074,-0.0025520514448170717,-0.01057225539392669,0.001998147860516625,-1.3411149906460196
10G_phase_gaussian_px0_py0.5,15.0,10.0,31,Gaussian Fitting,PSF-Aware Fitting,20,0.007242864994159187,0.006416208312204491,0.0024040201077167563,0.013409801161972493,-1.559440023265779
10G_phase_gaussian_px0_py0.625,15.0,10.0,31,Gaussian Fitting,PSF-Aware Fitting,20,-0.0006129404800439275,-0.004050403481230508,-0.009131926069688304,0.007438017277775915,-1.6559000010602176
10G_phase_gaussian_px0_py0.75,15.0,10.0,31,Gaussian Fitting,PSF-Aware Fitting,20,-0.006972162267361526,-0.006616684285747354,-0.013552128526816604,-0.0011554896390531695,-1.696024986449629
10G_phase_gaussian_px0_py0.875,15.0,10.0,31,Gaussian Fitting,PSF-Aware Fitting,20,0.0026169659325690486,0.007051545632353384,-0.002838691829371783,0.008950877738901507,-2.0479250175412744
10A_matched_gaussian,15.0,10.0,31,Intensity-Weighted Centroid,Gaussian Fitting,50,-0.4299589699867623,-0.3879747483697724,-0.502959040524286,-0.35594713784017673,5.314568011090159
10B_elliptical_r_1.25_theta_0,15.0,10.0,31,Intensity-Weighted Centroid,Gaussian Fitting,50,-0.3758283224311132,-0.34158704190679967,-0.45356952017412766,-0.2986793506458079,5.328798005357385
10B_elliptical_r_1.25_theta_45,15.0,10.0,31,Intensity-Weighted Centroid,Gaussian Fitting,50,-0.32182578978563403,-0.2803430316370696,-0.4049809197366073,-0.23706532067937702,5.32853402197361
10B_elliptical_r_1.5_theta_0,15.0,10.0,31,Intensity-Weighted Centroid,Gaussian Fitting,50,-0.2862352633917426,-0.2465775579600122,-0.3641107593268436,-0.21204410501761906,5.222253997344524
10B_elliptical_r_1.5_theta_45,15.0,10.0,31,Intensity-Weighted Centroid,Gaussian Fitting,50,-0.33957242634158746,-0.2862733266725561,-0.4314525360496783,-0.24880269035211633,5.788418003357947
10B_elliptical_r_1_theta_0,15.0,10.0,31,Intensity-Weighted Centroid,Gaussian Fitting,50,-0.38778813268586165,-0.35953810430669164,-0.453366426882763,-0.32614813940185333,5.467315993737429
10B_elliptical_r_1_theta_45,15.0,10.0,31,Intensity-Weighted Centroid,Gaussian Fitting,50,-0.3770422458795859,-0.3370083996394923,-0.4672038421834453,-0.28760031452748996,5.04934199154377
10B_elliptical_r_2_theta_0,15.0,10.0,31,Intensity-Weighted Centroid,Gaussian Fitting,50,-0.3266570917548438,-0.28619370727472065,-0.3961936295500108,-0.24637885523680442,5.529922004789114
10B_elliptical_r_2_theta_45,15.0,10.0,31,Intensity-Weighted Centroid,Gaussian Fitting,50,-0.17652394377869496,-0.17282734058151447,-0.26423268653293674,-0.09418558958699219,6.872464006301016
10C_asymmetric_alpha_0,15.0,10.0,31,Intensity-Weighted Centroid,Gaussian Fitting,50,-0.39453166183077737,-0.3566376665260308,-0.47296043925501563,-0.3119635033880062,5.73687600903213
10C_asymmetric_alpha_0.1,15.0,10.0,31,Intensity-Weighted Centroid,Gaussian Fitting,50,-0.3483847498763865,-0.3128774335089548,-0.4318431039782439,-0.26341830188239196,5.1974159851670265
10C_asymmetric_alpha_0.2,15.0,10.0,31,Intensity-Weighted Centroid,Gaussian Fitting,50,-0.30963421774043376,-0.27634085729661206,-0.38824462912347196,-0.22436981939318887,5.144378016702831
10C_asymmetric_alpha_0.3,15.0,10.0,31,Intensity-Weighted Centroid,Gaussian Fitting,50,-0.2885900818106088,-0.26377830153652004,-0.34956845172258216,-0.22505954963813568,4.845914002507925
10D_defocused_sig_0.5px,15.0,10.0,31,Intensity-Weighted Centroid,Gaussian Fitting,50,-0.3960896376380702,-0.3504041876236388,-0.4786294886523124,-0.3128044502951537,4.934034002944827
10D_defocused_sig_0px,15.0,10.0,31,Intensity-Weighted Centroid,Gaussian Fitting,50,-0.40327081470578374,-0.36996067415902933,-0.46851405366228605,-0.3335071280280714,5.373273994773626
10D_defocused_sig_1px,15.0,10.0,31,Intensity-Weighted Centroid,Gaussian Fitting,50,-0.35151983956873345,-0.3105848648164985,-0.4397383269010892,-0.2581066911838067,5.262961988337338
10D_defocused_sig_2px,15.0,10.0,31,Intensity-Weighted Centroid,Gaussian Fitting,50,-0.29673747874723655,-0.25537915256543225,-0.3773616636785584,-0.21631866044982706,5.318649988621473
10E_aberrated_astigmatism_w_0.1,15.0,10.0,31,Intensity-Weighted Centroid,Gaussian Fitting,50,-0.33581328286591705,-0.3054143018017871,-0.4085970633226262,-0.2644900083492814,5.150746002327651
10E_aberrated_coma_w_0,15.0,10.0,31,Intensity-Weighted Centroid,Gaussian Fitting,50,-0.30449034790683405,-0.2583205551990224,-0.3797078665133817,-0.22890460600678383,5.2948220004327595
10E_aberrated_coma_w_0.05,15.0,10.0,31,Intensity-Weighted Centroid,Gaussian Fitting,50,-0.3832216230950855,-0.3554641594486394,-0.4591070500340092,-0.3092710393765896,5.101945996284485
10E_aberrated_coma_w_0.1,15.0,10.0,31,Intensity-Weighted Centroid,Gaussian Fitting,50,-0.17413496455015143,-0.1403799455535048,-0.2536669818872248,-0.09300031024426979,5.288746005389839
10E_aberrated_coma_w_0.2,15.0,10.0,31,Intensity-Weighted Centroid,Gaussian Fitting,50,0.17570770786206436,0.20629619732697224,0.10472762644245755,0.24301713981929118,5.482395999133587
10F_snr_asymmetric_snr_0dB,0.0,10.0,31,Intensity-Weighted Centroid,Gaussian Fitting,50,0.8539873525302811,0.5869151390039518,0.43367314531728623,1.3008755610794986,22.289188005961478
10F_snr_asymmetric_snr_10dB,10.0,10.0,31,Intensity-Weighted Centroid,Gaussian Fitting,50,-0.3297023444038629,-0.2932883095390674,-0.42009325201197606,-0.24074534881424914,6.183467996306717
10F_snr_asymmetric_snr_15dB,15.0,10.0,31,Intensity-Weighted Centroid,Gaussian Fitting,50,-0.3608223379488324,-0.314640316002621,-0.43325090003593253,-0.28262964788976963,4.916537993121892
10F_snr_asymmetric_snr_20dB,20.0,10.0,31,Intensity-Weighted Centroid,Gaussian Fitting,50,-0.2601490034972728,-0.21904813137049178,-0.32802106683808413,-0.19269797666262076,4.3944640178233385
10F_snr_asymmetric_snr_25dB,25.0,10.0,31,Intensity-Weighted Centroid,Gaussian Fitting,50,-0.15206696627784622,-0.11551396758119406,-0.19323871304471832,-0.10979171159216027,4.430130010005087
10F_snr_asymmetric_snr_30dB,30.0,10.0,31,Intensity-Weighted Centroid,Gaussian Fitting,50,-0.0692159471846468,-0.047061063286109706,-0.0986515274272116,-0.03939529996186725,4.3223859975114465
10F_snr_asymmetric_snr_3dB,3.0,10.0,31,Intensity-Weighted Centroid,Gaussian Fitting,50,0.04158698424560303,0.022313564079028847,-0.1480068247775875,0.22165283545290743,11.661159992218018
10F_snr_asymmetric_snr_5dB,5.0,10.0,31,Intensity-Weighted Centroid,Gaussian Fitting,50,0.14602375185240035,0.0027079971331915864,-0.1944748426778084,0.5700477884542612,8.466842009220272
10F_snr_asymmetric_snr_7dB,7.0,10.0,31,Intensity-Weighted Centroid,Gaussian Fitting,50,-0.17574397233381978,-0.18372353986740692,-0.3023471745986173,-0.029677521725276195,7.6805020100437105
10F_snr_defocused_snr_0dB,0.0,10.0,31,Intensity-Weighted Centroid,Gaussian Fitting,50,0.7486614854601265,0.5892945852498095,0.49665874524474996,1.0031568230146524,23.127212012186646
10F_snr_defocused_snr_10dB,10.0,10.0,31,Intensity-Weighted Centroid,Gaussian Fitting,50,-0.3169830684063949,-0.28389971929778707,-0.4191539150068726,-0.21573611203297005,6.319451981689781
10F_snr_defocused_snr_15dB,15.0,10.0,31,Intensity-Weighted Centroid,Gaussian Fitting,50,-0.42055694507255886,-0.3865332460466281,-0.5025987667317191,-0.3377518241990295,5.2335540018975735
10F_snr_defocused_snr_20dB,20.0,10.0,31,Intensity-Weighted Centroid,Gaussian Fitting,50,-0.31719130742025853,-0.29287730455360017,-0.3787440645860383,-0.25646963376465176,4.61605601478368
10F_snr_defocused_snr_25dB,25.0,10.0,31,Intensity-Weighted Centroid,Gaussian Fitting,50,-0.2420171864744849,-0.21615089622674458,-0.2911155369495353,-0.19705047412014193,4.401548004243523
10F_snr_defocused_snr_30dB,30.0,10.0,31,Intensity-Weighted Centroid,Gaussian Fitting,50,-0.1471825307931953,-0.12919452604707224,-0.1722575801543814,-0.12021410280338449,4.483756008557975
10F_snr_defocused_snr_3dB,3.0,10.0,31,Intensity-Weighted Centroid,Gaussian Fitting,50,0.5989694114659609,0.409950808439952,0.3037356561264222,0.9459867077610522,11.850996017456055
10F_snr_defocused_snr_5dB,5.0,10.0,31,Intensity-Weighted Centroid,Gaussian Fitting,50,0.003480371637082036,-0.06444446927424152,-0.1867163014074656,0.1896821586022517,10.155250017996877
10F_snr_defocused_snr_7dB,7.0,10.0,31,Intensity-Weighted Centroid,Gaussian Fitting,50,-0.024956781361832325,0.0008961159365391547,-0.1379844226023005,0.08269902907964101,8.011286014225334
10F_snr_elliptical_gaussian_snr_0dB,0.0,10.0,31,Intensity-Weighted Centroid,Gaussian Fitting,50,1.0934457500811163,0.7750329857671966,0.6346534613712405,1.5651427245311147,13.215026017278433
10F_snr_elliptical_gaussian_snr_10dB,10.0,10.0,31,Intensity-Weighted Centroid,Gaussian Fitting,50,-0.2785093797161882,-0.25987981367771507,-0.401782914841781,-0.1668713441971444,6.423410000279546
10F_snr_elliptical_gaussian_snr_15dB,15.0,10.0,31,Intensity-Weighted Centroid,Gaussian Fitting,50,-0.38976458189932484,-0.34950519031973293,-0.48208019160678395,-0.29906387836822634,5.233543997164816
10F_snr_elliptical_gaussian_snr_20dB,20.0,10.0,31,Intensity-Weighted Centroid,Gaussian Fitting,50,-0.29686315898762805,-0.27485311331882434,-0.34259272406483143,-0.24847815749774657,4.9554279912263155
10F_snr_elliptical_gaussian_snr_25dB,25.0,10.0,31,Intensity-Weighted Centroid,Gaussian Fitting,50,-0.20128967963218397,-0.1814951384162338,-0.23999669770687299,-0.16414205684770578,4.930390005465597
10F_snr_elliptical_gaussian_snr_30dB,30.0,10.0,31,Intensity-Weighted Centroid,Gaussian Fitting,50,-0.1447060452545731,-0.13348491348465344,-0.1653111233490862,-0.12416527967321121,4.822688007261604
10F_snr_elliptical_gaussian_snr_3dB,3.0,10.0,31,Intensity-Weighted Centroid,Gaussian Fitting,50,0.20751934864091437,0.16640517889223905,0.01417415440315961,0.3853640339995083,10.961270001716912
10F_snr_elliptical_gaussian_snr_5dB,5.0,10.0,31,Intensity-Weighted Centroid,Gaussian Fitting,50,0.12179487231548325,0.06882065245456082,-0.11594431593915498,0.37785920392108907,8.743531999643892
10F_snr_elliptical_gaussian_snr_7dB,7.0,10.0,31,Intensity-Weighted Centroid,Gaussian Fitting,50,-0.157685333650464,-0.16214209960993842,-0.28294574747356765,-0.016880224011853434,7.498396004084498
10F_snr_gaussian_snr_0dB,0.0,10.0,31,Intensity-Weighted Centroid,Gaussian Fitting,50,0.9825801544926738,0.7136718632815893,0.5986310925973479,1.3955197338691179,28.37937999982387
10F_snr_gaussian_snr_10dB,10.0,10.0,31,Intensity-Weighted Centroid,Gaussian Fitting,50,-0.35627243397951824,-0.3146400449986619,-0.4592518113378348,-0.252536382748368,7.796799996867776
10F_snr_gaussian_snr_15dB,15.0,10.0,31,Intensity-Weighted Centroid,Gaussian Fitting,50,-0.34554968974717787,-0.30671746640659187,-0.4217564567803924,-0.26886137788829756,4.990020007826388
10F_snr_gaussian_snr_20dB,20.0,10.0,31,Intensity-Weighted Centroid,Gaussian Fitting,50,-0.3553532399524521,-0.3073576535205815,-0.43239818771316124,-0.282734563990979,4.94167800527066
10F_snr_gaussian_snr_25dB,25.0,10.0,31,Intensity-Weighted Centroid,Gaussian Fitting,50,-0.2839084250472236,-0.25721841458244743,-0.32916285698774017,-0.2380301105589769,4.576931993942708
10F_snr_gaussian_snr_30dB,30.0,10.0,31,Intensity-Weighted Centroid,Gaussian Fitting,50,-0.22692263680604208,-0.20432772800425353,-0.26228956006466925,-0.19154213032920922,4.39598998054862
10F_snr_gaussian_snr_3dB,3.0,10.0,31,Intensity-Weighted Centroid,Gaussian Fitting,50,0.40780793122215686,0.3107563337538869,0.19019915951440355,0.6129861022508729,12.612819995265454
10F_snr_gaussian_snr_5dB,5.0,10.0,31,Intensity-Weighted Centroid,Gaussian Fitting,50,0.044256787276560905,-0.039366199801088686,-0.19331883579004752,0.3202211413590084,9.510720001999289
10F_snr_gaussian_snr_7dB,7.0,10.0,31,Intensity-Weighted Centroid,Gaussian Fitting,50,-0.2106145339198926,-0.20100600219477688,-0.33231400765827884,-0.08493553465734868,8.230287989135832
10G_phase_asymmetric_px0.125_py0,15.0,10.0,31,Intensity-Weighted Centroid,Gaussian Fitting,20,-0.2061443441371552,-0.18055366933752748,-0.2966337222247924,-0.11382194141793474,4.901414999039844
10G_phase_asymmetric_px0.125_py0.125,15.0,10.0,31,Intensity-Weighted Centroid,Gaussian Fitting,20,-0.1261771349660567,-0.09753898530147267,-0.22861787093615185,-0.011992532522989924,4.462440015049651
10G_phase_asymmetric_px0.125_py0.25,15.0,10.0,31,Intensity-Weighted Centroid,Gaussian Fitting,20,-0.3093021991550195,-0.2798896635024377,-0.4114612859498738,-0.21078662085000438,4.469775012694299
10G_phase_asymmetric_px0.125_py0.375,15.0,10.0,31,Intensity-Weighted Centroid,Gaussian Fitting,20,-0.4467560788935714,-0.400986099272004,-0.5812090483436049,-0.3124236810316601,4.11330999340862
10G_phase_asymmetric_px0.125_py0.5,15.0,10.0,31,Intensity-Weighted Centroid,Gaussian Fitting,20,-0.36411627008260744,-0.3224959328694957,-0.494612687518988,-0.23152112884971368,3.771035000681877
10G_phase_asymmetric_px0.125_py0.625,15.0,10.0,31,Intensity-Weighted Centroid,Gaussian Fitting,20,-0.33673704031914553,-0.2784034559034367,-0.4684906437018663,-0.21024309439728564,5.023589974734932
10G_phase_asymmetric_px0.125_py0.75,15.0,10.0,31,Intensity-Weighted Centroid,Gaussian Fitting,20,-0.31872373207164195,-0.32144442048027155,-0.4170771794516096,-0.2172379719888966,4.3767400027718395
10G_phase_asymmetric_px0.125_py0.875,15.0,10.0,31,Intensity-Weighted Centroid,Gaussian Fitting,20,-0.2534045701962635,-0.20624351843022756,-0.3742340880714016,-0.12050532605314729,5.054635019041598
10G_phase_asymmetric_px0.25_py0,15.0,10.0,31,Intensity-Weighted Centroid,Gaussian Fitting,20,-0.3133277062968157,-0.25014647739133455,-0.4474599706175199,-0.184065521622539,4.311104997759685
10G_phase_asymmetric_px0.25_py0.125,15.0,10.0,31,Intensity-Weighted Centroid,Gaussian Fitting,20,-0.2589511990023451,-0.22507088577217485,-0.3707149909488985,-0.1411911287785852,4.774480027845129
10G_phase_asymmetric_px0.25_py0.25,15.0,10.0,31,Intensity-Weighted Centroid,Gaussian Fitting,20,-0.22536096790270743,-0.18357258743971439,-0.32054747919578397,-0.11550335659874994,4.125539999222383
10G_phase_asymmetric_px0.25_py0.375,15.0,10.0,31,Intensity-Weighted Centroid,Gaussian Fitting,20,-0.2913718468302333,-0.2622839442801341,-0.3761077955214093,-0.20154411438519582,4.117510019568726
10G_phase_asymmetric_px0.25_py0.5,15.0,10.0,31,Intensity-Weighted Centroid,Gaussian Fitting,20,-0.39078739251098804,-0.38354448043959133,-0.48196244759392687,-0.29420036721698933,3.9205649925861508
10G_phase_asymmetric_px0.25_py0.625,15.0,10.0,31,Intensity-Weighted Centroid,Gaussian Fitting,20,-0.3642895523812809,-0.29390628992273027,-0.5267706473634747,-0.19859770734368423,4.297190002398565
10G_phase_asymmetric_px0.25_py0.75,15.0,10.0,31,Intensity-Weighted Centroid,Gaussian Fitting,20,-0.21603438038596331,-0.19319204733614642,-0.3133966562203657,-0.1190447631078452,4.458270000759512
10G_phase_asymmetric_px0.25_py0.875,15.0,10.0,31,Intensity-Weighted Centroid,Gaussian Fitting,20,-0.2612162076318721,-0.2161470014657621,-0.3794788503356774,-0.14360174492980582,3.947715018875897
10G_phase_asymmetric_px0.375_py0,15.0,10.0,31,Intensity-Weighted Centroid,Gaussian Fitting,20,-0.26829952390115075,-0.22389585026917055,-0.4025278575293484,-0.1413180089422223,4.262800008291379
10G_phase_asymmetric_px0.375_py0.125,15.0,10.0,31,Intensity-Weighted Centroid,Gaussian Fitting,20,-0.2731548624343676,-0.2185459316846357,-0.3725280652630812,-0.1677759630105796,4.154150001704693
10G_phase_asymmetric_px0.375_py0.25,15.0,10.0,31,Intensity-Weighted Centroid,Gaussian Fitting,20,-0.23974510847826425,-0.2061547672755561,-0.35306230759499485,-0.13428926026136095,4.000614979304373
10G_phase_asymmetric_px0.375_py0.375,15.0,10.0,31,Intensity-Weighted Centroid,Gaussian Fitting,20,-0.3244910927564607,-0.27680589685453294,-0.42524533972249495,-0.2205297420232369,4.010614985600114
10G_phase_asymmetric_px0.375_py0.5,15.0,10.0,31,Intensity-Weighted Centroid,Gaussian Fitting,20,-0.3938236889096447,-0.3253290593709042,-0.5367735995795769,-0.2379025651750171,3.9984050032217056
10G_phase_asymmetric_px0.375_py0.625,15.0,10.0,31,Intensity-Weighted Centroid,Gaussian Fitting,20,-0.48505293930111115,-0.4399088614041085,-0.6287091456895026,-0.32956037959933676,4.423734958982095
10G_phase_asymmetric_px0.375_py0.75,15.0,10.0,31,Intensity-Weighted Centroid,Gaussian Fitting,20,-0.30427686709630647,-0.265827906267288,-0.3969059351314236,-0.2066513925249471,4.593109991401434
10G_phase_asymmetric_px0.375_py0.875,15.0,10.0,31,Intensity-Weighted Centroid,Gaussian Fitting,20,-0.2402319680182184,-0.2118533556737855,-0.3513276176052322,-0.12614961501290775,4.456605011364445
10G_phase_asymmetric_px0.5_py0,15.0,10.0,31,Intensity-Weighted Centroid,Gaussian Fitting,20,-0.2797038931656991,-0.26019137139064025,-0.36211283141413986,-0.19116617751671872,4.519234993495047
10G_phase_asymmetric_px0.5_py0.125,15.0,10.0,31,Intensity-Weighted Centroid,Gaussian Fitting,20,-0.19075407541849052,-0.16089201264749706,-0.3052558715238827,-0.06921135228074488,4.320434981491417
10G_phase_asymmetric_px0.5_py0.25,15.0,10.0,31,Intensity-Weighted Centroid,Gaussian Fitting,20,-0.3410301638329081,-0.3112870712568826,-0.4427556549140912,-0.2283784815477383,4.464175016619265
10G_phase_asymmetric_px0.5_py0.375,15.0,10.0,31,Intensity-Weighted Centroid,Gaussian Fitting,20,-0.38383959564716685,-0.3683195460951868,-0.5029654001301749,-0.27239281275438104,4.588939994573593
10G_phase_asymmetric_px0.5_py0.5,15.0,10.0,31,Intensity-Weighted Centroid,Gaussian Fitting,20,-0.49132151945499747,-0.44989162424114837,-0.6149309441227854,-0.36034048592967294,4.383779992349446
10G_phase_asymmetric_px0.5_py0.625,15.0,10.0,31,Intensity-Weighted Centroid,Gaussian Fitting,20,-0.36061733238422,-0.35101525162418445,-0.438061156818731,-0.27680296129194937,4.9849050177726895
10G_phase_asymmetric_px0.5_py0.75,15.0,10.0,31,Intensity-Weighted Centroid,Gaussian Fitting,20,-0.2590195460207546,-0.20688372988209222,-0.4381067581709523,-0.09029199635757716,5.008734995499253
10G_phase_asymmetric_px0.5_py0.875,15.0,10.0,31,Intensity-Weighted Centroid,Gaussian Fitting,20,-0.2525737892522474,-0.23847735191120123,-0.34328273761006245,-0.15681046380328287,4.850709997117519
10G_phase_asymmetric_px0.625_py0,15.0,10.0,31,Intensity-Weighted Centroid,Gaussian Fitting,20,-0.45453459894697557,-0.43552549570042065,-0.5387890856074624,-0.36607399372026445,4.967045004013926
10G_phase_asymmetric_px0.625_py0.125,15.0,10.0,31,Intensity-Weighted Centroid,Gaussian Fitting,20,-0.33515214958140027,-0.2952555631342164,-0.45680501279010616,-0.21307526821659603,4.505305009661242
10G_phase_asymmetric_px0.625_py0.25,15.0,10.0,31,Intensity-Weighted Centroid,Gaussian Fitting,20,-0.2656741756537931,-0.25594680110933515,-0.3508771349197662,-0.1786355491457028,4.785925016039982
10G_phase_asymmetric_px0.625_py0.375,15.0,10.0,31,Intensity-Weighted Centroid,Gaussian Fitting,20,-0.24435577927760282,-0.22302907278356382,-0.3097207184782742,-0.1679799754688687,4.5742749876808375
10G_phase_asymmetric_px0.625_py0.5,15.0,10.0,31,Intensity-Weighted Centroid,Gaussian Fitting,20,-0.44762313363661077,-0.4188044370496884,-0.5850596896082094,-0.32476550995018894,4.4559049943927675
10G_phase_asymmetric_px0.625_py0.625,15.0,10.0,31,Intensity-Weighted Centroid,Gaussian Fitting,20,-0.4117093378781279,-0.3960635193582404,-0.5330044743630199,-0.3036447285037637,4.266304988414049
10G_phase_asymmetric_px0.625_py0.75,15.0,10.0,31,Intensity-Weighted Centroid,Gaussian Fitting,20,-0.34945374970295706,-0.32101127891881803,-0.4675563764165672,-0.23790951536940144,4.477785003837198
10G_phase_asymmetric_px0.625_py0.875,15.0,10.0,31,Intensity-Weighted Centroid,Gaussian Fitting,20,-0.2702078818340231,-0.2514712780045383,-0.35251839367359655,-0.18518323987245028,4.676764988107607
10G_phase_asymmetric_px0.75_py0,15.0,10.0,31,Intensity-Weighted Centroid,Gaussian Fitting,20,-0.33339127070339436,-0.2998054759775266,-0.4323959047780987,-0.2175422590776045,4.1530500166118145
10G_phase_asymmetric_px0.75_py0.125,15.0,10.0,31,Intensity-Weighted Centroid,Gaussian Fitting,20,-0.44609316431495866,-0.40878115582746644,-0.5590817080768944,-0.3357618710621129,4.769435030175373
10G_phase_asymmetric_px0.75_py0.25,15.0,10.0,31,Intensity-Weighted Centroid,Gaussian Fitting,20,-0.23215786296982213,-0.21572761953638891,-0.31322008166951665,-0.1481544377677655,4.577315005008131
10G_phase_asymmetric_px0.75_py0.375,15.0,10.0,31,Intensity-Weighted Centroid,Gaussian Fitting,20,-0.26266597473643993,-0.2273159282011826,-0.36224895856838907,-0.15699017148658326,4.289955017156899
10G_phase_asymmetric_px0.75_py0.5,15.0,10.0,31,Intensity-Weighted Centroid,Gaussian Fitting,20,-0.43054863576923474,-0.41318917763266333,-0.538800844201356,-0.3155121720605232,5.0022800045553595
10G_phase_asymmetric_px0.75_py0.625,15.0,10.0,31,Intensity-Weighted Centroid,Gaussian Fitting,20,-0.3864928070071606,-0.3356390862962164,-0.521731425151136,-0.2562653356730217,4.731795017141849
10G_phase_asymmetric_px0.75_py0.75,15.0,10.0,31,Intensity-Weighted Centroid,Gaussian Fitting,20,-0.39401610739478166,-0.31712602974346826,-0.557993805175118,-0.2204526691560255,4.90313500049524
10G_phase_asymmetric_px0.75_py0.875,15.0,10.0,31,Intensity-Weighted Centroid,Gaussian Fitting,20,-0.33370439363640164,-0.29424616478208176,-0.47217576514740495,-0.2074133293922272,4.446660011308268
10G_phase_asymmetric_px0.875_py0,15.0,10.0,31,Intensity-Weighted Centroid,Gaussian Fitting,20,-0.35238137700079336,-0.31355761749371547,-0.4650246335998811,-0.22805471372068642,4.352070007007569
10G_phase_asymmetric_px0.875_py0.125,15.0,10.0,31,Intensity-Weighted Centroid,Gaussian Fitting,20,-0.3292293727664214,-0.2843217278121844,-0.42036064795960276,-0.22924253537194492,4.450400004861876
10G_phase_asymmetric_px0.875_py0.25,15.0,10.0,31,Intensity-Weighted Centroid,Gaussian Fitting,20,-0.27197361920589014,-0.2237466104372316,-0.39843999217750103,-0.14880929360598205,4.763760004425421
10G_phase_asymmetric_px0.875_py0.375,15.0,10.0,31,Intensity-Weighted Centroid,Gaussian Fitting,20,-0.32163025148150914,-0.29247086175035175,-0.41139307462761965,-0.21960547544275974,4.441099992254749
10G_phase_asymmetric_px0.875_py0.5,15.0,10.0,31,Intensity-Weighted Centroid,Gaussian Fitting,20,-0.26332703422155845,-0.25135479848882714,-0.36242231518789636,-0.17032335170753835,4.577799991238862
10G_phase_asymmetric_px0.875_py0.625,15.0,10.0,31,Intensity-Weighted Centroid,Gaussian Fitting,20,-0.3396165066108231,-0.31270921500300985,-0.4294061778756814,-0.23927209589867685,4.7297350014559925
10G_phase_asymmetric_px0.875_py0.75,15.0,10.0,31,Intensity-Weighted Centroid,Gaussian Fitting,20,-0.296173034302945,-0.2426855603142901,-0.4069306441769693,-0.1857156040130523,4.923005006276071
10G_phase_asymmetric_px0.875_py0.875,15.0,10.0,31,Intensity-Weighted Centroid,Gaussian Fitting,20,-0.19383665385277987,-0.17443382615426828,-0.2927293138187689,-0.08622573724106278,4.463080019922927
10G_phase_asymmetric_px0_py0,15.0,10.0,31,Intensity-Weighted Centroid,Gaussian Fitting,20,-0.2742875364594287,-0.20457807935240704,-0.42392417046615205,-0.11181924606662114,4.94237999082543
10G_phase_asymmetric_px0_py0.125,15.0,10.0,31,Intensity-Weighted Centroid,Gaussian Fitting,20,-0.17065151661261668,-0.16577478472687293,-0.24879247026336013,-0.09363288676826369,5.104795005172491
10G_phase_asymmetric_px0_py0.25,15.0,10.0,31,Intensity-Weighted Centroid,Gaussian Fitting,20,-0.3033853306428956,-0.2576746329117899,-0.4278221223324164,-0.1751444167964105,5.284450005274266
10G_phase_asymmetric_px0_py0.375,15.0,10.0,31,Intensity-Weighted Centroid,Gaussian Fitting,20,-0.22839512345792362,-0.19225273619094568,-0.33941648796780544,-0.12317221832726075,4.5792399905622005
10G_phase_asymmetric_px0_py0.5,15.0,10.0,31,Intensity-Weighted Centroid,Gaussian Fitting,20,-0.3378907080808595,-0.2889469358556869,-0.4785907864858742,-0.1950302222367168,4.629610001575202
10G_phase_asymmetric_px0_py0.625,15.0,10.0,31,Intensity-Weighted Centroid,Gaussian Fitting,20,-0.24896748294704357,-0.2220765822578118,-0.36352596695567047,-0.12774261340747597,5.028984998352826
10G_phase_asymmetric_px0_py0.75,15.0,10.0,31,Intensity-Weighted Centroid,Gaussian Fitting,20,-0.2796842287482711,-0.24949961159060013,-0.3687446723216539,-0.1792744126086641,4.772134980885312
10G_phase_asymmetric_px0_py0.875,15.0,10.0,31,Intensity-Weighted Centroid,Gaussian Fitting,20,-0.25373835561533087,-0.20934810686599176,-0.37303973626214865,-0.11666103510162563,5.008859990630299
10G_phase_elliptical_gaussian_px0.125_py0,15.0,10.0,31,Intensity-Weighted Centroid,Gaussian Fitting,20,-0.23925447289936136,-0.22374916415240362,-0.30753514521653774,-0.1704616561472886,5.200665001757443
10G_phase_elliptical_gaussian_px0.125_py0.125,15.0,10.0,31,Intensity-Weighted Centroid,Gaussian Fitting,20,-0.3665649024527782,-0.32029208871517045,-0.47732844934734975,-0.25176238209653945,4.76219502161257
10G_phase_elliptical_gaussian_px0.125_py0.25,15.0,10.0,31,Intensity-Weighted Centroid,Gaussian Fitting,20,-0.3698648625812728,-0.34466016859796783,-0.4558856071303596,-0.27147154809969926,5.42658498743549
10G_phase_elliptical_gaussian_px0.125_py0.375,15.0,10.0,31,Intensity-Weighted Centroid,Gaussian Fitting,20,-0.4627603227056508,-0.40822622242313555,-0.645381105694314,-0.2951336820452098,5.310535000171512
10G_phase_elliptical_gaussian_px0.125_py0.5,15.0,10.0,31,Intensity-Weighted Centroid,Gaussian Fitting,20,-0.3387750168138298,-0.33600875530377283,-0.46683150155915537,-0.21629321007813845,5.415934993652627
10G_phase_elliptical_gaussian_px0.125_py0.625,15.0,10.0,31,Intensity-Weighted Centroid,Gaussian Fitting,20,-0.36469761419349184,-0.35164688384912635,-0.4720510250032142,-0.2514193872476274,5.249965016264468
10G_phase_elliptical_gaussian_px0.125_py0.75,15.0,10.0,31,Intensity-Weighted Centroid,Gaussian Fitting,20,-0.2550487164372467,-0.22015970074089616,-0.37621226280432346,-0.13740735806893614,5.028134991880506
10G_phase_elliptical_gaussian_px0.125_py0.875,15.0,10.0,31,Intensity-Weighted Centroid,Gaussian Fitting,20,-0.25432627436751354,-0.25025603771677646,-0.3411279719073738,-0.1744492074275902,5.383419990539551
10G_phase_elliptical_gaussian_px0.25_py0,15.0,10.0,31,Intensity-Weighted Centroid,Gaussian Fitting,20,-0.31346005054404213,-0.28766903141939937,-0.46046328294935307,-0.19480390893868882,5.345885001588613
10G_phase_elliptical_gaussian_px0.25_py0.125,15.0,10.0,31,Intensity-Weighted Centroid,Gaussian Fitting,20,-0.1996389227679691,-0.1944496900952495,-0.2830212009005597,-0.10277906061197876,5.187360011041164
10G_phase_elliptical_gaussian_px0.25_py0.25,15.0,10.0,31,Intensity-Weighted Centroid,Gaussian Fitting,20,-0.2084120512903961,-0.18800424688840991,-0.30435218066287995,-0.10529424223329205,5.48395499936305
10G_phase_elliptical_gaussian_px0.25_py0.375,15.0,10.0,31,Intensity-Weighted Centroid,Gaussian Fitting,20,-0.40112306622621235,-0.39697182675082576,-0.5102762097945821,-0.2860073396428067,5.416344979312271
10G_phase_elliptical_gaussian_px0.25_py0.5,15.0,10.0,31,Intensity-Weighted Centroid,Gaussian Fitting,20,-0.4117971832852859,-0.33213376352122514,-0.5634757034197919,-0.23670214536048098,5.236945004435256
10G_phase_elliptical_gaussian_px0.25_py0.625,15.0,10.0,31,Intensity-Weighted Centroid,Gaussian Fitting,20,-0.2129957739183173,-0.21731350472092423,-0.2831352832673793,-0.14283148793790265,4.7701349831186235
10G_phase_elliptical_gaussian_px0.25_py0.75,15.0,10.0,31,Intensity-Weighted Centroid,Gaussian Fitting,20,-0.34161588589870595,-0.2744173283099178,-0.4878993417402204,-0.18187821747409724,5.589319986756891
10G_phase_elliptical_gaussian_px0.25_py0.875,15.0,10.0,31,Intensity-Weighted Centroid,Gaussian Fitting,20,-0.3051980806672596,-0.2744566193507614,-0.39182066677258015,-0.211202624582552,4.986750002717599
10G_phase_elliptical_gaussian_px0.375_py0,15.0,10.0,31,Intensity-Weighted Centroid,Gaussian Fitting,20,-0.33078795468055755,-0.3020663645396111,-0.4309387455442048,-0.2164891263411331,5.240205000154674
10G_phase_elliptical_gaussian_px0.375_py0.125,15.0,10.0,31,Intensity-Weighted Centroid,Gaussian Fitting,20,-0.33737629710638173,-0.30314531114259147,-0.4612101735518048,-0.2008927462121829,5.201475007925183
10G_phase_elliptical_gaussian_px0.375_py0.25,15.0,10.0,31,Intensity-Weighted Centroid,Gaussian Fitting,20,-0.2199256716282669,-0.17901665436587189,-0.33789501100567715,-0.10284699094967921,5.094189988449216
10G_phase_elliptical_gaussian_px0.375_py0.375,15.0,10.0,31,Intensity-Weighted Centroid,Gaussian Fitting,20,-0.2640069006872725,-0.2454727146078028,-0.36781314654581954,-0.15740068989869224,5.563160008750856
10G_phase_elliptical_gaussian_px0.375_py0.5,15.0,10.0,31,Intensity-Weighted Centroid,Gaussian Fitting,20,-0.3447681669440957,-0.30295089462737623,-0.4779093811422873,-0.20268467061204,5.32001000829041
10G_phase_elliptical_gaussian_px0.375_py0.625,15.0,10.0,31,Intensity-Weighted Centroid,Gaussian Fitting,20,-0.4105969330582156,-0.3889183135961904,-0.5456906422951232,-0.30098979024024425,5.857644975185394
10G_phase_elliptical_gaussian_px0.375_py0.75,15.0,10.0,31,Intensity-Weighted Centroid,Gaussian Fitting,20,-0.3278363495440063,-0.2799669810601989,-0.4454257746469783,-0.20070846761282748,7.977749995188788
10G_phase_elliptical_gaussian_px0.375_py0.875,15.0,10.0,31,Intensity-Weighted Centroid,Gaussian Fitting,20,-0.18918924208324478,-0.13376160409105853,-0.3348959328290632,-0.04340271634059524,9.074204991338775
10G_phase_elliptical_gaussian_px0.5_py0,15.0,10.0,31,Intensity-Weighted Centroid,Gaussian Fitting,20,-0.366286296478079,-0.3207868795093849,-0.5031992839172158,-0.22649504904022746,6.378194980788976
10G_phase_elliptical_gaussian_px0.5_py0.125,15.0,10.0,31,Intensity-Weighted Centroid,Gaussian Fitting,20,-0.218068321266982,-0.17916900439333144,-0.34199187120793473,-0.08985502325530914,5.573929991805926
10G_phase_elliptical_gaussian_px0.5_py0.25,15.0,10.0,31,Intensity-Weighted Centroid,Gaussian Fitting,20,-0.31742846309929307,-0.2974474942960028,-0.4156224227295204,-0.2145803798207235,5.590514960931614
10G_phase_elliptical_gaussian_px0.5_py0.375,15.0,10.0,31,Intensity-Weighted Centroid,Gaussian Fitting,20,-0.4018134499016448,-0.38992873871683026,-0.5230347651063169,-0.29374162143202864,5.075120006222278
10G_phase_elliptical_gaussian_px0.5_py0.5,15.0,10.0,31,Intensity-Weighted Centroid,Gaussian Fitting,20,-0.4008804268247209,-0.3752817831057036,-0.5020206300186996,-0.30169645101441933,5.622614960884675
10G_phase_elliptical_gaussian_px0.5_py0.625,15.0,10.0,31,Intensity-Weighted Centroid,Gaussian Fitting,20,-0.3660682635938539,-0.3435239495107303,-0.45176073942558626,-0.2799670261426535,5.522865004604682
10G_phase_elliptical_gaussian_px0.5_py0.75,15.0,10.0,31,Intensity-Weighted Centroid,Gaussian Fitting,20,-0.4464871995720459,-0.3747114808557954,-0.5942544051641095,-0.300346277070652,5.200730019714683
10G_phase_elliptical_gaussian_px0.5_py0.875,15.0,10.0,31,Intensity-Weighted Centroid,Gaussian Fitting,20,-0.32420713740426443,-0.28470647989920783,-0.45618099963391806,-0.19494334715181794,5.097409983864054
10G_phase_elliptical_gaussian_px0.625_py0,15.0,10.0,31,Intensity-Weighted Centroid,Gaussian Fitting,20,-0.3468120836859185,-0.31622813264382194,-0.4201736231377537,-0.263519432084542,5.438400007551536
10G_phase_elliptical_gaussian_px0.625_py0.125,15.0,10.0,31,Intensity-Weighted Centroid,Gaussian Fitting,20,-0.2969145367687791,-0.27731597833930055,-0.4114711778584595,-0.1768356762938687,6.843995035160333
10G_phase_elliptical_gaussian_px0.625_py0.25,15.0,10.0,31,Intensity-Weighted Centroid,Gaussian Fitting,20,-0.3976226111677678,-0.3423113561650934,-0.5466075061876366,-0.25607738426140086,5.66276500467211
10G_phase_elliptical_gaussian_px0.625_py0.375,15.0,10.0,31,Intensity-Weighted Centroid,Gaussian Fitting,20,-0.35112462934300404,-0.31377549354199713,-0.46431638973520345,-0.22848253875175767,5.315185006475076
10G_phase_elliptical_gaussian_px0.625_py0.5,15.0,10.0,31,Intensity-Weighted Centroid,Gaussian Fitting,20,-0.383196438198127,-0.36600378508313536,-0.4931021940107282,-0.27944831080834465,5.8830800000578165
10G_phase_elliptical_gaussian_px0.625_py0.625,15.0,10.0,31,Intensity-Weighted Centroid,Gaussian Fitting,20,-0.37343871926617195,-0.3531464296784807,-0.5011041254711592,-0.2513986993028507,6.317944970214739
10G_phase_elliptical_gaussian_px0.625_py0.75,15.0,10.0,31,Intensity-Weighted Centroid,Gaussian Fitting,20,-0.3732208568363982,-0.350772601897077,-0.4803831203640325,-0.26732594324977144,6.207395019009709
10G_phase_elliptical_gaussian_px0.625_py0.875,15.0,10.0,31,Intensity-Weighted Centroid,Gaussian Fitting,20,-0.3005455117776538,-0.26572850218189065,-0.3942622906343552,-0.204328968131221,5.774484982248396
10G_phase_elliptical_gaussian_px0.75_py0,15.0,10.0,31,Intensity-Weighted Centroid,Gaussian Fitting,20,-0.2767652946623433,-0.2710472223546624,-0.3431117356104666,-0.21086849156458626,4.861920018447563
10G_phase_elliptical_gaussian_px0.75_py0.125,15.0,10.0,31,Intensity-Weighted Centroid,Gaussian Fitting,20,-0.24584733743269874,-0.2275362325104526,-0.3290950197914974,-0.1602659958476759,5.119130009552464
10G_phase_elliptical_gaussian_px0.75_py0.25,15.0,10.0,31,Intensity-Weighted Centroid,Gaussian Fitting,20,-0.3605794268020819,-0.34103777495923265,-0.45359963999310615,-0.2691387164355337,5.311099992832169
10G_phase_elliptical_gaussian_px0.75_py0.375,15.0,10.0,31,Intensity-Weighted Centroid,Gaussian Fitting,20,-0.3067299558264016,-0.26732914125331364,-0.42154178394229397,-0.1896562873848093,5.154589982703328
10G_phase_elliptical_gaussian_px0.75_py0.5,15.0,10.0,31,Intensity-Weighted Centroid,Gaussian Fitting,20,-0.3815441155720052,-0.3077737969992248,-0.5427120663093546,-0.2242941511928386,5.065619992092252
10G_phase_elliptical_gaussian_px0.75_py0.625,15.0,10.0,31,Intensity-Weighted Centroid,Gaussian Fitting,20,-0.36831732737634143,-0.3196842352804701,-0.48733207091272723,-0.23432782112393508,5.199600011110306
10G_phase_elliptical_gaussian_px0.75_py0.75,15.0,10.0,31,Intensity-Weighted Centroid,Gaussian Fitting,20,-0.3217174219488045,-0.2808564881170751,-0.44321850122167294,-0.19992316136444335,5.153840011917055
10G_phase_elliptical_gaussian_px0.75_py0.875,15.0,10.0,31,Intensity-Weighted Centroid,Gaussian Fitting,20,-0.2507751609391543,-0.22841027194687022,-0.3668463879474916,-0.13701745677619145,4.678324982523918
10G_phase_elliptical_gaussian_px0.875_py0,15.0,10.0,31,Intensity-Weighted Centroid,Gaussian Fitting,20,-0.33479155217997636,-0.23138352856444433,-0.5350696243959252,-0.11353298322508869,4.866789968218654
10G_phase_elliptical_gaussian_px0.875_py0.125,15.0,10.0,31,Intensity-Weighted Centroid,Gaussian Fitting,20,-0.20696866106084938,-0.1904683628560902,-0.33808902327584195,-0.06754995963373635,4.748839983949438
10G_phase_elliptical_gaussian_px0.875_py0.25,15.0,10.0,31,Intensity-Weighted Centroid,Gaussian Fitting,20,-0.21458329974221385,-0.17030852239007233,-0.3439532665330568,-0.07774079349886129,5.266210006084293
10G_phase_elliptical_gaussian_px0.875_py0.375,15.0,10.0,31,Intensity-Weighted Centroid,Gaussian Fitting,20,-0.32926970538943034,-0.31504352186795903,-0.41674362684042876,-0.2417828401712628,5.373585008783266
10G_phase_elliptical_gaussian_px0.875_py0.5,15.0,10.0,31,Intensity-Weighted Centroid,Gaussian Fitting,20,-0.37936661803720995,-0.3325115846457716,-0.49480302576507945,-0.2452635227045991,5.179450020659715
10G_phase_elliptical_gaussian_px0.875_py0.625,15.0,10.0,31,Intensity-Weighted Centroid,Gaussian Fitting,20,-0.32462829150090433,-0.2943290771510292,-0.44203327977549417,-0.20547690737314062,5.202599999029189
10G_phase_elliptical_gaussian_px0.875_py0.75,15.0,10.0,31,Intensity-Weighted Centroid,Gaussian Fitting,20,-0.2345546378408776,-0.19515199555112087,-0.3416910473781713,-0.1224877073279735,5.747294990578666
10G_phase_elliptical_gaussian_px0.875_py0.875,15.0,10.0,31,Intensity-Weighted Centroid,Gaussian Fitting,20,-0.16270725469535247,-0.131166618525865,-0.26763893217903345,-0.0457691493112772,4.984790022717789
10G_phase_elliptical_gaussian_px0_py0,15.0,10.0,31,Intensity-Weighted Centroid,Gaussian Fitting,20,-0.29029827598568647,-0.2814142558083841,-0.3652360788690035,-0.2104173966670197,5.192749982234091
10G_phase_elliptical_gaussian_px0_py0.125,15.0,10.0,31,Intensity-Weighted Centroid,Gaussian Fitting,20,-0.2418122972284812,-0.2111683063190668,-0.33953588929580664,-0.13079283708290845,5.148814991116524
10G_phase_elliptical_gaussian_px0_py0.25,15.0,10.0,31,Intensity-Weighted Centroid,Gaussian Fitting,20,-0.2373827610903891,-0.21775632704982983,-0.3530478514586616,-0.11279908431416695,5.415584990987554
10G_phase_elliptical_gaussian_px0_py0.375,15.0,10.0,31,Intensity-Weighted Centroid,Gaussian Fitting,20,-0.2969325508617493,-0.2469221283851167,-0.44078224271684235,-0.14208377813444734,4.999834991758689
10G_phase_elliptical_gaussian_px0_py0.5,15.0,10.0,31,Intensity-Weighted Centroid,Gaussian Fitting,20,-0.3450411346180853,-0.30917168427333874,-0.43409030381525565,-0.24380043219803268,4.8673199955374
10G_phase_elliptical_gaussian_px0_py0.625,15.0,10.0,31,Intensity-Weighted Centroid,Gaussian Fitting,20,-0.21973655432587968,-0.20533513038547227,-0.3166026647966065,-0.13308808188014862,5.220115021802485
10G_phase_elliptical_gaussian_px0_py0.75,15.0,10.0,31,Intensity-Weighted Centroid,Gaussian Fitting,20,-0.22132084132256158,-0.2048986317993433,-0.3271757968920773,-0.10834436235756238,5.2758999925572425
10G_phase_elliptical_gaussian_px0_py0.875,15.0,10.0,31,Intensity-Weighted Centroid,Gaussian Fitting,20,-0.3525958166638212,-0.3239427733799751,-0.47918262992726207,-0.23198636453301735,5.152039986569434
10G_phase_gaussian_px0.125_py0,15.0,10.0,31,Intensity-Weighted Centroid,Gaussian Fitting,20,-0.2540152502317752,-0.23923884704303616,-0.3782237153447697,-0.13871972065116397,5.1634399918839335
10G_phase_gaussian_px0.125_py0.125,15.0,10.0,31,Intensity-Weighted Centroid,Gaussian Fitting,20,-0.24234123776305347,-0.19233588098466298,-0.3700850389798038,-0.10344157507302246,5.00177500071004
10G_phase_gaussian_px0.125_py0.25,15.0,10.0,31,Intensity-Weighted Centroid,Gaussian Fitting,20,-0.31091948540383596,-0.266014412516562,-0.4382694933616011,-0.17155680430624662,4.8603099887259305
10G_phase_gaussian_px0.125_py0.375,15.0,10.0,31,Intensity-Weighted Centroid,Gaussian Fitting,20,-0.2778264990287379,-0.25373477806313777,-0.3463854294712814,-0.20329358591344748,4.93076000129804
10G_phase_gaussian_px0.125_py0.5,15.0,10.0,31,Intensity-Weighted Centroid,Gaussian Fitting,20,-0.3859827501007367,-0.355576351972921,-0.4857943455011745,-0.2814485297971066,4.894285020418465
10G_phase_gaussian_px0.125_py0.625,15.0,10.0,31,Intensity-Weighted Centroid,Gaussian Fitting,20,-0.2708853077601734,-0.2079133810047698,-0.4038501532386013,-0.12184846074748808,5.52979001076892
10G_phase_gaussian_px0.125_py0.75,15.0,10.0,31,Intensity-Weighted Centroid,Gaussian Fitting,20,-0.3303048748084815,-0.26693576845164235,-0.49476696782700413,-0.16898735497735015,5.453874991508201
10G_phase_gaussian_px0.125_py0.875,15.0,10.0,31,Intensity-Weighted Centroid,Gaussian Fitting,20,-0.3222596234268582,-0.29996241532443313,-0.42866244840219764,-0.2064154652908492,4.86802498344332
10G_phase_gaussian_px0.25_py0,15.0,10.0,31,Intensity-Weighted Centroid,Gaussian Fitting,20,-0.24293520041320898,-0.21865481949054902,-0.34251449183987936,-0.14267173257793828,4.606254998361692
10G_phase_gaussian_px0.25_py0.125,15.0,10.0,31,Intensity-Weighted Centroid,Gaussian Fitting,20,-0.2096313310074086,-0.18320821824814593,-0.3093789713769859,-0.1060910914382109,5.027100013103336
10G_phase_gaussian_px0.25_py0.25,15.0,10.0,31,Intensity-Weighted Centroid,Gaussian Fitting,20,-0.2934855587258982,-0.27225715926201655,-0.4034072392164995,-0.18179296170554413,5.057375004980713
10G_phase_gaussian_px0.25_py0.375,15.0,10.0,31,Intensity-Weighted Centroid,Gaussian Fitting,20,-0.3457953098520234,-0.33309498801040666,-0.4644223844505652,-0.24015597274158892,4.302655003266409
10G_phase_gaussian_px0.25_py0.5,15.0,10.0,31,Intensity-Weighted Centroid,Gaussian Fitting,20,-0.35363360246794506,-0.3223836617995031,-0.4489532431337125,-0.25064163831799546,4.7985350247472525
10G_phase_gaussian_px0.25_py0.625,15.0,10.0,31,Intensity-Weighted Centroid,Gaussian Fitting,20,-0.38231059697174447,-0.31359568860673365,-0.5201860050174927,-0.24239766075500035,5.1097499672323465
10G_phase_gaussian_px0.25_py0.75,15.0,10.0,31,Intensity-Weighted Centroid,Gaussian Fitting,20,-0.31258677427593135,-0.2764135348708859,-0.40618622476135097,-0.20841119647148199,4.932684998493642
10G_phase_gaussian_px0.25_py0.875,15.0,10.0,31,Intensity-Weighted Centroid,Gaussian Fitting,20,-0.35616710949468977,-0.32944278560312984,-0.45597657283625853,-0.24649074241973432,4.609339992748573
10G_phase_gaussian_px0.375_py0,15.0,10.0,31,Intensity-Weighted Centroid,Gaussian Fitting,20,-0.3134036608452804,-0.2745739489562593,-0.43370910942327334,-0.18477562525696972,5.486519989790395
10G_phase_gaussian_px0.375_py0.125,15.0,10.0,31,Intensity-Weighted Centroid,Gaussian Fitting,20,-0.29439565157729897,-0.25654547193451327,-0.41739784122287665,-0.17022691801985812,5.11089998180978
10G_phase_gaussian_px0.375_py0.25,15.0,10.0,31,Intensity-Weighted Centroid,Gaussian Fitting,20,-0.4069369308772284,-0.3418890640158057,-0.5556687046362004,-0.2503829523784638,4.9796999781392515
10G_phase_gaussian_px0.375_py0.375,15.0,10.0,31,Intensity-Weighted Centroid,Gaussian Fitting,20,-0.44029900632468466,-0.4042552412160628,-0.541233753304886,-0.33356043570860183,5.100384977413341
10G_phase_gaussian_px0.375_py0.5,15.0,10.0,31,Intensity-Weighted Centroid,Gaussian Fitting,20,-0.5535873036815009,-0.4907389225083977,-0.7234089635640135,-0.386378988405903,4.685324995080009
10G_phase_gaussian_px0.375_py0.625,15.0,10.0,31,Intensity-Weighted Centroid,Gaussian Fitting,20,-0.38642023683963156,-0.35973066718930646,-0.49136852173642454,-0.2665268742499282,5.406360002234578
10G_phase_gaussian_px0.375_py0.75,15.0,10.0,31,Intensity-Weighted Centroid,Gaussian Fitting,20,-0.3948173633590728,-0.3284614528805507,-0.5831621166055645,-0.22826438480565336,5.756785010453314
10G_phase_gaussian_px0.375_py0.875,15.0,10.0,31,Intensity-Weighted Centroid,Gaussian Fitting,20,-0.3713373679533214,-0.341809894206824,-0.4989055686383403,-0.2446151348164833,5.376669991528615
10G_phase_gaussian_px0.5_py0,15.0,10.0,31,Intensity-Weighted Centroid,Gaussian Fitting,20,-0.35187779590365575,-0.30150915757633356,-0.4662982931217813,-0.22104528327815495,5.22964998963289
10G_phase_gaussian_px0.5_py0.125,15.0,10.0,31,Intensity-Weighted Centroid,Gaussian Fitting,20,-0.4384470488268877,-0.3576648019918249,-0.6108474365645603,-0.2586654004650437,4.992560006212443
10G_phase_gaussian_px0.5_py0.25,15.0,10.0,31,Intensity-Weighted Centroid,Gaussian Fitting,20,-0.5150719706376908,-0.4888889673146283,-0.6895723377059233,-0.35864540272547857,5.146060005063191
10G_phase_gaussian_px0.5_py0.375,15.0,10.0,31,Intensity-Weighted Centroid,Gaussian Fitting,20,-0.3915313826683938,-0.3652489423416546,-0.5180808300186706,-0.26783748162333965,5.477985041216016
10G_phase_gaussian_px0.5_py0.5,15.0,10.0,31,Intensity-Weighted Centroid,Gaussian Fitting,20,-0.43787915105382713,-0.40092787757399684,-0.5621836089784478,-0.3088685298547446,4.731089994311333
10G_phase_gaussian_px0.5_py0.625,15.0,10.0,31,Intensity-Weighted Centroid,Gaussian Fitting,20,-0.44244585182769813,-0.41018919164826384,-0.5498110171590382,-0.32601286126332996,5.348444962874055
10G_phase_gaussian_px0.5_py0.75,15.0,10.0,31,Intensity-Weighted Centroid,Gaussian Fitting,20,-0.43320136626289074,-0.3917961805835542,-0.564910573276064,-0.2987760522396988,5.291264993138611
10G_phase_gaussian_px0.5_py0.875,15.0,10.0,31,Intensity-Weighted Centroid,Gaussian Fitting,20,-0.4124869025331483,-0.35062973649625795,-0.570492935316659,-0.24521453778053498,5.150770006002858
10G_phase_gaussian_px0.625_py0,15.0,10.0,31,Intensity-Weighted Centroid,Gaussian Fitting,20,-0.3619406829644519,-0.30741704795996694,-0.4811362460539371,-0.23330029363865287,5.120625009294599
10G_phase_gaussian_px0.625_py0.125,15.0,10.0,31,Intensity-Weighted Centroid,Gaussian Fitting,20,-0.36170140492701636,-0.3257359220522589,-0.474103543580465,-0.24834945666488,5.162104993360117
10G_phase_gaussian_px0.625_py0.25,15.0,10.0,31,Intensity-Weighted Centroid,Gaussian Fitting,20,-0.36930882833738277,-0.3157938018875535,-0.47320983667343486,-0.24990508834293268,5.529770004795864
10G_phase_gaussian_px0.625_py0.375,15.0,10.0,31,Intensity-Weighted Centroid,Gaussian Fitting,20,-0.3487750991119994,-0.29667450507283205,-0.4643889156844964,-0.21407900911643102,5.073350004386157
10G_phase_gaussian_px0.625_py0.5,15.0,10.0,31,Intensity-Weighted Centroid,Gaussian Fitting,20,-0.5307133138960712,-0.46820372793937687,-0.689251245702074,-0.3685993040807403,4.582995007513091
10G_phase_gaussian_px0.625_py0.625,15.0,10.0,31,Intensity-Weighted Centroid,Gaussian Fitting,20,-0.4859733935024846,-0.44892569823025597,-0.6227249109247348,-0.36017679443569234,5.9695999952964485
10G_phase_gaussian_px0.625_py0.75,15.0,10.0,31,Intensity-Weighted Centroid,Gaussian Fitting,20,-0.38981069454445394,-0.3677661301783726,-0.4918518493122519,-0.2811912859588623,5.690995015902445
10G_phase_gaussian_px0.625_py0.875,15.0,10.0,31,Intensity-Weighted Centroid,Gaussian Fitting,20,-0.4350304389042266,-0.40096682587975563,-0.5624614258184326,-0.3034697886315659,5.306445003952831
10G_phase_gaussian_px0.75_py0,15.0,10.0,31,Intensity-Weighted Centroid,Gaussian Fitting,20,-0.2693377259774152,-0.24265218802893096,-0.3948058508142867,-0.1327368283330327,5.5811600119341165
10G_phase_gaussian_px0.75_py0.125,15.0,10.0,31,Intensity-Weighted Centroid,Gaussian Fitting,20,-0.3535506000825074,-0.3285999253127857,-0.4485122365383071,-0.25611275252211935,5.6417099898681045
10G_phase_gaussian_px0.75_py0.25,15.0,10.0,31,Intensity-Weighted Centroid,Gaussian Fitting,20,-0.40383100677489425,-0.3931718540325432,-0.5074314380942123,-0.30565895861109527,5.004529992584139
10G_phase_gaussian_px0.75_py0.375,15.0,10.0,31,Intensity-Weighted Centroid,Gaussian Fitting,20,-0.4789918181392261,-0.4379651237159934,-0.6356823918716005,-0.3382349258099631,4.954545013606548
10G_phase_gaussian_px0.75_py0.5,15.0,10.0,31,Intensity-Weighted Centroid,Gaussian Fitting,20,-0.3259565466914369,-0.3018806172244786,-0.45614673825024266,-0.1970304559397312,5.158639990258962
10G_phase_gaussian_px0.75_py0.625,15.0,10.0,31,Intensity-Weighted Centroid,Gaussian Fitting,20,-0.5209115948679027,-0.46033138647760197,-0.6695070531343833,-0.3707144231015239,6.050075020175427
10G_phase_gaussian_px0.75_py0.75,15.0,10.0,31,Intensity-Weighted Centroid,Gaussian Fitting,20,-0.3972131999518691,-0.36355782771145306,-0.48816037479134483,-0.2920482518188059,5.737124988809228
10G_phase_gaussian_px0.75_py0.875,15.0,10.0,31,Intensity-Weighted Centroid,Gaussian Fitting,20,-0.46403370994868437,-0.41942675007372454,-0.5734842495287019,-0.3552614815558141,5.308599997079
10G_phase_gaussian_px0.875_py0,15.0,10.0,31,Intensity-Weighted Centroid,Gaussian Fitting,20,-0.24162977261323865,-0.21013084417352015,-0.35769990648914113,-0.12686166766062784,5.236704996787012
10G_phase_gaussian_px0.875_py0.125,15.0,10.0,31,Intensity-Weighted Centroid,Gaussian Fitting,20,-0.3258016969389238,-0.29153308630968977,-0.4401467442269988,-0.21036781369846158,5.252079997444525
10G_phase_gaussian_px0.875_py0.25,15.0,10.0,31,Intensity-Weighted Centroid,Gaussian Fitting,20,-0.24072767908545484,-0.21995891476701443,-0.3444097460292011,-0.13917553256528925,5.102475016610697
10G_phase_gaussian_px0.875_py0.375,15.0,10.0,31,Intensity-Weighted Centroid,Gaussian Fitting,20,-0.3262739201581848,-0.29553702810449173,-0.4374791402437408,-0.2125700532133345,5.520210013492033
10G_phase_gaussian_px0.875_py0.5,15.0,10.0,31,Intensity-Weighted Centroid,Gaussian Fitting,20,-0.43186354353212264,-0.3660410552472515,-0.5545737482639633,-0.297488147653777,5.042984982719645
10G_phase_gaussian_px0.875_py0.625,15.0,10.0,31,Intensity-Weighted Centroid,Gaussian Fitting,20,-0.48760328563538213,-0.4377821190103553,-0.6033448757332692,-0.3615238194419051,5.671844980679452
10G_phase_gaussian_px0.875_py0.75,15.0,10.0,31,Intensity-Weighted Centroid,Gaussian Fitting,20,-0.3666110398259004,-0.3321843256221604,-0.4882715762158996,-0.23502731377776126,5.106295016594231
10G_phase_gaussian_px0.875_py0.875,15.0,10.0,31,Intensity-Weighted Centroid,Gaussian Fitting,20,-0.2584052404657927,-0.2383955801055277,-0.3580039577264749,-0.1521794857818639,5.455110018374398
10G_phase_gaussian_px0_py0,15.0,10.0,31,Intensity-Weighted Centroid,Gaussian Fitting,20,-0.29645785627826604,-0.2536234959023608,-0.42629350912175523,-0.16864929373539483,5.118640017462894
10G_phase_gaussian_px0_py0.125,15.0,10.0,31,Intensity-Weighted Centroid,Gaussian Fitting,20,-0.3584142456492889,-0.3281529241327453,-0.4689692468330684,-0.24236753831418772,5.3832100064028054
10G_phase_gaussian_px0_py0.25,15.0,10.0,31,Intensity-Weighted Centroid,Gaussian Fitting,20,-0.46339259556280865,-0.42183486234781176,-0.5864989099538276,-0.3363889996854409,4.638720024377108
10G_phase_gaussian_px0_py0.375,15.0,10.0,31,Intensity-Weighted Centroid,Gaussian Fitting,20,-0.3621676032663122,-0.30931833577169865,-0.4807370118156496,-0.23067146479398298,4.6844700002111495
10G_phase_gaussian_px0_py0.5,15.0,10.0,31,Intensity-Weighted Centroid,Gaussian Fitting,20,-0.38561083895970094,-0.3408629290011337,-0.512253125158741,-0.24252490165779977,5.201595020480454
10G_phase_gaussian_px0_py0.625,15.0,10.0,31,Intensity-Weighted Centroid,Gaussian Fitting,20,-0.35104133051312825,-0.3100376596070332,-0.45196742353612457,-0.2443060902180334,5.712210002820939
10G_phase_gaussian_px0_py0.75,15.0,10.0,31,Intensity-Weighted Centroid,Gaussian Fitting,20,-0.31006836145439964,-0.26242703137979206,-0.422979503559596,-0.1829565329702113,5.188899993663654
10G_phase_gaussian_px0_py0.875,15.0,10.0,31,Intensity-Weighted Centroid,Gaussian Fitting,20,-0.34349871512985886,-0.27028258098095503,-0.5640593111495078,-0.15698028167635814,5.650164978578687
10A_matched_gaussian,15.0,10.0,31,Intensity-Weighted Centroid,PSF-Aware Fitting,50,-0.4319688419189117,-0.38906548919691236,-0.5034203837431099,-0.3572317989260078,3.479198010172695
10B_elliptical_r_1.25_theta_0,15.0,10.0,31,Intensity-Weighted Centroid,PSF-Aware Fitting,50,-0.3758774242122408,-0.3439502642986706,-0.45425741478132176,-0.29817868394948954,3.9758999994955957
10B_elliptical_r_1.25_theta_45,15.0,10.0,31,Intensity-Weighted Centroid,PSF-Aware Fitting,50,-0.32135971874541025,-0.27875689041210866,-0.404990425247364,-0.2373308990559322,3.9940520212985575
10B_elliptical_r_1.5_theta_0,15.0,10.0,31,Intensity-Weighted Centroid,PSF-Aware Fitting,50,-0.28816580328266417,-0.24886561300348065,-0.36366035855211865,-0.2140630295023404,3.8268340146169066
10B_elliptical_r_1.5_theta_45,15.0,10.0,31,Intensity-Weighted Centroid,PSF-Aware Fitting,50,-0.35078673335579,-0.2969638716096161,-0.43992926524023124,-0.26240415598153993,4.124612000305206
10B_elliptical_r_1_theta_0,15.0,10.0,31,Intensity-Weighted Centroid,PSF-Aware Fitting,50,-0.3921395327035521,-0.364107983385624,-0.45870726497179615,-0.3302396076575,4.440503984224051
10B_elliptical_r_1_theta_45,15.0,10.0,31,Intensity-Weighted Centroid,PSF-Aware Fitting,50,-0.3801949248503879,-0.33906215826125297,-0.4707791228137927,-0.28983588958130474,4.0201739920303226
10B_elliptical_r_2_theta_0,15.0,10.0,31,Intensity-Weighted Centroid,PSF-Aware Fitting,50,-0.3341843810603655,-0.2927530707530968,-0.402491697919706,-0.25446982137783203,4.015022008679807
10B_elliptical_r_2_theta_45,15.0,10.0,31,Intensity-Weighted Centroid,PSF-Aware Fitting,50,-0.2025302310476856,-0.1928167916323871,-0.28393871528173514,-0.12873497816623292,3.952530010137707
10C_asymmetric_alpha_0,15.0,10.0,31,Intensity-Weighted Centroid,PSF-Aware Fitting,50,-0.39971626268263555,-0.3604120406393212,-0.47709824720028277,-0.3165274390710761,4.481910010799766
10C_asymmetric_alpha_0.1,15.0,10.0,31,Intensity-Weighted Centroid,PSF-Aware Fitting,50,-0.3638842423812473,-0.32343389532410044,-0.4443381489662887,-0.28391296525717014,4.23899999121204
10C_asymmetric_alpha_0.2,15.0,10.0,31,Intensity-Weighted Centroid,PSF-Aware Fitting,50,-0.37473401078576396,-0.33134382887534675,-0.44695714867762354,-0.29883340079122694,4.066606017295271
10C_asymmetric_alpha_0.3,15.0,10.0,31,Intensity-Weighted Centroid,PSF-Aware Fitting,50,-0.39597492073376295,-0.3640231729049891,-0.4603063713165816,-0.3366990127770029,4.133877998683602
10D_defocused_sig_0.5px,15.0,10.0,31,Intensity-Weighted Centroid,PSF-Aware Fitting,50,-0.3984737203525641,-0.35256726059406196,-0.47955640990977666,-0.31682685756575385,3.365256004035473
10D_defocused_sig_0px,15.0,10.0,31,Intensity-Weighted Centroid,PSF-Aware Fitting,50,-0.40314173132722897,-0.3709467172054068,-0.46791516954785534,-0.33485834369008655,3.4938519913703203
10D_defocused_sig_1px,15.0,10.0,31,Intensity-Weighted Centroid,PSF-Aware Fitting,50,-0.35625492588455165,-0.3131266059012655,-0.4440032326915523,-0.26379025779571036,3.5483159916475415
10D_defocused_sig_2px,15.0,10.0,31,Intensity-Weighted Centroid,PSF-Aware Fitting,50,-0.29726793114384953,-0.25582553006602293,-0.3777608634312529,-0.2175325460475621,3.4643979859538376
10E_aberrated_astigmatism_w_0.1,15.0,10.0,31,Intensity-Weighted Centroid,PSF-Aware Fitting,50,-0.3356241886926108,-0.30554650043966997,-0.4084804213895175,-0.26380029037830144,3.9287400152534246
10E_aberrated_coma_w_0,15.0,10.0,31,Intensity-Weighted Centroid,PSF-Aware Fitting,50,-0.3039562955357762,-0.257847363237516,-0.3801066774912685,-0.22896061370825582,3.8726940006017685
10E_aberrated_coma_w_0.05,15.0,10.0,31,Intensity-Weighted Centroid,PSF-Aware Fitting,50,-0.4481972348838329,-0.4114834454328793,-0.5187881092071849,-0.37698944376891463,3.7678539915941656
10E_aberrated_coma_w_0.1,15.0,10.0,31,Intensity-Weighted Centroid,PSF-Aware Fitting,50,-0.371601912616513,-0.3332855416644781,-0.4436391081949106,-0.2956693716136368,3.748220002744347
10E_aberrated_coma_w_0.2,15.0,10.0,31,Intensity-Weighted Centroid,PSF-Aware Fitting,50,-0.4279902368755992,-0.40211874469072106,-0.5037238086821677,-0.357384055713698,3.6399319977499545
10F_snr_asymmetric_snr_0dB,0.0,10.0,31,Intensity-Weighted Centroid,PSF-Aware Fitting,50,0.44361380322740696,0.2941622678160698,0.14353848317742798,0.8309211734554567,7.248648006934673
10F_snr_asymmetric_snr_10dB,10.0,10.0,31,Intensity-Weighted Centroid,PSF-Aware Fitting,50,-0.39199553053982567,-0.3502982543147834,-0.485754874729131,-0.3017845633590662,4.634805982932448
10F_snr_asymmetric_snr_15dB,15.0,10.0,31,Intensity-Weighted Centroid,PSF-Aware Fitting,50,-0.41860595468678685,-0.3727806459690775,-0.49261082694875297,-0.3373915160841784,4.31744999717921
10F_snr_asymmetric_snr_20dB,20.0,10.0,31,Intensity-Weighted Centroid,PSF-Aware Fitting,50,-0.3545168134683437,-0.3099467202626576,-0.41964135326215707,-0.28671177591318564,3.952550005633384
10F_snr_asymmetric_snr_25dB,25.0,10.0,31,Intensity-Weighted Centroid,PSF-Aware Fitting,50,-0.2746420500870924,-0.2391946994117441,-0.31621984408455805,-0.23037431593024268,3.872488015331328
10F_snr_asymmetric_snr_30dB,30.0,10.0,31,Intensity-Weighted Centroid,PSF-Aware Fitting,50,-0.20933656614917018,-0.18888670990465592,-0.2391468492903298,-0.17873705678120871,3.5228880075737834
10F_snr_asymmetric_snr_3dB,3.0,10.0,31,Intensity-Weighted Centroid,PSF-Aware Fitting,50,-0.024723421706360216,-0.016692116661917944,-0.18412705804760274,0.1282802313919579,5.3622400015592575
10F_snr_asymmetric_snr_5dB,5.0,10.0,31,Intensity-Weighted Centroid,PSF-Aware Fitting,50,-0.16621765564559232,-0.13571532344951331,-0.2697688178746632,-0.05898448077182395,5.0007680198177695
10F_snr_asymmetric_snr_7dB,7.0,10.0,31,Intensity-Weighted Centroid,PSF-Aware Fitting,50,-0.28640189971055907,-0.2694356026777109,-0.40182036266199983,-0.15881556726519042,4.725951999425888
10F_snr_defocused_snr_0dB,0.0,10.0,31,Intensity-Weighted Centroid,PSF-Aware Fitting,50,0.5568081771822974,0.4431116458925939,0.3439292021369431,0.7619970674259321,5.808748004492372
10F_snr_defocused_snr_10dB,10.0,10.0,31,Intensity-Weighted Centroid,PSF-Aware Fitting,50,-0.3355287939763329,-0.29718801361343405,-0.4441638145733835,-0.2293250522992503,3.7851059902459383
10F_snr_defocused_snr_15dB,15.0,10.0,31,Intensity-Weighted Centroid,PSF-Aware Fitting,50,-0.4241003494796468,-0.3891840102393296,-0.505073137136561,-0.34167461074354816,3.432136010378599
10F_snr_defocused_snr_20dB,20.0,10.0,31,Intensity-Weighted Centroid,PSF-Aware Fitting,50,-0.31713830437432006,-0.2929428002805152,-0.37921221797585797,-0.2569035484588668,3.173264004290104
10F_snr_defocused_snr_25dB,25.0,10.0,31,Intensity-Weighted Centroid,PSF-Aware Fitting,50,-0.24208065079690588,-0.21621076530537042,-0.2910458919921833,-0.19704570539426047,3.0432480107992887
10F_snr_defocused_snr_30dB,30.0,10.0,31,Intensity-Weighted Centroid,PSF-Aware Fitting,50,-0.147219402948467,-0.1292200868676901,-0.17227667591463539,-0.12031814158782782,3.085680000949651
10F_snr_defocused_snr_3dB,3.0,10.0,31,Intensity-Weighted Centroid,PSF-Aware Fitting,50,0.19328231709945232,0.14876764074183046,0.0379487759162662,0.33903547833726566,4.792422009631991
10F_snr_defocused_snr_5dB,5.0,10.0,31,Intensity-Weighted Centroid,PSF-Aware Fitting,50,-0.056125205044140536,-0.11410502901105368,-0.2373004817613682,0.12105621736937885,4.076624014414847
10F_snr_defocused_snr_7dB,7.0,10.0,31,Intensity-Weighted Centroid,PSF-Aware Fitting,50,-0.05149111944138263,-0.019336730890541,-0.166656352628183,0.052888228471105275,4.065862002316862
10F_snr_elliptical_gaussian_snr_0dB,0.0,10.0,31,Intensity-Weighted Centroid,PSF-Aware Fitting,50,1.1240103733693467,0.6754807355844824,0.5015047538265406,1.7067110682379454,6.9246160122565925
10F_snr_elliptical_gaussian_snr_10dB,10.0,10.0,31,Intensity-Weighted Centroid,PSF-Aware Fitting,50,-0.29625485057983925,-0.2819068168976968,-0.42036120368200935,-0.18345558608685977,4.353680002968758
10F_snr_elliptical_gaussian_snr_15dB,15.0,10.0,31,Intensity-Weighted Centroid,PSF-Aware Fitting,50,-0.38727113761298537,-0.34584053331797243,-0.47934718175316177,-0.2974616735170538,3.7891639885492623
10F_snr_elliptical_gaussian_snr_20dB,20.0,10.0,31,Intensity-Weighted Centroid,PSF-Aware Fitting,50,-0.2964898869586714,-0.27444634607936125,-0.34272238737405053,-0.24880720529552494,3.8391980063170195
10F_snr_elliptical_gaussian_snr_25dB,25.0,10.0,31,Intensity-Weighted Centroid,PSF-Aware Fitting,50,-0.20143091287269366,-0.18157633494143297,-0.24037218636226365,-0.16415621944451453,3.589622008148581
10F_snr_elliptical_gaussian_snr_30dB,30.0,10.0,31,Intensity-Weighted Centroid,PSF-Aware Fitting,50,-0.14471040299462373,-0.13345270423015934,-0.1652929521060388,-0.12412763457447432,3.554038016591221
10F_snr_elliptical_gaussian_snr_3dB,3.0,10.0,31,Intensity-Weighted Centroid,PSF-Aware Fitting,50,0.0557700321721013,0.04255955114984056,-0.12697669925111382,0.22183005268305517,4.650760006625205
10F_snr_elliptical_gaussian_snr_5dB,5.0,10.0,31,Intensity-Weighted Centroid,PSF-Aware Fitting,50,0.17075550263964434,0.10112120619917486,-0.07614001594848126,0.4277218909506036,5.132730007171631
10F_snr_elliptical_gaussian_snr_7dB,7.0,10.0,31,Intensity-Weighted Centroid,PSF-Aware Fitting,50,-0.1744207152516699,-0.17344532189304118,-0.2943042518511277,-0.041725938881710084,4.595381987746805
10F_snr_gaussian_snr_0dB,0.0,10.0,31,Intensity-Weighted Centroid,PSF-Aware Fitting,50,0.5499036174542882,0.3977953249525745,0.28414303498017157,0.8216621551777284,5.776810001116246
10F_snr_gaussian_snr_10dB,10.0,10.0,31,Intensity-Weighted Centroid,PSF-Aware Fitting,50,-0.36252235225261753,-0.322207299167764,-0.46276260786439116,-0.2640160781960879,4.103834009729326
10F_snr_gaussian_snr_15dB,15.0,10.0,31,Intensity-Weighted Centroid,PSF-Aware Fitting,50,-0.34543734765383416,-0.30712494710786176,-0.42323214999568737,-0.2696892695413394,3.3952380041591823
10F_snr_gaussian_snr_20dB,20.0,10.0,31,Intensity-Weighted Centroid,PSF-Aware Fitting,50,-0.3561079410632559,-0.30794855337893695,-0.4335387056218296,-0.28274758663147853,3.452019989490509
10F_snr_gaussian_snr_25dB,25.0,10.0,31,Intensity-Weighted Centroid,PSF-Aware Fitting,50,-0.2841107664204036,-0.25726827928224777,-0.3294216454615988,-0.23794417441863328,3.160355999134481
10F_snr_gaussian_snr_30dB,30.0,10.0,31,Intensity-Weighted Centroid,PSF-Aware Fitting,50,-0.22690038351879327,-0.20431435482287105,-0.2623692759761179,-0.19141348886406398,3.066135987173766
10F_snr_gaussian_snr_3dB,3.0,10.0,31,Intensity-Weighted Centroid,PSF-Aware Fitting,50,0.2832213884830542,0.23633710068547553,0.11717816405020844,0.4485508758754336,5.837224007118493
10F_snr_gaussian_snr_5dB,5.0,10.0,31,Intensity-Weighted Centroid,PSF-Aware Fitting,50,-0.09900855281456389,-0.11738544288253727,-0.24455006359343706,0.05020121834349549,4.699683994986117
10F_snr_gaussian_snr_7dB,7.0,10.0,31,Intensity-Weighted Centroid,PSF-Aware Fitting,50,-0.2048948876218289,-0.1902315909322595,-0.33328796398235483,-0.07786255692026445,4.152145988773555
10G_phase_asymmetric_px0.125_py0,15.0,10.0,31,Intensity-Weighted Centroid,PSF-Aware Fitting,20,-0.30426497230463456,-0.27363520051397155,-0.3953016356115851,-0.21507171071546038,4.229659988777712
10G_phase_asymmetric_px0.125_py0.125,15.0,10.0,31,Intensity-Weighted Centroid,PSF-Aware Fitting,20,-0.1974399954970827,-0.16989200841367985,-0.30184400046396087,-0.08353329656531316,3.8209650258067995
10G_phase_asymmetric_px0.125_py0.25,15.0,10.0,31,Intensity-Weighted Centroid,PSF-Aware Fitting,20,-0.3925798345279539,-0.3593550832600503,-0.4887895778143589,-0.296106389797109,4.012249986408278
10G_phase_asymmetric_px0.125_py0.375,15.0,10.0,31,Intensity-Weighted Centroid,PSF-Aware Fitting,20,-0.5243670850501243,-0.47815319215850716,-0.6601468838771141,-0.38983194551753847,3.6029100010637194
10G_phase_asymmetric_px0.125_py0.5,15.0,10.0,31,Intensity-Weighted Centroid,PSF-Aware Fitting,20,-0.43117638617171006,-0.39721456644824127,-0.5419843575545673,-0.3135806019337725,3.323764994274825
10G_phase_asymmetric_px0.125_py0.625,15.0,10.0,31,Intensity-Weighted Centroid,PSF-Aware Fitting,20,-0.3822493092623567,-0.3298935345319769,-0.5118500341549224,-0.25803297815133736,4.151139984605834
10G_phase_asymmetric_px0.125_py0.75,15.0,10.0,31,Intensity-Weighted Centroid,PSF-Aware Fitting,20,-0.386288885746181,-0.3814973151788333,-0.48029170464252713,-0.29528329235419576,3.8965150073636323
10G_phase_asymmetric_px0.125_py0.875,15.0,10.0,31,Intensity-Weighted Centroid,PSF-Aware Fitting,20,-0.29748351578233934,-0.2533295738979898,-0.4092602107830586,-0.1663243275624298,3.870870015816763
10G_phase_asymmetric_px0.25_py0,15.0,10.0,31,Intensity-Weighted Centroid,PSF-Aware Fitting,20,-0.3548298277448175,-0.28884720403723585,-0.5047527246168744,-0.2145096845023821,3.622745000757277
10G_phase_asymmetric_px0.25_py0.125,15.0,10.0,31,Intensity-Weighted Centroid,PSF-Aware Fitting,20,-0.31898140828492316,-0.2938970044836335,-0.411228886790451,-0.22092360203002256,3.5958000167738646
10G_phase_asymmetric_px0.25_py0.25,15.0,10.0,31,Intensity-Weighted Centroid,PSF-Aware Fitting,20,-0.2892181767541521,-0.2525609424138274,-0.3923793742868526,-0.17644612200126947,3.484665008727461
10G_phase_asymmetric_px0.25_py0.375,15.0,10.0,31,Intensity-Weighted Centroid,PSF-Aware Fitting,20,-0.33263737230043194,-0.2986842351773446,-0.43321409053104465,-0.2402427187534198,3.471325000282377
10G_phase_asymmetric_px0.25_py0.5,15.0,10.0,31,Intensity-Weighted Centroid,PSF-Aware Fitting,20,-0.4511492411507841,-0.4321876927288981,-0.5296229134771547,-0.36651515252697997,3.2964249840006232
10G_phase_asymmetric_px0.25_py0.625,15.0,10.0,31,Intensity-Weighted Centroid,PSF-Aware Fitting,20,-0.45289562887056956,-0.36821612089905037,-0.6032733550639329,-0.2901239487713539,3.545840020524338
10G_phase_asymmetric_px0.25_py0.75,15.0,10.0,31,Intensity-Weighted Centroid,PSF-Aware Fitting,20,-0.2738401574924827,-0.2503204132286251,-0.36059009844856577,-0.18577701879081732,3.6904600099660456
10G_phase_asymmetric_px0.25_py0.875,15.0,10.0,31,Intensity-Weighted Centroid,PSF-Aware Fitting,20,-0.3123445814922819,-0.26408494369365865,-0.43104797326418115,-0.18846139381867416,3.485630010254681
10G_phase_asymmetric_px0.375_py0,15.0,10.0,31,Intensity-Weighted Centroid,PSF-Aware Fitting,20,-0.3421677544778583,-0.28993454672260455,-0.47662896263077015,-0.21501479977197158,3.329794993624091
10G_phase_asymmetric_px0.375_py0.125,15.0,10.0,31,Intensity-Weighted Centroid,PSF-Aware Fitting,20,-0.35285303116501276,-0.2994387233680915,-0.4527110371829828,-0.24839992553425597,3.3876200031954795
10G_phase_asymmetric_px0.375_py0.25,15.0,10.0,31,Intensity-Weighted Centroid,PSF-Aware Fitting,20,-0.3319280250229548,-0.3061577160302926,-0.4529416209248744,-0.2201548343777305,3.152269992278889
10G_phase_asymmetric_px0.375_py0.375,15.0,10.0,31,Intensity-Weighted Centroid,PSF-Aware Fitting,20,-0.3679817175813107,-0.3073443213053523,-0.4805995099830939,-0.24859761419451384,3.2802999892737716
10G_phase_asymmetric_px0.375_py0.5,15.0,10.0,31,Intensity-Weighted Centroid,PSF-Aware Fitting,20,-0.48083014022674797,-0.4013333817226773,-0.6131989409146782,-0.333602134420693,3.1785050057806075
10G_phase_asymmetric_px0.375_py0.625,15.0,10.0,31,Intensity-Weighted Centroid,PSF-Aware Fitting,20,-0.5368251601997347,-0.4869611643263776,-0.6618963452545009,-0.39498755944053987,3.5556649905629456
10G_phase_asymmetric_px0.375_py0.75,15.0,10.0,31,Intensity-Weighted Centroid,PSF-Aware Fitting,20,-0.3505523128545317,-0.3185419130453795,-0.46386187674342555,-0.23757566278946907,4.000605019973591
10G_phase_asymmetric_px0.375_py0.875,15.0,10.0,31,Intensity-Weighted Centroid,PSF-Aware Fitting,20,-0.33355407280416716,-0.29487622599719904,-0.4435176085793208,-0.22015043334906576,3.667860006680712
10G_phase_asymmetric_px0.5_py0,15.0,10.0,31,Intensity-Weighted Centroid,PSF-Aware Fitting,20,-0.320279697184503,-0.3080633229466145,-0.4020432519310325,-0.23799897528338268,3.4875650075264275
10G_phase_asymmetric_px0.5_py0.125,15.0,10.0,31,Intensity-Weighted Centroid,PSF-Aware Fitting,20,-0.26299499520426795,-0.22427415777830395,-0.3842412780534431,-0.14306324112352167,3.5078349872492254
10G_phase_asymmetric_px0.5_py0.25,15.0,10.0,31,Intensity-Weighted Centroid,PSF-Aware Fitting,20,-0.4021341401662014,-0.3746415900073971,-0.4824713881145326,-0.31201641943691266,3.647930029546842
10G_phase_asymmetric_px0.5_py0.375,15.0,10.0,31,Intensity-Weighted Centroid,PSF-Aware Fitting,20,-0.45540371873747465,-0.43235910903804536,-0.5513730814492842,-0.3635563405291523,3.7601200048811734
10G_phase_asymmetric_px0.5_py0.5,15.0,10.0,31,Intensity-Weighted Centroid,PSF-Aware Fitting,20,-0.539469785589773,-0.4871169538004497,-0.6646270471591688,-0.4094144204008104,3.347329969983548
10G_phase_asymmetric_px0.5_py0.625,15.0,10.0,31,Intensity-Weighted Centroid,PSF-Aware Fitting,20,-0.4297633756463972,-0.42381713136125215,-0.5007494831582388,-0.35290302354644665,3.7970349949318916
10G_phase_asymmetric_px0.5_py0.75,15.0,10.0,31,Intensity-Weighted Centroid,PSF-Aware Fitting,20,-0.3199634010889014,-0.2577740300882744,-0.4563598412493065,-0.1787635481689073,4.1741999972146
10G_phase_asymmetric_px0.5_py0.875,15.0,10.0,31,Intensity-Weighted Centroid,PSF-Aware Fitting,20,-0.29489213863339503,-0.286000085740722,-0.37808111463668315,-0.20502346806882213,3.8383400067687035
10G_phase_asymmetric_px0.625_py0,15.0,10.0,31,Intensity-Weighted Centroid,PSF-Aware Fitting,20,-0.5183013529311963,-0.49332813398106073,-0.5961688027128261,-0.4311492222917831,3.846625005826354
10G_phase_asymmetric_px0.625_py0.125,15.0,10.0,31,Intensity-Weighted Centroid,PSF-Aware Fitting,20,-0.3881903981207185,-0.3345733370710975,-0.5175869464435868,-0.2638235218183277,3.505960013717413
10G_phase_asymmetric_px0.625_py0.25,15.0,10.0,31,Intensity-Weighted Centroid,PSF-Aware Fitting,20,-0.3303992262229555,-0.30024788169072925,-0.4117903624852521,-0.2363479725124595,3.957284992793575
10G_phase_asymmetric_px0.625_py0.375,15.0,10.0,31,Intensity-Weighted Centroid,PSF-Aware Fitting,20,-0.34437704640708156,-0.3208742167040314,-0.4106175976374024,-0.2665944515893215,3.9896699774544686
10G_phase_asymmetric_px0.625_py0.5,15.0,10.0,31,Intensity-Weighted Centroid,PSF-Aware Fitting,20,-0.5008123733093065,-0.4745147098481986,-0.6530693441403503,-0.3723202510114166,3.591160022187978
10G_phase_asymmetric_px0.625_py0.625,15.0,10.0,31,Intensity-Weighted Centroid,PSF-Aware Fitting,20,-0.48592096172661847,-0.461088847118797,-0.599843621603963,-0.3790517416775187,3.6464399949181825
10G_phase_asymmetric_px0.625_py0.75,15.0,10.0,31,Intensity-Weighted Centroid,PSF-Aware Fitting,20,-0.43971778515444493,-0.41151817746077385,-0.5403203797081477,-0.33367031789594875,3.7807000160682946
10G_phase_asymmetric_px0.625_py0.875,15.0,10.0,31,Intensity-Weighted Centroid,PSF-Aware Fitting,20,-0.3139983831022328,-0.29212834370552976,-0.38233500214181254,-0.24130440196455313,4.083914996590465
10G_phase_asymmetric_px0.75_py0,15.0,10.0,31,Intensity-Weighted Centroid,PSF-Aware Fitting,20,-0.37475671075434874,-0.3302749151547679,-0.47939896459999276,-0.2528935088144856,3.844334988389164
10G_phase_asymmetric_px0.75_py0.125,15.0,10.0,31,Intensity-Weighted Centroid,PSF-Aware Fitting,20,-0.5152607054534427,-0.47803191119751814,-0.6305535879831876,-0.39942762179796965,4.223860026104376
10G_phase_asymmetric_px0.75_py0.25,15.0,10.0,31,Intensity-Weighted Centroid,PSF-Aware Fitting,20,-0.2798433656722442,-0.270715263506875,-0.36957161335651884,-0.18626982372482664,3.707254974870011
10G_phase_asymmetric_px0.75_py0.375,15.0,10.0,31,Intensity-Weighted Centroid,PSF-Aware Fitting,20,-0.30387683290247536,-0.2613016032754221,-0.40892081577833717,-0.1938320544023342,3.687515005003661
10G_phase_asymmetric_px0.75_py0.5,15.0,10.0,31,Intensity-Weighted Centroid,PSF-Aware Fitting,20,-0.48010707672770214,-0.4539416408464339,-0.5813626899324246,-0.3782035908663374,4.37603501486592
10G_phase_asymmetric_px0.75_py0.625,15.0,10.0,31,Intensity-Weighted Centroid,PSF-Aware Fitting,20,-0.4622076236496995,-0.4047166440747671,-0.5979517902883834,-0.33386871522433914,4.0857850224711
10G_phase_asymmetric_px0.75_py0.75,15.0,10.0,31,Intensity-Weighted Centroid,PSF-Aware Fitting,20,-0.4556005116977618,-0.3756667638461674,-0.6240038936047321,-0.2835062335145501,4.415509995305911
10G_phase_asymmetric_px0.75_py0.875,15.0,10.0,31,Intensity-Weighted Centroid,PSF-Aware Fitting,20,-0.43093238598355044,-0.40086554685602716,-0.5743696014055176,-0.30079303224069354,3.6246700037736446
10G_phase_asymmetric_px0.875_py0,15.0,10.0,31,Intensity-Weighted Centroid,PSF-Aware Fitting,20,-0.4307063332543996,-0.400597025137945,-0.5404320522156346,-0.31061341203117004,3.500545013230294
10G_phase_asymmetric_px0.875_py0.125,15.0,10.0,31,Intensity-Weighted Centroid,PSF-Aware Fitting,20,-0.41743205694199625,-0.3760664274734131,-0.5108491597576958,-0.31138375231209703,3.617445018608123
10G_phase_asymmetric_px0.875_py0.25,15.0,10.0,31,Intensity-Weighted Centroid,PSF-Aware Fitting,20,-0.3244930654753284,-0.28438758341555914,-0.4550008819116506,-0.1875075625675343,4.246930003864691
10G_phase_asymmetric_px0.875_py0.375,15.0,10.0,31,Intensity-Weighted Centroid,PSF-Aware Fitting,20,-0.36344466651518514,-0.3226412712255897,-0.4507159267951428,-0.25856902099341045,3.9305599813815206
10G_phase_asymmetric_px0.875_py0.5,15.0,10.0,31,Intensity-Weighted Centroid,PSF-Aware Fitting,20,-0.3165026255625875,-0.30510502239758985,-0.42009709493337505,-0.21807733214622177,3.5360949928872287
10G_phase_asymmetric_px0.875_py0.625,15.0,10.0,31,Intensity-Weighted Centroid,PSF-Aware Fitting,20,-0.4001736240299455,-0.372749957326009,-0.4883992048919473,-0.30620709647668504,3.993919980712235
10G_phase_asymmetric_px0.875_py0.75,15.0,10.0,31,Intensity-Weighted Centroid,PSF-Aware Fitting,20,-0.36942988193608495,-0.31662167009619946,-0.4841842898059361,-0.25218010807328667,4.157820023829117
10G_phase_asymmetric_px0.875_py0.875,15.0,10.0,31,Intensity-Weighted Centroid,PSF-Aware Fitting,20,-0.258829700598289,-0.22878581373210177,-0.3622674375597247,-0.15344388438744272,3.8767650083173066
10G_phase_asymmetric_px0_py0,15.0,10.0,31,Intensity-Weighted Centroid,PSF-Aware Fitting,20,-0.3441164068226349,-0.26687061142326585,-0.4925751426463875,-0.17956040496189823,4.26386502222158
10G_phase_asymmetric_px0_py0.125,15.0,10.0,31,Intensity-Weighted Centroid,PSF-Aware Fitting,20,-0.2331694487265843,-0.2177128645579016,-0.2982500651141419,-0.1625591519199052,4.182970017427579
10G_phase_asymmetric_px0_py0.25,15.0,10.0,31,Intensity-Weighted Centroid,PSF-Aware Fitting,20,-0.3926601667723507,-0.3434469503930304,-0.5198188324867603,-0.25893250338982554,4.284355009440333
10G_phase_asymmetric_px0_py0.375,15.0,10.0,31,Intensity-Weighted Centroid,PSF-Aware Fitting,20,-0.3026562055756736,-0.26257903436914665,-0.4203954397481954,-0.1929647865350245,4.008680005790666
10G_phase_asymmetric_px0_py0.5,15.0,10.0,31,Intensity-Weighted Centroid,PSF-Aware Fitting,20,-0.4148491049231492,-0.3715701867675837,-0.5570427660256204,-0.27655298061829775,4.071980010485277
10G_phase_asymmetric_px0_py0.625,15.0,10.0,31,Intensity-Weighted Centroid,PSF-Aware Fitting,20,-0.2986962947856219,-0.2604266615333918,-0.41630513305872974,-0.17296431473752663,4.51492999563925
10G_phase_asymmetric_px0_py0.75,15.0,10.0,31,Intensity-Weighted Centroid,PSF-Aware Fitting,20,-0.3192832203515532,-0.28989127009261056,-0.40560246260465754,-0.2187350379529404,4.4497299764771014
10G_phase_asymmetric_px0_py0.875,15.0,10.0,31,Intensity-Weighted Centroid,PSF-Aware Fitting,20,-0.30270636682608554,-0.2639253150212236,-0.42040122079852915,-0.17619102723213897,4.782500030705705
10G_phase_elliptical_gaussian_px0.125_py0,15.0,10.0,31,Intensity-Weighted Centroid,PSF-Aware Fitting,20,-0.23545047352083578,-0.21963736637789952,-0.3039521710433348,-0.16668747602973563,3.6382250080350786
10G_phase_elliptical_gaussian_px0.125_py0.125,15.0,10.0,31,Intensity-Weighted Centroid,PSF-Aware Fitting,20,-0.3667382339674595,-0.3214087781943845,-0.4822400947742438,-0.2495533039062094,3.6398200260009617
10G_phase_elliptical_gaussian_px0.125_py0.25,15.0,10.0,31,Intensity-Weighted Centroid,PSF-Aware Fitting,20,-0.37021349116751034,-0.3443719274075957,-0.456291086738416,-0.2723262813666483,3.552644979208708
10G_phase_elliptical_gaussian_px0.125_py0.375,15.0,10.0,31,Intensity-Weighted Centroid,PSF-Aware Fitting,20,-0.4631534298060791,-0.40748114521884315,-0.6439946503126487,-0.2946755062562508,3.6632049828767776
10G_phase_elliptical_gaussian_px0.125_py0.5,15.0,10.0,31,Intensity-Weighted Centroid,PSF-Aware Fitting,20,-0.33938980970907845,-0.3366262952445589,-0.4660216257360583,-0.21558086771551804,3.5802600090391934
10G_phase_elliptical_gaussian_px0.125_py0.625,15.0,10.0,31,Intensity-Weighted Centroid,PSF-Aware Fitting,20,-0.364404363784266,-0.35088600375040196,-0.47099360166622134,-0.2516436391089213,3.774120000889525
10G_phase_elliptical_gaussian_px0.125_py0.75,15.0,10.0,31,Intensity-Weighted Centroid,PSF-Aware Fitting,20,-0.26014253041608254,-0.22599796840487954,-0.3798223838405365,-0.14572237273470684,3.873990004649386
10G_phase_elliptical_gaussian_px0.125_py0.875,15.0,10.0,31,Intensity-Weighted Centroid,PSF-Aware Fitting,20,-0.25698725186954907,-0.25229920938426575,-0.3455167341122036,-0.17676634674378458,4.206355003407225
10G_phase_elliptical_gaussian_px0.25_py0,15.0,10.0,31,Intensity-Weighted Centroid,PSF-Aware Fitting,20,-0.3142920325006344,-0.2899742999704178,-0.4604364415174566,-0.19311909586922352,3.8337749894708395
10G_phase_elliptical_gaussian_px0.25_py0.125,15.0,10.0,31,Intensity-Weighted Centroid,PSF-Aware Fitting,20,-0.20405030755985665,-0.19780033946636327,-0.285888456472897,-0.11022012203612798,3.9865100116003305
10G_phase_elliptical_gaussian_px0.25_py0.25,15.0,10.0,31,Intensity-Weighted Centroid,PSF-Aware Fitting,20,-0.21166498222464106,-0.1920360626089322,-0.30521615254772927,-0.10872888063065392,3.668030013795942
10G_phase_elliptical_gaussian_px0.25_py0.375,15.0,10.0,31,Intensity-Weighted Centroid,PSF-Aware Fitting,20,-0.4016067409054553,-0.3971549311455046,-0.5089508553908686,-0.28817697928141445,3.9398950058966875
10G_phase_elliptical_gaussian_px0.25_py0.5,15.0,10.0,31,Intensity-Weighted Centroid,PSF-Aware Fitting,20,-0.41423369889606704,-0.3347055587248741,-0.5640026267300894,-0.2352854283518406,3.832775028422475
10G_phase_elliptical_gaussian_px0.25_py0.625,15.0,10.0,31,Intensity-Weighted Centroid,PSF-Aware Fitting,20,-0.21514652277933513,-0.21895304828525292,-0.28388775549244394,-0.14602958408103403,3.919140010839328
10G_phase_elliptical_gaussian_px0.25_py0.75,15.0,10.0,31,Intensity-Weighted Centroid,PSF-Aware Fitting,20,-0.3395453221763965,-0.2718818209927054,-0.48170203515345233,-0.18270258311996557,3.920879977522418
10G_phase_elliptical_gaussian_px0.25_py0.875,15.0,10.0,31,Intensity-Weighted Centroid,PSF-Aware Fitting,20,-0.30438081061758504,-0.2728685276600759,-0.39041066069525054,-0.21093222014609778,3.6554249993059784
10G_phase_elliptical_gaussian_px0.375_py0,15.0,10.0,31,Intensity-Weighted Centroid,PSF-Aware Fitting,20,-0.32941119517867756,-0.29983697804559917,-0.4265151175023077,-0.21642370000431854,3.524160000961274
10G_phase_elliptical_gaussian_px0.375_py0.125,15.0,10.0,31,Intensity-Weighted Centroid,PSF-Aware Fitting,20,-0.3351646257972993,-0.29914765555722106,-0.4580485671081556,-0.19942001858983477,3.4948100161273032
10G_phase_elliptical_gaussian_px0.375_py0.25,15.0,10.0,31,Intensity-Weighted Centroid,PSF-Aware Fitting,20,-0.22221644137596527,-0.181979427877448,-0.3392209770583487,-0.105960472914752,3.3331549901049584
10G_phase_elliptical_gaussian_px0.375_py0.375,15.0,10.0,31,Intensity-Weighted Centroid,PSF-Aware Fitting,20,-0.2638334169806964,-0.2466323710556741,-0.36846865735874124,-0.15653410675211105,3.649630001746118
10G_phase_elliptical_gaussian_px0.375_py0.5,15.0,10.0,31,Intensity-Weighted Centroid,PSF-Aware Fitting,20,-0.343084425541461,-0.3028374925064696,-0.47849995612697394,-0.19829396773795835,3.603079990716651
10G_phase_elliptical_gaussian_px0.375_py0.625,15.0,10.0,31,Intensity-Weighted Centroid,PSF-Aware Fitting,20,-0.41283077945402,-0.39230539099403666,-0.5496515273704338,-0.3034953033564559,4.639689979376271
10G_phase_elliptical_gaussian_px0.375_py0.75,15.0,10.0,31,Intensity-Weighted Centroid,PSF-Aware Fitting,20,-0.3339430967812208,-0.2830190053067266,-0.45044336655297296,-0.2087128036244099,5.884515005163848
10G_phase_elliptical_gaussian_px0.375_py0.875,15.0,10.0,31,Intensity-Weighted Centroid,PSF-Aware Fitting,20,-0.1889032415456589,-0.13166199450568353,-0.33366753124983184,-0.04388269954404681,7.322989980457351
10G_phase_elliptical_gaussian_px0.5_py0,15.0,10.0,31,Intensity-Weighted Centroid,PSF-Aware Fitting,20,-0.3661626487258811,-0.3191257320930786,-0.504004758982214,-0.22565881388660045,4.937685001641512
10G_phase_elliptical_gaussian_px0.5_py0.125,15.0,10.0,31,Intensity-Weighted Centroid,PSF-Aware Fitting,20,-0.2213410061107769,-0.18075321227900787,-0.3448181541001177,-0.09375497801278726,4.856799991102889
10G_phase_elliptical_gaussian_px0.5_py0.25,15.0,10.0,31,Intensity-Weighted Centroid,PSF-Aware Fitting,20,-0.31390873524275476,-0.2942208063281911,-0.40946836104290674,-0.21326642405470278,3.936724958475679
10G_phase_elliptical_gaussian_px0.5_py0.375,15.0,10.0,31,Intensity-Weighted Centroid,PSF-Aware Fitting,20,-0.4018393311495976,-0.38711092019493637,-0.5205753040950984,-0.29642943200650523,3.381094988435507
10G_phase_elliptical_gaussian_px0.5_py0.5,15.0,10.0,31,Intensity-Weighted Centroid,PSF-Aware Fitting,20,-0.39897396078835184,-0.3740205284838338,-0.5027750675297158,-0.2972062729646022,3.4807499730959535
10G_phase_elliptical_gaussian_px0.5_py0.625,15.0,10.0,31,Intensity-Weighted Centroid,PSF-Aware Fitting,20,-0.36885002922111754,-0.34675554807192527,-0.4565546998071896,-0.2816525296318695,3.893810015870258
10G_phase_elliptical_gaussian_px0.5_py0.75,15.0,10.0,31,Intensity-Weighted Centroid,PSF-Aware Fitting,20,-0.4500067008117278,-0.3796522941304079,-0.5970031194213803,-0.3065523857215348,3.806264989543706
10G_phase_elliptical_gaussian_px0.5_py0.875,15.0,10.0,31,Intensity-Weighted Centroid,PSF-Aware Fitting,20,-0.3294347355601773,-0.2859400672833114,-0.46173811693761263,-0.2008668918686747,3.4891650022473186
10G_phase_elliptical_gaussian_px0.625_py0,15.0,10.0,31,Intensity-Weighted Centroid,PSF-Aware Fitting,20,-0.3382930268357162,-0.30746370104691967,-0.41364796107087676,-0.25327804631150336,4.109545017126948
10G_phase_elliptical_gaussian_px0.625_py0.125,15.0,10.0,31,Intensity-Weighted Centroid,PSF-Aware Fitting,20,-0.3000012384114485,-0.2796751989952493,-0.41805054993951624,-0.17760764079035346,4.3902099947445095
10G_phase_elliptical_gaussian_px0.625_py0.25,15.0,10.0,31,Intensity-Weighted Centroid,PSF-Aware Fitting,20,-0.39852388771885006,-0.3445650653672854,-0.5455542565026584,-0.25834893753380933,4.080995003459975
10G_phase_elliptical_gaussian_px0.625_py0.375,15.0,10.0,31,Intensity-Weighted Centroid,PSF-Aware Fitting,20,-0.3495571846600807,-0.31218739030278153,-0.4592674873672595,-0.22940977389924075,4.013675020541996
10G_phase_elliptical_gaussian_px0.625_py0.5,15.0,10.0,31,Intensity-Weighted Centroid,PSF-Aware Fitting,20,-0.38553904769373837,-0.3656094519054955,-0.4955195699751672,-0.284085806711088,3.921935020480305
10G_phase_elliptical_gaussian_px0.625_py0.625,15.0,10.0,31,Intensity-Weighted Centroid,PSF-Aware Fitting,20,-0.37495958654543565,-0.35470928538826896,-0.5033219410810642,-0.25282673123878807,5.220089975045994
10G_phase_elliptical_gaussian_px0.625_py0.75,15.0,10.0,31,Intensity-Weighted Centroid,PSF-Aware Fitting,20,-0.37642546662103227,-0.3541756670454537,-0.48055576492560775,-0.27254090915213985,4.653750022407621
10G_phase_elliptical_gaussian_px0.625_py0.875,15.0,10.0,31,Intensity-Weighted Centroid,PSF-Aware Fitting,20,-0.30336395547988637,-0.26904074746414386,-0.3972479293761504,-0.20589160644614618,4.609100002562627
10G_phase_elliptical_gaussian_px0.75_py0,15.0,10.0,31,Intensity-Weighted Centroid,PSF-Aware Fitting,20,-0.2789975373024197,-0.27452134856346566,-0.3429851923884778,-0.2135283671117806,3.9474899997003376
10G_phase_elliptical_gaussian_px0.75_py0.125,15.0,10.0,31,Intensity-Weighted Centroid,PSF-Aware Fitting,20,-0.24909408634397545,-0.23306831619911297,-0.3303970446470774,-0.16900444192295797,3.603290021419525
10G_phase_elliptical_gaussian_px0.75_py0.25,15.0,10.0,31,Intensity-Weighted Centroid,PSF-Aware Fitting,20,-0.36190549309306574,-0.3429507599451571,-0.4543857042477217,-0.27187936902655013,4.160614998545498
10G_phase_elliptical_gaussian_px0.75_py0.375,15.0,10.0,31,Intensity-Weighted Centroid,PSF-Aware Fitting,20,-0.3025996979655031,-0.2634024293238904,-0.41949941059483764,-0.18491018587971936,4.096700000809506
10G_phase_elliptical_gaussian_px0.75_py0.5,15.0,10.0,31,Intensity-Weighted Centroid,PSF-Aware Fitting,20,-0.37734686524044536,-0.303586249010651,-0.5379513970688984,-0.2184625766518707,3.8660500315018
10G_phase_elliptical_gaussian_px0.75_py0.625,15.0,10.0,31,Intensity-Weighted Centroid,PSF-Aware Fitting,20,-0.3673995535727064,-0.31885499212079704,-0.4864424859292408,-0.23408365261208883,4.000654991250485
10G_phase_elliptical_gaussian_px0.75_py0.75,15.0,10.0,31,Intensity-Weighted Centroid,PSF-Aware Fitting,20,-0.3221609588177642,-0.2820815035068499,-0.44274473095752775,-0.20046760553794854,3.9362099894788116
10G_phase_elliptical_gaussian_px0.75_py0.875,15.0,10.0,31,Intensity-Weighted Centroid,PSF-Aware Fitting,20,-0.25509456865626934,-0.23311747539020986,-0.371077175154336,-0.14044093178365355,3.5385450057219714
10G_phase_elliptical_gaussian_px0.875_py0,15.0,10.0,31,Intensity-Weighted Centroid,PSF-Aware Fitting,20,-0.33373675078593557,-0.23120293367472736,-0.5323954770425452,-0.11224070407828632,3.97363998927176
10G_phase_elliptical_gaussian_px0.875_py0.125,15.0,10.0,31,Intensity-Weighted Centroid,PSF-Aware Fitting,20,-0.2069176906240175,-0.19061747774297386,-0.34300858075731044,-0.0642751824362999,3.676619997713715
10G_phase_elliptical_gaussian_px0.875_py0.25,15.0,10.0,31,Intensity-Weighted Centroid,PSF-Aware Fitting,20,-0.20657660629488533,-0.16409614069731537,-0.3346612955363965,-0.07050305330999469,3.839050029637292
10G_phase_elliptical_gaussian_px0.875_py0.375,15.0,10.0,31,Intensity-Weighted Centroid,PSF-Aware Fitting,20,-0.33671597641894213,-0.32087948899153196,-0.4215760127231594,-0.2504183563152601,4.469894984504208
10G_phase_elliptical_gaussian_px0.875_py0.5,15.0,10.0,31,Intensity-Weighted Centroid,PSF-Aware Fitting,20,-0.38076552561730426,-0.33404481410912257,-0.494416347658486,-0.24854075226184696,3.830375033430755
10G_phase_elliptical_gaussian_px0.875_py0.625,15.0,10.0,31,Intensity-Weighted Centroid,PSF-Aware Fitting,20,-0.323899007960023,-0.29192985211216427,-0.44095694477227626,-0.20450787981712648,3.767439996590838
10G_phase_elliptical_gaussian_px0.875_py0.75,15.0,10.0,31,Intensity-Weighted Centroid,PSF-Aware Fitting,20,-0.24185437183961,-0.20048952200893638,-0.3515895147149331,-0.1266925941780767,4.43285996443592
10G_phase_elliptical_gaussian_px0.875_py0.875,15.0,10.0,31,Intensity-Weighted Centroid,PSF-Aware Fitting,20,-0.16799036975783477,-0.1360580801638897,-0.270478419195608,-0.05281132182516422,4.3198250234127045
10G_phase_elliptical_gaussian_px0_py0,15.0,10.0,31,Intensity-Weighted Centroid,PSF-Aware Fitting,20,-0.2958986091403788,-0.2892973947016866,-0.3721070464504309,-0.21563038459563907,3.717639995738864
10G_phase_elliptical_gaussian_px0_py0.125,15.0,10.0,31,Intensity-Weighted Centroid,PSF-Aware Fitting,20,-0.23862891491329358,-0.2101212248312907,-0.33354045159298895,-0.12930346680038915,3.73756499029696
10G_phase_elliptical_gaussian_px0_py0.25,15.0,10.0,31,Intensity-Weighted Centroid,PSF-Aware Fitting,20,-0.24429582235250183,-0.22534895330668206,-0.3566954040119652,-0.12125748151581449,3.9209399779792875
10G_phase_elliptical_gaussian_px0_py0.375,15.0,10.0,31,Intensity-Weighted Centroid,PSF-Aware Fitting,20,-0.29507901507068035,-0.24526196406704398,-0.43740558844089494,-0.14173035705991263,3.5696799983270466
10G_phase_elliptical_gaussian_px0_py0.5,15.0,10.0,31,Intensity-Weighted Centroid,PSF-Aware Fitting,20,-0.34706763588047085,-0.3109419835413238,-0.4334874194076563,-0.24933675709573846,3.520909999497235
10G_phase_elliptical_gaussian_px0_py0.625,15.0,10.0,31,Intensity-Weighted Centroid,PSF-Aware Fitting,20,-0.22291815372565657,-0.20442639318937464,-0.316642253246906,-0.1374663035214227,4.076650028582662
10G_phase_elliptical_gaussian_px0_py0.75,15.0,10.0,31,Intensity-Weighted Centroid,PSF-Aware Fitting,20,-0.22257950482607985,-0.203810538504775,-0.32408049393000377,-0.11507540923355744,4.054119990905747
10G_phase_elliptical_gaussian_px0_py0.875,15.0,10.0,31,Intensity-Weighted Centroid,PSF-Aware Fitting,20,-0.35394065087629206,-0.32392439403429296,-0.4801605704058066,-0.23325205027390875,4.034689994296059
10G_phase_gaussian_px0.125_py0,15.0,10.0,31,Intensity-Weighted Centroid,PSF-Aware Fitting,20,-0.2570264747777389,-0.2431491762054005,-0.3826748191112629,-0.14051191535438015,3.1319350004196167
10G_phase_gaussian_px0.125_py0.125,15.0,10.0,31,Intensity-Weighted Centroid,PSF-Aware Fitting,20,-0.2437161191038464,-0.18989416991597574,-0.3684683122823929,-0.10764915362196137,3.3525449980515987
10G_phase_gaussian_px0.125_py0.25,15.0,10.0,31,Intensity-Weighted Centroid,PSF-Aware Fitting,20,-0.3164704041963282,-0.27060838838782003,-0.44327451304551857,-0.17926938630922384,3.1474099960178137
10G_phase_gaussian_px0.125_py0.375,15.0,10.0,31,Intensity-Weighted Centroid,PSF-Aware Fitting,20,-0.278003726231545,-0.25297862594431186,-0.3461883029729234,-0.20256865339689653,3.2110849919263273
10G_phase_gaussian_px0.125_py0.5,15.0,10.0,31,Intensity-Weighted Centroid,PSF-Aware Fitting,20,-0.39307035419288294,-0.3600564876612816,-0.4919637960643563,-0.28570072513058953,3.3522100187838078
10G_phase_gaussian_px0.125_py0.625,15.0,10.0,31,Intensity-Weighted Centroid,PSF-Aware Fitting,20,-0.2766707606405577,-0.21534262955409475,-0.4098431152149282,-0.1254735705856629,3.788429993437603
10G_phase_gaussian_px0.125_py0.75,15.0,10.0,31,Intensity-Weighted Centroid,PSF-Aware Fitting,20,-0.3293486747318218,-0.2673425133205186,-0.492630798981164,-0.16683297188654608,3.792784974211827
10G_phase_gaussian_px0.125_py0.875,15.0,10.0,31,Intensity-Weighted Centroid,PSF-Aware Fitting,20,-0.32305135868419416,-0.3020590886597018,-0.4298291909012777,-0.20645529612148045,3.174770000623539
10G_phase_gaussian_px0.25_py0,15.0,10.0,31,Intensity-Weighted Centroid,PSF-Aware Fitting,20,-0.24763600989396012,-0.2256024045688821,-0.34856851189962007,-0.14453164601395066,3.132475004531443
10G_phase_gaussian_px0.25_py0.125,15.0,10.0,31,Intensity-Weighted Centroid,PSF-Aware Fitting,20,-0.2140370499219143,-0.1907863885947479,-0.31236834822433934,-0.11105196150846389,3.3903300063684583
10G_phase_gaussian_px0.25_py0.25,15.0,10.0,31,Intensity-Weighted Centroid,PSF-Aware Fitting,20,-0.30290133408868014,-0.2812079746548317,-0.41219695627310254,-0.19176001440016924,3.367999999318272
10G_phase_gaussian_px0.25_py0.375,15.0,10.0,31,Intensity-Weighted Centroid,PSF-Aware Fitting,20,-0.34769544574992,-0.3350635022117263,-0.46440628779433346,-0.24173210053817776,3.040144994156435
10G_phase_gaussian_px0.25_py0.5,15.0,10.0,31,Intensity-Weighted Centroid,PSF-Aware Fitting,20,-0.3592357904814203,-0.3285068160656591,-0.4532018186554408,-0.2571623774062014,4.811660014092922
10G_phase_gaussian_px0.25_py0.625,15.0,10.0,31,Intensity-Weighted Centroid,PSF-Aware Fitting,20,-0.37867381979997916,-0.311609568887932,-0.5147432608424959,-0.24052291717245824,3.6132699868176132
10G_phase_gaussian_px0.25_py0.75,15.0,10.0,31,Intensity-Weighted Centroid,PSF-Aware Fitting,20,-0.31371013962305705,-0.2776625689232361,-0.4065023042762345,-0.20982753258912162,3.2856149948202074
10G_phase_gaussian_px0.25_py0.875,15.0,10.0,31,Intensity-Weighted Centroid,PSF-Aware Fitting,20,-0.3529782468330459,-0.3258591624147759,-0.45269524627850216,-0.24474038040057222,3.239175007911399
10G_phase_gaussian_px0.375_py0,15.0,10.0,31,Intensity-Weighted Centroid,PSF-Aware Fitting,20,-0.317147582509113,-0.27699694618908566,-0.43697629940002475,-0.19150056144863367,3.2948849780950695
10G_phase_gaussian_px0.375_py0.125,15.0,10.0,31,Intensity-Weighted Centroid,PSF-Aware Fitting,20,-0.2983203084029269,-0.2610549221438969,-0.4229941331271784,-0.17374404952633585,3.2099599833600223
10G_phase_gaussian_px0.375_py0.25,15.0,10.0,31,Intensity-Weighted Centroid,PSF-Aware Fitting,20,-0.41427280305826975,-0.3503981931095902,-0.5651053011978996,-0.2588802509306948,3.1151399947702885
10G_phase_gaussian_px0.375_py0.375,15.0,10.0,31,Intensity-Weighted Centroid,PSF-Aware Fitting,20,-0.4434811825864413,-0.40774462511182774,-0.5455056427855665,-0.33476516258448746,3.0580299790017307
10G_phase_gaussian_px0.375_py0.5,15.0,10.0,31,Intensity-Weighted Centroid,PSF-Aware Fitting,20,-0.5563038183950371,-0.4941955540990147,-0.7256382600467968,-0.39116015623347816,2.9937049839645624
10G_phase_gaussian_px0.375_py0.625,15.0,10.0,31,Intensity-Weighted Centroid,PSF-Aware Fitting,20,-0.38576655883453703,-0.360884719492102,-0.4904728972726133,-0.2675038450491498,3.709544992307201
10G_phase_gaussian_px0.375_py0.75,15.0,10.0,31,Intensity-Weighted Centroid,PSF-Aware Fitting,20,-0.3962736039316265,-0.32957708924753837,-0.5853679975859206,-0.23133604882942288,3.833495016442612
10G_phase_gaussian_px0.375_py0.875,15.0,10.0,31,Intensity-Weighted Centroid,PSF-Aware Fitting,20,-0.374099266103053,-0.34470320205581273,-0.5026471987554098,-0.24708260181515782,3.254635020857677
10G_phase_gaussian_px0.5_py0,15.0,10.0,31,Intensity-Weighted Centroid,PSF-Aware Fitting,20,-0.3556117613672164,-0.30488103465498556,-0.47029886158378137,-0.22439308546036685,3.1995699857361615
10G_phase_gaussian_px0.5_py0.125,15.0,10.0,31,Intensity-Weighted Centroid,PSF-Aware Fitting,20,-0.4437742874537288,-0.3622830046390217,-0.6160154349630399,-0.26640776112225845,3.2665700069628656
10G_phase_gaussian_px0.5_py0.25,15.0,10.0,31,Intensity-Weighted Centroid,PSF-Aware Fitting,20,-0.5179554801496175,-0.491141020396236,-0.6932182713471929,-0.3612022487691475,3.2012800045777112
10G_phase_gaussian_px0.5_py0.375,15.0,10.0,31,Intensity-Weighted Centroid,PSF-Aware Fitting,20,-0.39521995017131495,-0.36766470619744873,-0.5178648017793613,-0.2729024682775247,3.1692900171037763
10G_phase_gaussian_px0.5_py0.5,15.0,10.0,31,Intensity-Weighted Centroid,PSF-Aware Fitting,20,-0.4399690903636758,-0.4027319747555852,-0.564298242222467,-0.3135963492172916,3.2651500194333494
10G_phase_gaussian_px0.5_py0.625,15.0,10.0,31,Intensity-Weighted Centroid,PSF-Aware Fitting,20,-0.44467198190896196,-0.41306069140687984,-0.5536367302843122,-0.327946700818821,3.6543300026096404
10G_phase_gaussian_px0.5_py0.75,15.0,10.0,31,Intensity-Weighted Centroid,PSF-Aware Fitting,20,-0.4333398540084533,-0.3917761055845084,-0.563008993529854,-0.3019962352534172,3.845370013732463
10G_phase_gaussian_px0.5_py0.875,15.0,10.0,31,Intensity-Weighted Centroid,PSF-Aware Fitting,20,-0.4190387274600175,-0.35585874805542284,-0.577339788938858,-0.2504624162954,3.236635000212118
10G_phase_gaussian_px0.625_py0,15.0,10.0,31,Intensity-Weighted Centroid,PSF-Aware Fitting,20,-0.36217094343360834,-0.30686280525522586,-0.4794179049464374,-0.23473905150187924,3.462059993762523
10G_phase_gaussian_px0.625_py0.125,15.0,10.0,31,Intensity-Weighted Centroid,PSF-Aware Fitting,20,-0.3628292764908175,-0.32492422595002024,-0.4709509462581693,-0.2506619831198619,3.712119988631457
10G_phase_gaussian_px0.625_py0.25,15.0,10.0,31,Intensity-Weighted Centroid,PSF-Aware Fitting,20,-0.3720487758812079,-0.31821849433884414,-0.47618356324777694,-0.2513619273347946,3.5894950095098466
10G_phase_gaussian_px0.625_py0.375,15.0,10.0,31,Intensity-Weighted Centroid,PSF-Aware Fitting,20,-0.350988258160134,-0.30055756759392915,-0.4659607784480312,-0.21600872528114415,3.4869999799411744
10G_phase_gaussian_px0.625_py0.5,15.0,10.0,31,Intensity-Weighted Centroid,PSF-Aware Fitting,20,-0.5311722723663799,-0.46920419166735927,-0.6883173374704555,-0.3704230222573278,3.2498700020369142
10G_phase_gaussian_px0.625_py0.625,15.0,10.0,31,Intensity-Weighted Centroid,PSF-Aware Fitting,20,-0.47710531651857463,-0.43972715684689306,-0.6160212099677588,-0.3489385599011374,3.656944999238476
10G_phase_gaussian_px0.625_py0.75,15.0,10.0,31,Intensity-Weighted Centroid,PSF-Aware Fitting,20,-0.3924515772051719,-0.3697482337594412,-0.500267511416887,-0.28019140135457316,4.138425010023639
10G_phase_gaussian_px0.625_py0.875,15.0,10.0,31,Intensity-Weighted Centroid,PSF-Aware Fitting,20,-0.4348969590751813,-0.4019268689923318,-0.5594059124311683,-0.30719030420803783,3.733050008304417
10G_phase_gaussian_px0.75_py0,15.0,10.0,31,Intensity-Weighted Centroid,PSF-Aware Fitting,20,-0.2658813650383862,-0.23895235815150398,-0.391515947960137,-0.13178746725829005,3.6369399982504547
10G_phase_gaussian_px0.75_py0.125,15.0,10.0,31,Intensity-Weighted Centroid,PSF-Aware Fitting,20,-0.3582895060887067,-0.3326945312450784,-0.45535832046231794,-0.26014023440457257,3.6918899801094085
10G_phase_gaussian_px0.75_py0.25,15.0,10.0,31,Intensity-Weighted Centroid,PSF-Aware Fitting,20,-0.40551895401069804,-0.39558013831471134,-0.5076737095884883,-0.30874454668833823,3.4626600332558155
10G_phase_gaussian_px0.75_py0.375,15.0,10.0,31,Intensity-Weighted Centroid,PSF-Aware Fitting,20,-0.4775586809526306,-0.43673200315739186,-0.6336033375525046,-0.3355284706693525,3.316560003440827
10G_phase_gaussian_px0.75_py0.5,15.0,10.0,31,Intensity-Weighted Centroid,PSF-Aware Fitting,20,-0.3267996086228127,-0.3026765958506239,-0.4577336636182801,-0.1984068417514515,3.8018099789042026
10G_phase_gaussian_px0.75_py0.625,15.0,10.0,31,Intensity-Weighted Centroid,PSF-Aware Fitting,20,-0.5233122087623503,-0.46343526360417536,-0.6744386940424916,-0.3701906374819927,3.9362900133710355
10G_phase_gaussian_px0.75_py0.75,15.0,10.0,31,Intensity-Weighted Centroid,PSF-Aware Fitting,20,-0.39747591080768707,-0.36522414840725964,-0.48734037484483733,-0.2919194300981696,3.8900850049685687
10G_phase_gaussian_px0.75_py0.875,15.0,10.0,31,Intensity-Weighted Centroid,PSF-Aware Fitting,20,-0.46051261496068496,-0.4161965168499716,-0.5713146722636216,-0.35204394823650886,3.590660006739199
10G_phase_gaussian_px0.875_py0,15.0,10.0,31,Intensity-Weighted Centroid,PSF-Aware Fitting,20,-0.23501909140131927,-0.20332620092260506,-0.35217386743882745,-0.11900942699265486,3.6627049965318292
10G_phase_gaussian_px0.875_py0.125,15.0,10.0,31,Intensity-Weighted Centroid,PSF-Aware Fitting,20,-0.33251346926397984,-0.2985495193323432,-0.445708843497845,-0.21807502365026715,3.357525006867945
10G_phase_gaussian_px0.875_py0.25,15.0,10.0,31,Intensity-Weighted Centroid,PSF-Aware Fitting,20,-0.2381222001337077,-0.21830172990706773,-0.344576877326274,-0.13426243756528278,3.453050018288195
10G_phase_gaussian_px0.875_py0.375,15.0,10.0,31,Intensity-Weighted Centroid,PSF-Aware Fitting,20,-0.3274602209604399,-0.2962194456287054,-0.43638450161646497,-0.2159997284474823,3.5842700104694813
10G_phase_gaussian_px0.875_py0.5,15.0,10.0,31,Intensity-Weighted Centroid,PSF-Aware Fitting,20,-0.43972095309936765,-0.37210666582170937,-0.5647919009567315,-0.30482800447402386,3.309379977872595
10G_phase_gaussian_px0.875_py0.625,15.0,10.0,31,Intensity-Weighted Centroid,PSF-Aware Fitting,20,-0.4860256714407262,-0.43491340187308714,-0.6042686257970521,-0.357533431717352,3.679315000772476
10G_phase_gaussian_px0.875_py0.75,15.0,10.0,31,Intensity-Weighted Centroid,PSF-Aware Fitting,20,-0.3704178944979595,-0.3371117397183742,-0.49378685666320843,-0.23879995661393336,3.7173300108406693
10G_phase_gaussian_px0.875_py0.875,15.0,10.0,31,Intensity-Weighted Centroid,PSF-Aware Fitting,20,-0.2603993645795989,-0.23975795162496863,-0.3589577503642333,-0.1546885475356086,3.6262000154238194
10G_phase_gaussian_px0_py0,15.0,10.0,31,Intensity-Weighted Centroid,PSF-Aware Fitting,20,-0.2927312917604441,-0.24843148633710463,-0.4233573239942568,-0.1639060076848588,3.453780006384477
10G_phase_gaussian_px0_py0.125,15.0,10.0,31,Intensity-Weighted Centroid,PSF-Aware Fitting,20,-0.36031053380998473,-0.3308674366514397,-0.47137890289472106,-0.24284238420802984,3.3831450098659843
10G_phase_gaussian_px0_py0.25,15.0,10.0,31,Intensity-Weighted Centroid,PSF-Aware Fitting,20,-0.46402599074121553,-0.42254091976964586,-0.5869958482079404,-0.3376643680771324,3.251590032596141
10G_phase_gaussian_px0_py0.375,15.0,10.0,31,Intensity-Weighted Centroid,PSF-Aware Fitting,20,-0.3672865704093973,-0.3118703872165157,-0.48695933096757793,-0.2371456041605365,3.34335500956513
10G_phase_gaussian_px0_py0.5,15.0,10.0,31,Intensity-Weighted Centroid,PSF-Aware Fitting,20,-0.3783679739655417,-0.33444672068892917,-0.5064198284746793,-0.23616270822620447,3.642154997214675
10G_phase_gaussian_px0_py0.625,15.0,10.0,31,Intensity-Weighted Centroid,PSF-Aware Fitting,20,-0.35165427099317215,-0.31408806308826376,-0.4570268579650784,-0.24017383849210855,4.056310001760721
10G_phase_gaussian_px0_py0.75,15.0,10.0,31,Intensity-Weighted Centroid,PSF-Aware Fitting,20,-0.31704052372176117,-0.2690437156655394,-0.42821336067312604,-0.19283192044860706,3.4928750072140247
10G_phase_gaussian_px0_py0.875,15.0,10.0,31,Intensity-Weighted Centroid,PSF-Aware Fitting,20,-0.34088174919728986,-0.26323103534860165,-0.5613450212995957,-0.15633787670950097,3.6022399610374123
