scenario_id,experiment_sub_id,psf_family,psf_mismatch_type,mismatch_strength,method_name,snr_db,background_level,total_trials,success_count,success_rate,mean_radial_error,median_radial_error,std_radial_error,rmse_x,rmse_y,radial_rmse,p95_radial_error,max_radial_error,bias_x,bias_y,bias_magnitude,angular_rmse_urad,mean_latency_ms,median_latency_ms,p95_latency_ms,rmse_ci_lower,rmse_ci_upper
10A_matched_gaussian,10A_matched_baseline,gaussian,none,0.0,Gaussian Fitting,15.0,10.0,2,2,1.0,0.03941676867626701,0.03941676867626701,0.0224607017407181,0.04173966832667813,0.017775400517083834,0.045367000954039734,0.0596314002429133,0.06187747041698512,-0.02525204472351561,0.002621483429976479,0.025387751733701704,21.934935056487785,5.0501999999141844,5.0501999999141844,5.207249999875785,0.01695606693554891,0.06187747041698512
10A_matched_gaussian,10A_matched_baseline,gaussian,none,0.0,Intensity-Weighted Centroid,15.0,10.0,2,2,1.0,0.38016646979967883,0.38016646979967883,0.07182993326665968,0.32279847348403096,0.21327735367221315,0.38689285864828643,0.44481340973967254,0.45199640306633854,0.19388751955867178,0.15324005659530826,0.24713333483354205,187.94150989957382,0.21375000005718903,0.21375000005718903,0.21676500009562005,0.3083365365330192,0.45199640306633854
10A_matched_gaussian,10A_matched_baseline,gaussian,none,0.0,PSF-Aware Fitting,15.0,10.0,2,2,1.0,0.05610775984510434,0.05610775984510434,0.030776178072281137,0.05636171123097688,0.03030860205764423,0.06399417044991412,0.08380632011015736,0.08688393791738548,-0.027321756877910275,0.026784950853283362,0.038261102847519206,30.901296180567257,3.883099999939077,3.883099999939077,4.152199999975892,0.025331581772823204,0.08688393791738548
10B_elliptical_r_1.25_theta_0,10B_elliptical,elliptical_gaussian,ellipticity,1.25,Gaussian Fitting,15.0,10.0,2,2,1.0,0.13825368029369456,0.13825368029369456,0.006322373913554974,0.12459312151485961,0.06025451516556526,0.13839816663039256,0.14394381681589402,0.14457605420724953,0.007188718812585648,-0.037479776475151994,0.038162957469171324,66.38220223947856,4.6908999997867795,4.6908999997867795,5.061519999935626,0.13193130638013958,0.14457605420724953
10B_elliptical_r_1.25_theta_0,10B_elliptical,elliptical_gaussian,ellipticity,1.25,Intensity-Weighted Centroid,15.0,10.0,2,2,1.0,0.6709761294096086,0.6709761294096086,0.10195679362183657,0.5840752731747282,0.34563019148941887,0.678678240407887,0.7627372436692615,0.7729329230314452,-0.14032019798335682,-0.34410889653196364,0.3716190127462992,325.49025022229046,0.22119999994174577,0.22119999994174577,0.22902999980942695,0.5690193357877721,0.7729329230314452
10B_elliptical_r_1.25_theta_0,10B_elliptical,elliptical_gaussian,ellipticity,1.25,PSF-Aware Fitting,15.0,10.0,2,2,1.0,0.14710174560729156,0.14710174560729156,0.003213873211470847,0.1262467044503144,0.0755713051175292,0.14713684970710678,0.14999423149761532,0.1503156188187624,0.02377490479483413,-0.0378335493176678,0.044683593767464905,70.69613535999983,3.861950000100478,3.861950000100478,4.305155000020022,0.1438878723958207,0.1503156188187624
10B_elliptical_r_1.25_theta_45,10B_elliptical,elliptical_gaussian,ellipticity,1.25,Gaussian Fitting,15.0,10.0,2,2,1.0,0.1876756231148927,0.1876756231148927,0.07026017399773485,0.11107347935139901,0.1667972234377106,0.20039618649504093,0.25090977971285405,0.25793579711262754,-0.11106045539622755,0.10043748467876412,0.1497401518678755,99.74715636581955,4.916249999951106,4.916249999951106,5.452064999872164,0.11741544911715786,0.25793579711262754
10B_elliptical_r_1.25_theta_45,10B_elliptical,elliptical_gaussian,ellipticity,1.25,Intensity-Weighted Centroid,15.0,10.0,2,2,1.0,0.5780633622348464,0.5780633622348464,0.0781753673404193,0.3911382449278667,0.4327580295867576,0.5833254998858397,0.6484211928412238,0.6562387295752657,-0.09836022782758391,0.371581350490942,0.38437928462778337,289.96890357489684,0.21489999994628306,0.21489999994628306,0.2202100000658902,0.49988799489442715,0.6562387295752657
10B_elliptical_r_1.25_theta_45,10B_elliptical,elliptical_gaussian,ellipticity,1.25,PSF-Aware Fitting,15.0,10.0,2,2,1.0,0.1898425400291565,0.1898425400291565,0.07202564773138062,0.11107628750988371,0.16997041592250242,0.20304650682995465,0.25466562298739903,0.2618681877605371,-0.11092906836103111,0.11161692773771392,0.15736453464822486,101.08967816535271,4.079900000078851,4.079900000078851,4.7573300000976815,0.11781689229777585,0.2618681877605371
10B_elliptical_r_1.5_theta_0,10B_elliptical,elliptical_gaussian,ellipticity,1.5,Gaussian Fitting,15.0,10.0,2,2,1.0,0.2249016197729964,0.2249016197729964,0.002305562605795175,0.08791417544453833,0.20701968976731083,0.22491343711625297,0.22697662611821204,0.22720718237879156,0.08112768948200255,0.206414013501103,0.22178468605907342,111.8617857537998,4.529000000047745,4.529000000047745,4.805480000209172,0.2225960571672012,0.22720718237879156
10B_elliptical_r_1.5_theta_0,10B_elliptical,elliptical_gaussian,ellipticity,1.5,Intensity-Weighted Centroid,15.0,10.0,2,2,1.0,0.31382107498617606,0.31382107498617606,0.07873825484153525,0.27759460349381054,0.16620654617698963,0.32354811061257904,0.38468550434355775,0.3925593298277113,-0.19236098798000967,-0.11409279412495721,0.22365132543288288,157.23567927232637,0.23795000015525147,0.23795000015525147,0.2616650002437382,0.2350828201446408,0.3925593298277113
10B_elliptical_r_1.5_theta_0,10B_elliptical,elliptical_gaussian,ellipticity,1.5,PSF-Aware Fitting,15.0,10.0,2,2,1.0,0.2205440557799636,0.2205440557799636,0.003823682600022013,0.09070940668991077,0.2010624396212922,0.2205771998382911,0.2239853701199834,0.2243677383799856,0.08365378913475752,0.2001749326971094,0.21695151559022294,109.6463064212055,3.581899999971938,3.581899999971938,3.8450600000032864,0.21672037317994158,0.2243677383799856
10B_elliptical_r_1.5_theta_45,10B_elliptical,elliptical_gaussian,ellipticity,1.5,Gaussian Fitting,15.0,10.0,2,2,1.0,0.18269080762801215,0.18269080762801215,0.06631381554539033,0.07041902259274484,0.18114804603154264,0.194353938277472,0.24237324161886345,0.2490046231734025,0.06852766714052905,-0.08183925295941208,0.106741297016093,95.13479604553805,6.2580500000422035,6.2580500000422035,7.536634999837588,0.11637699208262184,0.2490046231734025
10B_elliptical_r_1.5_theta_45,10B_elliptical,elliptical_gaussian,ellipticity,1.5,Intensity-Weighted Centroid,15.0,10.0,2,2,1.0,0.2440899006755452,0.2440899006755452,0.0019088914042421495,0.18651243298027106,0.15746947584205198,0.24409736475060664,0.2458079029393631,0.24599879207978734,0.04949829746300338,-0.06538800338397266,0.08201019716034334,119.46010842355196,0.24970000004032045,0.24970000004032045,0.2875900000162801,0.24218100927130304,0.24599879207978734
10B_elliptical_r_1.5_theta_45,10B_elliptical,elliptical_gaussian,ellipticity,1.5,PSF-Aware Fitting,15.0,10.0,2,2,1.0,0.1586748799544618,0.1586748799544618,0.04022496514478598,0.07460688592502417,0.14570373338398898,0.16369412130391892,0.19487734858476918,0.1988998450992478,0.04938474531297743,-0.07228183914637043,0.08754151780732052,80.27921904740717,5.329950000032113,5.329950000032113,6.643994999922143,0.11844991480967583,0.1988998450992478
10B_elliptical_r_1_theta_0,10B_elliptical,elliptical_gaussian,ellipticity,1.0,Gaussian Fitting,15.0,10.0,2,2,1.0,0.14076979163183645,0.14076979163183645,0.03254934728978613,0.09142446410073041,0.11188012159877202,0.14448388922319938,0.17006420419264395,0.17331913892162257,-0.008884589348397753,-0.03557475470654481,0.03666741196649274,70.01367363973284,3.9475999999467604,3.9475999999467604,4.22840000026099,0.1082204443420503,0.17331913892162257
10B_elliptical_r_1_theta_0,10B_elliptical,elliptical_gaussian,ellipticity,1.0,Intensity-Weighted Centroid,15.0,10.0,2,2,1.0,0.6332393750162641,0.6332393750162641,0.48092549029734505,0.6236193156841408,0.49333597314038885,0.7951612624422361,1.0660723162838746,1.1141648653136091,-0.47495220761160795,-0.2748397407409584,0.5487408155091957,367.67224191497957,0.2037500000824366,0.2037500000824366,0.2076650002209135,0.1523138847189191,1.1141648653136091
10B_elliptical_r_1_theta_0,10B_elliptical,elliptical_gaussian,ellipticity,1.0,PSF-Aware Fitting,15.0,10.0,2,2,1.0,0.1462907631650892,0.1462907631650892,0.03467529786534847,0.098996068566232,0.113150970291486,0.15034415076575097,0.1774985312439028,0.18096606103043766,-0.011417536401808093,-0.03693093929749125,0.03865558711081228,72.61598488737553,3.8527499998508574,3.8527499998508574,3.954224999620237,0.11161546529974073,0.18096606103043766
10B_elliptical_r_1_theta_45,10B_elliptical,elliptical_gaussian,ellipticity,1.0,Gaussian Fitting,15.0,10.0,2,2,1.0,0.20559829943823787,0.20559829943823787,0.059646309414747745,0.06954151870380797,0.20246560235028338,0.21407555432298933,0.25927997791151086,0.2652446088529856,-0.030710412180610547,-0.18787273524225157,0.1903662104043366,106.15656812739718,5.036400000108188,5.036400000108188,5.124690000161536,0.14595199002349013,0.2652446088529856
10B_elliptical_r_1_theta_45,10B_elliptical,elliptical_gaussian,ellipticity,1.0,Intensity-Weighted Centroid,15.0,10.0,2,2,1.0,0.5087791762585693,0.5087791762585693,0.22753583693607796,0.2106104230854308,0.5160155588471395,0.5573408358307775,0.7135614295010394,0.7363150131946472,-0.20786239047367872,-0.4295750940412404,0.4772227308018475,277.15297515139986,0.22685000021738233,0.22685000021738233,0.2331950002371741,0.2812433393224913,0.7363150131946472
10B_elliptical_r_1_theta_45,10B_elliptical,elliptical_gaussian,ellipticity,1.0,PSF-Aware Fitting,15.0,10.0,2,2,1.0,0.1954663967602223,0.1954663967602223,0.06116364010689393,0.06372033727664247,0.1946479430944525,0.20481236079287374,0.25051367285642684,0.2566300368671162,-0.023225735716863483,-0.18000218734727014,0.18149441382420375,101.66360753748971,4.475800000136587,4.475800000136587,4.883140000151798,0.13430275665332836,0.2566300368671162
10B_elliptical_r_2_theta_0,10B_elliptical,elliptical_gaussian,ellipticity,2.0,Gaussian Fitting,15.0,10.0,2,2,1.0,0.22824436314770608,0.22824436314770608,0.03861402301656404,0.11192431998950621,0.20263138620932414,0.23148764995615997,0.2629969838626137,0.2668583861642701,-0.11120573705505876,0.05220664987342616,0.1228505199214288,114.8028116699972,5.049749999898268,5.049749999898268,5.252384999698734,0.18963034013114202,0.2668583861642701
10B_elliptical_r_2_theta_0,10B_elliptical,elliptical_gaussian,ellipticity,2.0,Intensity-Weighted Centroid,15.0,10.0,2,2,1.0,0.2656409525648994,0.2656409525648994,0.10781424402036613,0.019030916121826162,0.28605393044814853,0.2866862865455378,0.36267377218322894,0.37345519658526555,0.009858065448383968,0.2651177626383969,0.2653009791176316,142.78777121739412,0.2340000003187015,0.2340000003187015,0.25983000034557335,0.1578267085445333,0.37345519658526555
10B_elliptical_r_2_theta_0,10B_elliptical,elliptical_gaussian,ellipticity,2.0,PSF-Aware Fitting,15.0,10.0,2,2,1.0,0.22877139430884297,0.22877139430884297,0.02775404183710241,0.11560344374959806,0.1993551641807687,0.23044877455154267,0.2537500319622351,0.25652543614594536,-0.11443667455932882,0.04221081927624937,0.1219733813098986,114.27142430473098,4.567049999877781,4.567049999877781,5.206724999925427,0.20101735247174055,0.25652543614594536
10B_elliptical_r_2_theta_45,10B_elliptical,elliptical_gaussian,ellipticity,2.0,Gaussian Fitting,15.0,10.0,2,2,1.0,0.22880919607324246,0.22880919607324246,0.013057651784799465,0.12867632960684558,0.18964849769172182,0.22918147935166266,0.24056108267956197,0.2418668478580419,-0.10122645024520693,-0.06147541317523064,0.11843150195075074,110.0480652047512,8.502200000066296,8.502200000066296,9.84743000024082,0.21575154428844298,0.2418668478580419
10B_elliptical_r_2_theta_45,10B_elliptical,elliptical_gaussian,ellipticity,2.0,Intensity-Weighted Centroid,15.0,10.0,2,2,1.0,0.39515622155947483,0.39515622155947483,0.08858558988252183,0.30791977078363497,0.26302330872481405,0.40496400602028215,0.4748832524537445,0.4837418114419967,-0.16506537547047628,0.030242373300779946,0.16781292954380198,190.38590583610872,0.2536499998768704,0.2536499998768704,0.30058499976348685,0.30657063167695303,0.4837418114419967
10B_elliptical_r_2_theta_45,10B_elliptical,elliptical_gaussian,ellipticity,2.0,PSF-Aware Fitting,15.0,10.0,2,2,1.0,0.20368521055160263,0.20368521055160263,0.038292411363651246,0.15445703644923517,0.13819188708753283,0.20725340471387624,0.23814838077888875,0.24197762191525388,-0.15246691032248805,0.029879417879385528,0.15536710834696177,99.11832951462684,4.821799999945142,4.821799999945142,5.1259099997196245,0.16539279918795138,0.24197762191525388
10C_asymmetric_alpha_0,10C_asymmetric,asymmetric,asymmetry,0.0,Gaussian Fitting,15.0,10.0,2,2,1.0,0.14947304400675968,0.14947304400675968,0.06687385021354056,0.1560837093578271,0.049519474958152954,0.16375073351600528,0.20965950919894616,0.21634689422030023,0.13187434138353638,-0.02319803974921797,0.1338991820869261,74.07834231484922,5.128400000103284,5.128400000103284,5.387869999867689,0.08259919379321912,0.21634689422030023
10C_asymmetric_alpha_0,10C_asymmetric,asymmetric,asymmetry,0.0,Intensity-Weighted Centroid,15.0,10.0,2,2,1.0,0.6973939693929663,0.6973939693929663,0.22631648199567464,0.7138977813419524,0.16711509914910164,0.7331967666108302,0.9010788031890734,0.9237104513886409,0.2565653681593574,0.13718230379512875,0.2909377469722442,338.3172393390829,0.20610000024134933,0.20610000024134933,0.21060000033230608,0.47107748739729166,0.9237104513886409
10C_asymmetric_alpha_0,10C_asymmetric,asymmetric,asymmetry,0.0,PSF-Aware Fitting,15.0,10.0,2,2,1.0,0.13179505319842452,0.13179505319842452,0.06085108187412405,0.13926249365442978,0.04097252828392219,0.14516470029875342,0.18656102688513615,0.19264613507254857,0.11680165988204294,-0.028176470801042797,0.12015215877379173,65.58096867615755,4.194050000023708,4.194050000023708,4.7536249999666325,0.07094397132430047,0.19264613507254857
10C_asymmetric_alpha_0.1,10C_asymmetric,asymmetric,asymmetry,0.1,Gaussian Fitting,15.0,10.0,2,2,1.0,0.2395161210936289,0.2395161210936289,0.12004345407540325,0.17080850410425008,0.20640459795207988,0.26791491770726644,0.3475552297614918,0.35955957516903214,0.12591677009135083,-0.19277388859700295,0.23025378414924652,131.78204108218705,5.61945000004016,5.61945000004016,5.7895950000556695,0.11947266701822565,0.35955957516903214
10C_asymmetric_alpha_0.1,10C_asymmetric,asymmetric,asymmetry,0.1,Intensity-Weighted Centroid,15.0,10.0,2,2,1.0,0.8217362848979783,0.8217362848979783,0.23439320273776348,0.7956484578031354,0.31166364401882046,0.8545119632910928,1.0326901673619655,1.0561294876357419,-0.32269601225937095,0.2698513345484912,0.42065717524571217,422.00009444059003,0.2227999998467567,0.2227999998467567,0.23764999996274128,0.5873430821602149,1.0561294876357419
10C_asymmetric_alpha_0.1,10C_asymmetric,asymmetric,asymmetry,0.1,PSF-Aware Fitting,15.0,10.0,2,2,1.0,0.2368390539348797,0.2368390539348797,0.08147719288003193,0.12724926544594914,0.21572875300210942,0.2504621137585059,0.31016852752690843,0.3183162468149116,0.03987249368378798,-0.20368046813501905,0.20754649804866435,122.78629121698735,4.7336499999346415,4.7336499999346415,5.408515000067382,0.15536186105484776,0.3183162468149116
10C_asymmetric_alpha_0.2,10C_asymmetric,asymmetric,asymmetry,0.2,Gaussian Fitting,15.0,10.0,2,2,1.0,0.2375865861263231,0.2375865861263231,0.012944297141655667,0.1662718280589016,0.1702017036624584,0.23793894329355217,0.24923645355381321,0.2505308832679788,0.15093876735338085,0.1395073675325733,0.20553543997575338,114.26089873451285,4.78819999989355,4.78819999989355,5.026610000140863,0.22464228898466745,0.2505308832679788
10C_asymmetric_alpha_0.2,10C_asymmetric,asymmetric,asymmetry,0.2,Intensity-Weighted Centroid,15.0,10.0,2,2,1.0,0.3901267604150445,0.3901267604150445,0.058029975328288685,0.2949678996476466,0.26184022877700674,0.3944190249322912,0.44235373821050433,0.4481567357433332,0.26884473748316395,-0.038567219059487456,0.27159698683596223,192.858848335331,0.23765000014464022,0.23765000014464022,0.24453500018353225,0.33209678508675583,0.4481567357433332
10C_asymmetric_alpha_0.2,10C_asymmetric,asymmetric,asymmetry,0.2,PSF-Aware Fitting,15.0,10.0,2,2,1.0,0.14865729936973288,0.14865729936973288,0.07732665460282709,0.07665496615984459,0.14900476613518235,0.1675661187948426,0.21825128851227724,0.22598395397255996,-0.016206073320660153,0.12364909192305618,0.12470659463665508,81.56603031702502,3.991900000073656,3.991900000073656,4.452249999985725,0.07133064476690579,0.22598395397255996
10C_asymmetric_alpha_0.3,10C_asymmetric,asymmetric,asymmetry,0.3,Gaussian Fitting,15.0,10.0,2,2,1.0,0.30605839273505797,0.30605839273505797,0.06337646783372135,0.2858472397936082,0.1264107271596092,0.3125513020907859,0.3630972137854072,0.36943486056877933,0.279265163048791,0.12498663674014665,0.30595864206830503,147.34250577649826,4.396699999915654,4.396699999915654,4.495789999941735,0.24268192490133664,0.36943486056877933
10C_asymmetric_alpha_0.3,10C_asymmetric,asymmetric,asymmetry,0.3,Intensity-Weighted Centroid,15.0,10.0,2,2,1.0,0.5402871128220955,0.5402871128220955,0.3512460834715288,0.6021450386362978,0.2295764096796868,0.644425306327835,0.8564085879464715,0.8915331962936244,0.5043596720910557,0.123240419268285,0.5191983048635848,298.8284133267284,0.2156499999728112,0.2156499999728112,0.23153500019361672,0.1890410293505667,0.8915331962936244
10C_asymmetric_alpha_0.3,10C_asymmetric,asymmetric,asymmetry,0.3,PSF-Aware Fitting,15.0,10.0,2,2,1.0,0.14693565626902166,0.14693565626902166,0.037336191227503576,0.07968021940684368,0.12897728828697733,0.15160500736646138,0.1805382283737749,0.18427184749652525,0.061271750012281245,0.12763950847204342,0.14158414979280812,73.5902506743072,4.0380999998888,4.0380999998888,4.07400999993115,0.1095994650415181,0.18427184749652525
10D_defocused_sig_0.5px,10D_defocused,defocused,defocus,0.5,Gaussian Fitting,15.0,10.0,2,2,1.0,0.14657611184971686,0.14657611184971686,0.023414470270915567,0.14364935536512852,0.03738524690611681,0.14843447707001325,0.16764913509354087,0.16999058212063242,-0.14166794733523602,0.03734642745666861,0.14650789380083046,72.22819831780924,4.780700000083016,4.780700000083016,4.848740000034013,0.12316164157880129,0.16999058212063242
10D_defocused_sig_0.5px,10D_defocused,defocused,defocus,0.5,Intensity-Weighted Centroid,15.0,10.0,2,2,1.0,0.5679516883830826,0.5679516883830826,0.27668119877029196,0.6017526318775962,0.1923938047821347,0.6317607190148498,0.8169647672763454,0.8446328871533746,-0.3549188553874387,-0.09019687424824951,0.36620058715638915,308.24600666761467,0.22575000002689194,0.22575000002689194,0.24595499999122694,0.2912704896127907,0.8446328871533746
10D_defocused_sig_0.5px,10D_defocused,defocused,defocus,0.5,PSF-Aware Fitting,15.0,10.0,2,2,1.0,0.14834277206847857,0.14834277206847857,0.021006467136941723,0.14368799108331773,0.04243360584461797,0.14982272753669915,0.1672485924917261,0.16934923920542028,-0.14183547678919695,0.04229322046711559,0.1480068206992464,72.92090526739901,3.150900000036927,3.150900000036927,3.292919999739752,0.12733630493153683,0.16934923920542028
10D_defocused_sig_0px,10D_defocused,defocused,defocus,0.0,Gaussian Fitting,15.0,10.0,2,2,1.0,0.18833428264918825,0.18833428264918825,0.1340920436754288,0.03504918108518865,0.22852140622553302,0.23119359463020905,0.30901712195707415,0.32242632632461704,-0.009827760884434156,0.1445516486650149,0.14488534782984622,114.65087638978017,4.507549999971161,4.507549999971161,4.569334999973762,0.054242238973759446,0.32242632632461704
10D_defocused_sig_0px,10D_defocused,defocused,defocus,0.0,Intensity-Weighted Centroid,15.0,10.0,2,2,1.0,0.738993301024252,0.738993301024252,0.008196320004185298,0.7188817594309946,0.1714272282274004,0.7390387531248491,0.7463699890280188,0.7471896210284373,0.00948874008849998,-0.08727994824673146,0.087794222784983,348.7125470020003,0.2763499999218766,0.2763499999218766,0.32040499997947336,0.7307969810200667,0.7471896210284373
10D_defocused_sig_0px,10D_defocused,defocused,defocus,0.0,PSF-Aware Fitting,15.0,10.0,2,2,1.0,0.19955487851266807,0.19955487851266807,0.11997775003086357,0.050040917482541844,0.2274043021100954,0.23284503439127513,0.3075348535404453,0.31953262854353165,-0.026426604592472813,0.13967395031809815,0.14215195330261718,115.483849658519,3.374100000200997,3.374100000200997,3.632670000069993,0.0795771284818045,0.31953262854353165
10D_defocused_sig_1px,10D_defocused,defocused,defocus,1.0,Gaussian Fitting,15.0,10.0,2,2,1.0,0.2348020360790037,0.2348020360790037,0.059509806031313256,0.12632960295256135,0.20667424749730792,0.24222595476275924,0.28836086150718565,0.29431184211031697,0.005661243345457478,0.06792530336622349,0.06816081362197768,120.13095912429979,5.295700000033321,5.295700000033321,5.561289999945984,0.17529223004769046,0.29431184211031697
10D_defocused_sig_1px,10D_defocused,defocused,defocus,1.0,Intensity-Weighted Centroid,15.0,10.0,2,2,1.0,0.6159333403494068,0.6159333403494068,0.23779702612904782,0.3168661063937012,0.5792384448641966,0.6602433683042923,0.8299506638655498,0.8537303664784547,0.305330206324129,-0.22615245189996358,0.37996245392709593,327.93258074682655,0.2256000000215863,0.2256000000215863,0.23549999989427306,0.37813631422035904,0.8537303664784547
10D_defocused_sig_1px,10D_defocused,defocused,defocus,1.0,PSF-Aware Fitting,15.0,10.0,2,2,1.0,0.2245763637377374,0.2245763637377374,0.07114493110080286,0.15106746771812793,0.18076162360477652,0.2355761965288567,0.28860680172846,0.29572129483854026,0.048607612261491795,0.05214394448614712,0.07128597980204747,116.64702179611612,3.5277500001029694,3.5277500001029694,3.5311250000177097,0.15343143263693454,0.29572129483854026
10D_defocused_sig_2px,10D_defocused,defocused,defocus,2.0,Gaussian Fitting,15.0,10.0,2,2,1.0,0.15266840058265685,0.15266840058265685,0.027879022064253113,0.10033417451852597,0.11839735567744601,0.15519304239470816,0.17775952044048465,0.18054742264690996,-0.01612249717101122,-0.022895770392437953,0.028002700171456736,73.9695727452248,4.684849999648577,4.684849999648577,4.932214999735152,0.12478937851840373,0.18054742264690996
10D_defocused_sig_2px,10D_defocused,defocused,defocus,2.0,Intensity-Weighted Centroid,15.0,10.0,2,2,1.0,0.5127610777662371,0.5127610777662371,0.06029352852975631,0.09295924204152808,0.5078560935674852,0.5162937462865124,0.5670252534430178,0.5730546062959935,-0.08974588733781275,-0.06571002626810696,0.11123008516676901,253.83608370494434,0.21779999997306732,0.21779999997306732,0.23669999982303125,0.45246754923648086,0.5730546062959935
10D_defocused_sig_2px,10D_defocused,defocused,defocus,2.0,PSF-Aware Fitting,15.0,10.0,2,2,1.0,0.15749477267188305,0.15749477267188305,0.021514128969412363,0.10485931232715828,0.11946541668012589,0.15895741934329652,0.17685748874435417,0.1790089016412954,-0.008431501797048213,-0.021328698333320517,0.022934768260163794,75.73567294533106,3.158199999916178,3.158199999916178,3.324519999864606,0.13598064370247068,0.1790089016412954
10E_aberrated_astigmatism_w_0.1,10E_aberrated,aberrated,aberration,0.1,Gaussian Fitting,15.0,10.0,2,2,1.0,0.26019053531759373,0.26019053531759373,0.0018156251815195923,0.10294258709247814,0.23896701639842124,0.2601968700112585,0.2618245979809614,0.26200616049911335,0.09249833104735217,0.23816759248609287,0.25549900852482216,127.24610164321855,5.61264999987543,5.61264999987543,6.158904999892911,0.25837491013607417,0.26200616049911335
10E_aberrated_astigmatism_w_0.1,10E_aberrated,aberrated,aberration,0.1,Intensity-Weighted Centroid,15.0,10.0,2,2,1.0,0.5902373735453983,0.5902373735453983,0.2774510962853661,0.3413691871748405,0.5557214644111835,0.6521957282593329,0.8399433602022278,0.8676884698307644,-0.2026362511218167,0.514472461062951,0.5529406509390258,318.26950234133704,0.23605000001225562,0.23605000001225562,0.2392449999888413,0.3127862772600322,0.8676884698307644
10E_aberrated_astigmatism_w_0.1,10E_aberrated,aberrated,aberration,0.1,PSF-Aware Fitting,15.0,10.0,2,2,1.0,0.25967306695606424,0.25967306695606424,0.004035382865246573,0.09893864655230775,0.2401198247451369,0.2597044204807414,0.26330491153478613,0.2637084498213108,0.09420989059026397,0.24000276036576906,0.2578310075770916,127.2337120345451,4.171799999994619,4.171799999994619,4.262249999715095,0.25563768409081766,0.2637084498213108
10E_aberrated_coma_w_0,10E_aberrated,aberrated,aberration,0.0,Gaussian Fitting,15.0,10.0,2,2,1.0,0.10812010561978652,0.10812010561978652,0.014158240272913881,0.0795171868342203,0.07461521295842463,0.10904317038154822,0.12086252186540902,0.12227834589270041,-0.033607714125082566,-0.012104027628382141,0.0357209453058274,52.43855503382226,4.629799999975148,4.629799999975148,4.725290000010318,0.09396186534687265,0.12227834589270041
10E_aberrated_coma_w_0,10E_aberrated,aberrated,aberration,0.0,Intensity-Weighted Centroid,15.0,10.0,2,2,1.0,0.5994172670342894,0.5994172670342894,0.32279870994198034,0.18023538333289119,0.6565175349934754,0.6808083923976433,0.8899361059820717,0.9222159769762698,-0.17846546465355573,-0.5482895165453527,0.5766032570386211,330.5828498670542,0.255300000162606,0.255300000162606,0.2748300001030657,0.27661855709230904,0.9222159769762698
10E_aberrated_coma_w_0,10E_aberrated,aberrated,aberration,0.0,PSF-Aware Fitting,15.0,10.0,2,2,1.0,0.10627536524447344,0.10627536524447344,0.002198666082516343,0.05866514622685176,0.0886436010582306,0.10629810624083874,0.10825416471873815,0.10847403132698978,-0.033073775198914745,-0.021342203452235253,0.03936196456104485,51.823517438490605,2.977499999815336,2.977499999815336,3.2925899999099784,0.1040766991619571,0.10847403132698978
10E_aberrated_coma_w_0.05,10E_aberrated,aberrated,aberration,0.05,Gaussian Fitting,15.0,10.0,2,2,1.0,0.2891842479868094,0.2891842479868094,0.0930588797774931,0.2532095281395407,0.16784641565577016,0.30378855210349587,0.3729372397865532,0.3822431277643025,0.24283538436009167,0.15650825900104337,0.28890112328070156,145.8758275699058,4.898450000155208,4.898450000155208,5.38782500027537,0.19612536820931634,0.3822431277643025
10E_aberrated_coma_w_0.05,10E_aberrated,aberrated,aberration,0.05,Intensity-Weighted Centroid,15.0,10.0,2,2,1.0,0.738231952065172,0.738231952065172,0.010991227749478694,0.6077966749926998,0.4191544154666795,0.7383137694350521,0.7481240570397029,0.7492231798146507,0.6055133461734385,-0.41523132446042155,0.7342094150903475,355.5137432869929,0.21549999996750557,0.21549999996750557,0.23026000001209468,0.7272407243156933,0.7492231798146507
10E_aberrated_coma_w_0.05,10E_aberrated,aberrated,aberration,0.05,PSF-Aware Fitting,15.0,10.0,2,2,1.0,0.1625096839862225,0.1625096839862225,0.07703798080577116,0.08717801186902947,0.15730302642509975,0.17984506630967745,0.23184386671141657,0.2395476647919937,0.0660837257945559,0.1452823413197848,0.1596058191741407,87.46910457750185,4.073199999993449,4.073199999993449,4.17507999998179,0.08547170318045134,0.2395476647919937
10E_aberrated_coma_w_0.1,10E_aberrated,aberrated,aberration,0.1,Gaussian Fitting,15.0,10.0,2,2,1.0,0.44058429346083217,0.44058429346083217,0.11288522211469598,0.44671710833890127,0.08544833604930684,0.4548159990768409,0.5421809933640586,0.5534695155755281,0.43000549322457005,0.028755180779796774,0.43096587408399817,216.3837508994388,5.094599999893035,5.094599999893035,5.214300000102412,0.3276990713461362,0.5534695155755281
10E_aberrated_coma_w_0.1,10E_aberrated,aberrated,aberration,0.1,Intensity-Weighted Centroid,15.0,10.0,2,2,1.0,0.6604816958585673,0.6604816958585673,0.23019506422522257,0.6753885848120239,0.18186835256161243,0.6994468086694394,0.8676572536612677,0.8906767600837899,0.6395850656600715,0.16253849026020362,0.6599150074300965,334.66718167826417,0.23514999975304818,0.23514999975304818,0.23654499973417842,0.4302866316333448,0.8906767600837899
10E_aberrated_coma_w_0.1,10E_aberrated,aberrated,aberration,0.1,PSF-Aware Fitting,15.0,10.0,2,2,1.0,0.1468918828775374,0.1468918828775374,0.024633351807727036,0.1263203354891029,0.07891261064311522,0.1489430336625094,0.16906189950449171,0.17152523468526443,0.04488707548665616,0.022207893271854573,0.050080336154211785,71.96212591787248,6.190649999780362,6.190649999780362,8.231084999647464,0.12225853106981036,0.17152523468526443
10E_aberrated_coma_w_0.2,10E_aberrated,aberrated,aberration,0.2,Gaussian Fitting,15.0,10.0,2,2,1.0,0.6301811668694568,0.6301811668694568,0.015180845109035224,0.6199288808533722,0.11422321926412417,0.6303639909886785,0.6438439274675886,0.6453620119784921,0.6193897485281354,0.0868342657457788,0.6254469204411798,308.34395705980415,5.3216500000417,5.3216500000417,5.531035000285556,0.6150003217604216,0.6453620119784921
10E_aberrated_coma_w_0.2,10E_aberrated,aberrated,aberration,0.2,Intensity-Weighted Centroid,15.0,10.0,2,2,1.0,0.3858844384524894,0.3858844384524894,0.09013433237628898,0.3318902065118289,0.2165176402380369,0.39627136877739777,0.4670053375911494,0.47601877082877836,0.3298824513439058,-0.17046218650756373,0.37132167824354645,193.57142500918212,0.21150000020497828,0.21150000020497828,0.2269800002068223,0.2957501060762004,0.47601877082877836
10E_aberrated_coma_w_0.2,10E_aberrated,aberrated,aberration,0.2,PSF-Aware Fitting,15.0,10.0,2,2,1.0,0.15331908193826194,0.15331908193826194,0.04491598932645175,0.11008372228538908,0.11578325039209571,0.15976290866019371,0.1937434723320685,0.19823507126471368,-0.1099931372195897,0.06852675548839215,0.129593234596461,78.67330936608472,3.8376999998490646,3.8376999998490646,3.9002499999469364,0.10840309261181018,0.19823507126471368
10F_snr_asymmetric_snr_0dB,10F_snr,asymmetric,snr_sweep,0.0,Gaussian Fitting,0.0,10.0,2,2,1.0,0.7886388198212981,0.7886388198212981,0.3779308880711558,0.28640646741024317,0.8262894648444743,0.8745186929319364,1.1287766190853383,1.166569707892454,0.19683268373384522,0.34174949831157164,0.3943803050129137,430.4594356954548,8.987649999880887,8.987649999880887,11.553774999924826,0.41070793175014236,1.166569707892454
10F_snr_asymmetric_snr_0dB,10F_snr,asymmetric,snr_sweep,0.0,Intensity-Weighted Centroid,0.0,10.0,2,2,1.0,0.982858155030891,0.982858155030891,0.01066702384288426,0.7628270847933818,0.6198538352015113,0.9829160382801736,0.9924584764894869,0.9935251788737753,0.0533786815935855,0.6179324845696783,0.6202336971941504,464.35156333897015,0.20754999991368095,0.20754999991368095,0.2163249998147876,0.9721911311880068,0.9935251788737753
10F_snr_asymmetric_snr_0dB,10F_snr,asymmetric,snr_sweep,0.0,PSF-Aware Fitting,0.0,10.0,2,2,1.0,0.7047073096702822,0.7047073096702822,0.256706172333909,0.21836446471184226,0.7175147467252253,0.7500069674456722,0.9357428647708003,0.9614134820041912,0.04487698644547322,0.25550698906602065,0.2594181284606201,369.6176609308132,6.442849999984901,6.442849999984901,7.754285000055461,0.4480011373363731,0.9614134820041912
10F_snr_asymmetric_snr_10dB,10F_snr,asymmetric,snr_sweep,10.0,Gaussian Fitting,10.0,10.0,2,2,1.0,0.16044484447504542,0.16044484447504542,0.10206672533078848,0.04793903638949421,0.18401633984083823,0.19015826181991707,0.25230489727275507,0.2625115698058339,0.04173718670301696,0.09938568713869245,0.10779381968328496,93.1360142436611,4.972250000037093,4.972250000037093,5.542175000005045,0.058378119144256946,0.2625115698058339
10F_snr_asymmetric_snr_10dB,10F_snr,asymmetric,snr_sweep,10.0,Intensity-Weighted Centroid,10.0,10.0,2,2,1.0,0.7530981000389972,0.7530981000389972,0.06879419578077106,0.2642355834115661,0.7085682367384385,0.7562336871995788,0.8150128762416912,0.8218922958197683,0.2518269514119993,0.7010947831886938,0.744950138245415,367.57425489615093,0.25455000013607787,0.25455000013607787,0.28798500015909667,0.6843039042582262,0.8218922958197683
10F_snr_asymmetric_snr_10dB,10F_snr,asymmetric,snr_sweep,10.0,PSF-Aware Fitting,10.0,10.0,2,2,1.0,0.16973794914280793,0.16973794914280793,0.029307341875881354,0.07623377327927576,0.15446133328001613,0.17224950411259896,0.19611455683110116,0.19904529101868929,-0.0595914226161085,0.05394548957730194,0.08038192268878892,84.7885338922067,4.334700000299563,4.334700000299563,4.548270000282173,0.14043060726692658,0.19904529101868929
10F_snr_asymmetric_snr_15dB,10F_snr,asymmetric,snr_sweep,15.0,Gaussian Fitting,15.0,10.0,2,2,1.0,0.11457798781001305,0.11457798781001305,0.02746800849902928,0.11447781456496908,0.027882552858782425,0.11782447445880777,0.1392991954591394,0.14204599630904233,0.11020875234811456,-0.010261813933368558,0.1106854729371977,57.79325855413919,4.731799999944997,4.731799999944997,4.99711999984811,0.08710997931098377,0.14204599630904233
10F_snr_asymmetric_snr_15dB,10F_snr,asymmetric,snr_sweep,15.0,Intensity-Weighted Centroid,15.0,10.0,2,2,1.0,0.7526962537405208,0.7526962537405208,0.3109221139398492,0.5190673917615503,0.6275294846791666,0.8143857877761861,1.0325261562863852,1.06361836768037,0.5069659018632819,0.3343056454807538,0.6072682193663309,391.4155309811757,0.23979999991752265,0.23979999991752265,0.24834999974245875,0.44177413980067165,1.06361836768037
10F_snr_asymmetric_snr_15dB,10F_snr,asymmetric,snr_sweep,15.0,PSF-Aware Fitting,15.0,10.0,2,2,1.0,0.05706900117816381,0.05706900117816381,0.03038711545605918,0.054419057900150586,0.03491151412461499,0.06465483494073071,0.08441740508861707,0.087456116634223,-0.04641236320765074,-0.012788212229253304,0.04814193422100234,30.377876648113475,4.102549999970506,4.102549999970506,4.104935000123078,0.026681885722104635,0.087456116634223
10F_snr_asymmetric_snr_20dB,10F_snr,asymmetric,snr_sweep,20.0,Gaussian Fitting,20.0,10.0,2,2,1.0,0.1636993412938931,0.1636993412938931,0.027527130628331647,0.1646239822303848,0.02131107072142749,0.16599764233471428,0.18847375885939158,0.19122647192222475,0.16238301700002467,-0.005351176232181842,0.1624711645095774,79.2989527309775,4.330050000135088,4.330050000135088,4.406955000058588,0.13617221066556146,0.19122647192222475
10F_snr_asymmetric_snr_20dB,10F_snr,asymmetric,snr_sweep,20.0,Intensity-Weighted Centroid,20.0,10.0,2,2,1.0,0.3205374699810714,0.3205374699810714,0.08823522296881366,0.25377329814042454,0.21477624958349956,0.3324601092375181,0.39994917065300367,0.40877269294988505,0.08775997112252298,-0.03484956722527954,0.09442618740167023,163.5814104999968,0.20835000009356008,0.20835000009356008,0.2110050000510455,0.23230224701225774,0.40877269294988505
10F_snr_asymmetric_snr_20dB,10F_snr,asymmetric,snr_sweep,20.0,PSF-Aware Fitting,20.0,10.0,2,2,1.0,0.04030872498674282,0.04030872498674282,0.0002381605538626548,0.03449926291608209,0.020848282633188855,0.04030942855593813,0.0405230694852192,0.04054688554060547,-0.003859755516543828,-0.006161732737183456,0.0072708089626924485,19.62853966483073,3.9714499998808606,3.9714499998808606,3.9761749998433515,0.04007056443288016,0.04054688554060547
10F_snr_asymmetric_snr_25dB,10F_snr,asymmetric,snr_sweep,25.0,Gaussian Fitting,25.0,10.0,2,2,1.0,0.20603691927128587,0.20603691927128587,0.03415233754999726,0.20873643235505346,0.006833452320424648,0.20884825654750228,0.23677402306628342,0.24018925682128314,0.20593185921018176,0.006489589828277076,0.2060340879900736,104.0639640568383,3.872800000181087,3.872800000181087,3.916360000152963,0.17188458172128862,0.24018925682128314
10F_snr_asymmetric_snr_25dB,10F_snr,asymmetric,snr_sweep,25.0,Intensity-Weighted Centroid,25.0,10.0,2,2,1.0,0.4134417090819782,0.4134417090819782,0.004584033231859935,0.24687325920732298,0.33167552526174104,0.41346712102572064,0.4175673389906522,0.41802574231383816,-0.18540514984033507,-0.1017389714430692,0.21148495903399547,206.49413125676526,0.22734999993190286,0.22734999993190286,0.2329749997898034,0.4088576758501183,0.41802574231383816
10F_snr_asymmetric_snr_25dB,10F_snr,asymmetric,snr_sweep,25.0,PSF-Aware Fitting,25.0,10.0,2,2,1.0,0.045151768136611245,0.045151768136611245,0.03405162958088082,0.05620996199248906,0.0062157715352767155,0.056552591832521884,0.07579823475940399,0.07920339771749207,0.04464963363398056,0.005807161070208622,0.04502569159206812,28.206862729593677,3.578150000066671,3.578150000066671,3.6334550000447052,0.011100138555730422,0.07920339771749207
10F_snr_asymmetric_snr_30dB,10F_snr,asymmetric,snr_sweep,30.0,Gaussian Fitting,30.0,10.0,2,2,1.0,0.17355876080070454,0.17355876080070454,0.012292289707663578,0.17037626113346868,0.03529409977763126,0.17399351665201007,0.18462182153760176,0.18585105050836812,0.16983491927953764,-0.03495181375745915,0.17339414376392065,81.660991859897,4.4940000000224245,4.4940000000224245,4.517310000096586,0.16126647109304096,0.18585105050836812
10F_snr_asymmetric_snr_30dB,10F_snr,asymmetric,snr_sweep,30.0,Intensity-Weighted Centroid,30.0,10.0,2,2,1.0,0.18646464015359693,0.18646464015359693,0.12575551878918478,0.20843723344503473,0.08448332526201545,0.22490778673391323,0.2996446070638632,0.3122201589427817,0.17327313186729043,0.0490603374050238,0.18008468822582943,108.96331615733162,0.26845000002140296,0.26845000002140296,0.28478499998527695,0.06070912136441217,0.3122201589427817
10F_snr_asymmetric_snr_30dB,10F_snr,asymmetric,snr_sweep,30.0,PSF-Aware Fitting,30.0,10.0,2,2,1.0,0.0388165514146519,0.0388165514146519,0.0008847675279044058,0.016448670010204346,0.035170281946554714,0.03882663360767642,0.039612842189765865,0.0397013189425563,0.008916500970030938,-0.03487885556671699,0.03600053548480172,18.719786706276196,3.947550000020783,3.947550000020783,4.387515000030362,0.03793178388674749,0.0397013189425563
10F_snr_asymmetric_snr_3dB,10F_snr,asymmetric,snr_sweep,3.0,Gaussian Fitting,3.0,10.0,2,2,1.0,1.0328810559507569,1.0328810559507569,0.5342371771379416,1.1014328840775558,0.3729587632042778,1.162863980514603,1.5136945153749044,1.5671182330886986,0.5904758214242065,-0.37288368809012695,0.6983580317647149,541.7260419567375,9.911050000027899,9.911050000027899,11.788494999927934,0.4986438788128153,1.5671182330886986
10F_snr_asymmetric_snr_3dB,10F_snr,asymmetric,snr_sweep,3.0,Intensity-Weighted Centroid,3.0,10.0,2,2,1.0,0.8536784936967831,0.8536784936967831,0.09246473826956025,0.386460252995051,0.7667888700800684,0.8586714729299365,0.9368967581393873,0.9461432319663433,-0.3135023115823401,0.010550583905029498,0.3136797956327562,427.5975090193663,0.2339000000119995,0.2339000000119995,0.24379999988468626,0.7612137554272228,0.9461432319663433
10F_snr_asymmetric_snr_3dB,10F_snr,asymmetric,snr_sweep,3.0,PSF-Aware Fitting,3.0,10.0,2,2,1.0,1.0512545951437935,1.0512545951437935,0.16080726344633872,0.8112177795618575,0.6876924559065417,1.0634825808578348,1.1959811322454983,1.2120618585901322,-0.009920601381850247,-0.6270135652661679,0.6270920421752844,518.4535304076894,5.662799999981871,5.662799999981871,5.941259999667636,0.8904473316974547,1.2120618585901322
10F_snr_asymmetric_snr_5dB,10F_snr,asymmetric,snr_sweep,5.0,Gaussian Fitting,5.0,10.0,2,2,1.0,0.7219544867299401,0.7219544867299401,0.3363762132508938,0.5743780308595718,0.5517763273432296,0.79647174322163,1.0246930786557447,1.058330699980834,0.519518430955145,-0.2305657780170236,0.568383653965076,397.66876189359397,13.79685000028985,13.79685000028985,20.78998500023772,0.3855782734790464,1.058330699980834
10F_snr_asymmetric_snr_5dB,10F_snr,asymmetric,snr_sweep,5.0,Intensity-Weighted Centroid,5.0,10.0,2,2,1.0,0.5820375779899455,0.5820375779899455,0.03985436953127075,0.5595872996186506,0.16497929284805238,0.583400473914049,0.6179065105680892,0.6218919475212162,0.06579024071811546,0.12721538644564134,0.1432204954685657,291.0651845771761,0.20894999988740892,0.20894999988740892,0.21196499992583995,0.5421832084586747,0.6218919475212162
10F_snr_asymmetric_snr_5dB,10F_snr,asymmetric,snr_sweep,5.0,PSF-Aware Fitting,5.0,10.0,2,2,1.0,0.5978867947087313,0.5978867947087313,0.22984284685209042,0.48911540294885164,0.41359699725014515,0.6405437951741896,0.8047453568756127,0.8277296415608217,0.4298906477871469,-0.09207796093812703,0.43964112631255964,319.7321579682244,5.308399999876201,5.308399999876201,5.453479999755473,0.3680439478566409,0.8277296415608217
10F_snr_asymmetric_snr_7dB,10F_snr,asymmetric,snr_sweep,7.0,Gaussian Fitting,7.0,10.0,2,2,1.0,0.5194828674012244,0.5194828674012244,0.17143853172340845,0.1511146766458513,0.5257546711015472,0.5470407842957198,0.673777545952292,0.6909213991246329,-0.13084888353665747,-0.48445842983412035,0.5018180950903735,270.48314672948214,5.8677000001807755,5.8677000001807755,6.263610000132758,0.348044335677816,0.6909213991246329
10F_snr_asymmetric_snr_7dB,10F_snr,asymmetric,snr_sweep,7.0,Intensity-Weighted Centroid,7.0,10.0,2,2,1.0,0.3495686857716485,0.3495686857716485,0.3075799604072799,0.3767997230391153,0.2735428062185285,0.46562184024835157,0.6263906501382004,0.6571486461789284,0.25634129501187886,-0.21104375448831547,0.3320396449776615,224.3056790582093,0.20450000010896474,0.20450000010896474,0.21422000004349684,0.04198872536436863,0.6571486461789284
10F_snr_asymmetric_snr_7dB,10F_snr,asymmetric,snr_sweep,7.0,PSF-Aware Fitting,7.0,10.0,2,2,1.0,0.6011354366972111,0.6011354366972111,0.1339426941834523,0.286268507213627,0.5453024851914303,0.6158769833158798,0.7216838614623182,0.7350781308806634,-0.26671773988215364,-0.5005928795289663,0.5672138783589011,303.58290842652826,5.275799999935771,5.275799999935771,5.854410000142707,0.4671927425137588,0.7350781308806634
10F_snr_defocused_snr_0dB,10F_snr,defocused,snr_sweep,0.0,Gaussian Fitting,0.0,10.0,2,2,1.0,2.1779268888680567,2.1779268888680567,0.10193017954468031,1.0191335826857866,1.9274651839653385,2.180310825262422,2.269664050458269,2.279857068412737,-0.9379086072397627,-0.3133516155053542,0.9888689450449168,1074.2193790075328,8.906849999902988,8.906849999902988,11.536334999868814,2.0759967093233764,2.279857068412737
10F_snr_defocused_snr_0dB,10F_snr,defocused,snr_sweep,0.0,Intensity-Weighted Centroid,0.0,10.0,2,2,1.0,0.9231784804221179,0.9231784804221179,0.49096247541374055,0.5822842458189911,0.8684743611931715,1.0456111413804265,1.3650447082944843,1.4141409558358584,0.1622252949971994,-0.693569158505511,0.7122887223359436,520.7524227043154,0.20559999984470778,0.20559999984470778,0.21918999977970088,0.4322160050083773,1.4141409558358584
10F_snr_defocused_snr_0dB,10F_snr,defocused,snr_sweep,0.0,PSF-Aware Fitting,0.0,10.0,2,2,1.0,2.1532772262778694,2.1532772262778694,0.10762968792811933,1.0286386260219282,1.8947531607009231,2.155965436395124,2.2501439454131766,2.2609069142059885,-0.9428036727832136,-0.3321462168049436,0.999599857318594,1062.0001304613963,5.762799999956769,5.762799999956769,5.878180000217981,2.04564753834975,2.2609069142059885
10F_snr_defocused_snr_10dB,10F_snr,defocused,snr_sweep,10.0,Gaussian Fitting,10.0,10.0,2,2,1.0,0.31280613663645135,0.31280613663645135,0.09425711714894763,0.30364393971913994,0.12055057495711917,0.32669876530322656,0.3976375420705042,0.407063253785399,-0.27196882489539576,0.0814901743187022,0.2839149348404816,158.2684092992569,6.213550000211399,6.213550000211399,7.001005000029181,0.21854901948750372,0.407063253785399
10F_snr_defocused_snr_10dB,10F_snr,defocused,snr_sweep,10.0,Intensity-Weighted Centroid,10.0,10.0,2,2,1.0,0.4383684336892069,0.4383684336892069,0.10670421434935812,0.18024592569449074,0.41359893530518,0.4511681205659841,0.5344022266036292,0.545072648038565,0.12271445798626246,0.3786928623736685,0.3980792913624425,225.0771292806328,0.2650999999787018,0.2650999999787018,0.2989400002206821,0.3316642193398488,0.545072648038565
10F_snr_defocused_snr_10dB,10F_snr,defocused,snr_sweep,10.0,PSF-Aware Fitting,10.0,10.0,2,2,1.0,0.28723370441937957,0.28723370441937957,0.06588703412891062,0.2556541672348649,0.146578473850124,0.2946935734297301,0.3465320351353991,0.3531207385482902,-0.22646082544633828,0.13407853417288607,0.2631759084486775,143.29578631553548,3.7281000002167275,3.7281000002167275,4.3429800003423225,0.22134667029046895,0.3531207385482902
10F_snr_defocused_snr_15dB,10F_snr,defocused,snr_sweep,15.0,Gaussian Fitting,15.0,10.0,2,2,1.0,0.117964878041173,0.117964878041173,0.024622494402449256,0.062462702930475185,0.10305527848920051,0.12050717688945944,0.14012512300337734,0.14258737244362227,0.051000261148885784,-0.08772948201743702,0.10147654237459194,58.461199638208505,4.607400000168127,4.607400000168127,4.846800000177609,0.09334238363872376,0.14258737244362227
10F_snr_defocused_snr_15dB,10F_snr,defocused,snr_sweep,15.0,Intensity-Weighted Centroid,15.0,10.0,2,2,1.0,0.8621842181308984,0.8621842181308984,0.10652702578076823,0.735132847593274,0.4629139548610403,0.8687402564723734,0.9580585413335898,0.9687112439116666,0.716450688355593,-0.05689424687449218,0.7187061598265446,409.5612408479296,0.23875000010775693,0.23875000010775693,0.2681350001921601,0.7556571923501302,0.9687112439116666
10F_snr_defocused_snr_15dB,10F_snr,defocused,snr_sweep,15.0,PSF-Aware Fitting,15.0,10.0,2,2,1.0,0.10687131606674778,0.10687131606674778,0.01902569343472217,0.06167892522621072,0.08932617416776698,0.10855162462400428,0.12399444015799774,0.12589700950146995,0.05577432672356508,-0.07681551106236384,0.09492838490798802,52.54970365476813,3.512350000164588,3.512350000164588,3.5163549999651877,0.08784562263202561,0.12589700950146995
10F_snr_defocused_snr_20dB,10F_snr,defocused,snr_sweep,20.0,Gaussian Fitting,20.0,10.0,2,2,1.0,0.14456244194341175,0.14456244194341175,0.0426278846037223,0.13394265577001124,0.0690999358299762,0.15071640974502598,0.18292753808676182,0.18719032654713405,-0.12110904853906845,0.06817918852411253,0.1389813058862411,71.18339280815734,4.412000000002081,4.412000000002081,4.577509999921858,0.10193455733968945,0.18719032654713405
10F_snr_defocused_snr_20dB,10F_snr,defocused,snr_sweep,20.0,Intensity-Weighted Centroid,20.0,10.0,2,2,1.0,0.35531730909065984,0.35531730909065984,0.031051344169657435,0.05755897148239216,0.3519965069657073,0.3566715241145136,0.3832635188433515,0.3863686532603173,0.006644268400435749,0.35068318007910193,0.350746117716175,177.71565182658054,0.20155000015620317,0.20155000015620317,0.2025850000563878,0.3242659649210024,0.3863686532603173
10F_snr_defocused_snr_20dB,10F_snr,defocused,snr_sweep,20.0,PSF-Aware Fitting,20.0,10.0,2,2,1.0,0.14739428244525146,0.14739428244525146,0.04070191994528365,0.1357450260813379,0.07039182252903914,0.15291082625106323,0.18402601039600675,0.18809620239053512,-0.12367081085244536,0.06911572253929421,0.14167375395262885,72.21618582907308,3.2610999999178603,3.2610999999178603,3.5281299997450333,0.10669236249996782,0.18809620239053512
10F_snr_defocused_snr_25dB,10F_snr,defocused,snr_sweep,25.0,Gaussian Fitting,25.0,10.0,2,2,1.0,0.09386866723133389,0.09386866723133389,0.005001862476658535,0.03593928208610953,0.08686030922784783,0.09400183676940733,0.09837034346032657,0.09887052970799243,-0.03439328476144965,0.009593029390089214,0.035706081408651946,45.81675774972268,4.261049999968236,4.261049999968236,4.296554999791624,0.08886680475467536,0.09887052970799243
10F_snr_defocused_snr_25dB,10F_snr,defocused,snr_sweep,25.0,Intensity-Weighted Centroid,25.0,10.0,2,2,1.0,0.18268083468589058,0.18268083468589058,0.01887214486819322,0.13003856203386835,0.12968584193204566,0.18365305664066622,0.19966576506726447,0.2015529795540838,-0.1255055611489979,0.07122600234129095,0.14430796682389518,86.8593011009343,0.2317999999377207,0.2317999999377207,0.2602400001933347,0.16380868981769736,0.2015529795540838
10F_snr_defocused_snr_25dB,10F_snr,defocused,snr_sweep,25.0,PSF-Aware Fitting,25.0,10.0,2,2,1.0,0.09483734183235638,0.09483734183235638,0.005571141728601056,0.0355033042574223,0.08811738995676321,0.09500083697519393,0.09985136938809733,0.10040848356095744,-0.0338854840838394,0.010137702157351214,0.035369464748951134,46.32159097713828,3.1531499998891377,3.1531499998891377,3.5797949997686374,0.08926620010375533,0.10040848356095744
10F_snr_defocused_snr_30dB,10F_snr,defocused,snr_sweep,30.0,Gaussian Fitting,30.0,10.0,2,2,1.0,0.044552212953497,0.044552212953497,0.0060020687193013435,0.032745108263598985,0.03080068818663217,0.044954693948073554,0.0499540748008682,0.05055428167279834,0.03230966026251281,-0.01719263523199288,0.036599191965115324,21.309354869843247,4.437450000068566,4.437450000068566,4.529925000065305,0.03855014423419565,0.05055428167279834
10F_snr_defocused_snr_30dB,10F_snr,defocused,snr_sweep,30.0,Intensity-Weighted Centroid,30.0,10.0,2,2,1.0,0.284323240251,0.284323240251,0.01752556674133951,0.21952704293071781,0.1815343710114638,0.2848628625083182,0.3000962503182056,0.3018488069923395,0.21573204789604006,0.020990542000959067,0.2167508231654804,138.5273153854299,0.21734999995715043,0.21734999995715043,0.2182949999905759,0.2667976735096605,0.3018488069923395
10F_snr_defocused_snr_30dB,10F_snr,defocused,snr_sweep,30.0,PSF-Aware Fitting,30.0,10.0,2,2,1.0,0.04466841411293079,0.04466841411293079,0.005967726272942866,0.03289152195110004,0.030806310392082856,0.04506529680622383,0.050039367758579374,0.05063614038587366,0.03247422063509475,-0.016960410499621048,0.03663646448789061,21.364737118569085,3.3713499999521446,3.3713499999521446,3.581005000000914,0.03870068783998793,0.05063614038587366
10F_snr_defocused_snr_3dB,10F_snr,defocused,snr_sweep,3.0,Gaussian Fitting,3.0,10.0,2,2,1.0,3.3164066183366443,3.3164066183366443,2.4172958525057107,4.058077707117874,0.6114551657164554,4.1038850004219665,5.4919728855917835,5.7337024708423545,2.6685674658644416,0.5557327892541366,2.7258193727615834,1968.3263390961397,12.461599999824102,12.461599999824102,15.827689999787253,0.8991107658309337,5.7337024708423545
10F_snr_defocused_snr_3dB,10F_snr,defocused,snr_sweep,3.0,Intensity-Weighted Centroid,3.0,10.0,2,2,1.0,0.6722345800079946,0.6722345800079946,0.08524038751428464,0.5429104082348054,0.4054793988015018,0.6776173361286666,0.7489509287708508,0.7574749675222793,0.0443440275064404,0.307262520305585,0.31044588765198994,330.85265519848025,0.28710000015053083,0.28710000015053083,0.3561300002729695,0.58699419249371,0.7574749675222793
10F_snr_defocused_snr_3dB,10F_snr,defocused,snr_sweep,3.0,PSF-Aware Fitting,3.0,10.0,2,2,1.0,0.7407254798010467,0.7407254798010467,0.003078102028352847,0.5773990809817688,0.46399785820626005,0.7407318753358654,0.7434957716265643,0.7438035818293997,-0.558714024341441,0.18616979253937416,0.5889147244295747,360.5715565761304,4.020299999865529,4.020299999865529,4.543469999680383,0.737647377772694,0.7438035818293997
10F_snr_defocused_snr_5dB,10F_snr,defocused,snr_sweep,5.0,Gaussian Fitting,5.0,10.0,2,2,1.0,1.271388860320931,1.271388860320931,0.3325037830167067,0.8008868996576973,1.0419062212239918,1.3141493065358198,1.5706422650359668,1.6038926433376375,0.40951493481713896,-1.0329404373470936,1.111156347659991,651.7871333237244,9.485499999982494,9.485499999982494,11.384770000108801,0.9388850773042241,1.6038926433376375
10F_snr_defocused_snr_5dB,10F_snr,defocused,snr_sweep,5.0,Intensity-Weighted Centroid,5.0,10.0,2,2,1.0,0.7830478943002004,0.7830478943002004,0.255970908702083,0.7062032706488255,0.4242193434941996,0.8238234706960877,1.013421712132075,1.0390188030022833,-0.682387308658349,-0.20580132647256733,0.7127458347797292,392.89420879024885,0.20079999990230135,0.20079999990230135,0.2025999998977568,0.5270769855981173,1.0390188030022833
10F_snr_defocused_snr_5dB,10F_snr,defocused,snr_sweep,5.0,PSF-Aware Fitting,5.0,10.0,2,2,1.0,0.823820686944778,0.823820686944778,0.047323460233227255,0.2816516179442637,0.7756238780723491,0.8251787891885077,0.8664118011546825,0.8711441471780053,-0.037500759497561376,-0.7747499480511806,0.7756570047180654,407.45145371864214,6.4430500001435576,6.4430500001435576,7.263085000022329,0.7764972267115507,0.8711441471780053
10F_snr_defocused_snr_7dB,10F_snr,defocused,snr_sweep,7.0,Gaussian Fitting,7.0,10.0,2,2,1.0,0.38626129559041644,0.38626129559041644,0.053088405796377136,0.21690977110943435,0.3239850590666808,0.38989250736733566,0.43404086080715587,0.4393497013867936,-0.2168795087077342,0.3179945739423147,0.3849120293704295,190.77373816672005,8.347399999820482,8.347399999820482,10.147939999797018,0.3331728897940393,0.4393497013867936
10F_snr_defocused_snr_7dB,10F_snr,defocused,snr_sweep,7.0,Intensity-Weighted Centroid,7.0,10.0,2,2,1.0,0.368977316295768,0.368977316295768,0.24891243315409342,0.11594585505498549,0.4297187661891048,0.4450861257324455,0.592998506134452,0.6178897494498614,-0.013839568287266957,-0.3343846163754449,0.33467089105407927,219.17393213333932,0.27260000001660956,0.27260000001660956,0.336500000162232,0.12006488314167459,0.6178897494498614
10F_snr_defocused_snr_7dB,10F_snr,defocused,snr_sweep,7.0,PSF-Aware Fitting,7.0,10.0,2,2,1.0,0.36974507426941117,0.36974507426941117,0.12336146608248844,0.2141784341199406,0.3256640440982756,0.3897813120975829,0.48077039374365077,0.4931065403518996,-0.21409608952683357,0.27893801021434683,0.35162984670391817,190.89707465863438,6.0415000000375585,6.0415000000375585,7.275400000094123,0.24638360818692273,0.4931065403518996
10F_snr_elliptical_gaussian_snr_0dB,10F_snr,elliptical_gaussian,snr_sweep,0.0,Gaussian Fitting,0.0,10.0,2,2,1.0,0.8829228633542219,0.8829228633542219,0.3667661840028884,0.5563194348916845,0.7775467206049136,0.956070194264866,1.2130124289568214,1.2496890473571103,-0.5470784600272509,0.6640814347666719,0.8604062955531822,461.54193364286846,8.907650000082867,8.907650000082867,10.817765000115287,0.5161566793513335,1.2496890473571103
10F_snr_elliptical_gaussian_snr_0dB,10F_snr,elliptical_gaussian,snr_sweep,0.0,Intensity-Weighted Centroid,0.0,10.0,2,2,1.0,0.7665931656155204,0.7665931656155204,0.06483807841073863,0.4356448948493733,0.6340998214572373,0.7693302658679313,0.8249474361851852,0.831431244026259,-0.3251969181790173,0.5842592672867113,0.6686642857245594,366.4313121841028,0.2069500001198321,0.2069500001198321,0.21527500007323397,0.7017550872047817,0.831431244026259
10F_snr_elliptical_gaussian_snr_0dB,10F_snr,elliptical_gaussian,snr_sweep,0.0,PSF-Aware Fitting,0.0,10.0,2,2,1.0,0.9482180647942855,0.9482180647942855,0.3548000657749599,0.2833390022874704,0.9719668692187386,1.012423125514296,1.2675381239917494,1.3030181305692454,-0.2436281971210974,0.8740027721461274,0.9073232853573151,500.6931573337841,4.453100000091581,4.453100000091581,4.942069999992782,0.5934179990193256,1.3030181305692454
10F_snr_elliptical_gaussian_snr_10dB,10F_snr,elliptical_gaussian,snr_sweep,10.0,Gaussian Fitting,10.0,10.0,2,2,1.0,0.32940151855414573,0.32940151855414573,0.08999773123974297,0.25214126931953657,0.23028185417008257,0.3414746726392431,0.4103994766699144,0.4193992497938887,0.04235633016665474,0.21186736657040228,0.21605980589333104,166.60030590358622,5.524599999944257,5.524599999944257,5.607489999806603,0.23940378731440276,0.4193992497938887
10F_snr_elliptical_gaussian_snr_10dB,10F_snr,elliptical_gaussian,snr_sweep,10.0,Intensity-Weighted Centroid,10.0,10.0,2,2,1.0,0.6130987552671061,0.6130987552671061,0.008641305207569117,0.4483591493648764,0.4182568936031655,0.6131596495740447,0.6208759299539183,0.6217400604746752,0.39829218817845913,-0.2864324994207834,0.4905917283122721,297.9509997149162,0.20505000020420994,0.20505000020420994,0.2133750001576118,0.604457450059537,0.6217400604746752
10F_snr_elliptical_gaussian_snr_10dB,10F_snr,elliptical_gaussian,snr_sweep,10.0,PSF-Aware Fitting,10.0,10.0,2,2,1.0,0.3002253573551993,0.3002253573551993,0.10118160320685793,0.23728048717292527,0.20993082773510519,0.3168169535024399,0.3912888002413714,0.4014069605620572,0.04462202381074576,0.1770094190609086,0.18254714307610273,154.37924601953185,3.9971500000319793,3.9971500000319793,4.023385000073176,0.19904375414834136,0.4014069605620572
10F_snr_elliptical_gaussian_snr_15dB,10F_snr,elliptical_gaussian,snr_sweep,15.0,Gaussian Fitting,15.0,10.0,2,2,1.0,0.24170449919455453,0.24170449919455453,0.06737373782330294,0.10974282018460127,0.22564751028341493,0.2509188822690982,0.30234086323552717,0.30907823701785747,0.04756818699738119,0.19966614431851326,0.2052542365001005,121.77926804063223,5.743400000028487,5.743400000028487,5.763020000040342,0.17433076137125159,0.30907823701785747
10F_snr_elliptical_gaussian_snr_15dB,10F_snr,elliptical_gaussian,snr_sweep,15.0,Intensity-Weighted Centroid,15.0,10.0,2,2,1.0,0.4731698367332965,0.4731698367332965,0.30466335011672047,0.5602945210716891,0.052720972635227535,0.5627694477302032,0.747366851838345,0.777833186850017,-0.4662002784297101,-0.05071516833510259,0.4689506668160277,250.9744948962427,0.2181999998356332,0.2181999998356332,0.22548999968421413,0.16850648661657602,0.777833186850017
10F_snr_elliptical_gaussian_snr_15dB,10F_snr,elliptical_gaussian,snr_sweep,15.0,PSF-Aware Fitting,15.0,10.0,2,2,1.0,0.2230271622320682,0.2230271622320682,0.041517150364892716,0.11417003836108397,0.19603568860883214,0.22685852169956144,0.2603925975604717,0.26454431259696093,0.03942980448127287,0.18139505018606883,0.1856310149555775,109.77199455695286,3.6906999998791434,3.6906999998791434,3.992829999924652,0.1815100118671755,0.26454431259696093
10F_snr_elliptical_gaussian_snr_20dB,10F_snr,elliptical_gaussian,snr_sweep,20.0,Gaussian Fitting,20.0,10.0,2,2,1.0,0.059688511864551486,0.059688511864551486,0.01575133184944405,0.052385976447453665,0.03265780726385108,0.06173186295290313,0.07386471052905114,0.07543984371399554,-0.050985650714949315,0.030898283813769467,0.0596174514841339,30.051657094949107,4.531199999973978,4.531199999973978,4.561440000020411,0.043937180015107435,0.07543984371399554
10F_snr_elliptical_gaussian_snr_20dB,10F_snr,elliptical_gaussian,snr_sweep,20.0,Intensity-Weighted Centroid,20.0,10.0,2,2,1.0,0.22345413462557817,0.22345413462557817,0.1261331276122637,0.25399369927724746,0.036448825632340705,0.25659562771512223,0.33697394947661546,0.34958726223784187,-0.13190377965429434,-0.034010245698055996,0.13621785455486654,117.28294555529469,0.22650000005342008,0.22650000005342008,0.22919999994428508,0.09732100701331446,0.34958726223784187
10F_snr_elliptical_gaussian_snr_20dB,10F_snr,elliptical_gaussian,snr_sweep,20.0,PSF-Aware Fitting,20.0,10.0,2,2,1.0,0.05890079420306747,0.05890079420306747,0.01408124100753885,0.050784098146664625,0.03299333692572541,0.060560588719599656,0.07157391110985244,0.07298203521060632,-0.04966319529432894,0.03157225106869532,0.05884929909852274,29.456502614688596,4.2931499997393985,4.2931499997393985,5.10697499980779,0.044819553195528626,0.07298203521060632
10F_snr_elliptical_gaussian_snr_25dB,10F_snr,elliptical_gaussian,snr_sweep,25.0,Gaussian Fitting,25.0,10.0,2,2,1.0,0.08470143063447905,0.08470143063447905,0.00042456728675977634,0.03231056014034189,0.07829776696896153,0.08470249470298058,0.08508354119256285,0.08512599792123883,0.01878743724662968,0.005864703358440693,0.019681527983836867,41.32351950114685,4.442200000084995,4.442200000084995,4.490980000309719,0.08427686334771928,0.08512599792123883
10F_snr_elliptical_gaussian_snr_25dB,10F_snr,elliptical_gaussian,snr_sweep,25.0,Intensity-Weighted Centroid,25.0,10.0,2,2,1.0,0.31504825148514104,0.31504825148514104,0.024490022848051046,0.2538840909343332,0.18814364287264657,0.31599867402086157,0.33708927204838696,0.33953827433319206,0.25110847842890394,0.11487614177895011,0.276137639391838,148.2308610473357,0.25240000013582176,0.25240000013582176,0.29010999996899045,0.29055822863708997,0.33953827433319206
10F_snr_elliptical_gaussian_snr_25dB,10F_snr,elliptical_gaussian,snr_sweep,25.0,PSF-Aware Fitting,25.0,10.0,2,2,1.0,0.08551596966721765,0.08551596966721765,0.0015227150370170361,0.031916667746618714,0.07935128259303939,0.08552952548218917,0.08688641320053299,0.08703868470423469,0.018711586292397442,0.00446315774439654,0.0192365079634845,41.76118427223881,3.7441000001763314,3.7441000001763314,3.9843100000098275,0.08399325463020062,0.08703868470423469
10F_snr_elliptical_gaussian_snr_30dB,10F_snr,elliptical_gaussian,snr_sweep,30.0,Gaussian Fitting,30.0,10.0,2,2,1.0,0.027918101336149848,0.027918101336149848,0.022246228494906786,0.016999532090933963,0.03138998205084611,0.035697549838373144,0.04793970698156595,0.050164329831056634,0.012760128397871995,-0.024758507980379818,0.027853269002842563,17.226480892190974,4.432799999904091,4.432799999904091,4.4348699997044605,0.00567187284124306,0.050164329831056634
10F_snr_elliptical_gaussian_snr_30dB,10F_snr,elliptical_gaussian,snr_sweep,30.0,Intensity-Weighted Centroid,30.0,10.0,2,2,1.0,0.23468620881408203,0.23468620881408203,0.02183633960354847,0.15805161800586195,0.17485459210594817,0.23569989888586804,0.25433891445727563,0.2565225484176305,0.07154494595062033,-0.11717719998716802,0.13729229944869434,114.9100738793005,0.26204999994661193,0.26204999994661193,0.2789249999295862,0.21284986921053356,0.2565225484176305
10F_snr_elliptical_gaussian_snr_30dB,10F_snr,elliptical_gaussian,snr_sweep,30.0,PSF-Aware Fitting,30.0,10.0,2,2,1.0,0.027243880476116457,0.027243880476116457,0.021370743020786856,0.01648148700567279,0.03045157248385161,0.034625679497411015,0.04647754919482462,0.04861462349690331,0.012395783741823152,-0.024179780000778806,0.02717199321838775,16.709314145061082,3.4299999997529085,3.4299999997529085,3.4493499997552135,0.005873137455329598,0.04861462349690331
10F_snr_elliptical_gaussian_snr_3dB,10F_snr,elliptical_gaussian,snr_sweep,3.0,Gaussian Fitting,3.0,10.0,2,2,1.0,0.8527909704004523,0.8527909704004523,0.31002708362058884,0.42078784444795736,0.8039321002047838,0.9073969538051319,1.1318153456589821,1.162818054021041,-0.2613592427281901,-0.23145795417420345,0.3491152221114981,450.2405173051065,14.961699999730627,14.961699999730627,22.3193799998171,0.5427638867798634,1.162818054021041
10F_snr_elliptical_gaussian_snr_3dB,10F_snr,elliptical_gaussian,snr_sweep,3.0,Intensity-Weighted Centroid,3.0,10.0,2,2,1.0,0.6134029161832494,0.6134029161832494,0.10201929145928501,0.5646209740228356,0.26052682991483506,0.6218288135909826,0.7052202784966058,0.7154222076425344,0.5493879963271411,0.03481377945993813,0.5504899361011389,308.00865255727547,0.23010000018075516,0.23010000018075516,0.23055000012845994,0.5113836247239644,0.7154222076425344
10F_snr_elliptical_gaussian_snr_3dB,10F_snr,elliptical_gaussian,snr_sweep,3.0,PSF-Aware Fitting,3.0,10.0,2,2,1.0,0.5739784076642531,0.5739784076642531,0.026345024565158803,0.41173847192119,0.4007701380144656,0.5745826944697607,0.5976889297728961,0.600323432229412,-0.27396478923219547,0.1983962200029623,0.3382569524052759,282.33070849431783,4.269250000106695,4.269250000106695,4.547575000196957,0.5476333830990944,0.600323432229412
10F_snr_elliptical_gaussian_snr_5dB,10F_snr,elliptical_gaussian,snr_sweep,5.0,Gaussian Fitting,5.0,10.0,2,2,1.0,0.7666994335190267,0.7666994335190267,0.30257557086419945,0.41886704347797055,0.7098805514522966,0.8242451076240567,1.0390174472968061,1.0692750043832262,0.24577780577794783,-0.6748557830287325,0.7182179736684027,407.03803084276046,7.548200000201177,7.548200000201177,9.941750000143657,0.46412386265482725,1.0692750043832262
10F_snr_elliptical_gaussian_snr_5dB,10F_snr,elliptical_gaussian,snr_sweep,5.0,Intensity-Weighted Centroid,5.0,10.0,2,2,1.0,0.8491322073764649,0.8491322073764649,0.21708563196964997,0.44958601141335974,0.7523457287398636,0.8764426263091555,1.0445092761491497,1.0662178393461148,-0.20627041535487933,0.6144993542740451,0.6481951408749473,431.78353493254605,0.2302499999586871,0.2302499999586871,0.25612499991893856,0.6320465754068149,1.0662178393461148
10F_snr_elliptical_gaussian_snr_5dB,10F_snr,elliptical_gaussian,snr_sweep,5.0,PSF-Aware Fitting,5.0,10.0,2,2,1.0,0.7695538102168145,0.7695538102168145,0.25888317291751034,0.41678249813370255,0.6967968952919383,0.8119319947132606,1.0025486658425737,1.0284369831343247,0.23027293197071685,-0.6739657351017172,0.7122186709779438,400.9305119895243,4.3567000000166445,4.3567000000166445,4.799769999931414,0.5106706372993041,1.0284369831343247
10F_snr_elliptical_gaussian_snr_7dB,10F_snr,elliptical_gaussian,snr_sweep,7.0,Gaussian Fitting,7.0,10.0,2,2,1.0,0.4157946701027598,0.4157946701027598,0.0032799127464637756,0.2160993353619025,0.3552422311179109,0.4158076063680019,0.41874659157457716,0.41907458284922355,0.11113737839247051,0.06280907904636024,0.12765773492665103,204.55694359694974,5.777200000011362,5.777200000011362,5.872689999841896,0.412514757356296,0.41907458284922355
10F_snr_elliptical_gaussian_snr_7dB,10F_snr,elliptical_gaussian,snr_sweep,7.0,Intensity-Weighted Centroid,7.0,10.0,2,2,1.0,0.45230840230618674,0.45230840230618674,0.09687535115859278,0.37687564185673406,0.2682023024396896,0.46256645410024705,0.5394962183489203,0.5491837534647795,-0.2630020161283255,0.24397820240434953,0.3587414441293642,226.8496068488212,0.23360000000138825,0.23360000000138825,0.2392699999973047,0.355433051147594,0.5491837534647795
10F_snr_elliptical_gaussian_snr_7dB,10F_snr,elliptical_gaussian,snr_sweep,7.0,PSF-Aware Fitting,7.0,10.0,2,2,1.0,0.42448593210123664,0.42448593210123664,0.01652067364323312,0.16440343428315182,0.3917049272161218,0.4248072965586654,0.43935453838014643,0.44100660574446976,0.06710220104065456,0.007809220346928214,0.06755508350174175,209.49809686044662,4.332199999907971,4.332199999907971,4.595539999877474,0.4079652584580035,0.44100660574446976
10F_snr_gaussian_snr_0dB,10F_snr,gaussian,snr_sweep,0.0,Gaussian Fitting,0.0,10.0,2,2,1.0,2.2289534328808536,2.2289534328808536,2.1479122103170214,2.198661351985638,2.1789099404208936,3.0954418536261175,4.162074422166173,4.376865643197875,1.5165718128104118,1.5556033223568306,2.1725311873339512,1514.304662419243,10.9607000001688,10.9607000001688,11.91361999997298,0.08104122256383225,4.376865643197875
10F_snr_gaussian_snr_0dB,10F_snr,gaussian,snr_sweep,0.0,Intensity-Weighted Centroid,0.0,10.0,2,2,1.0,0.33861675448633727,0.33861675448633727,0.30613702391966374,0.4477036513599445,0.08912140254855988,0.45648787917451783,0.6141400760140346,0.644753778406001,0.29991929013914387,0.06324604245051546,0.30651532177563384,227.30009015427598,0.23250000003827154,0.23250000003827154,0.2532899999550864,0.03247973056667354,0.644753778406001
10F_snr_gaussian_snr_0dB,10F_snr,gaussian,snr_sweep,0.0,PSF-Aware Fitting,0.0,10.0,2,2,1.0,2.5533017404863116,2.5533017404863116,2.4108430887390915,2.77469157389634,2.1523477521627683,3.5116255746436678,4.723060520351494,4.964144829225403,1.9950209412891127,1.58360251819758,2.5471367242108958,1712.06433870386,8.255550000058065,8.255550000058065,10.928505000333644,0.14245865174722047,4.964144829225403
10F_snr_gaussian_snr_10dB,10F_snr,gaussian,snr_sweep,10.0,Gaussian Fitting,10.0,10.0,2,2,1.0,0.5680239959924185,0.5680239959924185,0.12686516072996606,0.09326192451155298,0.5744982527968527,0.582018924976014,0.6822026406493878,0.6948891567223845,0.032737542390009366,-0.5611031595455529,0.562057383488323,289.87329332378573,6.013400000028923,6.013400000028923,6.369259999928545,0.44115883526245236,0.6948891567223845
10F_snr_gaussian_snr_10dB,10F_snr,gaussian,snr_sweep,10.0,Intensity-Weighted Centroid,10.0,10.0,2,2,1.0,0.7016746957531964,0.7016746957531964,0.14364965529591167,0.5782684073117346,0.42259703173605573,0.716228037797303,0.8309593855195169,0.8453243510491081,0.5638319127520219,-0.06808418720098075,0.5679277087661967,343.01495530124856,0.21400000014182297,0.21400000014182297,0.22407999995266437,0.5580250404572847,0.8453243510491081
10F_snr_gaussian_snr_10dB,10F_snr,gaussian,snr_sweep,10.0,PSF-Aware Fitting,10.0,10.0,2,2,1.0,0.5572439940368648,0.5572439940368648,0.13825526818782333,0.09914369302780135,0.5655138514701946,0.5741388229965331,0.6816737354059057,0.695499262224688,0.050278930295917235,-0.5498185028843352,0.5521126306702948,285.7879750458578,4.651800000146977,4.651800000146977,4.655670000352075,0.4189887258490414,0.695499262224688
10F_snr_gaussian_snr_15dB,10F_snr,gaussian,snr_sweep,15.0,Gaussian Fitting,15.0,10.0,2,2,1.0,0.31121619994303673,0.31121619994303673,0.009539596129618605,0.20989640191516498,0.229978319552883,0.31136237248791065,0.31980183645969346,0.3207557960726553,0.12006546779576865,-0.21468852174044173,0.2459814584965966,154.5217966244709,5.465049999884286,5.465049999884286,5.7648849998486185,0.3016766038134181,0.3207557960726553
10F_snr_gaussian_snr_15dB,10F_snr,gaussian,snr_sweep,15.0,Intensity-Weighted Centroid,15.0,10.0,2,2,1.0,0.3479932445593289,0.3479932445593289,0.10362758641263811,0.28420746753069825,0.2259736496240762,0.3630949943535956,0.44125807233070313,0.451620830971967,-0.04194498005307423,0.18291096431781284,0.18765873872358035,181.228507970859,0.23835000024519104,0.23835000024519104,0.2563950003377613,0.24436565814669076,0.451620830971967
10F_snr_gaussian_snr_15dB,10F_snr,gaussian,snr_sweep,15.0,PSF-Aware Fitting,15.0,10.0,2,2,1.0,0.29451570223243984,0.29451570223243984,0.0038429821222629723,0.20458535984571213,0.21189407238018643,0.2945407737021467,0.2979743861424765,0.2983586843547028,0.11759738515650042,-0.18731357562006679,0.22116853439678255,146.15354473028435,3.6704999999983556,3.6704999999983556,3.6789599999565326,0.29067272011017686,0.2983586843547028
10F_snr_gaussian_snr_20dB,10F_snr,gaussian,snr_sweep,20.0,Gaussian Fitting,20.0,10.0,2,2,1.0,0.10680153291388603,0.10680153291388603,0.03852121200052339,0.09941248967024283,0.05484166394548045,0.11353612291577138,0.14147062371435706,0.1453227449144094,-0.07429247257601901,-0.05273794125074005,0.09110796852539874,56.21895375641325,6.01449999999204,6.01449999999204,7.368729999939205,0.06828032091336263,0.1453227449144094
10F_snr_gaussian_snr_20dB,10F_snr,gaussian,snr_sweep,20.0,Intensity-Weighted Centroid,20.0,10.0,2,2,1.0,0.4465754845811061,0.4465754845811061,0.02606413991736531,0.31815480414480873,0.31446227662163245,0.44733544775535244,0.4700332105067348,0.47263962449847136,0.2902803413575725,0.2228592171110222,0.36596298614751543,221.56215949055155,0.2115500001309556,0.2115500001309556,0.21411500001704553,0.42051134466374074,0.47263962449847136
10F_snr_gaussian_snr_20dB,10F_snr,gaussian,snr_sweep,20.0,PSF-Aware Fitting,20.0,10.0,2,2,1.0,0.09698071941836062,0.09698071941836062,0.03400848694550568,0.08999821779432175,0.04962013620569017,0.10277079898115718,0.12758835766931573,0.1309892063638663,-0.06840614539987655,-0.047350667618502484,0.08319547134542211,50.88473285512851,3.330700000105935,3.330700000105935,3.578379999930803,0.06297223247285494,0.1309892063638663
10F_snr_gaussian_snr_25dB,10F_snr,gaussian,snr_sweep,25.0,Gaussian Fitting,25.0,10.0,2,2,1.0,0.024425499704422413,0.024425499704422413,0.005946826599628108,0.02380700536189643,0.0080744212247949,0.025139009177308158,0.029777643644087706,0.03037232630405052,-0.023281113760219796,-0.006832049419529085,0.024262876111194716,11.83147677946267,4.462749999902371,4.462749999902371,4.499604999978146,0.018478673104794303,0.03037232630405052
10F_snr_gaussian_snr_25dB,10F_snr,gaussian,snr_sweep,25.0,Intensity-Weighted Centroid,25.0,10.0,2,2,1.0,0.505260931349906,0.505260931349906,0.11932991912032431,0.2020838101761971,0.47821582158112286,0.5191610909398331,0.6126578585581979,0.6245908504702303,0.1456633407522645,0.18257334877671383,0.23356120508905992,256.27371828097364,0.24695000001884182,0.24695000001884182,0.257794999924954,0.3859310122295817,0.6245908504702303
10F_snr_gaussian_snr_25dB,10F_snr,gaussian,snr_sweep,25.0,PSF-Aware Fitting,25.0,10.0,2,2,1.0,0.025058446300198017,0.025058446300198017,0.005993998783950816,0.024534664959678067,0.007867907454860979,0.02576535954342403,0.030453045205753752,0.031052445084148835,-0.023977592415150184,-0.0069584509839728526,0.024966877620628103,12.12204539417174,3.1854500000463304,3.1854500000463304,3.3127550000472183,0.019064447516247203,0.031052445084148835
10F_snr_gaussian_snr_30dB,10F_snr,gaussian,snr_sweep,30.0,Gaussian Fitting,30.0,10.0,2,2,1.0,0.048033442532490575,0.048033442532490575,0.009000724884071169,0.037793277726575224,0.0309821369282812,0.048869465415132304,0.056134094928154625,0.05703416741656174,-0.0355323661567013,0.0008125897808781701,0.03554165650115199,24.292884664585475,4.526649999888832,4.526649999888832,4.662864999795602,0.0390327176484194,0.05703416741656174
10F_snr_gaussian_snr_30dB,10F_snr,gaussian,snr_sweep,30.0,Intensity-Weighted Centroid,30.0,10.0,2,2,1.0,0.23021742330991274,0.23021742330991274,0.0006664417565347136,0.17492242684509496,0.14967515066534193,0.23021838792779,0.23081722089079398,0.23088386506644745,0.06398034583702383,0.12525925362277235,0.1406533514409066,114.51711711690383,0.21660000015799596,0.21660000015799596,0.23496000019349594,0.22955098155337803,0.23088386506644745
10F_snr_gaussian_snr_30dB,10F_snr,gaussian,snr_sweep,30.0,PSF-Aware Fitting,30.0,10.0,2,2,1.0,0.04746669253385852,0.04746669253385852,0.008719737386999181,0.03724059712471282,0.030696231788232945,0.04826096476659052,0.05531445618215778,0.0561864299208577,-0.035075896235753135,0.0008135228922014903,0.03508532907409387,23.99140346138604,3.0444500000612607,3.0444500000612607,3.080225000098835,0.03874695514685934,0.0561864299208577
10F_snr_gaussian_snr_3dB,10F_snr,gaussian,snr_sweep,3.0,Gaussian Fitting,3.0,10.0,2,2,1.0,0.8083784532338347,0.8083784532338347,0.08626365746065451,0.7049032004576292,0.4050044694022619,0.8129681065399899,0.8860157449484238,0.8946421106944893,-0.6681444332166393,-0.25627668814314575,0.7156079405121237,396.6159766597051,17.23695000009684,17.23695000009684,26.24041500007479,0.7221147957731803,0.8946421106944893
10F_snr_gaussian_snr_3dB,10F_snr,gaussian,snr_sweep,3.0,Intensity-Weighted Centroid,3.0,10.0,2,2,1.0,1.4657389145115118,1.4657389145115118,0.040407111683165575,1.3828206792817659,0.48767844850749315,1.4662957751381407,1.5021053150263608,1.5061460261946773,-1.3823833910901726,-0.2600931300860623,1.4066386445281285,721.0558388304955,0.21705000017391285,0.21705000017391285,0.2351850003378786,1.4253318028283462,1.5061460261946773
10F_snr_gaussian_snr_3dB,10F_snr,gaussian,snr_sweep,3.0,PSF-Aware Fitting,3.0,10.0,2,2,1.0,1.208157926379412,1.208157926379412,0.547728915925547,0.8354454664652541,1.0303802273806644,1.326518955919732,1.7011139507124042,1.755886842304959,-0.7694971402530086,-0.9307621380521311,1.2076605510195872,649.9060759412239,8.499450000044817,8.499450000044817,8.764635000147791,0.660429010453865,1.755886842304959
10F_snr_gaussian_snr_5dB,10F_snr,gaussian,snr_sweep,5.0,Gaussian Fitting,5.0,10.0,2,2,1.0,1.039722816073355,1.039722816073355,0.1436710507171673,0.9463948210667068,0.45387415407334897,1.0496022604194801,1.1690267617188055,1.1833938667905222,-0.20525105088805162,0.44476177907156966,0.4898377629517321,499.3081664264247,6.480799999962983,6.480799999962983,6.802459999948951,0.8960517653561876,1.1833938667905222
10F_snr_gaussian_snr_5dB,10F_snr,gaussian,snr_sweep,5.0,Intensity-Weighted Centroid,5.0,10.0,2,2,1.0,0.7110405220709455,0.7110405220709455,0.03298630775008654,0.634233916929294,0.32313164367240704,0.711805254634936,0.7407281990460233,0.744026829821032,0.623703017097597,-0.268228396384103,0.6789344049047985,339.4725508194683,0.23375000000669388,0.23375000000669388,0.24558500008424744,0.6780542143208589,0.744026829821032
10F_snr_gaussian_snr_5dB,10F_snr,gaussian,snr_sweep,5.0,PSF-Aware Fitting,5.0,10.0,2,2,1.0,0.9618472137584442,0.9618472137584442,0.06817444878567164,0.825914756955096,0.4976571433486285,0.9642602439601627,1.0232042176655487,1.0300216625441159,-0.10819410953931197,0.4954845663646097,0.5071596601116161,461.9130617824709,4.976100000249062,4.976100000249062,6.26256000025478,0.8936727649727726,1.0300216625441159
10F_snr_gaussian_snr_7dB,10F_snr,gaussian,snr_sweep,7.0,Gaussian Fitting,7.0,10.0,2,2,1.0,0.636879560348514,0.636879560348514,0.015239307564799465,0.2213876639875365,0.5973569394582378,0.6370618579735967,0.6505949371568336,0.6521188679133135,-0.04699176465828714,-0.5973564415277792,0.599201922710893,316.5360566614075,9.57339999990836,9.57339999990836,9.922959999926206,0.6216402527837146,0.6521188679133135
10F_snr_gaussian_snr_7dB,10F_snr,gaussian,snr_sweep,7.0,Intensity-Weighted Centroid,7.0,10.0,2,2,1.0,0.8304565366743673,0.8304565366743673,0.20759036246137647,0.7412149442062812,0.42819647870727484,0.8560092393730515,1.017287862889606,1.0380468991357437,0.5974975828101492,-0.33268058028801306,0.683871135496111,425.6088271380101,0.21279999987200426,0.21279999987200426,0.2289999998311032,0.6228661742129907,1.0380468991357437
10F_snr_gaussian_snr_7dB,10F_snr,gaussian,snr_sweep,7.0,PSF-Aware Fitting,7.0,10.0,2,2,1.0,0.6528459150873682,0.6528459150873682,0.08929217007627166,0.14183228960381564,0.6434784239653514,0.6589240324067661,0.7332088681560127,0.7421380851636399,-0.1174328935960034,-0.634590711575413,0.6453649012118022,328.05018293905573,4.172400000015841,4.172400000015841,4.617540000140252,0.5635537450110966,0.7421380851636399
10G_phase_asymmetric_px0.125_py0,10G_phase,asymmetric,phase_grid,0.125,Gaussian Fitting,15.0,10.0,2,2,1.0,0.19521655056202858,0.19521655056202858,0.08718604024755328,0.20825201714287292,0.048394261884128355,0.21380109267116723,0.2736839867848265,0.28240259080958185,0.18952607599624116,0.01434156635122008,0.19006791946022722,106.9005445558154,5.0902999998925225,5.0902999998925225,5.3773100000171326,0.1080305103144753,0.28240259080958185
10G_phase_asymmetric_px0.125_py0,10G_phase,asymmetric,phase_grid,0.125,Intensity-Weighted Centroid,15.0,10.0,2,2,1.0,0.7188913660641688,0.7188913660641688,0.43609854263294273,0.8253689765383062,0.16047675113951082,0.8408250323867525,1.1113800544338173,1.1549899086971116,-0.689014389163674,0.16045651534216177,0.7074511444547532,420.4124861596743,0.198299999738083,0.198299999738083,0.21080999963487557,0.2827928234312261,1.1549899086971116
10G_phase_asymmetric_px0.125_py0,10G_phase,asymmetric,phase_grid,0.125,PSF-Aware Fitting,15.0,10.0,2,2,1.0,0.09745204813285316,0.09745204813285316,0.03291300619626794,0.0853748971339638,0.0573698056605441,0.1028599419704459,0.1270737537094943,0.1303650543291211,0.03420228812916548,0.009399891057910281,0.0354704731455761,51.42997070740125,4.1326000000481145,4.1326000000481145,4.264899999816407,0.06453904193658522,0.1303650543291211
10G_phase_asymmetric_px0.125_py0.125,10G_phase,asymmetric,phase_grid,0.125,Gaussian Fitting,15.0,10.0,2,2,1.0,0.0862611818878015,0.0862611818878015,0.07680744140352108,0.1135127792935586,0.02133596711394983,0.11550053920062753,0.15538787915097046,0.16306862329132257,0.07543366971907517,-0.015628281279248313,0.07703558725050275,57.75026897912723,4.691800000045987,4.691800000045987,5.096800000251278,0.009453740484280427,0.16306862329132257
10G_phase_asymmetric_px0.125_py0.125,10G_phase,asymmetric,phase_grid,0.125,Intensity-Weighted Centroid,15.0,10.0,2,2,1.0,0.39627098008597633,0.39627098008597633,0.0651965976205417,0.35559168042973266,0.18664362514898267,0.40159841384098505,0.4549479179444639,0.46146757770651803,0.33078608446561475,-0.12505009318391558,0.35363393428996426,200.79920174435048,0.2053000000614702,0.2053000000614702,0.20575000000917498,0.33107438246543464,0.46146757770651803
10G_phase_asymmetric_px0.125_py0.125,10G_phase,asymmetric,phase_grid,0.125,PSF-Aware Fitting,15.0,10.0,2,2,1.0,0.10134709293945754,0.10134709293945754,0.06529583922924036,0.117171099160758,0.028385090970255194,0.12056027483350329,0.16011334824577383,0.16664293216869788,-0.0829182497078591,-0.026853745575351695,0.08715824565719871,60.280137348924896,3.6780500001896144,3.6780500001896144,3.9425150001306974,0.03605125371021718,0.16664293216869788
10G_phase_asymmetric_px0.125_py0.25,10G_phase,asymmetric,phase_grid,0.125,Gaussian Fitting,15.0,10.0,2,2,1.0,0.187408381306563,0.187408381306563,0.0943839229750609,0.12865408645210047,0.165765956514852,0.20983380638045038,0.2723539119841178,0.2817923042816239,0.11168160569064867,-0.15011287919458027,0.18710066154273258,104.91690230973575,4.385999999840351,4.385999999840351,4.722599999809063,0.09302445833150211,0.2817923042816239
10G_phase_asymmetric_px0.125_py0.25,10G_phase,asymmetric,phase_grid,0.125,Intensity-Weighted Centroid,15.0,10.0,2,2,1.0,0.4124229418825273,0.4124229418825273,0.06119080901300472,0.331605613868133,0.252734475190551,0.41693764293801117,0.46749466999423156,0.47361375089553204,0.031023959362471487,-0.061142941509842785,0.0685634403381302,208.46881847169388,0.2116000000569329,0.2116000000569329,0.2179000001433451,0.3512321328695226,0.47361375089553204
10G_phase_asymmetric_px0.125_py0.25,10G_phase,asymmetric,phase_grid,0.125,PSF-Aware Fitting,15.0,10.0,2,2,1.0,0.18567738133980374,0.18567738133980374,0.03723401859357439,0.08898607136655834,0.16716441363094997,0.1893738685295137,0.2191879980740207,0.22291139993337813,-0.05597896686401782,-0.1511741650597287,0.16120568511274316,94.68693376093903,3.7416499999380903,3.7416499999380903,3.948964999972304,0.14844336274622935,0.22291139993337813
10G_phase_asymmetric_px0.125_py0.375,10G_phase,asymmetric,phase_grid,0.125,Gaussian Fitting,15.0,10.0,2,2,1.0,0.13216307673231095,0.13216307673231095,0.06403218899244598,0.06990476634695016,0.12915310186167941,0.14685775457399255,0.18979204682551232,0.19619526572475693,0.061591391449610455,-0.05499070360542646,0.08256801428954805,73.42887581397972,4.58464999996977,4.58464999996977,4.909054999984619,0.06813088773986498,0.19619526572475693
10G_phase_asymmetric_px0.125_py0.375,10G_phase,asymmetric,phase_grid,0.125,Intensity-Weighted Centroid,15.0,10.0,2,2,1.0,0.5216587396747501,0.5216587396747501,0.2565253278314133,0.36821349247141255,0.44983542374969515,0.5813201222201609,0.752531534723022,0.7781840675061634,0.27377963224250834,-0.4213169891364714,0.5024572542673305,290.6600543887275,0.21385000013651734,0.21385000013651734,0.22946500014313642,0.2651334118433368,0.7781840675061634
10G_phase_asymmetric_px0.125_py0.375,10G_phase,asymmetric,phase_grid,0.125,PSF-Aware Fitting,15.0,10.0,2,2,1.0,0.1621035580073521,0.1621035580073521,0.025003168819530158,0.10033050659462839,0.12975558337168433,0.1640204925296254,0.18460640994492925,0.18710672682688226,-0.09704371166094461,-0.05566928394966908,0.11187739337507574,82.0102450033817,3.832200000033481,3.832200000033481,3.936330000169619,0.13710038918782194,0.18710672682688226
10G_phase_asymmetric_px0.125_py0.5,10G_phase,asymmetric,phase_grid,0.125,Gaussian Fitting,15.0,10.0,2,2,1.0,0.1268538271478017,0.1268538271478017,0.05979365509814347,0.09790830452813117,0.10040487317091147,0.14023970426394974,0.1806681167361308,0.18664748224594516,0.06750984496898127,0.029116561502235072,0.0735211079993312,70.11984913983311,4.6612500000264845,4.6612500000264845,5.019854999954987,0.06706017204965822,0.18664748224594516
10G_phase_asymmetric_px0.125_py0.5,10G_phase,asymmetric,phase_grid,0.125,Intensity-Weighted Centroid,15.0,10.0,2,2,1.0,0.525685380933361,0.525685380933361,0.1939750970750943,0.3208462023063802,0.4593791162840541,0.5603315607855274,0.7002629683009459,0.7196604780084553,0.3207160571738541,-0.34188036098043995,0.46876536833821114,280.1657751950835,0.20374999985506292,0.20374999985506292,0.2062249998743937,0.33171028385826673,0.7196604780084553
10G_phase_asymmetric_px0.125_py0.5,10G_phase,asymmetric,phase_grid,0.125,PSF-Aware Fitting,15.0,10.0,2,2,1.0,0.13985113162847543,0.13985113162847543,0.024339942240357522,0.10450181783354487,0.09607362736731503,0.14195341421053986,0.16175707964479719,0.16419107386883294,-0.07161330837215019,0.021873237479155705,0.0748792658472572,70.97670474320168,3.9849500001309934,3.9849500001309934,3.9856250001548688,0.1155111893881179,0.16419107386883294
10G_phase_asymmetric_px0.125_py0.625,10G_phase,asymmetric,phase_grid,0.125,Gaussian Fitting,15.0,10.0,2,2,1.0,0.2447212485100016,0.2447212485100016,0.049206292487372724,0.2272738237732052,0.1032296358617664,0.24961920737925364,0.2890069117486371,0.29392754099737434,0.2244265916637005,-0.09410386449462749,0.24335741689664725,124.80960034093057,5.335399999921719,5.335399999921719,6.044780000115679,0.1955149560226289,0.29392754099737434
10G_phase_asymmetric_px0.125_py0.625,10G_phase,asymmetric,phase_grid,0.125,Intensity-Weighted Centroid,15.0,10.0,2,2,1.0,0.340586604303017,0.340586604303017,0.11593946019750452,0.27271514397828245,0.23466496054258565,0.35977936775411207,0.4449321184807711,0.4565260645005215,-0.2690267459659026,0.15982035097079006,0.3129184152929143,179.88967154679958,0.23554999984298775,0.23554999984298775,0.26043500004107045,0.22464714410551248,0.4565260645005215
10G_phase_asymmetric_px0.125_py0.625,10G_phase,asymmetric,phase_grid,0.125,PSF-Aware Fitting,15.0,10.0,2,2,1.0,0.12398564192972311,0.12398564192972311,0.04286063763531207,0.06789767392462238,0.11224695781559825,0.13118488351647473,0.16256021580150395,0.16684627956503517,0.05784433008176393,-0.10812867272790072,0.12262861162267769,65.59243780301149,4.12664999998924,4.12664999998924,4.757414999926368,0.08112500429441104,0.16684627956503517
10G_phase_asymmetric_px0.125_py0.75,10G_phase,asymmetric,phase_grid,0.125,Gaussian Fitting,15.0,10.0,2,2,1.0,0.29585754850678153,0.29585754850678153,0.08639507196716889,0.298599034586852,0.07638333596050144,0.3082138826669799,0.3736131132772335,0.3822526204739504,0.28779618192567114,-0.06424003570583636,0.29487866066991203,154.10693676567516,4.375999999638225,4.375999999638225,4.409299999656469,0.20946247653961264,0.3822526204739504
10G_phase_asymmetric_px0.125_py0.75,10G_phase,asymmetric,phase_grid,0.125,Intensity-Weighted Centroid,15.0,10.0,2,2,1.0,0.39695791791628715,0.39695791791628715,0.033988438238284624,0.34190468380752903,0.2045287014596852,0.39841034440675793,0.4275475123307433,0.4309463561545718,-0.34190240589396126,-0.19300084339096202,0.39261505409968894,199.20516644760764,0.2162000000680564,0.2162000000680564,0.21835999973518483,0.3629694796780025,0.4309463561545718
10G_phase_asymmetric_px0.125_py0.75,10G_phase,asymmetric,phase_grid,0.125,PSF-Aware Fitting,15.0,10.0,2,2,1.0,0.1372289334522567,0.1372289334522567,0.08716629330871031,0.14546832378425711,0.07258587769685332,0.1625722696699041,0.215678597430096,0.22439522676096701,0.12250264675662947,-0.06181972585102358,0.137217261912178,81.28613197671291,3.7764000001061504,3.7764000001061504,4.0400100000852035,0.050062640143546375,0.22439522676096701
10G_phase_asymmetric_px0.125_py0.875,10G_phase,asymmetric,phase_grid,0.125,Gaussian Fitting,15.0,10.0,2,2,1.0,0.34730913015762666,0.34730913015762666,0.08022244971189477,0.33209340771562473,0.1295115511467938,0.3564537464084573,0.419509334898332,0.42753157986952145,0.32492861753269153,-0.12106955212692583,0.34675126956353103,178.22686547038558,5.561199999874589,5.561199999874589,6.036399999698006,0.2670866804457319,0.42753157986952145
10G_phase_asymmetric_px0.125_py0.875,10G_phase,asymmetric,phase_grid,0.125,Intensity-Weighted Centroid,15.0,10.0,2,2,1.0,0.41675050029326,0.41675050029326,0.013669883722760706,0.3394734831955058,0.24212723808524084,0.41697463377965366,0.4290533956437446,0.4304203840160207,0.003375216753966015,0.24139206378168865,0.24141565927859587,208.48729741423742,0.2223999999841908,0.2223999999841908,0.22266999999374093,0.40308061657049926,0.4304203840160207
10G_phase_asymmetric_px0.125_py0.875,10G_phase,asymmetric,phase_grid,0.125,PSF-Aware Fitting,15.0,10.0,2,2,1.0,0.1733340597784921,0.1733340597784921,0.09724692477606896,0.16175022890662216,0.11549252835725611,0.1987502469374473,0.26085629207695415,0.27058098455456103,0.14243453427820896,-0.09851388990978194,0.17318366857243472,99.37511717101245,4.07285000005686,4.07285000005686,4.142464999927142,0.07608713500242313,0.27058098455456103
10G_phase_asymmetric_px0.25_py0,10G_phase,asymmetric,phase_grid,0.25,Gaussian Fitting,15.0,10.0,2,2,1.0,0.4262891577604363,0.4262891577604363,0.031826473969727404,0.38733053524387395,0.18086024144941848,0.4274755787988922,0.45493298433319096,0.4581156317301637,0.3872467020726731,-0.061409785553337315,0.39208566669526257,213.73778006237924,4.758949999995821,4.758949999995821,4.854305000026216,0.39446268379070887,0.4581156317301637
10G_phase_asymmetric_px0.25_py0,10G_phase,asymmetric,phase_grid,0.25,Intensity-Weighted Centroid,15.0,10.0,2,2,1.0,0.28522383993775846,0.28522383993775846,0.06154529282153941,0.20221759385648203,0.2103532901388138,0.29178838554220954,0.34061460347714395,0.3467691327592979,0.043041525317391915,0.04399527323573693,0.06154800540013332,145.89419052136813,0.2030999999078631,0.2030999999078631,0.20634000002246466,0.22367854711621907,0.3467691327592979
10G_phase_asymmetric_px0.25_py0,10G_phase,asymmetric,phase_grid,0.25,PSF-Aware Fitting,15.0,10.0,2,2,1.0,0.2878766243173217,0.2878766243173217,0.04048641136895487,0.23292886033446092,0.17394322739664744,0.29070964953690925,0.32431439454938105,0.32836303568627656,0.23264668176750547,-0.05440456859292908,0.23892328396624238,145.35482134344429,3.993300000047384,3.993300000047384,4.498289999969529,0.24739021294836683,0.32836303568627656
10G_phase_asymmetric_px0.25_py0.125,10G_phase,asymmetric,phase_grid,0.25,Gaussian Fitting,15.0,10.0,2,2,1.0,0.1750934696042196,0.1750934696042196,0.06499735285862396,0.16729430853410537,0.08303609642057967,0.1867682493805418,0.23359108717698115,0.24009082246284355,0.1596997035296681,-0.05505087697088129,0.1689218587475493,93.38412238191846,4.42879999991419,4.42879999991419,4.805899999882968,0.11009611674559565,0.24009082246284355
10G_phase_asymmetric_px0.25_py0.125,10G_phase,asymmetric,phase_grid,0.25,Intensity-Weighted Centroid,15.0,10.0,2,2,1.0,0.34913570096856944,0.34913570096856944,0.14477763658924447,0.17309871611866523,0.3359957384034081,0.37796336032369815,0.47943557389888947,0.4939133375578139,-0.17203494342425074,-0.19875223842097967,0.26286588602619226,188.981678742216,0.19314999985908798,0.19314999985908798,0.20255500005532667,0.20435806437932497,0.4939133375578139
10G_phase_asymmetric_px0.25_py0.125,10G_phase,asymmetric,phase_grid,0.25,PSF-Aware Fitting,15.0,10.0,2,2,1.0,0.09232192239859481,0.09232192239859481,0.03672547449395434,0.051980131174544746,0.0846768197044231,0.09935843110767326,0.12537484944315372,0.12904739689254915,-0.003324701538474528,-0.056462950922821165,0.05656075023576726,49.67921529730768,4.026599999860991,4.026599999860991,4.5700199997781965,0.055596447904640474,0.12904739689254915
10G_phase_asymmetric_px0.25_py0.25,10G_phase,asymmetric,phase_grid,0.25,Gaussian Fitting,15.0,10.0,2,2,1.0,0.23015444002882557,0.23015444002882557,0.0775328987260208,0.17535245520836906,0.1680295602036695,0.24286295857919887,0.2999340488822443,0.3076873387548464,0.17196879902832052,0.14708487816824345,0.22629014389718768,121.43147545484274,4.100199999811593,4.100199999811593,4.443279999804872,0.15262154130280478,0.3076873387548464
10G_phase_asymmetric_px0.25_py0.25,10G_phase,asymmetric,phase_grid,0.25,Intensity-Weighted Centroid,15.0,10.0,2,2,1.0,0.7150184341848078,0.7150184341848078,0.014647150281961563,0.39079218537069166,0.5989552304543936,0.715168441862109,0.7282008694385733,0.7296655844667694,-0.3748844877012516,-0.5967124067895497,0.7047014087793545,357.58421825983737,0.220299999909912,0.220299999909912,0.22389999990082288,0.7003712839028463,0.7296655844667694
10G_phase_asymmetric_px0.25_py0.25,10G_phase,asymmetric,phase_grid,0.25,PSF-Aware Fitting,15.0,10.0,2,2,1.0,0.14502424977589304,0.14502424977589304,0.08172019675742709,0.040453798713302354,0.16147356982118413,0.16646388071030066,0.2185724268575774,0.22674444653332013,0.013065931445169099,0.13945825708208304,0.14006899740093173,83.23193771384149,3.513699999984965,3.513699999984965,3.520989999833546,0.06330405301846595,0.22674444653332013
10G_phase_asymmetric_px0.25_py0.375,10G_phase,asymmetric,phase_grid,0.25,Gaussian Fitting,15.0,10.0,2,2,1.0,0.2443174069393701,0.2443174069393701,0.07678865121764177,0.18679041190775547,0.17520512066927,0.2561005511306104,0.3134271930352477,0.3211060581570119,0.1710416405458659,0.03446712011032105,0.17447987038429533,128.05027038310521,4.549300000007861,4.549300000007861,4.6052800000097704,0.16752875572172835,0.3211060581570119
10G_phase_asymmetric_px0.25_py0.375,10G_phase,asymmetric,phase_grid,0.25,Intensity-Weighted Centroid,15.0,10.0,2,2,1.0,0.38390161700451086,0.38390161700451086,0.14720108009403413,0.2757620155902878,0.30496544111933443,0.4111552134164522,0.5163825890891416,0.531102697098545,0.16619266291115764,-0.29751014788598695,0.34078187936074816,205.57760039649366,0.2084000000195374,0.2084000000195374,0.21388999987266288,0.2367005369104767,0.531102697098545
10G_phase_asymmetric_px0.25_py0.375,10G_phase,asymmetric,phase_grid,0.25,PSF-Aware Fitting,15.0,10.0,2,2,1.0,0.20777297612789639,0.20777297612789639,0.042961323658154554,0.08738840285352366,0.19333533558616325,0.21216805824511878,0.24643816742023547,0.25073429978605094,0.016122630673578442,0.039863722719474026,0.043000646610158344,106.08402439974559,3.419549999989613,3.419549999989613,3.427514999862069,0.16481165246974183,0.25073429978605094
10G_phase_asymmetric_px0.25_py0.5,10G_phase,asymmetric,phase_grid,0.25,Gaussian Fitting,15.0,10.0,2,2,1.0,0.2165479552408929,0.2165479552408929,0.03942227883413821,0.18892356990741396,0.11293811456247516,0.22010709435974182,0.2520280061916173,0.2559702340750311,0.17457182937033622,-0.03833075174640044,0.17873043987846604,110.05354293847789,4.618100000016057,4.618100000016057,4.953169999794227,0.1771256764067547,0.2559702340750311
10G_phase_asymmetric_px0.25_py0.5,10G_phase,asymmetric,phase_grid,0.25,Intensity-Weighted Centroid,15.0,10.0,2,2,1.0,0.32522846889911067,0.32522846889911067,0.13068142539756597,0.018651344092208196,0.35000474181066954,0.3505013436870098,0.44284175175692,0.4559098942966766,-0.01619031858035669,-0.32481127438535395,0.3252145297854497,175.25066734206584,0.23190000001704902,0.23190000001704902,0.24035999977058964,0.1945470435015447,0.4559098942966766
10G_phase_asymmetric_px0.25_py0.5,10G_phase,asymmetric,phase_grid,0.25,PSF-Aware Fitting,15.0,10.0,2,2,1.0,0.12993001070567317,0.12993001070567317,0.02715946753939201,0.07121920320087774,0.11201459482778002,0.13273825506989173,0.15437353149112598,0.1570894782450652,0.0108648524251862,-0.04122348553516986,0.04263121834864016,66.3691248274351,3.7590000001728185,3.7590000001728185,3.8424300002589007,0.10277054316628118,0.1570894782450652
10G_phase_asymmetric_px0.25_py0.625,10G_phase,asymmetric,phase_grid,0.25,Gaussian Fitting,15.0,10.0,2,2,1.0,0.16872154326626893,0.16872154326626893,0.07569317374340964,0.18314238545535447,0.025598483611804595,0.18492272903432247,0.2368453996353376,0.24441471700967857,0.16601942694711624,-0.0025866719088867285,0.16603957659369376,92.46136125065483,4.297749999977896,4.297749999977896,4.30247499973575,0.09302836952285927,0.24441471700967857
10G_phase_asymmetric_px0.25_py0.625,10G_phase,asymmetric,phase_grid,0.25,Intensity-Weighted Centroid,15.0,10.0,2,2,1.0,0.7060700671113872,0.7060700671113872,0.23228363235533536,0.6204685709929632,0.4092790954114535,0.7432971313888326,0.915125336231189,0.9383536994667225,-0.4850843426425513,0.4050902073469729,0.6319848855513632,371.6485392741175,0.20855000002484303,0.20855000002484303,0.20886499996777275,0.4737864347560518,0.9383536994667225
10G_phase_asymmetric_px0.25_py0.625,10G_phase,asymmetric,phase_grid,0.25,PSF-Aware Fitting,15.0,10.0,2,2,1.0,0.08198482974380303,0.08198482974380303,0.0032642568978819148,0.07723267000398124,0.02769986218868023,0.08204978781944375,0.08492266095189675,0.08524908664168494,-0.0015499886763450377,-0.005446949791576117,0.00566319052555615,41.02489288890434,4.114350000008926,4.114350000008926,4.232205000084832,0.07872057284592111,0.08524908664168494
10G_phase_asymmetric_px0.25_py0.75,10G_phase,asymmetric,phase_grid,0.25,Gaussian Fitting,15.0,10.0,2,2,1.0,0.24850194897335764,0.24850194897335764,0.2205035158880314,0.2797360405538923,0.17922825329108047,0.3322273606471035,0.4469551132725859,0.46900546486138905,0.20783425954579116,-0.1358599906752147,0.24830025474658035,166.11366928017742,4.950849999886486,4.950849999886486,4.992564999724891,0.027998433085326242,0.46900546486138905
10G_phase_asymmetric_px0.25_py0.75,10G_phase,asymmetric,phase_grid,0.25,Intensity-Weighted Centroid,15.0,10.0,2,2,1.0,0.11680498845612054,0.11680498845612054,0.09090991265455066,0.016509272436576013,0.1470899774651808,0.14801357217192107,0.19862390984521613,0.2077149011106712,0.002037862832821702,0.11422751800608921,0.11424569468805741,74.00677272758165,0.1921999999012769,0.1921999999012769,0.19354999974439124,0.02589507580156989,0.2077149011106712
10G_phase_asymmetric_px0.25_py0.75,10G_phase,asymmetric,phase_grid,0.25,PSF-Aware Fitting,15.0,10.0,2,2,1.0,0.2482866260803589,0.2482866260803589,0.09712364108864628,0.19873683628097555,0.17771584131335297,0.2666069210442297,0.3356979030601406,0.3454102671690052,0.044642734916237714,-0.13771703982882855,0.14477208584536116,133.30345259163897,4.159600000093633,4.159600000093633,4.346350000287202,0.15116298499171263,0.3454102671690052
10G_phase_asymmetric_px0.25_py0.875,10G_phase,asymmetric,phase_grid,0.25,Gaussian Fitting,15.0,10.0,2,2,1.0,0.20855122544393476,0.20855122544393476,0.08484774007284099,0.22347757712681032,0.027395714102133505,0.22515051105790385,0.28491419150949165,0.29339896551677574,0.20689945313813496,0.026080592953121595,0.2085367618374413,112.57525093391935,4.675300000144489,4.675300000144489,5.040520000102333,0.12370348537109378,0.29339896551677574
10G_phase_asymmetric_px0.25_py0.875,10G_phase,asymmetric,phase_grid,0.25,Intensity-Weighted Centroid,15.0,10.0,2,2,1.0,0.6307402994543914,0.6307402994543914,0.06603580531705089,0.4181197956015971,0.4768331883014912,0.6341877111232026,0.6901725242397372,0.6967761047714423,-0.1322475279508808,0.22339309596975454,0.25960332042574297,317.09379139643136,0.1900999998269981,0.1900999998269981,0.1978399996232838,0.5647044941373405,0.6967761047714423
10G_phase_asymmetric_px0.25_py0.875,10G_phase,asymmetric,phase_grid,0.25,PSF-Aware Fitting,15.0,10.0,2,2,1.0,0.0844202125217238,0.0844202125217238,0.04954131115319382,0.09460290543712897,0.025127755089625725,0.09788316399151888,0.12900739255959823,0.13396152367491762,0.048913156125081514,0.02325278991719415,0.05415892429738395,48.941580237368555,3.6726000000726344,3.6726000000726344,3.9439500000526095,0.03487890136852997,0.13396152367491762
10G_phase_asymmetric_px0.375_py0,10G_phase,asymmetric,phase_grid,0.375,Gaussian Fitting,15.0,10.0,2,2,1.0,0.15081388183986916,0.15081388183986916,0.11076384026966364,0.1779247245050199,0.05793313107977456,0.18711882659661366,0.2505013380825664,0.2615777221095328,0.12343843358769391,-0.015927631135184583,0.12446178658593175,93.55940788075748,5.126600000039616,5.126600000039616,5.310020000251825,0.040050041570205516,0.2615777221095328
10G_phase_asymmetric_px0.375_py0,10G_phase,asymmetric,phase_grid,0.375,Intensity-Weighted Centroid,15.0,10.0,2,2,1.0,0.23645148867505794,0.23645148867505794,0.11036261038994562,0.2432806315784065,0.09435966599954462,0.2609390968573586,0.33577783802600897,0.34681409906500354,-0.21187932661132436,0.09400824434004562,0.2317981860351068,130.4695468001778,0.25484999991931545,0.25484999991931545,0.26497499986817274,0.1260888782851123,0.34681409906500354
10G_phase_asymmetric_px0.375_py0,10G_phase,asymmetric,phase_grid,0.375,PSF-Aware Fitting,15.0,10.0,2,2,1.0,0.141584692229005,0.141584692229005,0.019680242137186,0.1292086781447339,0.06114453774664501,0.14294592335621306,0.15929691015247238,0.161264934366191,-0.032512410738036124,-0.0225016177188877,0.03953959600154923,71.47296003006947,4.278449999901568,4.278449999901568,4.53454499995587,0.121904450091819,0.161264934366191
10G_phase_asymmetric_px0.375_py0.125,10G_phase,asymmetric,phase_grid,0.375,Gaussian Fitting,15.0,10.0,2,2,1.0,0.23484344461184958,0.23484344461184958,0.07461370247474454,0.2217925786784197,0.10736247071172292,0.24641154208792362,0.30199577683911966,0.3094571470865941,0.18063754760788697,-0.07137198031585967,0.19422637096954443,123.20576390586876,4.578900000069552,4.578900000069552,4.874370000152339,0.16022974213710503,0.3094571470865941
10G_phase_asymmetric_px0.375_py0.125,10G_phase,asymmetric,phase_grid,0.375,Intensity-Weighted Centroid,15.0,10.0,2,2,1.0,0.3369802994155947,0.3369802994155947,0.1125179175436208,0.3354742145624954,0.11693184051512111,0.3552689178109688,0.4382464252048534,0.4494982169592155,-0.3006419246895007,-0.0818956787687739,0.3115966448503668,177.63445711458473,0.20119999999224092,0.20119999999224092,0.20677999991676188,0.2244623818719739,0.4494982169592155
10G_phase_asymmetric_px0.375_py0.125,10G_phase,asymmetric,phase_grid,0.375,PSF-Aware Fitting,15.0,10.0,2,2,1.0,0.1698441729632032,0.1698441729632032,0.014691691774135943,0.1351275871495946,0.1039395212990199,0.17047841182020876,0.18306669555992552,0.18453586473733913,0.019809892547129948,-0.06124360121424388,0.06436777557456969,85.23920360657564,3.3918500000709173,3.3918500000709173,3.395495000199844,0.15515248118906724,0.18453586473733913
10G_phase_asymmetric_px0.375_py0.25,10G_phase,asymmetric,phase_grid,0.375,Gaussian Fitting,15.0,10.0,2,2,1.0,0.13984723744140354,0.13984723744140354,0.07938984601936235,0.15465400455016803,0.04406967605470876,0.16081043955841415,0.21129809885882966,0.2192370834607659,0.11220372653622235,-0.03819113524559725,0.11852526760131304,80.40521527096872,4.329849999976432,4.329849999976432,4.350324999950317,0.06045739142204121,0.2192370834607659
10G_phase_asymmetric_px0.375_py0.25,10G_phase,asymmetric,phase_grid,0.375,Intensity-Weighted Centroid,15.0,10.0,2,2,1.0,0.455411299219088,0.455411299219088,0.06986403516854517,0.20752586595374892,0.41135562452286467,0.4607390094906762,0.5182889308707787,0.5252753343876332,-0.19078397001362646,-0.3933084224977961,0.43713846596000355,230.3695029590191,0.19669999983307207,0.19669999983307207,0.2031799996530026,0.38554726405054285,0.5252753343876332
10G_phase_asymmetric_px0.375_py0.25,10G_phase,asymmetric,phase_grid,0.375,PSF-Aware Fitting,15.0,10.0,2,2,1.0,0.114532007130354,0.114532007130354,0.057409320750718036,0.11895042868640354,0.0475836766306168,0.1281148342947306,0.1662003958060002,0.17194132788107203,-0.053034093493522505,-0.04218827011470694,0.0677677298420949,64.05741570633694,3.7411499997688225,3.7411499997688225,3.963224999642989,0.057122686379635954,0.17194132788107203
10G_phase_asymmetric_px0.375_py0.375,10G_phase,asymmetric,phase_grid,0.375,Gaussian Fitting,15.0,10.0,2,2,1.0,0.20656488533248119,0.20656488533248119,0.05611643813645388,0.19871843124425137,0.07955558789530309,0.21405164442616076,0.2570696796552897,0.2626813234689351,0.18417434220594942,-0.029061853606833665,0.18645315675005125,107.02581605663029,4.474750000099448,4.474750000099448,4.646155000091312,0.15044844719602732,0.2626813234689351
10G_phase_asymmetric_px0.375_py0.375,10G_phase,asymmetric,phase_grid,0.375,Intensity-Weighted Centroid,15.0,10.0,2,2,1.0,0.5639146428488956,0.5639146428488956,0.07953672286149716,0.11152412848143474,0.5584695009303556,0.569496105959421,0.635497693424243,0.6434513657103927,-0.11061471837763293,-0.5521030107354932,0.5630749065488171,284.74805014206396,0.20739999990837532,0.20739999990837532,0.2128899999661371,0.48437791998739843,0.6434513657103927
10G_phase_asymmetric_px0.375_py0.375,10G_phase,asymmetric,phase_grid,0.375,PSF-Aware Fitting,15.0,10.0,2,2,1.0,0.11151572738716425,0.11151572738716425,0.009435851034402018,0.0828729454040058,0.07521215100963696,0.11191422045223637,0.12000799331812607,0.12095157842156627,0.013603908873335513,-0.031741858636678444,0.03453421385155444,55.95710830412589,3.6819499998728134,3.6819499998728134,3.945514999918487,0.10207987635276224,0.12095157842156627
10G_phase_asymmetric_px0.375_py0.5,10G_phase,asymmetric,phase_grid,0.375,Gaussian Fitting,15.0,10.0,2,2,1.0,0.15047419671346599,0.15047419671346599,0.050196744850531744,0.13173288489718588,0.08836653273053674,0.15862596593922523,0.19565126707894456,0.20067094156399773,0.09913736018182817,-0.011955148755419032,0.09985560457773879,79.31297849395783,3.9658499999859487,3.9658499999859487,4.201694999937899,0.10027745186293426,0.20067094156399773
10G_phase_asymmetric_px0.375_py0.5,10G_phase,asymmetric,phase_grid,0.375,Intensity-Weighted Centroid,15.0,10.0,2,2,1.0,0.43498099930612877,0.43498099930612877,0.15750572122682546,0.1550603650333752,0.4358586986309408,0.4626191975875416,0.5767361484102717,0.5924867205329543,-0.1548748151007544,-0.40246677698331723,0.4312374229213324,231.3095938636285,0.19829999996545666,0.19829999996545666,0.2039699999613731,0.27747527807930333,0.5924867205329543
10G_phase_asymmetric_px0.375_py0.5,10G_phase,asymmetric,phase_grid,0.375,PSF-Aware Fitting,15.0,10.0,2,2,1.0,0.12609795474158872,0.12609795474158872,0.059094131567777326,0.11310274457809283,0.08124395204976324,0.13925807185137073,0.1792826731525883,0.18519208630936604,-0.06863470738068145,-0.016093373821490786,0.07049623917763283,69.62903352847187,3.5070500000529137,3.5070500000529137,3.6072650000505746,0.06700382317381139,0.18519208630936604
10G_phase_asymmetric_px0.375_py0.625,10G_phase,asymmetric,phase_grid,0.375,Gaussian Fitting,15.0,10.0,2,2,1.0,0.266003105253055,0.266003105253055,0.054662114026311534,0.2403540929437282,0.1263942590440365,0.27156140873491824,0.3151990078767354,0.32066521927936653,0.23679285976385245,-0.039843978749672715,0.24012163808734077,135.78069514461092,4.571350000105667,4.571350000105667,4.79405500007033,0.21134099122674346,0.32066521927936653
10G_phase_asymmetric_px0.375_py0.625,10G_phase,asymmetric,phase_grid,0.375,Intensity-Weighted Centroid,15.0,10.0,2,2,1.0,0.7125582965046553,0.7125582965046553,0.5250706767935247,0.3014123275593505,0.8322194123795005,0.8851206367191008,1.1851219056188276,1.23762897329818,-0.12288768970046249,0.5312776183448022,0.5453047698618109,442.56016397112865,0.19665000013446843,0.19665000013446843,0.20056500027294533,0.18748761971113054,1.23762897329818
10G_phase_asymmetric_px0.375_py0.625,10G_phase,asymmetric,phase_grid,0.375,PSF-Aware Fitting,15.0,10.0,2,2,1.0,0.1487158097841928,0.1487158097841928,0.053475505820924106,0.09094598724653291,0.12924724061396972,0.15803803909999614,0.1968437650230245,0.2021913156051169,0.08302763649652434,-0.03959072112206741,0.09198376824833984,79.01901399008823,4.290300000093339,4.290300000093339,4.549680000195622,0.0952403039632687,0.2021913156051169
10G_phase_asymmetric_px0.375_py0.75,10G_phase,asymmetric,phase_grid,0.375,Gaussian Fitting,15.0,10.0,2,2,1.0,0.26799894402482544,0.26799894402482544,0.0015775580769692987,0.25889732896230444,0.06926828815621222,0.2680035870802996,0.2694187462940978,0.26957650210179473,0.25880053362885747,0.0397458052701154,0.2618347670634122,134.00178398294884,5.340299999943454,5.340299999943454,5.8034400000224196,0.26642138594785614,0.26957650210179473
10G_phase_asymmetric_px0.375_py0.75,10G_phase,asymmetric,phase_grid,0.375,Intensity-Weighted Centroid,15.0,10.0,2,2,1.0,0.3511412710700358,0.3511412710700358,0.05394536703152966,0.306892255264126,0.17896211479457122,0.3552608828352015,0.39969210139841244,0.4050866381015654,-0.02392069322183943,0.07070210215721318,0.07463904349375307,177.63042845153387,0.2062500000192813,0.2062500000192813,0.2065650001668473,0.2971959040385061,0.4050866381015654
10G_phase_asymmetric_px0.375_py0.75,10G_phase,asymmetric,phase_grid,0.375,PSF-Aware Fitting,15.0,10.0,2,2,1.0,0.11361226399051887,0.11361226399051887,0.01091500231572401,0.08960972991316171,0.07068932104281256,0.11413537490455625,0.12343576607467048,0.12452726630624288,0.08901729748379239,0.03515080417855643,0.09570610370147356,57.06768243377202,5.490399999871443,5.490399999871443,6.882519999999204,0.10269726167479486,0.12452726630624288
10G_phase_asymmetric_px0.375_py0.875,10G_phase,asymmetric,phase_grid,0.375,Gaussian Fitting,15.0,10.0,2,2,1.0,0.16024993686465122,0.16024993686465122,0.051482737119926146,0.15396449086145425,0.06801066122496752,0.16831670887491867,0.20658440027258476,0.21173267398457737,0.1424215785659726,0.0011798174736554756,0.14242646527417102,84.15834789647215,4.6345000000656,4.6345000000656,4.82800000008865,0.10876719974472508,0.21173267398457737
10G_phase_asymmetric_px0.375_py0.875,10G_phase,asymmetric,phase_grid,0.375,Intensity-Weighted Centroid,15.0,10.0,2,2,1.0,0.802178472767179,0.802178472767179,0.12478978411252367,0.669604754771217,0.45901227083566354,0.8118268241379649,0.9144892784684504,0.9269682568797027,-0.3570769524365005,0.2822141928536439,0.45513602429314753,405.9133588837767,0.2059000000826927,0.2059000000826927,0.20842000024003937,0.6773886886546554,0.9269682568797027
10G_phase_asymmetric_px0.375_py0.875,10G_phase,asymmetric,phase_grid,0.375,PSF-Aware Fitting,15.0,10.0,2,2,1.0,0.09777966202862502,0.09777966202862502,0.025650204311271255,0.06517678636613061,0.0772708341266345,0.10108805709697903,0.12086484590876916,0.12342986633989628,-0.022868247535029695,0.014661760124624834,0.02716475575585819,50.54402197641556,3.996249999772772,3.996249999772772,4.016454999941743,0.07212945771735377,0.12342986633989628
10G_phase_asymmetric_px0.5_py0,10G_phase,asymmetric,phase_grid,0.5,Gaussian Fitting,15.0,10.0,2,2,1.0,0.1187583410400832,0.1187583410400832,0.0011287048450227405,0.09053797234027987,0.07686151901784538,0.11876370464590555,0.11977417540060367,0.11988704588510594,0.08415429645276618,0.05212253725125038,0.09898840589163983,59.38184964519899,3.962549999869225,3.962549999869225,4.228184999919904,0.11762963619506046,0.11988704588510594
10G_phase_asymmetric_px0.5_py0,10G_phase,asymmetric,phase_grid,0.5,Intensity-Weighted Centroid,15.0,10.0,2,2,1.0,0.48744390668507376,0.48744390668507376,0.0026420184783790546,0.3017629142039425,0.3828154725676472,0.48745106669905547,0.4898217233156149,0.49008592516345284,-0.2573031355967146,-0.11458456152911367,0.2816638516542734,243.72552844978011,0.19919999976991676,0.19919999976991676,0.20468999982767855,0.48480188820669473,0.49008592516345284
10G_phase_asymmetric_px0.5_py0,10G_phase,asymmetric,phase_grid,0.5,PSF-Aware Fitting,15.0,10.0,2,2,1.0,0.0959528144704671,0.0959528144704671,0.06617786944846336,0.08554066728677151,0.07917857822464103,0.11656094118332153,0.1555128969740841,0.16213068391893046,-0.0729035449122648,0.05093686753622251,0.08893532107760836,58.28046901045693,4.7503999999207736,4.7503999999207736,5.93191999996634,0.02977494502200374,0.16213068391893046
10G_phase_asymmetric_px0.5_py0.125,10G_phase,asymmetric,phase_grid,0.5,Gaussian Fitting,15.0,10.0,2,2,1.0,0.26306145997640834,0.26306145997640834,0.10670040911125361,0.27049131307934027,0.0861438249559577,0.2838772781140266,0.35909182817653656,0.36976186908766195,0.24296346352025466,-0.08561411802025987,0.25760633107543207,141.93862427751952,4.385200000115219,4.385200000115219,5.0430100001221945,0.15636105086515473,0.36976186908766195
10G_phase_asymmetric_px0.5_py0.125,10G_phase,asymmetric,phase_grid,0.5,Intensity-Weighted Centroid,15.0,10.0,2,2,1.0,0.44409491665767487,0.44409491665767487,0.22595872715711696,0.46920772114188036,0.16769542569937637,0.49827466459740016,0.6474577710990801,0.6700536438147918,-0.32830929994207736,0.0623556374981149,0.33417842832273487,249.13732835041736,0.19965000001320732,0.19965000001320732,0.2009550001275784,0.2181361895005579,0.6700536438147918
10G_phase_asymmetric_px0.5_py0.125,10G_phase,asymmetric,phase_grid,0.5,PSF-Aware Fitting,15.0,10.0,2,2,1.0,0.16241048353813084,0.16241048353813084,0.05819436197518038,0.1490225801276708,0.08692536764880392,0.17252173465621018,0.21478540931579318,0.22060484551331122,0.08341207946978102,-0.08636734391018308,0.12007036726675281,86.26086145171855,3.5209500001656124,3.5209500001656124,3.5650950002946047,0.10421612156295046,0.22060484551331122
10G_phase_asymmetric_px0.5_py0.25,10G_phase,asymmetric,phase_grid,0.5,Gaussian Fitting,15.0,10.0,2,2,1.0,0.13445448175409946,0.13445448175409946,0.0647355412675584,0.1146164806420985,0.09556024451719806,0.14922700146745302,0.19271646889490202,0.19919002302165786,-0.043485636033949504,-0.050411211688071944,0.06657545197095345,74.6134982751362,4.061650000039663,4.061650000039663,4.43618500012235,0.06971894048654108,0.19919002302165786
10G_phase_asymmetric_px0.5_py0.25,10G_phase,asymmetric,phase_grid,0.5,Intensity-Weighted Centroid,15.0,10.0,2,2,1.0,0.5761996444763935,0.5761996444763935,0.016984524080915664,0.4159684768035262,0.3990798549898651,0.5764499148694338,0.5914857161492176,0.5931841685573092,-0.41596791695002366,-0.3982780586849799,0.5758947125661236,288.2249531392813,0.21485000002030574,0.21485000002030574,0.21831500000644155,0.5592151203954778,0.5931841685573092
10G_phase_asymmetric_px0.5_py0.25,10G_phase,asymmetric,phase_grid,0.5,PSF-Aware Fitting,15.0,10.0,2,2,1.0,0.20302727008254107,0.20302727008254107,0.13302125919991742,0.2210232645657734,0.10031672002706644,0.24272356250743496,0.32274640336246674,0.3360485292824585,-0.18680970408411213,-0.06384357008721508,0.19741800065210538,121.36177773557276,3.70335000002342,3.70335000002342,3.902925000261348,0.07000601088262366,0.3360485292824585
10G_phase_asymmetric_px0.5_py0.375,10G_phase,asymmetric,phase_grid,0.5,Gaussian Fitting,15.0,10.0,2,2,1.0,0.14492196837646792,0.14492196837646792,0.042725096955803836,0.14720760216635012,0.034025471230041814,0.15108875149392428,0.1833745556366914,0.18764706533227177,0.139142400232231,-0.016693985341589723,0.140140275042443,75.54436945268888,4.766850000351042,4.766850000351042,4.837725000402315,0.1021968714206641,0.18764706533227177
10G_phase_asymmetric_px0.5_py0.375,10G_phase,asymmetric,phase_grid,0.5,Intensity-Weighted Centroid,15.0,10.0,2,2,1.0,0.25354683077119133,0.25354683077119133,0.15502980738725453,0.23408392901446348,0.18309819974482547,0.29718720795593534,0.3930736574197204,0.40857663815844586,-0.19582156916447957,-0.160256107688042,0.2530377580547227,148.59360004324398,0.19955000016125268,0.19955000016125268,0.20778500024789537,0.09851702338393684,0.40857663815844586
10G_phase_asymmetric_px0.5_py0.375,10G_phase,asymmetric,phase_grid,0.5,PSF-Aware Fitting,15.0,10.0,2,2,1.0,0.05642270335059903,0.05642270335059903,0.00895344243460584,0.05050000152704962,0.026710212103004453,0.05712867567885238,0.06448080154174428,0.06537614578520487,-0.006082875056108605,-0.007841929653068291,0.009924577050529662,28.564336282791512,3.692999999884705,3.692999999884705,3.9549899998064575,0.04746926091599319,0.06537614578520487
10G_phase_asymmetric_px0.5_py0.5,10G_phase,asymmetric,phase_grid,0.5,Gaussian Fitting,15.0,10.0,2,2,1.0,0.24408284745667724,0.24408284745667724,0.18882965645523775,0.2372467024561308,0.1973501399879281,0.3085985670406826,0.4140295382663912,0.432912503911915,0.19276740140003312,-0.13482949664978605,0.23524086424207033,154.29927116315903,4.257950000010169,4.257950000010169,4.3044349999490805,0.055253191001439515,0.432912503911915
10G_phase_asymmetric_px0.5_py0.5,10G_phase,asymmetric,phase_grid,0.5,Intensity-Weighted Centroid,15.0,10.0,2,2,1.0,0.4281292455845129,0.4281292455845129,0.024290731997705928,0.14371280061377434,0.404018961839038,0.4288177824971214,0.4499909043824482,0.4524199775822188,-0.07222332035922818,0.0035298878872254136,0.07230952988512708,214.40887547600911,0.19814999996015104,0.19814999996015104,0.20377499981805158,0.40383851358680695,0.4524199775822188
10G_phase_asymmetric_px0.5_py0.5,10G_phase,asymmetric,phase_grid,0.5,PSF-Aware Fitting,15.0,10.0,2,2,1.0,0.21722370592888013,0.21722370592888013,0.09418586095604113,0.14232022205297393,0.18921434727921535,0.2367638376558112,0.30199098078931713,0.3114095668849213,0.01817236860972571,-0.1319438498811678,0.13318939335529648,118.38191314113573,3.5025500001211185,3.5025500001211185,3.558665000127803,0.123037844972839,0.3114095668849213
10G_phase_asymmetric_px0.5_py0.625,10G_phase,asymmetric,phase_grid,0.5,Gaussian Fitting,15.0,10.0,2,2,1.0,0.2345244300858763,0.2345244300858763,0.013144730247672543,0.16262142349537875,0.16949561900157137,0.23489251209944764,0.2463546873087816,0.24766916033354885,0.1526665888055163,0.15095477155449544,0.2146961350201314,117.44624277273331,4.5328999999583175,4.5328999999583175,4.858520000016142,0.22137969983820377,0.24766916033354885
10G_phase_asymmetric_px0.5_py0.625,10G_phase,asymmetric,phase_grid,0.5,Intensity-Weighted Centroid,15.0,10.0,2,2,1.0,0.8346667480213,0.8346667480213,0.4739027318749881,0.5202025656536677,0.8066236236426322,0.9598189305963022,1.2611792067087892,1.3085694798962881,-0.4817658715279549,0.4493504545378073,0.6587975303250795,479.9093388304599,0.20115000029363728,0.20115000029363728,0.20983500032798474,0.3607640161463119,1.3085694798962881
10G_phase_asymmetric_px0.5_py0.625,10G_phase,asymmetric,phase_grid,0.5,PSF-Aware Fitting,15.0,10.0,2,2,1.0,0.1608410404773346,0.1608410404773346,0.05424972850352715,0.06533602386739477,0.1566654950196029,0.16974355170237834,0.209665796130509,0.21509076898086174,-0.0034086042508079117,0.14532963145819622,0.14536959916954356,84.87176569796729,4.741350000131206,4.741350000131206,4.8609149999265355,0.10659131197380745,0.21509076898086174
10G_phase_asymmetric_px0.5_py0.75,10G_phase,asymmetric,phase_grid,0.5,Gaussian Fitting,15.0,10.0,2,2,1.0,0.09720433515860531,0.09720433515860531,0.012380941136236903,0.07214232069916335,0.0663133172234997,0.09798964474394953,0.10834718218121853,0.10958527629484222,0.06390541158771157,0.06471767667676431,0.09095207146971983,48.994816926125736,4.3799999998554995,4.3799999998554995,4.476389999990715,0.08482339402236841,0.10958527629484222
10G_phase_asymmetric_px0.5_py0.75,10G_phase,asymmetric,phase_grid,0.5,Intensity-Weighted Centroid,15.0,10.0,2,2,1.0,0.39324509322262086,0.39324509322262086,0.1106413733544,0.24780476681961894,0.3247707104756982,0.4085134230859685,0.49282232924158087,0.5038864665770209,-0.1739296668773136,0.3223303759828582,0.3662627476297637,204.25668197671223,0.19505000000208383,0.19505000000208383,0.19536499994501355,0.28260371986822086,0.5038864665770209
10G_phase_asymmetric_px0.5_py0.75,10G_phase,asymmetric,phase_grid,0.5,PSF-Aware Fitting,15.0,10.0,2,2,1.0,0.10767007930799048,0.10767007930799048,0.02969353758548436,0.09694031742456793,0.05547185782136329,0.11168953465983074,0.13439426313492642,0.13736361689347484,-0.09227496585793915,0.05484663045677962,0.10734440924680885,55.844763143809274,4.343750000316504,4.343750000316504,4.657535000296775,0.07797654172250612,0.13736361689347484
10G_phase_asymmetric_px0.5_py0.875,10G_phase,asymmetric,phase_grid,0.5,Gaussian Fitting,15.0,10.0,2,2,1.0,0.24732254710359564,0.24732254710359564,0.09920344663501535,0.20262120367005296,0.1730734351464012,0.2664765770758785,0.3366056490751094,0.346525993738611,0.19581244403320852,0.10316504363311196,0.22132677078491955,133.23826732943874,4.256299999951807,4.256299999951807,4.276820000063708,0.1481191004685803,0.346525993738611
10G_phase_asymmetric_px0.5_py0.875,10G_phase,asymmetric,phase_grid,0.5,Intensity-Weighted Centroid,15.0,10.0,2,2,1.0,0.5911972507408407,0.5911972507408407,0.00024090437719731517,0.3971435971635608,0.43793973392515406,0.5911972998233732,0.5914140646803182,0.591438155118038,-0.233491268307489,-0.3942854696867357,0.45823487861786516,295.5986312820458,0.20744999983435264,0.20744999983435264,0.21100499989188393,0.5909563463636434,0.591438155118038
10G_phase_asymmetric_px0.5_py0.875,10G_phase,asymmetric,phase_grid,0.5,PSF-Aware Fitting,15.0,10.0,2,2,1.0,0.1577636222586249,0.1577636222586249,0.10038115322971088,0.07602762381443229,0.17083775007011753,0.18699127367844942,0.24810666016536465,0.25814477548833575,0.04759194753023621,0.08940072231752083,0.10127923094403524,93.49561663418574,3.4914499999558757,3.4914499999558757,3.5601649999307483,0.057382469028914,0.25814477548833575
10G_phase_asymmetric_px0.625_py0,10G_phase,asymmetric,phase_grid,0.625,Gaussian Fitting,15.0,10.0,2,2,1.0,0.23873397161268556,0.23873397161268556,0.09038774020075692,0.16308186865355723,0.19638777176043823,0.2552721151645163,0.3200829377933668,0.32912171181344246,0.1608693745224059,-0.16691545430995802,0.2318183007157325,127.63605054996518,4.966400000057547,4.966400000057547,5.03759000005175,0.14834623141192863,0.32912171181344246
10G_phase_asymmetric_px0.625_py0,10G_phase,asymmetric,phase_grid,0.625,Intensity-Weighted Centroid,15.0,10.0,2,2,1.0,0.6701611499084212,0.6701611499084212,0.1661855932208089,0.558563108916834,0.4058828298879992,0.6904589909913039,0.8197281838071492,0.8363467431292301,0.5496489091029844,0.15052978241857318,0.5698887072693086,345.2294437902848,0.23964999991221703,0.23964999991221703,0.2630949999911536,0.5039755566876123,0.8363467431292301
10G_phase_asymmetric_px0.625_py0,10G_phase,asymmetric,phase_grid,0.625,PSF-Aware Fitting,15.0,10.0,2,2,1.0,0.1720065594095855,0.1720065594095855,0.10521509254184272,0.028154891138356484,0.1996591452538528,0.201634501458733,0.26670014269724396,0.2772216519514282,0.0015142812161457186,-0.16845000971198942,0.16845681588932787,100.81724993804477,4.410249999864391,4.410249999864391,4.801524999925277,0.06679146686774279,0.2772216519514282
10G_phase_asymmetric_px0.625_py0.125,10G_phase,asymmetric,phase_grid,0.625,Gaussian Fitting,15.0,10.0,2,2,1.0,0.16041586529857238,0.16041586529857238,0.005990304716852676,0.15336241427662697,0.04742471378231727,0.16052767234994242,0.1658071395437398,0.16640617001542507,0.153360801949475,0.027835702794106965,0.15586648749692136,80.26382707773821,4.274750000149652,4.274750000149652,4.2769550001594325,0.15442556058171972,0.16640617001542507
10G_phase_asymmetric_px0.625_py0.125,10G_phase,asymmetric,phase_grid,0.625,Intensity-Weighted Centroid,15.0,10.0,2,2,1.0,0.24807238859196373,0.24807238859196373,0.03385118469170294,0.2203442556859123,0.11888743277981642,0.2503713495724981,0.2785384548144964,0.2819235732836667,0.21013094107792085,-0.05170812424682936,0.21639949748420903,125.18566099172224,0.2069500001198321,0.2069500001198321,0.2105050001773634,0.2142212039002608,0.2819235732836667
10G_phase_asymmetric_px0.625_py0.125,10G_phase,asymmetric,phase_grid,0.625,PSF-Aware Fitting,15.0,10.0,2,2,1.0,0.050579627644902155,0.050579627644902155,0.04024383285366265,0.012311929126096256,0.06345298430053917,0.06463640472249742,0.08679907721319853,0.0908234604985648,-0.011514471454688646,0.04098360542974433,0.042570400126165225,32.318202020692986,4.327399999738191,4.327399999738191,4.646809999780999,0.010335794791239509,0.0908234604985648
10G_phase_asymmetric_px0.625_py0.25,10G_phase,asymmetric,phase_grid,0.625,Gaussian Fitting,15.0,10.0,2,2,1.0,0.21034381033408622,0.21034381033408622,0.06487803908240669,0.2123983577661726,0.0577980632830657,0.2201219627866341,0.26873404550825225,0.2752218494164929,0.05878281631464688,-0.04400281830214681,0.07342797499872417,110.06096812825145,4.886050000095565,4.886050000095565,4.964035000057265,0.14546577125167953,0.2752218494164929
10G_phase_asymmetric_px0.625_py0.25,10G_phase,asymmetric,phase_grid,0.625,Intensity-Weighted Centroid,15.0,10.0,2,2,1.0,0.6610746548629857,0.6610746548629857,0.00381381746368048,0.5235994907032151,0.40358124069534695,0.6610856559522842,0.6645070905802981,0.6648884723266661,0.4964704675225562,-0.3103492089550173,0.5854908680936625,330.5427810667753,0.3756999999495747,0.3756999999495747,0.5426499999884982,0.6572608373993052,0.6648884723266661
10G_phase_asymmetric_px0.625_py0.25,10G_phase,asymmetric,phase_grid,0.625,PSF-Aware Fitting,15.0,10.0,2,2,1.0,0.2177565083339218,0.2177565083339218,0.08153804932615012,0.22485066301313034,0.059232843526634334,0.23252172029661022,0.2911407527274569,0.2992945576600719,-0.09575267805411158,-0.037870563595674867,0.10296967971975243,116.26085300787454,4.425000000082946,4.425000000082946,4.568549999976312,0.13621845900777166,0.2992945576600719
10G_phase_asymmetric_px0.625_py0.375,10G_phase,asymmetric,phase_grid,0.625,Gaussian Fitting,15.0,10.0,2,2,1.0,0.1694502047176698,0.1694502047176698,0.08283970255402978,0.16564768863887253,0.09020327846979553,0.18861545058160092,0.2440059370162966,0.2522899072716996,0.1521342649809867,0.06321804531125963,0.164746337847861,94.3077146175578,4.39555000002656,4.39555000002656,4.573794999714664,0.08661050216364002,0.2522899072716996
10G_phase_asymmetric_px0.625_py0.375,10G_phase,asymmetric,phase_grid,0.625,Intensity-Weighted Centroid,15.0,10.0,2,2,1.0,0.869179394822717,0.869179394822717,0.3854650709519939,0.5816731050838992,0.7521386442209077,0.9508186689944672,1.2160979586795115,1.254644465774711,0.42288313241863307,-0.7153853945748097,0.8310273199210428,475.40927869859274,0.1933000000917673,0.1933000000917673,0.19726000016362377,0.4837143238707231,1.254644465774711
10G_phase_asymmetric_px0.625_py0.375,10G_phase,asymmetric,phase_grid,0.625,PSF-Aware Fitting,15.0,10.0,2,2,1.0,0.09955973795714415,0.09955973795714415,0.03373990547290634,0.06209178735251501,0.08482412738593849,0.10512146613996527,0.12992565288275984,0.1332996434300505,-0.003737008908558437,0.05810561121683122,0.05822565835148785,52.56072967681911,3.9775999998710176,3.9775999998710176,3.98983999975826,0.06581983248423781,0.1332996434300505
10G_phase_asymmetric_px0.625_py0.5,10G_phase,asymmetric,phase_grid,0.625,Gaussian Fitting,15.0,10.0,2,2,1.0,0.30641493813703086,0.30641493813703086,0.010474757332600282,0.24100395170241862,0.18951762482290554,0.3065939250127069,0.3158422197363711,0.31688969546963114,0.24045268255639485,0.03840240610190904,0.24349997401022927,153.29694451368192,5.055999999740379,5.055999999740379,5.765469999801098,0.2959401808044306,0.31688969546963114
10G_phase_asymmetric_px0.625_py0.5,10G_phase,asymmetric,phase_grid,0.625,Intensity-Weighted Centroid,15.0,10.0,2,2,1.0,0.6625152344226293,0.6625152344226293,0.14125822737015897,0.6112359859983838,0.2920118012382623,0.6774070583052931,0.7896476390557723,0.8037734617927882,0.5696520010884001,-0.2646799662866215,0.6281392257274702,338.70345690098065,0.2016500000081578,0.2016500000081578,0.20808500009934505,0.5212570070524702,0.8037734617927882
10G_phase_asymmetric_px0.625_py0.5,10G_phase,asymmetric,phase_grid,0.625,PSF-Aware Fitting,15.0,10.0,2,2,1.0,0.19866767578394828,0.19866767578394828,0.023732956674985248,0.08751666420071628,0.17992479573730738,0.20008023049250198,0.22002733679143502,0.22240063245893354,0.08683756773405094,0.03196542600647945,0.09253405659400002,100.04010684587817,3.9204000001973327,3.9204000001973327,4.065390000209845,0.17493471910896305,0.22240063245893354
10G_phase_asymmetric_px0.625_py0.625,10G_phase,asymmetric,phase_grid,0.625,Gaussian Fitting,15.0,10.0,2,2,1.0,0.21087729547208933,0.21087729547208933,0.009214445317934097,0.17563776328502287,0.11707055930666062,0.21107851560057,0.21917029625823004,0.22009174079002344,0.1739587009444108,-0.06201423326257327,0.1846818744799061,105.53924593020989,4.981199999974706,4.981199999974706,5.055090000064411,0.20166285015415525,0.22009174079002344
10G_phase_asymmetric_px0.625_py0.625,10G_phase,asymmetric,phase_grid,0.625,Intensity-Weighted Centroid,15.0,10.0,2,2,1.0,0.31086730111239036,0.31086730111239036,0.07525652124150453,0.07570253997104583,0.31075898753247155,0.3198468741292849,0.37859817022974446,0.3861238223538949,0.05205832324145376,0.3032946164389614,0.30772990329113026,159.9234120209835,0.2162000000680564,0.2162000000680564,0.2348299999084702,0.23561077987088586,0.3861238223538949
10G_phase_asymmetric_px0.625_py0.625,10G_phase,asymmetric,phase_grid,0.625,PSF-Aware Fitting,15.0,10.0,2,2,1.0,0.09942394049708053,0.09942394049708053,0.06852763849879506,0.020433701425287155,0.11901101221420969,0.12075246242701865,0.16109881514599608,0.1679515789958756,0.01244084531452927,-0.07817287876042656,0.07915663968254587,60.37622670344216,4.134499999963737,4.134499999963737,4.270579999865731,0.030896301998285455,0.1679515789958756
10G_phase_asymmetric_px0.625_py0.75,10G_phase,asymmetric,phase_grid,0.625,Gaussian Fitting,15.0,10.0,2,2,1.0,0.3168466706469136,0.3168466706469136,0.07415553234892643,0.2675517954560197,0.18522119864164197,0.3254087516923698,0.38358664976094736,0.39100220299584,0.2640291994069912,-0.07046781707487071,0.27327116822452047,162.70435385655796,4.993949999970937,4.993949999970937,5.067794999922626,0.24269113829798714,0.39100220299584
10G_phase_asymmetric_px0.625_py0.75,10G_phase,asymmetric,phase_grid,0.625,Intensity-Weighted Centroid,15.0,10.0,2,2,1.0,0.5728967764650068,0.5728967764650068,0.34747271500024984,0.6127891926938234,0.27099337532731904,0.6700358230375753,0.8856222199652317,0.9203694914652567,0.5037897579152286,0.09137364124688929,0.5120090453253731,335.0178205653224,0.20489999974415696,0.20489999974415696,0.2066999997396124,0.22542406146475702,0.9203694914652567
10G_phase_asymmetric_px0.625_py0.75,10G_phase,asymmetric,phase_grid,0.625,PSF-Aware Fitting,15.0,10.0,2,2,1.0,0.202869255974685,0.202869255974685,0.08552237248248933,0.11976984210569709,0.1847300628937594,0.22015905889777942,0.27983939120892537,0.2883916284571743,0.10819106648671095,-0.06877449825634585,0.12819999406374413,110.0795169485596,3.7976500002514513,3.7976500002514513,3.94493500034514,0.11734688349219567,0.2883916284571743
10G_phase_asymmetric_px0.625_py0.875,10G_phase,asymmetric,phase_grid,0.625,Gaussian Fitting,15.0,10.0,2,2,1.0,0.15840340706859163,0.15840340706859163,0.017725099110342063,0.09589447301777954,0.12731876748559792,0.15939202774734185,0.1743559962678995,0.1761285061789337,0.07642618214930508,-0.012780108730908069,0.0774873699198301,79.69600103747452,5.10260000010021,5.10260000010021,5.128159999912896,0.14067830795824957,0.1761285061789337
10G_phase_asymmetric_px0.625_py0.875,10G_phase,asymmetric,phase_grid,0.625,Intensity-Weighted Centroid,15.0,10.0,2,2,1.0,0.30901807814237536,0.30901807814237536,0.19393493207299517,0.32642131217539444,0.1629480207141473,0.3648327431809876,0.483559517008071,0.5029530102153705,-0.18845025860980513,0.14945969995670794,0.24052380730657744,182.41635625812083,0.3085499997723673,0.3085499997723673,0.34144499977628584,0.11508314606938022,0.5029530102153705
10G_phase_asymmetric_px0.625_py0.875,10G_phase,asymmetric,phase_grid,0.625,PSF-Aware Fitting,15.0,10.0,2,2,1.0,0.15005117096358128,0.15005117096358128,0.05240419661598191,0.10121471403931577,0.12254442211887052,0.1589388364450564,0.197214947917965,0.2024553675795632,-0.07635105933496789,-0.02318749391804431,0.07979438661817714,79.46940732869871,5.124199999954726,5.124199999954726,5.510300000105417,0.09764697434759938,0.2024553675795632
10G_phase_asymmetric_px0.75_py0,10G_phase,asymmetric,phase_grid,0.75,Gaussian Fitting,15.0,10.0,2,2,1.0,0.22246515180339088,0.22246515180339088,0.04984437676053598,0.19674739301819053,0.11517668601803788,0.2279807133543362,0.26732509088787326,0.2723095285639269,0.18716180924673154,-0.002302585124880352,0.18717597265345584,113.99034079256953,5.979299999808063,5.979299999808063,6.395640000005187,0.17262077504285492,0.2723095285639269
10G_phase_asymmetric_px0.75_py0,10G_phase,asymmetric,phase_grid,0.75,Intensity-Weighted Centroid,15.0,10.0,2,2,1.0,0.610203497644192,0.610203497644192,0.13264446222756968,0.48335434548625966,0.3953624142434332,0.6244540510692893,0.7295835136490046,0.7428479598717617,0.37055404237935363,-0.3853538554492957,0.5346100375351331,312.2269664017448,0.21414999969238124,0.21414999969238124,0.2167149997831075,0.4775590354166223,0.7428479598717617
10G_phase_asymmetric_px0.75_py0,10G_phase,asymmetric,phase_grid,0.75,PSF-Aware Fitting,15.0,10.0,2,2,1.0,0.12688388035199052,0.12688388035199052,0.008010508767331247,0.05969137086434665,0.11225251706854848,0.12713649100038013,0.13409333824258865,0.13489438911932178,0.029224014679016364,-0.004499313306837394,0.02956834209407839,63.56824327654664,4.44389999984196,4.44389999984196,4.7972399997888715,0.11887337158465928,0.13489438911932178
10G_phase_asymmetric_px0.75_py0.125,10G_phase,asymmetric,phase_grid,0.75,Gaussian Fitting,15.0,10.0,2,2,1.0,0.23722404579989328,0.23722404579989328,0.015397792885312095,0.19590285194373994,0.13466407290631732,0.23772324230375294,0.25108205939667416,0.2526218386852054,0.19559415455046292,0.1341978410150091,0.23720483516867868,118.86160618993291,4.238600000007864,4.238600000007864,4.272079999964262,0.2218262529145812,0.2526218386852054
10G_phase_asymmetric_px0.75_py0.125,10G_phase,asymmetric,phase_grid,0.75,Intensity-Weighted Centroid,15.0,10.0,2,2,1.0,0.4776002572133776,0.4776002572133776,0.02510519976735326,0.20521704723667067,0.43199333359336145,0.4782596331969103,0.5001949370039955,0.5027054569807309,0.14613007386913068,-0.07776500892219929,0.16553366757752733,239.12980491713927,0.212499999861393,0.212499999861393,0.21348999982819805,0.45249505744602436,0.5027054569807309
10G_phase_asymmetric_px0.75_py0.125,10G_phase,asymmetric,phase_grid,0.75,PSF-Aware Fitting,15.0,10.0,2,2,1.0,0.13887200648268405,0.13887200648268405,0.0027417263538202924,0.043262859425256796,0.13198968233265942,0.13889906856392478,0.14133956020112232,0.14161373283650436,0.04245272409156087,0.1319895239959692,0.138648722415595,69.44953268100515,4.140849999885177,4.140849999885177,4.877454999882502,0.13613028012886377,0.14161373283650436
10G_phase_asymmetric_px0.75_py0.25,10G_phase,asymmetric,phase_grid,0.75,Gaussian Fitting,15.0,10.0,2,2,1.0,0.31143521024363735,0.31143521024363735,0.16319090248291,0.3263994470740789,0.13071557589828675,0.3516008544254198,0.4583070224782563,0.4746261127265473,0.24871737829238327,0.013439201870710349,0.24908020076183934,175.80038978527128,4.484549999915544,4.484549999915544,4.746675000046707,0.14824430776072736,0.4746261127265473
10G_phase_asymmetric_px0.75_py0.25,10G_phase,asymmetric,phase_grid,0.75,Intensity-Weighted Centroid,15.0,10.0,2,2,1.0,0.4596126952844719,0.4596126952844719,0.20057510412642662,0.18973093680065722,0.4641943274995169,0.501472035174429,0.6401302889982559,0.6601877994108986,-0.005415442691855787,-0.40640034097833677,0.40643642081739817,250.73601057002625,0.20614999993995298,0.20614999993995298,0.2099750000070344,0.2590375911580453,0.6601877994108986
10G_phase_asymmetric_px0.75_py0.25,10G_phase,asymmetric,phase_grid,0.75,PSF-Aware Fitting,15.0,10.0,2,2,1.0,0.2604928173125906,0.2604928173125906,0.06301662497452336,0.22891055244783526,0.13938278901161832,0.2680067217340461,0.31720777978966164,0.323509442287114,0.08980903234828475,0.018049228043651055,0.09160478657967047,134.00334128851762,4.175899999836474,4.175899999836474,4.4126899998218505,0.19747619233806726,0.323509442287114
10G_phase_asymmetric_px0.75_py0.375,10G_phase,asymmetric,phase_grid,0.75,Gaussian Fitting,15.0,10.0,2,2,1.0,0.23541103200620334,0.23541103200620334,0.048954065446661824,0.11910005169196294,0.2088780318773458,0.24044719693517272,0.27946969090819895,0.28436509745286515,0.069474415018135,0.20759239636367965,0.2189093359592668,120.22358801768583,4.855850000012651,4.855850000012651,4.864444999770967,0.1864569665595415,0.28436509745286515
10G_phase_asymmetric_px0.75_py0.375,10G_phase,asymmetric,phase_grid,0.75,Intensity-Weighted Centroid,15.0,10.0,2,2,1.0,0.7147903378402536,0.7147903378402536,0.07443774427261568,0.5110873844174941,0.505228552569492,0.7186558319823052,0.7817843076856077,0.7892280821128693,0.1464094383842962,-0.3922722214588248,0.4187042146626259,359.3278692185886,0.20129999984419555,0.20129999984419555,0.20390999966366508,0.640352593567638,0.7892280821128693
10G_phase_asymmetric_px0.75_py0.375,10G_phase,asymmetric,phase_grid,0.75,PSF-Aware Fitting,15.0,10.0,2,2,1.0,0.24526711180303462,0.24526711180303462,0.020290775216071755,0.12678260362398985,0.2109356373621909,0.24610500135322613,0.2635288094974992,0.2655578870191064,-0.08692564735798669,0.21043847192595422,0.22768491086397377,123.05249177369946,4.117850000056933,4.117850000056933,4.25766500015925,0.22497633658696287,0.2655578870191064
10G_phase_asymmetric_px0.75_py0.5,10G_phase,asymmetric,phase_grid,0.75,Gaussian Fitting,15.0,10.0,2,2,1.0,0.16784814239861073,0.16784814239861073,0.05330749008910962,0.16440410170945538,0.06313460815885276,0.17610987310842294,0.21582488347880938,0.22115563248772035,-0.05054813179395978,-0.06077199248937859,0.07904649706969068,88.05492696180848,5.511849999948026,5.511849999948026,6.645624999873689,0.11454065230950111,0.22115563248772035
10G_phase_asymmetric_px0.75_py0.5,10G_phase,asymmetric,phase_grid,0.75,Intensity-Weighted Centroid,15.0,10.0,2,2,1.0,0.5787858450595584,0.5787858450595584,0.11129251486296549,0.2517327436751503,0.5329256083803926,0.5893887327611806,0.6789491084362274,0.6900783599225239,0.2511536940743895,-0.5160284370933255,0.5739020177139929,294.69435136241094,0.19580000002861198,0.19580000002861198,0.19697000013820798,0.4674933301965929,0.6900783599225239
10G_phase_asymmetric_px0.75_py0.5,10G_phase,asymmetric,phase_grid,0.75,PSF-Aware Fitting,15.0,10.0,2,2,1.0,0.22751783111827836,0.22751783111827836,0.15953756105626585,0.27124145600394234,0.060371097467319564,0.277878744895228,0.3711016360689176,0.3870553921745442,-0.21590742555565612,-0.05860549121314307,0.22371995890041857,138.93936119367183,4.383350000125574,4.383350000125574,4.548815000111972,0.06798027006201252,0.3870553921745442
10G_phase_asymmetric_px0.75_py0.625,10G_phase,asymmetric,phase_grid,0.75,Gaussian Fitting,15.0,10.0,2,2,1.0,0.2930381472691853,0.2930381472691853,0.02003471191773623,0.27757586222162417,0.09604366792509189,0.2937222249619245,0.3110693879951479,0.3130728591869215,0.27501542761763176,-0.07572236187462522,0.2852496477045687,146.86108489182118,4.729199999928824,4.729199999928824,5.2020600001469575,0.27300343535144905,0.3130728591869215
10G_phase_asymmetric_px0.75_py0.625,10G_phase,asymmetric,phase_grid,0.75,Intensity-Weighted Centroid,15.0,10.0,2,2,1.0,0.552435353865913,0.552435353865913,0.09334411464289888,0.050720865403381735,0.5579653553332456,0.5602659582193292,0.6364450570445219,0.6457794685088118,-0.031239731922937608,0.5504255217261971,0.5513113238617299,280.1329185441824,0.18994999982169247,0.18994999982169247,0.19188499982192297,0.4590912392230141,0.6457794685088118
10G_phase_asymmetric_px0.75_py0.625,10G_phase,asymmetric,phase_grid,0.75,PSF-Aware Fitting,15.0,10.0,2,2,1.0,0.1558584904755947,0.1558584904755947,0.008929578785688938,0.11902644369869045,0.10101639535770095,0.15611408146166977,0.16389511138271476,0.16478806926128364,0.11501385171777656,-0.08041502359526476,0.14033802801374146,78.05703064119295,4.007349999938015,4.007349999938015,4.014504999986457,0.14692891168990577,0.16478806926128364
10G_phase_asymmetric_px0.75_py0.75,10G_phase,asymmetric,phase_grid,0.75,Gaussian Fitting,15.0,10.0,2,2,1.0,0.31761998814573583,0.31761998814573583,0.04871912629106523,0.3162705854972489,0.05682364723853553,0.3213347322283449,0.36146720180769454,0.36633911443680106,0.3116195338890293,0.027452715426989016,0.31282644626938294,160.66733238300486,4.732999999987442,4.732999999987442,5.138809999812111,0.2689008618546706,0.36633911443680106
10G_phase_asymmetric_px0.75_py0.75,10G_phase,asymmetric,phase_grid,0.75,Intensity-Weighted Centroid,15.0,10.0,2,2,1.0,0.7093666674572455,0.7093666674572455,0.32564085114753494,0.6757694120324835,0.3906132801080383,0.7805402185893366,1.002443433490027,1.0350075186047805,0.24580979110817225,0.27284447903480213,0.367241831964192,390.269988682469,0.19935000000259606,0.19935000000259606,0.2007449999837263,0.3837258163097106,1.0350075186047805
10G_phase_asymmetric_px0.75_py0.75,10G_phase,asymmetric,phase_grid,0.75,PSF-Aware Fitting,15.0,10.0,2,2,1.0,0.14522323315695707,0.14522323315695707,0.02590839218537834,0.13793932738119705,0.05228550655596856,0.14751621007262655,0.16854078612379758,0.17113162534233542,0.13256460861902042,0.030350209867322064,0.13599452451221908,73.75809255832418,4.475899999988542,4.475899999988542,4.550959999983206,0.11931484097157874,0.17113162534233542
10G_phase_asymmetric_px0.75_py0.875,10G_phase,asymmetric,phase_grid,0.75,Gaussian Fitting,15.0,10.0,2,2,1.0,0.20042955876866686,0.20042955876866686,0.00709467931642109,0.14933035441569406,0.13387601634679955,0.20055508595596708,0.20681477015344585,0.20752423808508796,0.12737812847296937,0.07835773206579688,0.14954973014944395,100.27752247122618,4.5748499999263,4.5748499999263,4.810604999806856,0.19333487945224578,0.20752423808508796
10G_phase_asymmetric_px0.75_py0.875,10G_phase,asymmetric,phase_grid,0.75,Intensity-Weighted Centroid,15.0,10.0,2,2,1.0,0.4964815861638994,0.4964815861638994,0.4182169536408786,0.6477481747280174,0.042681235326547926,0.6491528215393338,0.8728768444406901,0.914698539804778,0.4284353242113639,-0.01237100071682562,0.4286138923213201,324.57628747443414,0.20069999982297304,0.20069999982297304,0.2117699998052558,0.07826463252302088,0.914698539804778
10G_phase_asymmetric_px0.75_py0.875,10G_phase,asymmetric,phase_grid,0.75,PSF-Aware Fitting,15.0,10.0,2,2,1.0,0.1450125164114039,0.1450125164114039,0.09341960233111199,0.08604649550963185,0.1495053598577044,0.17249884641837693,0.22909015850940467,0.23843211874251588,-0.03553922437879464,0.09034670879054829,0.09708534523155618,86.24940501112556,4.018050000013318,4.018050000013318,4.066334999743049,0.0515929140802919,0.23843211874251588
10G_phase_asymmetric_px0.875_py0,10G_phase,asymmetric,phase_grid,0.875,Gaussian Fitting,15.0,10.0,2,2,1.0,0.2726269867464869,0.2726269867464869,0.1379712362131356,0.2764131916012613,0.13022013451634276,0.3055512001688915,0.39680109933830887,0.41059822295962245,0.20336244245413582,0.0035107932449705004,0.20339274488073716,152.77556386296422,4.399100000000544,4.399100000000544,4.459130000145706,0.1346557505333513,0.41059822295962245
10G_phase_asymmetric_px0.875_py0,10G_phase,asymmetric,phase_grid,0.875,Intensity-Weighted Centroid,15.0,10.0,2,2,1.0,0.26123797467785514,0.26123797467785514,0.18725711381711282,0.2941945465120644,0.12946070790577194,0.32141951728061385,0.42976937711325663,0.44849508849496794,0.18809944397412437,0.11758245698149494,0.2218265877057569,160.7097188121555,0.19759999986490584,0.19759999986490584,0.19948999993175676,0.0739808608607423,0.44849508849496794
10G_phase_asymmetric_px0.875_py0,10G_phase,asymmetric,phase_grid,0.875,PSF-Aware Fitting,15.0,10.0,2,2,1.0,0.22963780064004452,0.22963780064004452,0.03612444568173273,0.19280004242776252,0.12987162391555074,0.23246181419452377,0.262149801753604,0.26576224632177725,0.04436224877161976,0.0002156918064315505,0.04436277312150854,116.23088920002564,4.008349999821803,4.008349999821803,4.011184999717443,0.1935133549583118,0.26576224632177725
10G_phase_asymmetric_px0.875_py0.125,10G_phase,asymmetric,phase_grid,0.875,Gaussian Fitting,15.0,10.0,2,2,1.0,0.2907029759583576,0.2907029759583576,0.1445423433564547,0.31266546690989766,0.08741289982626334,0.324654753937195,0.4207910849791668,0.43524531931481225,0.27945741012791814,0.035438363127241246,0.2816954413130281,162.32733313688718,4.134400000111782,4.134400000111782,4.530129999920973,0.14616063260190287,0.43524531931481225
10G_phase_asymmetric_px0.875_py0.125,10G_phase,asymmetric,phase_grid,0.875,Intensity-Weighted Centroid,15.0,10.0,2,2,1.0,0.564409751607454,0.564409751607454,0.16304483627567465,0.24285259698556302,0.5349435507444847,0.5874878605943696,0.7111501042555612,0.7274545878831287,-0.14926168954042396,0.2571295289863542,0.297312372163027,293.74390803613454,0.21545000004152826,0.21545000004152826,0.21828500014180463,0.40136491533177937,0.7274545878831287
10G_phase_asymmetric_px0.875_py0.125,10G_phase,asymmetric,phase_grid,0.875,PSF-Aware Fitting,15.0,10.0,2,2,1.0,0.16212385290955775,0.16212385290955775,0.11312115167440553,0.1782733335330863,0.08543510513474392,0.19768798303989998,0.2639328894165227,0.2752450045839633,0.11400100239484345,0.03479139628967687,0.11919173546355655,98.84397119812753,3.687900000159061,3.687900000159061,3.93693000003168,0.04900270123515223,0.2752450045839633
10G_phase_asymmetric_px0.875_py0.25,10G_phase,asymmetric,phase_grid,0.875,Gaussian Fitting,15.0,10.0,2,2,1.0,0.20946124251798734,0.20946124251798734,0.013176056882613058,0.19213986821596016,0.08443868564885659,0.20987525007049534,0.2213196937123391,0.2226372994006004,0.19169675828118216,-0.003079451834764768,0.1917214911247996,104.9376039373527,4.301600000189865,4.301600000189865,4.346150000333182,0.19628518563537428,0.2226372994006004
10G_phase_asymmetric_px0.875_py0.25,10G_phase,asymmetric,phase_grid,0.875,Intensity-Weighted Centroid,15.0,10.0,2,2,1.0,0.6317521247730313,0.6317521247730313,0.0537004376919164,0.3631999444542043,0.5196924903363586,0.6340303495602898,0.6800825186957562,0.6854525624649478,-0.32867040053315577,-0.5186730562265893,0.6140406920083193,317.01516199697153,0.21755000011580705,0.21755000011580705,0.23379500000828557,0.578051687081115,0.6854525624649478
10G_phase_asymmetric_px0.875_py0.25,10G_phase,asymmetric,phase_grid,0.875,PSF-Aware Fitting,15.0,10.0,2,2,1.0,0.08699636315004095,0.08699636315004095,0.011536357898549114,0.03410329329340548,0.08086049802864922,0.08775793271777327,0.09737908525873515,0.09853272104859007,0.030351772046458336,-0.006596883721783797,0.03106040793677549,43.87896447016943,3.781399999752466,3.781399999752466,4.191079999782232,0.07546000525149184,0.09853272104859007
10G_phase_asymmetric_px0.875_py0.375,10G_phase,asymmetric,phase_grid,0.875,Gaussian Fitting,15.0,10.0,2,2,1.0,0.3611362246778439,0.3611362246778439,0.022806540973218714,0.33570786143702147,0.13505459212892715,0.3618556495147329,0.38166211155374075,0.3839427656510626,0.3329511121186215,0.12623940941432465,0.35607981064686095,180.9277803662568,4.698250000046755,4.698250000046755,4.9109650000673355,0.3383296837046252,0.3839427656510626
10G_phase_asymmetric_px0.875_py0.375,10G_phase,asymmetric,phase_grid,0.875,Intensity-Weighted Centroid,15.0,10.0,2,2,1.0,0.3244616325554244,0.3244616325554244,0.004986805082322243,0.17530695908519903,0.2730708503699372,0.32449995258159947,0.3289497571295144,0.3294484376377466,0.1389782830199806,-0.2685900219233872,0.3024162082759247,162.24996272141618,0.19975000009253563,0.19975000009253563,0.20267500005957118,0.31947482747310213,0.3294484376377466
10G_phase_asymmetric_px0.875_py0.375,10G_phase,asymmetric,phase_grid,0.875,PSF-Aware Fitting,15.0,10.0,2,2,1.0,0.2248421357503512,0.2248421357503512,0.0032968708977188788,0.1734985769828464,0.14304928923774107,0.2248663055384145,0.2278093195582982,0.22813900664807008,0.16973947919751708,0.1335745518568956,0.21599456405663275,112.43313463653192,3.771299999925759,3.771299999925759,4.139489999784018,0.22154526485263232,0.22813900664807008
10G_phase_asymmetric_px0.875_py0.5,10G_phase,asymmetric,phase_grid,0.875,Gaussian Fitting,15.0,10.0,2,2,1.0,0.11532618828311997,0.11532618828311997,0.05036612687691141,0.11469381901674673,0.05179000212249971,0.1258446520138809,0.16065570247234023,0.16569231516003138,0.09017559422602517,0.050488501438451294,0.10334760070517961,62.92231333045718,4.3188999998164945,4.3188999998164945,4.346439999972063,0.06496006140620857,0.16569231516003138
10G_phase_asymmetric_px0.875_py0.5,10G_phase,asymmetric,phase_grid,0.875,Intensity-Weighted Centroid,15.0,10.0,2,2,1.0,0.9464782791694948,0.9464782791694948,0.20938393468032251,0.4564254902083336,0.8551833352737552,0.9693620402315442,1.134923820381785,1.1558622138498174,0.4564209361267899,-0.8199863786496167,0.938454970739549,484.68097847050734,0.22310000008474162,0.22310000008474162,0.24254000015844213,0.7370943444891723,1.1558622138498174
10G_phase_asymmetric_px0.875_py0.5,10G_phase,asymmetric,phase_grid,0.875,PSF-Aware Fitting,15.0,10.0,2,2,1.0,0.08679044026233433,0.08679044026233433,0.05328253571945664,0.09066431904686008,0.04638523887395818,0.1018410974686791,0.1347447224098453,0.14007297598179097,-0.06506025758653777,0.044940330588019606,0.0790725643354706,50.92054135686591,4.0025999999215855,4.0025999999215855,4.034190000015769,0.033507904542877685,0.14007297598179097
10G_phase_asymmetric_px0.875_py0.625,10G_phase,asymmetric,phase_grid,0.875,Gaussian Fitting,15.0,10.0,2,2,1.0,0.11850718350242304,0.11850718350242304,0.016481223752368913,0.0763583385515434,0.09211399140033232,0.11964774664845391,0.13334028487955504,0.13498840725479194,0.069099028087237,-0.06965487859019959,0.09811461559837155,59.823865343987755,5.335150000064459,5.335150000064459,5.695105000040712,0.10202595975005412,0.13498840725479194
10G_phase_asymmetric_px0.875_py0.625,10G_phase,asymmetric,phase_grid,0.875,Intensity-Weighted Centroid,15.0,10.0,2,2,1.0,0.2123037787173348,0.2123037787173348,0.09059580774022448,0.09758410132820808,0.20918374221179045,0.23082568062883033,0.2938400056835368,0.30289958645755927,0.07211889217910539,0.195625369714719,0.20849561118920928,115.41282233508413,0.20410000001902517,0.20410000001902517,0.20608000015727157,0.12170797097711031,0.30289958645755927
10G_phase_asymmetric_px0.875_py0.625,10G_phase,asymmetric,phase_grid,0.875,PSF-Aware Fitting,15.0,10.0,2,2,1.0,0.11015309865358153,0.11015309865358153,0.050149625574444835,0.08138043142398954,0.08958747384254122,0.12103177305254466,0.15528776167058186,0.16030272422802636,-0.07904209677292329,-0.0664095542701375,0.10323701836365921,60.51587916977196,4.5717999998942105,4.5717999998942105,5.035299999849485,0.06000347307913669,0.16030272422802636
10G_phase_asymmetric_px0.875_py0.75,10G_phase,asymmetric,phase_grid,0.875,Gaussian Fitting,15.0,10.0,2,2,1.0,0.15965853756780574,0.15965853756780574,0.08084583187236687,0.08534286319940199,0.1573006447868336,0.17896060222692994,0.23241978625293588,0.2405043694401726,0.08496371163778349,-0.10233180156825483,0.1330061273305599,89.48028967408553,5.190350000020771,5.190350000020771,5.398025000135931,0.07881270569543886,0.2405043694401726
10G_phase_asymmetric_px0.875_py0.75,10G_phase,asymmetric,phase_grid,0.875,Intensity-Weighted Centroid,15.0,10.0,2,2,1.0,0.41717874637338936,0.41717874637338936,0.04826170459621423,0.39666339000538653,0.13793278647819596,0.41996106790535354,0.4606142805099822,0.4654404509696036,0.39531735909599774,0.05767661152083292,0.3995026982626765,209.98047526425867,0.20699999981843575,0.20699999981843575,0.22328999964429386,0.36891704177717516,0.4654404509696036
10G_phase_asymmetric_px0.875_py0.75,10G_phase,asymmetric,phase_grid,0.875,PSF-Aware Fitting,15.0,10.0,2,2,1.0,0.15734382879376618,0.15734382879376618,0.06131960833145935,0.0915608512440647,0.14189357048459894,0.16887028994291917,0.2125314762920796,0.21866343712522554,-0.09152976268808288,-0.10984015879097342,0.1429774735437825,84.43513433325589,4.774650000172187,4.774650000172187,4.84048500031804,0.09602422046230684,0.21866343712522554
10G_phase_asymmetric_px0.875_py0.875,10G_phase,asymmetric,phase_grid,0.875,Gaussian Fitting,15.0,10.0,2,2,1.0,0.19832997125928287,0.19832997125928287,0.008591909331813224,0.1700929531213317,0.10235714779212306,0.19851599030222747,0.20606268965791477,0.2069218805910961,0.1685321776174078,0.021697677859719988,0.169923171218553,99.25797278814876,4.418349999923521,4.418349999923521,5.06765500003894,0.18973806192746964,0.2069218805910961
10G_phase_asymmetric_px0.875_py0.875,10G_phase,asymmetric,phase_grid,0.875,Intensity-Weighted Centroid,15.0,10.0,2,2,1.0,0.6324953270128518,0.6324953270128518,0.3712135071024968,0.19466432742477954,0.7070753893162229,0.733382442214449,0.9665874834050989,1.0037088341153486,-0.19212867330702466,0.5630841449277568,0.5949598149251263,366.6910518908893,0.20295000012993114,0.20295000012993114,0.2046150001206115,0.2612818199103551,1.0037088341153486
10G_phase_asymmetric_px0.875_py0.875,10G_phase,asymmetric,phase_grid,0.875,PSF-Aware Fitting,15.0,10.0,2,2,1.0,0.10708514512488118,0.10708514512488118,0.023336043576375483,0.027875479179943288,0.10599413614301455,0.10959835416745708,0.1280875843436191,0.13042118870125666,0.009397892061826951,0.026771069179176266,0.02837270731181625,54.79916565268281,4.1869999997743435,4.1869999997743435,4.3693399997437155,0.08374910154850569,0.13042118870125666
10G_phase_asymmetric_px0_py0,10G_phase,asymmetric,phase_grid,0.0,Gaussian Fitting,15.0,10.0,2,2,1.0,0.2877358698668942,0.2877358698668942,0.02122120219799062,0.19239458262256412,0.21500370882446568,0.28851736556191254,0.30683495184508575,0.3089570720648848,0.16314189188545924,-0.0503859610707309,0.17074548884520516,144.25868205050554,5.502949999936391,5.502949999936391,6.04542499982017,0.2665146676689036,0.3089570720648848
10G_phase_asymmetric_px0_py0,10G_phase,asymmetric,phase_grid,0.0,Intensity-Weighted Centroid,15.0,10.0,2,2,1.0,0.5509894728070754,0.5509894728070754,0.2832072273197611,0.10354847473476342,0.6107973854974085,0.6195124960405285,0.8058759773948604,0.8341967001268366,0.09271346362868371,0.30195441163857595,0.3158674612017291,309.75623173182925,0.29999999992469384,0.29999999992469384,0.38702999979705055,0.2677822454873144,0.8341967001268366
10G_phase_asymmetric_px0_py0,10G_phase,asymmetric,phase_grid,0.0,PSF-Aware Fitting,15.0,10.0,2,2,1.0,0.23369182745874784,0.23369182745874784,0.04307166700436704,0.10297659131343816,0.21415615882110275,0.2376279417904053,0.2724563277626782,0.2767634944631149,0.0046615123499123,-0.050679430373804735,0.050893362636022656,118.81397042851354,5.336250000027576,5.336250000027576,6.075914999996712,0.1906201604543808,0.2767634944631149
10G_phase_asymmetric_px0_py0.125,10G_phase,asymmetric,phase_grid,0.0,Gaussian Fitting,15.0,10.0,2,2,1.0,0.2083467628726577,0.2083467628726577,0.019207159628564716,0.19245386627044192,0.08209018173978827,0.2092302286489995,0.2256332065383659,0.2275539225012224,0.19239677412031142,0.06848207262891037,0.20422123533916223,104.61511391563377,5.538049999813666,5.538049999813666,6.13461499983714,0.18913960324409296,0.2275539225012224
10G_phase_asymmetric_px0_py0.125,10G_phase,asymmetric,phase_grid,0.0,Intensity-Weighted Centroid,15.0,10.0,2,2,1.0,0.30342248520342097,0.30342248520342097,0.06218876742751382,0.17748939534420533,0.25383097104475255,0.3097299587078616,0.3593923758881834,0.3656112526309348,-0.1568118001645189,-0.1914659172164761,0.24748563216151254,154.8649787751988,0.3049499998724059,0.3049499998724059,0.40039499997419625,0.24123371777590716,0.3656112526309348
10G_phase_asymmetric_px0_py0.125,10G_phase,asymmetric,phase_grid,0.0,PSF-Aware Fitting,15.0,10.0,2,2,1.0,0.07976465525848765,0.07976465525848765,0.027675600900624042,0.04021539371273131,0.07423652215888091,0.0844294919664687,0.10467269606904929,0.1074402561591117,0.04018452793002325,0.06697910812562213,0.07810888048271207,42.214745736662366,3.772499999968204,3.772499999968204,4.0059599999722195,0.05208905435786361,0.1074402561591117
10G_phase_asymmetric_px0_py0.25,10G_phase,asymmetric,phase_grid,0.0,Gaussian Fitting,15.0,10.0,2,2,1.0,0.36318307253203586,0.36318307253203586,0.019307745720350517,0.35044908297118327,0.09726342304930707,0.36369593511422665,0.38056004368035135,0.3824908182523864,0.3503715156141993,0.07994251861805424,0.35937585511103703,181.84796549642775,5.576949999749559,5.576949999749559,5.683464999833632,0.34387532681168537,0.3824908182523864
10G_phase_asymmetric_px0_py0.25,10G_phase,asymmetric,phase_grid,0.0,Intensity-Weighted Centroid,15.0,10.0,2,2,1.0,0.7439284422922183,0.7439284422922183,0.35680399853487965,0.7594067634906667,0.322552303024541,0.8250688581093125,1.06505204097361,1.100732440827098,0.6779613168970968,-0.1104483905436382,0.6868991149961731,412.53440083521764,0.20279999989725184,0.20279999989725184,0.2080199999454635,0.3871244437573387,1.100732440827098
10G_phase_asymmetric_px0_py0.25,10G_phase,asymmetric,phase_grid,0.0,PSF-Aware Fitting,15.0,10.0,2,2,1.0,0.21943702443366447,0.21943702443366447,0.02402732615308402,0.19578992528479383,0.10196188136427346,0.22074854494280893,0.24106161797144007,0.24346435058674848,0.1957718697347559,0.08546990209543992,0.21361584478602313,110.37427158786268,3.7222999999357853,3.7222999999357853,3.9463099998101825,0.19540969828058044,0.24346435058674848
10G_phase_asymmetric_px0_py0.375,10G_phase,asymmetric,phase_grid,0.0,Gaussian Fitting,15.0,10.0,2,2,1.0,0.2518943810673541,0.2518943810673541,0.03183555951671564,0.19836331381358893,0.15848115911974958,0.2538981726264444,0.28054638463239817,0.28372994058406975,0.19139324597279028,-0.012382957613397139,0.19179341032281633,126.94908432046314,4.517800000030547,4.517800000030547,4.812819999960993,0.22005882155063847,0.28372994058406975
10G_phase_asymmetric_px0_py0.375,10G_phase,asymmetric,phase_grid,0.0,Intensity-Weighted Centroid,15.0,10.0,2,2,1.0,0.5726302681044435,0.5726302681044435,0.17870557353812438,0.3341251231543983,0.4981982617793994,0.5998675736885241,0.7334652842887555,0.751335841642568,-0.2201516954966678,-0.4888329449534581,0.5361197786893598,299.9337831491546,0.19760000009227952,0.19760000009227952,0.2007500001354856,0.3939246945663192,0.751335841642568
10G_phase_asymmetric_px0_py0.375,10G_phase,asymmetric,phase_grid,0.0,PSF-Aware Fitting,15.0,10.0,2,2,1.0,0.15423273756950834,0.15423273756950834,0.008646817375766766,0.0586984690632584,0.14288804890033455,0.15447493255837563,0.16201487320769845,0.16287955494527512,0.030262071638219368,-0.0013189052338589136,0.03029079878201665,77.23746386221636,4.067950000035125,4.067950000035125,4.143775000125061,0.14558592019374159,0.16287955494527512
10G_phase_asymmetric_px0_py0.5,10G_phase,asymmetric,phase_grid,0.0,Gaussian Fitting,15.0,10.0,2,2,1.0,0.22180073343946638,0.22180073343946638,0.10550564143068715,0.24371274158868456,0.030514018340969326,0.24561556491392383,0.3167558107270848,0.3273063748701535,0.21787575696811246,-0.01465405853792845,0.2183680079729195,122.80778136442864,4.4499000000541855,4.4499000000541855,4.615319999902567,0.11629509200877922,0.3273063748701535
10G_phase_asymmetric_px0_py0.5,10G_phase,asymmetric,phase_grid,0.0,Intensity-Weighted Centroid,15.0,10.0,2,2,1.0,0.3515370432807321,0.3515370432807321,0.027938804408481455,0.2291175943536998,0.2680746119047982,0.3526455296616344,0.3766819672483654,0.37947584768921355,-0.17985346826168325,-0.06012468372347257,0.1896371473066496,176.32275932241262,0.23310000005949405,0.23310000005949405,0.2542499998526182,0.32359823887225064,0.37947584768921355
10G_phase_asymmetric_px0_py0.5,10G_phase,asymmetric,phase_grid,0.0,PSF-Aware Fitting,15.0,10.0,2,2,1.0,0.1110244848575089,0.1110244848575089,0.04998018492852804,0.12135625274274538,0.009854696525210331,0.12175571905814152,0.15600665129318414,0.16100466978603695,0.05078627607082353,-0.006973396497585327,0.05126279446006078,60.877859387718324,4.211999999824911,4.211999999824911,4.249259999915012,0.06104429992898087,0.16100466978603695
10G_phase_asymmetric_px0_py0.625,10G_phase,asymmetric,phase_grid,0.0,Gaussian Fitting,15.0,10.0,2,2,1.0,0.2009852638573379,0.2009852638573379,0.022399763828625425,0.18497425534533227,0.08173952879006427,0.2022296360758777,0.22114505130310078,0.22338502768596333,0.18145577164278848,0.07750115231311838,0.19731352126081217,101.11481589554856,4.948249999870313,4.948249999870313,5.073214999856646,0.17858550002871248,0.22338502768596333
10G_phase_asymmetric_px0_py0.625,10G_phase,asymmetric,phase_grid,0.0,Intensity-Weighted Centroid,15.0,10.0,2,2,1.0,0.43075509305224036,0.43075509305224036,0.012036142702678748,0.2879600754044485,0.32058355212747247,0.4309232169674819,0.44158762148465125,0.44279123575491913,-0.25694989351711683,0.29210313240753294,0.3890340444495191,215.46158685411422,0.2010999999129126,0.2010999999129126,0.20595999988017866,0.41871895034956164,0.44279123575491913
10G_phase_asymmetric_px0_py0.625,10G_phase,asymmetric,phase_grid,0.0,PSF-Aware Fitting,15.0,10.0,2,2,1.0,0.09299008631787946,0.09299008631787946,0.013175083068870497,0.05078358212644771,0.07900485272237807,0.09391878921322565,0.1048476610798629,0.10616516938674996,0.023375364773301044,0.07247777941347522,0.07615402935494127,46.95939083457787,4.249750000099084,4.249750000099084,4.487755000332072,0.07981500324900896,0.10616516938674996
10G_phase_asymmetric_px0_py0.75,10G_phase,asymmetric,phase_grid,0.0,Gaussian Fitting,15.0,10.0,2,2,1.0,0.09992341890562706,0.09992341890562706,0.03429659952880945,0.09530897115006906,0.04557572164370262,0.1056453803298041,0.13079035848155557,0.1342200184344365,0.03402632880630563,0.008898093445850463,0.035170543342489195,52.822688685526465,4.598649999934423,4.598649999934423,4.925845000116169,0.06562681937681761,0.1342200184344365
10G_phase_asymmetric_px0_py0.75,10G_phase,asymmetric,phase_grid,0.0,Intensity-Weighted Centroid,15.0,10.0,2,2,1.0,0.7733590986275956,0.7733590986275956,0.4424466993110668,0.8641774079093684,0.21688887666358056,0.8909788870457843,1.1715611280075555,1.2158057979386623,0.6733731865883783,0.1737621516572858,0.6954313292948172,445.4893871709025,0.20320000021456508,0.20320000021456508,0.2093200001581863,0.33091239931652877,1.2158057979386623
10G_phase_asymmetric_px0_py0.75,10G_phase,asymmetric,phase_grid,0.0,PSF-Aware Fitting,15.0,10.0,2,2,1.0,0.13604361230906342,0.13604361230906342,0.0723809766439993,0.15134529528054977,0.029008133798662815,0.1541001954250478,0.20118649128866278,0.2084245889530627,-0.13038169948356426,0.006098003827844423,0.1305242246133141,77.05009706881971,4.072749999977532,4.072749999977532,4.138944999795058,0.06366263566506412,0.2084245889530627
10G_phase_asymmetric_px0_py0.875,10G_phase,asymmetric,phase_grid,0.0,Gaussian Fitting,15.0,10.0,2,2,1.0,0.3199216612261005,0.3199216612261005,0.14306361436614132,0.3040928062123335,0.17419710757380563,0.3504526602512411,0.4486789141556277,0.46298527559224184,0.2646998776112355,0.036068264165805886,0.26714592433225964,175.2263189527761,4.887949999783814,4.887949999783814,4.914094999753615,0.17685804685995918,0.46298527559224184
10G_phase_asymmetric_px0_py0.875,10G_phase,asymmetric,phase_grid,0.0,Intensity-Weighted Centroid,15.0,10.0,2,2,1.0,0.3570089618348021,0.3570089618348021,0.017535082768965704,0.29329056957630517,0.20431230935918707,0.3574393346542566,0.3727905363268712,0.3745440446037678,0.07896240727831128,0.08672596472871419,0.11728791379043317,178.71965180867215,0.2031999999871914,0.2031999999871914,0.20337999992534606,0.33947387906583637,0.3745440446037678
10G_phase_asymmetric_px0_py0.875,10G_phase,asymmetric,phase_grid,0.0,PSF-Aware Fitting,15.0,10.0,2,2,1.0,0.22465125479308037,0.22465125479308037,0.10326040182654608,0.1874779352206721,0.16119218551430697,0.2472466316565006,0.31758561643697186,0.32791165661962646,0.1001973908621494,0.04752874709208754,0.11089859753723652,123.6233036989796,4.597149999881367,4.597149999881367,4.624374999684733,0.1213908529665343,0.32791165661962646
10G_phase_elliptical_gaussian_px0.125_py0,10G_phase,elliptical_gaussian,phase_grid,0.125,Gaussian Fitting,15.0,10.0,2,2,1.0,0.20410581110875475,0.20410581110875475,0.1349619947975088,0.07896588894929646,0.2315994614642548,0.24469148364437507,0.32557160642651267,0.33906780590626356,0.06997401207888743,0.19121931483994103,0.2036202070872947,122.34574080636078,5.439399999886518,5.439399999886518,5.9876799997709895,0.06914381631124596,0.33906780590626356
10G_phase_elliptical_gaussian_px0.125_py0,10G_phase,elliptical_gaussian,phase_grid,0.125,Intensity-Weighted Centroid,15.0,10.0,2,2,1.0,0.32118909940154033,0.32118909940154033,0.0867350897955219,0.2536421817725797,0.21529295622907751,0.3326941739438937,0.39925068021751003,0.40792418919706225,0.03899018118039521,-0.09319085698177787,0.10101866190698737,166.34708524727236,0.20450000010896474,0.20450000010896474,0.21251000011943688,0.23445400960601845,0.40792418919706225
10G_phase_elliptical_gaussian_px0.125_py0,10G_phase,elliptical_gaussian,phase_grid,0.125,PSF-Aware Fitting,15.0,10.0,2,2,1.0,0.2169847665020262,0.2169847665020262,0.13108088603632145,0.0801282278510794,0.24050790980641662,0.2535046105655791,0.3349575639347155,0.34806565253834765,0.07012975528289189,0.20528292204011223,0.21693146534646626,126.75230419594081,3.9146500000697415,3.9146500000697415,3.994705000036447,0.08590388046570473,0.34806565253834765
10G_phase_elliptical_gaussian_px0.125_py0.125,10G_phase,elliptical_gaussian,phase_grid,0.125,Gaussian Fitting,15.0,10.0,2,2,1.0,0.2457206058882082,0.2457206058882082,0.0717147202529106,0.16511576140103718,0.1955975526328924,0.2559719071676057,0.31026385411582774,0.3174353261411188,0.14721075548987983,0.03434382565535543,0.1511638346051946,127.98595203606264,4.612799999677009,4.612799999677009,4.821059999744648,0.1740058856352976,0.3174353261411188
10G_phase_elliptical_gaussian_px0.125_py0.125,10G_phase,elliptical_gaussian,phase_grid,0.125,Intensity-Weighted Centroid,15.0,10.0,2,2,1.0,0.3758801702773283,0.3758801702773283,0.2981663169356699,0.39934873056004827,0.2659128548279937,0.47978021526809095,0.6442298555194312,0.6740464872129982,-0.27658843546413436,0.1456280897950819,0.31258391380533657,239.89010361064211,0.1981500001875247,0.1981500001875247,0.20296500022141117,0.07771385334165837,0.6740464872129982
10G_phase_elliptical_gaussian_px0.125_py0.125,10G_phase,elliptical_gaussian,phase_grid,0.125,PSF-Aware Fitting,15.0,10.0,2,2,1.0,0.2523312923108366,0.2523312923108366,0.09223552677931093,0.17312245661169967,0.20544363824719422,0.2686605171578322,0.3353432664122164,0.3445668190901475,0.15466213452970123,0.056958369830965694,0.16481696439106158,134.33025669397415,3.4293999999590596,3.4293999999590596,3.5525199996072843,0.16009576553152566,0.3445668190901475
10G_phase_elliptical_gaussian_px0.125_py0.25,10G_phase,elliptical_gaussian,phase_grid,0.125,Gaussian Fitting,15.0,10.0,2,2,1.0,0.15844863596722927,0.15844863596722927,0.06025771849879511,0.041383778187158826,0.1643908324132207,0.16951980084507998,0.21268058261614486,0.21870635446602438,-0.038740511139053524,-0.058474293629785734,0.07014321220772207,84.75989970530172,5.56630000005498,5.56630000005498,5.572869999946306,0.09819091746843416,0.21870635446602438
10G_phase_elliptical_gaussian_px0.125_py0.25,10G_phase,elliptical_gaussian,phase_grid,0.125,Intensity-Weighted Centroid,15.0,10.0,2,2,1.0,0.5352395314630237,0.5352395314630237,0.25467934381170704,0.1970299997701054,0.5590367639035121,0.5927418697925082,0.76445094089356,0.7899188752747307,-0.19034306706254256,-0.46037700220819033,0.4981741335526923,296.3709303458233,0.21505000017896236,0.21505000017896236,0.2153650003265284,0.2805601876513167,0.7899188752747307
10G_phase_elliptical_gaussian_px0.125_py0.25,10G_phase,elliptical_gaussian,phase_grid,0.125,PSF-Aware Fitting,15.0,10.0,2,2,1.0,0.12301017312109594,0.12301017312109594,0.08346175386802279,0.04234573734680821,0.14249282641088828,0.14865183164027415,0.19812575160231644,0.20647192698911873,-0.038183231124435224,-0.08220083802882527,0.09063628915474864,74.32591533879841,3.5102499998629355,3.5102499998629355,3.6649149998766006,0.03954841925307314,0.20647192698911873
10G_phase_elliptical_gaussian_px0.125_py0.375,10G_phase,elliptical_gaussian,phase_grid,0.125,Gaussian Fitting,15.0,10.0,2,2,1.0,0.20484637298247793,0.20484637298247793,0.008767073485812571,0.15072778067366083,0.13899652598095716,0.2050338950066113,0.21273673911970925,0.2136134464682905,-0.02069303360684671,0.009327579908188,0.02269813619656292,102.51694542356675,5.309099999749378,5.309099999749378,5.632199999649856,0.19607929949666536,0.2136134464682905
10G_phase_elliptical_gaussian_px0.125_py0.375,10G_phase,elliptical_gaussian,phase_grid,0.125,Intensity-Weighted Centroid,15.0,10.0,2,2,1.0,0.3914940807148907,0.3914940807148907,0.10461664872125898,0.2125040837331817,0.3450424217704043,0.40523111729538325,0.4856490645640238,0.4961107294361497,-0.19014773825801967,-0.22716732983116117,0.296245098030769,202.61555716952745,0.24029999985941686,0.24029999985941686,0.2607299998999224,0.28687743199363175,0.4961107294361497
10G_phase_elliptical_gaussian_px0.125_py0.375,10G_phase,elliptical_gaussian,phase_grid,0.125,PSF-Aware Fitting,15.0,10.0,2,2,1.0,0.20730649119521874,0.20730649119521874,0.004739821152927121,0.15031060663740725,0.14284666159392617,0.2073606693571253,0.21157233023285316,0.21204631234814586,-0.01357062887251459,0.007352467791633899,0.01543440153107792,103.68033251292766,3.6806499999784137,3.6806499999784137,3.9195550001068113,0.20256667004229162,0.21204631234814586
10G_phase_elliptical_gaussian_px0.125_py0.5,10G_phase,elliptical_gaussian,phase_grid,0.125,Gaussian Fitting,15.0,10.0,2,2,1.0,0.3034056022671808,0.3034056022671808,0.15540394120989198,0.21076298936529525,0.26792593518448843,0.34088905003047293,0.4432691493560835,0.45880954347707276,0.07373207998648468,0.2256654626851855,0.23740539308965208,170.44451157634532,5.4479499999615655,5.4479499999615655,5.50406499996825,0.14800166105728882,0.45880954347707276
10G_phase_elliptical_gaussian_px0.125_py0.5,10G_phase,elliptical_gaussian,phase_grid,0.125,Intensity-Weighted Centroid,15.0,10.0,2,2,1.0,0.31168604311033754,0.31168604311033754,0.013639187127571756,0.27664096273890804,0.14423589924207558,0.3119843215536321,0.3239613115251521,0.32532523023790927,-0.27647821512420023,-0.05094362644973671,0.2811324536835153,155.9921589911084,0.19500000007610652,0.19500000007610652,0.19797000018115796,0.29804685598276576,0.32532523023790927
10G_phase_elliptical_gaussian_px0.125_py0.5,10G_phase,elliptical_gaussian,phase_grid,0.125,PSF-Aware Fitting,15.0,10.0,2,2,1.0,0.3055394955661668,0.3055394955661668,0.1462627475787205,0.19113890972114675,0.27966603631959935,0.33874352345115644,0.4371759683870152,0.45180224314488726,0.06541680987606924,0.2453237776700803,0.2538958741387516,169.3717473039155,3.684149999799047,3.684149999799047,3.8497049996522037,0.15927674798744632,0.45180224314488726
10G_phase_elliptical_gaussian_px0.125_py0.625,10G_phase,elliptical_gaussian,phase_grid,0.125,Gaussian Fitting,15.0,10.0,2,2,1.0,0.13133801152158603,0.13133801152158603,0.0413448724200098,0.01109753302658497,0.1372440035360198,0.13769194510163313,0.16854839669959484,0.17268288394159584,0.00924471430982976,-0.13066171655088965,0.1309883541185834,68.84596738337252,5.558899999869027,5.558899999869027,5.625499999905514,0.08999313910157623,0.17268288394159584
10G_phase_elliptical_gaussian_px0.125_py0.625,10G_phase,elliptical_gaussian,phase_grid,0.125,Intensity-Weighted Centroid,15.0,10.0,2,2,1.0,0.2263817359380512,0.2263817359380512,0.00892241486312334,0.16790292729943312,0.152108207725936,0.2265574978969251,0.2344119093148622,0.23530415080117453,0.10169051816308183,0.10853004175004344,0.1487270367032916,113.27874107593857,0.19895000014003017,0.19895000014003017,0.1999850002448511,0.21745932107492785,0.23530415080117453
10G_phase_elliptical_gaussian_px0.125_py0.625,10G_phase,elliptical_gaussian,phase_grid,0.125,PSF-Aware Fitting,15.0,10.0,2,2,1.0,0.10213036515864891,0.10213036515864891,0.03518447471168894,0.013471735538618012,0.10717775464038228,0.10802110325383854,0.13379639239916896,0.13731483987033785,0.00376286150890337,-0.10091901088071609,0.10098913745486332,54.010547388093705,3.7064000000555097,3.7064000000555097,4.072700000256191,0.06694589044695998,0.13731483987033785
10G_phase_elliptical_gaussian_px0.125_py0.75,10G_phase,elliptical_gaussian,phase_grid,0.125,Gaussian Fitting,15.0,10.0,2,2,1.0,0.18432442268868215,0.18432442268868215,0.04994741215896771,0.06798193757837068,0.1784620210128314,0.1909718219552135,0.2292770936317531,0.23427183484764988,-0.053376031977677485,-0.16427916829729838,0.17273287448003097,95.485902247533,4.539950000207682,4.539950000207682,4.866515000298932,0.13437701052971446,0.23427183484764988
10G_phase_elliptical_gaussian_px0.125_py0.75,10G_phase,elliptical_gaussian,phase_grid,0.125,Intensity-Weighted Centroid,15.0,10.0,2,2,1.0,0.421962645464128,0.421962645464128,0.043020158738115766,0.3401653889021675,0.2533588688362323,0.42414998317215347,0.4606807883284322,0.46498280420224375,-0.13746001149581843,0.10725205266516014,0.17435096088442076,212.07497528183973,0.20139999992352386,0.20139999992352386,0.20652999990034004,0.3789424867260122,0.46498280420224375
10G_phase_elliptical_gaussian_px0.125_py0.75,10G_phase,elliptical_gaussian,phase_grid,0.125,PSF-Aware Fitting,15.0,10.0,2,2,1.0,0.17488562197145613,0.17488562197145613,0.0581444467315783,0.06638680660873553,0.17192599968113825,0.1842980126264643,0.22721562402987658,0.23303006870303442,-0.03510581440554006,-0.1523109094055144,0.15630429082085698,92.14899795829065,3.9022999999360763,3.9022999999360763,3.9213799999288312,0.11674117523987781,0.23303006870303442
10G_phase_elliptical_gaussian_px0.125_py0.875,10G_phase,elliptical_gaussian,phase_grid,0.125,Gaussian Fitting,15.0,10.0,2,2,1.0,0.13671445979400032,0.13671445979400032,0.06553175807430155,0.02931730193496227,0.14874727103489452,0.15160888771135458,0.1956930420608717,0.20224621786830188,-0.016244706121995023,-0.13441616893777564,0.13539422790096564,75.80443259823929,5.356449999908364,5.356449999908364,5.675454999936846,0.07118270171969879,0.20224621786830188
10G_phase_elliptical_gaussian_px0.125_py0.875,10G_phase,elliptical_gaussian,phase_grid,0.125,Intensity-Weighted Centroid,15.0,10.0,2,2,1.0,0.3344516183616796,0.3344516183616796,0.11412437820839919,0.13956754214381265,0.32465852815864144,0.3533868400580309,0.4371635587492388,0.44857599657007874,0.12647903138383754,0.3090858890944901,0.3339626209879261,176.69337743146647,0.19389999988561613,0.19389999988561613,0.1983099999051774,0.22032724015328037,0.44857599657007874
10G_phase_elliptical_gaussian_px0.125_py0.875,10G_phase,elliptical_gaussian,phase_grid,0.125,PSF-Aware Fitting,15.0,10.0,2,2,1.0,0.1274852771039488,0.1274852771039488,0.0687773509200108,0.03843407096452208,0.13966260081689372,0.1448544782802552,0.1893848929319585,0.1962626280239596,-0.013466135508849675,-0.12206961607506628,0.12281012977053962,72.42722869644213,3.928149999865127,3.928149999865127,3.9551949999349745,0.05870792618393801,0.1962626280239596
10G_phase_elliptical_gaussian_px0.25_py0,10G_phase,elliptical_gaussian,phase_grid,0.25,Gaussian Fitting,15.0,10.0,2,2,1.0,0.15224034229333475,0.15224034229333475,0.06979773425408328,0.12420881464910163,0.11234329482465996,0.16747789564176926,0.2150583031220097,0.22203807654741803,-0.1051211183853411,-0.10697358166498816,0.1499793209239887,83.73894741514842,5.047750000130691,5.047750000130691,5.216815000107999,0.08244260803925145,0.22203807654741803
10G_phase_elliptical_gaussian_px0.25_py0,10G_phase,elliptical_gaussian,phase_grid,0.25,Intensity-Weighted Centroid,15.0,10.0,2,2,1.0,0.1749516649109925,0.1749516649109925,0.08411237546660544,0.1757137494191481,0.08250851487469789,0.1941210363710317,0.2506528028309374,0.25906404037759795,-0.10487630728925978,0.08250412693706721,0.1334390152552054,97.06051773307942,0.20644999995056423,0.20644999995056423,0.20703499990304408,0.09083928944438707,0.25906404037759795
10G_phase_elliptical_gaussian_px0.25_py0,10G_phase,elliptical_gaussian,phase_grid,0.25,PSF-Aware Fitting,15.0,10.0,2,2,1.0,0.15476131608892837,0.15476131608892837,0.06747979235017665,0.12256715030267243,0.11611150244434125,0.16883301612303253,0.21549312920408736,0.22224110843910502,-0.09849773570596199,-0.11243689686614289,0.14947862628512879,84.41650767226676,3.6214000001564273,3.6214000001564273,3.8806900001873146,0.08728152373875171,0.22224110843910502
10G_phase_elliptical_gaussian_px0.25_py0.125,10G_phase,elliptical_gaussian,phase_grid,0.25,Gaussian Fitting,15.0,10.0,2,2,1.0,0.08584724314147898,0.08584724314147898,0.026080725038624634,0.08072120849507652,0.03916682106869202,0.08972153238511116,0.10931989567624115,0.11192796818010362,0.02807735383481713,-0.0029198544568203033,0.02822876809948556,44.86076538915316,4.603400000178226,4.603400000178226,4.882670000097278,0.05976651810285435,0.11192796818010362
10G_phase_elliptical_gaussian_px0.25_py0.125,10G_phase,elliptical_gaussian,phase_grid,0.25,Intensity-Weighted Centroid,15.0,10.0,2,2,1.0,0.2680592989346887,0.2680592989346887,0.23679876804406785,0.26320025437977934,0.24218808886269466,0.35767225820930687,0.48117819017434976,0.5048580669787566,-0.18577064072650273,0.15491182580973373,0.24188510646925046,178.8361267516518,0.20199999994474638,0.20199999994474638,0.2054199999975026,0.03126053089062085,0.5048580669787566
10G_phase_elliptical_gaussian_px0.25_py0.125,10G_phase,elliptical_gaussian,phase_grid,0.25,PSF-Aware Fitting,15.0,10.0,2,2,1.0,0.08724996662092142,0.08724996662092142,0.029650923220591607,0.08397664419458778,0.037942814247244876,0.09215060457308634,0.11393579751945387,0.11690088984151303,0.030203833470011432,-0.005878757104142096,0.03077062465036555,46.0753014307426,3.7828000001809414,3.7828000001809414,3.897010000332557,0.05759904340032982,0.11690088984151303
10G_phase_elliptical_gaussian_px0.25_py0.25,10G_phase,elliptical_gaussian,phase_grid,0.25,Gaussian Fitting,15.0,10.0,2,2,1.0,0.24749154042407678,0.24749154042407678,0.03940399216640511,0.03788162504372816,0.2477291255871601,0.2506087332479308,0.28295513337384137,0.2868955325904819,-0.032742483193658245,-0.24405367439140946,0.24624026110617064,125.3043659541808,5.045399999971778,5.045399999971778,5.463809999969271,0.20808754825767167,0.2868955325904819
10G_phase_elliptical_gaussian_px0.25_py0.25,10G_phase,elliptical_gaussian,phase_grid,0.25,Intensity-Weighted Centroid,15.0,10.0,2,2,1.0,0.47701733785758627,0.47701733785758627,0.1859857210341488,0.20126550142646937,0.47077428453653103,0.5119924111208396,0.6444044867883202,0.663003058891735,-0.13258360032557448,-0.44475705919887787,0.4640983223224642,255.9962037730692,0.20935000020472216,0.20935000020472216,0.21344500028135371,0.2910316168234375,0.663003058891735
10G_phase_elliptical_gaussian_px0.25_py0.25,10G_phase,elliptical_gaussian,phase_grid,0.25,PSF-Aware Fitting,15.0,10.0,2,2,1.0,0.22849287555801756,0.22849287555801756,0.029343053055760474,0.04084492317816514,0.22671943276652456,0.23036928819485653,0.254901623308202,0.257835928613778,-0.03865965447181452,-0.22442906698324805,0.2277344396239869,115.18464341981355,3.6023500001647335,3.6023500001647335,3.868795000244063,0.19914982250225707,0.257835928613778
10G_phase_elliptical_gaussian_px0.25_py0.375,10G_phase,elliptical_gaussian,phase_grid,0.25,Gaussian Fitting,15.0,10.0,2,2,1.0,0.09026945233451786,0.09026945233451786,0.013924498437597868,0.089331525614759,0.01903534115407737,0.09133709915205572,0.10280150092835594,0.10419395077211573,0.012390905201527858,-0.009880537229378206,0.015848013997166295,45.668548696695474,4.300650000232054,4.300650000232054,4.9179150001009475,0.07634495389691999,0.10419395077211573
10G_phase_elliptical_gaussian_px0.25_py0.375,10G_phase,elliptical_gaussian,phase_grid,0.25,Intensity-Weighted Centroid,15.0,10.0,2,2,1.0,0.4940027851484831,0.4940027851484831,0.08752023214666887,0.2698857546061711,0.42291869458575937,0.5016956674812582,0.572770994080485,0.581523017295152,-0.2696085927543663,-0.4116391335331855,0.49207272789999396,250.84783153997063,0.19919999999729043,0.19919999999729043,0.2020800000309464,0.40648255300181424,0.581523017295152
10G_phase_elliptical_gaussian_px0.25_py0.375,10G_phase,elliptical_gaussian,phase_grid,0.25,PSF-Aware Fitting,15.0,10.0,2,2,1.0,0.0918668212573697,0.0918668212573697,0.011255735751221511,0.08967099411942545,0.022919800367123776,0.09255379211698914,0.10199698343346907,0.10312255700859121,0.01071040284045921,-0.003554896074717817,0.011284946393623714,46.27689516549709,3.4241500000007363,3.4241500000007363,3.5038450000911325,0.08061108550614819,0.10312255700859121
10G_phase_elliptical_gaussian_px0.25_py0.5,10G_phase,elliptical_gaussian,phase_grid,0.25,Gaussian Fitting,15.0,10.0,2,2,1.0,0.20135517789214485,0.20135517789214485,0.04587874446562014,0.1507929195507035,0.141103728763963,0.20651577871368323,0.24264604791120298,0.247233922357765,-0.04094636609369218,-0.02369142755770781,0.04730632765287094,103.25788608436383,4.856150000023263,4.856150000023263,5.428054999924825,0.15547643342652473,0.247233922357765
10G_phase_elliptical_gaussian_px0.25_py0.5,10G_phase,elliptical_gaussian,phase_grid,0.25,Intensity-Weighted Centroid,15.0,10.0,2,2,1.0,0.4555041439474834,0.4555041439474834,0.10500263626854656,0.20411173472829924,0.42053296960271586,0.46745008158804974,0.5500065165891753,0.56050678021603,-0.19187009481760242,-0.39020319117173585,0.43482486553315003,233.72503638507698,0.20484999981817964,0.20484999981817964,0.21794499987208837,0.35050150767893684,0.56050678021603
10G_phase_elliptical_gaussian_px0.25_py0.5,10G_phase,elliptical_gaussian,phase_grid,0.25,PSF-Aware Fitting,15.0,10.0,2,2,1.0,0.20991007811561124,0.20991007811561124,0.036690388153456724,0.15583310858421984,0.1453425875176718,0.2130925279716615,0.24293142745372232,0.24660046626906798,-0.038810239156305215,-0.012738544612602709,0.04084733996500722,106.54626039861814,3.5459499999888067,3.5459499999888067,3.7559649997092492,0.17321968996215453,0.24660046626906798
10G_phase_elliptical_gaussian_px0.25_py0.625,10G_phase,elliptical_gaussian,phase_grid,0.25,Gaussian Fitting,15.0,10.0,2,2,1.0,0.02607000831885032,0.02607000831885032,0.01898488742750127,0.025752197492208587,0.019413799440143247,0.032250136191647634,0.04315640700360146,0.04505489574635159,0.020389424305903958,-0.010796744768697408,0.02307159121358087,16.125067363689872,4.702650000126596,4.702650000126596,4.800795000119251,0.0070851208913490496,0.04505489574635159
10G_phase_elliptical_gaussian_px0.25_py0.625,10G_phase,elliptical_gaussian,phase_grid,0.25,Intensity-Weighted Centroid,15.0,10.0,2,2,1.0,0.4804654363245458,0.4804654363245458,0.04475505013836917,0.35908328580918997,0.3223495678109399,0.48254538648237444,0.5207449814490781,0.525220486462915,-0.35513128460115695,0.2909600284951921,0.45910343876341303,241.2726739720864,0.20340000014584803,0.20340000014584803,0.21384000003763504,0.43571038618617663,0.525220486462915
10G_phase_elliptical_gaussian_px0.25_py0.625,10G_phase,elliptical_gaussian,phase_grid,0.25,PSF-Aware Fitting,15.0,10.0,2,2,1.0,0.04104951301626861,0.04104951301626861,0.0004738890487421023,0.026086874421825453,0.03169798215349413,0.04105224829048128,0.04147601316013649,0.041523402065010706,0.024859871529542943,0.005678998367045551,0.02550027911451727,20.52612277175154,3.961449999906108,3.961449999906108,4.02737499991872,0.0405756239675265,0.041523402065010706
10G_phase_elliptical_gaussian_px0.25_py0.75,10G_phase,elliptical_gaussian,phase_grid,0.25,Gaussian Fitting,15.0,10.0,2,2,1.0,0.32978964149953205,0.32978964149953205,0.007403522186547523,0.04030470460070253,0.32740120734078954,0.32987273270332085,0.3364528114674248,0.33719316368607954,-0.036670006794508936,0.3273535693522831,0.32940104548405635,164.93633204106084,4.544299999906798,4.544299999906798,4.755439999598821,0.3223861193129845,0.33719316368607954
10G_phase_elliptical_gaussian_px0.25_py0.75,10G_phase,elliptical_gaussian,phase_grid,0.25,Intensity-Weighted Centroid,15.0,10.0,2,2,1.0,0.4487109740969432,0.4487109740969432,0.20164519694794142,0.21780961338976998,0.4410910292016838,0.4919373168679133,0.6301916513500905,0.6503561710448846,-0.21753274601502426,0.261373659675769,0.3400539450751039,245.96860194212258,0.19635000012385717,0.19635000012385717,0.20260500007225346,0.2470657771490018,0.6503561710448846
10G_phase_elliptical_gaussian_px0.25_py0.75,10G_phase,elliptical_gaussian,phase_grid,0.25,PSF-Aware Fitting,15.0,10.0,2,2,1.0,0.3280584221718279,0.3280584221718279,0.006295580213117741,0.04001384704022067,0.3256698554259066,0.32811882403801385,0.3337244443636339,0.33435400238494567,-0.036190979361322206,0.3256395137789809,0.3276444413100011,164.059377958872,3.4296500000436936,3.4296500000436936,3.531215000089105,0.3217628419587102,0.33435400238494567
10G_phase_elliptical_gaussian_px0.25_py0.875,10G_phase,elliptical_gaussian,phase_grid,0.25,Gaussian Fitting,15.0,10.0,2,2,1.0,0.135913356458697,0.135913356458697,0.07467189188493009,0.11509274881174178,0.10393262756469135,0.1550752459341707,0.2031180591551341,0.2105852483436271,0.061739128542171784,-0.04412312827145115,0.07588524521674647,77.53761598548235,5.433000000039101,5.433000000039101,6.407159999912437,0.06124146457376693,0.2105852483436271
10G_phase_elliptical_gaussian_px0.25_py0.875,10G_phase,elliptical_gaussian,phase_grid,0.25,Intensity-Weighted Centroid,15.0,10.0,2,2,1.0,0.3170507770780457,0.3170507770780457,0.09293943181632493,0.21607382172309827,0.24994206688372544,0.3303920901476516,0.4006962657127381,0.4099902088943706,0.005561116116211906,0.21102015614962966,0.21109342082090593,165.19601775893773,0.2021000000240747,0.2021000000240747,0.20624000003408582,0.22411134526172075,0.4099902088943706
10G_phase_elliptical_gaussian_px0.25_py0.875,10G_phase,elliptical_gaussian,phase_grid,0.25,PSF-Aware Fitting,15.0,10.0,2,2,1.0,0.14351807297148356,0.14351807297148356,0.07080833071803531,0.11087621970837994,0.11540243009443865,0.16003517416031623,0.20724557061771534,0.21432640368951889,0.05729809956966392,-0.04433054914954937,0.07244494324792955,80.01757912850309,3.6969000000226515,3.6969000000226515,3.9539399999057423,0.07270974225344826,0.21432640368951889
10G_phase_elliptical_gaussian_px0.375_py0,10G_phase,elliptical_gaussian,phase_grid,0.375,Gaussian Fitting,15.0,10.0,2,2,1.0,0.08137604693420189,0.08137604693420189,0.022362745466514816,0.06123991010913654,0.058067433293218965,0.08439285158967884,0.10150251785406522,0.1037387924007167,0.05904326908137136,0.015358234806058135,0.061008056846397256,42.196424857527845,5.434250000234897,5.434250000234897,5.927765000160434,0.059013301467687074,0.1037387924007167
10G_phase_elliptical_gaussian_px0.375_py0,10G_phase,elliptical_gaussian,phase_grid,0.375,Intensity-Weighted Centroid,15.0,10.0,2,2,1.0,0.4661126508208365,0.4661126508208365,0.13648625815643298,0.3407941742927242,0.34604744282960953,0.4856845703960252,0.5889502831616262,0.6025989089772695,-0.33846716822432654,0.16487041027829719,0.37648675428377104,242.8422815788085,0.20324999991316872,0.20324999991316872,0.20662500003254536,0.3296263926644036,0.6025989089772695
10G_phase_elliptical_gaussian_px0.375_py0,10G_phase,elliptical_gaussian,phase_grid,0.375,PSF-Aware Fitting,15.0,10.0,2,2,1.0,0.08177380958019687,0.08177380958019687,0.010068699032695382,0.06928789694634147,0.0445816326554161,0.08239135047727583,0.09083563870962272,0.09184250861289225,0.06716822185313731,-0.007251609317961538,0.0675585365783823,41.195673992324785,3.66249999979118,3.66249999979118,3.9990099996884965,0.07170511054750149,0.09184250861289225
10G_phase_elliptical_gaussian_px0.375_py0.125,10G_phase,elliptical_gaussian,phase_grid,0.375,Gaussian Fitting,15.0,10.0,2,2,1.0,0.22560588262838763,0.22560588262838763,0.015133949321583157,0.1054904329554416,0.19999704811190477,0.22611291581553244,0.23922643701781246,0.24073983194997078,0.0011640363429137324,0.016514241814036268,0.01655521559207514,113.05645622714151,4.598299999997835,4.598299999997835,4.874509999945076,0.21047193330680447,0.24073983194997078
10G_phase_elliptical_gaussian_px0.375_py0.125,10G_phase,elliptical_gaussian,phase_grid,0.375,Intensity-Weighted Centroid,15.0,10.0,2,2,1.0,0.291242173816443,0.291242173816443,0.15015668252657371,0.04987294554740551,0.32385447722571165,0.3276721427230479,0.42638318809035936,0.44139885634301673,-0.049870935730609744,-0.2852152095511542,0.28954244246734434,163.8360703139427,0.21124999989297066,0.21124999989297066,0.22830499981409957,0.14108549128986927,0.44139885634301673
10G_phase_elliptical_gaussian_px0.375_py0.125,10G_phase,elliptical_gaussian,phase_grid,0.375,PSF-Aware Fitting,15.0,10.0,2,2,1.0,0.22717294495789922,0.22717294495789922,0.03176847109813977,0.10511153278195041,0.20388317329536298,0.22938348387963345,0.255764568946225,0.258941416056039,0.004626370518337808,0.033468632182234614,0.03378687088682016,114.69174005958541,3.7457000000813423,3.7457000000813423,3.8593700002138576,0.19540447385975945,0.258941416056039
10G_phase_elliptical_gaussian_px0.375_py0.25,10G_phase,elliptical_gaussian,phase_grid,0.375,Gaussian Fitting,15.0,10.0,2,2,1.0,0.12660569630559496,0.12660569630559496,0.018262877081659246,0.1101887514873801,0.06496902386504451,0.12791612492693927,0.14304228567908828,0.1448685733872542,-0.011177859727240502,0.017360182197535323,0.020647529489347814,63.95806057690074,5.4323499998645275,5.4323499998645275,5.873034999831361,0.10834281922393571,0.1448685733872542
10G_phase_elliptical_gaussian_px0.375_py0.25,10G_phase,elliptical_gaussian,phase_grid,0.375,Intensity-Weighted Centroid,15.0,10.0,2,2,1.0,0.3439776563844097,0.3439776563844097,0.20904653348989197,0.33707043997822983,0.2200104537260312,0.4025184234986661,0.5321195365253125,0.5530241898743017,-0.18472857263594733,-0.19515512580727545,0.26871949813321694,201.25920989384082,0.2291499999955704,0.2291499999955704,0.2700550000099611,0.13493112289451775,0.5530241898743017
10G_phase_elliptical_gaussian_px0.375_py0.25,10G_phase,elliptical_gaussian,phase_grid,0.375,PSF-Aware Fitting,15.0,10.0,2,2,1.0,0.12573344237379652,0.12573344237379652,0.017350250562398598,0.10993367786078788,0.06343907469173345,0.12692489797412806,0.14134866787995523,0.1430836929361951,-0.013845589756783738,0.01074048625400792,0.017523081940277737,63.46244716087225,3.5969000000477536,3.5969000000477536,3.84944000024916,0.10838319181139791,0.1430836929361951
10G_phase_elliptical_gaussian_px0.375_py0.375,10G_phase,elliptical_gaussian,phase_grid,0.375,Gaussian Fitting,15.0,10.0,2,2,1.0,0.24941311692962548,0.24941311692962548,0.09930262903507166,0.20577759773629928,0.17240503269831156,0.2684546796571594,0.33878548306118994,0.3487157459646971,-0.19783650425654287,0.09378141065883483,0.21893888508350937,134.22733501412054,4.843599999958315,4.843599999958315,5.366950000120596,0.1501104878945538,0.3487157459646971
10G_phase_elliptical_gaussian_px0.375_py0.375,10G_phase,elliptical_gaussian,phase_grid,0.375,Intensity-Weighted Centroid,15.0,10.0,2,2,1.0,0.5572552594188883,0.5572552594188883,0.10536923467658951,0.3956000579518429,0.4063701439757125,0.5671297027720755,0.6520875706278189,0.6626244940954779,0.0394927293392584,-0.39108921576985267,0.3930781733474174,283.5648415987247,0.19895000014003017,0.19895000014003017,0.2070050000838819,0.45188602474229883,0.6626244940954779
10G_phase_elliptical_gaussian_px0.375_py0.375,10G_phase,elliptical_gaussian,phase_grid,0.375,PSF-Aware Fitting,15.0,10.0,2,2,1.0,0.2376649902489602,0.2376649902489602,0.09543381566995729,0.20878756487626962,0.14832401530569228,0.2561098607304407,0.32355542435192175,0.3330988059189175,-0.19702189548024762,0.0690822677856886,0.20878215206536024,128.0549265037556,3.472200000032899,3.472200000032899,3.5153999999238295,0.14223117457900294,0.3330988059189175
10G_phase_elliptical_gaussian_px0.375_py0.5,10G_phase,elliptical_gaussian,phase_grid,0.375,Gaussian Fitting,15.0,10.0,2,2,1.0,0.12745689371612837,0.12745689371612837,0.025603865485304828,0.10737964415220445,0.07328321571342221,0.1300031448987063,0.1505003726529027,0.1530607592014332,-0.03384681141454848,-0.002536827416804499,0.03394174621722725,65.00156994603029,4.757499999868742,4.757499999868742,5.1355900000089605,0.10185302823082354,0.1530607592014332
10G_phase_elliptical_gaussian_px0.375_py0.5,10G_phase,elliptical_gaussian,phase_grid,0.375,Intensity-Weighted Centroid,15.0,10.0,2,2,1.0,0.2552202144976582,0.2552202144976582,0.0525921286836471,0.13174806841901063,0.22482378956766932,0.2605825970545768,0.30255313031294057,0.3078123431813053,0.1304372615592797,-0.21914406563280409,0.2550254903047119,130.2912932553016,0.204800000119576,0.204800000119576,0.20669000018642691,0.2026280858140111,0.3078123431813053
10G_phase_elliptical_gaussian_px0.375_py0.5,10G_phase,elliptical_gaussian,phase_grid,0.375,PSF-Aware Fitting,15.0,10.0,2,2,1.0,0.13788421957729202,0.13788421957729202,0.03503760572392906,0.11060791271066168,0.0894739150204965,0.14226627085611118,0.16941806472882817,0.17292182530122108,-0.03701619002060852,0.010956372842542805,0.03860363233565732,71.1331323765541,3.6517499997898994,3.6517499997898994,3.919724999650498,0.10284661385336295,0.17292182530122108
10G_phase_elliptical_gaussian_px0.375_py0.625,10G_phase,elliptical_gaussian,phase_grid,0.375,Gaussian Fitting,15.0,10.0,2,2,1.0,0.226689569546807,0.226689569546807,0.026778987878208454,0.12100871658870595,0.19355145476759436,0.22826579930663699,0.25079065863719463,0.25346855742501545,-0.10869851539354158,-0.06500336228765491,0.1266522970871832,114.13289285537157,5.419999999958236,5.419999999958236,5.951989999812213,0.19991058166859854,0.25346855742501545
10G_phase_elliptical_gaussian_px0.375_py0.625,10G_phase,elliptical_gaussian,phase_grid,0.375,Intensity-Weighted Centroid,15.0,10.0,2,2,1.0,0.4055615493357825,0.4055615493357825,0.03215517626834791,0.26689034550268864,0.3070564592024475,0.4068342729668788,0.4345012079772956,0.4377167256041304,-0.10372230341289423,0.3043118454094724,0.32150274568313586,203.41711692046627,0.1984999998967396,0.1984999998967396,0.20255000003999157,0.37340637306743457,0.4377167256041304
10G_phase_elliptical_gaussian_px0.375_py0.625,10G_phase,elliptical_gaussian,phase_grid,0.375,PSF-Aware Fitting,15.0,10.0,2,2,1.0,0.20911342631670882,0.20911342631670882,0.040662572484259404,0.09263976473838621,0.19183259331033323,0.21303020881309592,0.24570974155254227,0.2497759988009682,-0.08275457934286123,-0.06639104116641192,0.10609472536075541,106.5150975560964,3.4320000002026063,3.4320000002026063,3.5337900003241884,0.1684508538324494,0.2497759988009682
10G_phase_elliptical_gaussian_px0.375_py0.75,10G_phase,elliptical_gaussian,phase_grid,0.375,Gaussian Fitting,15.0,10.0,2,2,1.0,0.13663789606432516,0.13663789606432516,0.08342643759220421,0.10271268446643082,0.12280060903721404,0.1600933637919176,0.21172168989730897,0.2200643336565294,-0.04121013085347158,0.08378503415167415,0.09337133839009408,80.0466727619013,5.293499999879714,5.293499999879714,5.606789999774264,0.053211458472120964,0.2200643336565294
10G_phase_elliptical_gaussian_px0.375_py0.75,10G_phase,elliptical_gaussian,phase_grid,0.375,Intensity-Weighted Centroid,15.0,10.0,2,2,1.0,0.3555569490312336,0.3555569490312336,0.08909487694693632,0.32451847571329195,0.17043004436809397,0.3665496434353592,0.43574233828347625,0.4446518259781699,-0.2811280158188083,0.10147966564079525,0.29888306043800433,183.27481265537696,0.23380000016004487,0.23380000016004487,0.2579200002628568,0.26646207208429723,0.4446518259781699
10G_phase_elliptical_gaussian_px0.375_py0.75,10G_phase,elliptical_gaussian,phase_grid,0.375,PSF-Aware Fitting,15.0,10.0,2,2,1.0,0.14422047717756484,0.14422047717756484,0.09394404914510553,0.09533962989766911,0.1433017284546072,0.17211923311211477,0.2287701214081598,0.23816452632267038,-0.03773507551846933,0.10465655353340253,0.11125165222087506,86.05960499243568,3.61679999991793,3.61679999991793,3.8882399997646644,0.05027642803245932,0.23816452632267038
10G_phase_elliptical_gaussian_px0.375_py0.875,10G_phase,elliptical_gaussian,phase_grid,0.375,Gaussian Fitting,15.0,10.0,2,2,1.0,0.19186779682956606,0.19186779682956606,0.06686144929408555,0.07331438080704734,0.18949592720904704,0.20318391880741257,0.25204310119424306,0.2587292461236516,-0.05240943573750201,-0.09444239116436393,0.10800978753412155,101.59194624966449,4.931600000190883,4.931600000190883,5.035640000255626,0.1250063475354805,0.2587292461236516
10G_phase_elliptical_gaussian_px0.375_py0.875,10G_phase,elliptical_gaussian,phase_grid,0.375,Intensity-Weighted Centroid,15.0,10.0,2,2,1.0,0.39690510171531845,0.39690510171531845,0.07436901817997782,0.3153056851616384,0.25228304647251054,0.403812345815109,0.4638372180772985,0.4712741198952963,-0.31384077771133434,0.2378760386230283,0.3938033056050185,201.90615053372082,0.22064999984650058,0.22064999984650058,0.23320499967667274,0.32253608353534063,0.4712741198952963
10G_phase_elliptical_gaussian_px0.375_py0.875,10G_phase,elliptical_gaussian,phase_grid,0.375,PSF-Aware Fitting,15.0,10.0,2,2,1.0,0.19351378416327533,0.19351378416327533,0.06328222167361822,0.08344217677888165,0.1857138319445849,0.20359819311855315,0.2504677836695317,0.25679600583689355,-0.0709406600540774,-0.09700796365336828,0.12017954177430282,101.7990838795543,3.7085000001297885,3.7085000001297885,4.04312000016489,0.13023156248965712,0.25679600583689355
10G_phase_elliptical_gaussian_px0.5_py0,10G_phase,elliptical_gaussian,phase_grid,0.5,Gaussian Fitting,15.0,10.0,2,2,1.0,0.15549831797693917,0.15549831797693917,0.02856712654675783,0.08244522858487474,0.13490215675215692,0.1581006249601682,0.1812087318690212,0.184065444523697,0.04102420299363985,-0.06140695828895559,0.07384984602262147,79.05031069455303,5.562499999996362,5.562499999996362,5.779039999879387,0.12693119143018133,0.184065444523697
10G_phase_elliptical_gaussian_px0.5_py0,10G_phase,elliptical_gaussian,phase_grid,0.5,Intensity-Weighted Centroid,15.0,10.0,2,2,1.0,0.5074786825330726,0.5074786825330726,0.21325431327366484,0.5108506348790368,0.20504546861369688,0.5504652717068765,0.6994075644793709,0.7207329958067374,-0.47612163200176383,0.12156520597744702,0.49139587682881725,275.232631088336,0.2051999999821419,0.2051999999821419,0.20798999994440237,0.29422436925940776,0.7207329958067374
10G_phase_elliptical_gaussian_px0.5_py0,10G_phase,elliptical_gaussian,phase_grid,0.5,PSF-Aware Fitting,15.0,10.0,2,2,1.0,0.14369570081778105,0.14369570081778105,0.025420790818954653,0.0818738080497744,0.12079466294006116,0.14592693733294854,0.16657441255484023,0.1691164916367357,0.043803271290755674,-0.06609567586593812,0.07929290601274931,72.96346679057146,4.155150000315189,4.155150000315189,4.202715000292301,0.1182749099988264,0.1691164916367357
10G_phase_elliptical_gaussian_px0.5_py0.125,10G_phase,elliptical_gaussian,phase_grid,0.5,Gaussian Fitting,15.0,10.0,2,2,1.0,0.16343455947177565,0.16343455947177565,0.02587067703832424,0.14191454679188625,0.08509059036702106,0.16546947501021042,0.18671816880626746,0.1893052365100999,-0.12863349759192033,-0.051295969357909144,0.13848412607623348,82.73473483608564,4.601399999955902,4.601399999955902,4.8432299996420625,0.1375638824334514,0.1893052365100999
10G_phase_elliptical_gaussian_px0.5_py0.125,10G_phase,elliptical_gaussian,phase_grid,0.5,Intensity-Weighted Centroid,15.0,10.0,2,2,1.0,0.5464736492027116,0.5464736492027116,0.05271717837417128,0.18700744445459244,0.5161790056629822,0.549010519178515,0.5939191097394658,0.5991908275768829,0.052887875937756235,-0.5148127067814698,0.5175222222135694,274.505254376618,0.23080000028130598,0.23080000028130598,0.24628000028315,0.49375647082854035,0.5991908275768829
10G_phase_elliptical_gaussian_px0.5_py0.125,10G_phase,elliptical_gaussian,phase_grid,0.5,PSF-Aware Fitting,15.0,10.0,2,2,1.0,0.16781808589439068,0.16781808589439068,0.023849239774492922,0.14558439864680248,0.08681520063748766,0.16950426599669502,0.1892824016914343,0.1916673256688836,-0.13361090257541264,-0.056424896227156296,0.14503669260315394,84.75213026534496,3.332049999926312,3.332049999926312,3.338034999865158,0.14396884611989774,0.1916673256688836
10G_phase_elliptical_gaussian_px0.5_py0.25,10G_phase,elliptical_gaussian,phase_grid,0.5,Gaussian Fitting,15.0,10.0,2,2,1.0,0.16191064650375087,0.16191064650375087,0.005578829752157857,0.06563852223386037,0.14811402766659595,0.1620067307017401,0.16693159328069296,0.16748947625590874,-0.044232215482963966,-0.020787089507848577,0.04887322351491321,81.00336373326203,5.202399999916452,5.202399999916452,5.419569999889973,0.15633181675159302,0.16748947625590874
10G_phase_elliptical_gaussian_px0.5_py0.25,10G_phase,elliptical_gaussian,phase_grid,0.5,Intensity-Weighted Centroid,15.0,10.0,2,2,1.0,0.44524648311108694,0.44524648311108694,0.16203939351114202,0.3773465701047462,0.2865497544972496,0.4738155714750732,0.5910819372711148,0.607285876622229,-0.3371785707266213,-0.05336702279635119,0.34137578660384427,236.9077811224648,0.22244999991016812,0.22244999991016812,0.2434649999031535,0.28320708959994495,0.607285876622229
10G_phase_elliptical_gaussian_px0.5_py0.25,10G_phase,elliptical_gaussian,phase_grid,0.5,PSF-Aware Fitting,15.0,10.0,2,2,1.0,0.16483481556028717,0.16483481556028717,0.0010518751646959867,0.0821264396623098,0.14292260412737023,0.16483817173869647,0.16578150320851356,0.16588669072498316,-0.05469597292324124,-0.02251287259792889,0.059147940679541135,82.41908403677938,3.212050000001909,3.212050000001909,3.5873049998372153,0.1637829403955912,0.16588669072498316
10G_phase_elliptical_gaussian_px0.5_py0.375,10G_phase,elliptical_gaussian,phase_grid,0.5,Gaussian Fitting,15.0,10.0,2,2,1.0,0.3098252524290242,0.3098252524290242,0.03579943927338791,0.15027498289888286,0.27329602340637527,0.3118866571288319,0.3420447477750733,0.3456246917024121,-0.14521931372752306,0.06280302451892794,0.15821778967049765,155.94331981630467,4.852299999811294,4.852299999811294,5.3914899998517285,0.2740258131556363,0.3456246917024121
10G_phase_elliptical_gaussian_px0.5_py0.375,10G_phase,elliptical_gaussian,phase_grid,0.5,Intensity-Weighted Centroid,15.0,10.0,2,2,1.0,0.5168257954598339,0.5168257954598339,0.003986242287309538,0.3558644643203012,0.37481365505313186,0.5168411680393341,0.5204134135184124,0.5208120377471434,-0.06562415266392918,-0.05638288598333929,0.08651912646732468,258.4205734592029,0.19349999979567656,0.19349999979567656,0.1936799997338312,0.5128395531725243,0.5208120377471434
10G_phase_elliptical_gaussian_px0.5_py0.375,10G_phase,elliptical_gaussian,phase_grid,0.5,PSF-Aware Fitting,15.0,10.0,2,2,1.0,0.3147467941515758,0.3147467941515758,0.03047392101805238,0.15053515230460926,0.2780887847640337,0.3162186020633652,0.342173323067823,0.3452207151696282,-0.1456327111434348,0.05556656581399011,0.15587344158434308,158.109292376408,3.4659000000374363,3.4659000000374363,3.589469999838002,0.28427287313352345,0.3452207151696282
10G_phase_elliptical_gaussian_px0.5_py0.5,10G_phase,elliptical_gaussian,phase_grid,0.5,Gaussian Fitting,15.0,10.0,2,2,1.0,0.22404849629374157,0.22404849629374157,0.1548824171225152,0.07997033301461087,0.2603671209326011,0.2723716061288318,0.3634426717040052,0.37893091341625673,0.010309774841857688,0.18653470755407398,0.18681940097209848,136.1857873693473,4.4345500000417815,4.4345500000417815,4.879285000151867,0.06916607917122639,0.37893091341625673
10G_phase_elliptical_gaussian_px0.5_py0.5,10G_phase,elliptical_gaussian,phase_grid,0.5,Intensity-Weighted Centroid,15.0,10.0,2,2,1.0,0.5015350896029358,0.5015350896029358,0.08476120662657677,0.4837296106128124,0.1572500304235104,0.5086471353028719,0.5778201755668548,0.5862962962295125,-0.4713642741986064,-0.14537663756789243,0.493273398574589,254.3235618270533,0.20265000011931988,0.20265000011931988,0.20557500029099174,0.416773882976359,0.5862962962295125
10G_phase_elliptical_gaussian_px0.5_py0.5,10G_phase,elliptical_gaussian,phase_grid,0.5,PSF-Aware Fitting,15.0,10.0,2,2,1.0,0.2142864732366384,0.2142864732366384,0.14868346518418468,0.07924422321937451,0.24848705905485532,0.26081691937328993,0.3481015919024046,0.3629699384208231,0.01281932168063804,0.17299077496676318,0.17346510666976506,130.40844505699116,3.387150000207839,3.387150000207839,3.468015000203195,0.06560300805245371,0.3629699384208231
10G_phase_elliptical_gaussian_px0.5_py0.625,10G_phase,elliptical_gaussian,phase_grid,0.5,Gaussian Fitting,15.0,10.0,2,2,1.0,0.20117762538966122,0.20117762538966122,0.03833696786364574,0.09247151274013793,0.1827325351270309,0.20479785170357884,0.23568089646694237,0.23951459325330696,0.07326856970678364,-0.16870259087357908,0.1839262011632275,102.39891866601859,4.889999999932115,4.889999999932115,5.000159999940479,0.16284065752601548,0.23951459325330696
10G_phase_elliptical_gaussian_px0.5_py0.625,10G_phase,elliptical_gaussian,phase_grid,0.5,Intensity-Weighted Centroid,15.0,10.0,2,2,1.0,0.31175258090694197,0.31175258090694197,0.2511211391625696,0.40003984168299117,0.014819693070149976,0.4003142493547364,0.5377616061532546,0.5628737200695116,-0.31153812314067864,-0.011561342298762156,0.3117525730539618,200.15712085853204,0.20554999991873046,0.20554999991873046,0.2070350001758925,0.06063144174437234,0.5628737200695116
10G_phase_elliptical_gaussian_px0.5_py0.625,10G_phase,elliptical_gaussian,phase_grid,0.5,PSF-Aware Fitting,15.0,10.0,2,2,1.0,0.19825515898533752,0.19825515898533752,0.03509398630341258,0.09363562074480776,0.1782387905779774,0.20133726912562802,0.22983974665840884,0.2333491452887501,0.07644476872405903,-0.16509328006958413,0.18193293761550988,100.66862742320826,3.6958999999114894,3.6958999999114894,3.868789999751243,0.16316117268192493,0.2333491452887501
10G_phase_elliptical_gaussian_px0.5_py0.75,10G_phase,elliptical_gaussian,phase_grid,0.5,Gaussian Fitting,15.0,10.0,2,2,1.0,0.17997644459273804,0.17997644459273804,0.07343107650315273,0.08974318915119935,0.17242332674446004,0.1943801522909548,0.24606441344557548,0.25340752109589076,-0.08406026761980456,-0.06646174688825113,0.10716012500809768,97.19006663822792,5.346049999843672,5.346049999843672,5.677204999892638,0.10654536808958531,0.25340752109589076
10G_phase_elliptical_gaussian_px0.5_py0.75,10G_phase,elliptical_gaussian,phase_grid,0.5,Intensity-Weighted Centroid,15.0,10.0,2,2,1.0,0.6377339794236654,0.6377339794236654,0.21726255455040416,0.3316238840829911,0.5864582215529272,0.6737266850298504,0.833270278519029,0.8549965339740695,-0.3208438576279491,0.467770639532489,0.5672302461842258,336.86325152042116,0.23519999990639917,0.23519999990639917,0.2591399998664201,0.42047142487326117,0.8549965339740695
10G_phase_elliptical_gaussian_px0.5_py0.75,10G_phase,elliptical_gaussian,phase_grid,0.5,PSF-Aware Fitting,15.0,10.0,2,2,1.0,0.18258441613692827,0.18258441613692827,0.05945406020849248,0.08384845461254803,0.1727463196436483,0.19202045279432617,0.2360930703245715,0.24203847634542075,-0.07813827977787469,-0.05141300360298828,0.09353548901954972,96.01021639501269,3.777950000085184,3.777950000085184,3.8806850000355553,0.12313035592843578,0.24203847634542075
10G_phase_elliptical_gaussian_px0.5_py0.875,10G_phase,elliptical_gaussian,phase_grid,0.5,Gaussian Fitting,15.0,10.0,2,2,1.0,0.21394776673608293,0.21394776673608293,0.05104739125403965,0.08285975806827657,0.20374921726982664,0.21995336561462378,0.2598904188647186,0.2649951579901226,0.04439973486029203,-0.1999656416793414,0.2048355298962926,109.97666760158111,4.616899999973612,4.616899999973612,4.802389999781553,0.16290037548204328,0.2649951579901226
10G_phase_elliptical_gaussian_px0.5_py0.875,10G_phase,elliptical_gaussian,phase_grid,0.5,Intensity-Weighted Centroid,15.0,10.0,2,2,1.0,0.7382921589394473,0.7382921589394473,0.35571654950572135,0.7804716972617319,0.24994700501729933,0.8195178921437447,1.0584370534945964,1.0940087084451686,-0.6672689897480382,0.2481081749671148,0.7119027821022192,409.75892718238725,0.19940000015594705,0.19940000015594705,0.2008400002750932,0.3825756094337259,1.0940087084451686
10G_phase_elliptical_gaussian_px0.5_py0.875,10G_phase,elliptical_gaussian,phase_grid,0.5,PSF-Aware Fitting,15.0,10.0,2,2,1.0,0.20087727295007032,0.20087727295007032,0.050161628873361425,0.08411120627732445,0.18919083692837577,0.20704556937806204,0.2460227389360956,0.25103890182343175,0.04453791267303586,-0.18549981829863782,0.19077161280992153,103.52277030866144,3.8449499998023384,3.8449499998023384,3.872534999891286,0.1507156440767089,0.25103890182343175
10G_phase_elliptical_gaussian_px0.625_py0,10G_phase,elliptical_gaussian,phase_grid,0.625,Gaussian Fitting,15.0,10.0,2,2,1.0,0.2704006367157662,0.2704006367157662,0.04966537924251428,0.06949886695969174,0.26599447686542965,0.27492390625697605,0.31509947803402905,0.3200660159582805,-0.0356725371475477,-0.06003631187263636,0.06983472381137931,137.46195148002548,5.273050000141666,5.273050000141666,5.483065000271381,0.22073525747325193,0.3200660159582805
10G_phase_elliptical_gaussian_px0.625_py0,10G_phase,elliptical_gaussian,phase_grid,0.625,Intensity-Weighted Centroid,15.0,10.0,2,2,1.0,0.6357378990694873,0.6357378990694873,0.06957122551068273,0.5617593498363675,0.30566201040326474,0.6395332921219534,0.6983520020291017,0.70530912458017,0.5434412236656385,-0.28228383253866696,0.6123826627950245,319.7665894287,0.2037500000824366,0.2037500000824366,0.20820500024001376,0.5661666735588046,0.70530912458017
10G_phase_elliptical_gaussian_px0.625_py0,10G_phase,elliptical_gaussian,phase_grid,0.625,PSF-Aware Fitting,15.0,10.0,2,2,1.0,0.24695810447692115,0.24695810447692115,0.03806741981937087,0.06361218866415363,0.24164213885805236,0.24987483630517526,0.28121878231435493,0.285025524296292,-0.03377741917512367,-0.04735808733903468,0.058169601017573166,124.93741680849183,4.181150000022171,4.181150000022171,4.419514999926832,0.20889068465755029,0.285025524296292
10G_phase_elliptical_gaussian_px0.625_py0.125,10G_phase,elliptical_gaussian,phase_grid,0.625,Gaussian Fitting,15.0,10.0,2,2,1.0,0.19729494534644354,0.19729494534644354,0.0006362917667708939,0.11045844445825127,0.16347670284885252,0.19729597138935354,0.19786760793653735,0.19793123711321445,0.10747107478681528,0.1626835318625126,0.19497682799526306,98.64798129048378,4.597449999891978,4.597449999891978,4.789824999943448,0.19665865357967266,0.19793123711321445
10G_phase_elliptical_gaussian_px0.625_py0.125,10G_phase,elliptical_gaussian,phase_grid,0.625,Intensity-Weighted Centroid,15.0,10.0,2,2,1.0,0.41257283903779784,0.41257283903779784,0.24835923865287546,0.23094627467388132,0.42256653576709163,0.48155857269489516,0.6360961538253858,0.6609320776906733,0.09931293164504496,0.3537651593923101,0.3674409427265829,240.77926921224093,0.19720000022971362,0.19720000022971362,0.20422000027338072,0.16421360038492241,0.6609320776906733
10G_phase_elliptical_gaussian_px0.625_py0.125,10G_phase,elliptical_gaussian,phase_grid,0.625,PSF-Aware Fitting,15.0,10.0,2,2,1.0,0.18399304801257588,0.18399304801257588,0.013552220378417357,0.11296239138127509,0.14586501474845456,0.18449147512593433,0.1961900463531515,0.19754526839099323,0.10992943135380528,0.14584357886428734,0.1826330456782523,92.24573289406128,3.9075499998943997,3.9075499998943997,3.9355850001356885,0.17044082763415852,0.19754526839099323
10G_phase_elliptical_gaussian_px0.625_py0.25,10G_phase,elliptical_gaussian,phase_grid,0.625,Gaussian Fitting,15.0,10.0,2,2,1.0,0.1794292618706938,0.1794292618706938,0.01572809040280966,0.13671711409810358,0.11726322337317485,0.18011727524915808,0.1935845432332225,0.19515735227350348,0.0888790077958106,-0.09674107222355133,0.1313708989149809,90.05863054512125,4.647250000289205,4.647250000289205,4.971295000223108,0.16370117146788415,0.19515735227350348
10G_phase_elliptical_gaussian_px0.625_py0.25,10G_phase,elliptical_gaussian,phase_grid,0.625,Intensity-Weighted Centroid,15.0,10.0,2,2,1.0,0.5964812880298814,0.5964812880298814,0.35432570601882574,0.35043883344096266,0.5987731264277506,0.6937842841370261,0.9153744234468245,0.9508069940487072,0.2528765674284159,-0.5267166025112147,0.5842747108298758,346.8921199581647,0.19829999996545666,0.19829999996545666,0.20108999972308084,0.24215558201105572,0.9508069940487072
10G_phase_elliptical_gaussian_px0.625_py0.25,10G_phase,elliptical_gaussian,phase_grid,0.625,PSF-Aware Fitting,15.0,10.0,2,2,1.0,0.1773077810397431,0.1773077810397431,0.01632926144552639,0.13598384862011412,0.1149481922913785,0.17805811971542843,0.19200411634071685,0.1936370424852695,0.0851505444520626,-0.09520273066067375,0.12772695543905946,89.02905280336921,4.068400000051042,4.068400000051042,4.224190000240924,0.16097851959421672,0.1936370424852695
10G_phase_elliptical_gaussian_px0.625_py0.375,10G_phase,elliptical_gaussian,phase_grid,0.625,Gaussian Fitting,15.0,10.0,2,2,1.0,0.15158373066763492,0.15158373066763492,0.0698064258056424,0.04403542250820708,0.16097032661767333,0.1668848839376315,0.21440951389271307,0.2213901564732773,0.037568543952659184,0.08296630946193773,0.09107581457476459,83.44243682871297,5.216000000018539,5.216000000018539,5.446849999998449,0.08177730486199251,0.2213901564732773
10G_phase_elliptical_gaussian_px0.625_py0.375,10G_phase,elliptical_gaussian,phase_grid,0.625,Intensity-Weighted Centroid,15.0,10.0,2,2,1.0,0.39618806083936864,0.39618806083936864,0.2315439825901334,0.059086183799200005,0.4550674876426643,0.4588873450263793,0.6045776451704887,0.6277320434295021,0.05863575747849836,-0.3882502636528784,0.3926530520467234,229.44366987555128,0.251500000103988,0.251500000103988,0.2600500001335604,0.16464407824923527,0.6277320434295021
10G_phase_elliptical_gaussian_px0.625_py0.375,10G_phase,elliptical_gaussian,phase_grid,0.625,PSF-Aware Fitting,15.0,10.0,2,2,1.0,0.16189423589439358,0.16189423589439358,0.07743536880256058,0.050232388980322965,0.1722866421251156,0.17946024617563114,0.2315860678166981,0.23932960469695416,0.04543335605279708,0.09325896695952451,0.10373728722391924,89.73011730393199,3.7092999998549203,3.7092999998549203,3.872199999955228,0.08445886709183302,0.23932960469695416
10G_phase_elliptical_gaussian_px0.625_py0.5,10G_phase,elliptical_gaussian,phase_grid,0.625,Gaussian Fitting,15.0,10.0,2,2,1.0,0.1335800961639127,0.1335800961639127,0.04888864829606728,0.10600047504753309,0.09485589761883045,0.14224535853017042,0.17757987963037325,0.18246874445998,0.019574637599816924,0.06898246985332435,0.071705980114834,71.12267245836168,5.024950000006356,5.024950000006356,5.438544999969963,0.08469144786784542,0.18246874445998
10G_phase_elliptical_gaussian_px0.625_py0.5,10G_phase,elliptical_gaussian,phase_grid,0.625,Intensity-Weighted Centroid,15.0,10.0,2,2,1.0,0.5801446631305975,0.5801446631305975,0.250324117161596,0.32367860377778707,0.5426436724482367,0.6318464954335403,0.8054363685760338,0.8304687802921935,0.11086250579273838,-0.4933235309887891,0.5056269389756559,315.9232304196423,0.21364999997786072,0.21364999997786072,0.22485499996491853,0.32982054596900146,0.8304687802921935
10G_phase_elliptical_gaussian_px0.625_py0.5,10G_phase,elliptical_gaussian,phase_grid,0.625,PSF-Aware Fitting,15.0,10.0,2,2,1.0,0.13524083076273835,0.13524083076273835,0.04228563467342065,0.10833556603631503,0.09133215390387361,0.14169741424997717,0.17329790196881692,0.177526465436159,0.0144512612864105,0.06591492876947314,0.06748049190286645,70.84870040461313,3.4439999999449356,3.4439999999449356,3.5249999999450665,0.0929551960893177,0.177526465436159
10G_phase_elliptical_gaussian_px0.625_py0.625,10G_phase,elliptical_gaussian,phase_grid,0.625,Gaussian Fitting,15.0,10.0,2,2,1.0,0.21395152229365816,0.21395152229365816,0.036554274780090226,0.12569177535484405,0.17695492789018183,0.21705176547651492,0.24685036959573933,0.25050579707374837,-0.1186495362730966,-0.016454497824838654,0.11978506983964439,108.52587325365556,4.884550000269883,4.884550000269883,5.375635000314105,0.17739724751356792,0.25050579707374837
10G_phase_elliptical_gaussian_px0.625_py0.625,10G_phase,elliptical_gaussian,phase_grid,0.625,Intensity-Weighted Centroid,15.0,10.0,2,2,1.0,0.5138147892082059,0.5138147892082059,0.14115013058484177,0.37441608057709186,0.37913268861769167,0.5328498822118579,0.6408499067345634,0.6549649197930476,-0.026485009030920992,0.3272909658591061,0.32836082597708655,266.42490189309785,0.2108999999563821,0.2108999999563821,0.21440999987589748,0.37266465862336406,0.6549649197930476
10G_phase_elliptical_gaussian_px0.625_py0.625,10G_phase,elliptical_gaussian,phase_grid,0.625,PSF-Aware Fitting,15.0,10.0,2,2,1.0,0.21937644480744567,0.21937644480744567,0.04212551303030025,0.12555166754280037,0.18476298915541062,0.2233843848267382,0.2572894065347159,0.26150195783774594,-0.11863976581798852,-0.023836214902019037,0.1210105746379315,111.69218284864199,3.9176499999484804,3.9176499999484804,4.328364999673795,0.17725093177714543,0.26150195783774594
10G_phase_elliptical_gaussian_px0.625_py0.75,10G_phase,elliptical_gaussian,phase_grid,0.625,Gaussian Fitting,15.0,10.0,2,2,1.0,0.2054323696000022,0.2054323696000022,0.006228276588601256,0.19305697149790574,0.0705000401758242,0.20552676202562045,0.21103781852974332,0.21166064618860345,0.19300724924448787,0.006177842328042971,0.193106095182814,102.7633673913624,5.545350000147664,5.545350000147664,6.207705000383612,0.19920409301140093,0.21166064618860345
10G_phase_elliptical_gaussian_px0.625_py0.75,10G_phase,elliptical_gaussian,phase_grid,0.625,Intensity-Weighted Centroid,15.0,10.0,2,2,1.0,0.40248203115724585,0.40248203115724585,0.11910085365568884,0.3712813705740272,0.1957726809609756,0.41973420011475837,0.5096727994473658,0.5215828848129347,0.21147483831873615,0.1695256988820688,0.2710361042802037,209.86705887068223,0.19569999994928367,0.19569999994928367,0.20010999996884493,0.283381177501557,0.5215828848129347
10G_phase_elliptical_gaussian_px0.625_py0.75,10G_phase,elliptical_gaussian,phase_grid,0.625,PSF-Aware Fitting,15.0,10.0,2,2,1.0,0.20043734479859598,0.20043734479859598,0.009467374166951287,0.18481712980216566,0.07814978499789849,0.20066080923670251,0.20895798154885215,0.20990471896554727,0.1847740122615278,0.015129552335054086,0.18539239186407397,100.33039132913423,3.7792999996781873,3.7792999996781873,4.21444999965388,0.1909699706316447,0.20990471896554727
10G_phase_elliptical_gaussian_px0.625_py0.875,10G_phase,elliptical_gaussian,phase_grid,0.625,Gaussian Fitting,15.0,10.0,2,2,1.0,0.20128252527039936,0.20128252527039936,0.0757221844047045,0.08380608788326681,0.19805313384026818,0.21505465396091533,0.2694324912346334,0.2770047096751039,0.004308031547680002,-0.0879130688464329,0.0880185594622717,107.52731197095616,5.55320000012216,5.55320000012216,5.613140000195926,0.12556034086569487,0.2770047096751039
10G_phase_elliptical_gaussian_px0.625_py0.875,10G_phase,elliptical_gaussian,phase_grid,0.625,Intensity-Weighted Centroid,15.0,10.0,2,2,1.0,0.42090766084706116,0.42090766084706116,0.009962082554473173,0.4134732954929431,0.0793872531504409,0.4210255361003259,0.429873535146087,0.43086974340153433,0.01775092125410538,-0.05848391408756015,0.06111843758122885,210.5127423650644,0.21440000000438886,0.21440000000438886,0.22016000007170078,0.410945578292588,0.43086974340153433
10G_phase_elliptical_gaussian_px0.625_py0.875,10G_phase,elliptical_gaussian,phase_grid,0.625,PSF-Aware Fitting,15.0,10.0,2,2,1.0,0.18614249669881117,0.18614249669881117,0.06271391136902865,0.07971828034061179,0.17951896706477824,0.19642317520208583,0.24258501693093695,0.24885640806783982,0.013169672431104118,-0.07878973539658318,0.07988280588340757,98.21157355138305,4.171550000137358,4.171550000137358,4.305425000029572,0.1234285853297825,0.24885640806783982
10G_phase_elliptical_gaussian_px0.75_py0,10G_phase,elliptical_gaussian,phase_grid,0.75,Gaussian Fitting,15.0,10.0,2,2,1.0,0.23045675817394967,0.23045675817394967,0.11454409110135612,0.19239402626826235,0.17092455894507746,0.2573531934798597,0.33354644016517015,0.3450008492753058,-0.17541593130113142,0.08430905663323074,0.19462467979325893,128.67658920399086,5.197150000185502,5.197150000185502,5.434075000175653,0.11591266707259354,0.3450008492753058
10G_phase_elliptical_gaussian_px0.75_py0,10G_phase,elliptical_gaussian,phase_grid,0.75,Intensity-Weighted Centroid,15.0,10.0,2,2,1.0,0.3964088658220606,0.3964088658220606,0.29455460658534915,0.3936081767341978,0.2982867887972291,0.4938647640427309,0.6615080117488747,0.6909634724074097,-0.2319338324860496,0.1819344379988479,0.294776936651468,246.93237053751022,0.21644999992531666,0.21644999992531666,0.2291850001029161,0.10185425923671144,0.6909634724074097
10G_phase_elliptical_gaussian_px0.75_py0,10G_phase,elliptical_gaussian,phase_grid,0.75,PSF-Aware Fitting,15.0,10.0,2,2,1.0,0.23524061006783764,0.23524061006783764,0.11217411938045756,0.19398749176081548,0.1740403135029845,0.26061691749360705,0.33619731751024945,0.3474147294482952,-0.17737158885074678,0.08079872164637436,0.1949079627699357,130.30845118621812,4.433449999623917,4.433449999623917,4.883944999596679,0.1230664906873801,0.3474147294482952
10G_phase_elliptical_gaussian_px0.75_py0.125,10G_phase,elliptical_gaussian,phase_grid,0.75,Gaussian Fitting,15.0,10.0,2,2,1.0,0.226426697941411,0.226426697941411,0.11233539383891913,0.09196540133988564,0.23543715765781278,0.25276133060576345,0.3275285523964382,0.3387620917803301,-0.008768741576659522,0.19142043445384616,0.19162117199134715,126.38066053061102,5.333650000011403,5.333650000011403,5.5402449998837255,0.11409130410249185,0.3387620917803301
10G_phase_elliptical_gaussian_px0.75_py0.125,10G_phase,elliptical_gaussian,phase_grid,0.75,Intensity-Weighted Centroid,15.0,10.0,2,2,1.0,0.3897767250463592,0.3897767250463592,0.053231691193517006,0.31702565651431924,0.23292539888739466,0.3933948504177286,0.4376852471205245,0.4430084162398762,0.135859359875667,-0.2174226714703309,0.2563793746289304,196.69739683509056,0.20455000026231573,0.20455000026231573,0.20882500027710194,0.3365450338528422,0.4430084162398762
10G_phase_elliptical_gaussian_px0.75_py0.125,10G_phase,elliptical_gaussian,phase_grid,0.75,PSF-Aware Fitting,15.0,10.0,2,2,1.0,0.23457857193177423,0.23457857193177423,0.12095409940139196,0.08593783234676704,0.24954296131746803,0.26392612711050867,0.343437261393027,0.3555326713331662,-0.012520301061783812,0.20316960515117444,0.20355502056191546,131.9630588012557,4.6793999999863445,4.6793999999863445,5.327489999854151,0.11362447253038228,0.3555326713331662
10G_phase_elliptical_gaussian_px0.75_py0.25,10G_phase,elliptical_gaussian,phase_grid,0.75,Gaussian Fitting,15.0,10.0,2,2,1.0,0.28889534380658444,0.28889534380658444,0.02065106631018468,0.23421712074537923,0.17037994765410835,0.2896325019967066,0.30748130348575065,0.3095464101167691,0.09562393077027309,0.11618824148729345,0.15047805021287192,144.81623070137942,4.574850000153674,4.574850000153674,4.833645000098841,0.26824427749639973,0.3095464101167691
10G_phase_elliptical_gaussian_px0.75_py0.25,10G_phase,elliptical_gaussian,phase_grid,0.75,Intensity-Weighted Centroid,15.0,10.0,2,2,1.0,0.625485703173946,0.625485703173946,0.17613406068066378,0.40074759932740545,0.5115241283069517,0.6498119514189206,0.7840063577865435,0.8016197638546099,-0.008949077088857393,-0.4420972653205695,0.4421878311132819,324.9059548202169,0.21325000011529482,0.21325000011529482,0.2141049998726885,0.4493516424932823,0.8016197638546099
10G_phase_elliptical_gaussian_px0.75_py0.25,10G_phase,elliptical_gaussian,phase_grid,0.75,PSF-Aware Fitting,15.0,10.0,2,2,1.0,0.2838100803270478,0.2838100803270478,0.018218021893931707,0.22782502153983616,0.17022284681365854,0.28439419476665323,0.3002063000315863,0.3020281022209795,0.09462660254683897,0.12514426832376557,0.15689258046143567,142.19707782621026,3.3933500001239736,3.3933500001239736,3.418955000074675,0.26559205843311606,0.3020281022209795
10G_phase_elliptical_gaussian_px0.75_py0.375,10G_phase,elliptical_gaussian,phase_grid,0.75,Gaussian Fitting,15.0,10.0,2,2,1.0,0.2941725989782613,0.2941725989782613,0.1068024112028861,0.12208882031503622,0.28816417713251263,0.31296049755260696,0.3902947690608588,0.4009750101811474,-0.07042954596289519,-0.16072623228041039,0.17548003501138243,156.48024448996077,5.297200000086377,5.297200000086377,5.64225999980863,0.1873701877753752,0.4009750101811474
10G_phase_elliptical_gaussian_px0.75_py0.375,10G_phase,elliptical_gaussian,phase_grid,0.75,Intensity-Weighted Centroid,15.0,10.0,2,2,1.0,0.4829930799983797,0.4829930799983797,0.13483687776874034,0.2171263487867363,0.45201708772488236,0.5014611639327051,0.604346269990246,0.61782995776712,0.2162490243641173,-0.429157861735348,0.48056228610627433,250.73057117752833,0.20584999992934172,0.20584999992934172,0.2156149997972534,0.34815620222963933,0.61782995776712
10G_phase_elliptical_gaussian_px0.75_py0.375,10G_phase,elliptical_gaussian,phase_grid,0.75,PSF-Aware Fitting,15.0,10.0,2,2,1.0,0.2950391361211087,0.2950391361211087,0.11157988091894737,0.11998050716031039,0.29172390983690605,0.31543329194772163,0.3954610289481614,0.4066190170400561,-0.06825629849532788,-0.16468780531272387,0.17827225107403827,157.71664179139293,3.5892000003059366,3.5892000003059366,3.7117800003443335,0.18345925520216136,0.4066190170400561
10G_phase_elliptical_gaussian_px0.75_py0.5,10G_phase,elliptical_gaussian,phase_grid,0.75,Gaussian Fitting,15.0,10.0,2,2,1.0,0.17439293594076322,0.17439293594076322,0.006567788915976272,0.1333643966104169,0.11256095981299814,0.17451656642646843,0.18030394596514188,0.1809607248567395,-0.06142574510874965,0.08915616894415734,0.10826792979901392,87.25827438395793,4.58969999999681,4.58969999999681,4.905600000120103,0.16782514702478696,0.1809607248567395
10G_phase_elliptical_gaussian_px0.75_py0.5,10G_phase,elliptical_gaussian,phase_grid,0.75,Intensity-Weighted Centroid,15.0,10.0,2,2,1.0,0.5387826075329285,0.5387826075329285,0.29395723193815193,0.554339114574174,0.26344961271909845,0.6137569163673205,0.8033441162772652,0.8327398394710804,-0.25608400670438414,-0.21663523601608858,0.3354248708332724,306.87844157040405,0.2028000001246255,0.2028000001246255,0.2109900000732523,0.24482537559477663,0.8327398394710804
10G_phase_elliptical_gaussian_px0.75_py0.5,10G_phase,elliptical_gaussian,phase_grid,0.75,PSF-Aware Fitting,15.0,10.0,2,2,1.0,0.16742270957851413,0.16742270957851413,0.010932055855003231,0.13204409296555294,0.10350956980266514,0.16777924045551165,0.17726155984801703,0.17835476543351736,-0.05890312346309656,0.08305303858099933,0.10182035735178777,83.88961167255904,3.7203000001682085,3.7203000001682085,3.886980000197582,0.1564906537235109,0.17835476543351736
10G_phase_elliptical_gaussian_px0.75_py0.625,10G_phase,elliptical_gaussian,phase_grid,0.75,Gaussian Fitting,15.0,10.0,2,2,1.0,0.10881534480230548,0.10881534480230548,0.01625431473688272,0.08272942686727694,0.07253153756968171,0.11002264317862151,0.12344422806549991,0.1250696595391882,0.04607692065383162,0.020044369180652666,0.05024797859406679,55.01131398164579,4.925100000036764,4.925100000036764,4.961460000231455,0.09256103006542275,0.1250696595391882
10G_phase_elliptical_gaussian_px0.75_py0.625,10G_phase,elliptical_gaussian,phase_grid,0.75,Intensity-Weighted Centroid,15.0,10.0,2,2,1.0,0.4181416689312757,0.4181416689312757,0.18047323442192975,0.17985951218725996,0.418406022321747,0.4554262219496648,0.5805675799110125,0.5986149033532054,-0.16719315136089108,0.16800385982742227,0.237020772884779,227.7130706567767,0.20439999980226276,0.20439999980226276,0.20790999992641446,0.23766843450934588,0.5986149033532054
10G_phase_elliptical_gaussian_px0.75_py0.625,10G_phase,elliptical_gaussian,phase_grid,0.75,PSF-Aware Fitting,15.0,10.0,2,2,1.0,0.10820828762435375,0.10820828762435375,0.0030609361958556375,0.07741275948622434,0.07566814065191474,0.1082515720023962,0.11096313020062382,0.11126922382020939,0.033654671073236386,0.02879609361451685,0.044292797298248754,54.12577870446785,4.044049999947674,4.044049999947674,4.076495000003888,0.10514735142849811,0.11126922382020939
10G_phase_elliptical_gaussian_px0.75_py0.75,10G_phase,elliptical_gaussian,phase_grid,0.75,Gaussian Fitting,15.0,10.0,2,2,1.0,0.17024049206246386,0.17024049206246386,0.11119975697712178,0.056693323246169054,0.19527692692365411,0.20334013644492513,0.2703202733418735,0.28144024903958564,0.0007507651719151909,-0.1447419328700903,0.14474387993733306,101.67005816470949,7.086450000088007,7.086450000088007,9.114105000048767,0.05904073508534208,0.28144024903958564
10G_phase_elliptical_gaussian_px0.75_py0.75,10G_phase,elliptical_gaussian,phase_grid,0.75,Intensity-Weighted Centroid,15.0,10.0,2,2,1.0,0.637213239073469,0.637213239073469,0.31130094837307015,0.4106317975488569,0.5782132127081406,0.7091889681237822,0.9173840926092323,0.9485141874465393,0.26769603019369015,0.5371020464624507,0.6001164661093825,354.59437813985863,0.19239999983255984,0.19239999983255984,0.19383999974706967,0.3259122907003989,0.9485141874465393
10G_phase_elliptical_gaussian_px0.75_py0.75,10G_phase,elliptical_gaussian,phase_grid,0.75,PSF-Aware Fitting,15.0,10.0,2,2,1.0,0.1621129614820666,0.1621129614820666,0.10136473971833443,0.058723380210268135,0.18195325596243667,0.19119472466219276,0.2533412272285676,0.26347770120040104,-0.0010717212000486143,-0.13789112464070286,0.13789528940833506,95.59735256232659,4.52169999994112,4.52169999994112,5.056569999828753,0.060748221763732194,0.26347770120040104
10G_phase_elliptical_gaussian_px0.75_py0.875,10G_phase,elliptical_gaussian,phase_grid,0.75,Gaussian Fitting,15.0,10.0,2,2,1.0,0.07969758167441846,0.07969758167441846,0.04061592506364068,0.08081304913057623,0.03834851996811544,0.0894503096334824,0.11625191423169506,0.12031350673805913,0.07149901514554813,0.03507166228428105,0.07963749532830613,44.72514728919357,5.445700000109355,5.445700000109355,5.451369999900635,0.039081656610777775,0.12031350673805913
10G_phase_elliptical_gaussian_px0.75_py0.875,10G_phase,elliptical_gaussian,phase_grid,0.75,Intensity-Weighted Centroid,15.0,10.0,2,2,1.0,0.7034598581709056,0.7034598581709056,0.23162089942804495,0.7116632475224467,0.20503520486855914,0.7406105677815347,0.911918667656146,0.9350807575989506,0.6599077658216288,-0.06642492095500074,0.6632424364556084,370.3051558348376,0.20319999975981773,0.20319999975981773,0.2134599997134501,0.4718389587428607,0.9350807575989506
10G_phase_elliptical_gaussian_px0.75_py0.875,10G_phase,elliptical_gaussian,phase_grid,0.75,PSF-Aware Fitting,15.0,10.0,2,2,1.0,0.11102838773112624,0.11102838773112624,0.06448659603685314,0.11073860408809803,0.06498296326894507,0.12839713373200193,0.16906632416429407,0.1755149837679794,0.0976090184090026,0.0509654302880449,0.11011355756315647,64.19855532076022,3.6249499999030377,3.6249499999030377,3.90300499998375,0.04654179169427309,0.1755149837679794
10G_phase_elliptical_gaussian_px0.875_py0,10G_phase,elliptical_gaussian,phase_grid,0.875,Gaussian Fitting,15.0,10.0,2,2,1.0,0.08331275295035444,0.08331275295035444,0.0711231220703491,0.042171057762503704,0.10109953107899239,0.10954228999432397,0.1473235628136686,0.15443587502070352,-0.03381312194011343,0.07567104677156067,0.08288205194636956,54.77114346515689,4.967549999946641,4.967549999946641,5.069115000196689,0.012189630880005341,0.15443587502070352
10G_phase_elliptical_gaussian_px0.875_py0,10G_phase,elliptical_gaussian,phase_grid,0.875,Intensity-Weighted Centroid,15.0,10.0,2,2,1.0,0.2555632273844119,0.2555632273844119,0.017220533477923475,0.14316200160145703,0.21239997943000208,0.25614275309756646,0.271061707514543,0.27278376086233536,0.14028895508198502,0.040300730989827116,0.14596280292016053,128.07136710993836,0.19454999983281596,0.19454999983281596,0.19648499983304646,0.2383426939064884,0.27278376086233536
10G_phase_elliptical_gaussian_px0.875_py0,10G_phase,elliptical_gaussian,phase_grid,0.875,PSF-Aware Fitting,15.0,10.0,2,2,1.0,0.09079844907526098,0.09079844907526098,0.05761187200759206,0.04303154053692707,0.09854832656981412,0.1075336512478393,0.14264913388209383,0.14841032108285304,-0.03680082348682845,0.08299297016770879,0.09078619777569112,53.76682401340954,4.721099999869693,4.721099999869693,4.734419999999773,0.033186577067668914,0.14841032108285304
10G_phase_elliptical_gaussian_px0.875_py0.125,10G_phase,elliptical_gaussian,phase_grid,0.875,Gaussian Fitting,15.0,10.0,2,2,1.0,0.1094550011496022,0.1094550011496022,0.03878553968120117,0.10793364042386411,0.04283742090594927,0.1161237071618946,0.14436198686268326,0.14824054083080337,0.09679367945381046,0.009007382451557078,0.09721187849658923,58.061842383852024,4.56104999989293,4.56104999989293,5.366324999727112,0.07066946146840103,0.14824054083080337
10G_phase_elliptical_gaussian_px0.875_py0.125,10G_phase,elliptical_gaussian,phase_grid,0.875,Intensity-Weighted Centroid,15.0,10.0,2,2,1.0,0.5181652524015111,0.5181652524015111,0.12092517738124367,0.452376010365845,0.28013224121205293,0.5320884581730814,0.6269979120446304,0.6390904297827548,0.3363782300046978,0.20652111465506096,0.3947167141374459,266.0441567942843,0.23549999991701043,0.23549999991701043,0.25215000002845045,0.3972400750202674,0.6390904297827548
10G_phase_elliptical_gaussian_px0.875_py0.125,10G_phase,elliptical_gaussian,phase_grid,0.875,PSF-Aware Fitting,15.0,10.0,2,2,1.0,0.11051323517528526,0.11051323517528526,0.030778528337944908,0.10130962177367904,0.05382242554578607,0.11471919174905995,0.13821391067943567,0.14129176351323017,0.08876411409710272,0.018455568321826377,0.0906624285662207,57.35958590068052,3.5151000001860666,3.5151000001860666,3.7060800002564065,0.07973470683734035,0.14129176351323017
10G_phase_elliptical_gaussian_px0.875_py0.25,10G_phase,elliptical_gaussian,phase_grid,0.875,Gaussian Fitting,15.0,10.0,2,2,1.0,0.227367785841413,0.227367785841413,0.04804497563081303,0.13399388008155289,0.18986855933113964,0.23238853182072491,0.2706082639091447,0.27541276147222604,0.009180346216510316,-0.06863969576926365,0.06925089596497698,116.19425758587438,5.236899999999878,5.236899999999878,6.084519999967597,0.17932281021059998,0.27541276147222604
10G_phase_elliptical_gaussian_px0.875_py0.25,10G_phase,elliptical_gaussian,phase_grid,0.875,Intensity-Weighted Centroid,15.0,10.0,2,2,1.0,0.2590316932534953,0.2590316932534953,0.03363736509187064,0.027582489392824365,0.25974621598589537,0.26120660489370606,0.28930532183617885,0.29266905834536594,0.019230382699902293,0.2577260454154384,0.25844249283789483,130.60329722241426,0.23069999974723032,0.23069999974723032,0.25661999964086135,0.22539432816162466,0.29266905834536594
10G_phase_elliptical_gaussian_px0.875_py0.25,10G_phase,elliptical_gaussian,phase_grid,0.875,PSF-Aware Fitting,15.0,10.0,2,2,1.0,0.22745566908484488,0.22745566908484488,0.04275628776866226,0.1416197772564879,0.1830519604713751,0.23143936904206924,0.2659363280766409,0.27021195685350713,0.014758837605654662,-0.06974481432979474,0.07128928680641733,115.71967515686958,3.825099999858139,3.825099999858139,4.051540000023124,0.1846993813161826,0.27021195685350713
10G_phase_elliptical_gaussian_px0.875_py0.375,10G_phase,elliptical_gaussian,phase_grid,0.875,Gaussian Fitting,15.0,10.0,2,2,1.0,0.21849284298204713,0.21849284298204713,0.023581670251383732,0.12046692504935959,0.1838013535732925,0.21976172916643721,0.2397163462082925,0.24207451323343088,-0.0332845919895135,-0.18366526337615596,0.18665688584925316,109.8808573041641,5.690649999905872,5.690649999905872,5.949714999860589,0.1949111727306634,0.24207451323343088
10G_phase_elliptical_gaussian_px0.875_py0.375,10G_phase,elliptical_gaussian,phase_grid,0.875,Intensity-Weighted Centroid,15.0,10.0,2,2,1.0,0.7810764552671141,0.7810764552671141,0.03829324881732038,0.20110736413801578,0.7557133252544148,0.7820145790697417,0.8155403792027025,0.8193697040844345,0.012060573086557724,-0.7548353668321965,0.7549317111129145,391.00727987636685,0.19655000005514012,0.19655000005514012,0.1965949999885197,0.7427832064497938,0.8193697040844345
10G_phase_elliptical_gaussian_px0.875_py0.375,10G_phase,elliptical_gaussian,phase_grid,0.875,PSF-Aware Fitting,15.0,10.0,2,2,1.0,0.19275812544514537,0.19275812544514537,0.05731480081603686,0.10317292044583526,0.17261526527044393,0.20109868551959353,0.24434144617957854,0.2500729262611822,-0.033988312232793305,-0.16622118305207323,0.16966050531477467,100.54933669334461,3.8740500001495093,3.8740500001495093,4.412025000351605,0.1354433246291085,0.2500729262611822
10G_phase_elliptical_gaussian_px0.875_py0.5,10G_phase,elliptical_gaussian,phase_grid,0.875,Gaussian Fitting,15.0,10.0,2,2,1.0,0.23091489920169583,0.23091489920169583,0.02301238037463975,0.18135406629729114,0.14478246772753314,0.23205874326091758,0.25162604153887164,0.2539272795763356,-0.028831843228658727,0.10391561872751254,0.10784123051729198,116.02935503535939,5.534500000067055,5.534500000067055,5.656360000148197,0.2079025188270561,0.2539272795763356
10G_phase_elliptical_gaussian_px0.875_py0.5,10G_phase,elliptical_gaussian,phase_grid,0.875,Intensity-Weighted Centroid,15.0,10.0,2,2,1.0,0.48635707633605585,0.48635707633605585,0.0007411566804567393,0.27290627593444294,0.40257411686666433,0.48635764105787527,0.4870241173484669,0.48709823301651256,0.17803498316396826,-0.3916609312233277,0.4302263825905132,243.17879443639222,0.19224999982725421,0.19224999982725421,0.1954449998038399,0.4856159196555991,0.48709823301651256
10G_phase_elliptical_gaussian_px0.875_py0.5,10G_phase,elliptical_gaussian,phase_grid,0.875,PSF-Aware Fitting,15.0,10.0,2,2,1.0,0.23497512126909104,0.23497512126909104,0.013756981405803989,0.1914063304614317,0.1369897033069014,0.23537748862799876,0.24735640453431465,0.24873210267489504,-0.0325918306396602,0.09556167696848661,0.10096663572425138,117.68872720462716,3.987900000083755,3.987900000083755,4.063680000035674,0.22121813986328706,0.24873210267489504
10G_phase_elliptical_gaussian_px0.875_py0.625,10G_phase,elliptical_gaussian,phase_grid,0.875,Gaussian Fitting,15.0,10.0,2,2,1.0,0.14388452362967738,0.14388452362967738,0.06818355959795133,0.07118417179541407,0.1424239011731793,0.1592223412074655,0.20524972726783358,0.2120680832276287,0.07116599380015032,0.11059040217782012,0.1315098312956679,79.61115889713524,4.574950000233002,4.574950000233002,4.788475000282233,0.07570096403172603,0.2120680832276287
10G_phase_elliptical_gaussian_px0.875_py0.625,10G_phase,elliptical_gaussian,phase_grid,0.875,Intensity-Weighted Centroid,15.0,10.0,2,2,1.0,0.48796553662506836,0.48796553662506836,0.12988490702449995,0.12501462618036208,0.4892359320895577,0.5049558931298395,0.6048619529471183,0.6178504436495683,-0.052828908451203915,0.47401642189049653,0.4769512153145381,252.47789538032285,0.20009999980175053,0.20009999980175053,0.2075699997931224,0.3580806296005684,0.6178504436495683
10G_phase_elliptical_gaussian_px0.875_py0.625,10G_phase,elliptical_gaussian,phase_grid,0.875,PSF-Aware Fitting,15.0,10.0,2,2,1.0,0.1521607876697375,0.1521607876697375,0.06879756183919938,0.07726025433418934,0.14804344943127265,0.16699104712317187,0.21407859332501694,0.2209583495089369,0.07725221039055441,0.11792612560299176,0.14097686019329225,83.49551109705368,4.188750000139407,4.188750000139407,4.435125000054541,0.08336322583053812,0.2209583495089369
10G_phase_elliptical_gaussian_px0.875_py0.75,10G_phase,elliptical_gaussian,phase_grid,0.875,Gaussian Fitting,15.0,10.0,2,2,1.0,0.2245983884869973,0.2245983884869973,0.17496893353330512,0.1655531438533851,0.23162625147637886,0.2847078569564569,0.3820704286669719,0.39956732202030243,0.11906780485924173,0.1371741301502425,0.18164218710551283,142.3538969564496,4.634849999774815,4.634849999774815,4.789964999940821,0.04962945495369221,0.39956732202030243
10G_phase_elliptical_gaussian_px0.875_py0.75,10G_phase,elliptical_gaussian,phase_grid,0.875,Intensity-Weighted Centroid,15.0,10.0,2,2,1.0,0.21343902710308604,0.21343902710308604,0.12135916615877403,0.15326338987058644,0.19181918263521364,0.24552854315021058,0.3226622766459826,0.33479819326186006,-0.10100424853055756,0.08229928742821357,0.1302882609156111,122.76425053842965,0.20605000008799834,0.20605000008799834,0.2085250001073291,0.09207986094431202,0.33479819326186006
10G_phase_elliptical_gaussian_px0.875_py0.75,10G_phase,elliptical_gaussian,phase_grid,0.875,PSF-Aware Fitting,15.0,10.0,2,2,1.0,0.24502536401045039,0.24502536401045039,0.15582881366573714,0.17658678195077387,0.23051498132918513,0.29037914556132427,0.3852712963096138,0.40085417767618753,0.13179076394891354,0.11291587123764657,0.1735476863562146,145.18954085761476,3.9024999998673593,3.9024999998673593,4.418109999619446,0.08919655034471326,0.40085417767618753
10G_phase_elliptical_gaussian_px0.875_py0.875,10G_phase,elliptical_gaussian,phase_grid,0.875,Gaussian Fitting,15.0,10.0,2,2,1.0,0.1651447694594041,0.1651447694594041,0.032587704506747375,0.07003360088159169,0.15306876922604665,0.16832930037524307,0.19447370351547671,0.19773247396615146,-0.02219067560270105,-0.1456521746459316,0.14733289538590244,84.1646367221862,5.510550000053627,5.510550000053627,5.600864999769328,0.1325570649526567,0.19773247396615146
10G_phase_elliptical_gaussian_px0.875_py0.875,10G_phase,elliptical_gaussian,phase_grid,0.875,Intensity-Weighted Centroid,15.0,10.0,2,2,1.0,0.1739954634605465,0.1739954634605465,0.003996640688045852,0.12097054270586453,0.1251260254267206,0.1740413584227603,0.17759244007978778,0.17799210414859237,0.06908198436786961,-0.1124849317664598,0.1320044712830126,87.02066240351344,0.21214999992480443,0.21214999992480443,0.22227499987366173,0.16999882277250067,0.17799210414859237
10G_phase_elliptical_gaussian_px0.875_py0.875,10G_phase,elliptical_gaussian,phase_grid,0.875,PSF-Aware Fitting,15.0,10.0,2,2,1.0,0.14291357557241915,0.14291357557241915,0.009424713823734138,0.06458442072760434,0.12783570672090266,0.14322400397123677,0.15139581801377988,0.1523382893961533,-0.02789064816596465,-0.12562826722040654,0.12868702257772344,71.61199009108957,3.880049999906987,3.880049999906987,3.916184999820871,0.13348886174868502,0.1523382893961533
10G_phase_elliptical_gaussian_px0_py0,10G_phase,elliptical_gaussian,phase_grid,0.0,Gaussian Fitting,15.0,10.0,2,2,1.0,0.13778943291195556,0.13778943291195556,0.003539064459413502,0.07151958627057563,0.11782784721419584,0.13783487512036346,0.14097459092542772,0.14132849737136907,0.021416599055214647,-0.11663687049821192,0.11858680480858096,68.91743748682978,4.651599999988321,4.651599999988321,4.8553600001696395,0.13425036845254207,0.14132849737136907
10G_phase_elliptical_gaussian_px0_py0,10G_phase,elliptical_gaussian,phase_grid,0.0,Intensity-Weighted Centroid,15.0,10.0,2,2,1.0,0.6631493561057804,0.6631493561057804,0.09560424533177148,0.5066342419574276,0.43843926045142384,0.6700054031341603,0.7491931769043747,0.7587536014375519,-0.5024881485196602,-0.3201494084478327,0.5958103583626364,335.0026926212277,0.21955000011075754,0.21955000011075754,0.22409499993045756,0.5675451107740089,0.7587536014375519
10G_phase_elliptical_gaussian_px0_py0,10G_phase,elliptical_gaussian,phase_grid,0.0,PSF-Aware Fitting,15.0,10.0,2,2,1.0,0.12460207718004548,0.12460207718004548,0.001987010070338552,0.06685397164983657,0.10516735387583205,0.12461791944420207,0.12639038624335017,0.12658908725038404,0.01913670800553291,-0.10475190294238246,0.10648556129043665,62.30895967123157,4.194149999875663,4.194149999875663,4.449164999687127,0.12261506710970693,0.12658908725038404
10G_phase_elliptical_gaussian_px0_py0.125,10G_phase,elliptical_gaussian,phase_grid,0.0,Gaussian Fitting,15.0,10.0,2,2,1.0,0.18969674309790663,0.18969674309790663,0.16146233482225342,0.020243135295588775,0.2482844243636945,0.24910828952125752,0.33501284443793466,0.35115907792016005,0.0002127661753661414,-0.1852314279977918,0.18523155019474005,124.55414436555587,4.7167500001705776,4.7167500001705776,5.074995000222771,0.02823440827565321,0.35115907792016005
10G_phase_elliptical_gaussian_px0_py0.125,10G_phase,elliptical_gaussian,phase_grid,0.0,Intensity-Weighted Centroid,15.0,10.0,2,2,1.0,0.6253720176127193,0.6253720176127193,0.04691455796732902,0.5100867906370944,0.3648322932250135,0.6271292818568378,0.6675951197833154,0.6722865755800483,-0.04591309199514626,-0.3274760439369402,0.33067895513495194,313.56463546528585,0.22879999983160815,0.22879999983160815,0.25795999983984075,0.5784574596453903,0.6722865755800483
10G_phase_elliptical_gaussian_px0_py0.125,10G_phase,elliptical_gaussian,phase_grid,0.0,PSF-Aware Fitting,15.0,10.0,2,2,1.0,0.1902274971927193,0.1902274971927193,0.15312269740851864,0.025770741666835704,0.2428351910737157,0.24419881480029093,0.3280379248603861,0.34335019460123795,-0.010812151413972515,-0.178749730627203,0.17907643289248396,122.09940703834805,3.3129500002360146,3.3129500002360146,3.330365000238089,0.037104799784200684,0.34335019460123795
10G_phase_elliptical_gaussian_px0_py0.25,10G_phase,elliptical_gaussian,phase_grid,0.0,Gaussian Fitting,15.0,10.0,2,2,1.0,0.21389761410785055,0.21389761410785055,0.13410962856727107,0.040744454765806605,0.24915350930966135,0.2524630305519649,0.3345962798183945,0.3480072426751216,0.03517239435325337,0.1325372539606633,0.13712483732706532,126.23150972313086,4.9036999998861575,4.9036999998861575,5.460169999923892,0.07978798554057946,0.3480072426751216
10G_phase_elliptical_gaussian_px0_py0.25,10G_phase,elliptical_gaussian,phase_grid,0.0,Intensity-Weighted Centroid,15.0,10.0,2,2,1.0,0.4761130090825305,0.4761130090825305,0.23289768936286126,0.5013779835561063,0.17188673227853998,0.5300235194103953,0.6857209295091056,0.7090106984453918,0.4473969046691195,0.05979161421760182,0.45137459768827903,265.0117506933159,0.20319999975981773,0.20319999975981773,0.2059899997220782,0.24321531971966928,0.7090106984453918
10G_phase_elliptical_gaussian_px0_py0.25,10G_phase,elliptical_gaussian,phase_grid,0.0,PSF-Aware Fitting,15.0,10.0,2,2,1.0,0.2324943637175138,0.2324943637175138,0.13734009510303108,0.04743896270897078,0.2658297870826708,0.2700295000242033,0.35610044931024176,0.3698344588205449,0.041635441191886,0.13546532234988717,0.14171931245459046,135.0147438550782,3.599800000074538,3.599800000074538,3.8492800000994976,0.09515426861448271,0.3698344588205449
10G_phase_elliptical_gaussian_px0_py0.375,10G_phase,elliptical_gaussian,phase_grid,0.0,Gaussian Fitting,15.0,10.0,2,2,1.0,0.3159122447169337,0.3159122447169337,0.16918962654190284,0.0995147696571947,0.3442709495608885,0.3583652830443824,0.46818290860464623,0.4851018712588365,0.06741095049881096,0.2215889609950068,0.23161585412488453,179.1826250077205,4.3940000000475266,4.3940000000475266,4.499030000079074,0.14672261817503085,0.4851018712588365
10G_phase_elliptical_gaussian_px0_py0.375,10G_phase,elliptical_gaussian,phase_grid,0.0,Intensity-Weighted Centroid,15.0,10.0,2,2,1.0,0.4900059376999149,0.4900059376999149,0.05905392047697017,0.4222282417202988,0.25557092244357166,0.49355160267683584,0.543154466129188,0.5490598581768851,-0.012685266025300734,-0.23505369198511517,0.2353957393199079,246.77579767890754,0.20745000006172631,0.20745000006172631,0.21262499997192208,0.43095201722294474,0.5490598581768851
10G_phase_elliptical_gaussian_px0_py0.375,10G_phase,elliptical_gaussian,phase_grid,0.0,PSF-Aware Fitting,15.0,10.0,2,2,1.0,0.31275120520696387,0.31275120520696387,0.17116014658059936,0.0965427557783834,0.34320345051094125,0.3565236487750857,0.4667953371295033,0.4839113517875632,0.059539355562947094,0.22133473668105808,0.22920296796185766,178.26180793133946,3.634800000099858,3.634800000099858,3.8772599998765145,0.1415910586263645,0.4839113517875632
10G_phase_elliptical_gaussian_px0_py0.5,10G_phase,elliptical_gaussian,phase_grid,0.0,Gaussian Fitting,15.0,10.0,2,2,1.0,0.1301351427799087,0.1301351427799087,0.026432571610436162,0.053436671555726394,0.12156627147911332,0.13279245546448812,0.15392445722930126,0.15656771439034486,0.045818023415961306,0.04107579756833957,0.061534644027740906,66.39622336177814,4.704700000047524,4.704700000047524,4.989820000105283,0.10370257116947254,0.15656771439034486
10G_phase_elliptical_gaussian_px0_py0.5,10G_phase,elliptical_gaussian,phase_grid,0.0,Intensity-Weighted Centroid,15.0,10.0,2,2,1.0,0.6080470828147838,0.6080470828147838,0.1552346410769385,0.6203637731419532,0.09469866779914936,0.6275500368176664,0.7477582597840284,0.7632817238917223,-0.6020359571955396,-0.05603058839699315,0.6046376771194985,313.77500607665115,0.2079000000776432,0.2079000000776432,0.21816000003127556,0.45281244173784535,0.7632817238917223
10G_phase_elliptical_gaussian_px0_py0.5,10G_phase,elliptical_gaussian,phase_grid,0.0,PSF-Aware Fitting,15.0,10.0,2,2,1.0,0.13885277807535493,0.13885277807535493,0.03568863590843124,0.057041945225077835,0.13152942331352158,0.14336587010948015,0.17097255039294304,0.17454141398378617,0.05359961409925518,0.04920040434041084,0.07275711936882186,71.68293014124211,3.641150000021298,3.641150000021298,3.881315000126051,0.10316414216692368,0.17454141398378617
10G_phase_elliptical_gaussian_px0_py0.625,10G_phase,elliptical_gaussian,phase_grid,0.0,Gaussian Fitting,15.0,10.0,2,2,1.0,0.12718064226336728,0.12718064226336728,0.009268991493571653,0.061876906520163734,0.11149923053243654,0.1275179594011389,0.13552273460758177,0.13644963375693894,0.02779897276985821,-0.003211342008853535,0.027983845421191592,63.75897495497367,5.256250000002183,5.256250000002183,5.506135000041468,0.11791165076979564,0.13644963375693894
10G_phase_elliptical_gaussian_px0_py0.625,10G_phase,elliptical_gaussian,phase_grid,0.0,Intensity-Weighted Centroid,15.0,10.0,2,2,1.0,0.2885154575107492,0.2885154575107492,0.04913070148896641,0.16443297090428335,0.2421090521459823,0.29266874628397693,0.332733088850819,0.3376461589997156,0.16275458402571985,0.07855007039620432,0.1807184776956517,146.33435914819205,0.24845000029927178,0.24845000029927178,0.30447500023456087,0.2393847560217828,0.3376461589997156
10G_phase_elliptical_gaussian_px0_py0.625,10G_phase,elliptical_gaussian,phase_grid,0.0,PSF-Aware Fitting,15.0,10.0,2,2,1.0,0.12448602711611069,0.12448602711611069,0.010829700964848185,0.06274364529985645,0.10806150260211489,0.12495620580883961,0.13423275798447407,0.13531572808095887,0.02548973665284393,-0.0010480538383603744,0.02551127381138459,62.47809831083207,3.69789999990644,3.69789999990644,4.0147899999965375,0.1136563261512625,0.13531572808095887
10G_phase_elliptical_gaussian_px0_py0.75,10G_phase,elliptical_gaussian,phase_grid,0.0,Gaussian Fitting,15.0,10.0,2,2,1.0,0.12732473082182633,0.12732473082182633,0.005975716462336418,0.11355673260024181,0.057897882061833196,0.12746488248175952,0.1327028756379291,0.13330044728416274,0.11317995690416183,-0.05768634959531482,0.12703313573418867,63.73243947648448,4.69224999983453,4.69224999983453,5.107824999936383,0.1213490143594899,0.13330044728416274
10G_phase_elliptical_gaussian_px0_py0.75,10G_phase,elliptical_gaussian,phase_grid,0.0,Intensity-Weighted Centroid,15.0,10.0,2,2,1.0,0.5384239018770899,0.5384239018770899,0.06750564338506915,0.4252931643336841,0.33702082186776566,0.542639207947032,0.5991789809236521,0.605929545262159,-0.20319624097601263,0.31229563771449875,0.37258190734694463,271.31957564154885,0.19404999989092175,0.19404999989092175,0.19859499991525809,0.47091825849202074,0.605929545262159
10G_phase_elliptical_gaussian_px0_py0.75,10G_phase,elliptical_gaussian,phase_grid,0.0,PSF-Aware Fitting,15.0,10.0,2,2,1.0,0.1275120854327017,0.1275120854327017,0.009511563091196579,0.11788219238521512,0.04953373075278663,0.12786634335834599,0.13607249221477863,0.13702364852389828,0.11775335746375504,-0.048127311284360985,0.12720884908467905,63.93317036038807,3.9468499996928585,3.9468499996928585,4.025284999602263,0.11800052234150513,0.13702364852389828
10G_phase_elliptical_gaussian_px0_py0.875,10G_phase,elliptical_gaussian,phase_grid,0.0,Gaussian Fitting,15.0,10.0,2,2,1.0,0.31602089201530237,0.31602089201530237,0.04776543735470565,0.23070766997962003,0.22118931305198364,0.3196102958226373,0.3590097856345374,0.363786329370008,-0.14805011266645351,-0.05161191289630551,0.15678847347099661,159.80513465624506,6.053950000023178,6.053950000023178,7.124275000160196,0.2682554546605967,0.363786329370008
10G_phase_elliptical_gaussian_px0_py0.875,10G_phase,elliptical_gaussian,phase_grid,0.0,Intensity-Weighted Centroid,15.0,10.0,2,2,1.0,0.3422584145405977,0.3422584145405977,0.0065111329323079,0.11531419959739302,0.32231328323095587,0.34232034291859686,0.34811843417967475,0.34876954747290556,-0.03502451083926417,0.005025319851426957,0.03538319091233688,171.16014057179288,0.20719999997709238,0.20719999997709238,0.21727999999257008,0.33574728160828976,0.34876954747290556
10G_phase_elliptical_gaussian_px0_py0.875,10G_phase,elliptical_gaussian,phase_grid,0.0,PSF-Aware Fitting,15.0,10.0,2,2,1.0,0.3044620281987671,0.3044620281987671,0.04720334152387248,0.22534986168924767,0.21010169419251037,0.30809946781181924,0.34694503557025236,0.3516653697226396,-0.1506299152517272,-0.05352948776902622,0.1598586170012641,154.04972158066255,4.033350000099745,4.033350000099745,4.185945000108404,0.25725868667489465,0.3516653697226396
10G_phase_gaussian_px0.125_py0,10G_phase,gaussian,phase_grid,0.125,Gaussian Fitting,15.0,10.0,2,2,1.0,0.15391585921345546,0.15391585921345546,0.05728480604049479,0.11299476932905933,0.11917979201519875,0.16423045004052492,0.20547218464990077,0.21120066525395026,-0.04462225536281039,0.03693093581375706,0.05792270447539293,82.1152248820344,4.84239999991587,4.84239999991587,4.854189999855407,0.09663105317296068,0.21120066525395026
10G_phase_gaussian_px0.125_py0,10G_phase,gaussian,phase_grid,0.125,Intensity-Weighted Centroid,15.0,10.0,2,2,1.0,0.5241287512730763,0.5241287512730763,0.12709910755710074,0.11211401896678058,0.5275372762222611,0.5393191365535677,0.638517948074467,0.6512278588301771,0.10956870940293584,0.13578681624130695,0.17448026119070165,269.6595607093247,0.22780000017519342,0.22780000017519342,0.25264000023526023,0.3970296437159756,0.6512278588301771
10G_phase_gaussian_px0.125_py0,10G_phase,gaussian,phase_grid,0.125,PSF-Aware Fitting,15.0,10.0,2,2,1.0,0.14487981613082285,0.14487981613082285,0.05420753566284962,0.10581839041957315,0.11283211552457455,0.15468877801812306,0.1936665982273875,0.19908735179367246,-0.0321895927788205,0.04443753928268279,0.05487134753918723,77.34438885850561,3.708049999886498,3.708049999886498,3.877924999892457,0.09067228046797322,0.19908735179367246
10G_phase_gaussian_px0.125_py0.125,10G_phase,gaussian,phase_grid,0.125,Gaussian Fitting,15.0,10.0,2,2,1.0,0.22790540906606938,0.22790540906606938,0.0844859619327421,0.12810885329423788,0.20655961597782999,0.2430612129593555,0.3039427748055373,0.3123913709988115,0.004592723327903059,0.1707861456819728,0.17084788750368177,121.53060459711847,4.304549999915253,4.304549999915253,4.761074999964876,0.14341944713332727,0.3123913709988115
10G_phase_gaussian_px0.125_py0.125,10G_phase,gaussian,phase_grid,0.125,Intensity-Weighted Centroid,15.0,10.0,2,2,1.0,0.45601676719907,0.45601676719907,0.1607450837735463,0.3446862135386184,0.3390894986879794,0.4835186386521777,0.6006873425952616,0.6167618509726163,-0.3408510346527578,-0.20917088859204114,0.3999148515099678,241.75931795322498,0.1955500001713517,0.1955500001713517,0.202975000229344,0.2952716834255237,0.6167618509726163
10G_phase_gaussian_px0.125_py0.125,10G_phase,gaussian,phase_grid,0.125,PSF-Aware Fitting,15.0,10.0,2,2,1.0,0.21738340649713525,0.21738340649713525,0.07795963289277572,0.1183384215468844,0.19831608045457882,0.23093992677983405,0.2875470761006334,0.29534303938991097,0.011011387578491849,0.16432230895412658,0.16469083725702288,115.46996164048615,3.245699999979479,3.245699999979479,3.472950000173114,0.13942377360435954,0.29534303938991097
10G_phase_gaussian_px0.125_py0.25,10G_phase,gaussian,phase_grid,0.125,Gaussian Fitting,15.0,10.0,2,2,1.0,0.20176191386351072,0.20176191386351072,0.14994225962121066,0.24238527350112568,0.06663280195193484,0.25137730825629684,0.3367099475226003,0.3517041734847214,-0.14434809370055746,0.04063087986753544,0.1499574624811817,125.68865358835363,4.689999999982319,4.689999999982319,4.824369999755618,0.051819654242300055,0.3517041734847214
10G_phase_gaussian_px0.125_py0.25,10G_phase,gaussian,phase_grid,0.125,Intensity-Weighted Centroid,15.0,10.0,2,2,1.0,0.6567584590618396,0.6567584590618396,0.08054113283783843,0.26654056244374613,0.6056192501896351,0.6616785833228128,0.7292454786158943,0.7372995918996781,0.19942238230970588,-0.029142769909981325,0.2015405358832426,330.8392788236463,0.19249999991188815,0.19249999991188815,0.19681999986005394,0.5762173262240012,0.7372995918996781
10G_phase_gaussian_px0.125_py0.25,10G_phase,gaussian,phase_grid,0.125,PSF-Aware Fitting,15.0,10.0,2,2,1.0,0.19695315774493552,0.19695315774493552,0.13776677087345315,0.23205650222535948,0.0626099774599202,0.24035438315662144,0.32094325153104336,0.3347199286183887,-0.13326847684720633,0.03497245194006382,0.137780837985093,120.1771911107025,3.515099999958693,3.515099999958693,3.5186099998782083,0.059186386871482345,0.3347199286183887
10G_phase_gaussian_px0.125_py0.375,10G_phase,gaussian,phase_grid,0.125,Gaussian Fitting,15.0,10.0,2,2,1.0,0.09767885638684165,0.09767885638684165,0.06391274515916577,0.07373190236375528,0.09049643392224559,0.11673045009260309,0.15520032703009082,0.1615916015460074,-0.05112594476861432,-0.044878036242550934,0.06802867311267446,58.36522410531823,4.326049999917814,4.326049999917814,4.452365000156533,0.03376611122767588,0.1615916015460074
10G_phase_gaussian_px0.125_py0.375,10G_phase,gaussian,phase_grid,0.125,Intensity-Weighted Centroid,15.0,10.0,2,2,1.0,0.5540110117023654,0.5540110117023654,0.009587069962500028,0.11955877250192945,0.5410414151576348,0.5540939568321824,0.5626393746686155,0.5635980816648655,0.01123938275202363,-0.012292728403451747,0.016656377044469053,277.0469635058858,0.20105000021430897,0.20105000021430897,0.20235500032868003,0.5444239417398654,0.5635980816648655
10G_phase_gaussian_px0.125_py0.375,10G_phase,gaussian,phase_grid,0.125,PSF-Aware Fitting,15.0,10.0,2,2,1.0,0.08616394207144566,0.08616394207144566,0.06410648548886906,0.06224100948023969,0.08752098681977218,0.107395839747292,0.14385977901142782,0.15027042756031472,-0.04385260902478194,-0.049868659463697895,0.06640733780981324,53.697918936605596,3.603299999895171,3.603299999895171,3.6842999996906656,0.022057456582576598,0.15027042756031472
10G_phase_gaussian_px0.125_py0.5,10G_phase,gaussian,phase_grid,0.125,Gaussian Fitting,15.0,10.0,2,2,1.0,0.22468121990470996,0.22468121990470996,0.10170422339500584,0.14987189647353072,0.1958668279257036,0.24662805930033568,0.3162150209602152,0.3263854432997158,0.027234673898306028,0.151002182415084,0.15343854325581097,123.31402125388793,4.512650000151552,4.512650000151552,4.752635000318151,0.12297699650970412,0.3263854432997158
10G_phase_gaussian_px0.125_py0.5,10G_phase,gaussian,phase_grid,0.125,Intensity-Weighted Centroid,15.0,10.0,2,2,1.0,0.5870884311423529,0.5870884311423529,0.019948670142996727,0.464275920377487,0.35988698945544095,0.5874272511738482,0.60504223427105,0.6070371012853496,-0.012043785919445327,-0.35948384807488765,0.35968554294828464,293.71361865813253,0.2300999997260078,0.2300999997260078,0.2573699996673895,0.5671397609993561,0.6070371012853496
10G_phase_gaussian_px0.125_py0.5,10G_phase,gaussian,phase_grid,0.125,PSF-Aware Fitting,15.0,10.0,2,2,1.0,0.24207607869726822,0.24207607869726822,0.08701996329907295,0.16499952569531598,0.19735363794553867,0.25724171879774477,0.32039404566643387,0.3290960419963412,0.01249630431289006,0.1539587184996094,0.1544650271858401,128.6208511988411,3.353500000002896,3.353500000002896,3.676599999903374,0.15505611539819528,0.3290960419963412
10G_phase_gaussian_px0.125_py0.625,10G_phase,gaussian,phase_grid,0.125,Gaussian Fitting,15.0,10.0,2,2,1.0,0.1682043282072499,0.1682043282072499,0.07942122793738278,0.05390049175023578,0.17803135809125514,0.1860119014330372,0.23968343335089437,0.24762555614463266,0.00011427460532331679,-0.08551314474323135,0.08551322109803991,93.00594486905746,5.306400000108624,5.306400000108624,5.531490000225858,0.0887831002698671,0.24762555614463266
10G_phase_gaussian_px0.125_py0.625,10G_phase,gaussian,phase_grid,0.125,Intensity-Weighted Centroid,15.0,10.0,2,2,1.0,0.37289080728279644,0.37289080728279644,0.08163751383577594,0.19497185808468318,0.3281740580489389,0.38172272374238103,0.4463645697349948,0.4545283211185724,0.09840412337410953,-0.1660612483457271,0.19302774334060951,190.8613541173192,0.20080000012967503,0.20080000012967503,0.20764000023518747,0.2912532934470205,0.4545283211185724
10G_phase_gaussian_px0.125_py0.625,10G_phase,gaussian,phase_grid,0.125,PSF-Aware Fitting,15.0,10.0,2,2,1.0,0.16509567997849955,0.16509567997849955,0.09711570815452754,0.056739720573612984,0.18294438615914624,0.19154123398871195,0.2524998173175743,0.2622113881330271,0.009089148440693862,-0.10240457462009545,0.10280714723451703,95.77061128449425,4.16119999977127,4.16119999977127,4.262269999730961,0.067979971823972,0.2622113881330271
10G_phase_gaussian_px0.125_py0.75,10G_phase,gaussian,phase_grid,0.125,Gaussian Fitting,15.0,10.0,2,2,1.0,0.12606488142263123,0.12606488142263123,0.04107799350588121,0.08365300854482703,0.10286850849492465,0.13258867175807776,0.1630350755779243,0.16714287492851243,0.08145081193055148,-0.037911441196570195,0.08984159469726184,66.2943307939476,5.161750000070242,5.161750000070242,5.358625000212669,0.08498688791675,0.16714287492851243
10G_phase_gaussian_px0.125_py0.75,10G_phase,gaussian,phase_grid,0.125,Intensity-Weighted Centroid,15.0,10.0,2,2,1.0,0.2968871480121548,0.2968871480121548,0.25098847344371156,0.22194462718693536,0.31918298030948966,0.3887636717292342,0.5227767741114951,0.5478756214558663,0.16045695706475271,0.2018831197167401,0.25788220003917195,194.38180295942357,0.18734999980551947,0.18734999980551947,0.18928500001038628,0.045898674568443286,0.5478756214558663
10G_phase_gaussian_px0.125_py0.75,10G_phase,gaussian,phase_grid,0.125,PSF-Aware Fitting,15.0,10.0,2,2,1.0,0.11075705707210236,0.11075705707210236,0.031747424302949565,0.07867047385260681,0.08417827026585162,0.11521729315143822,0.13932973894475698,0.14250448137505192,0.07792661028850034,-0.03492905144440783,0.08539669329582907,57.60864257008525,3.294949999826713,3.294949999826713,3.520714999763186,0.0790096327691528,0.14250448137505192
10G_phase_gaussian_px0.125_py0.875,10G_phase,gaussian,phase_grid,0.125,Gaussian Fitting,15.0,10.0,2,2,1.0,0.17304131640912654,0.17304131640912654,0.07738359509245599,0.12561445506848343,0.14195959513849207,0.18955610772021203,0.2426865519923369,0.2504249115015825,-0.02876548175430571,0.08979775642364984,0.09429257658627449,94.77804109372484,4.576199999746677,4.576199999746677,4.849439999793503,0.09565772131667054,0.2504249115015825
10G_phase_gaussian_px0.125_py0.875,10G_phase,gaussian,phase_grid,0.125,Intensity-Weighted Centroid,15.0,10.0,2,2,1.0,0.5560105642636899,0.5560105642636899,0.1615260324986643,0.5531694771146668,0.1710027378034411,0.5789977605721687,0.7013839935124877,0.7175365967623542,0.14088903663019892,0.12993649742952584,0.1916591088543373,289.498861261876,0.20465000011427037,0.20465000011427037,0.2150450000726778,0.39448453176502557,0.7175365967623542
10G_phase_gaussian_px0.125_py0.875,10G_phase,gaussian,phase_grid,0.125,PSF-Aware Fitting,15.0,10.0,2,2,1.0,0.16633142151412336,0.16633142151412336,0.06538990981481944,0.1060762152248442,0.14383955871759246,0.17872319963703426,0.22518234034746087,0.23172133132894282,-0.008517207151953698,0.0872143430215715,0.08762924424159795,89.36158591776744,3.33584999998493,3.33584999998493,3.632355000172538,0.10094151169930392,0.23172133132894282
10G_phase_gaussian_px0.25_py0,10G_phase,gaussian,phase_grid,0.25,Gaussian Fitting,15.0,10.0,2,2,1.0,0.152168017041896,0.152168017041896,0.05480117119930009,0.11349146431034413,0.1152300364660692,0.16173519646408988,0.20148907112126607,0.2069691882411961,-0.10563984590669406,-0.10940644058581483,0.15208401061534213,80.86759781893085,4.349199999978737,4.349199999978737,4.364679999980581,0.0973668458425959,0.2069691882411961
10G_phase_gaussian_px0.25_py0,10G_phase,gaussian,phase_grid,0.25,Intensity-Weighted Centroid,15.0,10.0,2,2,1.0,0.1876613848153351,0.1876613848153351,0.13396910859325664,0.037526690796479224,0.2275000327163636,0.23057432079067494,0.3082335825492661,0.32163049340859173,-0.02636639121828921,-0.15673873279433792,0.15894092281049188,115.2871593901464,0.19505000000208383,0.19505000000208383,0.2002250001169159,0.05369227622207843,0.32163049340859173
10G_phase_gaussian_px0.25_py0,10G_phase,gaussian,phase_grid,0.25,PSF-Aware Fitting,15.0,10.0,2,2,1.0,0.14304865769337244,0.14304865769337244,0.03913323174177074,0.10661451833798362,0.10309060468340715,0.14830484919391804,0.1782685662609661,0.18218188943514319,-0.1027059260601959,-0.09956827180212713,0.14304666370644473,74.15242419390009,3.013650000184498,3.013650000184498,3.017925000199284,0.1039154259516017,0.18218188943514319
10G_phase_gaussian_px0.25_py0.125,10G_phase,gaussian,phase_grid,0.25,Gaussian Fitting,15.0,10.0,2,2,1.0,0.4074718013708384,0.4074718013708384,0.013080285888433268,0.3157267712032987,0.2579165925970235,0.40768169298034357,0.4192440586704283,0.4205520872592716,-0.006909732176268335,0.25624560815401765,0.2563387526242767,203.8408422565492,5.255450000049677,5.255450000049677,5.613605000030475,0.3943915154824051,0.4205520872592716
10G_phase_gaussian_px0.25_py0.125,10G_phase,gaussian,phase_grid,0.25,Intensity-Weighted Centroid,15.0,10.0,2,2,1.0,0.5526880417673445,0.5526880417673445,0.005671558616537564,0.3718721903978798,0.4089099070681045,0.5527171411217159,0.5577924445222283,0.5583596003838821,-0.33488075864477196,-0.3801317940142894,0.5066017206159293,276.35856848572524,0.1958999998805666,0.1958999998805666,0.1975200001425037,0.547016483150807,0.5583596003838821
10G_phase_gaussian_px0.25_py0.125,10G_phase,gaussian,phase_grid,0.25,PSF-Aware Fitting,15.0,10.0,2,2,1.0,0.37177429922430394,0.37177429922430394,0.04357096370389202,0.28175149536491506,0.24643590099951426,0.374318792530923,0.41098816655780673,0.41534526292819596,0.026233033057167177,0.24375309617414587,0.24516064920345768,187.15939195757295,3.3060500002193294,3.3060500002193294,3.5547650001490183,0.3282033355204119,0.41534526292819596
10G_phase_gaussian_px0.25_py0.25,10G_phase,gaussian,phase_grid,0.25,Gaussian Fitting,15.0,10.0,2,2,1.0,0.2538797733523208,0.2538797733523208,0.06410836954415931,0.2348606560100575,0.11578123605127781,0.26184885404186187,0.31157730594206423,0.31798814289648014,0.22168160690540617,0.007961218697289496,0.22182451587529523,130.92442245798307,4.247199999781515,4.247199999781515,4.263039999864304,0.18977140380816152,0.31798814289648014
10G_phase_gaussian_px0.25_py0.25,10G_phase,gaussian,phase_grid,0.25,Intensity-Weighted Centroid,15.0,10.0,2,2,1.0,0.2681754161021396,0.2681754161021396,0.06905023644252574,0.252483826067409,0.1137449186939213,0.27692235185034164,0.3303206289004127,0.3372256525446653,-0.06262734823206983,-0.029095326273875344,0.06905593933590508,138.461174395718,0.19885000006070186,0.19885000006070186,0.20438500025647954,0.19912517965961382,0.3372256525446653
10G_phase_gaussian_px0.25_py0.25,10G_phase,gaussian,phase_grid,0.25,PSF-Aware Fitting,15.0,10.0,2,2,1.0,0.25606444479056156,0.25606444479056156,0.0682667090204704,0.23941600412772346,0.11361919034167607,0.2650081950551419,0.3175044829089849,0.32433115381103195,0.22751081526240569,-0.004562697185633624,0.22755656278598574,132.50409291802845,3.6516500001653185,3.6516500001653185,3.658715000142365,0.18779773577009115,0.32433115381103195
10G_phase_gaussian_px0.25_py0.375,10G_phase,gaussian,phase_grid,0.25,Gaussian Fitting,15.0,10.0,2,2,1.0,0.21997262665313133,0.21997262665313133,0.016984640448683766,0.16335992026056972,0.1482901579347371,0.22062736568215868,0.23525880305694674,0.2369572671018151,-0.001796021160203054,-0.14568791329475062,0.14569898342880322,110.31368065431927,4.262499999867941,4.262499999867941,4.27905999970335,0.20298798620444758,0.2369572671018151
10G_phase_gaussian_px0.25_py0.375,10G_phase,gaussian,phase_grid,0.25,Intensity-Weighted Centroid,15.0,10.0,2,2,1.0,0.28183993927596407,0.28183993927596407,0.17419195990160805,0.16710223854015252,0.2861003882211845,0.33132550500292385,0.43861270318741125,0.4560318991775721,-0.14927864610911,-0.2375104344030774,0.2805268625898551,165.66275078683972,0.20769999991898658,0.20769999991898658,0.21165999978620675,0.10764797937435601,0.4560318991775721
10G_phase_gaussian_px0.25_py0.375,10G_phase,gaussian,phase_grid,0.25,PSF-Aware Fitting,15.0,10.0,2,2,1.0,0.21547815812599236,0.21547815812599236,0.02633609040392651,0.16073810073485573,0.14590301319467439,0.21708161204287654,0.23918063948952623,0.24181424852991887,0.0042620942010103136,-0.14158214723119045,0.14164628431968407,108.54080381248586,3.191700000115816,3.191700000115816,3.3748500003184745,0.18914206772206585,0.24181424852991887
10G_phase_gaussian_px0.25_py0.5,10G_phase,gaussian,phase_grid,0.25,Gaussian Fitting,15.0,10.0,2,2,1.0,0.10256251161772541,0.10256251161772541,0.032063159384960835,0.04796982682377834,0.09615617865523868,0.10745750313068632,0.13141935506419017,0.13462567100268624,0.02799546198019698,-0.05604385531864864,0.06264710376755078,53.72874929835815,4.879350000010163,4.879350000010163,4.939154999874518,0.07049935223276457,0.13462567100268624
10G_phase_gaussian_px0.25_py0.5,10G_phase,gaussian,phase_grid,0.25,Intensity-Weighted Centroid,15.0,10.0,2,2,1.0,0.15969032371299868,0.15969032371299868,0.0989520336500664,0.1828599652796881,0.043066664010083716,0.1878629938307334,0.2487471539980584,0.25864235736306507,-0.11001418142438979,-0.042606877960395195,0.11797654921216573,93.9314961585887,0.20389999986036855,0.20389999986036855,0.20713999977033382,0.06073829006293228,0.25864235736306507
10G_phase_gaussian_px0.25_py0.5,10G_phase,gaussian,phase_grid,0.25,PSF-Aware Fitting,15.0,10.0,2,2,1.0,0.09136058202050451,0.09136058202050451,0.028887457137334375,0.04140976869933807,0.08640875061736503,0.09581879318268761,0.11735929344410544,0.12024803915783888,0.02092512441862482,-0.04650720872803049,0.05099785579421476,47.90939448913531,3.020950000063749,3.020950000063749,3.0299049999030103,0.06247312488317013,0.12024803915783888
10G_phase_gaussian_px0.25_py0.625,10G_phase,gaussian,phase_grid,0.25,Gaussian Fitting,15.0,10.0,2,2,1.0,0.2884862140669378,0.2884862140669378,0.0855585032363101,0.2596719343866972,0.15203631038203852,0.3009062199136348,0.36548886697961686,0.3740447173032479,-0.2530150647548908,0.07480620284127326,0.2638419810728598,150.453104398059,5.585900000141919,5.585900000141919,5.686610000225301,0.2029277108306277,0.3740447173032479
10G_phase_gaussian_px0.25_py0.625,10G_phase,gaussian,phase_grid,0.25,Intensity-Weighted Centroid,15.0,10.0,2,2,1.0,0.6555322801224837,0.6555322801224837,0.3929876509437335,0.7031251570440212,0.2996278985820191,0.7643048240570356,1.0092211659718437,1.0485199310662172,-0.4526179734963307,-0.04757802217289964,0.4551117424609148,382.15239565143884,0.2795499999592721,0.2795499999592721,0.3455650000432797,0.26254462917875016,1.0485199310662172
10G_phase_gaussian_px0.25_py0.625,10G_phase,gaussian,phase_grid,0.25,PSF-Aware Fitting,15.0,10.0,2,2,1.0,0.2980945494962204,0.2980945494962204,0.08559822965210467,0.2698653236771141,0.15284019247428174,0.3101409636905919,0.3751329561831146,0.38369277914832506,-0.2635353169173982,0.0774270615088426,0.2746740124523024,155.07047634532972,3.9773500000137574,3.9773500000137574,4.24217499983115,0.2124963198441157,0.38369277914832506
10G_phase_gaussian_px0.25_py0.75,10G_phase,gaussian,phase_grid,0.25,Gaussian Fitting,15.0,10.0,2,2,1.0,0.2269114172599599,0.2269114172599599,0.00758696892374508,0.189770439004154,0.12463359844176913,0.22703822008722122,0.23373968929133046,0.23449838618370497,-0.1897640935199547,-0.12356096218633184,0.22644584908066265,113.51910546887072,4.296249999924839,4.296249999924839,4.350834999945619,0.2193244483362148,0.23449838618370497
10G_phase_gaussian_px0.25_py0.75,10G_phase,gaussian,phase_grid,0.25,Intensity-Weighted Centroid,15.0,10.0,2,2,1.0,0.7813909315972751,0.7813909315972751,0.4321452432957397,0.447941937133426,0.7724437327357545,0.8929284961773768,1.1703216505634408,1.213536174893015,-0.43703314131050774,0.5869812833123547,0.7318093970172486,446.4640998166817,0.19610000003922323,0.19610000003922323,0.1989800000728792,0.34924568830153546,1.213536174893015
10G_phase_gaussian_px0.25_py0.75,10G_phase,gaussian,phase_grid,0.25,PSF-Aware Fitting,15.0,10.0,2,2,1.0,0.22008105639885567,0.22008105639885567,0.003199350564372719,0.1863960296141136,0.11705736787474988,0.22010430988435925,0.22296047190679114,0.2232804069632284,-0.186297505984669,-0.11598563787435978,0.21945256646763076,110.05215068668383,3.650800000059462,3.650800000059462,3.7795899999082394,0.21688170583448296,0.2232804069632284
10G_phase_gaussian_px0.25_py0.875,10G_phase,gaussian,phase_grid,0.25,Gaussian Fitting,15.0,10.0,2,2,1.0,0.13003696235964562,0.13003696235964562,0.02854102992275217,0.05944716426622753,0.11912277964134102,0.13313227245403472,0.15572388929012257,0.1585779922823978,-0.04068911330205083,-0.10774070423576632,0.11516797858140083,66.56612749332889,4.9023500000657805,4.9023500000657805,5.502424999804134,0.10149593243689346,0.1585779922823978
10G_phase_gaussian_px0.25_py0.875,10G_phase,gaussian,phase_grid,0.25,Intensity-Weighted Centroid,15.0,10.0,2,2,1.0,0.5489922558711537,0.5489922558711537,0.23036489025480333,0.5147037890571411,0.2992331686140893,0.5953658368336278,0.7563206571004767,0.7793571461259571,-0.17144503009762957,0.18236375627054713,0.2502996962568685,297.68289246422864,0.20545000006677583,0.20545000006677583,0.20738500006700633,0.3186273656163504,0.7793571461259571
10G_phase_gaussian_px0.25_py0.875,10G_phase,gaussian,phase_grid,0.25,PSF-Aware Fitting,15.0,10.0,2,2,1.0,0.11362699574181243,0.11362699574181243,0.0025500760849068646,0.06716471107576763,0.09168696000772045,0.1136556072059301,0.1159220642182286,0.11617707182671928,-0.05475310225102703,-0.08934372416666747,0.10478646503285137,56.827797078443716,3.6417500000425207,3.6417500000425207,3.7421449999783363,0.11107691965690555,0.11617707182671928
10G_phase_gaussian_px0.375_py0,10G_phase,gaussian,phase_grid,0.375,Gaussian Fitting,15.0,10.0,2,2,1.0,0.32069390557783817,0.32069390557783817,0.02763282634903272,0.1941626841401928,0.25672749415339,0.32188220542118073,0.34556344929196764,0.3483267319268709,-0.15002675530752185,0.2539108781123218,0.29492161896319735,160.9411011679244,5.040900000039983,5.040900000039983,5.767470000364483,0.2930610792288055,0.3483267319268709
10G_phase_gaussian_px0.375_py0,10G_phase,gaussian,phase_grid,0.375,Intensity-Weighted Centroid,15.0,10.0,2,2,1.0,0.7514675546482883,0.7514675546482883,0.22713665122985777,0.7622658964057172,0.18773717585438607,0.7850442943050998,0.9558905407551602,0.978604205878146,-0.2618962323969072,0.11085372408041394,0.28439090120148247,392.5221337485825,0.20620000009330397,0.20620000009330397,0.21493000006103102,0.5243309034184305,0.978604205878146
10G_phase_gaussian_px0.375_py0,10G_phase,gaussian,phase_grid,0.375,PSF-Aware Fitting,15.0,10.0,2,2,1.0,0.32468935253807474,0.32468935253807474,0.0250111246300688,0.19336756423327356,0.2620261763819521,0.325651242906971,0.3471993647051367,0.34970047716814356,-0.13845002722536037,0.2588249561514999,0.29352813828580193,162.82561988869415,3.0496500000936066,3.0496500000936066,3.0722849999392565,0.29967822790800597,0.34970047716814356
10G_phase_gaussian_px0.375_py0.125,10G_phase,gaussian,phase_grid,0.375,Gaussian Fitting,15.0,10.0,2,2,1.0,0.14989255307337992,0.14989255307337992,0.06160867595800101,0.07698812724384209,0.14260517060625807,0.1620598852898335,0.20534036143558082,0.21150122903138094,0.07059162088307858,0.05344272910417658,0.08853983415956174,81.02994114088396,5.073000000038519,5.073000000038519,5.425709999894934,0.08828387711537893,0.21150122903138094
10G_phase_gaussian_px0.375_py0.125,10G_phase,gaussian,phase_grid,0.375,Intensity-Weighted Centroid,15.0,10.0,2,2,1.0,0.6073948319342133,0.6073948319342133,0.028101887720358654,0.5493136980362768,0.26071566716165906,0.6080445690521699,0.6326865308825361,0.635496719654572,-0.5490967978823846,0.10755725535085503,0.5595318191339054,304.02228112364963,0.22910000006959308,0.22910000006959308,0.25142000017694954,0.5792929442138547,0.635496719654572
10G_phase_gaussian_px0.375_py0.125,10G_phase,gaussian,phase_grid,0.375,PSF-Aware Fitting,15.0,10.0,2,2,1.0,0.16620491993221848,0.16620491993221848,0.07779790733605388,0.11769431892435996,0.14079998966077883,0.1835118246749903,0.23622303653466695,0.24400282726827235,0.10539155606483064,0.0576845648699873,0.12014528336146248,91.75590980922208,3.103050000163421,3.103050000163421,3.1932750002169996,0.0884070125961646,0.24400282726827235
10G_phase_gaussian_px0.375_py0.25,10G_phase,gaussian,phase_grid,0.375,Gaussian Fitting,15.0,10.0,2,2,1.0,0.13299380936984256,0.13299380936984256,0.10046546271419449,0.15473885570601922,0.06193988265948677,0.16667532069589436,0.2234127258126176,0.23345927208403705,-0.09777552551139479,0.030241413810813356,0.1023454761985417,83.33765875030329,4.730899999913163,4.730899999913163,5.178559999990284,0.03252834665564809,0.23345927208403705
10G_phase_gaussian_px0.375_py0.25,10G_phase,gaussian,phase_grid,0.375,Intensity-Weighted Centroid,15.0,10.0,2,2,1.0,0.2540433858030687,0.2540433858030687,0.07913558280293596,0.17050927748108743,0.20427204563700013,0.2660836002760169,0.32526541032571105,0.33317896860600466,-0.17015917868081942,-0.10365771499323273,0.19924624956808923,133.04179851750695,0.18729999965216848,0.18729999965216848,0.18945999972856953,0.17490780300013273,0.33317896860600466
10G_phase_gaussian_px0.375_py0.25,10G_phase,gaussian,phase_grid,0.375,PSF-Aware Fitting,15.0,10.0,2,2,1.0,0.12401851407049938,0.12401851407049938,0.11291109632551821,0.1550954151169721,0.06383509783323908,0.16771853655957383,0.22563850076346575,0.2369296103960176,-0.10764783662222044,0.03966005244535609,0.11472129919684775,83.85926668029182,3.2799000000522938,3.2799000000522938,3.520290000233217,0.011107417744981168,0.2369296103960176
10G_phase_gaussian_px0.375_py0.375,10G_phase,gaussian,phase_grid,0.375,Gaussian Fitting,15.0,10.0,2,2,1.0,0.16178498484935552,0.16178498484935552,0.0774843702593414,0.07974437279864317,0.16068305437769076,0.17938285580621385,0.2315209180827628,0.23926935510869693,0.02801226386424105,-0.07295161208679701,0.07814489511709881,89.69142562575635,4.58834999994906,4.58834999994906,4.819604999943294,0.0843006145900141,0.23926935510869693
10G_phase_gaussian_px0.375_py0.375,10G_phase,gaussian,phase_grid,0.375,Intensity-Weighted Centroid,15.0,10.0,2,2,1.0,0.6321401376541438,0.6321401376541438,0.21538292913922727,0.6159984013245031,0.25794753219143146,0.6678255459309664,0.8259847738794484,0.8475230667933711,-0.5599579676452322,-0.029643447943897172,0.5607420615000995,333.91276730131455,0.20060000019839208,0.20060000019839208,0.20843000027070957,0.41675720851491654,0.8475230667933711
10G_phase_gaussian_px0.375_py0.375,10G_phase,gaussian,phase_grid,0.375,PSF-Aware Fitting,15.0,10.0,2,2,1.0,0.15697417696846222,0.15697417696846222,0.0676293476839075,0.08087693631274799,0.1505773624278917,0.17092285073411614,0.21784058988397897,0.22460352465236974,0.0201435977335791,-0.06703243831822192,0.06999365911665484,85.46142312604302,3.7120500001037726,3.7120500001037726,4.344885000045906,0.08934482928455471,0.22460352465236974
10G_phase_gaussian_px0.375_py0.5,10G_phase,gaussian,phase_grid,0.375,Gaussian Fitting,15.0,10.0,2,2,1.0,0.2088836699263458,0.2088836699263458,0.01775307416280636,0.09644533383042231,0.18613397536846163,0.20963673152415033,0.22486143667287153,0.22663674408915216,-0.09050591853161905,0.1824487460841624,0.20366361048782186,104.81835771948369,5.277400000295529,5.277400000295529,5.891560000259233,0.19113059576353944,0.22663674408915216
10G_phase_gaussian_px0.375_py0.5,10G_phase,gaussian,phase_grid,0.375,Intensity-Weighted Centroid,15.0,10.0,2,2,1.0,0.5012950143527131,0.5012950143527131,0.1851420726500956,0.21827738443733746,0.48777993185785623,0.5343915030013671,0.6679228797377991,0.6864370870028087,-0.16936442121817663,-0.3804876283112435,0.4164794622457186,267.19574720330644,0.19814999996015104,0.19814999996015104,0.2033249996657105,0.3161529417026175,0.6864370870028087
10G_phase_gaussian_px0.375_py0.5,10G_phase,gaussian,phase_grid,0.375,PSF-Aware Fitting,15.0,10.0,2,2,1.0,0.1969523958885008,0.1969523958885008,0.018031016703469238,0.08873920953813301,0.176750435643392,0.19777604457967488,0.21318031092162312,0.21498341259197004,-0.08139374477758565,0.1727904115721799,0.19100122517984558,98.88801473630085,3.028649999805566,3.028649999805566,3.0484949996889554,0.17892137918503156,0.21498341259197004
10G_phase_gaussian_px0.375_py0.625,10G_phase,gaussian,phase_grid,0.375,Gaussian Fitting,15.0,10.0,2,2,1.0,0.1347822002197676,0.1347822002197676,0.026777661999758215,0.11139554369613648,0.08046314387902684,0.1374164643638266,0.15888209601955003,0.16155986221952584,0.026207437471100548,-0.009660657238782733,0.027931309977995845,68.70822800930505,4.981999999927211,4.981999999927211,5.058589999907781,0.10800453822000941,0.16155986221952584
10G_phase_gaussian_px0.375_py0.625,10G_phase,gaussian,phase_grid,0.375,Intensity-Weighted Centroid,15.0,10.0,2,2,1.0,0.7044096114054086,0.7044096114054086,0.14129287485301728,0.481064212394234,0.5336045358484731,0.7184403782670828,0.8315731987731241,0.8457024862584258,-0.06888353277702208,0.441463695568757,0.4468054784725308,359.220132782891,0.23424999994858808,0.23424999994858808,0.2521149998983674,0.5631167365523913,0.8457024862584258
10G_phase_gaussian_px0.375_py0.625,10G_phase,gaussian,phase_grid,0.375,PSF-Aware Fitting,15.0,10.0,2,2,1.0,0.12089452405432652,0.12089452405432652,0.019714493961790557,0.09707139360612331,0.07470804348834664,0.12249141691764208,0.13863756861993803,0.14060901801611708,0.014600999669085013,-0.013362109861986937,0.019792300808658635,61.24570482105552,3.082600000197999,3.082600000197999,3.120490000173959,0.10118003009253597,0.14060901801611708
10G_phase_gaussian_px0.375_py0.75,10G_phase,gaussian,phase_grid,0.375,Gaussian Fitting,15.0,10.0,2,2,1.0,0.15551399066501936,0.15551399066501936,0.022486031471776205,0.12089250952748959,0.10037541553615242,0.15713122828995335,0.17575141898961794,0.17800002213679555,0.078999414588111,-0.09176584019729717,0.12108623758454189,78.56560784145587,4.930500000000393,4.930500000000393,5.365740000047481,0.13302795919324314,0.17800002213679555
10G_phase_gaussian_px0.375_py0.75,10G_phase,gaussian,phase_grid,0.375,Intensity-Weighted Centroid,15.0,10.0,2,2,1.0,0.4414424573243323,0.4414424573243323,0.1693152695328751,0.19314911936954382,0.43154666180183204,0.4727992212615574,0.5938261999039199,0.6107577268572074,-0.12349891709027361,0.3091690834725682,0.33292267074763493,236.39955366201352,0.22829999988971394,0.22829999988971394,0.22973999980422377,0.2721271877914572,0.6107577268572074
10G_phase_gaussian_px0.375_py0.75,10G_phase,gaussian,phase_grid,0.375,PSF-Aware Fitting,15.0,10.0,2,2,1.0,0.1554569847767992,0.1554569847767992,0.01892520054117959,0.1192410916495556,0.10152142332355334,0.15660471682365712,0.1724896652638608,0.17438218531797878,0.06057934375212426,-0.09554122882087768,0.11312817197339195,78.30235213764016,3.9625500000965985,3.9625500000965985,4.29469500011237,0.1365317842356196,0.17438218531797878
10G_phase_gaussian_px0.375_py0.875,10G_phase,gaussian,phase_grid,0.375,Gaussian Fitting,15.0,10.0,2,2,1.0,0.2588096232407558,0.2588096232407558,0.21620192720118472,0.28683214815230057,0.17734997376336156,0.33723240414813094,0.453391357721822,0.4750115504419405,-0.22289901979866045,-0.12760634876923405,0.25684110510862357,168.61619410454242,5.16555000012886,5.16555000012886,5.487165000386085,0.042607696039571076,0.4750115504419405
10G_phase_gaussian_px0.375_py0.875,10G_phase,gaussian,phase_grid,0.375,Intensity-Weighted Centroid,15.0,10.0,2,2,1.0,0.40245444389050533,0.40245444389050533,0.1579639795677804,0.39048045476946636,0.1855996031545778,0.43234499910153473,0.5446220255015077,0.5604184234582857,-0.35210872079926503,0.18423669779605234,0.3973961651522177,216.1724883468844,0.20250000011401426,0.20250000011401426,0.20601000003352965,0.24449046432272495,0.5604184234582857
10G_phase_gaussian_px0.375_py0.875,10G_phase,gaussian,phase_grid,0.375,PSF-Aware Fitting,15.0,10.0,2,2,1.0,0.2542484048303576,0.2542484048303576,0.20312980035609013,0.26141262232336154,0.19382313598100195,0.32542889722869794,0.4370652251508387,0.45737820518644773,-0.2053314151436325,-0.12300828399264674,0.23935753168785476,162.7144393352674,3.6820500001795153,3.6820500001795153,4.290765000018837,0.051118604474267464,0.45737820518644773
10G_phase_gaussian_px0.5_py0,10G_phase,gaussian,phase_grid,0.5,Gaussian Fitting,15.0,10.0,2,2,1.0,0.22994321773861265,0.22994321773861265,0.005092488444188012,0.21153518612567537,0.09029220261637826,0.22999960178778836,0.23452645733838187,0.23503570618280067,0.014722825108719917,-0.022113386027285742,0.026566208249837048,114.99979389428694,5.198199999995268,5.198199999995268,5.432379999956538,0.22485072929442465,0.23503570618280067
10G_phase_gaussian_px0.5_py0,10G_phase,gaussian,phase_grid,0.5,Intensity-Weighted Centroid,15.0,10.0,2,2,1.0,0.615628353946081,0.615628353946081,0.2911967103472933,0.6316148060156647,0.25466945462940954,0.681024077620936,0.8777053932586449,0.9068250642933743,-0.5210045404698462,0.026694017064357922,0.5216879352038226,340.5120332962221,0.2250000000003638,0.2250000000003638,0.22761000002446963,0.32443164359878773,0.9068250642933743
10G_phase_gaussian_px0.5_py0,10G_phase,gaussian,phase_grid,0.5,PSF-Aware Fitting,15.0,10.0,2,2,1.0,0.22233272175745888,0.22233272175745888,0.0063398017353104436,0.19597186762979,0.10520009195725429,0.2224230928885818,0.22803854331923828,0.22867252349276934,0.009018715535262345,-0.03164739436402897,0.03290736695541524,111.2115404477656,3.4035000001040316,3.4035000001040316,3.758640000046398,0.21599292002214845,0.22867252349276934
10G_phase_gaussian_px0.5_py0.125,10G_phase,gaussian,phase_grid,0.5,Gaussian Fitting,15.0,10.0,2,2,1.0,0.08675995781747396,0.08675995781747396,0.06494161963152417,0.10447071668462722,0.0288196737708077,0.10837298667498017,0.14520741548584573,0.15170157744899815,0.08160774356554157,0.011857414201244865,0.08246467171703938,54.186489167686865,5.166700000017954,5.166700000017954,5.185330000063004,0.021818338185949783,0.15170157744899815
10G_phase_gaussian_px0.5_py0.125,10G_phase,gaussian,phase_grid,0.5,Intensity-Weighted Centroid,15.0,10.0,2,2,1.0,0.40520287732706567,0.40520287732706567,0.09219664698462582,0.2815882999110362,0.30561024665831,0.4155593742286904,0.4881798596132289,0.4973995243116915,-0.26839754784896286,-0.04803550407842749,0.272662159720422,207.77968319790605,0.22260000014284742,0.22260000014284742,0.2234100001714978,0.31300623034243985,0.4973995243116915
10G_phase_gaussian_px0.5_py0.125,10G_phase,gaussian,phase_grid,0.5,PSF-Aware Fitting,15.0,10.0,2,2,1.0,0.1108905699388949,0.1108905699388949,0.04721212106710184,0.11118673421863876,0.04651035380236758,0.12052262392193269,0.15338147889928655,0.15810269100599675,0.10203340354519241,0.016777024347277347,0.10340350083515171,60.261307763640346,3.3609499998874526,3.3609499998874526,3.659255000070516,0.06367844887179307,0.15810269100599675
10G_phase_gaussian_px0.5_py0.25,10G_phase,gaussian,phase_grid,0.5,Gaussian Fitting,15.0,10.0,2,2,1.0,0.11290295092094181,0.11290295092094181,0.032615778909804896,0.08740325434609295,0.07855912735170913,0.11751963819102691,0.1422571519397662,0.1455187298307467,0.023135142788248686,-0.02307006210446616,0.03267204611493717,58.759816448240464,4.7338499998659245,4.7338499998659245,4.847294999717633,0.08028717201113691,0.1455187298307467
10G_phase_gaussian_px0.5_py0.25,10G_phase,gaussian,phase_grid,0.5,Intensity-Weighted Centroid,15.0,10.0,2,2,1.0,0.896024367709163,0.896024367709163,0.21579383152532156,0.8636798274130147,0.3216889817398311,0.9216434480063234,1.0902388160819525,1.1118181992344847,-0.8168770376072416,-0.2985908541321578,0.8697382323097878,460.82171384511537,0.20975000006728806,0.20975000006728806,0.21006500001021777,0.6802305361838415,1.1118181992344847
10G_phase_gaussian_px0.5_py0.25,10G_phase,gaussian,phase_grid,0.5,PSF-Aware Fitting,15.0,10.0,2,2,1.0,0.11459498101256449,0.11459498101256449,0.040073469216807635,0.09579653995734919,0.07457154645399575,0.12139972243930562,0.15066110330769136,0.15466845022937212,0.03555112804673399,-0.01989380016823361,0.040738752932912514,60.69985806720203,3.3591500000511587,3.3591500000511587,3.5023850000015955,0.07452151179575685,0.15466845022937212
10G_phase_gaussian_px0.5_py0.375,10G_phase,gaussian,phase_grid,0.5,Gaussian Fitting,15.0,10.0,2,2,1.0,0.25460446698563743,0.25460446698563743,0.05370158203364678,0.2270335607635122,0.12713401122043483,0.26020625381023615,0.30293589081591954,0.3083060490192842,-0.19999287380466058,-0.10063941311398139,0.22388711674541148,130.10312291794318,6.212049999930969,6.212049999930969,6.729684999959318,0.20090288495199066,0.3083060490192842
10G_phase_gaussian_px0.5_py0.375,10G_phase,gaussian,phase_grid,0.5,Intensity-Weighted Centroid,15.0,10.0,2,2,1.0,0.3871683059338358,0.3871683059338358,0.21758603355334438,0.19122508511248862,0.4008440419176451,0.44412045563918057,0.5829957361318457,0.6047543394871802,-0.18152230248227852,-0.3363976532063475,0.3822482536012504,222.06022447475476,0.23845000009714568,0.23845000009714568,0.2535250000846645,0.16958227238049137,0.6047543394871802
10G_phase_gaussian_px0.5_py0.375,10G_phase,gaussian,phase_grid,0.5,PSF-Aware Fitting,15.0,10.0,2,2,1.0,0.20714132373179192,0.20714132373179192,0.07806934930681306,0.20701021370614237,0.07841634217358957,0.22136474719012558,0.2774037381079237,0.285210673038605,-0.1759227673317696,-0.06028990904707143,0.18596691425781114,110.68236987394828,3.9933999998993386,3.9933999998993386,4.32837999981075,0.12907197442497886,0.285210673038605
10G_phase_gaussian_px0.5_py0.5,10G_phase,gaussian,phase_grid,0.5,Gaussian Fitting,15.0,10.0,2,2,1.0,0.14721248257946631,0.14721248257946631,0.02063516167281884,0.11003130474166015,0.09995217306952842,0.14865168994825806,0.16578412808500326,0.16784764425228516,-0.10873090450667178,0.0780983677242375,0.13387219515653428,74.32584022522128,4.3111499999213265,4.3111499999213265,4.4626649998917856,0.12657732090664747,0.16784764425228516
10G_phase_gaussian_px0.5_py0.5,10G_phase,gaussian,phase_grid,0.5,Intensity-Weighted Centroid,15.0,10.0,2,2,1.0,0.9130997604675997,0.9130997604675997,0.16824650941901975,0.23503906537710878,0.8982286447471642,0.9284708183339271,1.0645216189447175,1.0813462698866194,-0.14835037430145803,-0.8868151226332657,0.8991378622249409,464.2353996068436,0.22594999995817489,0.22594999995817489,0.22635499997250008,0.7448532510485799,1.0813462698866194
10G_phase_gaussian_px0.5_py0.5,10G_phase,gaussian,phase_grid,0.5,PSF-Aware Fitting,15.0,10.0,2,2,1.0,0.15397608862757084,0.15397608862757084,0.022750367454451734,0.118827262780301,0.10053007862574974,0.15564772753997447,0.1744514193365774,0.1767264560820226,-0.11820416969254666,0.07822184221959105,0.14174230960772075,77.82385891322463,3.3628500000304484,3.3628500000304484,3.501494999818533,0.13122572117311912,0.1767264560820226
10G_phase_gaussian_px0.5_py0.625,10G_phase,gaussian,phase_grid,0.5,Gaussian Fitting,15.0,10.0,2,2,1.0,0.2789935316712241,0.2789935316712241,0.16376928073187325,0.0798193518414596,0.31350700007723387,0.3235085285209919,0.42638588432991,0.44276281240309734,-0.04398782080346564,-0.2049222147206251,0.20959017740591704,161.75425690374294,5.160849999811035,5.160849999811035,5.401374999792097,0.11522425093935086,0.44276281240309734
10G_phase_gaussian_px0.5_py0.625,10G_phase,gaussian,phase_grid,0.5,Intensity-Weighted Centroid,15.0,10.0,2,2,1.0,0.6284011298559529,0.6284011298559529,0.03795411475761684,0.6095597065979926,0.15737045123987373,0.6295462610732212,0.662559833137808,0.6663552446135697,-0.6090196136262307,0.05592451703921597,0.6115819171521611,314.7731229840609,0.2031999999871914,0.2031999999871914,0.20562999986850627,0.590447015098336,0.6663552446135697
10G_phase_gaussian_px0.5_py0.625,10G_phase,gaussian,phase_grid,0.5,PSF-Aware Fitting,15.0,10.0,2,2,1.0,0.27090108983067107,0.27090108983067107,0.16843935219856382,0.0760412541007194,0.3098014582201107,0.31899720349952465,0.4224965068093785,0.4393404420292349,-0.023120899959792496,-0.1997996954571022,0.20113302642704284,159.49859437031188,3.287949999958073,3.287949999958073,3.536395000082848,0.10246173763210724,0.4393404420292349
10G_phase_gaussian_px0.5_py0.75,10G_phase,gaussian,phase_grid,0.5,Gaussian Fitting,15.0,10.0,2,2,1.0,0.23074777514958753,0.23074777514958753,0.040225823224487006,0.12615458717478487,0.19735164738438818,0.23422777928882024,0.2669510160516258,0.27097359837407453,0.0835993672345694,-0.197226903200999,0.21421322449437297,117.11387779784359,5.154050000101051,5.154050000101051,5.203955000092719,0.19052195192510052,0.27097359837407453
10G_phase_gaussian_px0.5_py0.75,10G_phase,gaussian,phase_grid,0.5,Intensity-Weighted Centroid,15.0,10.0,2,2,1.0,0.5366296383804914,0.5366296383804914,0.01824947254626591,0.523139755351429,0.12095126459628665,0.5369398588637222,0.5530541636721308,0.5548791109267573,-0.5224166383285365,0.114125871007559,0.5347371863221436,268.46992206750645,0.2598500000203785,0.2598500000203785,0.3143449999697623,0.5183801658342255,0.5548791109267573
10G_phase_gaussian_px0.5_py0.75,10G_phase,gaussian,phase_grid,0.5,PSF-Aware Fitting,15.0,10.0,2,2,1.0,0.226062710175561,0.226062710175561,0.034866521126196495,0.09664260001206425,0.20731674097928354,0.22873570606130383,0.2574425791891378,0.2609292313017575,0.06197567958503214,-0.2067062528304291,0.2157972655508495,114.3678415067835,4.202549999945404,4.202549999945404,4.760324999892873,0.1911961890493645,0.2609292313017575
10G_phase_gaussian_px0.5_py0.875,10G_phase,gaussian,phase_grid,0.5,Gaussian Fitting,15.0,10.0,2,2,1.0,0.21617000783909845,0.21617000783909845,0.03159868891875195,0.1485952869943759,0.16014802563128588,0.21846727313384937,0.2446088278659752,0.2477686967578504,-0.10545702472580842,-0.15791412072621824,0.18988958262304542,109.23362531573295,6.309749999900305,6.309749999900305,7.486634999645503,0.1845713189203465,0.2477686967578504
10G_phase_gaussian_px0.5_py0.875,10G_phase,gaussian,phase_grid,0.5,Intensity-Weighted Centroid,15.0,10.0,2,2,1.0,0.3785647697330289,0.3785647697330289,0.3222449818543255,0.3013867983281601,0.39537211713374104,0.49714496197116964,0.6685852534019218,0.7008097515873544,-0.18367547874140655,0.2849171345945365,0.3389903465829759,248.5724252688412,0.3005000000939617,0.3005000000939617,0.3529699999717195,0.056319787878703405,0.7008097515873544
10G_phase_gaussian_px0.5_py0.875,10G_phase,gaussian,phase_grid,0.5,PSF-Aware Fitting,15.0,10.0,2,2,1.0,0.20451139940537633,0.20451139940537633,0.038920509620997315,0.13827486543195075,0.15562705467135016,0.2081819361902072,0.2395398580642739,0.24343190902637363,-0.09491734238264371,-0.1552922534182244,0.18200270837735916,104.09095693955555,5.474249999906533,5.474249999906533,7.2489149999228175,0.165590889784379,0.24343190902637363
10G_phase_gaussian_px0.625_py0,10G_phase,gaussian,phase_grid,0.625,Gaussian Fitting,15.0,10.0,2,2,1.0,0.20297825981912987,0.20297825981912987,0.07337397436222826,0.08615011693053842,0.1978940914372273,0.21583306992421508,0.26901483674513527,0.2763522341813581,0.019249495666088023,0.17352046305768454,0.17458491968996637,107.91653261387364,4.599299999881623,4.599299999881623,4.638269999895783,0.1296042854569016,0.2763522341813581
10G_phase_gaussian_px0.625_py0,10G_phase,gaussian,phase_grid,0.625,Intensity-Weighted Centroid,15.0,10.0,2,2,1.0,0.19438552266666626,0.19438552266666626,0.08212635835987558,0.06402845126572745,0.2010741842911717,0.2110224399438309,0.26829924519055426,0.27651188102654184,0.00449179510559361,0.1815986963978844,0.18165423957805563,105.51121848265684,0.19940000015594705,0.19940000015594705,0.2039000002469038,0.11225916430679067,0.27651188102654184
10G_phase_gaussian_px0.625_py0,10G_phase,gaussian,phase_grid,0.625,PSF-Aware Fitting,15.0,10.0,2,2,1.0,0.19788277733425208,0.19788277733425208,0.0673353296636851,0.08839362092422644,0.1894154375079774,0.2090254534415231,0.25848457403156866,0.2652181069979372,0.018909546891848095,0.16686278496621298,0.1679308190009673,104.51272428566425,3.2751500000358647,3.2751500000358647,3.512075000230652,0.13054744767056697,0.2652181069979372
10G_phase_gaussian_px0.625_py0.125,10G_phase,gaussian,phase_grid,0.625,Gaussian Fitting,15.0,10.0,2,2,1.0,0.18197592387211886,0.18197592387211886,0.05046047647655809,0.13323041170183622,0.1338325593908735,0.18884251786965897,0.22739035270102112,0.23243640034867694,-0.0032609321218046716,-0.10426577034445472,0.10431675102219007,94.42125429974053,5.596550000063871,5.596550000063871,5.698835000066538,0.13151544739556076,0.23243640034867694
10G_phase_gaussian_px0.625_py0.125,10G_phase,gaussian,phase_grid,0.625,Intensity-Weighted Centroid,15.0,10.0,2,2,1.0,0.4661598551733215,0.4661598551733215,0.030842138697402627,0.2388500654133955,0.4015057837026243,0.4671790321650168,0.4939177800009838,0.4970019938707241,0.23731347021913507,-0.05224048185237962,0.24299537257243625,233.58950518223972,0.2698000000691536,0.2698000000691536,0.3262300002234042,0.4353177164759188,0.4970019938707241
10G_phase_gaussian_px0.625_py0.125,10G_phase,gaussian,phase_grid,0.625,PSF-Aware Fitting,15.0,10.0,2,2,1.0,0.1827973926987138,0.1827973926987138,0.07730582926616436,0.1306252859955823,0.14942594378001922,0.1984718569872745,0.25237263903826174,0.2601032219648782,-0.02473290566211972,-0.09504822544357694,0.0982134501097703,99.23592465346071,4.127949999656266,4.127949999656266,4.174074999718869,0.10549156343254945,0.2601032219648782
10G_phase_gaussian_px0.625_py0.25,10G_phase,gaussian,phase_grid,0.625,Gaussian Fitting,15.0,10.0,2,2,1.0,0.14431998732616078,0.14431998732616078,0.0327550461832575,0.0953491100108333,0.11317994085717022,0.14799037736383586,0.17379952889109251,0.17707503350941828,-0.09534735614920464,-0.04498628753447065,0.10542715205665637,73.99518569623629,5.6787000000895205,5.6787000000895205,5.99712000037016,0.11156494114290327,0.17707503350941828
10G_phase_gaussian_px0.625_py0.25,10G_phase,gaussian,phase_grid,0.625,Intensity-Weighted Centroid,15.0,10.0,2,2,1.0,0.3921598662181345,0.3921598662181345,0.020744957385978285,0.287624974754337,0.2673791088075846,0.3927081790963503,0.41083032786551493,0.41290482360411274,0.10073964920718481,-0.2037814408381564,0.2273221338815508,196.35407329465434,0.21765000019513536,0.21765000019513536,0.227595000205838,0.37141490883215617,0.41290482360411274
10G_phase_gaussian_px0.625_py0.25,10G_phase,gaussian,phase_grid,0.625,PSF-Aware Fitting,15.0,10.0,2,2,1.0,0.12045524895366191,0.12045524895366191,0.05040615509726632,0.060808260523801554,0.11555346348875838,0.13057659618851433,0.16582078854120158,0.17086140405092823,-0.05988504506774461,-0.05296549662330108,0.07994724795337686,65.28829639023976,3.658800000039264,3.658800000039264,3.7610399999039146,0.07004909385639559,0.17086140405092823
10G_phase_gaussian_px0.625_py0.375,10G_phase,gaussian,phase_grid,0.625,Gaussian Fitting,15.0,10.0,2,2,1.0,0.27742292323442574,0.27742292323442574,0.05448965786231544,0.06443171892669203,0.27528377130887693,0.28272354190955923,0.32646361531050966,0.3319125810967412,0.0013486638868016598,0.05642679469144696,0.056442909682530275,141.36176246904188,5.174650000071779,5.174650000071779,5.198904999974729,0.22293326537211033,0.3319125810967412
10G_phase_gaussian_px0.625_py0.375,10G_phase,gaussian,phase_grid,0.625,Intensity-Weighted Centroid,15.0,10.0,2,2,1.0,0.4729886340490659,0.4729886340490659,0.05733327581709535,0.21493264040083254,0.4252167830011495,0.476450787023718,0.5245885822844517,0.5303219098661612,0.14773213167518406,-0.42510977594179167,0.4500478911522353,238.22538413931952,0.23480000004383328,0.23480000004383328,0.24028999989695876,0.41565535823197053,0.5303219098661612
10G_phase_gaussian_px0.625_py0.375,10G_phase,gaussian,phase_grid,0.625,PSF-Aware Fitting,15.0,10.0,2,2,1.0,0.269518209161435,0.269518209161435,0.05415767551439028,0.06807849957271198,0.2663427055179797,0.2749056545193442,0.31826011712438623,0.32367588467582525,-0.003785500049161783,0.055024313138744674,0.055154374686083,137.45281908485032,3.639649999968242,3.639649999968242,3.6570649999703164,0.2153605336470447,0.32367588467582525
10G_phase_gaussian_px0.625_py0.5,10G_phase,gaussian,phase_grid,0.625,Gaussian Fitting,15.0,10.0,2,2,1.0,0.16400626615483863,0.16400626615483863,0.11036202235391719,0.05236306877481676,0.19061988444173944,0.19768113545833932,0.26333208627336413,0.27436828850875583,8.002755794223049e-05,-0.12902607225976226,0.12902609707803853,98.84056383992808,5.145150000089416,5.145150000089416,5.401694999886786,0.05364424380092144,0.27436828850875583
10G_phase_gaussian_px0.625_py0.5,10G_phase,gaussian,phase_grid,0.625,Intensity-Weighted Centroid,15.0,10.0,2,2,1.0,0.7213153848306886,0.7213153848306886,0.16692011201615392,0.22901235755450589,0.7040678577212973,0.7403770716256209,0.8715434856452271,0.8882354968468426,0.17470894273100157,-0.1368794809470728,0.2219441528279681,370.188510260043,0.21939999965070456,0.21939999965070456,0.22614999968482152,0.5543952728145347,0.8882354968468426
10G_phase_gaussian_px0.625_py0.5,10G_phase,gaussian,phase_grid,0.625,PSF-Aware Fitting,15.0,10.0,2,2,1.0,0.14469829359227654,0.14469829359227654,0.13054521153449095,0.025032078119291857,0.19326935475685567,0.194883679211733,0.26218898397331836,0.2752435051267675,-0.010067529209948134,-0.13366482661206192,0.13404342959513432,97.44183614169718,4.292500000019572,4.292500000019572,4.516780000108156,0.014153082057785586,0.2752435051267675
10G_phase_gaussian_px0.625_py0.625,10G_phase,gaussian,phase_grid,0.625,Gaussian Fitting,15.0,10.0,2,2,1.0,0.23709558353396423,0.23709558353396423,0.008576432345113821,0.16058649963972296,0.17464205408933606,0.23725064999506604,0.24481437264456668,0.24567201587907805,-0.08109440398311563,0.08798791888000324,0.11965858191626202,118.62531243256396,6.586699999843404,6.586699999843404,8.23288999995384,0.2285191511888504,0.24567201587907805
10G_phase_gaussian_px0.625_py0.625,10G_phase,gaussian,phase_grid,0.625,Intensity-Weighted Centroid,15.0,10.0,2,2,1.0,0.4539294660129911,0.4539294660129911,0.21456203429400722,0.24439901556895835,0.4385863060609006,0.5020844816116328,0.6470352968775976,0.6684915003069983,0.12187304612467642,0.4005254343524598,0.41865697526129203,251.04219219745585,0.26464999996278493,0.26464999996278493,0.32166500006951537,0.23936743171898386,0.6684915003069983
10G_phase_gaussian_px0.625_py0.625,10G_phase,gaussian,phase_grid,0.625,PSF-Aware Fitting,15.0,10.0,2,2,1.0,0.2340487861400818,0.2340487861400818,0.021001483989691885,0.1473882105252218,0.18302079669149054,0.23498914150108088,0.25295012173080444,0.25505027012977366,-0.06706456802089633,0.08449226774899898,0.10787307167777306,117.49455763618934,4.290749999881882,4.290749999881882,4.801004999785619,0.2130473021503899,0.25505027012977366
10G_phase_gaussian_px0.625_py0.75,10G_phase,gaussian,phase_grid,0.625,Gaussian Fitting,15.0,10.0,2,2,1.0,0.1294138618127168,0.1294138618127168,0.01414959661554549,0.05503731457702962,0.11797903507747765,0.13018509405328865,0.14214849876670774,0.1435634584282623,0.041083091150539985,0.0027685814898745775,0.04117627256017296,65.09253808087932,6.994949999807432,6.994949999807432,9.473414999683882,0.11526426519717131,0.1435634584282623
10G_phase_gaussian_px0.625_py0.75,10G_phase,gaussian,phase_grid,0.625,Intensity-Weighted Centroid,15.0,10.0,2,2,1.0,0.8671304800949746,0.8671304800949746,0.21717416620789853,0.8554764710680552,0.25930656649376244,0.8939126847616814,1.0625872296820833,1.0843046463028732,0.8226965529977974,-0.017934123826364612,0.8228920045254281,446.95620484306255,0.24389999998675194,0.24389999998675194,0.2677499998753774,0.6499563138870761,1.0843046463028732
10G_phase_gaussian_px0.625_py0.75,10G_phase,gaussian,phase_grid,0.625,PSF-Aware Fitting,15.0,10.0,2,2,1.0,0.14129501272985337,0.14129501272985337,0.01928995252617849,0.07852643441450619,0.11903773346689657,0.142605690246889,0.158655970003414,0.16058496525603186,0.07110170638753743,0.0029889941831129363,0.07116450475796389,71.30283553875907,4.543650000186972,4.543650000186972,5.029425000316223,0.12200506020367488,0.16058496525603186
10G_phase_gaussian_px0.625_py0.875,10G_phase,gaussian,phase_grid,0.625,Gaussian Fitting,15.0,10.0,2,2,1.0,0.10849986251256959,0.10849986251256959,0.06466229806732517,0.030686160022862813,0.12252262052227485,0.1263068998772201,0.16669593077316222,0.17316216057989475,-0.008121421639032178,0.07473895127299102,0.07517890878980264,63.1534358778051,4.591949999849021,4.591949999849021,4.9338150000039604,0.04383756444524442,0.17316216057989475
10G_phase_gaussian_px0.625_py0.875,10G_phase,gaussian,phase_grid,0.625,Intensity-Weighted Centroid,15.0,10.0,2,2,1.0,0.7203798171653795,0.7203798171653795,0.07449777816090514,0.6462690488607796,0.3268536620794087,0.7242216511056108,0.7874278175101941,0.7948775953262847,0.645759734349383,0.12242196831476804,0.657261571091029,362.1107376449151,0.20320000021456508,0.20320000021456508,0.20653000019592582,0.6458820390044744,0.7948775953262847
10G_phase_gaussian_px0.625_py0.875,10G_phase,gaussian,phase_grid,0.625,PSF-Aware Fitting,15.0,10.0,2,2,1.0,0.10997509239756925,0.10997509239756925,0.06804371256230765,0.026249172803520956,0.12663115214767154,0.12932311381619233,0.17121443370364614,0.1780188049598769,-0.011047798410743326,0.07712805882584917,0.07791528289089421,64.66154227102372,3.6636499999076477,3.6636499999076477,3.802204999828973,0.041931379835261594,0.1780188049598769
10G_phase_gaussian_px0.75_py0,10G_phase,gaussian,phase_grid,0.75,Gaussian Fitting,15.0,10.0,2,2,1.0,0.17281133112021124,0.17281133112021124,0.0004315653230901467,0.13994683361945273,0.10138454602184989,0.17281186999788928,0.17319973991099238,0.1732428964433014,0.13570811483958778,0.08478333490120349,0.16001533148509356,86.4059252562284,5.1369999998769345,5.1369999998769345,5.2965699999958815,0.1723797657971211,0.1732428964433014
10G_phase_gaussian_px0.75_py0,10G_phase,gaussian,phase_grid,0.75,Intensity-Weighted Centroid,15.0,10.0,2,2,1.0,0.7567476236326524,0.7567476236326524,0.2504419077296999,0.7041884335281914,0.37350604426979495,0.797112360348877,0.9821453405893822,1.0071895313623522,0.61401181605072,-0.06015663782648062,0.6169516442351779,398.5560601104343,0.23684999996476108,0.23684999996476108,0.2685750000637199,0.5063057159029525,1.0071895313623522
10G_phase_gaussian_px0.75_py0,10G_phase,gaussian,phase_grid,0.75,PSF-Aware Fitting,15.0,10.0,2,2,1.0,0.1737439222109316,0.1737439222109316,0.003506737266559437,0.1320264455484156,0.11299674945477937,0.17377930748939854,0.1768999857508351,0.17725065947749105,0.1238025186358982,0.08653538582399278,0.15104779581410385,86.88964506597192,4.62904999994862,4.62904999994862,5.252974999984872,0.17023718494437218,0.17725065947749105
10G_phase_gaussian_px0.75_py0.125,10G_phase,gaussian,phase_grid,0.75,Gaussian Fitting,15.0,10.0,2,2,1.0,0.13502293923598424,0.13502293923598424,0.006149882356427577,0.08325856920623173,0.10647547053971311,0.1351629208508095,0.14055783335676905,0.14117282159241182,0.04522327070264964,0.09845395481738706,0.10834355279493663,67.5814558786583,5.276749999893582,5.276749999893582,5.706004999797187,0.12887305687955666,0.14117282159241182
10G_phase_gaussian_px0.75_py0.125,10G_phase,gaussian,phase_grid,0.75,Intensity-Weighted Centroid,15.0,10.0,2,2,1.0,0.7640361718429813,0.7640361718429813,0.36663632632168164,0.492139162265173,0.6899076116612065,0.8474511594558924,1.0940088655324949,1.130672498164663,0.09433580149141108,-0.5274804464663703,0.5358496662753353,423.72553436240554,0.21519999995689432,0.21519999995689432,0.23454999975456303,0.3973998455212998,1.130672498164663
10G_phase_gaussian_px0.75_py0.125,10G_phase,gaussian,phase_grid,0.75,PSF-Aware Fitting,15.0,10.0,2,2,1.0,0.1417157552819542,0.1417157552819542,0.017856606392618907,0.0833202108742226,0.11601705110401113,0.1428363178151679,0.15778670103531123,0.15957236167457312,0.03382765280110789,0.10542198886514598,0.11071633045903963,71.41815458013832,2.980100000058883,2.980100000058883,2.9810899998210516,0.1238591488893353,0.15957236167457312
10G_phase_gaussian_px0.75_py0.25,10G_phase,gaussian,phase_grid,0.75,Gaussian Fitting,15.0,10.0,2,2,1.0,0.1827467531255885,0.1827467531255885,0.10460183475337939,0.15039635258066736,0.1473731886814887,0.21056571328618076,0.27688840440362994,0.2873485878789679,0.0629955617654332,-0.11654330027749893,0.13247936307860855,105.2828469201336,4.40100000014354,4.40100000014354,4.539960000283827,0.07814491837220912,0.2873485878789679
10G_phase_gaussian_px0.75_py0.25,10G_phase,gaussian,phase_grid,0.75,Intensity-Weighted Centroid,15.0,10.0,2,2,1.0,0.8078470135665463,0.8078470135665463,0.39779225032305443,0.26962025401208634,0.8591626099708513,0.9004751366614556,1.1658600388572953,1.2056392638896007,0.2551116234959636,-0.7097880739808602,0.7542420370200837,450.2375362410581,0.19975000009253563,0.19975000009253563,0.20159500002137065,0.41005476324349177,1.2056392638896007
10G_phase_gaussian_px0.75_py0.25,10G_phase,gaussian,phase_grid,0.75,PSF-Aware Fitting,15.0,10.0,2,2,1.0,0.173283551042564,0.173283551042564,0.09516489439007687,0.14396649734960396,0.1354887221398218,0.19769558969839301,0.25893195599363317,0.26844844543264085,0.0588423579494588,-0.10918699627347905,0.1240331538108943,98.84778547275026,3.589350000311242,3.589350000311242,3.640425000412506,0.0781186566524871,0.26844844543264085
10G_phase_gaussian_px0.75_py0.375,10G_phase,gaussian,phase_grid,0.75,Gaussian Fitting,15.0,10.0,2,2,1.0,0.205356887011983,0.205356887011983,0.1681070877579401,0.07915150165150743,0.2533110415754109,0.26538923112611057,0.35665326599412905,0.3734639747699231,0.054440498157589445,-0.1595896139693309,0.16861972816526113,132.69461211830549,4.983749999837528,4.983749999837528,5.040494999934708,0.037249799254042926,0.3734639747699231
10G_phase_gaussian_px0.75_py0.375,10G_phase,gaussian,phase_grid,0.75,Intensity-Weighted Centroid,15.0,10.0,2,2,1.0,0.5724825883837237,0.5724825883837237,0.32587160449369484,0.6211912469226536,0.21920321932969392,0.6587325835404099,0.865767032428049,0.8983541928774185,0.4947322223347328,-0.21917955660194366,0.5411096467893435,329.36618470396684,0.19470000006549526,0.19470000006549526,0.20550000003822788,0.2466109838900288,0.8983541928774185
10G_phase_gaussian_px0.75_py0.375,10G_phase,gaussian,phase_grid,0.75,PSF-Aware Fitting,15.0,10.0,2,2,1.0,0.17062606624789156,0.17062606624789156,0.1680255876620938,0.06595920412168686,0.23020694165045394,0.23946994089534882,0.32184909514377597,0.33865165390998536,0.04532377612486016,-0.16285095246564651,0.16904046084054758,119.73496751481265,3.694900000027701,3.694900000027701,3.727839999964999,0.0026004785857977595,0.33865165390998536
10G_phase_gaussian_px0.75_py0.5,10G_phase,gaussian,phase_grid,0.75,Gaussian Fitting,15.0,10.0,2,2,1.0,0.19173252158665322,0.19173252158665322,0.0020632049911512296,0.12205549395401022,0.1478785753395485,0.19174362218549004,0.19358940607868932,0.19379572657780444,0.11973779621524727,-0.146944158600661,0.18955137981386552,95.87180203752912,4.5872000000599655,4.5872000000599655,4.921010000271053,0.18966931659550199,0.19379572657780444
10G_phase_gaussian_px0.75_py0.5,10G_phase,gaussian,phase_grid,0.75,Intensity-Weighted Centroid,15.0,10.0,2,2,1.0,0.49762866422531404,0.49762866422531404,0.09519381240011174,0.2786780385391215,0.4231249227047798,0.5066519015832645,0.5833030953854146,0.5928224766254258,0.17224741643849484,-0.2485187270771121,0.3023751480822529,253.32593013267737,0.19199999974262028,0.19199999974262028,0.19244999969032506,0.4024348518252023,0.5928224766254258
10G_phase_gaussian_px0.75_py0.5,10G_phase,gaussian,phase_grid,0.75,PSF-Aware Fitting,15.0,10.0,2,2,1.0,0.1757362936792031,0.1757362936792031,0.012869912804636646,0.10800661324880849,0.1392244628871822,0.1762069225986938,0.18731921520337608,0.18860620648383974,0.10130637199296189,-0.13878609083241145,0.17182712246592136,88.10345325621307,3.2593500000075437,3.2593500000075437,3.4893450000254234,0.16286638087456645,0.18860620648383974
10G_phase_gaussian_px0.75_py0.625,10G_phase,gaussian,phase_grid,0.75,Gaussian Fitting,15.0,10.0,2,2,1.0,0.13679448552632098,0.13679448552632098,0.011019151894440665,0.1306815146698287,0.041910555979167576,0.13723757859596472,0.14671172223131757,0.14781363742076165,-0.012440439941201475,-0.04182646069500606,0.043637339059588956,68.61878030568737,5.172800000082134,5.172800000082134,5.506790000231376,0.12577533363188032,0.14781363742076165
10G_phase_gaussian_px0.75_py0.625,10G_phase,gaussian,phase_grid,0.75,Intensity-Weighted Centroid,15.0,10.0,2,2,1.0,0.3766070948629782,0.3766070948629782,0.3160926114994081,0.36116238301061176,0.33363029844986225,0.49167819043114774,0.6610904452124455,0.6926997063623863,0.2791030454300767,-0.21816349459658113,0.3542510696426137,245.83905634328545,0.20855000002484303,0.20855000002484303,0.22515499999826716,0.06051448336357015,0.6926997063623863
10G_phase_gaussian_px0.75_py0.625,10G_phase,gaussian,phase_grid,0.75,PSF-Aware Fitting,15.0,10.0,2,2,1.0,0.1370878290230231,0.1370878290230231,0.015561347871984627,0.12995777593362476,0.04632715065946014,0.13796821523031505,0.15109304210780927,0.15264917689500773,-0.018767921776031926,-0.045923609660462716,0.049610611889370985,68.98409884872412,3.268900000193753,3.268900000193753,3.470500000298671,0.12152648115103848,0.15264917689500773
10G_phase_gaussian_px0.75_py0.75,10G_phase,gaussian,phase_grid,0.75,Gaussian Fitting,15.0,10.0,2,2,1.0,0.15219461609430548,0.15219461609430548,0.11609303596493734,0.18363450839731243,0.05402926515627114,0.19141785226997315,0.25667834846274906,0.2682876520592428,-0.12000093858159744,-0.01963729318561036,0.12159707457057485,95.70891651327274,5.2752999999938766,5.2752999999938766,5.678590000070471,0.03610158012936816,0.2682876520592428
10G_phase_gaussian_px0.75_py0.75,10G_phase,gaussian,phase_grid,0.75,Intensity-Weighted Centroid,15.0,10.0,2,2,1.0,0.7055225401938605,0.7055225401938605,0.0784246839912997,0.5226977043161223,0.4803119774515189,0.7098679354504842,0.7761047557860303,0.7839472241851603,0.025654124185393812,0.45606180567205,0.45678277625209374,354.93388975327565,0.1990499999919848,0.1990499999919848,0.1994549998016737,0.6270978562025609,0.7839472241851603
10G_phase_gaussian_px0.75_py0.75,10G_phase,gaussian,phase_grid,0.75,PSF-Aware Fitting,15.0,10.0,2,2,1.0,0.1587664127528639,0.1587664127528639,0.10516328542141891,0.18141317480622843,0.0579253867122557,0.19043657846915746,0.2534133696321409,0.2639296981742828,-0.11618422558291286,-0.008889315686928967,0.11652379245322847,95.21827952182393,3.265550000151052,3.265550000151052,3.4933850002971667,0.05360312733144498,0.2639296981742828
10G_phase_gaussian_px0.75_py0.875,10G_phase,gaussian,phase_grid,0.75,Gaussian Fitting,15.0,10.0,2,2,1.0,0.10842717718528688,0.10842717718528688,0.006247388792944106,0.05201597124144003,0.0953405546182184,0.10860700999060695,0.11404982709893657,0.11467456597823099,-0.04881512815165934,0.09531755929128849,0.10709040034340717,54.30349446588902,5.641250000053333,5.641250000053333,5.782955000017864,0.10217978839234278,0.11467456597823099
10G_phase_gaussian_px0.75_py0.875,10G_phase,gaussian,phase_grid,0.75,Intensity-Weighted Centroid,15.0,10.0,2,2,1.0,0.19464353182186084,0.19464353182186084,0.09427160510687127,0.20322621945163608,0.07397529139455339,0.2162712186341808,0.27948797641804496,0.2889151369287321,0.14619646501904526,-0.03516056181933891,0.15036512724537054,108.13558790620236,0.20744999983435264,0.20744999983435264,0.2099249998536834,0.10037192671498957,0.2889151369287321
10G_phase_gaussian_px0.75_py0.875,10G_phase,gaussian,phase_grid,0.75,PSF-Aware Fitting,15.0,10.0,2,2,1.0,0.12689325390941947,0.12689325390941947,0.008863971842770137,0.04311170092456165,0.11967392835509731,0.12720246807570135,0.13487082856791258,0.1357572257521896,-0.035308079719072794,0.11847954472625588,0.12362873052809879,63.601220723851185,3.424350000159393,3.424350000159393,3.7578450002229147,0.11802928206664932,0.1357572257521896
10G_phase_gaussian_px0.875_py0,10G_phase,gaussian,phase_grid,0.875,Gaussian Fitting,15.0,10.0,2,2,1.0,0.20970326308550774,0.20970326308550774,0.1505281248212007,0.19709913860544445,0.1666916448772657,0.2581359620643677,0.34517857542458835,0.36023138790670844,0.10732831190568959,-0.12362349268079242,0.16371357451086005,129.06796168225804,4.909949999955643,4.909949999955643,4.9380749998590545,0.05917513826430703,0.36023138790670844
10G_phase_gaussian_px0.875_py0,10G_phase,gaussian,phase_grid,0.875,Intensity-Weighted Centroid,15.0,10.0,2,2,1.0,0.4147220341171478,0.4147220341171478,0.07580768876195887,0.32438604543324995,0.2692858421563826,0.42159360912814453,0.48294895400291077,0.4905297228791067,0.323333112091575,-0.09069130771860046,0.3358112783551691,210.796769885008,0.2265499999793974,0.2265499999793974,0.2530549998255083,0.33891434535518894,0.4905297228791067
10G_phase_gaussian_px0.875_py0,10G_phase,gaussian,phase_grid,0.875,PSF-Aware Fitting,15.0,10.0,2,2,1.0,0.20933775318690587,0.20933775318690587,0.1463740951732857,0.19763873327937398,0.16182274795239535,0.2554362359712107,0.341074438842863,0.35571184836019154,0.10468465957279705,-0.11501915642145377,0.1555258315964755,127.71809840699429,3.080400000044392,3.080400000044392,3.1561800002009477,0.06296365801362018,0.35571184836019154
10G_phase_gaussian_px0.875_py0.125,10G_phase,gaussian,phase_grid,0.875,Gaussian Fitting,15.0,10.0,2,2,1.0,0.24204084548940635,0.24204084548940635,0.08833034574735908,0.14393460966941754,0.21370271173849692,0.25765484832440994,0.3215381566620295,0.33037119123676545,0.006473099819970685,-0.1816480473639217,0.18176334650419718,128.82741605483608,5.241699999942284,5.241699999942284,5.331159999900592,0.15371049974204729,0.33037119123676545
10G_phase_gaussian_px0.875_py0.125,10G_phase,gaussian,phase_grid,0.875,Intensity-Weighted Centroid,15.0,10.0,2,2,1.0,0.5040811371607802,0.5040811371607802,0.22316780043699425,0.3776934905476459,0.4015585725534031,0.5512727636961502,0.704932157554075,0.7272489375977744,-0.3477334789394604,-0.3647960834542232,0.503978923050241,275.6363661710308,0.19110000016553386,0.19110000016553386,0.19353000004684873,0.28091333672378593,0.7272489375977744
10G_phase_gaussian_px0.875_py0.125,10G_phase,gaussian,phase_grid,0.875,PSF-Aware Fitting,15.0,10.0,2,2,1.0,0.23891466819500834,0.23891466819500834,0.09201399524418694,0.14190905097602025,0.2130929732548999,0.2560210811623297,0.3217272639147766,0.3309286634391953,0.00733775361015887,-0.17740013383553332,0.17755182373861592,128.0105326234681,3.5914499999307736,3.5914499999307736,4.148324999778197,0.1469006729508214,0.3309286634391953
10G_phase_gaussian_px0.875_py0.25,10G_phase,gaussian,phase_grid,0.875,Gaussian Fitting,15.0,10.0,2,2,1.0,0.19806698954593752,0.19806698954593752,0.02399616367379817,0.12187917602689438,0.15796143412192587,0.19951528317111508,0.21966353685235587,0.2220631532197357,-0.07425636570292227,0.09393624375286436,0.11974149547171889,99.75763366855531,5.045200000040495,5.045200000040495,5.569900000045891,0.17407082587213935,0.2220631532197357
10G_phase_gaussian_px0.875_py0.25,10G_phase,gaussian,phase_grid,0.875,Intensity-Weighted Centroid,15.0,10.0,2,2,1.0,0.8017461221425761,0.8017461221425761,0.150831404029738,0.5351412633028292,0.615768450899275,0.8158106133240979,0.9374943857693404,0.9525775261723142,0.5350906853543052,0.5820381508633545,0.7906266189633214,407.9052242977276,0.23579999992762168,0.23579999992762168,0.23975999999947817,0.6509147181128382,0.9525775261723142
10G_phase_gaussian_px0.875_py0.25,10G_phase,gaussian,phase_grid,0.875,PSF-Aware Fitting,15.0,10.0,2,2,1.0,0.20642231831578634,0.20642231831578634,0.04273029470570526,0.11601211261964639,0.17600352641361114,0.21079860432294195,0.24487958355092104,0.24915261302149158,-0.062475190594454943,0.1065731924610418,0.12353539893954174,105.39929441837141,2.9873000000861794,2.9873000000861794,2.996929999949316,0.16369202361008106,0.24915261302149158
10G_phase_gaussian_px0.875_py0.375,10G_phase,gaussian,phase_grid,0.875,Gaussian Fitting,15.0,10.0,2,2,1.0,0.19170942611827718,0.19170942611827718,0.0413854243121088,0.08983678066958602,0.1743405008797932,0.19612561639952203,0.2289563079991751,0.233094850430386,0.026963865935101694,-0.17121904277684052,0.17332919741227582,98.06280228573515,5.416149999973641,5.416149999973641,5.486844999882123,0.1503240018061684,0.233094850430386
10G_phase_gaussian_px0.875_py0.375,10G_phase,gaussian,phase_grid,0.875,Intensity-Weighted Centroid,15.0,10.0,2,2,1.0,0.9736269827330754,0.9736269827330754,0.13735387998784787,0.390032442635869,0.9026019518841769,0.9832678118669543,1.0972454747221385,1.1109808627209232,-0.13041114203002735,-0.8975259710569503,0.9069508998216483,491.633887586427,0.1971500003037363,0.1971500003037363,0.2014250003185225,0.8362731027452275,1.1109808627209232
10G_phase_gaussian_px0.875_py0.375,10G_phase,gaussian,phase_grid,0.875,PSF-Aware Fitting,15.0,10.0,2,2,1.0,0.1972079283203179,0.1972079283203179,0.018588885897037888,0.08856240604980839,0.17718130235990928,0.19808208821416623,0.213937925627652,0.21579681421735578,0.03244383873698098,-0.17709267617397018,0.1800400472851801,99.04103823907293,3.1697000001713604,3.1697000001713604,3.3344000000624874,0.17861904242328,0.21579681421735578
10G_phase_gaussian_px0.875_py0.5,10G_phase,gaussian,phase_grid,0.875,Gaussian Fitting,15.0,10.0,2,2,1.0,0.1548290430007966,0.1548290430007966,0.011725443990314166,0.06007457742475366,0.14318017928662402,0.15527240126085678,0.16538194259207936,0.16655448699111078,0.04090457866658426,-0.14086126938610732,0.1466802023756317,77.63619516784094,5.289800000127798,5.289800000127798,5.9499499999446925,0.14310359901048245,0.16655448699111078
10G_phase_gaussian_px0.875_py0.5,10G_phase,gaussian,phase_grid,0.875,Intensity-Weighted Centroid,15.0,10.0,2,2,1.0,0.4156670553096693,0.4156670553096693,0.18788793879958085,0.33254407537014297,0.3122425601233493,0.4561589398621568,0.584766200229292,0.6035549941092502,0.3102716687272391,-0.27414954277679726,0.4140368102228503,228.0794319316192,0.2043500001036591,0.2043500001036591,0.20772500022303575,0.22777911651008845,0.6035549941092502
10G_phase_gaussian_px0.875_py0.5,10G_phase,gaussian,phase_grid,0.875,PSF-Aware Fitting,15.0,10.0,2,2,1.0,0.1584627219051227,0.1584627219051227,0.011213967091906835,0.06782141065457871,0.143653901960029,0.15885901702931005,0.16855529228783886,0.16967668899702953,0.04694827976362603,-0.14070441080599494,0.14833028076905228,79.42950247555576,3.3476000000973727,3.3476000000973727,3.641180000317945,0.14724875481321587,0.16967668899702953
10G_phase_gaussian_px0.875_py0.625,10G_phase,gaussian,phase_grid,0.875,Gaussian Fitting,15.0,10.0,2,2,1.0,0.12108368678755982,0.12108368678755982,0.064071395736013,0.06791485356499366,0.11897048214945646,0.1369905214152741,0.1787479429499715,0.18515508252357282,0.010525008255683588,0.08759656173469921,0.08822660271439209,68.49525084286891,4.594499999939217,4.594499999939217,4.842540000049667,0.0570122910515468,0.18515508252357282
10G_phase_gaussian_px0.875_py0.625,10G_phase,gaussian,phase_grid,0.875,Intensity-Weighted Centroid,15.0,10.0,2,2,1.0,0.3957490306619629,0.3957490306619629,0.20429364597724986,0.15648515341119026,0.4169719244966469,0.44536859909131576,0.5796133120414877,0.6000426766392127,-0.004018294234128916,0.3424076796493978,0.34243125700122157,222.684252680627,0.2063500000986096,0.2063500000986096,0.20855500010839023,0.191455384684713,0.6000426766392127
10G_phase_gaussian_px0.875_py0.625,10G_phase,gaussian,phase_grid,0.875,PSF-Aware Fitting,15.0,10.0,2,2,1.0,0.1186709999380609,0.1186709999380609,0.059611465214649086,0.059682089766189335,0.11863549710131907,0.13280185620440915,0.17232131863124506,0.17828246515270998,0.0006702577102259966,0.08264637965322663,0.08264909748559503,66.40091883767002,3.598650000185444,3.598650000185444,4.014765000101761,0.05905953472341181,0.17828246515270998
10G_phase_gaussian_px0.875_py0.75,10G_phase,gaussian,phase_grid,0.875,Gaussian Fitting,15.0,10.0,2,2,1.0,0.1973005144757316,0.1973005144757316,0.031467052501210374,0.13814215065206942,0.14434131293127156,0.1997940649906856,0.22562086172682094,0.22876756697694198,-0.13764191821985605,0.13150532448077001,0.19036530150748102,99.89701553854091,4.435100000137027,4.435100000137027,5.157710000185034,0.16583346197452123,0.22876756697694198
10G_phase_gaussian_px0.875_py0.75,10G_phase,gaussian,phase_grid,0.875,Intensity-Weighted Centroid,15.0,10.0,2,2,1.0,0.3002942733621547,0.3002942733621547,0.060418453822743065,0.2901092176493094,0.09830402845937221,0.306311998094158,0.35467088180262346,0.3607127271848978,0.08222012168886295,0.07623274306087069,0.11212305527908237,153.1559618389764,0.20299999982853478,0.20299999982853478,0.20425999980488996,0.23987581953941164,0.3607127271848978
10G_phase_gaussian_px0.875_py0.75,10G_phase,gaussian,phase_grid,0.875,PSF-Aware Fitting,15.0,10.0,2,2,1.0,0.20062967247707403,0.20062967247707403,0.026765996361274552,0.14726103893695902,0.13886277561203075,0.20240722328876942,0.22471906920222112,0.22739566883834858,-0.1471725229109211,0.13072996219864308,0.19685038612211112,101.2035947832726,3.339349999805563,3.339349999805563,3.5884249998161977,0.17386367611579948,0.22739566883834858
10G_phase_gaussian_px0.875_py0.875,10G_phase,gaussian,phase_grid,0.875,Gaussian Fitting,15.0,10.0,2,2,1.0,0.1275801238284186,0.1275801238284186,0.018922510547584724,0.024685099361585132,0.12659145022870522,0.12897577059858212,0.14461038332124485,0.14650263437600333,0.014162371837755927,0.12545002709629216,0.12624690916822992,64.48787108365654,4.904599999917991,4.904599999917991,4.963100000077247,0.10865761328083388,0.14650263437600333
10G_phase_gaussian_px0.875_py0.875,10G_phase,gaussian,phase_grid,0.875,Intensity-Weighted Centroid,15.0,10.0,2,2,1.0,0.5106613034462355,0.5106613034462355,0.07983353788693939,0.516809778806355,0.007484192613767981,0.5168639672186035,0.5825114875444809,0.5904948413331749,-0.07986157766356428,0.001300974413879885,0.0798721736359984,258.43194118248795,0.1979500000288681,0.1979500000288681,0.20285499992951372,0.4308277655592961,0.5904948413331749
10G_phase_gaussian_px0.875_py0.875,10G_phase,gaussian,phase_grid,0.875,PSF-Aware Fitting,15.0,10.0,2,2,1.0,0.12863555128733872,0.12863555128733872,0.019448055441603787,0.024351435082546943,0.12779804194461566,0.13009739396105227,0.14613880118478212,0.1480836067289425,0.01601674190698077,0.1266025017845891,0.1276116353606979,65.04868261774996,3.2828999999310327,3.2828999999310327,3.5033999998859144,0.10918749584573492,0.1480836067289425
10G_phase_gaussian_px0_py0,10G_phase,gaussian,phase_grid,0.0,Gaussian Fitting,15.0,10.0,2,2,1.0,0.32376600752794743,0.32376600752794743,0.1280449826939451,0.32037416904325494,0.1363097099752013,0.3481665481112159,0.439006491952498,0.45181099022189253,-0.11369278310621667,-0.06064289402360146,0.12885499418336482,174.08327217218118,4.373750000013388,4.373750000013388,4.426805000048262,0.19572102483400233,0.45181099022189253
10G_phase_gaussian_px0_py0,10G_phase,gaussian,phase_grid,0.0,Intensity-Weighted Centroid,15.0,10.0,2,2,1.0,0.12816595646852,0.12816595646852,0.0707496912231344,0.043141625966207596,0.1398957873370434,0.14639682785381458,0.19184067856934095,0.1989156476916544,-0.04078100481262936,-0.12101474220685304,0.1277014415929546,73.19841373440215,0.20870000003014866,0.20870000003014866,0.21301999997831444,0.05741626524538559,0.1989156476916544
10G_phase_gaussian_px0_py0,10G_phase,gaussian,phase_grid,0.0,PSF-Aware Fitting,15.0,10.0,2,2,1.0,0.31736489610881313,0.31736489610881313,0.12898715396961405,0.3168892574490628,0.13015130304657058,0.34257577726882366,0.43345333468146574,0.44635205007842715,-0.11357038770074723,-0.06510912118540091,0.13091000964033753,171.2878867976316,3.3166499999879306,3.3166499999879306,3.5305349999134705,0.18837774213919908,0.44635205007842715
10G_phase_gaussian_px0_py0.125,10G_phase,gaussian,phase_grid,0.0,Gaussian Fitting,15.0,10.0,2,2,1.0,0.15796061386231286,0.15796061386231286,0.008173939167095717,0.10616840237779825,0.11724606240642799,0.15817195963022676,0.165317159112699,0.16613455302940858,-0.004056021124313247,0.014800925449662827,0.015346618569813744,79.08597949914551,6.021000000146159,6.021000000146159,6.917940000357703,0.14978667469521714,0.16613455302940858
10G_phase_gaussian_px0_py0.125,10G_phase,gaussian,phase_grid,0.0,Intensity-Weighted Centroid,15.0,10.0,2,2,1.0,0.842176537042234,0.842176537042234,0.3017500674974325,0.19914255609213194,0.872156330672573,0.8946029414098494,1.1137515977899233,1.1439266045396665,0.1811937084749502,-0.8222254096626784,0.8419535523328259,447.3014446785866,0.21500000002561137,0.21500000002561137,0.23614999981873552,0.5404264695448016,1.1439266045396665
10G_phase_gaussian_px0_py0.125,10G_phase,gaussian,phase_grid,0.0,PSF-Aware Fitting,15.0,10.0,2,2,1.0,0.14818874206532048,0.14818874206532048,0.020524957445963915,0.0884304593367101,0.12066992589108182,0.14960339953711183,0.166661203766688,0.1687136995112844,0.017721878268162072,0.012550095713038445,0.021715659597580293,74.80169944036928,3.6564499998803512,3.6564499998803512,3.6897049999652154,0.12766378461935657,0.1687136995112844
10G_phase_gaussian_px0_py0.25,10G_phase,gaussian,phase_grid,0.0,Gaussian Fitting,15.0,10.0,2,2,1.0,0.21479172595819243,0.21479172595819243,0.015459649075556026,0.07799929148540045,0.20072517733810602,0.2153473619286723,0.22870541012619286,0.23025137503374846,-0.07797003602581754,0.19996621583283058,0.21462948071588273,107.67367798516293,5.3868499999225605,5.3868499999225605,5.789555000046676,0.1993320768826364,0.23025137503374846
10G_phase_gaussian_px0_py0.25,10G_phase,gaussian,phase_grid,0.0,Intensity-Weighted Centroid,15.0,10.0,2,2,1.0,0.674551900157184,0.674551900157184,0.16368688119560748,0.34074986973164906,0.6047339806551941,0.694127986095657,0.8218700932332308,0.8382387813527915,-0.33104158967654485,-0.24883557544831092,0.4141348544909809,347.06398630972615,0.2921500001775712,0.2921500001775712,0.29660500033514836,0.5108650189615765,0.8382387813527915
10G_phase_gaussian_px0_py0.25,10G_phase,gaussian,phase_grid,0.0,PSF-Aware Fitting,15.0,10.0,2,2,1.0,0.22009464193403877,0.22009464193403877,0.010512633092330345,0.06684332270108943,0.20996222772890535,0.22034556238464773,0.22955601171713608,0.2306072750263691,-0.06665507373543278,0.20974999551521023,0.22008625462147038,110.17277793829058,3.559050000149,3.559050000149,3.8983050000751973,0.2095820088417084,0.2306072750263691
10G_phase_gaussian_px0_py0.375,10G_phase,gaussian,phase_grid,0.0,Gaussian Fitting,15.0,10.0,2,2,1.0,0.19366267493286266,0.19366267493286266,0.014978442593822874,0.1425455573999096,0.13194828331674938,0.19424104974152112,0.20714327326730325,0.20864111752668554,0.04186643560910852,0.10009584947329131,0.10849874428946826,97.12052227250318,4.7141500001544046,4.7141500001544046,5.097415000204819,0.1786842323390398,0.20864111752668554
10G_phase_gaussian_px0_py0.375,10G_phase,gaussian,phase_grid,0.0,Intensity-Weighted Centroid,15.0,10.0,2,2,1.0,0.5580683707374612,0.5580683707374612,0.20379913790170928,0.5419265683868133,0.24349535827924287,0.5941164827094467,0.7414875948489995,0.7618675086391704,0.3141010893295402,0.1169575709928381,0.3351694612140977,297.0582263434548,0.22639999997409177,0.22639999997409177,0.24115999981404457,0.35426923283575185,0.7618675086391704
10G_phase_gaussian_px0_py0.375,10G_phase,gaussian,phase_grid,0.0,PSF-Aware Fitting,15.0,10.0,2,2,1.0,0.18965309773713834,0.18965309773713834,0.01763420798245631,0.13824037412998771,0.1310300031781351,0.19047115994937677,0.20552388492134901,0.20728730571959464,0.03950355782501447,0.09079292798634242,0.09901457899303225,95.23557737500688,3.3606999998028186,3.3606999998028186,3.538450000019111,0.17201888975468202,0.20728730571959464
10G_phase_gaussian_px0_py0.5,10G_phase,gaussian,phase_grid,0.0,Gaussian Fitting,15.0,10.0,2,2,1.0,0.18760392932442554,0.18760392932442554,0.09486656687303945,0.1972074125980724,0.07282950105976677,0.21022583049720825,0.27298383951016103,0.282470496197465,0.17235397435808864,0.07053486455879465,0.1862285144529596,105.1129138121619,5.162099999779457,5.162099999779457,5.852399999776026,0.09273736245138611,0.282470496197465
10G_phase_gaussian_px0_py0.5,10G_phase,gaussian,phase_grid,0.0,Intensity-Weighted Centroid,15.0,10.0,2,2,1.0,0.7736542613632089,0.7736542613632089,0.3914313486310006,0.4355237996174816,0.7497189051793265,0.8670406085164272,1.1259424751311093,1.1650856099942095,0.2464807387852943,-0.6803118955079412,0.7235862282836458,433.5202940512978,0.21250000008876668,0.21250000008876668,0.2264500003093417,0.38222291273220826,1.1650856099942095
10G_phase_gaussian_px0_py0.5,10G_phase,gaussian,phase_grid,0.0,PSF-Aware Fitting,15.0,10.0,2,2,1.0,0.18089131574755704,0.18089131574755704,0.09916015980197287,0.1971172765008349,0.06082092328901774,0.20628719156756964,0.2701354595693326,0.2800514755495299,0.16889211156296824,0.059420651285847725,0.17904010485763358,103.14359460447918,3.0479499998818937,3.0479499998818937,3.0782349998617065,0.08173115594558418,0.2800514755495299
10G_phase_gaussian_px0_py0.625,10G_phase,gaussian,phase_grid,0.0,Gaussian Fitting,15.0,10.0,2,2,1.0,0.10690248269820805,0.10690248269820805,0.00622717466676144,0.09631628722258431,0.04679841158658773,0.10708369862575269,0.11250693989829334,0.1131296573649695,-0.015122858170570908,0.017867030623904157,0.023407939306199773,53.541848197411326,4.987099999880229,4.987099999880229,5.097170000021833,0.10067530803144661,0.1131296573649695
10G_phase_gaussian_px0_py0.625,10G_phase,gaussian,phase_grid,0.0,Intensity-Weighted Centroid,15.0,10.0,2,2,1.0,0.5654807708305016,0.5654807708305016,0.08076045284794281,0.5084067223907127,0.26040997974577684,0.5712186559657021,0.6381651783936502,0.6462412236784445,-0.14526243112726434,0.23811095444727925,0.2789229293636461,285.6093123994529,0.2021000000240747,0.2021000000240747,0.2056100001482264,0.4847203179825589,0.6462412236784445
10G_phase_gaussian_px0_py0.625,10G_phase,gaussian,phase_grid,0.0,PSF-Aware Fitting,15.0,10.0,2,2,1.0,0.09510628110303797,0.09510628110303797,0.0025638167204518336,0.08481075164911883,0.0431151280426909,0.09514083172553278,0.09741371615144462,0.0976700978234898,-0.014022230339207908,0.03002346411290091,0.03313655596202556,47.570414787600626,3.9962500000001455,3.9962500000001455,4.229034999980286,0.09254246438258613,0.0976700978234898
10G_phase_gaussian_px0_py0.75,10G_phase,gaussian,phase_grid,0.0,Gaussian Fitting,15.0,10.0,2,2,1.0,0.21864877971050684,0.21864877971050684,0.07949879742762435,0.06689124675484155,0.22282932654593537,0.23265284795448388,0.2901976973953687,0.29814757713813117,0.05258160493389141,-0.21083047758440898,0.2172885534396458,116.32641345936845,5.2223999998659565,5.2223999998659565,5.578439999703733,0.13914998228288247,0.29814757713813117
10G_phase_gaussian_px0_py0.75,10G_phase,gaussian,phase_grid,0.0,Intensity-Weighted Centroid,15.0,10.0,2,2,1.0,0.4508039120183619,0.4508039120183619,0.3220394811483095,0.5213718647728748,0.18736321179085963,0.5540158792934832,0.7406394450518404,0.7728433931666714,0.32466857366074464,0.17215475269199487,0.36748733528836647,277.00792287426066,0.2043500001036591,0.2043500001036591,0.20718499979466287,0.12876443087005246,0.7728433931666714
10G_phase_gaussian_px0_py0.75,10G_phase,gaussian,phase_grid,0.0,PSF-Aware Fitting,15.0,10.0,2,2,1.0,0.20773144653691228,0.20773144653691228,0.07296643036833005,0.06875642585235339,0.20916263467700016,0.22017369016532018,0.2734012338684093,0.28069787690524234,0.061437970829501865,-0.19816930917323816,0.20747457520825335,110.086835056396,3.812650000099893,3.812650000099893,4.111045000149716,0.13476501616858225,0.28069787690524234
10G_phase_gaussian_px0_py0.875,10G_phase,gaussian,phase_grid,0.0,Gaussian Fitting,15.0,10.0,2,2,1.0,0.19030761446547573,0.19030761446547573,0.13688718200634983,0.1280938218165783,0.19633405596992687,0.23442501726816548,0.31350607827119054,0.32719479647182553,0.06810576371469779,-0.12023767427069743,0.13818644421645915,117.21249716431474,4.903149999790912,4.903149999790912,5.508264999843959,0.0534204324591259,0.32719479647182553
10G_phase_gaussian_px0_py0.875,10G_phase,gaussian,phase_grid,0.0,Intensity-Weighted Centroid,15.0,10.0,2,2,1.0,0.4490798507166276,0.4490798507166276,0.09097259533060231,0.3210406591635123,0.326927546384075,0.4582016209277899,0.5309551865141696,0.5400524460472299,0.3204116850844798,0.16896505851707389,0.3622331278863849,229.1007746770009,0.24189999999180145,0.24189999999180145,0.27483999972446327,0.3581072553860253,0.5400524460472299
10G_phase_gaussian_px0_py0.875,10G_phase,gaussian,phase_grid,0.0,PSF-Aware Fitting,15.0,10.0,2,2,1.0,0.1850407933731793,0.1850407933731793,0.13293514673160955,0.13344132133024494,0.18467610080995456,0.22784171797265357,0.3046824254316279,0.31797594010478886,0.06910331203101805,-0.11683831339388462,0.1357440945690966,113.92084834756216,3.2764999998562416,3.2764999998562416,3.5517199998366777,0.05210564664156974,0.31797594010478886
