scenario_id,snr_db,background_level,roi_size,method_a,method_b,paired_trial_count,rmse_difference,mean_error_difference,ci_lower_diff,ci_upper_diff,latency_difference_ms
11A_sig_1_snr_10_bg_10,10.0,10.0,31,Gaussian Fitting,PSF Fitting,50,-0.009547789908007642,-0.015392102262170748,-0.03647941363260315,0.02610061179233284,-11.234402004629374
11A_sig_1_snr_10_bg_100,10.0,100.0,31,Gaussian Fitting,PSF Fitting,50,-0.1059399507183218,-0.06162595969858764,-0.2330576692164326,0.0017256353780412505,-5.478121982887387
11A_sig_1_snr_10_bg_200,10.0,200.0,31,Gaussian Fitting,PSF Fitting,50,-0.49187275892184257,-0.29039593219823273,-0.8669878836213993,-0.14768859599751125,-6.659516012296081
11A_sig_1_snr_10_bg_50,10.0,50.0,31,Gaussian Fitting,PSF Fitting,50,-0.442054253010358,-0.13783365208428122,-0.9522888251823155,-0.01551526075609172,-5.754291997291148
11A_sig_1_snr_15_bg_10,15.0,10.0,31,Gaussian Fitting,PSF Fitting,50,-0.0027255316758302284,-0.0019029377804475889,-0.007306607356446582,0.0021469447209303584,-2.734199990518391
11A_sig_1_snr_15_bg_100,15.0,100.0,31,Gaussian Fitting,PSF Fitting,50,-0.004873136908446679,-0.0077873090677088586,-0.013138826337006939,0.004114915452430803,-3.2433159882202744
11A_sig_1_snr_15_bg_200,15.0,200.0,31,Gaussian Fitting,PSF Fitting,50,-0.03625194287075084,-0.018522747007509277,-0.06567317355509059,-0.0019785595558732866,-4.047242016531527
11A_sig_1_snr_15_bg_50,15.0,50.0,31,Gaussian Fitting,PSF Fitting,50,-0.0065140504884543815,-0.003908708587236437,-0.017670634494990203,0.003930022610636436,-3.464319994673133
11A_sig_1_snr_20_bg_10,20.0,10.0,31,Gaussian Fitting,PSF Fitting,50,-0.0011685379689600761,-0.001432023192068116,-0.0034507050459067243,0.0010148078537227882,-2.481081997975707
11A_sig_1_snr_20_bg_100,20.0,100.0,31,Gaussian Fitting,PSF Fitting,50,-7.909988303252125e-05,-0.0010258046509042246,-0.002504128427901905,0.002293482022316666,-2.339650015346706
11A_sig_1_snr_20_bg_200,20.0,200.0,31,Gaussian Fitting,PSF Fitting,50,-0.011995515556820158,-0.012475934383533283,-0.02426055734150424,-0.0003334814398341239,-2.7177539980039
11A_sig_1_snr_20_bg_50,20.0,50.0,31,Gaussian Fitting,PSF Fitting,50,-0.0026316064762233055,-0.0015472158450251239,-0.005421316278079189,0.00016308735099876585,-2.75388996116817
11A_sig_1_snr_5_bg_10,5.0,10.0,31,Gaussian Fitting,PSF Fitting,48,-0.28988571871793667,-0.2054752395493077,-0.5328513373346941,-0.08518736989268845,-32.967835407665305
11A_sig_1_snr_5_bg_100,5.0,100.0,31,Gaussian Fitting,PSF Fitting,50,-0.08428674665178226,-0.07729620253213332,-0.1698992228487702,-0.00630198528002738,-9.187591993249953
11A_sig_1_snr_5_bg_200,5.0,200.0,31,Gaussian Fitting,PSF Fitting,50,-1.403210050611837,-0.8611152606383641,-2.2406454774644167,-0.5859336125516246,-2.892686012201011
11A_sig_1_snr_5_bg_50,5.0,50.0,31,Gaussian Fitting,PSF Fitting,50,-0.9626571426057015,-0.513710292178526,-1.5665026596296896,-0.3270782810357823,-18.565544011071324
11A_sig_2_snr_10_bg_10,10.0,10.0,31,Gaussian Fitting,PSF Fitting,50,-0.014674927356144951,-0.011642000512307626,-0.028615679824332604,-0.0008567614669199201,-1.9235599925741553
11A_sig_2_snr_10_bg_100,10.0,100.0,31,Gaussian Fitting,PSF Fitting,50,-0.014184297644213695,-0.010603043882517427,-0.03086436561774241,0.0018138244411060403,-2.1725880075246096
11A_sig_2_snr_10_bg_200,10.0,200.0,31,Gaussian Fitting,PSF Fitting,50,-0.03596247896624871,-0.0316247474529186,-0.0806200980463576,0.008499350370804687,-3.426774013787508
11A_sig_2_snr_10_bg_50,10.0,50.0,31,Gaussian Fitting,PSF Fitting,50,-0.01882862772614463,-0.017944114045294668,-0.030744140654080012,-0.00704932379395353,-1.7678559850901365
11A_sig_2_snr_15_bg_10,15.0,10.0,31,Gaussian Fitting,PSF Fitting,50,0.0016281833851832794,0.004423279273768621,-0.0021174591846546747,0.005468512704134099,-1.4192859875038266
11A_sig_2_snr_15_bg_100,15.0,100.0,31,Gaussian Fitting,PSF Fitting,50,0.0021589243185060336,0.0029916956152175878,-0.0038782448959992282,0.007561688640674795,-1.3707699719816446
11A_sig_2_snr_15_bg_200,15.0,200.0,31,Gaussian Fitting,PSF Fitting,50,-0.05663973690253743,-0.05345864694261612,-0.07620528588080092,-0.03861915576643548,-2.776762004941702
11A_sig_2_snr_15_bg_50,15.0,50.0,31,Gaussian Fitting,PSF Fitting,50,-0.0005123117350627482,-0.0007923329484001984,-0.008736182627371395,0.005259053328556035,-1.2473339773714542
11A_sig_2_snr_20_bg_10,20.0,10.0,31,Gaussian Fitting,PSF Fitting,50,-3.504644682328362e-05,0.0001440441285651406,-0.0016330701598508955,0.0018719283612956316,-1.1234619654715061
11A_sig_2_snr_20_bg_100,20.0,100.0,31,Gaussian Fitting,PSF Fitting,50,0.0002003600465822486,0.0005566321637629212,-0.0011542401825834156,0.0013985868704001463,-1.2640240183100104
11A_sig_2_snr_20_bg_200,20.0,200.0,31,Gaussian Fitting,PSF Fitting,50,-0.0069498762155938976,-0.009329771286440247,-0.016557384261226857,0.003026390700233059,-2.028690008446574
11A_sig_2_snr_20_bg_50,20.0,50.0,31,Gaussian Fitting,PSF Fitting,50,0.00011365026616762253,0.0001872816995115434,-0.0014038932914983311,0.0015737710566508098,-1.1068700021132827
11A_sig_2_snr_5_bg_10,5.0,10.0,31,Gaussian Fitting,PSF Fitting,50,-0.08391760749269994,-0.03759083704003907,-0.16726488351025323,-0.007038710828437413,-4.179656007327139
11A_sig_2_snr_5_bg_100,5.0,100.0,31,Gaussian Fitting,PSF Fitting,50,-0.04081090708946622,-0.019091174788608778,-0.10893169891679091,0.022483331382993434,-4.2705100029706955
11A_sig_2_snr_5_bg_200,5.0,200.0,31,Gaussian Fitting,PSF Fitting,50,-0.02488709194603611,-0.06724440768087481,-0.304182213609318,0.297848421482792,-4.923843992874026
11A_sig_2_snr_5_bg_50,5.0,50.0,31,Gaussian Fitting,PSF Fitting,50,-0.029273109529803998,-0.024174771287893693,-0.07042612336930514,0.00940939647835937,-3.9078340120613575
11A_sig_3_snr_10_bg_10,10.0,10.0,31,Gaussian Fitting,PSF Fitting,50,-0.00840293447562146,-0.0070465548063131656,-0.01863823926848798,0.0011447363264054295,-1.948455972597003
11A_sig_3_snr_10_bg_100,10.0,100.0,31,Gaussian Fitting,PSF Fitting,50,-0.008247687916477786,-0.006847610976416896,-0.01497759160454544,-0.0016255228783337587,-1.8011640291661024
11A_sig_3_snr_10_bg_200,10.0,200.0,31,Gaussian Fitting,PSF Fitting,50,-0.04912241372290238,-0.04884815284774696,-0.08527566058480948,-0.013980705294325175,-3.3336659893393517
11A_sig_3_snr_10_bg_50,10.0,50.0,31,Gaussian Fitting,PSF Fitting,50,0.0034969767984674993,0.004129241404487061,-0.00536434908475988,0.013210590261490423,-1.876790001988411
11A_sig_3_snr_15_bg_10,15.0,10.0,31,Gaussian Fitting,PSF Fitting,50,-0.0025956610651855783,-0.0027521386472451337,-0.00522048316085653,0.00021311546830274933,-1.3992300163954496
11A_sig_3_snr_15_bg_100,15.0,100.0,31,Gaussian Fitting,PSF Fitting,50,-0.0005916930418227717,0.0003083477242115107,-0.003336736621260705,0.002112753957632909,-1.4272579923272133
11A_sig_3_snr_15_bg_200,15.0,200.0,31,Gaussian Fitting,PSF Fitting,50,-0.03897438255406588,-0.03614488253348311,-0.05450957693405462,-0.02268720861956903,-3.132498012855649
11A_sig_3_snr_15_bg_50,15.0,50.0,31,Gaussian Fitting,PSF Fitting,50,-0.004453410406525832,-0.003404001107789517,-0.010755442328988316,0.0010126387755188299,-1.478126016445458
11A_sig_3_snr_20_bg_10,20.0,10.0,31,Gaussian Fitting,PSF Fitting,50,-5.26780760340545e-05,0.00027213573520865064,-0.000918817773156963,0.0007999764460093973,-1.3740400085225701
11A_sig_3_snr_20_bg_100,20.0,100.0,31,Gaussian Fitting,PSF Fitting,50,-0.0001418518866455748,-0.00018449463892043771,-0.000988230905657269,0.0007090347428343598,-1.2262199958786368
11A_sig_3_snr_20_bg_200,20.0,200.0,31,Gaussian Fitting,PSF Fitting,50,-0.00777541352900632,-0.007426394147889925,-0.01926823420757749,0.004398577138052484,-2.963370019569993
11A_sig_3_snr_20_bg_50,20.0,50.0,31,Gaussian Fitting,PSF Fitting,50,-0.00024940439438565776,-0.00029271221395904545,-0.001538436977102035,0.0008177351496720921,-1.242879992350936
11A_sig_3_snr_5_bg_10,5.0,10.0,31,Gaussian Fitting,PSF Fitting,50,-0.028547294190805372,-0.020978032041456096,-0.0755819780803283,0.014917397200491846,-3.453292027115822
11A_sig_3_snr_5_bg_100,5.0,100.0,31,Gaussian Fitting,PSF Fitting,50,-0.021074234604594677,-0.014842279278093007,-0.045302151352590435,0.0020455093185002063,-3.523447997868061
11A_sig_3_snr_5_bg_200,5.0,200.0,31,Gaussian Fitting,PSF Fitting,50,-0.0597395153895498,-0.07106547135434194,-0.13340808853474898,0.01872237679295171,-3.9312379993498325
11A_sig_3_snr_5_bg_50,5.0,50.0,31,Gaussian Fitting,PSF Fitting,50,-0.009190455341693049,-0.004103325786534162,-0.03840496360084164,0.021505264454443597,-3.347804034128785
11A_sig_4_snr_10_bg_10,10.0,10.0,31,Gaussian Fitting,PSF Fitting,50,-0.008066733814038163,-0.007486727383151093,-0.017449916862832655,0.0017091260282286085,-1.6625540144741535
11A_sig_4_snr_10_bg_100,10.0,100.0,31,Gaussian Fitting,PSF Fitting,50,-0.006627265327309451,-0.003507929600514159,-0.016018732493634127,0.0026192317509005935,-1.9693639921024442
11A_sig_4_snr_10_bg_200,10.0,200.0,31,Gaussian Fitting,PSF Fitting,50,-0.02845130555972314,-0.0281589835316175,-0.06214047707821006,0.002038166259291746,-3.2023320253938437
11A_sig_4_snr_10_bg_50,10.0,50.0,31,Gaussian Fitting,PSF Fitting,50,-0.005662497678164291,-0.005317440845797994,-0.012005771199857244,0.0005980512533991039,-1.867726007476449
11A_sig_4_snr_15_bg_10,15.0,10.0,31,Gaussian Fitting,PSF Fitting,50,-0.0019197906676483856,-0.0018125054783222905,-0.004648940373828027,0.0004706798919137875,-1.7839279770851135
11A_sig_4_snr_15_bg_100,15.0,100.0,31,Gaussian Fitting,PSF Fitting,50,-0.002881460650204004,-0.002926252942256985,-0.005058908940220737,-0.0007911992811663363,-1.9412959925830364
11A_sig_4_snr_15_bg_200,15.0,200.0,31,Gaussian Fitting,PSF Fitting,50,-0.04261680073752305,-0.032352137050179114,-0.060314859856667354,-0.02492247057541052,-3.1091720005497336
11A_sig_4_snr_15_bg_50,15.0,50.0,31,Gaussian Fitting,PSF Fitting,50,0.00023067636029433514,-0.0008400129000208367,-0.0011857210731973892,0.0016910984106217205,-1.5727180009707808
11A_sig_4_snr_20_bg_10,20.0,10.0,31,Gaussian Fitting,PSF Fitting,50,-0.0006274673309325657,-0.00039452025517469624,-0.0012973695336691022,8.832147206876259e-05,-1.932679987512529
11A_sig_4_snr_20_bg_100,20.0,100.0,31,Gaussian Fitting,PSF Fitting,50,-8.63089453433663e-05,-0.00022831514284017695,-0.00045398514852322753,0.00025678173448279466,-2.5281599955633283
11A_sig_4_snr_20_bg_200,20.0,200.0,31,Gaussian Fitting,PSF Fitting,50,-0.007842265564295292,-0.006436833775077477,-0.02036820306803318,0.0053247220975168475,-5.082571976818144
11A_sig_4_snr_20_bg_50,20.0,50.0,31,Gaussian Fitting,PSF Fitting,50,-3.194421124066982e-05,-0.00025111983146851313,-0.0007374242159707795,0.0006479946472735826,-2.5059359800070524
11A_sig_4_snr_5_bg_10,5.0,10.0,31,Gaussian Fitting,PSF Fitting,50,-0.0349275706788279,-0.021240458825953934,-0.06020517217584125,-0.010082198142304072,-2.671849993057549
11A_sig_4_snr_5_bg_100,5.0,100.0,31,Gaussian Fitting,PSF Fitting,50,-0.012740034878389817,-0.004999089348679986,-0.03839774112140779,0.012406746441991454,-3.124964004382491
11A_sig_4_snr_5_bg_200,5.0,200.0,31,Gaussian Fitting,PSF Fitting,50,-0.09049635742919437,-0.08312552958978414,-0.20658986111284794,6.2990967863997e-05,-3.7857380229979753
11A_sig_4_snr_5_bg_50,5.0,50.0,31,Gaussian Fitting,PSF Fitting,50,-0.00478257308404062,-0.009390463446707908,-0.031037253603948076,0.02118043674359574,-2.196709979325533
11B_bgtype_horizontal_sig_1,15.0,50.0,31,Gaussian Fitting,PSF Fitting,50,-0.00032120307866159714,-0.003498714201561115,-0.013045375081354268,0.010763514238886305,-5.406766007654369
11B_bgtype_horizontal_sig_2,15.0,50.0,31,Gaussian Fitting,PSF Fitting,50,-0.003934501815597818,-0.003658662977799515,-0.009878233883299106,0.0008230961372900174,-1.9532220158725977
11B_bgtype_horizontal_sig_3,15.0,50.0,31,Gaussian Fitting,PSF Fitting,50,0.0012378954803285158,0.002212107738705893,-0.0004756308575684688,0.0030615902216724845,-2.2992480359971523
11B_bgtype_horizontal_sig_4,15.0,50.0,31,Gaussian Fitting,PSF Fitting,50,-0.00037159318394522356,-0.0010763856520673853,-0.002050299904945876,0.001233436202396613,-2.812544018961489
11B_bgtype_two_dimensional_sig_1,15.0,50.0,31,Gaussian Fitting,PSF Fitting,50,-0.004621034488414694,-0.001852423913666884,-0.018553139482955495,0.007176466439935926,-5.271963984705508
11B_bgtype_two_dimensional_sig_2,15.0,50.0,31,Gaussian Fitting,PSF Fitting,50,-0.006356896265073325,-0.0007644270793754904,-0.014661554424933592,0.002652451796369554,-2.573794014751911
11B_bgtype_two_dimensional_sig_3,15.0,50.0,31,Gaussian Fitting,PSF Fitting,50,-0.00652859657630242,-0.007154942344649473,-0.019171658218496625,0.002991636371815543,-3.1890839943662286
11B_bgtype_two_dimensional_sig_4,15.0,50.0,31,Gaussian Fitting,PSF Fitting,50,-0.008043291495259675,-0.005968934924853536,-0.018416089229856537,0.0013417857079272401,-3.4101059613749385
11B_bgtype_vertical_sig_1,15.0,50.0,31,Gaussian Fitting,PSF Fitting,50,-0.0026495080025994155,-0.0051859612348661155,-0.007455301362124975,0.002217497615905734,-5.790103995241225
11B_bgtype_vertical_sig_2,15.0,50.0,31,Gaussian Fitting,PSF Fitting,50,8.018054105968231e-06,0.0005191343957059447,-0.0032115629401939945,0.0033144001357880994,-2.0477059483528137
11B_bgtype_vertical_sig_3,15.0,50.0,31,Gaussian Fitting,PSF Fitting,50,-0.000863673108390417,-0.00035529003334211495,-0.0035906111140410987,0.0019785447887624907,-1.8867919873446226
11B_bgtype_vertical_sig_4,15.0,50.0,31,Gaussian Fitting,PSF Fitting,50,-0.00116871426941198,-0.0018892079024314112,-0.0030057798444786316,0.0007303980961134209,-2.709239972755313
11C_phase_sig_1_px0.125_py0,15.0,50.0,31,Gaussian Fitting,PSF Fitting,10,-0.0013968211781885675,-0.0012781070449824627,-0.021348380555528484,0.025305424076807793,-4.975569993257523
11C_phase_sig_1_px0.125_py0.125,15.0,50.0,31,Gaussian Fitting,PSF Fitting,10,-0.0038707250562479145,-0.003107278240984307,-0.015574684496002598,0.007589216149764937,-4.930820036679506
11C_phase_sig_1_px0.125_py0.25,15.0,50.0,31,Gaussian Fitting,PSF Fitting,10,-0.005075478436496139,-0.0010587809588454844,-0.014697199085685784,0.008867023496090677,-4.192229988984764
11C_phase_sig_1_px0.125_py0.375,15.0,50.0,31,Gaussian Fitting,PSF Fitting,10,0.017872823719287223,0.01590215439851317,0.0026945050947758606,0.03302566727209074,-4.668769962154329
11C_phase_sig_1_px0.125_py0.5,15.0,50.0,31,Gaussian Fitting,PSF Fitting,10,-0.007918257425218345,-0.006398657260158813,-0.019643570721965983,0.0034752912592138085,-6.390029937028885
11C_phase_sig_1_px0.125_py0.625,15.0,50.0,31,Gaussian Fitting,PSF Fitting,10,-0.006007210448309597,0.0005748389432974899,-0.01812050995013891,0.010080895116248977,-3.769819997251034
11C_phase_sig_1_px0.125_py0.75,15.0,50.0,31,Gaussian Fitting,PSF Fitting,10,-0.024963252252007462,-0.018723651978735684,-0.04809340556199867,-0.00032425322888840474,-6.1948999762535095
11C_phase_sig_1_px0.125_py0.875,15.0,50.0,31,Gaussian Fitting,PSF Fitting,10,-0.0024096316798661865,-0.0001552636520350259,-0.0265184480410791,0.019734066254370183,-5.293190013617277
11C_phase_sig_1_px0.25_py0,15.0,50.0,31,Gaussian Fitting,PSF Fitting,10,-0.014265034799215565,-0.012215235759150206,-0.03444278308852929,0.003167615200855807,-4.055929998867214
11C_phase_sig_1_px0.25_py0.125,15.0,50.0,31,Gaussian Fitting,PSF Fitting,10,-0.04426225259184274,-0.0366869665175662,-0.10885918314713167,0.0012699076825552003,-5.9259699657559395
11C_phase_sig_1_px0.25_py0.25,15.0,50.0,31,Gaussian Fitting,PSF Fitting,10,0.004114492375497436,0.00940338789683523,-0.006823448965074172,0.02524162162550135,-4.941729991696775
11C_phase_sig_1_px0.25_py0.375,15.0,50.0,31,Gaussian Fitting,PSF Fitting,10,-0.01944005905387869,-0.022348900983433256,-0.048030237756479306,0.0031932918829049293,-5.736940004862845
11C_phase_sig_1_px0.25_py0.5,15.0,50.0,31,Gaussian Fitting,PSF Fitting,10,-0.00040657778973229863,-0.0034975966427066574,-0.010252289505698927,0.00680854294104996,-4.729900020174682
11C_phase_sig_1_px0.25_py0.625,15.0,50.0,31,Gaussian Fitting,PSF Fitting,10,-0.008940578261072363,-0.005891684117755813,-0.02760747376174163,0.008141922236557134,-4.399299947544932
11C_phase_sig_1_px0.25_py0.75,15.0,50.0,31,Gaussian Fitting,PSF Fitting,10,-0.013471946696132248,-0.014793852432911536,-0.03612714335544739,0.007521917842970692,-4.743689997121692
11C_phase_sig_1_px0.25_py0.875,15.0,50.0,31,Gaussian Fitting,PSF Fitting,10,-0.007717608573257623,-0.0070822800192918145,-0.019955540727169197,0.007695614547641017,-4.423470050096512
11C_phase_sig_1_px0.375_py0,15.0,50.0,31,Gaussian Fitting,PSF Fitting,10,-0.0021987609311711065,-0.002444575460611359,-0.020782468249471643,0.013398192936865552,-5.315850046463311
11C_phase_sig_1_px0.375_py0.125,15.0,50.0,31,Gaussian Fitting,PSF Fitting,10,-0.004804450085719281,-0.007327778257618989,-0.01765171363547605,0.006789335673990843,-5.454130028374493
11C_phase_sig_1_px0.375_py0.25,15.0,50.0,31,Gaussian Fitting,PSF Fitting,10,-0.008365572048305986,-0.010495449189887956,-0.02359220725137549,0.007193026648914489,-5.979970004409552
11C_phase_sig_1_px0.375_py0.375,15.0,50.0,31,Gaussian Fitting,PSF Fitting,10,-0.016070588167391875,-0.0120478797286587,-0.0368301252853594,0.006101191234624325,-4.838849930092692
11C_phase_sig_1_px0.375_py0.5,15.0,50.0,31,Gaussian Fitting,PSF Fitting,10,-0.015044928153062381,-0.01388502365554145,-0.027252035738052797,0.00152330479595073,-4.94287998881191
11C_phase_sig_1_px0.375_py0.625,15.0,50.0,31,Gaussian Fitting,PSF Fitting,10,-0.013472875573638021,-0.01110596656706031,-0.031136724909653597,-0.0006814930158425488,-4.1709400014951825
11C_phase_sig_1_px0.375_py0.75,15.0,50.0,31,Gaussian Fitting,PSF Fitting,10,-0.021955003970941744,-0.014852814001736825,-0.036289078763330644,-0.005210778614842651,-4.658360010944307
11C_phase_sig_1_px0.375_py0.875,15.0,50.0,31,Gaussian Fitting,PSF Fitting,10,-0.009246330748425652,-0.009104876982124699,-0.015489604638240173,-0.002368360101827802,-5.2892700070515275
11C_phase_sig_1_px0.5_py0,15.0,50.0,31,Gaussian Fitting,PSF Fitting,10,0.010949906130144405,0.01195236377379999,-0.003178696877751553,0.027986994098751217,-6.222869968041778
11C_phase_sig_1_px0.5_py0.125,15.0,50.0,31,Gaussian Fitting,PSF Fitting,10,-0.02667035627379777,-0.02409678326438125,-0.056364510753432316,0.0024269565326007388,-4.080249997787178
11C_phase_sig_1_px0.5_py0.25,15.0,50.0,31,Gaussian Fitting,PSF Fitting,10,0.000191432517510165,-0.0022833058181049304,-0.013453866299818562,0.01264700569790094,-5.161350057460368
11C_phase_sig_1_px0.5_py0.375,15.0,50.0,31,Gaussian Fitting,PSF Fitting,10,-0.010339306888275723,-0.009538485235955574,-0.03023960997696097,0.005538594291163123,-5.750179965980351
11C_phase_sig_1_px0.5_py0.5,15.0,50.0,31,Gaussian Fitting,PSF Fitting,10,0.0033472725573449325,-0.0015142390922292803,-0.01631230027231193,0.016522803549510485,-4.153240006417036
11C_phase_sig_1_px0.5_py0.625,15.0,50.0,31,Gaussian Fitting,PSF Fitting,10,-0.01567080638638438,-0.010675284178148475,-0.03910915040550596,0.004698882949864759,-6.085379933938384
11C_phase_sig_1_px0.5_py0.75,15.0,50.0,31,Gaussian Fitting,PSF Fitting,10,-0.02349186338360923,-0.018787079158038872,-0.04846589864522501,-0.0009529583981619236,-5.198529991321266
11C_phase_sig_1_px0.5_py0.875,15.0,50.0,31,Gaussian Fitting,PSF Fitting,10,-0.005021029876898148,-0.002689161081386837,-0.014601049315378093,0.00494324948561203,-3.5999099956825376
11C_phase_sig_1_px0.625_py0,15.0,50.0,31,Gaussian Fitting,PSF Fitting,10,0.0024091087918658993,-0.003456536867302573,-0.00664327234386641,0.00957694441383821,-7.911689975298941
11C_phase_sig_1_px0.625_py0.125,15.0,50.0,31,Gaussian Fitting,PSF Fitting,10,-0.005809559434550249,-0.0076902444782663,-0.015940079865265085,0.003771269927239614,-4.307800042442977
11C_phase_sig_1_px0.625_py0.25,15.0,50.0,31,Gaussian Fitting,PSF Fitting,10,-0.0009094733167200886,-0.004643482406321814,-0.00900020795794459,0.005627065833525437,-6.027259957045317
11C_phase_sig_1_px0.625_py0.375,15.0,50.0,31,Gaussian Fitting,PSF Fitting,10,-0.0008540252129599357,0.0070060623319074256,-0.014643961540383166,0.01759144823634202,-5.073179979808629
11C_phase_sig_1_px0.625_py0.5,15.0,50.0,31,Gaussian Fitting,PSF Fitting,10,0.009094633770192845,0.020480969223129225,-0.006607272925833585,0.029082775818316076,-4.664940037764609
11C_phase_sig_1_px0.625_py0.625,15.0,50.0,31,Gaussian Fitting,PSF Fitting,10,-0.014978289438391329,-0.014677513226096617,-0.05931857901047115,0.019736071966071682,-5.861609964631498
11C_phase_sig_1_px0.625_py0.75,15.0,50.0,31,Gaussian Fitting,PSF Fitting,10,-0.013268330459323185,-0.015435487047104929,-0.030804462005872665,0.0009864146655057142,-6.017020018771291
11C_phase_sig_1_px0.625_py0.875,15.0,50.0,31,Gaussian Fitting,PSF Fitting,10,-0.017312984885320987,-0.01873769564802172,-0.04274616070235489,-0.00229075381823992,-4.285910003818572
11C_phase_sig_1_px0.75_py0,15.0,50.0,31,Gaussian Fitting,PSF Fitting,10,-0.012109652965077322,-0.019369329100794808,-0.04109890746580069,0.010764540097547378,-4.0999900083988905
11C_phase_sig_1_px0.75_py0.125,15.0,50.0,31,Gaussian Fitting,PSF Fitting,10,-0.03392334663158633,-0.030484812475492312,-0.09849730473477437,0.01651327876354344,-4.351010010577738
11C_phase_sig_1_px0.75_py0.25,15.0,50.0,31,Gaussian Fitting,PSF Fitting,10,-0.011444377447961424,-0.006596428147510686,-0.024721603011133613,0.0062058188083517676,-4.0538199711591005
11C_phase_sig_1_px0.75_py0.375,15.0,50.0,31,Gaussian Fitting,PSF Fitting,10,0.00699231323618657,0.009746491361120518,-0.007718671239811208,0.026586053678690682,-5.4418700048699975
11C_phase_sig_1_px0.75_py0.5,15.0,50.0,31,Gaussian Fitting,PSF Fitting,10,-0.03814190828278735,-0.028373582457320218,-0.08328732973586228,0.004498403706019549,-4.387370008043945
11C_phase_sig_1_px0.75_py0.625,15.0,50.0,31,Gaussian Fitting,PSF Fitting,10,0.004521387195430493,-0.00269622535922337,-0.015120991444570946,0.02701866401217173,-2.966060023754835
11C_phase_sig_1_px0.75_py0.75,15.0,50.0,31,Gaussian Fitting,PSF Fitting,10,0.013340095233663501,0.01524114378464178,-0.002829943792387061,0.03997539813644813,-4.72776994574815
11C_phase_sig_1_px0.75_py0.875,15.0,50.0,31,Gaussian Fitting,PSF Fitting,10,-0.00200441319622921,-0.0011440642607198348,-0.019286866083113786,0.008979791887827297,-6.100089964456856
11C_phase_sig_1_px0.875_py0,15.0,50.0,31,Gaussian Fitting,PSF Fitting,10,-0.012194470489763687,-0.015900414859194578,-0.030468896980535478,0.000987511532995135,-5.392930028028786
11C_phase_sig_1_px0.875_py0.125,15.0,50.0,31,Gaussian Fitting,PSF Fitting,10,-0.029281456961272295,-0.01535580209987214,-0.07988380712739307,0.012125458260914945,-4.844580008648336
11C_phase_sig_1_px0.875_py0.25,15.0,50.0,31,Gaussian Fitting,PSF Fitting,10,-0.01776956383878661,-0.014476798030140403,-0.048332906585035126,0.003998713260521267,-5.220160051248968
11C_phase_sig_1_px0.875_py0.375,15.0,50.0,31,Gaussian Fitting,PSF Fitting,10,-0.004465121776839859,-0.011389507935049531,-0.018756247578936545,0.006944150796564284,-4.247589968144894
11C_phase_sig_1_px0.875_py0.5,15.0,50.0,31,Gaussian Fitting,PSF Fitting,10,0.005270798235136043,0.0050648653137518596,-0.015343721501671459,0.034832523794680326,-4.832950001582503
11C_phase_sig_1_px0.875_py0.625,15.0,50.0,31,Gaussian Fitting,PSF Fitting,10,0.01008269616681473,0.013188811723913035,-0.0221808100131929,0.06360693814986008,-4.797939979471266
11C_phase_sig_1_px0.875_py0.75,15.0,50.0,31,Gaussian Fitting,PSF Fitting,10,-0.013958621411692351,-0.013718548823099391,-0.03160416698020484,0.001074567838600991,-3.583879955112934
11C_phase_sig_1_px0.875_py0.875,15.0,50.0,31,Gaussian Fitting,PSF Fitting,10,-0.025064727022807654,-0.014489867587264477,-0.05620830537977857,0.004572789863256831,-4.781530029140413
11C_phase_sig_1_px0_py0,15.0,50.0,31,Gaussian Fitting,PSF Fitting,10,0.004026676676569169,-0.0005503463284816379,-0.013435933821703347,0.021160304725623993,-5.0719300750643015
11C_phase_sig_1_px0_py0.125,15.0,50.0,31,Gaussian Fitting,PSF Fitting,10,-0.014613308627314026,-0.017346459112217744,-0.025604924348742685,-0.003988016672516057,-5.469359969720244
11C_phase_sig_1_px0_py0.25,15.0,50.0,31,Gaussian Fitting,PSF Fitting,10,-0.0006775471681383094,0.0007526419993454103,-0.012361072164272915,0.010894726912951827,-5.064319935627282
11C_phase_sig_1_px0_py0.375,15.0,50.0,31,Gaussian Fitting,PSF Fitting,10,0.014619768995954852,0.011538514232246416,-0.01421420376639801,0.05581604011667098,-4.409329988993704
11C_phase_sig_1_px0_py0.5,15.0,50.0,31,Gaussian Fitting,PSF Fitting,10,0.0022067604963031395,0.0036018053991017096,-0.012405322402798742,0.016847145091580695,-4.228759999386966
11C_phase_sig_1_px0_py0.625,15.0,50.0,31,Gaussian Fitting,PSF Fitting,10,-0.004619500035574875,-0.008401612186242496,-0.02033308858096469,0.01172274290032452,-3.697580029256642
11C_phase_sig_1_px0_py0.75,15.0,50.0,31,Gaussian Fitting,PSF Fitting,10,0.0031027032344931593,0.0024929523996722602,-0.006340376438547269,0.011069279485778292,-3.8216200890019536
11C_phase_sig_1_px0_py0.875,15.0,50.0,31,Gaussian Fitting,PSF Fitting,10,-0.014886183794968394,-0.014853512367393934,-0.03026998616013704,-0.002261247888486849,-4.1460099862888455
11C_phase_sig_2_px0.125_py0,15.0,50.0,31,Gaussian Fitting,PSF Fitting,10,-0.0033378604562082637,-0.009076420159889187,-0.010217158736748904,0.0003918689184409987,-2.292729984037578
11C_phase_sig_2_px0.125_py0.125,15.0,50.0,31,Gaussian Fitting,PSF Fitting,10,0.0019528185979861834,0.000915083988387605,-0.0046295700550702725,0.007102006499069598,-1.8342999974265695
11C_phase_sig_2_px0.125_py0.25,15.0,50.0,31,Gaussian Fitting,PSF Fitting,10,-0.006308646378670929,-0.0021758596078947923,-0.016451397479738505,0.005032868932835515,-1.7062499420717359
11C_phase_sig_2_px0.125_py0.375,15.0,50.0,31,Gaussian Fitting,PSF Fitting,10,-0.0013886869991811546,-0.002877910254117183,-0.006083523529837764,0.002611638112086672,-2.1675999742001295
11C_phase_sig_2_px0.125_py0.5,15.0,50.0,31,Gaussian Fitting,PSF Fitting,10,0.00130977336754462,-0.0019846254646091466,-0.008736002757510275,0.007055443529206322,-1.4026700286194682
11C_phase_sig_2_px0.125_py0.625,15.0,50.0,31,Gaussian Fitting,PSF Fitting,10,-0.002809226104789314,-0.0055464958232032124,-0.01014273224021996,0.0028781736852593414,-2.0398700144141912
11C_phase_sig_2_px0.125_py0.75,15.0,50.0,31,Gaussian Fitting,PSF Fitting,10,-0.005601976782555612,-0.00614402924113297,-0.013731936548091586,0.004469452181334113,-1.5560300555080175
11C_phase_sig_2_px0.125_py0.875,15.0,50.0,31,Gaussian Fitting,PSF Fitting,10,-0.003161794534276896,-0.0069525972992871,-0.014520543103647917,0.0028709954925014466,-1.793220010586083
11C_phase_sig_2_px0.25_py0,15.0,50.0,31,Gaussian Fitting,PSF Fitting,10,0.0019147149503981331,-0.0005765842331645066,-0.00469052841032917,0.007731161234954021,-1.8929499899968505
11C_phase_sig_2_px0.25_py0.125,15.0,50.0,31,Gaussian Fitting,PSF Fitting,10,-0.00019959677135525378,-0.0012885178367026684,-0.007471844984190216,0.008835173501009659,-1.7857799772173166
11C_phase_sig_2_px0.25_py0.25,15.0,50.0,31,Gaussian Fitting,PSF Fitting,10,0.0004988620296067225,-0.0007499354481034226,-0.004883030833232133,0.004717537249332861,-1.8437299644574523
11C_phase_sig_2_px0.25_py0.375,15.0,50.0,31,Gaussian Fitting,PSF Fitting,10,-0.00031704033209423166,0.0010961129355701038,-0.007479101729326517,0.008706815256322525,-2.1670200396329165
11C_phase_sig_2_px0.25_py0.5,15.0,50.0,31,Gaussian Fitting,PSF Fitting,10,-0.0029457748555017926,-0.00022006229530457944,-0.008922861762689497,0.00628749604063946,-1.4339500106871128
11C_phase_sig_2_px0.25_py0.625,15.0,50.0,31,Gaussian Fitting,PSF Fitting,10,-0.0001540315009696258,-0.0019030601381023193,-0.004009675284484624,0.0031064737283705993,-2.571230009198189
11C_phase_sig_2_px0.25_py0.75,15.0,50.0,31,Gaussian Fitting,PSF Fitting,10,-0.0029140568604227868,-0.005496735057270052,-0.009621312852145032,0.0023507336121738765,-2.015609946101904
11C_phase_sig_2_px0.25_py0.875,15.0,50.0,31,Gaussian Fitting,PSF Fitting,10,-0.002865353244658031,0.00027027837425597223,-0.01013630096299608,0.003419833222912259,-1.7355499556288123
11C_phase_sig_2_px0.375_py0,15.0,50.0,31,Gaussian Fitting,PSF Fitting,10,0.00037906612180127475,-0.00037247327788061946,-0.003970514707837063,0.00484873629927708,-1.5058399643748999
11C_phase_sig_2_px0.375_py0.125,15.0,50.0,31,Gaussian Fitting,PSF Fitting,10,8.210663934038465e-05,-0.0007171817009579695,-0.00883498994049781,0.008859732042779307,-1.7242499394342303
11C_phase_sig_2_px0.375_py0.25,15.0,50.0,31,Gaussian Fitting,PSF Fitting,10,-0.0009423782070219766,-0.0018825052709362244,-0.010222839625659324,0.00557047342239763,-1.2535099405795336
11C_phase_sig_2_px0.375_py0.375,15.0,50.0,31,Gaussian Fitting,PSF Fitting,10,-0.006283577212312236,-0.007623567676532023,-0.014755135635620878,0.0017604583130753086,-2.052330016158521
11C_phase_sig_2_px0.375_py0.5,15.0,50.0,31,Gaussian Fitting,PSF Fitting,10,0.001448614029046419,0.0005003787126863224,-0.002212477806211278,0.004638913272206615,-1.6434400342404842
11C_phase_sig_2_px0.375_py0.625,15.0,50.0,31,Gaussian Fitting,PSF Fitting,10,0.008129825106360622,0.00848889702297187,-0.00012343945338761302,0.018839826830914064,-1.5630300156772137
11C_phase_sig_2_px0.375_py0.75,15.0,50.0,31,Gaussian Fitting,PSF Fitting,10,-0.0032085113233008,0.0016038118259210643,-0.022752558768294504,0.010785046504731879,-2.401300030760467
11C_phase_sig_2_px0.375_py0.875,15.0,50.0,31,Gaussian Fitting,PSF Fitting,10,0.004027093666285675,0.0033404421652926952,-0.00509347904506829,0.012997296098598253,-2.208410040475428
11C_phase_sig_2_px0.5_py0,15.0,50.0,31,Gaussian Fitting,PSF Fitting,10,0.004486408424224403,0.003749881487679463,-0.004423048296095381,0.012859921137899353,-2.5826199911534786
11C_phase_sig_2_px0.5_py0.125,15.0,50.0,31,Gaussian Fitting,PSF Fitting,10,-0.0009126414005262706,-0.0007639530226144775,-0.005398838872558891,0.00358302689966279,-1.7428300576284528
11C_phase_sig_2_px0.5_py0.25,15.0,50.0,31,Gaussian Fitting,PSF Fitting,10,0.00500078488967276,0.004500192238905465,-0.00205531326192164,0.012997552203147184,-1.6456900630146265
11C_phase_sig_2_px0.5_py0.375,15.0,50.0,31,Gaussian Fitting,PSF Fitting,10,0.008051208515872155,0.008366026196001047,0.0010360065312869024,0.01924038533119496,-1.6831699991598725
11C_phase_sig_2_px0.5_py0.5,15.0,50.0,31,Gaussian Fitting,PSF Fitting,10,-0.0018721128286733058,-0.001746959265725434,-0.012112389377921673,0.007430318288526799,-2.181329973973334
11C_phase_sig_2_px0.5_py0.625,15.0,50.0,31,Gaussian Fitting,PSF Fitting,10,0.003409482329003344,0.0036533233221367756,-0.0007000797997204642,0.00789306948859291,-1.6163099557161331
11C_phase_sig_2_px0.5_py0.75,15.0,50.0,31,Gaussian Fitting,PSF Fitting,10,0.0049936079280548384,0.005165043317449963,-1.4451910233363674e-05,0.009106996924250509,-1.4360400615260005
11C_phase_sig_2_px0.5_py0.875,15.0,50.0,31,Gaussian Fitting,PSF Fitting,10,-0.0038073025567111063,-0.004492904523719504,-0.012771851202562499,0.001514536025068702,-2.4464499903842807
11C_phase_sig_2_px0.625_py0,15.0,50.0,31,Gaussian Fitting,PSF Fitting,10,-0.0014729661934932692,-0.0006074126300366633,-0.006636662308474544,0.00442273302613504,-1.7370099667459726
11C_phase_sig_2_px0.625_py0.125,15.0,50.0,31,Gaussian Fitting,PSF Fitting,10,0.0010489317724408642,0.0006783401006526524,-0.0033403821361250078,0.005957303136589924,-2.125989948399365
11C_phase_sig_2_px0.625_py0.25,15.0,50.0,31,Gaussian Fitting,PSF Fitting,10,0.006421889457502494,0.009893352796337435,-0.0023258934983593355,0.019258786607115212,-2.2543199127539992
11C_phase_sig_2_px0.625_py0.375,15.0,50.0,31,Gaussian Fitting,PSF Fitting,10,-0.009464143602637282,-0.008256600045540796,-0.02088606209820568,0.00016747855894608122,-1.6507500084117055
11C_phase_sig_2_px0.625_py0.5,15.0,50.0,31,Gaussian Fitting,PSF Fitting,10,-0.014184240297486939,-0.011170351595907207,-0.024472814199601765,-0.004541715376208533,-1.698430022224784
11C_phase_sig_2_px0.625_py0.625,15.0,50.0,31,Gaussian Fitting,PSF Fitting,10,-0.007030953511461158,-0.0064899197340683445,-0.011429824142254809,-0.0015663981134007164,-2.3768800077959895
11C_phase_sig_2_px0.625_py0.75,15.0,50.0,31,Gaussian Fitting,PSF Fitting,10,-0.0028630325910186105,-0.002191135631466029,-0.008673674745664123,0.004953620548507862,-1.233330019749701
11C_phase_sig_2_px0.625_py0.875,15.0,50.0,31,Gaussian Fitting,PSF Fitting,10,-0.008143137314859605,-0.012363741692812902,-0.024700462066476955,0.0029122060276782808,-1.2452099937945604
11C_phase_sig_2_px0.75_py0,15.0,50.0,31,Gaussian Fitting,PSF Fitting,10,0.0036230683602194724,0.005347502777162838,-0.009394951502802078,0.018454603955407774,-1.2482900638133287
11C_phase_sig_2_px0.75_py0.125,15.0,50.0,31,Gaussian Fitting,PSF Fitting,10,0.0009285464689000877,1.3117621430996929e-05,-0.006525596484929839,0.007746232988966487,-1.6864899080246687
11C_phase_sig_2_px0.75_py0.25,15.0,50.0,31,Gaussian Fitting,PSF Fitting,10,-0.0016227034494772363,-0.0006895373004642824,-0.005484465939165172,0.002559029131177503,-1.4254200039431453
11C_phase_sig_2_px0.75_py0.375,15.0,50.0,31,Gaussian Fitting,PSF Fitting,10,-0.0034290023995061647,-0.006111324243074812,-0.010255249865939666,0.0029574688469814017,-1.7207100288942456
11C_phase_sig_2_px0.75_py0.5,15.0,50.0,31,Gaussian Fitting,PSF Fitting,10,-0.0010626399519029495,-0.0032351990652215723,-0.004833246922857292,0.0022410771433001783,-1.8949199933558702
11C_phase_sig_2_px0.75_py0.625,15.0,50.0,31,Gaussian Fitting,PSF Fitting,10,-0.00046453625268416676,0.0008784230784729674,-0.005572716185973935,0.005259900609931828,-2.4760800413787365
11C_phase_sig_2_px0.75_py0.75,15.0,50.0,31,Gaussian Fitting,PSF Fitting,10,-0.004019892142969772,-0.002580323353014169,-0.01243165911362182,0.005009269060062667,-1.616430003196001
11C_phase_sig_2_px0.75_py0.875,15.0,50.0,31,Gaussian Fitting,PSF Fitting,10,-0.002214745637484472,-0.0012544660747857428,-0.003934473888302566,-0.0004511073720911553,-2.3325599497184157
11C_phase_sig_2_px0.875_py0,15.0,50.0,31,Gaussian Fitting,PSF Fitting,10,-0.007909881362020338,-0.0085938844985253,-0.017029019297884165,0.0006558090967145164,-1.5572500182315707
11C_phase_sig_2_px0.875_py0.125,15.0,50.0,31,Gaussian Fitting,PSF Fitting,10,0.001052185395090055,0.0002942819607761882,-0.008612879190749323,0.010199601995567895,-2.074830001220107
11C_phase_sig_2_px0.875_py0.25,15.0,50.0,31,Gaussian Fitting,PSF Fitting,10,-0.002384982698947602,-0.0007408887682903431,-0.0056053151221568875,0.0013743521767797182,-1.6139299841597676
11C_phase_sig_2_px0.875_py0.375,15.0,50.0,31,Gaussian Fitting,PSF Fitting,10,0.003950117559270938,0.004420832236078226,-0.0018136954322552751,0.010114286924610484,-2.503990032710135
11C_phase_sig_2_px0.875_py0.5,15.0,50.0,31,Gaussian Fitting,PSF Fitting,10,0.006038835925102515,0.008993661360326755,0.0009803028116453997,0.013247845428067744,-1.6429999843239784
11C_phase_sig_2_px0.875_py0.625,15.0,50.0,31,Gaussian Fitting,PSF Fitting,10,0.004241741810523031,0.00598454653888561,-0.0008768338962441925,0.008381499081806073,-2.0337300142273307
11C_phase_sig_2_px0.875_py0.75,15.0,50.0,31,Gaussian Fitting,PSF Fitting,10,-0.0019085841512653523,0.0031413160028095632,-0.016999134113044732,0.017171527359411923,-1.974740019068122
11C_phase_sig_2_px0.875_py0.875,15.0,50.0,31,Gaussian Fitting,PSF Fitting,10,-0.0027408996179517087,-0.0015383228238217972,-0.01225261252941208,0.0036468030669493546,-2.043299935758114
11C_phase_sig_2_px0_py0,15.0,50.0,31,Gaussian Fitting,PSF Fitting,10,-0.0032585610495776685,0.0010763023611645717,-0.013912993236014687,0.007449811962515352,-2.0451499382033944
11C_phase_sig_2_px0_py0.125,15.0,50.0,31,Gaussian Fitting,PSF Fitting,10,0.0005802226128266696,0.0015020673631997439,-0.006233980260131456,0.009324829451206232,-2.103090030141175
11C_phase_sig_2_px0_py0.25,15.0,50.0,31,Gaussian Fitting,PSF Fitting,10,0.0015196102367046327,0.001298270540861235,-0.0011316686307489548,0.004937532576133232,-1.7650499707087874
11C_phase_sig_2_px0_py0.375,15.0,50.0,31,Gaussian Fitting,PSF Fitting,10,0.0009567699134246654,0.0018178333546186032,-0.003986971911103062,0.006787795919712826,-1.2681299820542336
11C_phase_sig_2_px0_py0.5,15.0,50.0,31,Gaussian Fitting,PSF Fitting,10,-0.004600586708594562,-0.0035393098926939093,-0.011623222479266386,0.00373731889260576,-1.1955099646002054
11C_phase_sig_2_px0_py0.625,15.0,50.0,31,Gaussian Fitting,PSF Fitting,10,0.0024574760230680615,-0.0030577456409457693,-0.009725442502273118,0.009913251906566783,-2.0093399100005627
11C_phase_sig_2_px0_py0.75,15.0,50.0,31,Gaussian Fitting,PSF Fitting,10,0.005846056597284044,0.007250714799204833,-0.0008124579744547652,0.011412899557260376,-2.541249990463257
11C_phase_sig_2_px0_py0.875,15.0,50.0,31,Gaussian Fitting,PSF Fitting,10,0.002824572437634759,0.0044452507016641,-0.005295723367293361,0.011950391095734383,-2.221209998242557
11C_phase_sig_4_px0.125_py0,15.0,50.0,31,Gaussian Fitting,PSF Fitting,10,-0.00032215856353401406,-0.0006965607522208539,-0.002663570969797493,0.001353221197230768,-2.084840019233525
11C_phase_sig_4_px0.125_py0.125,15.0,50.0,31,Gaussian Fitting,PSF Fitting,10,0.0032027233194593385,0.0034341336727139182,-0.00027327239581773007,0.007538703951205588,-2.436189982108772
11C_phase_sig_4_px0.125_py0.25,15.0,50.0,31,Gaussian Fitting,PSF Fitting,10,-0.003651924369567683,-0.002840154539106632,-0.00885023389553159,0.0018042643808433667,-2.3851800011470914
11C_phase_sig_4_px0.125_py0.375,15.0,50.0,31,Gaussian Fitting,PSF Fitting,10,0.00012848067298965038,3.703479058583814e-05,-0.0032419410319785005,0.0035748227505217525,-2.190219983458519
11C_phase_sig_4_px0.125_py0.5,15.0,50.0,31,Gaussian Fitting,PSF Fitting,10,0.006939800205828545,0.006328001451737286,0.000999922849406002,0.013856775451099826,-2.4336699163541198
11C_phase_sig_4_px0.125_py0.625,15.0,50.0,31,Gaussian Fitting,PSF Fitting,10,-0.004045533498565512,-0.005615440436243679,-0.012798321886894788,0.0019500305111586915,-2.4862300138920546
11C_phase_sig_4_px0.125_py0.75,15.0,50.0,31,Gaussian Fitting,PSF Fitting,10,-0.002192148002350597,-0.001701730365357479,-0.005781763292036909,0.0016566478948279496,-2.092020004056394
11C_phase_sig_4_px0.125_py0.875,15.0,50.0,31,Gaussian Fitting,PSF Fitting,10,0.003671772595308459,0.0029853269300633423,-0.0014775554200577613,0.008943270519583778,-2.3043100256472826
11C_phase_sig_4_px0.25_py0,15.0,50.0,31,Gaussian Fitting,PSF Fitting,10,-0.0016295451911477465,-0.0013238351065882892,-0.004053677497824806,0.001232180361039797,-2.6539000682532787
11C_phase_sig_4_px0.25_py0.125,15.0,50.0,31,Gaussian Fitting,PSF Fitting,10,0.00538148632651797,0.0015275482306718047,-0.003003062246469116,0.011250073254338052,-2.7671399526298046
11C_phase_sig_4_px0.25_py0.25,15.0,50.0,31,Gaussian Fitting,PSF Fitting,10,0.0016858518979582515,8.423553034084263e-05,-0.0024613633878324674,0.005426060840309093,-2.184080029837787
11C_phase_sig_4_px0.25_py0.375,15.0,50.0,31,Gaussian Fitting,PSF Fitting,10,-0.0049375372999717615,-0.005474585362933881,-0.008058189005575705,-0.00186238760848513,-2.5320200016722083
11C_phase_sig_4_px0.25_py0.5,15.0,50.0,31,Gaussian Fitting,PSF Fitting,10,0.001060133860544904,-0.0021383361032578374,-0.002047440794204215,0.0034341297650706025,-2.32169006485492
11C_phase_sig_4_px0.25_py0.625,15.0,50.0,31,Gaussian Fitting,PSF Fitting,10,-0.0024280805311282516,-0.0036224976901132466,-0.006842246963935659,0.0019413672528695758,-1.9458899972960353
11C_phase_sig_4_px0.25_py0.75,15.0,50.0,31,Gaussian Fitting,PSF Fitting,10,-0.004279307470765936,-0.004016015048280114,-0.007867516076014972,-0.001012453893787504,-2.4736099876463413
11C_phase_sig_4_px0.25_py0.875,15.0,50.0,31,Gaussian Fitting,PSF Fitting,10,0.0036794982336819937,0.0030911667964076406,0.0015274591479510693,0.006342636769258951,-1.8527500098571181
11C_phase_sig_4_px0.375_py0,15.0,50.0,31,Gaussian Fitting,PSF Fitting,10,-0.003908677262493804,-0.0031539899098319,-0.0078112568549173565,0.0004606201132038862,-2.371990028768778
11C_phase_sig_4_px0.375_py0.125,15.0,50.0,31,Gaussian Fitting,PSF Fitting,10,0.0021393866617276935,0.001794896056137002,-0.0008745115489207963,0.004751553098032797,-2.345650061033666
11C_phase_sig_4_px0.375_py0.25,15.0,50.0,31,Gaussian Fitting,PSF Fitting,10,-0.0018716378618179597,-0.00280176883751182,-0.004990500391809442,0.0022514223047206796,-2.3101200349628925
11C_phase_sig_4_px0.375_py0.375,15.0,50.0,31,Gaussian Fitting,PSF Fitting,10,-0.0005127379895940309,-0.00109085291812408,-0.004614898794366687,0.0031302883280713576,-2.7338299667462707
11C_phase_sig_4_px0.375_py0.5,15.0,50.0,31,Gaussian Fitting,PSF Fitting,10,-0.00359060346827747,-0.006591290743232947,-0.010138733278327768,0.0007642927218778049,-2.530119940638542
11C_phase_sig_4_px0.375_py0.625,15.0,50.0,31,Gaussian Fitting,PSF Fitting,10,-0.0017393133434566443,-0.0011814485920340345,-0.005162232030079943,0.0020813028430823523,-2.5823600124567747
11C_phase_sig_4_px0.375_py0.75,15.0,50.0,31,Gaussian Fitting,PSF Fitting,10,0.0016565367889570526,0.0032247126495908995,-0.0005236004801635816,0.0049425541737242,-2.3488799575716257
11C_phase_sig_4_px0.375_py0.875,15.0,50.0,31,Gaussian Fitting,PSF Fitting,10,-0.001398992657229925,-0.0017027135182915154,-0.005263960208838911,0.002783277987690501,-2.6049899868667126
11C_phase_sig_4_px0.5_py0,15.0,50.0,31,Gaussian Fitting,PSF Fitting,10,-0.00048812917139318124,-0.0015483893143349858,-0.002146545878651805,0.0006106740709051996,-2.6408399920910597
11C_phase_sig_4_px0.5_py0.125,15.0,50.0,31,Gaussian Fitting,PSF Fitting,10,-0.0036663330247365122,-0.0028235391229196605,-0.010061424566266627,0.0023232793182745475,-1.9659799989312887
11C_phase_sig_4_px0.5_py0.25,15.0,50.0,31,Gaussian Fitting,PSF Fitting,10,0.0024714347931689418,0.002311769583302814,-0.0010442782841288266,0.006494416086917527,-2.276690024882555
11C_phase_sig_4_px0.5_py0.375,15.0,50.0,31,Gaussian Fitting,PSF Fitting,10,-5.8722608906880414e-05,-0.0005818198842568456,-0.0030154177088554507,0.0036991664746151356,-2.3935799254104495
11C_phase_sig_4_px0.5_py0.5,15.0,50.0,31,Gaussian Fitting,PSF Fitting,10,-0.00020309472222573843,0.00017585044108581194,-0.00306253318488493,0.002087633156470504,-2.7477599680423737
11C_phase_sig_4_px0.5_py0.625,15.0,50.0,31,Gaussian Fitting,PSF Fitting,10,0.0010142481732965392,0.0014127236576791657,-0.0017911468955162796,0.0033377796254134362,-2.2313400404527783
11C_phase_sig_4_px0.5_py0.75,15.0,50.0,31,Gaussian Fitting,PSF Fitting,10,-0.002198364724416285,-0.0028513422716897746,-0.008836590865610323,0.001404530461698197,-2.470889943651855
11C_phase_sig_4_px0.5_py0.875,15.0,50.0,31,Gaussian Fitting,PSF Fitting,10,-0.0013781129995112384,-0.0024279350802093314,-0.006653692403788029,0.003638360349459923,-2.538050035946071
11C_phase_sig_4_px0.625_py0,15.0,50.0,31,Gaussian Fitting,PSF Fitting,10,-0.0016190436957116972,-0.0004655335497763813,-0.004186654017221606,0.0008993015867091504,-2.387070027180016
11C_phase_sig_4_px0.625_py0.125,15.0,50.0,31,Gaussian Fitting,PSF Fitting,10,0.0009017405454766758,0.0006778382324345023,-0.001786309188295814,0.0036180728832853875,-2.855969942174852
11C_phase_sig_4_px0.625_py0.25,15.0,50.0,31,Gaussian Fitting,PSF Fitting,10,0.0011016348575212942,0.0020042688408789255,-0.0013495250133042473,0.004310390278577879,-2.2888000356033444
11C_phase_sig_4_px0.625_py0.375,15.0,50.0,31,Gaussian Fitting,PSF Fitting,10,-0.0014198730623203315,0.000731448022625647,-0.005842931315705406,0.002270405097686626,-2.1478899056091905
11C_phase_sig_4_px0.625_py0.5,15.0,50.0,31,Gaussian Fitting,PSF Fitting,10,-0.0002527012895702785,-0.0008958815998633407,-0.003756136540732896,0.00228073171689313,-2.511069970205426
11C_phase_sig_4_px0.625_py0.625,15.0,50.0,31,Gaussian Fitting,PSF Fitting,10,-0.001068508717487926,-0.0010676022859553713,-0.004786630930014963,0.0013736759766073425,-2.618259936571121
11C_phase_sig_4_px0.625_py0.75,15.0,50.0,31,Gaussian Fitting,PSF Fitting,10,0.0028690596789371636,0.006098536174043351,-3.6294674235740056e-05,0.006678867323493794,-2.117929980158806
11C_phase_sig_4_px0.625_py0.875,15.0,50.0,31,Gaussian Fitting,PSF Fitting,10,-0.0018199825046471274,-0.002023910897151454,-0.004968095482899248,0.0004748749188274028,-1.6938400687649846
11C_phase_sig_4_px0.75_py0,15.0,50.0,31,Gaussian Fitting,PSF Fitting,10,-0.0007318252606190734,-0.0005362591207349054,-0.0032912552463870643,0.0016035180080617112,-1.6503799706697464
11C_phase_sig_4_px0.75_py0.125,15.0,50.0,31,Gaussian Fitting,PSF Fitting,10,-0.0017719447088147267,-0.0027506366736887444,-0.004980050924090241,0.002113195659799507,-2.0097899716347456
11C_phase_sig_4_px0.75_py0.25,15.0,50.0,31,Gaussian Fitting,PSF Fitting,10,-0.0069794441495273085,-0.005829470866967612,-0.010995683188293002,-0.002767286044321858,-2.2473600460216403
11C_phase_sig_4_px0.75_py0.375,15.0,50.0,31,Gaussian Fitting,PSF Fitting,10,-0.0033248435668252196,-0.0018868951125076139,-0.0145103841388112,0.004168243882045582,-2.418969990685582
11C_phase_sig_4_px0.75_py0.5,15.0,50.0,31,Gaussian Fitting,PSF Fitting,10,0.0010123856360935712,0.00046813715107396625,-0.0032285574097714667,0.007031237635193997,-2.242389926686883
11C_phase_sig_4_px0.75_py0.625,15.0,50.0,31,Gaussian Fitting,PSF Fitting,10,0.0014631728897227525,0.000988862076322372,-0.0011550071860076156,0.0038972234662769407,-2.507579978555441
11C_phase_sig_4_px0.75_py0.75,15.0,50.0,31,Gaussian Fitting,PSF Fitting,10,-0.0027979788526622806,-0.003553550880915496,-0.007591430893471192,0.0032310008411518603,-2.3834499763324857
11C_phase_sig_4_px0.75_py0.875,15.0,50.0,31,Gaussian Fitting,PSF Fitting,10,0.00017065453586992407,0.0012461300115233498,-0.001359237321799072,0.0018813762176708923,-2.0791700342670083
11C_phase_sig_4_px0.875_py0,15.0,50.0,31,Gaussian Fitting,PSF Fitting,10,0.0020785059130553896,0.0008426196041877165,-0.0011819461251839213,0.004951425858569671,-2.8268199181184173
11C_phase_sig_4_px0.875_py0.125,15.0,50.0,31,Gaussian Fitting,PSF Fitting,10,0.0027875230077796798,0.0024860344238193943,-0.0022338480990359913,0.009720053031247625,-1.8027900252491236
11C_phase_sig_4_px0.875_py0.25,15.0,50.0,31,Gaussian Fitting,PSF Fitting,10,0.0011743306070492454,0.0017229853693398745,-0.001231234033532131,0.004575143853061732,-2.856529993005097
11C_phase_sig_4_px0.875_py0.375,15.0,50.0,31,Gaussian Fitting,PSF Fitting,10,0.0005688896225498064,0.0005122703547474072,-0.0026271494355950276,0.0040103668378365705,-2.189840073697269
11C_phase_sig_4_px0.875_py0.5,15.0,50.0,31,Gaussian Fitting,PSF Fitting,10,-0.0014900735382091523,-0.0007113038961427953,-0.003964206916101374,0.0011418405412626027,-2.083190088160336
11C_phase_sig_4_px0.875_py0.625,15.0,50.0,31,Gaussian Fitting,PSF Fitting,10,-0.0008175108511896678,-0.0026498924174872818,-0.010010517667812236,0.00669748735427757,-2.2770200157538056
11C_phase_sig_4_px0.875_py0.75,15.0,50.0,31,Gaussian Fitting,PSF Fitting,10,-0.0006866002565574791,-0.000781787286587371,-0.006267920689771627,0.0060557198788867665,-1.9606700167059898
11C_phase_sig_4_px0.875_py0.875,15.0,50.0,31,Gaussian Fitting,PSF Fitting,10,0.0029981844974352467,0.003762676161616435,-0.001111977542990438,0.0076178488998083944,-2.2438099374994636
11C_phase_sig_4_px0_py0,15.0,50.0,31,Gaussian Fitting,PSF Fitting,10,0.0003133828367118674,0.0019188186228971948,-0.003646333488581494,0.005216956448182983,-2.7558299945667386
11C_phase_sig_4_px0_py0.125,15.0,50.0,31,Gaussian Fitting,PSF Fitting,10,-0.001972718727143802,-0.001270219724576166,-0.005014491891051551,0.001074506935755236,-2.631470072083175
11C_phase_sig_4_px0_py0.25,15.0,50.0,31,Gaussian Fitting,PSF Fitting,10,0.0003768886895677559,-6.555803091085055e-05,-0.003093966681784195,0.004261548268859472,-2.584269968792796
11C_phase_sig_4_px0_py0.375,15.0,50.0,31,Gaussian Fitting,PSF Fitting,10,-0.002771407888618127,-0.0028052550388903974,-0.007398427922098381,0.0023292289887465903,-2.474730066023767
11C_phase_sig_4_px0_py0.5,15.0,50.0,31,Gaussian Fitting,PSF Fitting,10,-0.0023737775395890615,-0.0011842247668861494,-0.00769228141178167,0.002319310027053304,-2.1784900221973658
11C_phase_sig_4_px0_py0.625,15.0,50.0,31,Gaussian Fitting,PSF Fitting,10,-0.0014381694071465556,-0.0030047999317391605,-0.004867719327419613,0.0020452191023851373,-2.4854899616912007
11C_phase_sig_4_px0_py0.75,15.0,50.0,31,Gaussian Fitting,PSF Fitting,10,0.003809788298088035,0.003463471876808122,0.001175779537551546,0.006400430054019666,-2.5828500045463443
11C_phase_sig_4_px0_py0.875,15.0,50.0,31,Gaussian Fitting,PSF Fitting,10,0.002684973844421956,0.001700979533099417,-0.0025735277740877084,0.008568705564786354,-2.5513100437819958
11D_supp_gaussian_sub_sig_2_bg_200,15.0,200.0,31,Gaussian Fitting,PSF Fitting,20,-0.018371043055843694,-0.0055789900915218515,-0.04055341286537508,0.007078988242695355,-3.5702599911019206
11D_supp_gaussian_sub_sig_2_bg_50,15.0,50.0,31,Gaussian Fitting,PSF Fitting,20,-0.0071628365091056245,-0.007331911545974429,-0.018866946317157598,0.002236472592660131,-1.6985249938443303
11D_supp_gaussian_sub_sig_4_bg_200,15.0,200.0,31,Gaussian Fitting,PSF Fitting,20,-0.010251546327539718,-0.013935165750054906,-0.022107163082584147,-0.00042260156889925164,-3.4747750032693148
11D_supp_gaussian_sub_sig_4_bg_50,15.0,50.0,31,Gaussian Fitting,PSF Fitting,20,-0.0033707735892773982,-0.0007899554440904122,-0.010926130864263221,0.005515269895226486,-1.5270299511030316
11D_supp_tophat_sig_2_bg_200,15.0,200.0,31,Gaussian Fitting,PSF Fitting,20,-0.05950270043134015,-0.03533461123646969,-0.12946981526985973,-0.0009721256415213276,-5.117400013841689
11D_supp_tophat_sig_2_bg_50,15.0,50.0,31,Gaussian Fitting,PSF Fitting,20,-0.0030514509276562962,-0.0039695067194170375,-0.01043382262130033,0.0038679286376057742,-2.0450049894861877
11D_supp_tophat_sig_4_bg_200,15.0,200.0,31,Gaussian Fitting,PSF Fitting,20,0.1844040410239418,0.12719201259064095,0.016638508162685313,0.3571066887313635,-8.284114953130484
11D_supp_tophat_sig_4_bg_50,15.0,50.0,31,Gaussian Fitting,PSF Fitting,20,0.08908169387415771,0.09515700991613835,0.048278757287954624,0.14736931622229044,-2.9661750420928
11A_sig_1_snr_10_bg_10,10.0,10.0,31,Intensity-Weighted Centroid,Gaussian Fitting,50,-0.3776553914348724,-0.3395570156996622,-0.4677298875830427,-0.2912874304674146,15.75293599627912
11A_sig_1_snr_10_bg_100,10.0,100.0,31,Intensity-Weighted Centroid,Gaussian Fitting,50,-0.314783262814499,-0.3205166138905354,-0.4770884321424637,-0.1520650120141344,10.31603001523763
11A_sig_1_snr_10_bg_200,10.0,200.0,31,Intensity-Weighted Centroid,Gaussian Fitting,50,0.30659156758842987,0.06548745485845187,-0.0913222466513635,0.6918545838375021,12.382942037656903
11A_sig_1_snr_10_bg_50,10.0,50.0,31,Intensity-Weighted Centroid,Gaussian Fitting,50,0.1336351267415662,-0.15485152231780147,-0.3399294108291799,0.6476289511413001,10.26073598768562
11A_sig_1_snr_15_bg_10,15.0,10.0,31,Intensity-Weighted Centroid,Gaussian Fitting,50,-0.5394684171009057,-0.48829031776642506,-0.6379360374118119,-0.4376112732504453,6.30622198805213
11A_sig_1_snr_15_bg_100,15.0,100.0,31,Intensity-Weighted Centroid,Gaussian Fitting,50,-0.49393861567633746,-0.4349382876740816,-0.5829257630560378,-0.4049797886042224,6.657879981212318
11A_sig_1_snr_15_bg_200,15.0,200.0,31,Intensity-Weighted Centroid,Gaussian Fitting,50,-0.34740078903425714,-0.3241319230502991,-0.44351521899349433,-0.2544444493211175,8.579142009839416
11A_sig_1_snr_15_bg_50,15.0,50.0,31,Intensity-Weighted Centroid,Gaussian Fitting,50,-0.4650097697888008,-0.41015087298647046,-0.5669293293887526,-0.36599298658410956,6.967088007368147
11A_sig_1_snr_20_bg_10,20.0,10.0,31,Intensity-Weighted Centroid,Gaussian Fitting,50,-0.5625268967618792,-0.5198448226800169,-0.6412574621190407,-0.48158333478969056,5.644136006012559
11A_sig_1_snr_20_bg_100,20.0,100.0,31,Intensity-Weighted Centroid,Gaussian Fitting,50,-0.4657565793968377,-0.4135240119375962,-0.5465388889552757,-0.38180266193720014,5.432608001865447
11A_sig_1_snr_20_bg_200,20.0,200.0,31,Intensity-Weighted Centroid,Gaussian Fitting,50,-0.5303217650728153,-0.4978788212645353,-0.6145413373815274,-0.4468495469018503,6.924364003352821
11A_sig_1_snr_20_bg_50,20.0,50.0,31,Intensity-Weighted Centroid,Gaussian Fitting,50,-0.4962940407933111,-0.43044363842404765,-0.5882590668267221,-0.40073091091323865,5.81444994546473
11A_sig_1_snr_5_bg_10,5.0,10.0,31,Intensity-Weighted Centroid,Gaussian Fitting,48,0.1954207452056277,0.06372440981708205,-0.0814162737748178,0.45906732686050844,39.43978957249783
11A_sig_1_snr_5_bg_100,5.0,100.0,31,Intensity-Weighted Centroid,Gaussian Fitting,50,0.2354183801120564,0.2034389167714007,0.0704350294315882,0.4038762058240534,16.03207395877689
11A_sig_1_snr_5_bg_200,5.0,200.0,31,Intensity-Weighted Centroid,Gaussian Fitting,50,1.8077228662202582,1.138981662040249,0.9578629307795193,2.6414618750343712,17.14040202088654
11A_sig_1_snr_5_bg_50,5.0,50.0,31,Intensity-Weighted Centroid,Gaussian Fitting,50,0.9064471293480143,0.4526468240010224,0.24565225400564933,1.527373542248416,24.330730019137263
11A_sig_2_snr_10_bg_10,10.0,10.0,31,Intensity-Weighted Centroid,Gaussian Fitting,50,-0.4032898662402973,-0.34442294876528295,-0.5346014388908815,-0.2825465131727487,5.089834006503224
11A_sig_2_snr_10_bg_100,10.0,100.0,31,Intensity-Weighted Centroid,Gaussian Fitting,50,-0.16018620450039883,-0.12429894343609288,-0.25057475605025487,-0.060549602594998454,5.227825986221433
11A_sig_2_snr_10_bg_200,10.0,200.0,31,Intensity-Weighted Centroid,Gaussian Fitting,50,-0.042211967603813516,-0.037124173137129624,-0.15043886435743345,0.06164468628155366,7.108232001774013
11A_sig_2_snr_10_bg_50,10.0,50.0,31,Intensity-Weighted Centroid,Gaussian Fitting,50,-0.27113204223687104,-0.2431121691038594,-0.3707232735286851,-0.1734496506676989,5.069583998993039
11A_sig_2_snr_15_bg_10,15.0,10.0,31,Intensity-Weighted Centroid,Gaussian Fitting,50,-0.3586962298995373,-0.32008722866908945,-0.4330063823291936,-0.28137085341676027,4.354631998576224
11A_sig_2_snr_15_bg_100,15.0,100.0,31,Intensity-Weighted Centroid,Gaussian Fitting,50,-0.3779660771665837,-0.34615399171933436,-0.44990929971508303,-0.30520290067639044,4.251898000948131
11A_sig_2_snr_15_bg_200,15.0,200.0,31,Intensity-Weighted Centroid,Gaussian Fitting,50,-0.30746156632601934,-0.27552013846870216,-0.41885178638864495,-0.20132681488363913,6.46867198869586
11A_sig_2_snr_15_bg_50,15.0,50.0,31,Intensity-Weighted Centroid,Gaussian Fitting,50,-0.3333891449465335,-0.28399022978063937,-0.4222195264243475,-0.24889290460537306,4.233261994086206
11A_sig_2_snr_20_bg_10,20.0,10.0,31,Intensity-Weighted Centroid,Gaussian Fitting,50,-0.3157699995992619,-0.27383253040092154,-0.3785973383380367,-0.25466637690759075,3.931259964592755
11A_sig_2_snr_20_bg_100,20.0,100.0,31,Intensity-Weighted Centroid,Gaussian Fitting,50,-0.3980673228386563,-0.35158288330655363,-0.46452074800072635,-0.328539220717495,3.989150016568601
11A_sig_2_snr_20_bg_200,20.0,200.0,31,Intensity-Weighted Centroid,Gaussian Fitting,50,-0.3328462335232232,-0.29422264176693846,-0.3917675214567028,-0.274258645293789,5.712959999218583
11A_sig_2_snr_20_bg_50,20.0,50.0,31,Intensity-Weighted Centroid,Gaussian Fitting,50,-0.3665844856132142,-0.31912396781895536,-0.43268047597146747,-0.29853118463248773,3.8757180143147707
11A_sig_2_snr_5_bg_10,5.0,10.0,31,Intensity-Weighted Centroid,Gaussian Fitting,50,-0.042632753191647055,-0.048949703068048245,-0.20590401171269737,0.1299849523361764,8.058220003731549
11A_sig_2_snr_5_bg_100,5.0,100.0,31,Intensity-Weighted Centroid,Gaussian Fitting,50,0.0790220786179614,0.05007170489826962,-0.0769481605128576,0.22452239147160882,7.689079982228577
11A_sig_2_snr_5_bg_200,5.0,200.0,31,Intensity-Weighted Centroid,Gaussian Fitting,50,0.39626524721987677,0.2998911685372436,0.21794951005496874,0.5843365111945575,9.755384027957916
11A_sig_2_snr_5_bg_50,5.0,50.0,31,Intensity-Weighted Centroid,Gaussian Fitting,50,0.016169548273105683,0.0447337358839307,-0.12813556860528225,0.16035507879909702,7.978436010889709
11A_sig_3_snr_10_bg_10,10.0,10.0,31,Intensity-Weighted Centroid,Gaussian Fitting,50,-0.21616449211547462,-0.19654878436199974,-0.3139751984255383,-0.10999028247177164,5.106269996613264
11A_sig_3_snr_10_bg_100,10.0,100.0,31,Intensity-Weighted Centroid,Gaussian Fitting,50,-0.23391530979644592,-0.2222807297376868,-0.3113468046000615,-0.1614144438937353,4.620425999164581
11A_sig_3_snr_10_bg_200,10.0,200.0,31,Intensity-Weighted Centroid,Gaussian Fitting,50,-0.037166520874445,-0.03498078427633056,-0.12925887850927048,0.056780187411019874,6.558951982297003
11A_sig_3_snr_10_bg_50,10.0,50.0,31,Intensity-Weighted Centroid,Gaussian Fitting,50,-0.22914746135864172,-0.2092825766840387,-0.3035669725286547,-0.15500584782278728,5.110808000899851
11A_sig_3_snr_15_bg_10,15.0,10.0,31,Intensity-Weighted Centroid,Gaussian Fitting,50,-0.23145440550672436,-0.20879311991451835,-0.29745190141107036,-0.17089395971588237,4.144952017813921
11A_sig_3_snr_15_bg_100,15.0,100.0,31,Intensity-Weighted Centroid,Gaussian Fitting,50,-0.26081119790823054,-0.242514004077257,-0.3272087200818875,-0.19737689211609505,4.114947970956564
11A_sig_3_snr_15_bg_200,15.0,200.0,31,Intensity-Weighted Centroid,Gaussian Fitting,50,-0.2757939859959921,-0.25342793247383466,-0.3681399876776,-0.1890420408310541,6.412560003809631
11A_sig_3_snr_15_bg_50,15.0,50.0,31,Intensity-Weighted Centroid,Gaussian Fitting,50,-0.19714531775827612,-0.1784450998593258,-0.25378342916989244,-0.1436648392709357,4.393297997303307
11A_sig_3_snr_20_bg_10,20.0,10.0,31,Intensity-Weighted Centroid,Gaussian Fitting,50,-0.20755132661892883,-0.18170668132756618,-0.2710149442442533,-0.14766233495010558,3.9161760173738003
11A_sig_3_snr_20_bg_100,20.0,100.0,31,Intensity-Weighted Centroid,Gaussian Fitting,50,-0.2023890017667892,-0.18787239548348655,-0.24433321624058915,-0.16049444605477753,3.7908819830045104
11A_sig_3_snr_20_bg_200,20.0,200.0,31,Intensity-Weighted Centroid,Gaussian Fitting,50,-0.1920172808871292,-0.16710619123489623,-0.2608768599516139,-0.12647829138135377,6.373088038526475
11A_sig_3_snr_20_bg_50,20.0,50.0,31,Intensity-Weighted Centroid,Gaussian Fitting,50,-0.27401211041036516,-0.24029380636897374,-0.32173131668588145,-0.2275190521599516,3.901771977543831
11A_sig_3_snr_5_bg_10,5.0,10.0,31,Intensity-Weighted Centroid,Gaussian Fitting,50,0.027809800342577184,0.045293570744846745,-0.10846970160072845,0.1703306353525802,6.963728005066514
11A_sig_3_snr_5_bg_100,5.0,100.0,31,Intensity-Weighted Centroid,Gaussian Fitting,50,0.10350897727510389,0.09854812508782118,-0.01896909045970409,0.22725244388512875,6.925888019613922
11A_sig_3_snr_5_bg_200,5.0,200.0,31,Intensity-Weighted Centroid,Gaussian Fitting,50,0.34893453134732594,0.2720176327911704,0.2108688704819164,0.5010935431534491,7.498220014385879
11A_sig_3_snr_5_bg_50,5.0,50.0,31,Intensity-Weighted Centroid,Gaussian Fitting,50,0.040396315880042666,0.029350862765266883,-0.09607901872092364,0.17509835889226877,6.695944010280073
11A_sig_4_snr_10_bg_10,10.0,10.0,31,Intensity-Weighted Centroid,Gaussian Fitting,50,-0.1064327728237377,-0.09464965168905504,-0.1804881941015167,-0.03421569752285871,4.680868010036647
11A_sig_4_snr_10_bg_100,10.0,100.0,31,Intensity-Weighted Centroid,Gaussian Fitting,50,-0.08627595979983949,-0.07048653946588551,-0.17563401496510267,0.0017353813017486814,4.726356016471982
11A_sig_4_snr_10_bg_200,10.0,200.0,31,Intensity-Weighted Centroid,Gaussian Fitting,50,0.022025900534567322,0.027595516544949628,-0.06314019056177213,0.10551928545691881,6.576334023848176
11A_sig_4_snr_10_bg_50,10.0,50.0,31,Intensity-Weighted Centroid,Gaussian Fitting,50,-0.11846160595615424,-0.11134602554896428,-0.1901269770566062,-0.042457357893131376,4.772269977256656
11A_sig_4_snr_15_bg_10,15.0,10.0,31,Intensity-Weighted Centroid,Gaussian Fitting,50,-0.14429912653272475,-0.1396009856630175,-0.1965750395816556,-0.08778729800337523,4.853527983650565
11A_sig_4_snr_15_bg_100,15.0,100.0,31,Intensity-Weighted Centroid,Gaussian Fitting,50,-0.10833346196185417,-0.10161491385840019,-0.15810786876213864,-0.057059121826122154,4.732135990634561
11A_sig_4_snr_15_bg_200,15.0,200.0,31,Intensity-Weighted Centroid,Gaussian Fitting,50,-0.12045761234189911,-0.10609934632269741,-0.1811000918753503,-0.054816405884271634,6.3685919949784875
11A_sig_4_snr_15_bg_50,15.0,50.0,31,Intensity-Weighted Centroid,Gaussian Fitting,50,-0.1535742203950326,-0.14185569583759727,-0.20391016456228317,-0.10086586000420356,4.379128008149564
11A_sig_4_snr_20_bg_10,20.0,10.0,31,Intensity-Weighted Centroid,Gaussian Fitting,50,-0.1153973998758976,-0.10439665795547426,-0.14954870665430717,-0.07893415892995707,5.678718034178019
11A_sig_4_snr_20_bg_100,20.0,100.0,31,Intensity-Weighted Centroid,Gaussian Fitting,50,-0.08882831088637576,-0.08598885747642,-0.11215258389886625,-0.06276554222582102,6.489168023690581
11A_sig_4_snr_20_bg_200,20.0,200.0,31,Intensity-Weighted Centroid,Gaussian Fitting,50,-0.1323368176663729,-0.11723531591010686,-0.17667286790502273,-0.08675410345947979,10.213909964077175
11A_sig_4_snr_20_bg_50,20.0,50.0,31,Intensity-Weighted Centroid,Gaussian Fitting,50,-0.10387089751728053,-0.09475759168543081,-0.13337799710764903,-0.07469668570970543,6.665401984937489
11A_sig_4_snr_5_bg_10,5.0,10.0,31,Intensity-Weighted Centroid,Gaussian Fitting,50,0.05208813143910418,0.02102278987973638,-0.0843674532704925,0.1906619092367696,5.918119978159666
11A_sig_4_snr_5_bg_100,5.0,100.0,31,Intensity-Weighted Centroid,Gaussian Fitting,50,0.14685441914065978,0.1262144594968791,0.03480014110779409,0.2662319119608131,6.182610015384853
11A_sig_4_snr_5_bg_200,5.0,200.0,31,Intensity-Weighted Centroid,Gaussian Fitting,50,0.3547477286637886,0.2640170942259443,0.18844762710088084,0.5094972668123686,6.925392020493746
11A_sig_4_snr_5_bg_50,5.0,50.0,31,Intensity-Weighted Centroid,Gaussian Fitting,50,0.11336888109965015,0.08902509702918948,-0.024488546479689486,0.24867939259062535,5.457000001333654
11B_bgtype_horizontal_sig_1,15.0,50.0,31,Intensity-Weighted Centroid,Gaussian Fitting,50,-0.4779965163254818,-0.41649844466035213,-0.5739412554308267,-0.3751502904725873,10.677150022238493
11B_bgtype_horizontal_sig_2,15.0,50.0,31,Intensity-Weighted Centroid,Gaussian Fitting,50,-0.477826662380603,-0.409619286872373,-0.5786080661103277,-0.3728378016930315,6.248026005923748
11B_bgtype_horizontal_sig_3,15.0,50.0,31,Intensity-Weighted Centroid,Gaussian Fitting,50,-0.294331649460357,-0.2701769654342925,-0.3599939038134865,-0.22664445113492848,6.143436026759446
11B_bgtype_horizontal_sig_4,15.0,50.0,31,Intensity-Weighted Centroid,Gaussian Fitting,50,-0.20054252949058599,-0.1803496173480148,-0.2487168811065599,-0.14885701651138986,6.572678019292653
11B_bgtype_two_dimensional_sig_1,15.0,50.0,31,Intensity-Weighted Centroid,Gaussian Fitting,50,-0.5768160457146131,-0.5411184200741841,-0.674090137543116,-0.48281232724793033,9.984875973314047
11B_bgtype_two_dimensional_sig_2,15.0,50.0,31,Intensity-Weighted Centroid,Gaussian Fitting,50,-0.3905835954483521,-0.36968430147055686,-0.47059889732239046,-0.31709794441087497,6.988522028550506
11B_bgtype_two_dimensional_sig_3,15.0,50.0,31,Intensity-Weighted Centroid,Gaussian Fitting,50,-0.34518629482715174,-0.29420475700933446,-0.43523792055934524,-0.2596660652942545,7.291498007252812
11B_bgtype_two_dimensional_sig_4,15.0,50.0,31,Intensity-Weighted Centroid,Gaussian Fitting,50,-0.22415296540814242,-0.20589129037121492,-0.2827428555204719,-0.16425182100471716,7.468975973315537
11B_bgtype_vertical_sig_1,15.0,50.0,31,Intensity-Weighted Centroid,Gaussian Fitting,50,-0.46962310064971,-0.4420445826474453,-0.5442250665816197,-0.3967600761893896,11.231821994297206
11B_bgtype_vertical_sig_2,15.0,50.0,31,Intensity-Weighted Centroid,Gaussian Fitting,50,-0.3986341819962682,-0.34994095225974386,-0.4861898389454578,-0.3078034955234749,6.174953966401517
11B_bgtype_vertical_sig_3,15.0,50.0,31,Intensity-Weighted Centroid,Gaussian Fitting,50,-0.2855211606179015,-0.248456724502185,-0.36110451708691615,-0.20858541645044557,5.99205800332129
11B_bgtype_vertical_sig_4,15.0,50.0,31,Intensity-Weighted Centroid,Gaussian Fitting,50,-0.18276155063118668,-0.1615693300321026,-0.24259984959544958,-0.12395562676614275,6.430452009662986
11C_phase_sig_1_px0.125_py0,15.0,50.0,31,Intensity-Weighted Centroid,Gaussian Fitting,10,-0.37787853418354345,-0.34535551881833715,-0.5703042452701376,-0.1557869826977757,9.44868999067694
11C_phase_sig_1_px0.125_py0.125,15.0,50.0,31,Intensity-Weighted Centroid,Gaussian Fitting,10,-0.2728297909876689,-0.28826440008666876,-0.3533306890410729,-0.20143731988767813,10.138299991376698
11C_phase_sig_1_px0.125_py0.25,15.0,50.0,31,Intensity-Weighted Centroid,Gaussian Fitting,10,-0.5544991654860979,-0.4872700928576701,-0.9097670862315741,-0.1980625343941648,9.443049971014261
11C_phase_sig_1_px0.125_py0.375,15.0,50.0,31,Intensity-Weighted Centroid,Gaussian Fitting,10,-0.687344483630747,-0.5893353763824941,-0.9624165746520835,-0.3709675769568857,8.963719941675663
11C_phase_sig_1_px0.125_py0.5,15.0,50.0,31,Intensity-Weighted Centroid,Gaussian Fitting,10,-0.4684554696279336,-0.38680682277386413,-0.7555697491774888,-0.1636317154121242,11.395219969563186
11C_phase_sig_1_px0.125_py0.625,15.0,50.0,31,Intensity-Weighted Centroid,Gaussian Fitting,10,-0.3863587513442154,-0.38925548015864614,-0.5245345553142945,-0.2548411962374893,8.511799992993474
11C_phase_sig_1_px0.125_py0.75,15.0,50.0,31,Intensity-Weighted Centroid,Gaussian Fitting,10,-0.3660553829936619,-0.32514432264578663,-0.5736219228910485,-0.16954364533632743,11.254759994335473
11C_phase_sig_1_px0.125_py0.875,15.0,50.0,31,Intensity-Weighted Centroid,Gaussian Fitting,10,-0.2765993086743775,-0.27082248262144126,-0.3695225412665575,-0.1857726455820366,11.605419963598251
11C_phase_sig_1_px0.25_py0,15.0,50.0,31,Intensity-Weighted Centroid,Gaussian Fitting,10,-0.4574039998458333,-0.4193454664412469,-0.6259587631912568,-0.2606890078198336,8.947420027107
11C_phase_sig_1_px0.25_py0.125,15.0,50.0,31,Intensity-Weighted Centroid,Gaussian Fitting,10,-0.39763079659886946,-0.38659965394545415,-0.5756492024600629,-0.23703137835761473,10.233729961328208
11C_phase_sig_1_px0.25_py0.25,15.0,50.0,31,Intensity-Weighted Centroid,Gaussian Fitting,10,-0.5226778681264227,-0.48423956008981617,-0.749428088897512,-0.2709636854888161,9.328569984063506
11C_phase_sig_1_px0.25_py0.375,15.0,50.0,31,Intensity-Weighted Centroid,Gaussian Fitting,10,-0.6181171984426161,-0.5980645143314376,-0.7748217258500464,-0.45223517876029173,10.70458993781358
11C_phase_sig_1_px0.25_py0.5,15.0,50.0,31,Intensity-Weighted Centroid,Gaussian Fitting,10,-0.3530435892507175,-0.3081429887552687,-0.49730315765136884,-0.2002710378056259,9.064810001291335
11C_phase_sig_1_px0.25_py0.625,15.0,50.0,31,Intensity-Weighted Centroid,Gaussian Fitting,10,-0.5938063547592056,-0.5760388280732012,-0.706266945993305,-0.46911677937225915,9.639339940622449
11C_phase_sig_1_px0.25_py0.75,15.0,50.0,31,Intensity-Weighted Centroid,Gaussian Fitting,10,-0.45454966606115754,-0.3963249480814212,-0.6461176674090093,-0.24272850213482616,9.593789954669774
11C_phase_sig_1_px0.25_py0.875,15.0,50.0,31,Intensity-Weighted Centroid,Gaussian Fitting,10,-0.5728485079159663,-0.4112929741955605,-0.9306081081106395,-0.18437762937657284,9.139160020276904
11C_phase_sig_1_px0.375_py0,15.0,50.0,31,Intensity-Weighted Centroid,Gaussian Fitting,10,-0.2162762513209893,-0.2106181693628448,-0.3272391309517672,-0.09837897912913618,9.779739961959422
11C_phase_sig_1_px0.375_py0.125,15.0,50.0,31,Intensity-Weighted Centroid,Gaussian Fitting,10,-0.4234172217812725,-0.38137952934373587,-0.5512676058929521,-0.2564558311130141,10.416870075277984
11C_phase_sig_1_px0.375_py0.25,15.0,50.0,31,Intensity-Weighted Centroid,Gaussian Fitting,10,-0.6121533346507383,-0.5109566349677529,-0.9341672434914379,-0.3085378916607029,11.062659998424351
11C_phase_sig_1_px0.375_py0.375,15.0,50.0,31,Intensity-Weighted Centroid,Gaussian Fitting,10,-0.7016895122588094,-0.6632769265468398,-0.8815796169537654,-0.5101288173345075,9.141439944505692
11C_phase_sig_1_px0.375_py0.5,15.0,50.0,31,Intensity-Weighted Centroid,Gaussian Fitting,10,-0.5541162798198563,-0.4938591901887147,-0.7513569639274179,-0.3354487795388395,9.172379970550537
11C_phase_sig_1_px0.375_py0.625,15.0,50.0,31,Intensity-Weighted Centroid,Gaussian Fitting,10,-0.40204182260863985,-0.3822343238661649,-0.5156184940500138,-0.28029209210745065,9.18880004901439
11C_phase_sig_1_px0.375_py0.75,15.0,50.0,31,Intensity-Weighted Centroid,Gaussian Fitting,10,-0.5819994225800131,-0.5260356552217454,-0.8068071399062583,-0.33219520348932774,9.588909987360239
11C_phase_sig_1_px0.375_py0.875,15.0,50.0,31,Intensity-Weighted Centroid,Gaussian Fitting,10,-0.2831801265771519,-0.281638782528582,-0.3746155094349233,-0.1796375636447515,9.849829971790314
11C_phase_sig_1_px0.5_py0,15.0,50.0,31,Intensity-Weighted Centroid,Gaussian Fitting,10,-0.5421216010430224,-0.4985736650899434,-0.7282030329811362,-0.35586101462300956,10.344699979759753
11C_phase_sig_1_px0.5_py0.125,15.0,50.0,31,Intensity-Weighted Centroid,Gaussian Fitting,10,-0.4482930568871264,-0.4551953700577504,-0.5242496933211134,-0.37770128156043276,9.191449917852879
11C_phase_sig_1_px0.5_py0.25,15.0,50.0,31,Intensity-Weighted Centroid,Gaussian Fitting,10,-0.5225301332927047,-0.4524581936852875,-0.710825982891144,-0.2935132033285478,9.936099965125322
11C_phase_sig_1_px0.5_py0.375,15.0,50.0,31,Intensity-Weighted Centroid,Gaussian Fitting,10,-0.5105257248311463,-0.5144508663522771,-0.5854354155526156,-0.43460371191281727,9.982219943776727
11C_phase_sig_1_px0.5_py0.5,15.0,50.0,31,Intensity-Weighted Centroid,Gaussian Fitting,10,-0.5045197217773527,-0.49822958165395415,-0.6082455499382976,-0.40862256585120244,8.772539999336004
11C_phase_sig_1_px0.5_py0.625,15.0,50.0,31,Intensity-Weighted Centroid,Gaussian Fitting,10,-0.4650982821723384,-0.44677480414938836,-0.6062716089952668,-0.3147984280773563,11.404349957592785
11C_phase_sig_1_px0.5_py0.75,15.0,50.0,31,Intensity-Weighted Centroid,Gaussian Fitting,10,-0.49036758995546037,-0.45308570562928874,-0.6768846354598542,-0.2893341196873814,9.989049984142184
11C_phase_sig_1_px0.5_py0.875,15.0,50.0,31,Intensity-Weighted Centroid,Gaussian Fitting,10,-0.4169383153680326,-0.4029228868459757,-0.5377260307772082,-0.2737521509014241,8.3369700005278
11C_phase_sig_1_px0.625_py0,15.0,50.0,31,Intensity-Weighted Centroid,Gaussian Fitting,10,-0.20861083502250122,-0.1139176959035666,-0.4930918253739128,0.08954806006555059,13.452400011010468
11C_phase_sig_1_px0.625_py0.125,15.0,50.0,31,Intensity-Weighted Centroid,Gaussian Fitting,10,-0.3751502632952608,-0.3224493426613509,-0.5341673855834391,-0.20863682648520135,9.092790051363409
11C_phase_sig_1_px0.625_py0.25,15.0,50.0,31,Intensity-Weighted Centroid,Gaussian Fitting,10,-0.5236365254052952,-0.4938901236037601,-0.6695369252097106,-0.35483551701306626,11.203609849326313
11C_phase_sig_1_px0.625_py0.375,15.0,50.0,31,Intensity-Weighted Centroid,Gaussian Fitting,10,-0.7130700547035906,-0.6851215469533996,-0.8744504239555565,-0.5392518136196467,10.036359960213304
11C_phase_sig_1_px0.625_py0.5,15.0,50.0,31,Intensity-Weighted Centroid,Gaussian Fitting,10,-0.494619016108007,-0.4873104579094291,-0.6593528057338172,-0.33950286652693495,9.36558002140373
11C_phase_sig_1_px0.625_py0.625,15.0,50.0,31,Intensity-Weighted Centroid,Gaussian Fitting,10,-0.6312840752518912,-0.5600561332453675,-0.8706289157632475,-0.3514279011978813,11.648489930666983
11C_phase_sig_1_px0.625_py0.75,15.0,50.0,31,Intensity-Weighted Centroid,Gaussian Fitting,10,-0.6569989433630012,-0.5725199469078093,-0.8832567420143373,-0.4141925496067681,11.843299982137978
11C_phase_sig_1_px0.625_py0.875,15.0,50.0,31,Intensity-Weighted Centroid,Gaussian Fitting,10,-0.4145474330251012,-0.3535699665565544,-0.651416585665009,-0.16781161371634742,9.367349953390658
11C_phase_sig_1_px0.75_py0,15.0,50.0,31,Intensity-Weighted Centroid,Gaussian Fitting,10,-0.514547525336224,-0.5174530002889741,-0.6551349312057315,-0.3704176315799304,9.03514998499304
11C_phase_sig_1_px0.75_py0.125,15.0,50.0,31,Intensity-Weighted Centroid,Gaussian Fitting,10,-0.2734691705032426,-0.2626384597158271,-0.3973153224124081,-0.1394583192252336,9.621089976280928
11C_phase_sig_1_px0.75_py0.25,15.0,50.0,31,Intensity-Weighted Centroid,Gaussian Fitting,10,-0.5039973007938843,-0.39460872009330783,-0.7345130993595317,-0.25348623417118854,9.03220996260643
11C_phase_sig_1_px0.75_py0.375,15.0,50.0,31,Intensity-Weighted Centroid,Gaussian Fitting,10,-0.4635051490594556,-0.4397974356841977,-0.5835959897308267,-0.33929739301586337,9.963690000586212
11C_phase_sig_1_px0.75_py0.5,15.0,50.0,31,Intensity-Weighted Centroid,Gaussian Fitting,10,-0.5777555207494962,-0.5542334055942841,-0.7181461005615147,-0.40830166362384296,9.593090019188821
11C_phase_sig_1_px0.75_py0.625,15.0,50.0,31,Intensity-Weighted Centroid,Gaussian Fitting,10,-0.6119863831702728,-0.5844031165632667,-0.788019645109572,-0.4146777246590512,8.43285999726504
11C_phase_sig_1_px0.75_py0.75,15.0,50.0,31,Intensity-Weighted Centroid,Gaussian Fitting,10,-0.38434023513379567,-0.3019767242456095,-0.6266749548471081,-0.14187271638902846,9.839779953472316
11C_phase_sig_1_px0.75_py0.875,15.0,50.0,31,Intensity-Weighted Centroid,Gaussian Fitting,10,-0.26921683613503056,-0.23829531925553266,-0.4634665300004874,-0.11736254808604576,11.114879976958036
11C_phase_sig_1_px0.875_py0,15.0,50.0,31,Intensity-Weighted Centroid,Gaussian Fitting,10,-0.43237055193890184,-0.4256203486662935,-0.5416214157333653,-0.32685054753490894,10.186709999106824
11C_phase_sig_1_px0.875_py0.125,15.0,50.0,31,Intensity-Weighted Centroid,Gaussian Fitting,10,-0.27578208704968776,-0.24001611396894923,-0.45724698731810676,-0.0898157315875353,9.277490014210343
11C_phase_sig_1_px0.875_py0.25,15.0,50.0,31,Intensity-Weighted Centroid,Gaussian Fitting,10,-0.3970638707175969,-0.35020473020340737,-0.563540123511189,-0.19718715701741604,9.836100041866302
11C_phase_sig_1_px0.875_py0.375,15.0,50.0,31,Intensity-Weighted Centroid,Gaussian Fitting,10,-0.3469563672099406,-0.34287023723795806,-0.4261080496843067,-0.25684592128993045,8.889560005627573
11C_phase_sig_1_px0.875_py0.5,15.0,50.0,31,Intensity-Weighted Centroid,Gaussian Fitting,10,-0.6675934600043304,-0.633250753213349,-0.8356267558777531,-0.4988078428965061,9.206860000267625
11C_phase_sig_1_px0.875_py0.625,15.0,50.0,31,Intensity-Weighted Centroid,Gaussian Fitting,10,-0.4482887686901639,-0.3752588910195669,-0.6849048208681421,-0.19661581425325758,9.968319977633655
11C_phase_sig_1_px0.875_py0.75,15.0,50.0,31,Intensity-Weighted Centroid,Gaussian Fitting,10,-0.33513025464204227,-0.3579446961426616,-0.4409335396347854,-0.2279016877104163,8.675209968350828
11C_phase_sig_1_px0.875_py0.875,15.0,50.0,31,Intensity-Weighted Centroid,Gaussian Fitting,10,-0.2817253468833558,-0.24360485927752912,-0.45244243132434864,-0.10814926733271475,9.690480004064739
11C_phase_sig_1_px0_py0,15.0,50.0,31,Intensity-Weighted Centroid,Gaussian Fitting,10,-0.1929426190865123,-0.18333224086867486,-0.32368154179348063,-0.08792226656122318,9.783240058459342
11C_phase_sig_1_px0_py0.125,15.0,50.0,31,Intensity-Weighted Centroid,Gaussian Fitting,10,-0.320325515312061,-0.29315890540015016,-0.47689208707515424,-0.15421230845497763,10.387980006635189
11C_phase_sig_1_px0_py0.25,15.0,50.0,31,Intensity-Weighted Centroid,Gaussian Fitting,10,-0.40742543224705524,-0.3543065298149525,-0.6278904266407893,-0.20362157367814313,9.050849918276072
11C_phase_sig_1_px0_py0.375,15.0,50.0,31,Intensity-Weighted Centroid,Gaussian Fitting,10,-0.500502701191984,-0.478458210384498,-0.6418160808775898,-0.3639370038101625,9.838459989987314
11C_phase_sig_1_px0_py0.5,15.0,50.0,31,Intensity-Weighted Centroid,Gaussian Fitting,10,-0.5856210211398489,-0.5400014503578905,-0.7421814277698406,-0.3832449306488582,8.81629001814872
11C_phase_sig_1_px0_py0.625,15.0,50.0,31,Intensity-Weighted Centroid,Gaussian Fitting,10,-0.38799564905044753,-0.3818463199473864,-0.5792501392014556,-0.2301397611936891,8.922180021181703
11C_phase_sig_1_px0_py0.75,15.0,50.0,31,Intensity-Weighted Centroid,Gaussian Fitting,10,-0.3835137164112349,-0.365891100057464,-0.5331043614121522,-0.22939515599762292,8.555120043456554
11C_phase_sig_1_px0_py0.875,15.0,50.0,31,Intensity-Weighted Centroid,Gaussian Fitting,10,-0.3441634925379362,-0.2799579777396455,-0.5601534905969897,-0.14320337444762843,8.87114992365241
11C_phase_sig_2_px0.125_py0,15.0,50.0,31,Intensity-Weighted Centroid,Gaussian Fitting,10,-0.2132019134337948,-0.18999927674660852,-0.4283102336506962,-0.012296044956515591,6.388119934126735
11C_phase_sig_2_px0.125_py0.125,15.0,50.0,31,Intensity-Weighted Centroid,Gaussian Fitting,10,-0.22398897001092072,-0.20517290706892738,-0.3288880061385002,-0.10689097435419304,5.683720018714666
11C_phase_sig_2_px0.125_py0.25,15.0,50.0,31,Intensity-Weighted Centroid,Gaussian Fitting,10,-0.24558723836797905,-0.23295188931589053,-0.33081472128822625,-0.13905738239683246,5.42423992883414
11C_phase_sig_2_px0.125_py0.375,15.0,50.0,31,Intensity-Weighted Centroid,Gaussian Fitting,10,-0.32300540484156315,-0.28538338477078273,-0.4829575404319611,-0.16109765389394376,6.983580044470727
11C_phase_sig_2_px0.125_py0.5,15.0,50.0,31,Intensity-Weighted Centroid,Gaussian Fitting,10,-0.5126070862533815,-0.42312498947869776,-0.791380229068412,-0.20539097617297816,5.424749990925193
11C_phase_sig_2_px0.125_py0.625,15.0,50.0,31,Intensity-Weighted Centroid,Gaussian Fitting,10,-0.3008485753721693,-0.2606386781586104,-0.4567936497058974,-0.1504750398671865,6.209330004639924
11C_phase_sig_2_px0.125_py0.75,15.0,50.0,31,Intensity-Weighted Centroid,Gaussian Fitting,10,-0.1909364282415809,-0.18036894078303184,-0.29392652177185635,-0.09767125933843565,5.633310065604746
11C_phase_sig_2_px0.125_py0.875,15.0,50.0,31,Intensity-Weighted Centroid,Gaussian Fitting,10,-0.25698527091151085,-0.25577242558336444,-0.3578725529136412,-0.16478240535065014,6.019680039025843
11C_phase_sig_2_px0.25_py0,15.0,50.0,31,Intensity-Weighted Centroid,Gaussian Fitting,10,-0.3011234627407575,-0.23566550246079837,-0.48609414383920213,-0.08289148756112694,5.698939971625805
11C_phase_sig_2_px0.25_py0.125,15.0,50.0,31,Intensity-Weighted Centroid,Gaussian Fitting,10,-0.1840486384027354,-0.1569277582431897,-0.27573686531961034,-0.09562514427715361,6.212929985485971
11C_phase_sig_2_px0.25_py0.25,15.0,50.0,31,Intensity-Weighted Centroid,Gaussian Fitting,10,-0.34586431502295634,-0.32338167139180246,-0.5003456221535951,-0.19824202518554193,6.357010011561215
11C_phase_sig_2_px0.25_py0.375,15.0,50.0,31,Intensity-Weighted Centroid,Gaussian Fitting,10,-0.39455194902393204,-0.3723599918614295,-0.510559871412517,-0.27247104169565667,6.065610004588962
11C_phase_sig_2_px0.25_py0.5,15.0,50.0,31,Intensity-Weighted Centroid,Gaussian Fitting,10,-0.5731884811240493,-0.5570986078480971,-0.7745641164992736,-0.3599361362528908,5.61070004478097
11C_phase_sig_2_px0.25_py0.625,15.0,50.0,31,Intensity-Weighted Centroid,Gaussian Fitting,10,-0.309857318033954,-0.28168585178459904,-0.42386863950619375,-0.17178789227158936,6.737819989211857
11C_phase_sig_2_px0.25_py0.75,15.0,50.0,31,Intensity-Weighted Centroid,Gaussian Fitting,10,-0.3884585686678438,-0.363269979485604,-0.5689380821850214,-0.20768527153238528,6.087429914623499
11C_phase_sig_2_px0.25_py0.875,15.0,50.0,31,Intensity-Weighted Centroid,Gaussian Fitting,10,-0.33989712392258287,-0.3006076773664978,-0.48571738873039205,-0.17552281747500068,5.705840024165809
11C_phase_sig_2_px0.375_py0,15.0,50.0,31,Intensity-Weighted Centroid,Gaussian Fitting,10,-0.33164825263440556,-0.28939371468228914,-0.5087977393559238,-0.1526434750016032,5.593470041640103
11C_phase_sig_2_px0.375_py0.125,15.0,50.0,31,Intensity-Weighted Centroid,Gaussian Fitting,10,-0.27767812370061085,-0.19377029961557174,-0.43158558604358355,-0.08473204180030902,6.019809958525002
11C_phase_sig_2_px0.375_py0.25,15.0,50.0,31,Intensity-Weighted Centroid,Gaussian Fitting,10,-0.37209028485389606,-0.3678181019316473,-0.4703053570912545,-0.26858926171962283,4.996569943614304
11C_phase_sig_2_px0.375_py0.375,15.0,50.0,31,Intensity-Weighted Centroid,Gaussian Fitting,10,-0.4887695478031798,-0.435917083105707,-0.6549687794310185,-0.304851165537683,5.940390005707741
11C_phase_sig_2_px0.375_py0.5,15.0,50.0,31,Intensity-Weighted Centroid,Gaussian Fitting,10,-0.45177346200415325,-0.3971448562997463,-0.6469822195385442,-0.25081249031229635,5.305779934860766
11C_phase_sig_2_px0.375_py0.625,15.0,50.0,31,Intensity-Weighted Centroid,Gaussian Fitting,10,-0.5001009322158119,-0.46035441744800865,-0.6599637558485733,-0.3307542194641669,5.515290074981749
11C_phase_sig_2_px0.375_py0.75,15.0,50.0,31,Intensity-Weighted Centroid,Gaussian Fitting,10,-0.18147498837902987,-0.16631091898081068,-0.2664860735092018,-0.08129281036941648,7.088630087673664
11C_phase_sig_2_px0.375_py0.875,15.0,50.0,31,Intensity-Weighted Centroid,Gaussian Fitting,10,-0.27812648323928363,-0.29308489010462085,-0.39185228499391733,-0.17818215730838446,6.437290064059198
11C_phase_sig_2_px0.5_py0,15.0,50.0,31,Intensity-Weighted Centroid,Gaussian Fitting,10,-0.4264539818526134,-0.3660626262833925,-0.6519056112692532,-0.21320931836093412,6.770549970678985
11C_phase_sig_2_px0.5_py0.125,15.0,50.0,31,Intensity-Weighted Centroid,Gaussian Fitting,10,-0.34843832048371276,-0.2860823484611602,-0.5098124461742829,-0.1629202708755096,5.9926599729806185
11C_phase_sig_2_px0.5_py0.25,15.0,50.0,31,Intensity-Weighted Centroid,Gaussian Fitting,10,-0.33320368474521295,-0.27524868452616497,-0.5083531223619865,-0.14719144891760932,5.451170005835593
11C_phase_sig_2_px0.5_py0.375,15.0,50.0,31,Intensity-Weighted Centroid,Gaussian Fitting,10,-0.4749389534315787,-0.42940698986055703,-0.6187721981324931,-0.32212928851319306,5.5455299792811275
11C_phase_sig_2_px0.5_py0.5,15.0,50.0,31,Intensity-Weighted Centroid,Gaussian Fitting,10,-0.36213542847743585,-0.31534616847849134,-0.5348292931497578,-0.16045037252782401,6.079059978947043
11C_phase_sig_2_px0.5_py0.625,15.0,50.0,31,Intensity-Weighted Centroid,Gaussian Fitting,10,-0.4957902352789153,-0.42599184248935423,-0.6443621661246746,-0.311716817212486,5.710459919646382
11C_phase_sig_2_px0.5_py0.75,15.0,50.0,31,Intensity-Weighted Centroid,Gaussian Fitting,10,-0.4816773132984829,-0.4367144926739781,-0.6281722083978435,-0.3289681548399415,5.658390023745596
11C_phase_sig_2_px0.5_py0.875,15.0,50.0,31,Intensity-Weighted Centroid,Gaussian Fitting,10,-0.4353932827997762,-0.38518215642148423,-0.5863300924706702,-0.27275744281263337,6.540880026295781
11C_phase_sig_2_px0.625_py0,15.0,50.0,31,Intensity-Weighted Centroid,Gaussian Fitting,10,-0.35225588586836876,-0.3227241826504976,-0.45079463501863803,-0.24429250451481807,5.544410017319024
11C_phase_sig_2_px0.625_py0.125,15.0,50.0,31,Intensity-Weighted Centroid,Gaussian Fitting,10,-0.4086291672240567,-0.3765088859334432,-0.5475478907608433,-0.2601044151162012,6.220289971679449
11C_phase_sig_2_px0.625_py0.25,15.0,50.0,31,Intensity-Weighted Centroid,Gaussian Fitting,10,-0.3627222584786969,-0.3127694177193625,-0.48780929264311257,-0.19918044075717156,6.348149874247611
11C_phase_sig_2_px0.625_py0.375,15.0,50.0,31,Intensity-Weighted Centroid,Gaussian Fitting,10,-0.39663171336258557,-0.36529957266393276,-0.5797253870355875,-0.20309619521287445,6.304380018264055
11C_phase_sig_2_px0.625_py0.5,15.0,50.0,31,Intensity-Weighted Centroid,Gaussian Fitting,10,-0.5277833909988514,-0.4909935409072336,-0.6931917266656886,-0.34721353304054403,5.895710038021207
11C_phase_sig_2_px0.625_py0.625,15.0,50.0,31,Intensity-Weighted Centroid,Gaussian Fitting,10,-0.4770434961073023,-0.4370611621957794,-0.7327742244833269,-0.2480838159665099,6.718880054540932
11C_phase_sig_2_px0.625_py0.75,15.0,50.0,31,Intensity-Weighted Centroid,Gaussian Fitting,10,-0.4412200888535035,-0.4116472714079706,-0.5878842879102621,-0.2809790582557196,5.666500004008412
11C_phase_sig_2_px0.625_py0.875,15.0,50.0,31,Intensity-Weighted Centroid,Gaussian Fitting,10,-0.38170763089095194,-0.3332943271806475,-0.5800370363450266,-0.19994137962607,5.8688899502158165
11C_phase_sig_2_px0.75_py0,15.0,50.0,31,Intensity-Weighted Centroid,Gaussian Fitting,10,-0.23756449768228813,-0.1804648512378289,-0.4348000038074328,-0.03620543045702341,5.802999995648861
11C_phase_sig_2_px0.75_py0.125,15.0,50.0,31,Intensity-Weighted Centroid,Gaussian Fitting,10,-0.14670136936091716,-0.12752358567606056,-0.27400545065116605,-0.018725888545017565,6.284169876016676
11C_phase_sig_2_px0.75_py0.25,15.0,50.0,31,Intensity-Weighted Centroid,Gaussian Fitting,10,-0.2702700852055876,-0.2523248237885624,-0.3861359946179587,-0.14103967513410418,5.791339999996126
11C_phase_sig_2_px0.75_py0.375,15.0,50.0,31,Intensity-Weighted Centroid,Gaussian Fitting,10,-0.5873756030018349,-0.5788483595695548,-0.6956901735875436,-0.4761790922623346,5.888709984719753
11C_phase_sig_2_px0.75_py0.5,15.0,50.0,31,Intensity-Weighted Centroid,Gaussian Fitting,10,-0.38139108553839984,-0.34635008719927346,-0.5483607626700583,-0.1827529571288869,6.196990027092397
11C_phase_sig_2_px0.75_py0.625,15.0,50.0,31,Intensity-Weighted Centroid,Gaussian Fitting,10,-0.3466724559211877,-0.3086875198668823,-0.4755216984553374,-0.19013551345956076,6.8932900205254555
11C_phase_sig_2_px0.75_py0.75,15.0,50.0,31,Intensity-Weighted Centroid,Gaussian Fitting,10,-0.36409076247743866,-0.33673493835394896,-0.4981894281839732,-0.20345700712459275,5.774069973267615
11C_phase_sig_2_px0.75_py0.875,15.0,50.0,31,Intensity-Weighted Centroid,Gaussian Fitting,10,-0.22871864902511235,-0.2248505100319218,-0.3551290903328957,-0.1031282873001889,6.313430005684495
11C_phase_sig_2_px0.875_py0,15.0,50.0,31,Intensity-Weighted Centroid,Gaussian Fitting,10,-0.202612781737945,-0.18347816063939618,-0.32419604566720045,-0.08434950824845314,5.836630053818226
11C_phase_sig_2_px0.875_py0.125,15.0,50.0,31,Intensity-Weighted Centroid,Gaussian Fitting,10,-0.14846251391719312,-0.11093928343211551,-0.3043321713003617,-0.0014151692854691676,6.105390074662864
11C_phase_sig_2_px0.875_py0.25,15.0,50.0,31,Intensity-Weighted Centroid,Gaussian Fitting,10,-0.39919742622560395,-0.3309313567187133,-0.6146432194007774,-0.14159110382043674,5.711039993911982
11C_phase_sig_2_px0.875_py0.375,15.0,50.0,31,Intensity-Weighted Centroid,Gaussian Fitting,10,-0.2530214838097756,-0.2428578732067724,-0.41792538156789366,-0.0667668074961627,6.555370055139065
11C_phase_sig_2_px0.875_py0.5,15.0,50.0,31,Intensity-Weighted Centroid,Gaussian Fitting,10,-0.4448466280225565,-0.4418307109427364,-0.5975015488521693,-0.27282125206050045,5.7581199798733
11C_phase_sig_2_px0.875_py0.625,15.0,50.0,31,Intensity-Weighted Centroid,Gaussian Fitting,10,-0.49861989463502865,-0.48255543033557724,-0.6387382000979769,-0.3360747967250288,6.512409984134138
11C_phase_sig_2_px0.875_py0.75,15.0,50.0,31,Intensity-Weighted Centroid,Gaussian Fitting,10,-0.3595489956186892,-0.34535026865342894,-0.5151496079655689,-0.21311907551323264,6.225300021469593
11C_phase_sig_2_px0.875_py0.875,15.0,50.0,31,Intensity-Weighted Centroid,Gaussian Fitting,10,-0.14449280489710287,-0.14693511129837167,-0.30598182502018756,0.015575362727265547,6.043819966726005
11C_phase_sig_2_px0_py0,15.0,50.0,31,Intensity-Weighted Centroid,Gaussian Fitting,10,-0.19154723567007728,-0.1681867424378969,-0.29222365273767853,-0.08104395411144914,6.175779923796654
11C_phase_sig_2_px0_py0.125,15.0,50.0,31,Intensity-Weighted Centroid,Gaussian Fitting,10,-0.3106906291077808,-0.2268503538669499,-0.5402984936391976,-0.05074141049326652,6.253100046887994
11C_phase_sig_2_px0_py0.25,15.0,50.0,31,Intensity-Weighted Centroid,Gaussian Fitting,10,-0.21247954690229964,-0.204063683215163,-0.3768954749991807,-0.036415125045125354,5.923289991915226
11C_phase_sig_2_px0_py0.375,15.0,50.0,31,Intensity-Weighted Centroid,Gaussian Fitting,10,-0.34304541411714007,-0.3255555431115934,-0.473095278575645,-0.18882636799050212,5.423170048743486
11C_phase_sig_2_px0_py0.5,15.0,50.0,31,Intensity-Weighted Centroid,Gaussian Fitting,10,-0.3051977446306019,-0.24601018054111223,-0.4570234048491581,-0.14820195331969888,5.918909911997616
11C_phase_sig_2_px0_py0.625,15.0,50.0,31,Intensity-Weighted Centroid,Gaussian Fitting,10,-0.4623453444797364,-0.44164219546246397,-0.6753814977303095,-0.2524499603174583,6.865789880976081
11C_phase_sig_2_px0_py0.75,15.0,50.0,31,Intensity-Weighted Centroid,Gaussian Fitting,10,-0.28036857820535366,-0.27332834165278985,-0.35114243298345477,-0.19188856495759193,6.528949947096407
11C_phase_sig_2_px0_py0.875,15.0,50.0,31,Intensity-Weighted Centroid,Gaussian Fitting,10,-0.3003760906952953,-0.26897832520696274,-0.43638190192498305,-0.15275923443870212,6.190770072862506
11C_phase_sig_4_px0.125_py0,15.0,50.0,31,Intensity-Weighted Centroid,Gaussian Fitting,10,-0.13575571908985737,-0.1259542512885784,-0.20980939880795677,-0.056431635384722116,6.2200300162658095
11C_phase_sig_4_px0.125_py0.125,15.0,50.0,31,Intensity-Weighted Centroid,Gaussian Fitting,10,-0.14139359949089342,-0.1388727387258045,-0.20639726421511523,-0.07791897852207658,6.032919907011092
11C_phase_sig_4_px0.125_py0.25,15.0,50.0,31,Intensity-Weighted Centroid,Gaussian Fitting,10,-0.08781876114885354,-0.07632462192410208,-0.19671777074966135,0.037078882856049544,6.082900008186698
11C_phase_sig_4_px0.125_py0.375,15.0,50.0,31,Intensity-Weighted Centroid,Gaussian Fitting,10,-0.08941456881606688,-0.0713437280547429,-0.1572616181287183,-0.006088092308436829,6.202890025451779
11C_phase_sig_4_px0.125_py0.5,15.0,50.0,31,Intensity-Weighted Centroid,Gaussian Fitting,10,-0.08516507488873087,-0.05742753809862844,-0.16636891621487807,-0.0006138287498926073,6.177619914524257
11C_phase_sig_4_px0.125_py0.625,15.0,50.0,31,Intensity-Weighted Centroid,Gaussian Fitting,10,-0.1872045520667536,-0.15260520120960563,-0.29778382710430573,-0.055165381169646775,6.498710019513965
11C_phase_sig_4_px0.125_py0.75,15.0,50.0,31,Intensity-Weighted Centroid,Gaussian Fitting,10,-0.13603475565043818,-0.13195232408310292,-0.28177409070019255,0.007265144295919013,6.181139987893403
11C_phase_sig_4_px0.125_py0.875,15.0,50.0,31,Intensity-Weighted Centroid,Gaussian Fitting,10,-0.12468636733857319,-0.11570379291885313,-0.21171589293256435,-0.04329441572509448,6.241810019128025
11C_phase_sig_4_px0.25_py0,15.0,50.0,31,Intensity-Weighted Centroid,Gaussian Fitting,10,-0.0929376785109666,-0.05882855289397132,-0.16093515836960215,-0.00805576248381864,6.624060007743537
11C_phase_sig_4_px0.25_py0.125,15.0,50.0,31,Intensity-Weighted Centroid,Gaussian Fitting,10,-0.12000921587890867,-0.13194484779452312,-0.24909749829568395,-0.014791182538836989,6.450259988196194
11C_phase_sig_4_px0.25_py0.25,15.0,50.0,31,Intensity-Weighted Centroid,Gaussian Fitting,10,-0.1876637573153011,-0.17552026900228565,-0.3141081054549406,-0.052031818599149356,6.345940055325627
11C_phase_sig_4_px0.25_py0.375,15.0,50.0,31,Intensity-Weighted Centroid,Gaussian Fitting,10,-0.13395558854498574,-0.12304598803713773,-0.2533680249903562,-0.011689998984134661,6.283140019513667
11C_phase_sig_4_px0.25_py0.5,15.0,50.0,31,Intensity-Weighted Centroid,Gaussian Fitting,10,-0.16066147159137834,-0.14857150551348874,-0.24072222187651113,-0.07555879793491788,6.0712001053616405
11C_phase_sig_4_px0.25_py0.625,15.0,50.0,31,Intensity-Weighted Centroid,Gaussian Fitting,10,-0.18469354722739026,-0.15678622563266859,-0.25943080398850454,-0.08830445223793895,5.90083000715822
11C_phase_sig_4_px0.25_py0.75,15.0,50.0,31,Intensity-Weighted Centroid,Gaussian Fitting,10,-0.17361278050309498,-0.14358595137574598,-0.2994601701010004,-0.029563142005575405,6.1870100209489465
11C_phase_sig_4_px0.25_py0.875,15.0,50.0,31,Intensity-Weighted Centroid,Gaussian Fitting,10,-0.17508532998375606,-0.16152419334495174,-0.26702784845460564,-0.07557696421625296,5.854000034742057
11C_phase_sig_4_px0.375_py0,15.0,50.0,31,Intensity-Weighted Centroid,Gaussian Fitting,10,-0.18930762999861467,-0.16770088376854642,-0.3226397497479217,-0.06185458835383047,6.220970000140369
11C_phase_sig_4_px0.375_py0.125,15.0,50.0,31,Intensity-Weighted Centroid,Gaussian Fitting,10,-0.0885254387677096,-0.07368979323611735,-0.17929056615623762,0.010142801209691044,6.263900035992265
11C_phase_sig_4_px0.375_py0.25,15.0,50.0,31,Intensity-Weighted Centroid,Gaussian Fitting,10,-0.22907250673146562,-0.224547306729256,-0.37641224669253726,-0.1000354994059213,5.936550023034215
11C_phase_sig_4_px0.375_py0.375,15.0,50.0,31,Intensity-Weighted Centroid,Gaussian Fitting,10,-0.23312068280195142,-0.21881995599745052,-0.31934265136952283,-0.12875183455541672,6.2872599344700575
11C_phase_sig_4_px0.375_py0.5,15.0,50.0,31,Intensity-Weighted Centroid,Gaussian Fitting,10,-0.11604578189168607,-0.10886258559880355,-0.16144609746277275,-0.06675600570663281,6.238660006783903
11C_phase_sig_4_px0.375_py0.625,15.0,50.0,31,Intensity-Weighted Centroid,Gaussian Fitting,10,-0.1541823506924422,-0.14113704506655728,-0.22224720795964387,-0.08744300723030007,6.498980009928346
11C_phase_sig_4_px0.375_py0.75,15.0,50.0,31,Intensity-Weighted Centroid,Gaussian Fitting,10,-0.18080848350594558,-0.18245543467180977,-0.28332553435082797,-0.06622025349965302,6.470689969137311
11C_phase_sig_4_px0.375_py0.875,15.0,50.0,31,Intensity-Weighted Centroid,Gaussian Fitting,10,-0.09550220768907045,-0.06459298853958931,-0.17851200626355226,0.008375930680440919,6.8449199898168445
11C_phase_sig_4_px0.5_py0,15.0,50.0,31,Intensity-Weighted Centroid,Gaussian Fitting,10,-0.18320926917901403,-0.14779939008258058,-0.3173044579387603,-0.0433456604371217,6.552399974316359
11C_phase_sig_4_px0.5_py0.125,15.0,50.0,31,Intensity-Weighted Centroid,Gaussian Fitting,10,-0.22792200177054545,-0.21388979824667093,-0.35735089123047636,-0.09638752533191222,5.9096899116411805
11C_phase_sig_4_px0.5_py0.25,15.0,50.0,31,Intensity-Weighted Centroid,Gaussian Fitting,10,-0.27562513002518607,-0.27349675045386135,-0.38029301730776655,-0.18367261103577817,5.9507000260055065
11C_phase_sig_4_px0.5_py0.375,15.0,50.0,31,Intensity-Weighted Centroid,Gaussian Fitting,10,-0.1777549704319052,-0.16296559122817025,-0.2501935962704572,-0.08911005814054407,6.428879941813648
11C_phase_sig_4_px0.5_py0.5,15.0,50.0,31,Intensity-Weighted Centroid,Gaussian Fitting,10,-0.31458617056935984,-0.2723184336187986,-0.44289332764482936,-0.1514859385080709,6.360859936103225
11C_phase_sig_4_px0.5_py0.625,15.0,50.0,31,Intensity-Weighted Centroid,Gaussian Fitting,10,-0.3067213901417777,-0.29983066184248797,-0.4070696654059177,-0.20432889081659586,6.036850111559033
11C_phase_sig_4_px0.5_py0.75,15.0,50.0,31,Intensity-Weighted Centroid,Gaussian Fitting,10,-0.2763998762959937,-0.25711312050361274,-0.4165968742125877,-0.10110701516547843,6.574049941264093
11C_phase_sig_4_px0.5_py0.875,15.0,50.0,31,Intensity-Weighted Centroid,Gaussian Fitting,10,-0.19285411302608663,-0.1481901712759585,-0.30818709878726264,-0.05556310367448785,6.7886600736528635
11C_phase_sig_4_px0.625_py0,15.0,50.0,31,Intensity-Weighted Centroid,Gaussian Fitting,10,-0.12329047382145006,-0.14368091184132228,-0.1989860360910917,-0.04483096681925307,6.184850004501641
11C_phase_sig_4_px0.625_py0.125,15.0,50.0,31,Intensity-Weighted Centroid,Gaussian Fitting,10,-0.22732172990821467,-0.20741114746593908,-0.33968190679924565,-0.1071874246203221,7.026799954473972
11C_phase_sig_4_px0.625_py0.25,15.0,50.0,31,Intensity-Weighted Centroid,Gaussian Fitting,10,-0.0686303335217594,-0.10475048132782502,-0.2028736590916192,0.038557243297943404,6.790319993160665
11C_phase_sig_4_px0.625_py0.375,15.0,50.0,31,Intensity-Weighted Centroid,Gaussian Fitting,10,-0.11690327065798184,-0.12932758521539212,-0.24017971747675348,-0.011302159446893044,5.961079942062497
11C_phase_sig_4_px0.625_py0.5,15.0,50.0,31,Intensity-Weighted Centroid,Gaussian Fitting,10,-0.26921737596826745,-0.26901387125764525,-0.381601430778896,-0.13940632036265319,6.4977399772033095
11C_phase_sig_4_px0.625_py0.625,15.0,50.0,31,Intensity-Weighted Centroid,Gaussian Fitting,10,-0.15788411551408793,-0.13492277385815032,-0.2871145179766344,-0.01582211801949059,6.587049993686378
11C_phase_sig_4_px0.625_py0.75,15.0,50.0,31,Intensity-Weighted Centroid,Gaussian Fitting,10,-0.19706118032561507,-0.20871056421096468,-0.2606785747125961,-0.1303330819493072,5.964549980126321
11C_phase_sig_4_px0.625_py0.875,15.0,50.0,31,Intensity-Weighted Centroid,Gaussian Fitting,10,-0.1775447224861767,-0.14798183955924726,-0.3100409279741842,-0.05972569612950059,5.900100036524236
11C_phase_sig_4_px0.75_py0,15.0,50.0,31,Intensity-Weighted Centroid,Gaussian Fitting,10,-0.12882274741569627,-0.12590828500615475,-0.1845814302222276,-0.07700602352045914,5.909739923663437
11C_phase_sig_4_px0.75_py0.125,15.0,50.0,31,Intensity-Weighted Centroid,Gaussian Fitting,10,-0.07485835964888682,-0.069296437293519,-0.1797953122754489,0.022885425412081245,5.905359936878085
11C_phase_sig_4_px0.75_py0.25,15.0,50.0,31,Intensity-Weighted Centroid,Gaussian Fitting,10,-0.1381936097625666,-0.12472755979374722,-0.22753524953135407,-0.040027432888981855,6.321840034797788
11C_phase_sig_4_px0.75_py0.375,15.0,50.0,31,Intensity-Weighted Centroid,Gaussian Fitting,10,-0.29478686442966606,-0.27520097414869304,-0.3974349622249385,-0.19919779947068894,6.175820040516555
11C_phase_sig_4_px0.75_py0.5,15.0,50.0,31,Intensity-Weighted Centroid,Gaussian Fitting,10,-0.08579977751319862,-0.11259789047291927,-0.22002163840803857,0.0410198535125424,6.015300005674362
11C_phase_sig_4_px0.75_py0.625,15.0,50.0,31,Intensity-Weighted Centroid,Gaussian Fitting,10,-0.1295392781896369,-0.11670987588168807,-0.2007236094330961,-0.05306762225023707,6.236999994143844
11C_phase_sig_4_px0.75_py0.75,15.0,50.0,31,Intensity-Weighted Centroid,Gaussian Fitting,10,-0.2397003463441412,-0.23178417001686416,-0.28525243949291995,-0.18289447822960178,6.136300065554678
11C_phase_sig_4_px0.75_py0.875,15.0,50.0,31,Intensity-Weighted Centroid,Gaussian Fitting,10,-0.09488654246047801,-0.10397430581963682,-0.2153150954612281,0.012102468832788222,5.970879970118403
11C_phase_sig_4_px0.875_py0,15.0,50.0,31,Intensity-Weighted Centroid,Gaussian Fitting,10,-0.04815111039736264,-0.05058205635569124,-0.12698966455291408,0.01869350687830162,6.824599974788725
11C_phase_sig_4_px0.875_py0.125,15.0,50.0,31,Intensity-Weighted Centroid,Gaussian Fitting,10,0.008383246687457824,0.018577985603787622,-0.08446446994011131,0.08840857533128495,6.0363100143149495
11C_phase_sig_4_px0.875_py0.25,15.0,50.0,31,Intensity-Weighted Centroid,Gaussian Fitting,10,-0.048818475585989674,-0.04685626268153251,-0.09690059306857053,-0.0061090384026423784,6.897610006853938
11C_phase_sig_4_px0.875_py0.375,15.0,50.0,31,Intensity-Weighted Centroid,Gaussian Fitting,10,-0.21169315131408478,-0.20472799123934957,-0.27898460608363396,-0.13874297874544567,6.113880034536123
11C_phase_sig_4_px0.875_py0.5,15.0,50.0,31,Intensity-Weighted Centroid,Gaussian Fitting,10,-0.17295544123663795,-0.15229920937385097,-0.3114030529503083,-0.05065701702375709,6.113990000449121
11C_phase_sig_4_px0.875_py0.625,15.0,50.0,31,Intensity-Weighted Centroid,Gaussian Fitting,10,-0.21014191066920437,-0.21622357109820825,-0.3083697890891844,-0.10768887581101728,6.231619976460934
11C_phase_sig_4_px0.875_py0.75,15.0,50.0,31,Intensity-Weighted Centroid,Gaussian Fitting,10,-0.12934514986422707,-0.11801076625663812,-0.2164360612507556,-0.036464537560294365,7.109339977614582
11C_phase_sig_4_px0.875_py0.875,15.0,50.0,31,Intensity-Weighted Centroid,Gaussian Fitting,10,-0.1923859803626779,-0.17449001453374632,-0.28193449254520175,-0.09651020777881344,6.798699963837862
11C_phase_sig_4_px0_py0,15.0,50.0,31,Intensity-Weighted Centroid,Gaussian Fitting,10,-0.10409286753940891,-0.09660573546677173,-0.1877433259730471,-0.0223491365630765,6.577960052527487
11C_phase_sig_4_px0_py0.125,15.0,50.0,31,Intensity-Weighted Centroid,Gaussian Fitting,10,-0.06783993583574058,-0.07789514522874669,-0.12197306267018669,-0.017115025882795478,6.841490068472922
11C_phase_sig_4_px0_py0.25,15.0,50.0,31,Intensity-Weighted Centroid,Gaussian Fitting,10,-0.06887550144514895,-0.06920739299331588,-0.15059175447708376,0.009452786603245354,6.383620016276836
11C_phase_sig_4_px0_py0.375,15.0,50.0,31,Intensity-Weighted Centroid,Gaussian Fitting,10,-0.09937039300704956,-0.06627021743686207,-0.1662378379954934,-0.011114709689787623,6.508190091699362
11C_phase_sig_4_px0_py0.5,15.0,50.0,31,Intensity-Weighted Centroid,Gaussian Fitting,10,-0.16812554077220684,-0.14861322688041553,-0.2532590038530614,-0.0730253395985351,6.262360024265945
11C_phase_sig_4_px0_py0.625,15.0,50.0,31,Intensity-Weighted Centroid,Gaussian Fitting,10,-0.14954544045146306,-0.15212060714739384,-0.24748546993407922,-0.05127157813175359,6.7084499867632985
11C_phase_sig_4_px0_py0.75,15.0,50.0,31,Intensity-Weighted Centroid,Gaussian Fitting,10,-0.052625377594484796,-0.05574671204498877,-0.14171608548338663,0.021781427441560523,6.576259923167527
11C_phase_sig_4_px0_py0.875,15.0,50.0,31,Intensity-Weighted Centroid,Gaussian Fitting,10,-0.16113918715066713,-0.14134391024160825,-0.3026422326623879,-0.03878843470626309,6.177900079637766
11D_supp_gaussian_sub_sig_2_bg_200,15.0,200.0,31,Intensity-Weighted Centroid,Gaussian Fitting,20,-0.2921360420422594,-0.25170771947093296,-0.4540039736833408,-0.12658905694970693,8.350329985842109
11D_supp_gaussian_sub_sig_2_bg_50,15.0,50.0,31,Intensity-Weighted Centroid,Gaussian Fitting,20,-0.28017794330097257,-0.2443784517695851,-0.38704732078035814,-0.1685117442973694,6.57298001460731
11D_supp_gaussian_sub_sig_4_bg_200,15.0,200.0,31,Intensity-Weighted Centroid,Gaussian Fitting,20,-0.13888945981666428,-0.13002641397082015,-0.2150940249432725,-0.06675954277457444,7.832695031538606
11D_supp_gaussian_sub_sig_4_bg_50,15.0,50.0,31,Intensity-Weighted Centroid,Gaussian Fitting,20,-0.015961950471841985,-0.011803590146466536,-0.0863953638458387,0.055461968719884125,6.229090015403926
11D_supp_tophat_sig_2_bg_200,15.0,200.0,31,Intensity-Weighted Centroid,Gaussian Fitting,20,-0.9041029742685832,-0.7939502897103572,-1.2544954437473863,-0.5584837217609258,10.661675012670457
11D_supp_tophat_sig_2_bg_50,15.0,50.0,31,Intensity-Weighted Centroid,Gaussian Fitting,20,-0.3278785298659842,-0.2965311465629595,-0.43642512880380435,-0.22110616564604013,6.265895033720881
11D_supp_tophat_sig_4_bg_200,15.0,200.0,31,Intensity-Weighted Centroid,Gaussian Fitting,20,-0.9612927207542743,-0.8280987805820266,-1.3838609807879982,-0.49552800207101744,13.714939961209893
11D_supp_tophat_sig_4_bg_50,15.0,50.0,31,Intensity-Weighted Centroid,Gaussian Fitting,20,-0.3882204541399085,-0.37421075443142776,-0.5177828050324041,-0.28175750425954393,7.67427000682801
11A_sig_1_snr_10_bg_10,10.0,10.0,31,Intensity-Weighted Centroid,PSF Fitting,50,-0.38720318134288007,-0.3549491179618329,-0.4743387334957316,-0.3013363891853909,4.518533991649747
11A_sig_1_snr_10_bg_100,10.0,100.0,31,Intensity-Weighted Centroid,PSF Fitting,50,-0.4207232135328208,-0.382142573589123,-0.5458064388893373,-0.2890038036452981,4.837908032350242
11A_sig_1_snr_10_bg_200,10.0,200.0,31,Intensity-Weighted Centroid,PSF Fitting,50,-0.1852811913334127,-0.22490847733978087,-0.3279894156811069,-0.04477322308336922,5.723426025360823
11A_sig_1_snr_10_bg_50,10.0,50.0,31,Intensity-Weighted Centroid,PSF Fitting,50,-0.3084191262687918,-0.2926851744020827,-0.4150463780134261,-0.2049104739163287,4.506443990394473
11A_sig_1_snr_15_bg_10,15.0,10.0,31,Intensity-Weighted Centroid,PSF Fitting,50,-0.5421939487767358,-0.49019325554687265,-0.6383104399682905,-0.44219168457522995,3.5720219975337386
11A_sig_1_snr_15_bg_100,15.0,100.0,31,Intensity-Weighted Centroid,PSF Fitting,50,-0.4988117525847841,-0.44272559674179046,-0.5893188980327617,-0.4086692062092945,3.4145639929920435
11A_sig_1_snr_15_bg_200,15.0,200.0,31,Intensity-Weighted Centroid,PSF Fitting,50,-0.383652731905008,-0.34265467005780836,-0.4726197644216449,-0.29423670743599656,4.5318999933078885
11A_sig_1_snr_15_bg_50,15.0,50.0,31,Intensity-Weighted Centroid,PSF Fitting,50,-0.47152382027725515,-0.4140595815737069,-0.5731473957359132,-0.37277678856535845,3.5027680126950145
11A_sig_1_snr_20_bg_10,20.0,10.0,31,Intensity-Weighted Centroid,PSF Fitting,50,-0.5636954347308392,-0.521276845872085,-0.64279248987994,-0.48229058296144606,3.163054008036852
11A_sig_1_snr_20_bg_100,20.0,100.0,31,Intensity-Weighted Centroid,PSF Fitting,50,-0.4658356792798702,-0.41454981658850043,-0.5470769232516677,-0.38263128067108976,3.0929579865187407
11A_sig_1_snr_20_bg_200,20.0,200.0,31,Intensity-Weighted Centroid,PSF Fitting,50,-0.5423172806296354,-0.5103547556480685,-0.6253496161861751,-0.4556763521178699,4.206610005348921
11A_sig_1_snr_20_bg_50,20.0,50.0,31,Intensity-Weighted Centroid,PSF Fitting,50,-0.49892564726953437,-0.43199085426907274,-0.5896278946134571,-0.4042923828869954,3.0605599842965603
11A_sig_1_snr_5_bg_10,5.0,10.0,31,Intensity-Weighted Centroid,PSF Fitting,50,-0.03099633129772028,-0.10721138187923018,-0.25809991861151815,0.21471328486609936,6.835859999991953
11A_sig_1_snr_5_bg_100,5.0,100.0,31,Intensity-Weighted Centroid,PSF Fitting,50,0.15113163346027414,0.12614271423926737,-0.01599233406589593,0.3198381321902657,6.844481965526938
11A_sig_1_snr_5_bg_200,5.0,200.0,31,Intensity-Weighted Centroid,PSF Fitting,50,0.40451281560842123,0.2778664014018849,0.13788287623388892,0.6968641010123763,14.24771600868553
11A_sig_1_snr_5_bg_50,5.0,50.0,31,Intensity-Weighted Centroid,PSF Fitting,50,-0.05621001325768715,-0.06106346817750363,-0.18096560535044165,0.07293355230695263,5.765186008065939
11A_sig_2_snr_10_bg_10,10.0,10.0,31,Intensity-Weighted Centroid,PSF Fitting,50,-0.41796479359644223,-0.3560649492775906,-0.551156965741359,-0.2948594800766867,3.166274013929069
11A_sig_2_snr_10_bg_100,10.0,100.0,31,Intensity-Weighted Centroid,PSF Fitting,50,-0.17437050214461253,-0.1349019873186103,-0.2641427572892,-0.07540040501822408,3.055237978696823
11A_sig_2_snr_10_bg_200,10.0,200.0,31,Intensity-Weighted Centroid,PSF Fitting,50,-0.07817444657006223,-0.06874892059004822,-0.18615951316688265,0.024626026278451785,3.681457987986505
11A_sig_2_snr_10_bg_50,10.0,50.0,31,Intensity-Weighted Centroid,PSF Fitting,50,-0.28996066996301567,-0.2610562831491541,-0.38886266971808564,-0.19334240693501692,3.3017280139029026
11A_sig_2_snr_15_bg_10,15.0,10.0,31,Intensity-Weighted Centroid,PSF Fitting,50,-0.357068046514354,-0.31566394939532083,-0.42976719986140355,-0.2790053289044005,2.9353460110723972
11A_sig_2_snr_15_bg_100,15.0,100.0,31,Intensity-Weighted Centroid,PSF Fitting,50,-0.37580715284807764,-0.34316229610411675,-0.44797112352511576,-0.30298143922756626,2.8811280289664865
11A_sig_2_snr_15_bg_200,15.0,200.0,31,Intensity-Weighted Centroid,PSF Fitting,50,-0.36410130322855677,-0.3289787854113183,-0.47021680021331,-0.2646725377215052,3.691909983754158
11A_sig_2_snr_15_bg_50,15.0,50.0,31,Intensity-Weighted Centroid,PSF Fitting,50,-0.33390145668159626,-0.28478256272903957,-0.4224274906116804,-0.2507717886160313,2.9859280167147517
11A_sig_2_snr_20_bg_10,20.0,10.0,31,Intensity-Weighted Centroid,PSF Fitting,50,-0.31580504604608517,-0.2736884862723564,-0.3783469358283718,-0.2544259655050271,2.8077979991212487
11A_sig_2_snr_20_bg_100,20.0,100.0,31,Intensity-Weighted Centroid,PSF Fitting,50,-0.39786696279207406,-0.3510262511427907,-0.464124052460828,-0.32867444313659294,2.7251259982585907
11A_sig_2_snr_20_bg_200,20.0,200.0,31,Intensity-Weighted Centroid,PSF Fitting,50,-0.33979610973881713,-0.3035524130533787,-0.396641697745266,-0.28223022423530975,3.684269990772009
11A_sig_2_snr_20_bg_50,20.0,50.0,31,Intensity-Weighted Centroid,PSF Fitting,50,-0.3664708353470466,-0.3189366861194438,-0.43284353728833447,-0.29928163404924574,2.768848012201488
11A_sig_2_snr_5_bg_10,5.0,10.0,31,Intensity-Weighted Centroid,PSF Fitting,50,-0.126550360684347,-0.08654054010808732,-0.24794858497436675,0.001438305918488276,3.8785639964044094
11A_sig_2_snr_5_bg_100,5.0,100.0,31,Intensity-Weighted Centroid,PSF Fitting,50,0.03821117152849518,0.030980530109660842,-0.10332433744184573,0.16899211927817107,3.4185699792578816
11A_sig_2_snr_5_bg_200,5.0,200.0,31,Intensity-Weighted Centroid,PSF Fitting,50,0.37137815527384066,0.23264676085636882,0.11437234310709503,0.6972158358019467,4.83154003508389
11A_sig_2_snr_5_bg_50,5.0,50.0,31,Intensity-Weighted Centroid,PSF Fitting,50,-0.013103561256698315,0.02055896459603701,-0.16067176938285666,0.13564963623350695,4.0706019988283515
11A_sig_3_snr_10_bg_10,10.0,10.0,31,Intensity-Weighted Centroid,PSF Fitting,50,-0.22456742659109608,-0.2035953391683129,-0.32303401686069755,-0.12010237234029814,3.157814024016261
11A_sig_3_snr_10_bg_100,10.0,100.0,31,Intensity-Weighted Centroid,PSF Fitting,50,-0.2421629977129237,-0.2291283407141037,-0.3193189689843584,-0.16877774357280398,2.819261969998479
11A_sig_3_snr_10_bg_200,10.0,200.0,31,Intensity-Weighted Centroid,PSF Fitting,50,-0.08628893459734738,-0.08382893712407752,-0.1752591998940608,0.0037277778688124975,3.2252859929576516
11A_sig_3_snr_10_bg_50,10.0,50.0,31,Intensity-Weighted Centroid,PSF Fitting,50,-0.22565048456017422,-0.20515333527955165,-0.29938926820633394,-0.14963416878221517,3.2340179989114404
11A_sig_3_snr_15_bg_10,15.0,10.0,31,Intensity-Weighted Centroid,PSF Fitting,50,-0.23405006657190994,-0.21154525856176348,-0.29861912264610335,-0.17429167086568279,2.7457220014184713
11A_sig_3_snr_15_bg_100,15.0,100.0,31,Intensity-Weighted Centroid,PSF Fitting,50,-0.2614028909500533,-0.2422056563530455,-0.327568028880101,-0.19949055096964177,2.6876899786293507
11A_sig_3_snr_15_bg_200,15.0,200.0,31,Intensity-Weighted Centroid,PSF Fitting,50,-0.31476836855005796,-0.2895728150073178,-0.40383224072768986,-0.2298609867533094,3.280061990953982
11A_sig_3_snr_15_bg_50,15.0,50.0,31,Intensity-Weighted Centroid,PSF Fitting,50,-0.20159872816480195,-0.18184910096711532,-0.2569379977187537,-0.14950497978849703,2.915171980857849
11A_sig_3_snr_20_bg_10,20.0,10.0,31,Intensity-Weighted Centroid,PSF Fitting,50,-0.20760400469496287,-0.18143454559235753,-0.2708173602219877,-0.1477276775307486,2.54213600885123
11A_sig_3_snr_20_bg_100,20.0,100.0,31,Intensity-Weighted Centroid,PSF Fitting,50,-0.20253085365343476,-0.188056890122407,-0.24473291093879318,-0.16055374627491648,2.5646619871258736
11A_sig_3_snr_20_bg_200,20.0,200.0,31,Intensity-Weighted Centroid,PSF Fitting,50,-0.1997926944161355,-0.17453258538278615,-0.267730590602297,-0.13398518702502746,3.4097180189564824
11A_sig_3_snr_20_bg_50,20.0,50.0,31,Intensity-Weighted Centroid,PSF Fitting,50,-0.2742615148047508,-0.24058651858293278,-0.3216758900146495,-0.22759531357768328,2.658891985192895
11A_sig_3_snr_5_bg_10,5.0,10.0,31,Intensity-Weighted Centroid,PSF Fitting,50,-0.0007374938482281879,0.02431553870339065,-0.12421211505932434,0.12575998205440747,3.510435977950692
11A_sig_3_snr_5_bg_100,5.0,100.0,31,Intensity-Weighted Centroid,PSF Fitting,50,0.08243474267050921,0.08370584580972817,-0.035840163826937575,0.2022620858499253,3.4024400217458606
11A_sig_3_snr_5_bg_200,5.0,200.0,31,Intensity-Weighted Centroid,PSF Fitting,50,0.28919501595777614,0.20095216143682848,0.15221768423041016,0.42310146048815567,3.5669820150360465
11A_sig_3_snr_5_bg_50,5.0,50.0,31,Intensity-Weighted Centroid,PSF Fitting,50,0.031205860538349617,0.02524753697873272,-0.09678166817508822,0.16027859293835847,3.3481399761512876
11A_sig_4_snr_10_bg_10,10.0,10.0,31,Intensity-Weighted Centroid,PSF Fitting,50,-0.11449950663777586,-0.10213637907220613,-0.18152320461345647,-0.047802873878318206,3.018313995562494
11A_sig_4_snr_10_bg_100,10.0,100.0,31,Intensity-Weighted Centroid,PSF Fitting,50,-0.09290322512714894,-0.07399446906639967,-0.18083302497998718,-0.005224060825734194,2.756992024369538
11A_sig_4_snr_10_bg_200,10.0,200.0,31,Intensity-Weighted Centroid,PSF Fitting,50,-0.006425405025155817,-0.000563466986667871,-0.09263398372345379,0.07775563621363371,3.3740019984543324
11A_sig_4_snr_10_bg_50,10.0,50.0,31,Intensity-Weighted Centroid,PSF Fitting,50,-0.12412410363431853,-0.11666346639476227,-0.19670490338198013,-0.048560244287650794,2.9045439697802067
11A_sig_4_snr_15_bg_10,15.0,10.0,31,Intensity-Weighted Centroid,PSF Fitting,50,-0.14621891720037314,-0.1414134911413398,-0.19824681669424407,-0.0899844641409672,3.0696000065654516
11A_sig_4_snr_15_bg_100,15.0,100.0,31,Intensity-Weighted Centroid,PSF Fitting,50,-0.11121492261205818,-0.10454116680065717,-0.16085680139030106,-0.06024103708824817,2.790839998051524
11A_sig_4_snr_15_bg_200,15.0,200.0,31,Intensity-Weighted Centroid,PSF Fitting,50,-0.16307441307942216,-0.13845148337287652,-0.2197786483236249,-0.0997117677611817,3.259419994428754
11A_sig_4_snr_15_bg_50,15.0,50.0,31,Intensity-Weighted Centroid,PSF Fitting,50,-0.15334354403473827,-0.1426957087376181,-0.2036266009897995,-0.10131512795267543,2.8064100071787834
11A_sig_4_snr_20_bg_10,20.0,10.0,31,Intensity-Weighted Centroid,PSF Fitting,50,-0.11602486720683017,-0.10479117821064896,-0.14985571420941501,-0.07968946090516398,3.7460380466654897
11A_sig_4_snr_20_bg_100,20.0,100.0,31,Intensity-Weighted Centroid,PSF Fitting,50,-0.08891461983171912,-0.08621717261926018,-0.11205826163363035,-0.06287210565501458,3.961008028127253
11A_sig_4_snr_20_bg_200,20.0,200.0,31,Intensity-Weighted Centroid,PSF Fitting,50,-0.1401790832306682,-0.12367214968518433,-0.18503439437651548,-0.09455184603570575,5.13133798725903
11A_sig_4_snr_20_bg_50,20.0,50.0,31,Intensity-Weighted Centroid,PSF Fitting,50,-0.1039028417285212,-0.09500871151689932,-0.1333087306003895,-0.07480398520648188,4.159466004930437
11A_sig_4_snr_5_bg_10,5.0,10.0,31,Intensity-Weighted Centroid,PSF Fitting,50,0.017160560760276278,-0.00021766894621755295,-0.11330053597416048,0.14906045558316683,3.246269985102117
11A_sig_4_snr_5_bg_100,5.0,100.0,31,Intensity-Weighted Centroid,PSF Fitting,50,0.13411438426226996,0.12121537014819911,0.028536271530660073,0.2462445887726971,3.0576460110023618
11A_sig_4_snr_5_bg_200,5.0,200.0,31,Intensity-Weighted Centroid,PSF Fitting,50,0.26425137123459425,0.18089156463616018,0.11631384615602326,0.4056269591201221,3.1396539974957705
11A_sig_4_snr_5_bg_50,5.0,50.0,31,Intensity-Weighted Centroid,PSF Fitting,50,0.10858630801560953,0.07963463358248157,-0.03306648457678684,0.24546574956543382,3.260290022008121
11B_bgtype_horizontal_sig_1,15.0,50.0,31,Intensity-Weighted Centroid,PSF Fitting,50,-0.47831771940414336,-0.41999715886191324,-0.5744320682792899,-0.37527770228596563,5.270384014584124
11B_bgtype_horizontal_sig_2,15.0,50.0,31,Intensity-Weighted Centroid,PSF Fitting,50,-0.48176116419620085,-0.4132779498501725,-0.583553704907189,-0.3786888313096925,4.29480399005115
11B_bgtype_horizontal_sig_3,15.0,50.0,31,Intensity-Weighted Centroid,PSF Fitting,50,-0.29309375398002846,-0.26796485769558664,-0.3589706689418989,-0.22527928753836618,3.8441879907622933
11B_bgtype_horizontal_sig_4,15.0,50.0,31,Intensity-Weighted Centroid,PSF Fitting,50,-0.2009141226745312,-0.1814260030000822,-0.24910238761022116,-0.149034886383599,3.7601340003311634
11B_bgtype_two_dimensional_sig_1,15.0,50.0,31,Intensity-Weighted Centroid,PSF Fitting,50,-0.5814370802030278,-0.5429708439878509,-0.6785619897508243,-0.4919229637276615,4.712911988608539
11B_bgtype_two_dimensional_sig_2,15.0,50.0,31,Intensity-Weighted Centroid,PSF Fitting,50,-0.39694049171342544,-0.3704487285499323,-0.47654830703288314,-0.3238272561643835,4.4147280137985945
11B_bgtype_two_dimensional_sig_3,15.0,50.0,31,Intensity-Weighted Centroid,PSF Fitting,50,-0.35171489140345413,-0.301359699353984,-0.44794395075984955,-0.2632543024992208,4.102414012886584
11B_bgtype_two_dimensional_sig_4,15.0,50.0,31,Intensity-Weighted Centroid,PSF Fitting,50,-0.2321962569034021,-0.21186022529606846,-0.29104555003674487,-0.17375016450454905,4.0588700119405985
11B_bgtype_vertical_sig_1,15.0,50.0,31,Intensity-Weighted Centroid,PSF Fitting,50,-0.4722726086523094,-0.4472305438823114,-0.5475045610404312,-0.39844733538195687,5.441717999055982
11B_bgtype_vertical_sig_2,15.0,50.0,31,Intensity-Weighted Centroid,PSF Fitting,50,-0.3986261639421622,-0.3494218178640379,-0.4853432690348201,-0.30611382396342696,4.127248018048704
11B_bgtype_vertical_sig_3,15.0,50.0,31,Intensity-Weighted Centroid,PSF Fitting,50,-0.2863848337262919,-0.24881201453552712,-0.36140567523115114,-0.2108934202972195,4.105266015976667
11B_bgtype_vertical_sig_4,15.0,50.0,31,Intensity-Weighted Centroid,PSF Fitting,50,-0.18393026490059866,-0.16345853793453402,-0.2432438599712677,-0.12535272387144347,3.721212036907673
11C_phase_sig_1_px0.125_py0,15.0,50.0,31,Intensity-Weighted Centroid,PSF Fitting,10,-0.379275355361732,-0.3466336258633196,-0.5697703659469379,-0.1604994369218837,4.473119997419417
11C_phase_sig_1_px0.125_py0.125,15.0,50.0,31,Intensity-Weighted Centroid,PSF Fitting,10,-0.2767005160439168,-0.2913716783276531,-0.35783174694783154,-0.2014344396422341,5.207479954697192
11C_phase_sig_1_px0.125_py0.25,15.0,50.0,31,Intensity-Weighted Centroid,PSF Fitting,10,-0.559574643922594,-0.4883288738165156,-0.9046677131506166,-0.20648256741430557,5.250819982029498
11C_phase_sig_1_px0.125_py0.375,15.0,50.0,31,Intensity-Weighted Centroid,PSF Fitting,10,-0.6694716599114597,-0.573433221983981,-0.9482170257516809,-0.3475205682757677,4.294949979521334
11C_phase_sig_1_px0.125_py0.5,15.0,50.0,31,Intensity-Weighted Centroid,PSF Fitting,10,-0.47637372705315195,-0.39320548003402295,-0.7576513570444898,-0.17377813269717343,5.005190032534301
11C_phase_sig_1_px0.125_py0.625,15.0,50.0,31,Intensity-Weighted Centroid,PSF Fitting,10,-0.392365961792525,-0.3886806412153486,-0.5242388168930574,-0.26331172712942463,4.74197999574244
11C_phase_sig_1_px0.125_py0.75,15.0,50.0,31,Intensity-Weighted Centroid,PSF Fitting,10,-0.3910186352456694,-0.34386797462452234,-0.5833833422112378,-0.20274646483489644,5.059860018081963
11C_phase_sig_1_px0.125_py0.875,15.0,50.0,31,Intensity-Weighted Centroid,PSF Fitting,10,-0.2790089403542437,-0.27097774627347626,-0.37009077970373605,-0.1941353812763796,6.312229949980974
11C_phase_sig_1_px0.25_py0,15.0,50.0,31,Intensity-Weighted Centroid,PSF Fitting,10,-0.47166903464504883,-0.4315607022003971,-0.627832183317511,-0.28451633311893226,4.891490028239787
11C_phase_sig_1_px0.25_py0.125,15.0,50.0,31,Intensity-Weighted Centroid,PSF Fitting,10,-0.44189304919071226,-0.42328662046302035,-0.6071648690356041,-0.27094776236916585,4.307759995572269
11C_phase_sig_1_px0.25_py0.25,15.0,50.0,31,Intensity-Weighted Centroid,PSF Fitting,10,-0.5185633757509253,-0.47483617219298097,-0.7400282120561693,-0.27606109152654773,4.386839992366731
11C_phase_sig_1_px0.25_py0.375,15.0,50.0,31,Intensity-Weighted Centroid,PSF Fitting,10,-0.6375572574964947,-0.6204134153148708,-0.8022817463764252,-0.469576460735216,4.967649932950735
11C_phase_sig_1_px0.25_py0.5,15.0,50.0,31,Intensity-Weighted Centroid,PSF Fitting,10,-0.3534501670404498,-0.31164058539797534,-0.4980338108553879,-0.1983691957004484,4.3349099811166525
11C_phase_sig_1_px0.25_py0.625,15.0,50.0,31,Intensity-Weighted Centroid,PSF Fitting,10,-0.6027469330202779,-0.581930512190957,-0.707919105717197,-0.4821648290316526,5.2400399930775166
11C_phase_sig_1_px0.25_py0.75,15.0,50.0,31,Intensity-Weighted Centroid,PSF Fitting,10,-0.4680216127572898,-0.41111880051433275,-0.6550622484719278,-0.2440191477378413,4.850099957548082
11C_phase_sig_1_px0.25_py0.875,15.0,50.0,31,Intensity-Weighted Centroid,PSF Fitting,10,-0.580566116489224,-0.41837525421485233,-0.9351295982211498,-0.19133652292792086,4.715689970180392
11C_phase_sig_1_px0.375_py0,15.0,50.0,31,Intensity-Weighted Centroid,PSF Fitting,10,-0.2184750122521604,-0.21306274482345616,-0.33083011445586824,-0.09318998858714228,4.463889915496111
11C_phase_sig_1_px0.375_py0.125,15.0,50.0,31,Intensity-Weighted Centroid,PSF Fitting,10,-0.4282216718669918,-0.38870730760135486,-0.5649928634645087,-0.2580103830949653,4.962740046903491
11C_phase_sig_1_px0.375_py0.25,15.0,50.0,31,Intensity-Weighted Centroid,PSF Fitting,10,-0.6205189066990443,-0.5214520841576409,-0.9308106046625005,-0.32069637492940717,5.0826899940148
11C_phase_sig_1_px0.375_py0.375,15.0,50.0,31,Intensity-Weighted Centroid,PSF Fitting,10,-0.7177601004262013,-0.6753248062754984,-0.8963270460333711,-0.5110241393058805,4.302590014412999
11C_phase_sig_1_px0.375_py0.5,15.0,50.0,31,Intensity-Weighted Centroid,PSF Fitting,10,-0.5691612079729187,-0.5077442138442562,-0.7682640357942291,-0.3500553840970592,4.229499981738627
11C_phase_sig_1_px0.375_py0.625,15.0,50.0,31,Intensity-Weighted Centroid,PSF Fitting,10,-0.41551469818227793,-0.3933402904332252,-0.5267977852915497,-0.299708737214919,5.017860047519207
11C_phase_sig_1_px0.375_py0.75,15.0,50.0,31,Intensity-Weighted Centroid,PSF Fitting,10,-0.6039544265509549,-0.5408884692234823,-0.8278029729426095,-0.3589447807226588,4.930549976415932
11C_phase_sig_1_px0.375_py0.875,15.0,50.0,31,Intensity-Weighted Centroid,PSF Fitting,10,-0.2924264573255776,-0.2907436595107067,-0.3848606930580735,-0.18733730966348683,4.560559964738786
11C_phase_sig_1_px0.5_py0,15.0,50.0,31,Intensity-Weighted Centroid,PSF Fitting,10,-0.531171694912878,-0.4866213013161434,-0.7212462318322116,-0.34190386359256447,4.121830011717975
11C_phase_sig_1_px0.5_py0.125,15.0,50.0,31,Intensity-Weighted Centroid,PSF Fitting,10,-0.47496341316092416,-0.47929215332213165,-0.5630267628526394,-0.3966145930152176,5.111199920065701
11C_phase_sig_1_px0.5_py0.25,15.0,50.0,31,Intensity-Weighted Centroid,PSF Fitting,10,-0.5223387007751945,-0.4547414995033924,-0.7063418501302068,-0.2983777006360527,4.774749907664955
11C_phase_sig_1_px0.5_py0.375,15.0,50.0,31,Intensity-Weighted Centroid,PSF Fitting,10,-0.5208650317194221,-0.5239893515882326,-0.5912404290440931,-0.4511685368732332,4.232039977796376
11C_phase_sig_1_px0.5_py0.5,15.0,50.0,31,Intensity-Weighted Centroid,PSF Fitting,10,-0.5011724492200078,-0.4997438207461834,-0.6209349777406382,-0.3964683672679459,4.619299992918968
11C_phase_sig_1_px0.5_py0.625,15.0,50.0,31,Intensity-Weighted Centroid,PSF Fitting,10,-0.4807690885587228,-0.45745008832753686,-0.6187155659595064,-0.3275981986934242,5.318970023654401
11C_phase_sig_1_px0.5_py0.75,15.0,50.0,31,Intensity-Weighted Centroid,PSF Fitting,10,-0.5138594533390696,-0.47187278478732764,-0.6989075362852339,-0.310528481492287,4.790519992820919
11C_phase_sig_1_px0.5_py0.875,15.0,50.0,31,Intensity-Weighted Centroid,PSF Fitting,10,-0.42195934524493073,-0.40561204792736255,-0.539615557549892,-0.28246964512643224,4.737060004845262
11C_phase_sig_1_px0.625_py0,15.0,50.0,31,Intensity-Weighted Centroid,PSF Fitting,10,-0.20620172623063532,-0.11737423277086917,-0.49278163570648237,0.09285069884521693,5.540710035711527
11C_phase_sig_1_px0.625_py0.125,15.0,50.0,31,Intensity-Weighted Centroid,PSF Fitting,10,-0.3809598227298111,-0.3301395871396172,-0.5374053877287365,-0.2177844553727886,4.784990008920431
11C_phase_sig_1_px0.625_py0.25,15.0,50.0,31,Intensity-Weighted Centroid,PSF Fitting,10,-0.5245459987220152,-0.4985336060100819,-0.6738610606323584,-0.35537494990463253,5.176349892280996
11C_phase_sig_1_px0.625_py0.375,15.0,50.0,31,Intensity-Weighted Centroid,PSF Fitting,10,-0.7139240799165505,-0.6781154846214922,-0.8732606893437148,-0.5404217886193988,4.963179980404675
11C_phase_sig_1_px0.625_py0.5,15.0,50.0,31,Intensity-Weighted Centroid,PSF Fitting,10,-0.48552438233781414,-0.4668294886862999,-0.6443287922697443,-0.33002516014677286,4.700639983639121
11C_phase_sig_1_px0.625_py0.625,15.0,50.0,31,Intensity-Weighted Centroid,PSF Fitting,10,-0.6462623646902825,-0.5747336464714641,-0.8951130257309518,-0.3575891224123586,5.786879966035485
11C_phase_sig_1_px0.625_py0.75,15.0,50.0,31,Intensity-Weighted Centroid,PSF Fitting,10,-0.6702672738223244,-0.5879554339549142,-0.8978270901012417,-0.42919810004287035,5.826279963366687
11C_phase_sig_1_px0.625_py0.875,15.0,50.0,31,Intensity-Weighted Centroid,PSF Fitting,10,-0.4318604179104222,-0.3723076622045761,-0.6656192597479642,-0.18777158805764183,5.081439949572086
11C_phase_sig_1_px0.75_py0,15.0,50.0,31,Intensity-Weighted Centroid,PSF Fitting,10,-0.5266571783013014,-0.5368223293897689,-0.6827925823023479,-0.3776543783176064,4.93515997659415
11C_phase_sig_1_px0.75_py0.125,15.0,50.0,31,Intensity-Weighted Centroid,PSF Fitting,10,-0.30739251713482896,-0.29312327219131945,-0.4265735187086389,-0.19817758951279324,5.270079965703189
11C_phase_sig_1_px0.75_py0.25,15.0,50.0,31,Intensity-Weighted Centroid,PSF Fitting,10,-0.5154416782418457,-0.4012051482408185,-0.7429216937131421,-0.2711850750480595,4.9783899914473295
11C_phase_sig_1_px0.75_py0.375,15.0,50.0,31,Intensity-Weighted Centroid,PSF Fitting,10,-0.456512835823269,-0.43005094432307717,-0.5849242490555897,-0.3206438660995931,4.521819995716214
11C_phase_sig_1_px0.75_py0.5,15.0,50.0,31,Intensity-Weighted Centroid,PSF Fitting,10,-0.6158974290322836,-0.5826069880516043,-0.7418498996484895,-0.4555032457414019,5.2057200111448765
11C_phase_sig_1_px0.75_py0.625,15.0,50.0,31,Intensity-Weighted Centroid,PSF Fitting,10,-0.6074649959748422,-0.5870993419224901,-0.7930713364355304,-0.40153953556563415,5.466799973510206
11C_phase_sig_1_px0.75_py0.75,15.0,50.0,31,Intensity-Weighted Centroid,PSF Fitting,10,-0.37100013990013214,-0.2867355804609677,-0.6157930295309317,-0.12335975668516794,5.112010007724166
11C_phase_sig_1_px0.75_py0.875,15.0,50.0,31,Intensity-Weighted Centroid,PSF Fitting,10,-0.2712212493312598,-0.2394393835162525,-0.46321491945110177,-0.11474612277283802,5.01479001250118
11C_phase_sig_1_px0.875_py0,15.0,50.0,31,Intensity-Weighted Centroid,PSF Fitting,10,-0.44456502242866547,-0.4415207635254881,-0.5473631498306462,-0.3449297357606051,4.793779971078038
11C_phase_sig_1_px0.875_py0.125,15.0,50.0,31,Intensity-Weighted Centroid,PSF Fitting,10,-0.30506354401096003,-0.25537191606882137,-0.4671477713205289,-0.1386417803067877,4.432910005562007
11C_phase_sig_1_px0.875_py0.25,15.0,50.0,31,Intensity-Weighted Centroid,PSF Fitting,10,-0.41483343455638355,-0.3646815282335477,-0.5706040044928212,-0.23026380923868242,4.615939990617335
11C_phase_sig_1_px0.875_py0.375,15.0,50.0,31,Intensity-Weighted Centroid,PSF Fitting,10,-0.3514214889867805,-0.3542597451730076,-0.43992854490657896,-0.2540112684080272,4.641970037482679
11C_phase_sig_1_px0.875_py0.5,15.0,50.0,31,Intensity-Weighted Centroid,PSF Fitting,10,-0.6623226617691944,-0.6281858878995972,-0.8399875314340483,-0.48777233641605483,4.3739099986851215
11C_phase_sig_1_px0.875_py0.625,15.0,50.0,31,Intensity-Weighted Centroid,PSF Fitting,10,-0.4382060725233492,-0.3620700792956538,-0.6370662949132218,-0.21225611958467866,5.170379998162389
11C_phase_sig_1_px0.875_py0.75,15.0,50.0,31,Intensity-Weighted Centroid,PSF Fitting,10,-0.3490888760537346,-0.371663244965761,-0.45256330522938826,-0.23981746293612835,5.091330013237894
11C_phase_sig_1_px0.875_py0.875,15.0,50.0,31,Intensity-Weighted Centroid,PSF Fitting,10,-0.30679007390616353,-0.2580947268647936,-0.4640738477067914,-0.1411024432103211,4.908949974924326
11C_phase_sig_1_px0_py0,15.0,50.0,31,Intensity-Weighted Centroid,PSF Fitting,10,-0.18891594240994314,-0.1838825871971565,-0.33191675097879786,-0.07917636457713365,4.71130998339504
11C_phase_sig_1_px0_py0.125,15.0,50.0,31,Intensity-Weighted Centroid,PSF Fitting,10,-0.334938823939375,-0.3105053645123679,-0.4886321544279219,-0.1733000113917647,4.918620036914945
11C_phase_sig_1_px0_py0.25,15.0,50.0,31,Intensity-Weighted Centroid,PSF Fitting,10,-0.4081029794151936,-0.3535538878156071,-0.6280629398333059,-0.2057730949691191,3.98652998264879
11C_phase_sig_1_px0_py0.375,15.0,50.0,31,Intensity-Weighted Centroid,PSF Fitting,10,-0.48588293219602924,-0.4669196961522516,-0.601084727030688,-0.3660865517900031,5.429130000993609
11C_phase_sig_1_px0_py0.5,15.0,50.0,31,Intensity-Weighted Centroid,PSF Fitting,10,-0.5834142606435458,-0.5363996449587889,-0.7416358681150594,-0.3812914247500918,4.587530018761754
11C_phase_sig_1_px0_py0.625,15.0,50.0,31,Intensity-Weighted Centroid,PSF Fitting,10,-0.3926151490860224,-0.3902479321336289,-0.5817059361439588,-0.23399662592534373,5.224599991925061
11C_phase_sig_1_px0_py0.75,15.0,50.0,31,Intensity-Weighted Centroid,PSF Fitting,10,-0.3804110131767417,-0.36339814765779177,-0.5320887302091339,-0.22778615782424785,4.733499954454601
11C_phase_sig_1_px0_py0.875,15.0,50.0,31,Intensity-Weighted Centroid,PSF Fitting,10,-0.3590496763329046,-0.2948114901070394,-0.5775356859697174,-0.15966124403488213,4.725139937363565
11C_phase_sig_2_px0.125_py0,15.0,50.0,31,Intensity-Weighted Centroid,PSF Fitting,10,-0.21653977389000306,-0.1990756969064977,-0.4344545814378596,-0.012807793732392917,4.095389950089157
11C_phase_sig_2_px0.125_py0.125,15.0,50.0,31,Intensity-Weighted Centroid,PSF Fitting,10,-0.22203615141293453,-0.20425782308053977,-0.32517530563510505,-0.1066953536134018,3.849420021288097
11C_phase_sig_2_px0.125_py0.25,15.0,50.0,31,Intensity-Weighted Centroid,PSF Fitting,10,-0.25189588474665,-0.23512774892378532,-0.33322683078445003,-0.14722263311483272,3.7179899867624044
11C_phase_sig_2_px0.125_py0.375,15.0,50.0,31,Intensity-Weighted Centroid,PSF Fitting,10,-0.3243940918407443,-0.2882612950248999,-0.48797837320587145,-0.1606715804603945,4.815980070270598
11C_phase_sig_2_px0.125_py0.5,15.0,50.0,31,Intensity-Weighted Centroid,PSF Fitting,10,-0.5112973128858369,-0.4251096149433069,-0.7940366524738122,-0.19962537713157413,4.022079962305725
11C_phase_sig_2_px0.125_py0.625,15.0,50.0,31,Intensity-Weighted Centroid,PSF Fitting,10,-0.30365780147695864,-0.2661851739818136,-0.4593897293533106,-0.15653841565259455,4.169459990225732
11C_phase_sig_2_px0.125_py0.75,15.0,50.0,31,Intensity-Weighted Centroid,PSF Fitting,10,-0.19653840502413653,-0.1865129700241648,-0.3032703839518466,-0.1004428270447913,4.077280010096729
11C_phase_sig_2_px0.125_py0.875,15.0,50.0,31,Intensity-Weighted Centroid,PSF Fitting,10,-0.26014706544578775,-0.26272502288265154,-0.362315364802076,-0.1676430915566513,4.22646002843976
11C_phase_sig_2_px0.25_py0,15.0,50.0,31,Intensity-Weighted Centroid,PSF Fitting,10,-0.29920874779035944,-0.23624208669396288,-0.48692194102958536,-0.0803783318165136,3.8059899816289544
11C_phase_sig_2_px0.25_py0.125,15.0,50.0,31,Intensity-Weighted Centroid,PSF Fitting,10,-0.18424823517409064,-0.15821627607989236,-0.2807812504413722,-0.09178732444549677,4.427150008268654
11C_phase_sig_2_px0.25_py0.25,15.0,50.0,31,Intensity-Weighted Centroid,PSF Fitting,10,-0.3453654529933496,-0.3241316068399059,-0.5016257824943225,-0.19545681426324635,4.513280047103763
11C_phase_sig_2_px0.25_py0.375,15.0,50.0,31,Intensity-Weighted Centroid,PSF Fitting,10,-0.39486898935602627,-0.3712638789258594,-0.5059866263016887,-0.27501206905401454,3.898589964956045
11C_phase_sig_2_px0.25_py0.5,15.0,50.0,31,Intensity-Weighted Centroid,PSF Fitting,10,-0.576134255979551,-0.5573186701434016,-0.7748104437986432,-0.3639942017533909,4.176750034093857
11C_phase_sig_2_px0.25_py0.625,15.0,50.0,31,Intensity-Weighted Centroid,PSF Fitting,10,-0.31001134953492365,-0.28358891192270136,-0.4253632505769232,-0.17016057761131592,4.1665899800136685
11C_phase_sig_2_px0.25_py0.75,15.0,50.0,31,Intensity-Weighted Centroid,PSF Fitting,10,-0.39137262552826657,-0.3687667145428741,-0.5688732676631978,-0.21326199803791107,4.071819968521595
11C_phase_sig_2_px0.25_py0.875,15.0,50.0,31,Intensity-Weighted Centroid,PSF Fitting,10,-0.3427624771672409,-0.3003373989922418,-0.48904175827566987,-0.17752767612076978,3.970290068536997
11C_phase_sig_2_px0.375_py0,15.0,50.0,31,Intensity-Weighted Centroid,PSF Fitting,10,-0.3312691865126043,-0.28976618796016973,-0.5100864986515812,-0.15151692302045994,4.087630077265203
11C_phase_sig_2_px0.375_py0.125,15.0,50.0,31,Intensity-Weighted Centroid,PSF Fitting,10,-0.27759601706127046,-0.1944874813165297,-0.4295455015822995,-0.08309721676342721,4.295560019090772
11C_phase_sig_2_px0.375_py0.25,15.0,50.0,31,Intensity-Weighted Centroid,PSF Fitting,10,-0.37303266306091803,-0.3697006072025836,-0.4766993601248735,-0.26518337633662364,3.7430600030347705
11C_phase_sig_2_px0.375_py0.375,15.0,50.0,31,Intensity-Weighted Centroid,PSF Fitting,10,-0.49505312501549203,-0.44354065078223903,-0.6571822980416494,-0.31493192808535425,3.8880599895492196
11C_phase_sig_2_px0.375_py0.5,15.0,50.0,31,Intensity-Weighted Centroid,PSF Fitting,10,-0.45032484797510686,-0.39664447758705995,-0.6468364810302749,-0.24949140363291156,3.6623399006202817
11C_phase_sig_2_px0.375_py0.625,15.0,50.0,31,Intensity-Weighted Centroid,PSF Fitting,10,-0.49197110710945124,-0.4518655204250368,-0.6535776984983207,-0.32138655410188804,3.9522600593045354
11C_phase_sig_2_px0.375_py0.75,15.0,50.0,31,Intensity-Weighted Centroid,PSF Fitting,10,-0.18468349970233067,-0.16470710715488962,-0.288381401345611,-0.07433581135373193,4.687330056913197
11C_phase_sig_2_px0.375_py0.875,15.0,50.0,31,Intensity-Weighted Centroid,PSF Fitting,10,-0.27409938957299795,-0.2897444479393282,-0.39362637947747753,-0.17234955755115175,4.22888002358377
11C_phase_sig_2_px0.5_py0,15.0,50.0,31,Intensity-Weighted Centroid,PSF Fitting,10,-0.42196757342838903,-0.36231274479571307,-0.6425847673597351,-0.21121652349334888,4.1879299795255065
11C_phase_sig_2_px0.5_py0.125,15.0,50.0,31,Intensity-Weighted Centroid,PSF Fitting,10,-0.34935096188423903,-0.28684630148377466,-0.5091295417625077,-0.16493760202749916,4.249829915352166
11C_phase_sig_2_px0.5_py0.25,15.0,50.0,31,Intensity-Weighted Centroid,PSF Fitting,10,-0.3282028998555402,-0.2707484922872595,-0.5034982693815675,-0.1416306959300377,3.8054799428209662
11C_phase_sig_2_px0.5_py0.375,15.0,50.0,31,Intensity-Weighted Centroid,PSF Fitting,10,-0.46688774491570656,-0.421040963664556,-0.6147760320874073,-0.3104677676522166,3.862359980121255
11C_phase_sig_2_px0.5_py0.5,15.0,50.0,31,Intensity-Weighted Centroid,PSF Fitting,10,-0.36400754130610913,-0.3170931277442168,-0.5424613962897825,-0.15779841565733005,3.8977300049737096
11C_phase_sig_2_px0.5_py0.625,15.0,50.0,31,Intensity-Weighted Centroid,PSF Fitting,10,-0.49238075294991196,-0.42233851916721743,-0.6409703269710582,-0.3106314053205486,4.094149963930249
11C_phase_sig_2_px0.5_py0.75,15.0,50.0,31,Intensity-Weighted Centroid,PSF Fitting,10,-0.47668370537042803,-0.43154944935652817,-0.6253569435131052,-0.3246196662424538,4.222349962219596
11C_phase_sig_2_px0.5_py0.875,15.0,50.0,31,Intensity-Weighted Centroid,PSF Fitting,10,-0.4392005853564873,-0.38967506094520377,-0.5911077709245737,-0.2778912203376947,4.0944300359115005
11C_phase_sig_2_px0.625_py0,15.0,50.0,31,Intensity-Weighted Centroid,PSF Fitting,10,-0.35372885206186205,-0.32333159528053435,-0.4512576870116,-0.24570701820315705,3.807400050573051
11C_phase_sig_2_px0.625_py0.125,15.0,50.0,31,Intensity-Weighted Centroid,PSF Fitting,10,-0.4075802354516158,-0.3758305458327905,-0.5457611031212006,-0.25796054415455255,4.094300023280084
11C_phase_sig_2_px0.625_py0.25,15.0,50.0,31,Intensity-Weighted Centroid,PSF Fitting,10,-0.35630036902119433,-0.3028760649230251,-0.48450918581436814,-0.18955244397521334,4.093829961493611
11C_phase_sig_2_px0.625_py0.375,15.0,50.0,31,Intensity-Weighted Centroid,PSF Fitting,10,-0.4060958569652229,-0.37355617270947356,-0.584062499357473,-0.21473857987481573,4.65363000985235
11C_phase_sig_2_px0.625_py0.5,15.0,50.0,31,Intensity-Weighted Centroid,PSF Fitting,10,-0.5419676312963384,-0.5021638925031409,-0.7017504024534031,-0.36699096172048795,4.197280015796423
11C_phase_sig_2_px0.625_py0.625,15.0,50.0,31,Intensity-Weighted Centroid,PSF Fitting,10,-0.48407444961876345,-0.44355108192984777,-0.7379137160984642,-0.25812802354709463,4.342000046744943
11C_phase_sig_2_px0.625_py0.75,15.0,50.0,31,Intensity-Weighted Centroid,PSF Fitting,10,-0.4440831214445221,-0.41383840703943664,-0.5915688133121807,-0.28363974999312286,4.433169984258711
11C_phase_sig_2_px0.625_py0.875,15.0,50.0,31,Intensity-Weighted Centroid,PSF Fitting,10,-0.38985076820581155,-0.3456580688734604,-0.5917707410904448,-0.20054243756844808,4.623679956421256
11C_phase_sig_2_px0.75_py0,15.0,50.0,31,Intensity-Weighted Centroid,PSF Fitting,10,-0.23394142932206866,-0.17511734846066607,-0.43091950679542557,-0.0265767001700436,4.554709931835532
11C_phase_sig_2_px0.75_py0.125,15.0,50.0,31,Intensity-Weighted Centroid,PSF Fitting,10,-0.14577282289201707,-0.12751046805462957,-0.27296570762608946,-0.021137948984074756,4.597679967992008
11C_phase_sig_2_px0.75_py0.25,15.0,50.0,31,Intensity-Weighted Centroid,PSF Fitting,10,-0.27189278865506483,-0.2530143610890267,-0.3850105418433991,-0.1437437143053424,4.36591999605298
11C_phase_sig_2_px0.75_py0.375,15.0,50.0,31,Intensity-Weighted Centroid,PSF Fitting,10,-0.5908046054013412,-0.5849596838126296,-0.7001690642803425,-0.4823594492273193,4.167999955825508
11C_phase_sig_2_px0.75_py0.5,15.0,50.0,31,Intensity-Weighted Centroid,PSF Fitting,10,-0.38245372549030276,-0.34958528626449503,-0.5487808516276801,-0.1847662509850793,4.302070033736527
11C_phase_sig_2_px0.75_py0.625,15.0,50.0,31,Intensity-Weighted Centroid,PSF Fitting,10,-0.3471369921738719,-0.30780909678840934,-0.4759596227660368,-0.1909067883239843,4.417209979146719
11C_phase_sig_2_px0.75_py0.75,15.0,50.0,31,Intensity-Weighted Centroid,PSF Fitting,10,-0.3681106546204084,-0.33931526170696313,-0.4989830471442664,-0.21170511435226416,4.157639970071614
11C_phase_sig_2_px0.75_py0.875,15.0,50.0,31,Intensity-Weighted Centroid,PSF Fitting,10,-0.23093339466259682,-0.22610497610670754,-0.3570559446671082,-0.10645857205934191,3.9808700559660792
11C_phase_sig_2_px0.875_py0,15.0,50.0,31,Intensity-Weighted Centroid,PSF Fitting,10,-0.21052266309996534,-0.19207204513792148,-0.33606160226404014,-0.09145395842556897,4.279380035586655
11C_phase_sig_2_px0.875_py0.125,15.0,50.0,31,Intensity-Weighted Centroid,PSF Fitting,10,-0.14741032852210306,-0.11064500147133932,-0.30580110832238294,0.003391975738690534,4.030560073442757
11C_phase_sig_2_px0.875_py0.25,15.0,50.0,31,Intensity-Weighted Centroid,PSF Fitting,10,-0.40158240892455155,-0.33167224548700364,-0.617087882649203,-0.145239997798075,4.097110009752214
11C_phase_sig_2_px0.875_py0.375,15.0,50.0,31,Intensity-Weighted Centroid,PSF Fitting,10,-0.24907136625050466,-0.23843704097069418,-0.412449841468271,-0.06360115312874867,4.05138002242893
11C_phase_sig_2_px0.875_py0.5,15.0,50.0,31,Intensity-Weighted Centroid,PSF Fitting,10,-0.4388077920974539,-0.43283704958240965,-0.5919262092412215,-0.2708114414146296,4.115119995549321
11C_phase_sig_2_px0.875_py0.625,15.0,50.0,31,Intensity-Weighted Centroid,PSF Fitting,10,-0.49437815282450565,-0.47657088379669166,-0.6350939771791284,-0.3316741451681645,4.478679969906807
11C_phase_sig_2_px0.875_py0.75,15.0,50.0,31,Intensity-Weighted Centroid,PSF Fitting,10,-0.3614575797699545,-0.34220895265061935,-0.5123514431689586,-0.21604366460283564,4.250560002401471
11C_phase_sig_2_px0.875_py0.875,15.0,50.0,31,Intensity-Weighted Centroid,PSF Fitting,10,-0.14723370451505458,-0.14847343412219347,-0.30730832383227796,0.01156174951981359,4.000520030967891
11C_phase_sig_2_px0_py0,15.0,50.0,31,Intensity-Weighted Centroid,PSF Fitting,10,-0.19480579671965495,-0.16711044007673234,-0.30176807352503515,-0.07974826525731794,4.130629985593259
11C_phase_sig_2_px0_py0.125,15.0,50.0,31,Intensity-Weighted Centroid,PSF Fitting,10,-0.3101104064949541,-0.22534828650375016,-0.5404491578038727,-0.05029952672802395,4.150010016746819
11C_phase_sig_2_px0_py0.25,15.0,50.0,31,Intensity-Weighted Centroid,PSF Fitting,10,-0.210959936665595,-0.20276541267430176,-0.3763963045499066,-0.036927518826234886,4.1582400212064385
11C_phase_sig_2_px0_py0.375,15.0,50.0,31,Intensity-Weighted Centroid,PSF Fitting,10,-0.3420886442037154,-0.3237377097569748,-0.46910852501442973,-0.18889734052144122,4.155040066689253
11C_phase_sig_2_px0_py0.5,15.0,50.0,31,Intensity-Weighted Centroid,PSF Fitting,10,-0.30979833133919643,-0.24954949043380614,-0.46273504470110877,-0.15033347690399929,4.723399947397411
11C_phase_sig_2_px0_py0.625,15.0,50.0,31,Intensity-Weighted Centroid,PSF Fitting,10,-0.45988786845666835,-0.44469994110340977,-0.6841633501088217,-0.24527290475921643,4.856449970975518
11C_phase_sig_2_px0_py0.75,15.0,50.0,31,Intensity-Weighted Centroid,PSF Fitting,10,-0.2745225216080696,-0.266077626853585,-0.3450485806562434,-0.18449521564947624,3.9876999566331506
11C_phase_sig_2_px0_py0.875,15.0,50.0,31,Intensity-Weighted Centroid,PSF Fitting,10,-0.2975515182576606,-0.2645330745052986,-0.4345611633671933,-0.1463881227484368,3.969560074619949
11C_phase_sig_4_px0.125_py0,15.0,50.0,31,Intensity-Weighted Centroid,PSF Fitting,10,-0.13607787765339138,-0.12665081204079925,-0.21048648852334714,-0.0566309660011346,4.135189997032285
11C_phase_sig_4_px0.125_py0.125,15.0,50.0,31,Intensity-Weighted Centroid,PSF Fitting,10,-0.13819087617143408,-0.13543860505309058,-0.20365450654240744,-0.07570187591644117,3.59672992490232
11C_phase_sig_4_px0.125_py0.25,15.0,50.0,31,Intensity-Weighted Centroid,PSF Fitting,10,-0.09147068551842122,-0.07916477646320871,-0.19954931774027043,0.033857676970349436,3.6977200070396066
11C_phase_sig_4_px0.125_py0.375,15.0,50.0,31,Intensity-Weighted Centroid,PSF Fitting,10,-0.08928608814307723,-0.07130669326415706,-0.158463498027865,-0.003228311653615481,4.01267004199326
11C_phase_sig_4_px0.125_py0.5,15.0,50.0,31,Intensity-Weighted Centroid,PSF Fitting,10,-0.07822527468290233,-0.05109953664689115,-0.15656585555437377,0.004531518361351242,3.7439499981701374
11C_phase_sig_4_px0.125_py0.625,15.0,50.0,31,Intensity-Weighted Centroid,PSF Fitting,10,-0.1912500855653191,-0.1582206416458493,-0.3065275377264385,-0.0563536635800352,4.01248000562191
11C_phase_sig_4_px0.125_py0.75,15.0,50.0,31,Intensity-Weighted Centroid,PSF Fitting,10,-0.13822690365278878,-0.1336540544484604,-0.2825210344215313,0.004705103489293354,4.0891199838370085
11C_phase_sig_4_px0.125_py0.875,15.0,50.0,31,Intensity-Weighted Centroid,PSF Fitting,10,-0.12101459474326473,-0.11271846598878979,-0.20740814920958697,-0.038686537883834755,3.937499993480742
11C_phase_sig_4_px0.25_py0,15.0,50.0,31,Intensity-Weighted Centroid,PSF Fitting,10,-0.09456722370211434,-0.06015238800055961,-0.16180172813675994,-0.00935124561949933,3.9701599394902587
11C_phase_sig_4_px0.25_py0.125,15.0,50.0,31,Intensity-Weighted Centroid,PSF Fitting,10,-0.1146277295523907,-0.1304172995638513,-0.24920131558215255,-0.0060878260975235875,3.6831200355663896
11C_phase_sig_4_px0.25_py0.25,15.0,50.0,31,Intensity-Weighted Centroid,PSF Fitting,10,-0.18597790541734285,-0.1754360334719448,-0.3156867219375202,-0.04911889637099121,4.16186002548784
11C_phase_sig_4_px0.25_py0.375,15.0,50.0,31,Intensity-Weighted Centroid,PSF Fitting,10,-0.1388931258449575,-0.1285205734000716,-0.25817581604170087,-0.015717183808495145,3.7511200178414583
11C_phase_sig_4_px0.25_py0.5,15.0,50.0,31,Intensity-Weighted Centroid,PSF Fitting,10,-0.15960133773083343,-0.15070984161674658,-0.23951279826008232,-0.07576588841341458,3.7495100405067205
11C_phase_sig_4_px0.25_py0.625,15.0,50.0,31,Intensity-Weighted Centroid,PSF Fitting,10,-0.1871216277585185,-0.16040872332278183,-0.2636471673619472,-0.08899693714077694,3.9549400098621845
11C_phase_sig_4_px0.25_py0.75,15.0,50.0,31,Intensity-Weighted Centroid,PSF Fitting,10,-0.1778920879738609,-0.1476019664240261,-0.3039711061477828,-0.03452718745681622,3.713400033302605
11C_phase_sig_4_px0.25_py0.875,15.0,50.0,31,Intensity-Weighted Centroid,PSF Fitting,10,-0.17140583175007407,-0.1584330265485441,-0.26460509221297973,-0.07144996250642902,4.001250024884939
11C_phase_sig_4_px0.375_py0,15.0,50.0,31,Intensity-Weighted Centroid,PSF Fitting,10,-0.19321630726110847,-0.17085487367837832,-0.3257604795545009,-0.06416330691011508,3.848979971371591
11C_phase_sig_4_px0.375_py0.125,15.0,50.0,31,Intensity-Weighted Centroid,PSF Fitting,10,-0.08638605210598191,-0.07189489717998035,-0.17543320226207826,0.013673782005395336,3.9182499749585986
11C_phase_sig_4_px0.375_py0.25,15.0,50.0,31,Intensity-Weighted Centroid,PSF Fitting,10,-0.23094414459328358,-0.2273490755667678,-0.37971192380645835,-0.10122244130819463,3.6264299880713224
11C_phase_sig_4_px0.375_py0.375,15.0,50.0,31,Intensity-Weighted Centroid,PSF Fitting,10,-0.23363342079154545,-0.2199108089155746,-0.32089807346879057,-0.12760166193163547,3.553429967723787
11C_phase_sig_4_px0.375_py0.5,15.0,50.0,31,Intensity-Weighted Centroid,PSF Fitting,10,-0.11963638535996354,-0.1154538763420365,-0.16941054845450904,-0.06807480642726806,3.7085400661453605
11C_phase_sig_4_px0.375_py0.625,15.0,50.0,31,Intensity-Weighted Centroid,PSF Fitting,10,-0.15592166403589885,-0.1423184936585913,-0.22105595410897266,-0.09176546839759701,3.916619997471571
11C_phase_sig_4_px0.375_py0.75,15.0,50.0,31,Intensity-Weighted Centroid,PSF Fitting,10,-0.17915194671698853,-0.17923072202221887,-0.28096966414242086,-0.06513937990938201,4.121810011565685
11C_phase_sig_4_px0.375_py0.875,15.0,50.0,31,Intensity-Weighted Centroid,PSF Fitting,10,-0.09690120034630037,-0.06629570205788082,-0.17871962237648348,0.008281451895585702,4.239930002950132
11C_phase_sig_4_px0.5_py0,15.0,50.0,31,Intensity-Weighted Centroid,PSF Fitting,10,-0.18369739835040721,-0.14934777939691557,-0.31685409595521974,-0.04496842137749482,3.911559982225299
11C_phase_sig_4_px0.5_py0.125,15.0,50.0,31,Intensity-Weighted Centroid,PSF Fitting,10,-0.23158833479528196,-0.2167133373695906,-0.35924116778932047,-0.09865290948603068,3.943709912709892
11C_phase_sig_4_px0.5_py0.25,15.0,50.0,31,Intensity-Weighted Centroid,PSF Fitting,10,-0.2731536952320171,-0.27118498087055853,-0.37860838438775085,-0.1810344352304231,3.6740100011229515
11C_phase_sig_4_px0.5_py0.375,15.0,50.0,31,Intensity-Weighted Centroid,PSF Fitting,10,-0.17781369304081207,-0.1635474111124271,-0.2497653000219537,-0.08983184370841796,4.035300016403198
11C_phase_sig_4_px0.5_py0.5,15.0,50.0,31,Intensity-Weighted Centroid,PSF Fitting,10,-0.3147892652915856,-0.2721425831777128,-0.4431609789747352,-0.15103238514018485,3.613099968060851
11C_phase_sig_4_px0.5_py0.625,15.0,50.0,31,Intensity-Weighted Centroid,PSF Fitting,10,-0.30570714196848114,-0.29841793818480883,-0.4056968226295145,-0.20549300291244277,3.805510071106255
11C_phase_sig_4_px0.5_py0.75,15.0,50.0,31,Intensity-Weighted Centroid,PSF Fitting,10,-0.27859824102041,-0.2599644627753025,-0.41777276530504814,-0.10321044821525302,4.103159997612238
11C_phase_sig_4_px0.5_py0.875,15.0,50.0,31,Intensity-Weighted Centroid,PSF Fitting,10,-0.19423222602559786,-0.15061810635616782,-0.3094368683984057,-0.05774511235829181,4.250610037706792
11C_phase_sig_4_px0.625_py0,15.0,50.0,31,Intensity-Weighted Centroid,PSF Fitting,10,-0.12490951751716176,-0.14414644539109867,-0.2010852555239142,-0.048042892359955805,3.7977799773216248
11C_phase_sig_4_px0.625_py0.125,15.0,50.0,31,Intensity-Weighted Centroid,PSF Fitting,10,-0.226419989362738,-0.20673330923350458,-0.3392020574292736,-0.10677855069635116,4.17083001229912
11C_phase_sig_4_px0.625_py0.25,15.0,50.0,31,Intensity-Weighted Centroid,PSF Fitting,10,-0.06752869866423811,-0.1027462124869461,-0.20096712841722497,0.039878327336083916,4.501519957557321
11C_phase_sig_4_px0.625_py0.375,15.0,50.0,31,Intensity-Weighted Centroid,PSF Fitting,10,-0.11832314372030217,-0.12859613719276647,-0.23811693840402626,-0.01568758732829785,3.8131900364533067
11C_phase_sig_4_px0.625_py0.5,15.0,50.0,31,Intensity-Weighted Centroid,PSF Fitting,10,-0.2694700772578377,-0.2699097528575086,-0.3829956529082939,-0.1389794208344621,3.9866700069978833
11C_phase_sig_4_px0.625_py0.625,15.0,50.0,31,Intensity-Weighted Centroid,PSF Fitting,10,-0.15895262423157586,-0.1359903761441057,-0.2870881970418087,-0.015925186797331518,3.968790057115257
11C_phase_sig_4_px0.625_py0.75,15.0,50.0,31,Intensity-Weighted Centroid,PSF Fitting,10,-0.1941921206466779,-0.20261202803692133,-0.25844309393795195,-0.12646832338473976,3.8466199999675155
11C_phase_sig_4_px0.625_py0.875,15.0,50.0,31,Intensity-Weighted Centroid,PSF Fitting,10,-0.17936470499082383,-0.15000575045639872,-0.3141351704565239,-0.06077375153840917,4.206259967759252
11C_phase_sig_4_px0.75_py0,15.0,50.0,31,Intensity-Weighted Centroid,PSF Fitting,10,-0.12955457267631534,-0.12644454412688966,-0.18460991921734626,-0.07888538048604748,4.259359952993691
11C_phase_sig_4_px0.75_py0.125,15.0,50.0,31,Intensity-Weighted Centroid,PSF Fitting,10,-0.07663030435770155,-0.07204707396720775,-0.18222257400431896,0.021686382603371985,3.8955699652433395
11C_phase_sig_4_px0.75_py0.25,15.0,50.0,31,Intensity-Weighted Centroid,PSF Fitting,10,-0.1451730539120939,-0.13055703066071483,-0.23187521001598008,-0.04835604064546809,4.074479988776147
11C_phase_sig_4_px0.75_py0.375,15.0,50.0,31,Intensity-Weighted Centroid,PSF Fitting,10,-0.29811170799649134,-0.27708786926120066,-0.403487931517016,-0.19758343202204665,3.756850049830973
11C_phase_sig_4_px0.75_py0.5,15.0,50.0,31,Intensity-Weighted Centroid,PSF Fitting,10,-0.08478739187710504,-0.1121297533218453,-0.2156977888297135,0.04153238954085574,3.772910078987479
11C_phase_sig_4_px0.75_py0.625,15.0,50.0,31,Intensity-Weighted Centroid,PSF Fitting,10,-0.12807610529991414,-0.1157210138053657,-0.20074908793883742,-0.04962339383076614,3.7294200155884027
11C_phase_sig_4_px0.75_py0.75,15.0,50.0,31,Intensity-Weighted Centroid,PSF Fitting,10,-0.24249832519680348,-0.23533772089777966,-0.28719858522649766,-0.18565503780276343,3.7528500892221928
11C_phase_sig_4_px0.75_py0.875,15.0,50.0,31,Intensity-Weighted Centroid,PSF Fitting,10,-0.09471588792460808,-0.10272817580811347,-0.21533268338954145,0.012328642314949246,3.891709935851395
11C_phase_sig_4_px0.875_py0,15.0,50.0,31,Intensity-Weighted Centroid,PSF Fitting,10,-0.04607260448430725,-0.049739436751503524,-0.12482787001128004,0.019751749514696163,3.997780056670308
11C_phase_sig_4_px0.875_py0.125,15.0,50.0,31,Intensity-Weighted Centroid,PSF Fitting,10,0.011170769695237504,0.021064020027607017,-0.08298392710376087,0.09121826577934698,4.233519989065826
11C_phase_sig_4_px0.875_py0.25,15.0,50.0,31,Intensity-Weighted Centroid,PSF Fitting,10,-0.04764414497894043,-0.04513327731219263,-0.09472472158798867,-0.005771973292672872,4.041080013848841
11C_phase_sig_4_px0.875_py0.375,15.0,50.0,31,Intensity-Weighted Centroid,PSF Fitting,10,-0.21112426169153498,-0.20421572088460216,-0.2776653676800049,-0.13860646766904117,3.9240399608388543
11C_phase_sig_4_px0.875_py0.5,15.0,50.0,31,Intensity-Weighted Centroid,PSF Fitting,10,-0.1744455147748471,-0.15301051326999376,-0.31187019111631253,-0.052890766518536546,4.030799912288785
11C_phase_sig_4_px0.875_py0.625,15.0,50.0,31,Intensity-Weighted Centroid,PSF Fitting,10,-0.21095942152039404,-0.21887346351569553,-0.31415804150931276,-0.10408040441596687,3.954599960707128
11C_phase_sig_4_px0.875_py0.75,15.0,50.0,31,Intensity-Weighted Centroid,PSF Fitting,10,-0.13003175012078455,-0.11879255354322549,-0.21705430249366434,-0.0374406890483901,5.148669960908592
11C_phase_sig_4_px0.875_py0.875,15.0,50.0,31,Intensity-Weighted Centroid,PSF Fitting,10,-0.18938779586524265,-0.1707273383721299,-0.2770985680040601,-0.09493960635411004,4.5548900263383985
11C_phase_sig_4_px0_py0,15.0,50.0,31,Intensity-Weighted Centroid,PSF Fitting,10,-0.10377948470269704,-0.09468691684387454,-0.18343867693545668,-0.02361155002459167,3.8221300579607487
11C_phase_sig_4_px0_py0.125,15.0,50.0,31,Intensity-Weighted Centroid,PSF Fitting,10,-0.06981265456288438,-0.07916536495332285,-0.12142213620347667,-0.02051034782244701,4.210019996389747
11C_phase_sig_4_px0_py0.25,15.0,50.0,31,Intensity-Weighted Centroid,PSF Fitting,10,-0.0684986127555812,-0.06927295102422673,-0.14896973720404066,0.010046309383136403,3.7993500474840403
11C_phase_sig_4_px0_py0.375,15.0,50.0,31,Intensity-Weighted Centroid,PSF Fitting,10,-0.10214180089566768,-0.06907547247575246,-0.17159706484331533,-0.012240715453290456,4.033460025675595
11C_phase_sig_4_px0_py0.5,15.0,50.0,31,Intensity-Weighted Centroid,PSF Fitting,10,-0.1704993183117959,-0.14979745164730168,-0.2519083469334438,-0.07726577004227748,4.083870002068579
11C_phase_sig_4_px0_py0.625,15.0,50.0,31,Intensity-Weighted Centroid,PSF Fitting,10,-0.15098360985860962,-0.155125407079133,-0.2478995732241575,-0.055690375550172595,4.222960025072098
11C_phase_sig_4_px0_py0.75,15.0,50.0,31,Intensity-Weighted Centroid,PSF Fitting,10,-0.04881558929639676,-0.052283240168180645,-0.13829238986358083,0.025048562288921137,3.9934099186211824
11C_phase_sig_4_px0_py0.875,15.0,50.0,31,Intensity-Weighted Centroid,PSF Fitting,10,-0.15845421330624518,-0.13964293070850883,-0.297309492679223,-0.034409819469088825,3.62659003585577
11D_supp_gaussian_sub_sig_2_bg_200,15.0,200.0,31,Intensity-Weighted Centroid,PSF Fitting,20,-0.3105070850981031,-0.2572867095624548,-0.45840870255236515,-0.1535224111638379,4.780069994740188
11D_supp_gaussian_sub_sig_2_bg_50,15.0,50.0,31,Intensity-Weighted Centroid,PSF Fitting,20,-0.28734077981007816,-0.2517103633155595,-0.3927733648597863,-0.17742041553400253,4.87445502076298
11D_supp_gaussian_sub_sig_4_bg_200,15.0,200.0,31,Intensity-Weighted Centroid,PSF Fitting,20,-0.149141006144204,-0.14396157972087506,-0.22893027387795292,-0.07378503737413904,4.357920028269291
11D_supp_gaussian_sub_sig_4_bg_50,15.0,50.0,31,Intensity-Weighted Centroid,PSF Fitting,20,-0.019332724061119383,-0.012593545590556948,-0.08650073324315945,0.04969014297373069,4.702060064300895
11D_supp_tophat_sig_2_bg_200,15.0,200.0,31,Intensity-Weighted Centroid,PSF Fitting,20,-0.9636056746999233,-0.8292849009468269,-1.3048175511837075,-0.624471011320482,5.544274998828769
11D_supp_tophat_sig_2_bg_50,15.0,50.0,31,Intensity-Weighted Centroid,PSF Fitting,20,-0.33092998079364055,-0.3005006532823765,-0.4420572379372598,-0.22307074368132176,4.220890044234693
11D_supp_tophat_sig_4_bg_200,15.0,200.0,31,Intensity-Weighted Centroid,PSF Fitting,20,-0.7768886797303325,-0.7009067679913856,-1.1873622670942099,-0.3029588661898057,5.43082500807941
11D_supp_tophat_sig_4_bg_50,15.0,50.0,31,Intensity-Weighted Centroid,PSF Fitting,20,-0.2991387602657508,-0.2790537445152894,-0.4272136826925392,-0.17971205374146806,4.70809496473521
