trial_id,seed,scenario_id,experiment_sub_id,method_name,snr_db,sigma_n,background_level,background_type,psf_type,psf_condition,sigma_x,sigma_y,beacon_amplitude,roi_size,subpixel_offset,x_true,y_true,xmin,ymin,roi_width,roi_height,x_est,y_est,x_roi,y_roi,error_x,error_y,radial_error,angular_error_x_rad,angular_error_y_rad,angular_error_rad,angular_error_urad,success,failure_reason,runtime_ms,fit_parameters
7A_3_00008,959332347,7A_snr_3dB,7A,Bounding Box Center,3.0,106.13878499556328,10.0,uniform,gaussian,nominal,2.0,2.0,150.0,31,0.0,290.39036733093974,322.1439356836368,275,307,31,31,,,,,,,,,,,,False,No foreground pixels thresholded,0.17260003369301558,"{""background_mean"": 52.49568965517241, ""background_std"": 70.3772468769037, ""threshold"": 263.6274302858835, ""num_fg_pixels"": 0}"
7A_3_00008,959332347,7A_snr_3dB,7A,Binary Centroid,3.0,106.13878499556328,10.0,uniform,gaussian,nominal,2.0,2.0,150.0,31,0.0,290.39036733093974,322.1439356836368,275,307,31,31,,,,,,,,,,,,False,No foreground pixels thresholded,0.08379993960261345,"{""background_mean"": 52.49568965517241, ""background_std"": 70.3772468769037, ""threshold"": 263.6274302858835, ""num_fg_pixels"": 0}"
7A_3_00016,106667539,7A_snr_3dB,7A,Bounding Box Center,3.0,106.13878499556328,10.0,uniform,gaussian,nominal,2.0,2.0,150.0,31,0.0,1104.8719193052953,746.9138962172774,1090,732,31,31,,,,,,,,,,,,False,No foreground pixels thresholded,0.2362999366596341,"{""background_mean"": 56.13793103448276, ""background_std"": 71.81476370061073, ""threshold"": 271.58222213631495, ""num_fg_pixels"": 0}"
7A_3_00016,106667539,7A_snr_3dB,7A,Binary Centroid,3.0,106.13878499556328,10.0,uniform,gaussian,nominal,2.0,2.0,150.0,31,0.0,1104.8719193052953,746.9138962172774,1090,732,31,31,,,,,,,,,,,,False,No foreground pixels thresholded,0.08269993122667074,"{""background_mean"": 56.13793103448276, ""background_std"": 71.81476370061073, ""threshold"": 271.58222213631495, ""num_fg_pixels"": 0}"
7A_3_00018,835206303,7A_snr_3dB,7A,Bounding Box Center,3.0,106.13878499556328,10.0,uniform,gaussian,nominal,2.0,2.0,150.0,31,0.0,1407.22575139974,779.6706291536199,1392,765,31,31,,,,,,,,,,,,False,No foreground pixels thresholded,0.20129990298300982,"{""background_mean"": 56.797413793103445, ""background_std"": 72.09947266678707, ""threshold"": 273.09583179346464, ""num_fg_pixels"": 0}"
7A_3_00018,835206303,7A_snr_3dB,7A,Binary Centroid,3.0,106.13878499556328,10.0,uniform,gaussian,nominal,2.0,2.0,150.0,31,0.0,1407.22575139974,779.6706291536199,1392,765,31,31,,,,,,,,,,,,False,No foreground pixels thresholded,0.0751999905332923,"{""background_mean"": 56.797413793103445, ""background_std"": 72.09947266678707, ""threshold"": 273.09583179346464, ""num_fg_pixels"": 0}"
7A_3_00022,617711639,7A_snr_3dB,7A,Bounding Box Center,3.0,106.13878499556328,10.0,uniform,gaussian,nominal,2.0,2.0,150.0,31,0.0,811.3368418531481,495.8761839508311,796,481,31,31,,,,,,,,,,,,False,No foreground pixels thresholded,0.16189995221793652,"{""background_mean"": 54.21551724137931, ""background_std"": 70.97647813797464, ""threshold"": 267.1449516553032, ""num_fg_pixels"": 0}"
7A_3_00022,617711639,7A_snr_3dB,7A,Binary Centroid,3.0,106.13878499556328,10.0,uniform,gaussian,nominal,2.0,2.0,150.0,31,0.0,811.3368418531481,495.8761839508311,796,481,31,31,,,,,,,,,,,,False,No foreground pixels thresholded,0.07749989163130522,"{""background_mean"": 54.21551724137931, ""background_std"": 70.97647813797464, ""threshold"": 267.1449516553032, ""num_fg_pixels"": 0}"
7A_3_00026,333088381,7A_snr_3dB,7A,Bounding Box Center,3.0,106.13878499556328,10.0,uniform,gaussian,nominal,2.0,2.0,150.0,31,0.0,377.3569881053095,927.2167295106129,362,912,31,31,,,,,,,,,,,,False,No foreground pixels thresholded,0.17579994164407253,"{""background_mean"": 49.48706896551724, ""background_std"": 70.53807852815045, ""threshold"": 261.10130454996863, ""num_fg_pixels"": 0}"
7A_3_00026,333088381,7A_snr_3dB,7A,Binary Centroid,3.0,106.13878499556328,10.0,uniform,gaussian,nominal,2.0,2.0,150.0,31,0.0,377.3569881053095,927.2167295106129,362,912,31,31,,,,,,,,,,,,False,No foreground pixels thresholded,0.1121999230235815,"{""background_mean"": 49.48706896551724, ""background_std"": 70.53807852815045, ""threshold"": 261.10130454996863, ""num_fg_pixels"": 0}"
7A_3_00030,536568013,7A_snr_3dB,7A,Bounding Box Center,3.0,106.13878499556328,10.0,uniform,gaussian,nominal,2.0,2.0,150.0,31,0.0,316.14182693388193,937.9797499442013,301,923,31,31,,,,,,,,,,,,False,No foreground pixels thresholded,0.1745999325066805,"{""background_mean"": 52.82327586206897, ""background_std"": 68.53968628586857, ""threshold"": 258.44233471967465, ""num_fg_pixels"": 0}"
7A_3_00030,536568013,7A_snr_3dB,7A,Binary Centroid,3.0,106.13878499556328,10.0,uniform,gaussian,nominal,2.0,2.0,150.0,31,0.0,316.14182693388193,937.9797499442013,301,923,31,31,,,,,,,,,,,,False,No foreground pixels thresholded,0.10289996862411499,"{""background_mean"": 52.82327586206897, ""background_std"": 68.53968628586857, ""threshold"": 258.44233471967465, ""num_fg_pixels"": 0}"
7A_3_00045,993368498,7A_snr_3dB,7A,Bounding Box Center,3.0,106.13878499556328,10.0,uniform,gaussian,nominal,2.0,2.0,150.0,31,0.0,888.210711442804,213.54645032019675,873,199,31,31,,,,,,,,,,,,False,No foreground pixels thresholded,0.20279991440474987,"{""background_mean"": 54.35344827586207, ""background_std"": 75.5317076956409, ""threshold"": 280.9485713627848, ""num_fg_pixels"": 0}"
7A_3_00045,993368498,7A_snr_3dB,7A,Binary Centroid,3.0,106.13878499556328,10.0,uniform,gaussian,nominal,2.0,2.0,150.0,31,0.0,888.210711442804,213.54645032019675,873,199,31,31,,,,,,,,,,,,False,No foreground pixels thresholded,0.06939994636923075,"{""background_mean"": 54.35344827586207, ""background_std"": 75.5317076956409, ""threshold"": 280.9485713627848, ""num_fg_pixels"": 0}"
7A_3_00049,658232905,7A_snr_3dB,7A,Bounding Box Center,3.0,106.13878499556328,10.0,uniform,gaussian,nominal,2.0,2.0,150.0,31,0.0,913.1884331454769,936.0537632695047,898,921,31,31,,,,,,,,,,,,False,No foreground pixels thresholded,0.14130002819001675,"{""background_mean"": 52.91379310344828, ""background_std"": 69.04665700982963, ""threshold"": 260.05376413293715, ""num_fg_pixels"": 0}"
7A_3_00049,658232905,7A_snr_3dB,7A,Binary Centroid,3.0,106.13878499556328,10.0,uniform,gaussian,nominal,2.0,2.0,150.0,31,0.0,913.1884331454769,936.0537632695047,898,921,31,31,,,,,,,,,,,,False,No foreground pixels thresholded,0.09730004239827394,"{""background_mean"": 52.91379310344828, ""background_std"": 69.04665700982963, ""threshold"": 260.05376413293715, ""num_fg_pixels"": 0}"
7A_0_00000,599695356,7A_snr_0dB,7A,Bounding Box Center,0.0,149.9250187468754,10.0,uniform,gaussian,nominal,2.0,2.0,150.0,31,0.0,689.467465538524,255.96724109935985,674,241,31,31,,,,,,,,,,,,False,No foreground pixels thresholded,0.10159995872527361,"{""background_mean"": 67.80603448275862, ""background_std"": 86.4053765775953, ""threshold"": 327.02216421554454, ""num_fg_pixels"": 0}"
7A_0_00000,599695356,7A_snr_0dB,7A,Binary Centroid,0.0,149.9250187468754,10.0,uniform,gaussian,nominal,2.0,2.0,150.0,31,0.0,689.467465538524,255.96724109935985,674,241,31,31,,,,,,,,,,,,False,No foreground pixels thresholded,0.049900030717253685,"{""background_mean"": 67.80603448275862, ""background_std"": 86.4053765775953, ""threshold"": 327.02216421554454, ""num_fg_pixels"": 0}"
7A_0_00001,90695417,7A_snr_0dB,7A,Bounding Box Center,0.0,149.9250187468754,10.0,uniform,gaussian,nominal,2.0,2.0,150.0,31,0.0,1555.1330054496032,135.42329114713291,1540,120,31,31,,,,,,,,,,,,False,No foreground pixels thresholded,0.188400037586689,"{""background_mean"": 66.12931034482759, ""background_std"": 83.93193364704088, ""threshold"": 317.92511128595027, ""num_fg_pixels"": 0}"
7A_0_00001,90695417,7A_snr_0dB,7A,Binary Centroid,0.0,149.9250187468754,10.0,uniform,gaussian,nominal,2.0,2.0,150.0,31,0.0,1555.1330054496032,135.42329114713291,1540,120,31,31,,,,,,,,,,,,False,No foreground pixels thresholded,0.08549995254725218,"{""background_mean"": 66.12931034482759, ""background_std"": 83.93193364704088, ""threshold"": 317.92511128595027, ""num_fg_pixels"": 0}"
7A_0_00002,678094060,7A_snr_0dB,7A,Bounding Box Center,0.0,149.9250187468754,10.0,uniform,gaussian,nominal,2.0,2.0,150.0,31,0.0,873.3682240870106,885.3891669248471,858,870,31,31,,,,,,,,,,,,False,No foreground pixels thresholded,0.1246000174432993,"{""background_mean"": 60.883620689655174, ""background_std"": 80.36360949906489, ""threshold"": 301.9744491868498, ""num_fg_pixels"": 0}"
7A_0_00002,678094060,7A_snr_0dB,7A,Binary Centroid,0.0,149.9250187468754,10.0,uniform,gaussian,nominal,2.0,2.0,150.0,31,0.0,873.3682240870106,885.3891669248471,858,870,31,31,,,,,,,,,,,,False,No foreground pixels thresholded,0.06670004222542048,"{""background_mean"": 60.883620689655174, ""background_std"": 80.36360949906489, ""threshold"": 301.9744491868498, ""num_fg_pixels"": 0}"
7A_0_00003,749618618,7A_snr_0dB,7A,Bounding Box Center,0.0,149.9250187468754,10.0,uniform,gaussian,nominal,2.0,2.0,150.0,31,0.0,1805.9092723759206,567.6441542055745,1791,553,31,31,,,,,,,,,,,,False,No foreground pixels thresholded,0.188700039871037,"{""background_mean"": 62.922413793103445, ""background_std"": 84.48185388326249, ""threshold"": 316.3679754428909, ""num_fg_pixels"": 0}"
7A_0_00003,749618618,7A_snr_0dB,7A,Binary Centroid,0.0,149.9250187468754,10.0,uniform,gaussian,nominal,2.0,2.0,150.0,31,0.0,1805.9092723759206,567.6441542055745,1791,553,31,31,,,,,,,,,,,,False,No foreground pixels thresholded,0.06430002395063639,"{""background_mean"": 62.922413793103445, ""background_std"": 84.48185388326249, ""threshold"": 316.3679754428909, ""num_fg_pixels"": 0}"
7A_0_00004,750957465,7A_snr_0dB,7A,Bounding Box Center,0.0,149.9250187468754,10.0,uniform,gaussian,nominal,2.0,2.0,150.0,31,0.0,620.2660835572364,933.8313277060732,605,919,31,31,,,,,,,,,,,,False,No foreground pixels thresholded,0.1132000470533967,"{""background_mean"": 65.51293103448276, ""background_std"": 82.75555927796655, ""threshold"": 313.7796088683824, ""num_fg_pixels"": 0}"
7A_0_00004,750957465,7A_snr_0dB,7A,Binary Centroid,0.0,149.9250187468754,10.0,uniform,gaussian,nominal,2.0,2.0,150.0,31,0.0,620.2660835572364,933.8313277060732,605,919,31,31,,,,,,,,,,,,False,No foreground pixels thresholded,0.05030003376305103,"{""background_mean"": 65.51293103448276, ""background_std"": 82.75555927796655, ""threshold"": 313.7796088683824, ""num_fg_pixels"": 0}"
7A_0_00005,659995718,7A_snr_0dB,7A,Bounding Box Center,0.0,149.9250187468754,10.0,uniform,gaussian,nominal,2.0,2.0,150.0,31,0.0,730.0970403172424,749.8894271642332,715,735,31,31,,,,,,,,,,,,False,No foreground pixels thresholded,0.10170007590204477,"{""background_mean"": 62.43103448275862, ""background_std"": 84.22570499371594, ""threshold"": 315.10814946390644, ""num_fg_pixels"": 0}"
7A_0_00005,659995718,7A_snr_0dB,7A,Binary Centroid,0.0,149.9250187468754,10.0,uniform,gaussian,nominal,2.0,2.0,150.0,31,0.0,730.0970403172424,749.8894271642332,715,735,31,31,,,,,,,,,,,,False,No foreground pixels thresholded,0.04830001853406429,"{""background_mean"": 62.43103448275862, ""background_std"": 84.22570499371594, ""threshold"": 315.10814946390644, ""num_fg_pixels"": 0}"
7A_0_00006,394221605,7A_snr_0dB,7A,Bounding Box Center,0.0,149.9250187468754,10.0,uniform,gaussian,nominal,2.0,2.0,150.0,31,0.0,1066.3285597083589,733.4086308189607,1051,718,31,31,,,,,,,,,,,,False,No foreground pixels thresholded,0.10109995491802692,"{""background_mean"": 53.400862068965516, ""background_std"": 75.29561625249536, ""threshold"": 279.2877108264516, ""num_fg_pixels"": 0}"
7A_0_00006,394221605,7A_snr_0dB,7A,Binary Centroid,0.0,149.9250187468754,10.0,uniform,gaussian,nominal,2.0,2.0,150.0,31,0.0,1066.3285597083589,733.4086308189607,1051,718,31,31,,,,,,,,,,,,False,No foreground pixels thresholded,0.25230005849152803,"{""background_mean"": 53.400862068965516, ""background_std"": 75.29561625249536, ""threshold"": 279.2877108264516, ""num_fg_pixels"": 0}"
7A_0_00007,589568054,7A_snr_0dB,7A,Bounding Box Center,0.0,149.9250187468754,10.0,uniform,gaussian,nominal,2.0,2.0,150.0,31,0.0,1660.1884822843547,468.984869376473,1645,454,31,31,,,,,,,,,,,,False,No foreground pixels thresholded,0.1458000624552369,"{""background_mean"": 54.34051724137931, ""background_std"": 79.6401957063533, ""threshold"": 293.2611043604392, ""num_fg_pixels"": 0}"
7A_0_00007,589568054,7A_snr_0dB,7A,Binary Centroid,0.0,149.9250187468754,10.0,uniform,gaussian,nominal,2.0,2.0,150.0,31,0.0,1660.1884822843547,468.984869376473,1645,454,31,31,,,,,,,,,,,,False,No foreground pixels thresholded,0.08129992056638002,"{""background_mean"": 54.34051724137931, ""background_std"": 79.6401957063533, ""threshold"": 293.2611043604392, ""num_fg_pixels"": 0}"
7A_0_00008,508934151,7A_snr_0dB,7A,Bounding Box Center,0.0,149.9250187468754,10.0,uniform,gaussian,nominal,2.0,2.0,150.0,31,0.0,1212.9634928065193,401.27894130404763,1198,386,31,31,,,,,,,,,,,,False,No foreground pixels thresholded,0.13179995585232973,"{""background_mean"": 69.97844827586206, ""background_std"": 88.01843684807382, ""threshold"": 334.03375882008356, ""num_fg_pixels"": 0}"
7A_0_00008,508934151,7A_snr_0dB,7A,Binary Centroid,0.0,149.9250187468754,10.0,uniform,gaussian,nominal,2.0,2.0,150.0,31,0.0,1212.9634928065193,401.27894130404763,1198,386,31,31,,,,,,,,,,,,False,No foreground pixels thresholded,0.08289993274956942,"{""background_mean"": 69.97844827586206, ""background_std"": 88.01843684807382, ""threshold"": 334.03375882008356, ""num_fg_pixels"": 0}"
7A_0_00009,696523279,7A_snr_0dB,7A,Bounding Box Center,0.0,149.9250187468754,10.0,uniform,gaussian,nominal,2.0,2.0,150.0,31,0.0,856.8861861617102,210.71017611481102,842,196,31,31,,,,,,,,,,,,False,No foreground pixels thresholded,0.2354000462219119,"{""background_mean"": 69.34482758620689, ""background_std"": 86.34699478110916, ""threshold"": 328.3858119295344, ""num_fg_pixels"": 0}"
7A_0_00009,696523279,7A_snr_0dB,7A,Binary Centroid,0.0,149.9250187468754,10.0,uniform,gaussian,nominal,2.0,2.0,150.0,31,0.0,856.8861861617102,210.71017611481102,842,196,31,31,,,,,,,,,,,,False,No foreground pixels thresholded,0.06610003765672445,"{""background_mean"": 69.34482758620689, ""background_std"": 86.34699478110916, ""threshold"": 328.3858119295344, ""num_fg_pixels"": 0}"
7A_0_00010,408156668,7A_snr_0dB,7A,Bounding Box Center,0.0,149.9250187468754,10.0,uniform,gaussian,nominal,2.0,2.0,150.0,31,0.0,257.76472798149155,687.3911323691469,243,672,31,31,,,,,,,,,,,,False,No foreground pixels thresholded,0.13649999164044857,"{""background_mean"": 66.02586206896552, ""background_std"": 84.01456782615415, ""threshold"": 318.06956554742794, ""num_fg_pixels"": 0}"
7A_0_00010,408156668,7A_snr_0dB,7A,Binary Centroid,0.0,149.9250187468754,10.0,uniform,gaussian,nominal,2.0,2.0,150.0,31,0.0,257.76472798149155,687.3911323691469,243,672,31,31,,,,,,,,,,,,False,No foreground pixels thresholded,0.04880002234131098,"{""background_mean"": 66.02586206896552, ""background_std"": 84.01456782615415, ""threshold"": 318.06956554742794, ""num_fg_pixels"": 0}"
7A_0_00011,131294935,7A_snr_0dB,7A,Bounding Box Center,0.0,149.9250187468754,10.0,uniform,gaussian,nominal,2.0,2.0,150.0,31,0.0,1240.204708441364,117.39447190156866,1225,102,31,31,,,,,,,,,,,,False,No foreground pixels thresholded,0.103199970908463,"{""background_mean"": 65.37068965517241, ""background_std"": 84.96292600938423, ""threshold"": 320.2594676833251, ""num_fg_pixels"": 0}"
7A_0_00011,131294935,7A_snr_0dB,7A,Binary Centroid,0.0,149.9250187468754,10.0,uniform,gaussian,nominal,2.0,2.0,150.0,31,0.0,1240.204708441364,117.39447190156866,1225,102,31,31,,,,,,,,,,,,False,No foreground pixels thresholded,0.05000003147870302,"{""background_mean"": 65.37068965517241, ""background_std"": 84.96292600938423, ""threshold"": 320.2594676833251, ""num_fg_pixels"": 0}"
7A_0_00012,655517738,7A_snr_0dB,7A,Bounding Box Center,0.0,149.9250187468754,10.0,uniform,gaussian,nominal,2.0,2.0,150.0,31,0.0,661.6605693954615,274.0726655880933,647,259,31,31,,,,,,,,,,,,False,No foreground pixels thresholded,0.1066999975591898,"{""background_mean"": 68.44396551724138, ""background_std"": 84.97903574005271, ""threshold"": 323.3810727373995, ""num_fg_pixels"": 0}"
7A_0_00012,655517738,7A_snr_0dB,7A,Binary Centroid,0.0,149.9250187468754,10.0,uniform,gaussian,nominal,2.0,2.0,150.0,31,0.0,661.6605693954615,274.0726655880933,647,259,31,31,,,,,,,,,,,,False,No foreground pixels thresholded,0.04970002919435501,"{""background_mean"": 68.44396551724138, ""background_std"": 84.97903574005271, ""threshold"": 323.3810727373995, ""num_fg_pixels"": 0}"
7A_0_00013,162410487,7A_snr_0dB,7A,Bounding Box Center,0.0,149.9250187468754,10.0,uniform,gaussian,nominal,2.0,2.0,150.0,31,0.0,1580.2842904013437,317.07873195900964,1565,302,31,31,,,,,,,,,,,,False,No foreground pixels thresholded,0.10329997166991234,"{""background_mean"": 66.87068965517241, ""background_std"": 83.46525502312983, ""threshold"": 317.26645472456187, ""num_fg_pixels"": 0}"
7A_0_00013,162410487,7A_snr_0dB,7A,Binary Centroid,0.0,149.9250187468754,10.0,uniform,gaussian,nominal,2.0,2.0,150.0,31,0.0,1580.2842904013437,317.07873195900964,1565,302,31,31,,,,,,,,,,,,False,No foreground pixels thresholded,0.049600028432905674,"{""background_mean"": 66.87068965517241, ""background_std"": 83.46525502312983, ""threshold"": 317.26645472456187, ""num_fg_pixels"": 0}"
7A_0_00014,778151422,7A_snr_0dB,7A,Bounding Box Center,0.0,149.9250187468754,10.0,uniform,gaussian,nominal,2.0,2.0,150.0,31,0.0,1248.7005532185365,213.8392670432815,1234,199,31,31,,,,,,,,,,,,False,No foreground pixels thresholded,0.1482999650761485,"{""background_mean"": 67.38362068965517, ""background_std"": 81.57339771320558, ""threshold"": 312.1038138292719, ""num_fg_pixels"": 0}"
7A_0_00014,778151422,7A_snr_0dB,7A,Binary Centroid,0.0,149.9250187468754,10.0,uniform,gaussian,nominal,2.0,2.0,150.0,31,0.0,1248.7005532185365,213.8392670432815,1234,199,31,31,,,,,,,,,,,,False,No foreground pixels thresholded,0.05389994475990534,"{""background_mean"": 67.38362068965517, ""background_std"": 81.57339771320558, ""threshold"": 312.1038138292719, ""num_fg_pixels"": 0}"
7A_0_00015,871161782,7A_snr_0dB,7A,Bounding Box Center,0.0,149.9250187468754,10.0,uniform,gaussian,nominal,2.0,2.0,150.0,31,0.0,338.48573352148156,349.4982746073217,323,334,31,31,,,,,,,,,,,,False,No foreground pixels thresholded,0.10489998385310173,"{""background_mean"": 49.97844827586207, ""background_std"": 79.10127980353839, ""threshold"": 287.2822876864773, ""num_fg_pixels"": 0}"
7A_0_00015,871161782,7A_snr_0dB,7A,Binary Centroid,0.0,149.9250187468754,10.0,uniform,gaussian,nominal,2.0,2.0,150.0,31,0.0,338.48573352148156,349.4982746073217,323,334,31,31,,,,,,,,,,,,False,No foreground pixels thresholded,0.04910002462565899,"{""background_mean"": 49.97844827586207, ""background_std"": 79.10127980353839, ""threshold"": 287.2822876864773, ""num_fg_pixels"": 0}"
7A_0_00016,275152525,7A_snr_0dB,7A,Bounding Box Center,0.0,149.9250187468754,10.0,uniform,gaussian,nominal,2.0,2.0,150.0,31,0.0,1260.546861440758,901.0876809630222,1246,886,31,31,,,,,,,,,,,,False,No foreground pixels thresholded,0.10519998613744974,"{""background_mean"": 57.80172413793103, ""background_std"": 77.67380064971827, ""threshold"": 290.8231260870859, ""num_fg_pixels"": 0}"
7A_0_00016,275152525,7A_snr_0dB,7A,Binary Centroid,0.0,149.9250187468754,10.0,uniform,gaussian,nominal,2.0,2.0,150.0,31,0.0,1260.546861440758,901.0876809630222,1246,886,31,31,,,,,,,,,,,,False,No foreground pixels thresholded,0.048600020818412304,"{""background_mean"": 57.80172413793103, ""background_std"": 77.67380064971827, ""threshold"": 290.8231260870859, ""num_fg_pixels"": 0}"
7A_0_00017,741550330,7A_snr_0dB,7A,Bounding Box Center,0.0,149.9250187468754,10.0,uniform,gaussian,nominal,2.0,2.0,150.0,31,0.0,1032.375940115237,717.2241690942204,1017,702,31,31,,,,,,,,,,,,False,No foreground pixels thresholded,0.10790000669658184,"{""background_mean"": 60.01293103448276, ""background_std"": 79.51628984069697, ""threshold"": 298.56180055657364, ""num_fg_pixels"": 0}"
7A_0_00017,741550330,7A_snr_0dB,7A,Binary Centroid,0.0,149.9250187468754,10.0,uniform,gaussian,nominal,2.0,2.0,150.0,31,0.0,1032.375940115237,717.2241690942204,1017,702,31,31,,,,,,,,,,,,False,No foreground pixels thresholded,0.049200025387108326,"{""background_mean"": 60.01293103448276, ""background_std"": 79.51628984069697, ""threshold"": 298.56180055657364, ""num_fg_pixels"": 0}"
7A_0_00018,202522407,7A_snr_0dB,7A,Bounding Box Center,0.0,149.9250187468754,10.0,uniform,gaussian,nominal,2.0,2.0,150.0,31,0.0,1739.026645795173,636.853224940713,1724,622,31,31,,,,,,,,,,,,False,No foreground pixels thresholded,0.1314000692218542,"{""background_mean"": 53.366379310344826, ""background_std"": 75.25691220855708, ""threshold"": 279.1371159360161, ""num_fg_pixels"": 0}"
7A_0_00018,202522407,7A_snr_0dB,7A,Binary Centroid,0.0,149.9250187468754,10.0,uniform,gaussian,nominal,2.0,2.0,150.0,31,0.0,1739.026645795173,636.853224940713,1724,622,31,31,,,,,,,,,,,,False,No foreground pixels thresholded,0.04950002767145634,"{""background_mean"": 53.366379310344826, ""background_std"": 75.25691220855708, ""threshold"": 279.1371159360161, ""num_fg_pixels"": 0}"
7A_0_00019,745527872,7A_snr_0dB,7A,Bounding Box Center,0.0,149.9250187468754,10.0,uniform,gaussian,nominal,2.0,2.0,150.0,31,0.0,1175.8224298919704,382.03222227665424,1161,367,31,31,,,,,,,,,,,,False,No foreground pixels thresholded,0.12940005399286747,"{""background_mean"": 63.10344827586207, ""background_std"": 85.37714295895321, ""threshold"": 319.23487715272177, ""num_fg_pixels"": 0}"
7A_0_00019,745527872,7A_snr_0dB,7A,Binary Centroid,0.0,149.9250187468754,10.0,uniform,gaussian,nominal,2.0,2.0,150.0,31,0.0,1175.8224298919704,382.03222227665424,1161,367,31,31,,,,,,,,,,,,False,No foreground pixels thresholded,0.04930002614855766,"{""background_mean"": 63.10344827586207, ""background_std"": 85.37714295895321, ""threshold"": 319.23487715272177, ""num_fg_pixels"": 0}"
7A_0_00020,255106930,7A_snr_0dB,7A,Bounding Box Center,0.0,149.9250187468754,10.0,uniform,gaussian,nominal,2.0,2.0,150.0,31,0.0,1778.9408319897373,451.71499894400046,1764,437,31,31,,,,,,,,,,,,False,No foreground pixels thresholded,0.10130007285624743,"{""background_mean"": 62.7198275862069, ""background_std"": 81.03194316911929, ""threshold"": 305.81565709356477, ""num_fg_pixels"": 0}"
7A_0_00020,255106930,7A_snr_0dB,7A,Binary Centroid,0.0,149.9250187468754,10.0,uniform,gaussian,nominal,2.0,2.0,150.0,31,0.0,1778.9408319897373,451.71499894400046,1764,437,31,31,,,,,,,,,,,,False,No foreground pixels thresholded,0.049699912779033184,"{""background_mean"": 62.7198275862069, ""background_std"": 81.03194316911929, ""threshold"": 305.81565709356477, ""num_fg_pixels"": 0}"
7A_0_00021,440376473,7A_snr_0dB,7A,Bounding Box Center,0.0,149.9250187468754,10.0,uniform,gaussian,nominal,2.0,2.0,150.0,31,0.0,139.9514416364246,452.0540725985847,125,437,31,31,,,,,,,,,,,,False,No foreground pixels thresholded,0.1357999863103032,"{""background_mean"": 66.60775862068965, ""background_std"": 84.19387791125219, ""threshold"": 319.1893923544462, ""num_fg_pixels"": 0}"
7A_0_00021,440376473,7A_snr_0dB,7A,Binary Centroid,0.0,149.9250187468754,10.0,uniform,gaussian,nominal,2.0,2.0,150.0,31,0.0,139.9514416364246,452.0540725985847,125,437,31,31,,,,,,,,,,,,False,No foreground pixels thresholded,0.08239992894232273,"{""background_mean"": 66.60775862068965, ""background_std"": 84.19387791125219, ""threshold"": 319.1893923544462, ""num_fg_pixels"": 0}"
7A_0_00022,685427720,7A_snr_0dB,7A,Bounding Box Center,0.0,149.9250187468754,10.0,uniform,gaussian,nominal,2.0,2.0,150.0,31,0.0,1605.18509491472,637.0001511012563,1590,622,31,31,,,,,,,,,,,,False,No foreground pixels thresholded,0.12270000297576189,"{""background_mean"": 78.55603448275862, ""background_std"": 91.81036658167137, ""threshold"": 353.98713422777274, ""num_fg_pixels"": 0}"
7A_0_00022,685427720,7A_snr_0dB,7A,Binary Centroid,0.0,149.9250187468754,10.0,uniform,gaussian,nominal,2.0,2.0,150.0,31,0.0,1605.18509491472,637.0001511012563,1590,622,31,31,,,,,,,,,,,,False,No foreground pixels thresholded,0.05089992191642523,"{""background_mean"": 78.55603448275862, ""background_std"": 91.81036658167137, ""threshold"": 353.98713422777274, ""num_fg_pixels"": 0}"
7A_0_00023,362562132,7A_snr_0dB,7A,Bounding Box Center,0.0,149.9250187468754,10.0,uniform,gaussian,nominal,2.0,2.0,150.0,31,0.0,1709.8124990294486,851.5062510095617,1695,837,31,31,,,,,,,,,,,,False,No foreground pixels thresholded,0.1015000743791461,"{""background_mean"": 61.422413793103445, ""background_std"": 83.1811122109843, ""threshold"": 310.96575042605633, ""num_fg_pixels"": 0}"
7A_0_00023,362562132,7A_snr_0dB,7A,Binary Centroid,0.0,149.9250187468754,10.0,uniform,gaussian,nominal,2.0,2.0,150.0,31,0.0,1709.8124990294486,851.5062510095617,1695,837,31,31,,,,,,,,,,,,False,No foreground pixels thresholded,0.04840001929551363,"{""background_mean"": 61.422413793103445, ""background_std"": 83.1811122109843, ""threshold"": 310.96575042605633, ""num_fg_pixels"": 0}"
7A_0_00024,443942886,7A_snr_0dB,7A,Bounding Box Center,0.0,149.9250187468754,10.0,uniform,gaussian,nominal,2.0,2.0,150.0,31,0.0,654.2109589754538,579.2025937963788,639,564,31,31,,,,,,,,,,,,False,No foreground pixels thresholded,0.11430005542933941,"{""background_mean"": 57.83620689655172, ""background_std"": 82.21281718655734, ""threshold"": 304.4746584562238, ""num_fg_pixels"": 0}"
7A_0_00024,443942886,7A_snr_0dB,7A,Binary Centroid,0.0,149.9250187468754,10.0,uniform,gaussian,nominal,2.0,2.0,150.0,31,0.0,654.2109589754538,579.2025937963788,639,564,31,31,,,,,,,,,,,,False,No foreground pixels thresholded,0.05059991963207722,"{""background_mean"": 57.83620689655172, ""background_std"": 82.21281718655734, ""threshold"": 304.4746584562238, ""num_fg_pixels"": 0}"
7A_0_00025,704656130,7A_snr_0dB,7A,Bounding Box Center,0.0,149.9250187468754,10.0,uniform,gaussian,nominal,2.0,2.0,150.0,31,0.0,1187.3883001975632,394.0179149237049,1172,379,31,31,,,,,,,,,,,,False,No foreground pixels thresholded,0.11380005162209272,"{""background_mean"": 59.90948275862069, ""background_std"": 78.4825123047389, ""threshold"": 295.3570196728374, ""num_fg_pixels"": 0}"
7A_0_00025,704656130,7A_snr_0dB,7A,Binary Centroid,0.0,149.9250187468754,10.0,uniform,gaussian,nominal,2.0,2.0,150.0,31,0.0,1187.3883001975632,394.0179149237049,1172,379,31,31,,,,,,,,,,,,False,No foreground pixels thresholded,0.048900023102760315,"{""background_mean"": 59.90948275862069, ""background_std"": 78.4825123047389, ""threshold"": 295.3570196728374, ""num_fg_pixels"": 0}"
7A_0_00026,489824255,7A_snr_0dB,7A,Bounding Box Center,0.0,149.9250187468754,10.0,uniform,gaussian,nominal,2.0,2.0,150.0,31,0.0,520.0326013173278,903.1512150248717,505,888,31,31,,,,,,,,,,,,False,No foreground pixels thresholded,0.17330003902316093,"{""background_mean"": 57.48275862068966, ""background_std"": 79.6374308500093, ""threshold"": 296.3950511707175, ""num_fg_pixels"": 0}"
7A_0_00026,489824255,7A_snr_0dB,7A,Binary Centroid,0.0,149.9250187468754,10.0,uniform,gaussian,nominal,2.0,2.0,150.0,31,0.0,520.0326013173278,903.1512150248717,505,888,31,31,,,,,,,,,,,,False,No foreground pixels thresholded,0.1058999914675951,"{""background_mean"": 57.48275862068966, ""background_std"": 79.6374308500093, ""threshold"": 296.3950511707175, ""num_fg_pixels"": 0}"
7A_0_00027,954453135,7A_snr_0dB,7A,Bounding Box Center,0.0,149.9250187468754,10.0,uniform,gaussian,nominal,2.0,2.0,150.0,31,0.0,1550.515363510604,960.819899072814,1536,946,31,31,,,,,,,,,,,,False,No foreground pixels thresholded,0.1026000827550888,"{""background_mean"": 63.49568965517241, ""background_std"": 81.5274439642993, ""threshold"": 308.0780215480703, ""num_fg_pixels"": 0}"
7A_0_00027,954453135,7A_snr_0dB,7A,Binary Centroid,0.0,149.9250187468754,10.0,uniform,gaussian,nominal,2.0,2.0,150.0,31,0.0,1550.515363510604,960.819899072814,1536,946,31,31,,,,,,,,,,,,False,No foreground pixels thresholded,0.04900002386420965,"{""background_mean"": 63.49568965517241, ""background_std"": 81.5274439642993, ""threshold"": 308.0780215480703, ""num_fg_pixels"": 0}"
7A_0_00028,923874499,7A_snr_0dB,7A,Bounding Box Center,0.0,149.9250187468754,10.0,uniform,gaussian,nominal,2.0,2.0,150.0,31,0.0,1381.3854243410642,772.9071611345597,1366,758,31,31,,,,,,,,,,,,False,No foreground pixels thresholded,0.11580006685107946,"{""background_mean"": 62.577586206896555, ""background_std"": 80.59639237049707, ""threshold"": 304.36676331838777, ""num_fg_pixels"": 0}"
7A_0_00028,923874499,7A_snr_0dB,7A,Binary Centroid,0.0,149.9250187468754,10.0,uniform,gaussian,nominal,2.0,2.0,150.0,31,0.0,1381.3854243410642,772.9071611345597,1366,758,31,31,,,,,,,,,,,,False,No foreground pixels thresholded,0.05110003985464573,"{""background_mean"": 62.577586206896555, ""background_std"": 80.59639237049707, ""threshold"": 304.36676331838777, ""num_fg_pixels"": 0}"
7A_0_00029,233174457,7A_snr_0dB,7A,Bounding Box Center,0.0,149.9250187468754,10.0,uniform,gaussian,nominal,2.0,2.0,150.0,31,0.0,926.6451252207672,501.67793117255906,912,487,31,31,,,,,,,,,,,,False,No foreground pixels thresholded,0.11360005009919405,"{""background_mean"": 69.89655172413794, ""background_std"": 88.3385317684528, ""threshold"": 334.9121470294963, ""num_fg_pixels"": 0}"
7A_0_00029,233174457,7A_snr_0dB,7A,Binary Centroid,0.0,149.9250187468754,10.0,uniform,gaussian,nominal,2.0,2.0,150.0,31,0.0,926.6451252207672,501.67793117255906,912,487,31,31,,,,,,,,,,,,False,No foreground pixels thresholded,0.05709996912628412,"{""background_mean"": 69.89655172413794, ""background_std"": 88.3385317684528, ""threshold"": 334.9121470294963, ""num_fg_pixels"": 0}"
7A_0_00030,762590091,7A_snr_0dB,7A,Bounding Box Center,0.0,149.9250187468754,10.0,uniform,gaussian,nominal,2.0,2.0,150.0,31,0.0,513.1891949762854,667.4408910361756,498,652,31,31,,,,,,,,,,,,False,No foreground pixels thresholded,0.10770000517368317,"{""background_mean"": 63.19827586206897, ""background_std"": 82.10120119953581, ""threshold"": 309.5018794606764, ""num_fg_pixels"": 0}"
7A_0_00030,762590091,7A_snr_0dB,7A,Binary Centroid,0.0,149.9250187468754,10.0,uniform,gaussian,nominal,2.0,2.0,150.0,31,0.0,513.1891949762854,667.4408910361756,498,652,31,31,,,,,,,,,,,,False,No foreground pixels thresholded,0.05489995237439871,"{""background_mean"": 63.19827586206897, ""background_std"": 82.10120119953581, ""threshold"": 309.5018794606764, ""num_fg_pixels"": 0}"
7A_0_00031,633796117,7A_snr_0dB,7A,Bounding Box Center,0.0,149.9250187468754,10.0,uniform,gaussian,nominal,2.0,2.0,150.0,31,0.0,543.4304646880496,615.6460092045281,528,601,31,31,,,,,,,,,,,,False,No foreground pixels thresholded,0.10689999908208847,"{""background_mean"": 60.87068965517241, ""background_std"": 81.96929935930532, ""threshold"": 306.7785877330884, ""num_fg_pixels"": 0}"
7A_0_00031,633796117,7A_snr_0dB,7A,Binary Centroid,0.0,149.9250187468754,10.0,uniform,gaussian,nominal,2.0,2.0,150.0,31,0.0,543.4304646880496,615.6460092045281,528,601,31,31,,,,,,,,,,,,False,No foreground pixels thresholded,0.04950002767145634,"{""background_mean"": 60.87068965517241, ""background_std"": 81.96929935930532, ""threshold"": 306.7785877330884, ""num_fg_pixels"": 0}"
7A_0_00032,289320135,7A_snr_0dB,7A,Bounding Box Center,0.0,149.9250187468754,10.0,uniform,gaussian,nominal,2.0,2.0,150.0,31,0.0,805.1697077470743,292.59381573927635,790,278,31,31,,,,,,,,,,,,False,No foreground pixels thresholded,0.21740002557635307,"{""background_mean"": 50.21120689655172, ""background_std"": 73.95247340475727, ""threshold"": 272.06862711082357, ""num_fg_pixels"": 0}"
7A_0_00032,289320135,7A_snr_0dB,7A,Binary Centroid,0.0,149.9250187468754,10.0,uniform,gaussian,nominal,2.0,2.0,150.0,31,0.0,805.1697077470743,292.59381573927635,790,278,31,31,,,,,,,,,,,,False,No foreground pixels thresholded,0.0735999783501029,"{""background_mean"": 50.21120689655172, ""background_std"": 73.95247340475727, ""threshold"": 272.06862711082357, ""num_fg_pixels"": 0}"
7A_0_00033,657438226,7A_snr_0dB,7A,Bounding Box Center,0.0,149.9250187468754,10.0,uniform,gaussian,nominal,2.0,2.0,150.0,31,0.0,1580.1802611863268,247.57557731644724,1565,233,31,31,,,,,,,,,,,,False,No foreground pixels thresholded,0.12590002734214067,"{""background_mean"": 62.05603448275862, ""background_std"": 80.6923241112906, ""threshold"": 304.1330068166304, ""num_fg_pixels"": 0}"
7A_0_00033,657438226,7A_snr_0dB,7A,Binary Centroid,0.0,149.9250187468754,10.0,uniform,gaussian,nominal,2.0,2.0,150.0,31,0.0,1580.1802611863268,247.57557731644724,1565,233,31,31,,,,,,,,,,,,False,No foreground pixels thresholded,0.051900045946240425,"{""background_mean"": 62.05603448275862, ""background_std"": 80.6923241112906, ""threshold"": 304.1330068166304, ""num_fg_pixels"": 0}"
7A_0_00034,816056016,7A_snr_0dB,7A,Bounding Box Center,0.0,149.9250187468754,10.0,uniform,gaussian,nominal,2.0,2.0,150.0,31,0.0,112.91209641599977,395.79437230584887,98,381,31,31,,,,,,,,,,,,False,No foreground pixels thresholded,0.12250000145286322,"{""background_mean"": 52.741379310344826, ""background_std"": 75.133859933071, ""threshold"": 278.1429591095578, ""num_fg_pixels"": 0}"
7A_0_00034,816056016,7A_snr_0dB,7A,Binary Centroid,0.0,149.9250187468754,10.0,uniform,gaussian,nominal,2.0,2.0,150.0,31,0.0,112.91209641599977,395.79437230584887,98,381,31,31,,,,,,,,,,,,False,No foreground pixels thresholded,0.060699996538460255,"{""background_mean"": 52.741379310344826, ""background_std"": 75.133859933071, ""threshold"": 278.1429591095578, ""num_fg_pixels"": 0}"
7A_0_00035,454462427,7A_snr_0dB,7A,Bounding Box Center,0.0,149.9250187468754,10.0,uniform,gaussian,nominal,2.0,2.0,150.0,31,0.0,1543.379049923038,221.7295817021233,1528,207,31,31,,,,,,,,,,,,False,No foreground pixels thresholded,0.13329996727406979,"{""background_mean"": 71.30603448275862, ""background_std"": 85.71195927981707, ""threshold"": 328.4419123222098, ""num_fg_pixels"": 0}"
7A_0_00035,454462427,7A_snr_0dB,7A,Binary Centroid,0.0,149.9250187468754,10.0,uniform,gaussian,nominal,2.0,2.0,150.0,31,0.0,1543.379049923038,221.7295817021233,1528,207,31,31,,,,,,,,,,,,False,No foreground pixels thresholded,0.07390009704977274,"{""background_mean"": 71.30603448275862, ""background_std"": 85.71195927981707, ""threshold"": 328.4419123222098, ""num_fg_pixels"": 0}"
7A_0_00036,797510835,7A_snr_0dB,7A,Bounding Box Center,0.0,149.9250187468754,10.0,uniform,gaussian,nominal,2.0,2.0,150.0,31,0.0,1431.857750034848,201.81966723229792,1417,187,31,31,,,,,,,,,,,,False,No foreground pixels thresholded,0.13449997641146183,"{""background_mean"": 63.366379310344826, ""background_std"": 81.17233311142827, ""threshold"": 306.88337864462966, ""num_fg_pixels"": 0}"
7A_0_00036,797510835,7A_snr_0dB,7A,Binary Centroid,0.0,149.9250187468754,10.0,uniform,gaussian,nominal,2.0,2.0,150.0,31,0.0,1431.857750034848,201.81966723229792,1417,187,31,31,,,,,,,,,,,,False,No foreground pixels thresholded,0.05679996684193611,"{""background_mean"": 63.366379310344826, ""background_std"": 81.17233311142827, ""threshold"": 306.88337864462966, ""num_fg_pixels"": 0}"
7A_0_00037,115344744,7A_snr_0dB,7A,Bounding Box Center,0.0,149.9250187468754,10.0,uniform,gaussian,nominal,2.0,2.0,150.0,31,0.0,1817.6083658204952,269.4799244432006,1803,254,31,31,,,,,,,,,,,,False,No foreground pixels thresholded,0.15700003132224083,"{""background_mean"": 60.4698275862069, ""background_std"": 84.1444209225072, ""threshold"": 312.9030903537285, ""num_fg_pixels"": 0}"
7A_0_00037,115344744,7A_snr_0dB,7A,Binary Centroid,0.0,149.9250187468754,10.0,uniform,gaussian,nominal,2.0,2.0,150.0,31,0.0,1817.6083658204952,269.4799244432006,1803,254,31,31,,,,,,,,,,,,False,No foreground pixels thresholded,0.06180000491440296,"{""background_mean"": 60.4698275862069, ""background_std"": 84.1444209225072, ""threshold"": 312.9030903537285, ""num_fg_pixels"": 0}"
7A_0_00038,390062590,7A_snr_0dB,7A,Bounding Box Center,0.0,149.9250187468754,10.0,uniform,gaussian,nominal,2.0,2.0,150.0,31,0.0,364.81736203351744,472.06429264117827,350,457,31,31,,,,,,,,,,,,False,No foreground pixels thresholded,0.11769996490329504,"{""background_mean"": 55.810344827586206, ""background_std"": 76.76025302660668, ""threshold"": 286.09110390740625, ""num_fg_pixels"": 0}"
7A_0_00038,390062590,7A_snr_0dB,7A,Binary Centroid,0.0,149.9250187468754,10.0,uniform,gaussian,nominal,2.0,2.0,150.0,31,0.0,364.81736203351744,472.06429264117827,350,457,31,31,,,,,,,,,,,,False,No foreground pixels thresholded,0.04970002919435501,"{""background_mean"": 55.810344827586206, ""background_std"": 76.76025302660668, ""threshold"": 286.09110390740625, ""num_fg_pixels"": 0}"
7A_0_00039,401081738,7A_snr_0dB,7A,Bounding Box Center,0.0,149.9250187468754,10.0,uniform,gaussian,nominal,2.0,2.0,150.0,31,0.0,1704.5893457507957,963.1226080690701,1690,948,31,31,,,,,,,,,,,,False,No foreground pixels thresholded,0.12859993148595095,"{""background_mean"": 66.87931034482759, ""background_std"": 83.28375417732562, ""threshold"": 316.73057287680444, ""num_fg_pixels"": 0}"
7A_0_00039,401081738,7A_snr_0dB,7A,Binary Centroid,0.0,149.9250187468754,10.0,uniform,gaussian,nominal,2.0,2.0,150.0,31,0.0,1704.5893457507957,963.1226080690701,1690,948,31,31,,,,,,,,,,,,False,No foreground pixels thresholded,0.061799888499081135,"{""background_mean"": 66.87931034482759, ""background_std"": 83.28375417732562, ""threshold"": 316.73057287680444, ""num_fg_pixels"": 0}"
7A_0_00040,619668525,7A_snr_0dB,7A,Bounding Box Center,0.0,149.9250187468754,10.0,uniform,gaussian,nominal,2.0,2.0,150.0,31,0.0,219.78189493719879,221.4378152661567,205,206,31,31,,,,,,,,,,,,False,No foreground pixels thresholded,0.09989994578063488,"{""background_mean"": 68.50862068965517, ""background_std"": 87.54368325246458, ""threshold"": 331.1396704470489, ""num_fg_pixels"": 0}"
7A_0_00040,619668525,7A_snr_0dB,7A,Binary Centroid,0.0,149.9250187468754,10.0,uniform,gaussian,nominal,2.0,2.0,150.0,31,0.0,219.78189493719879,221.4378152661567,205,206,31,31,,,,,,,,,,,,False,No foreground pixels thresholded,0.047900015488266945,"{""background_mean"": 68.50862068965517, ""background_std"": 87.54368325246458, ""threshold"": 331.1396704470489, ""num_fg_pixels"": 0}"
7A_0_00041,588595651,7A_snr_0dB,7A,Bounding Box Center,0.0,149.9250187468754,10.0,uniform,gaussian,nominal,2.0,2.0,150.0,31,0.0,565.48730190588,878.6671723655974,550,864,31,31,,,,,,,,,,,,False,No foreground pixels thresholded,0.1954999752342701,"{""background_mean"": 57.01724137931034, ""background_std"": 81.12150133347451, ""threshold"": 300.3817453797339, ""num_fg_pixels"": 0}"
7A_0_00041,588595651,7A_snr_0dB,7A,Binary Centroid,0.0,149.9250187468754,10.0,uniform,gaussian,nominal,2.0,2.0,150.0,31,0.0,565.48730190588,878.6671723655974,550,864,31,31,,,,,,,,,,,,False,No foreground pixels thresholded,0.0836000544950366,"{""background_mean"": 57.01724137931034, ""background_std"": 81.12150133347451, ""threshold"": 300.3817453797339, ""num_fg_pixels"": 0}"
7A_0_00042,790737973,7A_snr_0dB,7A,Bounding Box Center,0.0,149.9250187468754,10.0,uniform,gaussian,nominal,2.0,2.0,150.0,31,0.0,1241.1396024340293,198.42342609499593,1226,183,31,31,,,,,,,,,,,,False,No foreground pixels thresholded,0.09980006143450737,"{""background_mean"": 68.44396551724138, ""background_std"": 84.00583086165764, ""threshold"": 320.4614581022143, ""num_fg_pixels"": 0}"
7A_0_00042,790737973,7A_snr_0dB,7A,Binary Centroid,0.0,149.9250187468754,10.0,uniform,gaussian,nominal,2.0,2.0,150.0,31,0.0,1241.1396024340293,198.42342609499593,1226,183,31,31,,,,,,,,,,,,False,No foreground pixels thresholded,0.0491999089717865,"{""background_mean"": 68.44396551724138, ""background_std"": 84.00583086165764, ""threshold"": 320.4614581022143, ""num_fg_pixels"": 0}"
7A_0_00043,710876814,7A_snr_0dB,7A,Bounding Box Center,0.0,149.9250187468754,10.0,uniform,gaussian,nominal,2.0,2.0,150.0,31,0.0,403.3329736138905,472.6759473180953,388,458,31,31,,,,,,,,,,,,False,No foreground pixels thresholded,0.21520000882446766,"{""background_mean"": 69.25, ""background_std"": 85.1508170127042, ""threshold"": 324.7024510381126, ""num_fg_pixels"": 0}"
7A_0_00043,710876814,7A_snr_0dB,7A,Binary Centroid,0.0,149.9250187468754,10.0,uniform,gaussian,nominal,2.0,2.0,150.0,31,0.0,403.3329736138905,472.6759473180953,388,458,31,31,,,,,,,,,,,,False,No foreground pixels thresholded,0.07109995931386948,"{""background_mean"": 69.25, ""background_std"": 85.1508170127042, ""threshold"": 324.7024510381126, ""num_fg_pixels"": 0}"
7A_0_00044,832529284,7A_snr_0dB,7A,Bounding Box Center,0.0,149.9250187468754,10.0,uniform,gaussian,nominal,2.0,2.0,150.0,31,0.0,1049.7580771220476,540.6742111906449,1035,526,31,31,,,,,,,,,,,,False,No foreground pixels thresholded,0.11980009730905294,"{""background_mean"": 65.61206896551724, ""background_std"": 81.34364858232571, ""threshold"": 309.6430147124944, ""num_fg_pixels"": 0}"
7A_0_00044,832529284,7A_snr_0dB,7A,Binary Centroid,0.0,149.9250187468754,10.0,uniform,gaussian,nominal,2.0,2.0,150.0,31,0.0,1049.7580771220476,540.6742111906449,1035,526,31,31,,,,,,,,,,,,False,No foreground pixels thresholded,0.05050003528594971,"{""background_mean"": 65.61206896551724, ""background_std"": 81.34364858232571, ""threshold"": 309.6430147124944, ""num_fg_pixels"": 0}"
7A_0_00045,295079025,7A_snr_0dB,7A,Bounding Box Center,0.0,149.9250187468754,10.0,uniform,gaussian,nominal,2.0,2.0,150.0,31,0.0,1222.621183975119,972.9969648646883,1208,958,31,31,,,,,,,,,,,,False,No foreground pixels thresholded,0.13880000915378332,"{""background_mean"": 60.150862068965516, ""background_std"": 79.30081640194794, ""threshold"": 298.05331127480935, ""num_fg_pixels"": 0}"
7A_0_00045,295079025,7A_snr_0dB,7A,Binary Centroid,0.0,149.9250187468754,10.0,uniform,gaussian,nominal,2.0,2.0,150.0,31,0.0,1222.621183975119,972.9969648646883,1208,958,31,31,,,,,,,,,,,,False,No foreground pixels thresholded,0.07319997530430555,"{""background_mean"": 60.150862068965516, ""background_std"": 79.30081640194794, ""threshold"": 298.05331127480935, ""num_fg_pixels"": 0}"
7A_0_00046,686162915,7A_snr_0dB,7A,Bounding Box Center,0.0,149.9250187468754,10.0,uniform,gaussian,nominal,2.0,2.0,150.0,31,0.0,1819.005683865603,554.484274319364,1804,539,31,31,,,,,,,,,,,,False,No foreground pixels thresholded,0.1270999200642109,"{""background_mean"": 63.80603448275862, ""background_std"": 84.90172492134363, ""threshold"": 318.5112092467895, ""num_fg_pixels"": 0}"
7A_0_00046,686162915,7A_snr_0dB,7A,Binary Centroid,0.0,149.9250187468754,10.0,uniform,gaussian,nominal,2.0,2.0,150.0,31,0.0,1819.005683865603,554.484274319364,1804,539,31,31,,,,,,,,,,,,False,No foreground pixels thresholded,0.09099999442696571,"{""background_mean"": 63.80603448275862, ""background_std"": 84.90172492134363, ""threshold"": 318.5112092467895, ""num_fg_pixels"": 0}"
7A_0_00047,105970905,7A_snr_0dB,7A,Bounding Box Center,0.0,149.9250187468754,10.0,uniform,gaussian,nominal,2.0,2.0,150.0,31,0.0,1351.8904742261955,959.4643888305985,1337,944,31,31,,,,,,,,,,,,False,No foreground pixels thresholded,0.17849996220320463,"{""background_mean"": 65.16379310344827, ""background_std"": 83.80035223009644, ""threshold"": 316.56484979373755, ""num_fg_pixels"": 0}"
7A_0_00047,105970905,7A_snr_0dB,7A,Binary Centroid,0.0,149.9250187468754,10.0,uniform,gaussian,nominal,2.0,2.0,150.0,31,0.0,1351.8904742261955,959.4643888305985,1337,944,31,31,,,,,,,,,,,,False,No foreground pixels thresholded,0.06670004222542048,"{""background_mean"": 65.16379310344827, ""background_std"": 83.80035223009644, ""threshold"": 316.56484979373755, ""num_fg_pixels"": 0}"
7A_0_00048,95199086,7A_snr_0dB,7A,Bounding Box Center,0.0,149.9250187468754,10.0,uniform,gaussian,nominal,2.0,2.0,150.0,31,0.0,647.521386721915,505.86381953706496,633,491,31,31,,,,,,,,,,,,False,No foreground pixels thresholded,0.10559998918324709,"{""background_mean"": 51.297413793103445, ""background_std"": 71.21792921440075, ""threshold"": 264.9512014363057, ""num_fg_pixels"": 0}"
7A_0_00048,95199086,7A_snr_0dB,7A,Binary Centroid,0.0,149.9250187468754,10.0,uniform,gaussian,nominal,2.0,2.0,150.0,31,0.0,647.521386721915,505.86381953706496,633,491,31,31,,,,,,,,,,,,False,No foreground pixels thresholded,0.048699905164539814,"{""background_mean"": 51.297413793103445, ""background_std"": 71.21792921440075, ""threshold"": 264.9512014363057, ""num_fg_pixels"": 0}"
7A_0_00049,177834183,7A_snr_0dB,7A,Bounding Box Center,0.0,149.9250187468754,10.0,uniform,gaussian,nominal,2.0,2.0,150.0,31,0.0,188.4409458379185,691.5926994766314,173,677,31,31,,,,,,,,,,,,False,No foreground pixels thresholded,0.1436000457033515,"{""background_mean"": 65.45689655172414, ""background_std"": 86.76930295442159, ""threshold"": 325.76480541498887, ""num_fg_pixels"": 0}"
7A_0_00049,177834183,7A_snr_0dB,7A,Binary Centroid,0.0,149.9250187468754,10.0,uniform,gaussian,nominal,2.0,2.0,150.0,31,0.0,188.4409458379185,691.5926994766314,173,677,31,31,,,,,,,,,,,,False,No foreground pixels thresholded,0.05139992572367191,"{""background_mean"": 65.45689655172414, ""background_std"": 86.76930295442159, ""threshold"": 325.76480541498887, ""num_fg_pixels"": 0}"
7B_u_200_00000,237984689,7B_bg_uniform_200,7B_uniform,Bounding Box Center,15.0,26.660857388726804,200.0,uniform,gaussian,nominal,2.0,2.0,150.0,31,0.0,1469.223969916498,898.6923044236245,1454,884,31,31,,,,,,,,,,,,False,No foreground pixels thresholded,0.10130007285624743,"{""background_mean"": 203.14224137931035, ""background_std"": 26.966958233281133, ""threshold"": 284.0431160791537, ""num_fg_pixels"": 0}"
7B_u_200_00000,237984689,7B_bg_uniform_200,7B_uniform,Binary Centroid,15.0,26.660857388726804,200.0,uniform,gaussian,nominal,2.0,2.0,150.0,31,0.0,1469.223969916498,898.6923044236245,1454,884,31,31,,,,,,,,,,,,False,No foreground pixels thresholded,0.04810001701116562,"{""background_mean"": 203.14224137931035, ""background_std"": 26.966958233281133, ""threshold"": 284.0431160791537, ""num_fg_pixels"": 0}"
7B_u_200_00001,289429707,7B_bg_uniform_200,7B_uniform,Bounding Box Center,15.0,26.660857388726804,200.0,uniform,gaussian,nominal,2.0,2.0,150.0,31,0.0,1480.679441095989,334.10716790706545,1466,319,31,31,,,,,,,,,,,,False,No foreground pixels thresholded,0.11829996947199106,"{""background_mean"": 200.80603448275863, ""background_std"": 24.598348657754773, ""threshold"": 274.60108045602294, ""num_fg_pixels"": 0}"
7B_u_200_00001,289429707,7B_bg_uniform_200,7B_uniform,Binary Centroid,15.0,26.660857388726804,200.0,uniform,gaussian,nominal,2.0,2.0,150.0,31,0.0,1480.679441095989,334.10716790706545,1466,319,31,31,,,,,,,,,,,,False,No foreground pixels thresholded,0.04859990440309048,"{""background_mean"": 200.80603448275863, ""background_std"": 24.598348657754773, ""threshold"": 274.60108045602294, ""num_fg_pixels"": 0}"
7B_u_200_00002,601362190,7B_bg_uniform_200,7B_uniform,Bounding Box Center,15.0,26.660857388726804,200.0,uniform,gaussian,nominal,2.0,2.0,150.0,31,0.0,538.132762202044,218.83352452948773,523,204,31,31,,,,,,,,,,,,False,No foreground pixels thresholded,0.10309997014701366,"{""background_mean"": 197.8448275862069, ""background_std"": 26.827708092977264, ""threshold"": 278.3279518651387, ""num_fg_pixels"": 0}"
7B_u_200_00002,601362190,7B_bg_uniform_200,7B_uniform,Binary Centroid,15.0,26.660857388726804,200.0,uniform,gaussian,nominal,2.0,2.0,150.0,31,0.0,538.132762202044,218.83352452948773,523,204,31,31,,,,,,,,,,,,False,No foreground pixels thresholded,0.05040003452450037,"{""background_mean"": 197.8448275862069, ""background_std"": 26.827708092977264, ""threshold"": 278.3279518651387, ""num_fg_pixels"": 0}"
7B_u_200_00003,274134393,7B_bg_uniform_200,7B_uniform,Bounding Box Center,15.0,26.660857388726804,200.0,uniform,gaussian,nominal,2.0,2.0,150.0,31,0.0,1723.3331931383832,453.802062378221,1708,439,31,31,,,,,,,,,,,,False,No foreground pixels thresholded,0.10519998613744974,"{""background_mean"": 198.5043103448276, ""background_std"": 26.351895476683094, ""threshold"": 277.5599967748769, ""num_fg_pixels"": 0}"
7B_u_200_00003,274134393,7B_bg_uniform_200,7B_uniform,Binary Centroid,15.0,26.660857388726804,200.0,uniform,gaussian,nominal,2.0,2.0,150.0,31,0.0,1723.3331931383832,453.802062378221,1708,439,31,31,,,,,,,,,,,,False,No foreground pixels thresholded,0.05070003680884838,"{""background_mean"": 198.5043103448276, ""background_std"": 26.351895476683094, ""threshold"": 277.5599967748769, ""num_fg_pixels"": 0}"
7B_u_200_00004,929952323,7B_bg_uniform_200,7B_uniform,Bounding Box Center,15.0,26.660857388726804,200.0,uniform,gaussian,nominal,2.0,2.0,150.0,31,0.0,1556.2742068741788,451.2918663388556,1541,436,31,31,,,,,,,,,,,,False,No foreground pixels thresholded,0.12129999231547117,"{""background_mean"": 201.3706896551724, ""background_std"": 25.673523921714732, ""threshold"": 278.3912614203166, ""num_fg_pixels"": 0}"
7B_u_200_00004,929952323,7B_bg_uniform_200,7B_uniform,Binary Centroid,15.0,26.660857388726804,200.0,uniform,gaussian,nominal,2.0,2.0,150.0,31,0.0,1556.2742068741788,451.2918663388556,1541,436,31,31,,,,,,,,,,,,False,No foreground pixels thresholded,0.054200063459575176,"{""background_mean"": 201.3706896551724, ""background_std"": 25.673523921714732, ""threshold"": 278.3912614203166, ""num_fg_pixels"": 0}"
7B_u_200_00005,224689474,7B_bg_uniform_200,7B_uniform,Bounding Box Center,15.0,26.660857388726804,200.0,uniform,gaussian,nominal,2.0,2.0,150.0,31,0.0,160.40091510862652,242.50858181967544,145,228,31,31,,,,,,,,,,,,False,No foreground pixels thresholded,0.14650006778538227,"{""background_mean"": 200.35344827586206, ""background_std"": 26.578690683595028, ""threshold"": 280.0895203266472, ""num_fg_pixels"": 0}"
7B_u_200_00005,224689474,7B_bg_uniform_200,7B_uniform,Binary Centroid,15.0,26.660857388726804,200.0,uniform,gaussian,nominal,2.0,2.0,150.0,31,0.0,160.40091510862652,242.50858181967544,145,228,31,31,,,,,,,,,,,,False,No foreground pixels thresholded,0.0735999783501029,"{""background_mean"": 200.35344827586206, ""background_std"": 26.578690683595028, ""threshold"": 280.0895203266472, ""num_fg_pixels"": 0}"
7B_u_200_00006,786619425,7B_bg_uniform_200,7B_uniform,Bounding Box Center,15.0,26.660857388726804,200.0,uniform,gaussian,nominal,2.0,2.0,150.0,31,0.0,1446.5970715753651,285.6222618700674,1432,271,31,31,,,,,,,,,,,,False,No foreground pixels thresholded,0.13149995356798172,"{""background_mean"": 198.09913793103448, ""background_std"": 23.974188691064565, ""threshold"": 270.0217040042282, ""num_fg_pixels"": 0}"
7B_u_200_00006,786619425,7B_bg_uniform_200,7B_uniform,Binary Centroid,15.0,26.660857388726804,200.0,uniform,gaussian,nominal,2.0,2.0,150.0,31,0.0,1446.5970715753651,285.6222618700674,1432,271,31,31,,,,,,,,,,,,False,No foreground pixels thresholded,0.0801000278443098,"{""background_mean"": 198.09913793103448, ""background_std"": 23.974188691064565, ""threshold"": 270.0217040042282, ""num_fg_pixels"": 0}"
7B_u_200_00007,639250340,7B_bg_uniform_200,7B_uniform,Bounding Box Center,15.0,26.660857388726804,200.0,uniform,gaussian,nominal,2.0,2.0,150.0,31,0.0,1677.9204135377645,848.8774656459047,1663,834,31,31,,,,,,,,,,,,False,No foreground pixels thresholded,0.13210007455199957,"{""background_mean"": 199.7543103448276, ""background_std"": 26.413080916278833, ""threshold"": 278.9935530936641, ""num_fg_pixels"": 0}"
7B_u_200_00007,639250340,7B_bg_uniform_200,7B_uniform,Binary Centroid,15.0,26.660857388726804,200.0,uniform,gaussian,nominal,2.0,2.0,150.0,31,0.0,1677.9204135377645,848.8774656459047,1663,834,31,31,,,,,,,,,,,,False,No foreground pixels thresholded,0.08070003241300583,"{""background_mean"": 199.7543103448276, ""background_std"": 26.413080916278833, ""threshold"": 278.9935530936641, ""num_fg_pixels"": 0}"
7B_u_200_00008,248161910,7B_bg_uniform_200,7B_uniform,Bounding Box Center,15.0,26.660857388726804,200.0,uniform,gaussian,nominal,2.0,2.0,150.0,31,0.0,491.57717249464827,144.47167001205077,477,129,31,31,,,,,,,,,,,,False,No foreground pixels thresholded,0.13530009891837835,"{""background_mean"": 200.18103448275863, ""background_std"": 26.00649757601405, ""threshold"": 278.2005272108008, ""num_fg_pixels"": 0}"
7B_u_200_00008,248161910,7B_bg_uniform_200,7B_uniform,Binary Centroid,15.0,26.660857388726804,200.0,uniform,gaussian,nominal,2.0,2.0,150.0,31,0.0,491.57717249464827,144.47167001205077,477,129,31,31,,,,,,,,,,,,False,No foreground pixels thresholded,0.08140003774315119,"{""background_mean"": 200.18103448275863, ""background_std"": 26.00649757601405, ""threshold"": 278.2005272108008, ""num_fg_pixels"": 0}"
7B_u_200_00009,858261959,7B_bg_uniform_200,7B_uniform,Bounding Box Center,15.0,26.660857388726804,200.0,uniform,gaussian,nominal,2.0,2.0,150.0,31,0.0,625.9763934303359,644.6464154327027,611,630,31,31,,,,,,,,,,,,False,No foreground pixels thresholded,0.14049990568310022,"{""background_mean"": 198.6206896551724, ""background_std"": 26.501514326418054, ""threshold"": 278.12523263442654, ""num_fg_pixels"": 0}"
7B_u_200_00009,858261959,7B_bg_uniform_200,7B_uniform,Binary Centroid,15.0,26.660857388726804,200.0,uniform,gaussian,nominal,2.0,2.0,150.0,31,0.0,625.9763934303359,644.6464154327027,611,630,31,31,,,,,,,,,,,,False,No foreground pixels thresholded,0.07559999357908964,"{""background_mean"": 198.6206896551724, ""background_std"": 26.501514326418054, ""threshold"": 278.12523263442654, ""num_fg_pixels"": 0}"
7B_u_200_00010,867423539,7B_bg_uniform_200,7B_uniform,Bounding Box Center,15.0,26.660857388726804,200.0,uniform,gaussian,nominal,2.0,2.0,150.0,31,0.0,1407.1430399652556,212.89806748978575,1392,198,31,31,,,,,,,,,,,,False,No foreground pixels thresholded,0.206699944101274,"{""background_mean"": 201.70689655172413, ""background_std"": 26.162297576981647, ""threshold"": 280.19378928266906, ""num_fg_pixels"": 0}"
7B_u_200_00010,867423539,7B_bg_uniform_200,7B_uniform,Binary Centroid,15.0,26.660857388726804,200.0,uniform,gaussian,nominal,2.0,2.0,150.0,31,0.0,1407.1430399652556,212.89806748978575,1392,198,31,31,,,,,,,,,,,,False,No foreground pixels thresholded,0.06059999577701092,"{""background_mean"": 201.70689655172413, ""background_std"": 26.162297576981647, ""threshold"": 280.19378928266906, ""num_fg_pixels"": 0}"
7B_u_200_00011,121764795,7B_bg_uniform_200,7B_uniform,Bounding Box Center,15.0,26.660857388726804,200.0,uniform,gaussian,nominal,2.0,2.0,150.0,31,0.0,1714.239709413033,740.96996985684,1699,726,31,31,,,,,,,,,,,,False,No foreground pixels thresholded,0.10439998004585505,"{""background_mean"": 199.11206896551724, ""background_std"": 24.292141325995537, ""threshold"": 271.98849294350384, ""num_fg_pixels"": 0}"
7B_u_200_00011,121764795,7B_bg_uniform_200,7B_uniform,Binary Centroid,15.0,26.660857388726804,200.0,uniform,gaussian,nominal,2.0,2.0,150.0,31,0.0,1714.239709413033,740.96996985684,1699,726,31,31,,,,,,,,,,,,False,No foreground pixels thresholded,0.051200040616095066,"{""background_mean"": 199.11206896551724, ""background_std"": 24.292141325995537, ""threshold"": 271.98849294350384, ""num_fg_pixels"": 0}"
7B_u_200_00012,780838354,7B_bg_uniform_200,7B_uniform,Bounding Box Center,15.0,26.660857388726804,200.0,uniform,gaussian,nominal,2.0,2.0,150.0,31,0.0,858.90312738656,871.4767621014985,844,856,31,31,,,,,,,,,,,,False,No foreground pixels thresholded,0.13029994443058968,"{""background_mean"": 197.5905172413793, ""background_std"": 25.984917636199032, ""threshold"": 275.54527014997643, ""num_fg_pixels"": 0}"
7B_u_200_00012,780838354,7B_bg_uniform_200,7B_uniform,Binary Centroid,15.0,26.660857388726804,200.0,uniform,gaussian,nominal,2.0,2.0,150.0,31,0.0,858.90312738656,871.4767621014985,844,856,31,31,,,,,,,,,,,,False,No foreground pixels thresholded,0.0491999089717865,"{""background_mean"": 197.5905172413793, ""background_std"": 25.984917636199032, ""threshold"": 275.54527014997643, ""num_fg_pixels"": 0}"
7B_u_200_00013,187306950,7B_bg_uniform_200,7B_uniform,Bounding Box Center,15.0,26.660857388726804,200.0,uniform,gaussian,nominal,2.0,2.0,150.0,31,0.0,1381.005995844817,822.0452305955716,1366,807,31,31,,,,,,,,,,,,False,No foreground pixels thresholded,0.11360005009919405,"{""background_mean"": 200.0905172413793, ""background_std"": 25.189206358554465, ""threshold"": 275.6581363170427, ""num_fg_pixels"": 0}"
7B_u_200_00013,187306950,7B_bg_uniform_200,7B_uniform,Binary Centroid,15.0,26.660857388726804,200.0,uniform,gaussian,nominal,2.0,2.0,150.0,31,0.0,1381.005995844817,822.0452305955716,1366,807,31,31,,,,,,,,,,,,False,No foreground pixels thresholded,0.05010003224015236,"{""background_mean"": 200.0905172413793, ""background_std"": 25.189206358554465, ""threshold"": 275.6581363170427, ""num_fg_pixels"": 0}"
7B_u_200_00014,749352861,7B_bg_uniform_200,7B_uniform,Bounding Box Center,15.0,26.660857388726804,200.0,uniform,gaussian,nominal,2.0,2.0,150.0,31,0.0,595.1103868028248,203.70263279713134,580,189,31,31,,,,,,,,,,,,False,No foreground pixels thresholded,0.1091999001801014,"{""background_mean"": 201.875, ""background_std"": 25.538120171550446, ""threshold"": 278.48936051465137, ""num_fg_pixels"": 0}"
7B_u_200_00014,749352861,7B_bg_uniform_200,7B_uniform,Binary Centroid,15.0,26.660857388726804,200.0,uniform,gaussian,nominal,2.0,2.0,150.0,31,0.0,595.1103868028248,203.70263279713134,580,189,31,31,,,,,,,,,,,,False,No foreground pixels thresholded,0.06019999273121357,"{""background_mean"": 201.875, ""background_std"": 25.538120171550446, ""threshold"": 278.48936051465137, ""num_fg_pixels"": 0}"
7B_u_200_00015,986784193,7B_bg_uniform_200,7B_uniform,Bounding Box Center,15.0,26.660857388726804,200.0,uniform,gaussian,nominal,2.0,2.0,150.0,31,0.0,964.9448916062075,544.6436916179243,950,530,31,31,,,,,,,,,,,,False,No foreground pixels thresholded,0.14210003428161144,"{""background_mean"": 198.91379310344828, ""background_std"": 27.35339257957532, ""threshold"": 280.97397084217425, ""num_fg_pixels"": 0}"
7B_u_200_00015,986784193,7B_bg_uniform_200,7B_uniform,Binary Centroid,15.0,26.660857388726804,200.0,uniform,gaussian,nominal,2.0,2.0,150.0,31,0.0,964.9448916062075,544.6436916179243,950,530,31,31,,,,,,,,,,,,False,No foreground pixels thresholded,0.08139992132782936,"{""background_mean"": 198.91379310344828, ""background_std"": 27.35339257957532, ""threshold"": 280.97397084217425, ""num_fg_pixels"": 0}"
7B_u_200_00016,238338529,7B_bg_uniform_200,7B_uniform,Bounding Box Center,15.0,26.660857388726804,200.0,uniform,gaussian,nominal,2.0,2.0,150.0,31,0.0,1102.1482808210046,447.68961704214394,1087,433,31,31,,,,,,,,,,,,False,No foreground pixels thresholded,0.12599991168826818,"{""background_mean"": 196.34913793103448, ""background_std"": 25.857760776221234, ""threshold"": 273.9224202596982, ""num_fg_pixels"": 0}"
7B_u_200_00016,238338529,7B_bg_uniform_200,7B_uniform,Binary Centroid,15.0,26.660857388726804,200.0,uniform,gaussian,nominal,2.0,2.0,150.0,31,0.0,1102.1482808210046,447.68961704214394,1087,433,31,31,,,,,,,,,,,,False,No foreground pixels thresholded,0.051200040616095066,"{""background_mean"": 196.34913793103448, ""background_std"": 25.857760776221234, ""threshold"": 273.9224202596982, ""num_fg_pixels"": 0}"
7B_u_200_00017,832130423,7B_bg_uniform_200,7B_uniform,Bounding Box Center,15.0,26.660857388726804,200.0,uniform,gaussian,nominal,2.0,2.0,150.0,31,0.0,1670.6244505971974,317.1180470619347,1656,302,31,31,,,,,,,,,,,,False,No foreground pixels thresholded,0.10389997623860836,"{""background_mean"": 199.48706896551724, ""background_std"": 25.93359899678944, ""threshold"": 277.28786595588554, ""num_fg_pixels"": 0}"
7B_u_200_00017,832130423,7B_bg_uniform_200,7B_uniform,Binary Centroid,15.0,26.660857388726804,200.0,uniform,gaussian,nominal,2.0,2.0,150.0,31,0.0,1670.6244505971974,317.1180470619347,1656,302,31,31,,,,,,,,,,,,False,No foreground pixels thresholded,0.050299917347729206,"{""background_mean"": 199.48706896551724, ""background_std"": 25.93359899678944, ""threshold"": 277.28786595588554, ""num_fg_pixels"": 0}"
7B_u_200_00018,786891381,7B_bg_uniform_200,7B_uniform,Bounding Box Center,15.0,26.660857388726804,200.0,uniform,gaussian,nominal,2.0,2.0,150.0,31,0.0,1366.8199344472473,696.6152302396393,1352,682,31,31,,,,,,,,,,,,False,No foreground pixels thresholded,0.10010006371885538,"{""background_mean"": 201.0043103448276, ""background_std"": 26.852807251440144, ""threshold"": 281.56273209914804, ""num_fg_pixels"": 0}"
7B_u_200_00018,786891381,7B_bg_uniform_200,7B_uniform,Binary Centroid,15.0,26.660857388726804,200.0,uniform,gaussian,nominal,2.0,2.0,150.0,31,0.0,1366.8199344472473,696.6152302396393,1352,682,31,31,,,,,,,,,,,,False,No foreground pixels thresholded,0.048999907448887825,"{""background_mean"": 201.0043103448276, ""background_std"": 26.852807251440144, ""threshold"": 281.56273209914804, ""num_fg_pixels"": 0}"
7B_u_200_00019,252969345,7B_bg_uniform_200,7B_uniform,Bounding Box Center,15.0,26.660857388726804,200.0,uniform,gaussian,nominal,2.0,2.0,150.0,31,0.0,424.2720022635556,799.8043875527844,409,785,31,31,,,,,,,,,,,,False,No foreground pixels thresholded,0.10950001887977123,"{""background_mean"": 198.11637931034483, ""background_std"": 24.627558309136468, ""threshold"": 271.9990542377542, ""num_fg_pixels"": 0}"
7B_u_200_00019,252969345,7B_bg_uniform_200,7B_uniform,Binary Centroid,15.0,26.660857388726804,200.0,uniform,gaussian,nominal,2.0,2.0,150.0,31,0.0,424.2720022635556,799.8043875527844,409,785,31,31,,,,,,,,,,,,False,No foreground pixels thresholded,0.050200033001601696,"{""background_mean"": 198.11637931034483, ""background_std"": 24.627558309136468, ""threshold"": 271.9990542377542, ""num_fg_pixels"": 0}"
7B_u_200_00020,523090499,7B_bg_uniform_200,7B_uniform,Bounding Box Center,15.0,26.660857388726804,200.0,uniform,gaussian,nominal,2.0,2.0,150.0,31,0.0,1752.2772112815921,735.2159723655798,1737,720,31,31,,,,,,,,,,,,False,No foreground pixels thresholded,0.1431000418961048,"{""background_mean"": 198.0344827586207, ""background_std"": 27.28866476639085, ""threshold"": 279.90047705779324, ""num_fg_pixels"": 0}"
7B_u_200_00020,523090499,7B_bg_uniform_200,7B_uniform,Binary Centroid,15.0,26.660857388726804,200.0,uniform,gaussian,nominal,2.0,2.0,150.0,31,0.0,1752.2772112815921,735.2159723655798,1737,720,31,31,,,,,,,,,,,,False,No foreground pixels thresholded,0.07840001489967108,"{""background_mean"": 198.0344827586207, ""background_std"": 27.28866476639085, ""threshold"": 279.90047705779324, ""num_fg_pixels"": 0}"
7B_u_200_00021,814198256,7B_bg_uniform_200,7B_uniform,Bounding Box Center,15.0,26.660857388726804,200.0,uniform,gaussian,nominal,2.0,2.0,150.0,31,0.0,1792.7986557105596,409.8045933305296,1778,395,31,31,,,,,,,,,,,,False,No foreground pixels thresholded,0.11519994586706161,"{""background_mean"": 197.83189655172413, ""background_std"": 26.171058966682537, ""threshold"": 276.3450734517717, ""num_fg_pixels"": 0}"
7B_u_200_00021,814198256,7B_bg_uniform_200,7B_uniform,Binary Centroid,15.0,26.660857388726804,200.0,uniform,gaussian,nominal,2.0,2.0,150.0,31,0.0,1792.7986557105596,409.8045933305296,1778,395,31,31,,,,,,,,,,,,False,No foreground pixels thresholded,0.05230004899203777,"{""background_mean"": 197.83189655172413, ""background_std"": 26.171058966682537, ""threshold"": 276.3450734517717, ""num_fg_pixels"": 0}"
7B_u_200_00022,917859996,7B_bg_uniform_200,7B_uniform,Bounding Box Center,15.0,26.660857388726804,200.0,uniform,gaussian,nominal,2.0,2.0,150.0,31,0.0,1197.7445110332994,517.0608091215086,1183,502,31,31,,,,,,,,,,,,False,No foreground pixels thresholded,0.14929997269064188,"{""background_mean"": 199.52586206896552, ""background_std"": 25.408375352429374, ""threshold"": 275.7509881262537, ""num_fg_pixels"": 0}"
7B_u_200_00022,917859996,7B_bg_uniform_200,7B_uniform,Binary Centroid,15.0,26.660857388726804,200.0,uniform,gaussian,nominal,2.0,2.0,150.0,31,0.0,1197.7445110332994,517.0608091215086,1183,502,31,31,,,,,,,,,,,,False,No foreground pixels thresholded,0.06370001938194036,"{""background_mean"": 199.52586206896552, ""background_std"": 25.408375352429374, ""threshold"": 275.7509881262537, ""num_fg_pixels"": 0}"
7B_u_200_00023,71036242,7B_bg_uniform_200,7B_uniform,Bounding Box Center,15.0,26.660857388726804,200.0,uniform,gaussian,nominal,2.0,2.0,150.0,31,0.0,261.34945729328683,462.88992458155764,246,448,31,31,,,,,,,,,,,,False,No foreground pixels thresholded,0.11549994815140963,"{""background_mean"": 200.44396551724137, ""background_std"": 24.483920792596134, ""threshold"": 273.8957278950298, ""num_fg_pixels"": 0}"
7B_u_200_00023,71036242,7B_bg_uniform_200,7B_uniform,Binary Centroid,15.0,26.660857388726804,200.0,uniform,gaussian,nominal,2.0,2.0,150.0,31,0.0,261.34945729328683,462.88992458155764,246,448,31,31,,,,,,,,,,,,False,No foreground pixels thresholded,0.06829993799328804,"{""background_mean"": 200.44396551724137, ""background_std"": 24.483920792596134, ""threshold"": 273.8957278950298, ""num_fg_pixels"": 0}"
7B_u_200_00024,986628746,7B_bg_uniform_200,7B_uniform,Bounding Box Center,15.0,26.660857388726804,200.0,uniform,gaussian,nominal,2.0,2.0,150.0,31,0.0,1605.9271565868462,349.9651532633336,1591,335,31,31,,,,,,,,,,,,False,No foreground pixels thresholded,0.13609998859465122,"{""background_mean"": 199.69827586206895, ""background_std"": 24.80344102503765, ""threshold"": 274.1085989371819, ""num_fg_pixels"": 0}"
7B_u_200_00024,986628746,7B_bg_uniform_200,7B_uniform,Binary Centroid,15.0,26.660857388726804,200.0,uniform,gaussian,nominal,2.0,2.0,150.0,31,0.0,1605.9271565868462,349.9651532633336,1591,335,31,31,,,,,,,,,,,,False,No foreground pixels thresholded,0.06980006583034992,"{""background_mean"": 199.69827586206895, ""background_std"": 24.80344102503765, ""threshold"": 274.1085989371819, ""num_fg_pixels"": 0}"
7B_u_200_00025,516571512,7B_bg_uniform_200,7B_uniform,Bounding Box Center,15.0,26.660857388726804,200.0,uniform,gaussian,nominal,2.0,2.0,150.0,31,0.0,758.3870399820398,962.3811151033393,743,947,31,31,,,,,,,,,,,,False,No foreground pixels thresholded,0.11389993596822023,"{""background_mean"": 200.39655172413794, ""background_std"": 25.8101087221136, ""threshold"": 277.8268778904787, ""num_fg_pixels"": 0}"
7B_u_200_00025,516571512,7B_bg_uniform_200,7B_uniform,Binary Centroid,15.0,26.660857388726804,200.0,uniform,gaussian,nominal,2.0,2.0,150.0,31,0.0,758.3870399820398,962.3811151033393,743,947,31,31,,,,,,,,,,,,False,No foreground pixels thresholded,0.04979991354048252,"{""background_mean"": 200.39655172413794, ""background_std"": 25.8101087221136, ""threshold"": 277.8268778904787, ""num_fg_pixels"": 0}"
7B_u_200_00026,787792850,7B_bg_uniform_200,7B_uniform,Bounding Box Center,15.0,26.660857388726804,200.0,uniform,gaussian,nominal,2.0,2.0,150.0,31,0.0,1619.6713186487768,365.1619147431015,1605,350,31,31,,,,,,,,,,,,False,No foreground pixels thresholded,0.10079995263367891,"{""background_mean"": 198.94827586206895, ""background_std"": 24.756867673987927, ""threshold"": 273.21887888403273, ""num_fg_pixels"": 0}"
7B_u_200_00026,787792850,7B_bg_uniform_200,7B_uniform,Binary Centroid,15.0,26.660857388726804,200.0,uniform,gaussian,nominal,2.0,2.0,150.0,31,0.0,1619.6713186487768,365.1619147431015,1605,350,31,31,,,,,,,,,,,,False,No foreground pixels thresholded,0.04880002234131098,"{""background_mean"": 198.94827586206895, ""background_std"": 24.756867673987927, ""threshold"": 273.21887888403273, ""num_fg_pixels"": 0}"
7B_u_200_00027,249503101,7B_bg_uniform_200,7B_uniform,Bounding Box Center,15.0,26.660857388726804,200.0,uniform,gaussian,nominal,2.0,2.0,150.0,31,0.0,679.3932553932221,633.5992993896709,664,619,31,31,,,,,,,,,,,,False,No foreground pixels thresholded,0.16719999257475138,"{""background_mean"": 201.61637931034483, ""background_std"": 27.471055124425547, ""threshold"": 284.02954468362145, ""num_fg_pixels"": 0}"
7B_u_200_00027,249503101,7B_bg_uniform_200,7B_uniform,Binary Centroid,15.0,26.660857388726804,200.0,uniform,gaussian,nominal,2.0,2.0,150.0,31,0.0,679.3932553932221,633.5992993896709,664,619,31,31,,,,,,,,,,,,False,No foreground pixels thresholded,0.08169992361217737,"{""background_mean"": 201.61637931034483, ""background_std"": 27.471055124425547, ""threshold"": 284.02954468362145, ""num_fg_pixels"": 0}"
7B_u_200_00028,770193113,7B_bg_uniform_200,7B_uniform,Bounding Box Center,15.0,26.660857388726804,200.0,uniform,gaussian,nominal,2.0,2.0,150.0,31,0.0,1232.5869216364622,830.0439599954203,1218,815,31,31,,,,,,,,,,,,False,No foreground pixels thresholded,0.13510009739547968,"{""background_mean"": 198.93103448275863, ""background_std"": 26.687600161463028, ""threshold"": 278.99383496714773, ""num_fg_pixels"": 0}"
7B_u_200_00028,770193113,7B_bg_uniform_200,7B_uniform,Binary Centroid,15.0,26.660857388726804,200.0,uniform,gaussian,nominal,2.0,2.0,150.0,31,0.0,1232.5869216364622,830.0439599954203,1218,815,31,31,,,,,,,,,,,,False,No foreground pixels thresholded,0.06510003004223108,"{""background_mean"": 198.93103448275863, ""background_std"": 26.687600161463028, ""threshold"": 278.99383496714773, ""num_fg_pixels"": 0}"
7B_u_200_00029,947953906,7B_bg_uniform_200,7B_uniform,Bounding Box Center,15.0,26.660857388726804,200.0,uniform,gaussian,nominal,2.0,2.0,150.0,31,0.0,478.67157278195543,726.4876733179493,464,711,31,31,,,,,,,,,,,,False,No foreground pixels thresholded,0.10159995872527361,"{""background_mean"": 200.58189655172413, ""background_std"": 25.082832084288423, ""threshold"": 275.8303928045894, ""num_fg_pixels"": 0}"
7B_u_200_00029,947953906,7B_bg_uniform_200,7B_uniform,Binary Centroid,15.0,26.660857388726804,200.0,uniform,gaussian,nominal,2.0,2.0,150.0,31,0.0,478.67157278195543,726.4876733179493,464,711,31,31,,,,,,,,,,,,False,No foreground pixels thresholded,0.05070003680884838,"{""background_mean"": 200.58189655172413, ""background_std"": 25.082832084288423, ""threshold"": 275.8303928045894, ""num_fg_pixels"": 0}"
7B_u_200_00030,24450840,7B_bg_uniform_200,7B_uniform,Bounding Box Center,15.0,26.660857388726804,200.0,uniform,gaussian,nominal,2.0,2.0,150.0,31,0.0,1069.2599675876043,536.1324688170059,1054,521,31,31,,,,,,,,,,,,False,No foreground pixels thresholded,0.15209999401122332,"{""background_mean"": 199.07327586206895, ""background_std"": 27.297669023129316, ""threshold"": 280.96628293145693, ""num_fg_pixels"": 0}"
7B_u_200_00030,24450840,7B_bg_uniform_200,7B_uniform,Binary Centroid,15.0,26.660857388726804,200.0,uniform,gaussian,nominal,2.0,2.0,150.0,31,0.0,1069.2599675876043,536.1324688170059,1054,521,31,31,,,,,,,,,,,,False,No foreground pixels thresholded,0.052299932576715946,"{""background_mean"": 199.07327586206895, ""background_std"": 27.297669023129316, ""threshold"": 280.96628293145693, ""num_fg_pixels"": 0}"
7B_u_200_00031,474352207,7B_bg_uniform_200,7B_uniform,Bounding Box Center,15.0,26.660857388726804,200.0,uniform,gaussian,nominal,2.0,2.0,150.0,31,0.0,699.0345195537047,861.2882040813705,684,846,31,31,,,,,,,,,,,,False,No foreground pixels thresholded,0.10210007894784212,"{""background_mean"": 200.1206896551724, ""background_std"": 25.520497229378595, ""threshold"": 276.68218134330823, ""num_fg_pixels"": 0}"
7B_u_200_00031,474352207,7B_bg_uniform_200,7B_uniform,Binary Centroid,15.0,26.660857388726804,200.0,uniform,gaussian,nominal,2.0,2.0,150.0,31,0.0,699.0345195537047,861.2882040813705,684,846,31,31,,,,,,,,,,,,False,No foreground pixels thresholded,0.04939991049468517,"{""background_mean"": 200.1206896551724, ""background_std"": 25.520497229378595, ""threshold"": 276.68218134330823, ""num_fg_pixels"": 0}"
7B_u_200_00032,55209956,7B_bg_uniform_200,7B_uniform,Bounding Box Center,15.0,26.660857388726804,200.0,uniform,gaussian,nominal,2.0,2.0,150.0,31,0.0,153.13567970197536,448.8638871210346,138,434,31,31,,,,,,,,,,,,False,No foreground pixels thresholded,0.16329996287822723,"{""background_mean"": 197.97413793103448, ""background_std"": 25.873019233495675, ""threshold"": 275.5931956315215, ""num_fg_pixels"": 0}"
7B_u_200_00032,55209956,7B_bg_uniform_200,7B_uniform,Binary Centroid,15.0,26.660857388726804,200.0,uniform,gaussian,nominal,2.0,2.0,150.0,31,0.0,153.13567970197536,448.8638871210346,138,434,31,31,,,,,,,,,,,,False,No foreground pixels thresholded,0.07910002022981644,"{""background_mean"": 197.97413793103448, ""background_std"": 25.873019233495675, ""threshold"": 275.5931956315215, ""num_fg_pixels"": 0}"
7B_u_200_00033,416368872,7B_bg_uniform_200,7B_uniform,Bounding Box Center,15.0,26.660857388726804,200.0,uniform,gaussian,nominal,2.0,2.0,150.0,31,0.0,187.51486341742515,759.7410609192804,173,745,31,31,,,,,,,,,,,,False,No foreground pixels thresholded,0.22380007430911064,"{""background_mean"": 198.57758620689654, ""background_std"": 25.066859170154554, ""threshold"": 273.7781637173602, ""num_fg_pixels"": 0}"
7B_u_200_00033,416368872,7B_bg_uniform_200,7B_uniform,Binary Centroid,15.0,26.660857388726804,200.0,uniform,gaussian,nominal,2.0,2.0,150.0,31,0.0,187.51486341742515,759.7410609192804,173,745,31,31,,,,,,,,,,,,False,No foreground pixels thresholded,0.06859994027763605,"{""background_mean"": 198.57758620689654, ""background_std"": 25.066859170154554, ""threshold"": 273.7781637173602, ""num_fg_pixels"": 0}"
7B_u_200_00034,945148287,7B_bg_uniform_200,7B_uniform,Bounding Box Center,15.0,26.660857388726804,200.0,uniform,gaussian,nominal,2.0,2.0,150.0,31,0.0,543.0936998331027,862.6157722952317,528,848,31,31,,,,,,,,,,,,False,No foreground pixels thresholded,0.13719999697059393,"{""background_mean"": 201.73706896551724, ""background_std"": 24.43472666659289, ""threshold"": 275.0412489652959, ""num_fg_pixels"": 0}"
7B_u_200_00034,945148287,7B_bg_uniform_200,7B_uniform,Binary Centroid,15.0,26.660857388726804,200.0,uniform,gaussian,nominal,2.0,2.0,150.0,31,0.0,543.0936998331027,862.6157722952317,528,848,31,31,,,,,,,,,,,,False,No foreground pixels thresholded,0.08260004688054323,"{""background_mean"": 201.73706896551724, ""background_std"": 24.43472666659289, ""threshold"": 275.0412489652959, ""num_fg_pixels"": 0}"
7B_u_200_00035,223289313,7B_bg_uniform_200,7B_uniform,Bounding Box Center,15.0,26.660857388726804,200.0,uniform,gaussian,nominal,2.0,2.0,150.0,31,0.0,1623.412893876384,290.0138155795141,1608,275,31,31,,,,,,,,,,,,False,No foreground pixels thresholded,0.10830000974237919,"{""background_mean"": 196.77586206896552, ""background_std"": 25.350333673549258, ""threshold"": 272.8268630896133, ""num_fg_pixels"": 0}"
7B_u_200_00035,223289313,7B_bg_uniform_200,7B_uniform,Binary Centroid,15.0,26.660857388726804,200.0,uniform,gaussian,nominal,2.0,2.0,150.0,31,0.0,1623.412893876384,290.0138155795141,1608,275,31,31,,,,,,,,,,,,False,No foreground pixels thresholded,0.04980002995580435,"{""background_mean"": 196.77586206896552, ""background_std"": 25.350333673549258, ""threshold"": 272.8268630896133, ""num_fg_pixels"": 0}"
7B_u_200_00036,746067978,7B_bg_uniform_200,7B_uniform,Bounding Box Center,15.0,26.660857388726804,200.0,uniform,gaussian,nominal,2.0,2.0,150.0,31,0.0,1013.8235382880005,785.7575503458246,999,771,31,31,,,,,,,,,,,,False,No foreground pixels thresholded,0.10000006295740604,"{""background_mean"": 199.64655172413794, ""background_std"": 27.698579046818303, ""threshold"": 282.74228886459287, ""num_fg_pixels"": 0}"
7B_u_200_00036,746067978,7B_bg_uniform_200,7B_uniform,Binary Centroid,15.0,26.660857388726804,200.0,uniform,gaussian,nominal,2.0,2.0,150.0,31,0.0,1013.8235382880005,785.7575503458246,999,771,31,31,,,,,,,,,,,,False,No foreground pixels thresholded,0.059699988923966885,"{""background_mean"": 199.64655172413794, ""background_std"": 27.698579046818303, ""threshold"": 282.74228886459287, ""num_fg_pixels"": 0}"
7B_u_200_00037,245699742,7B_bg_uniform_200,7B_uniform,Bounding Box Center,15.0,26.660857388726804,200.0,uniform,gaussian,nominal,2.0,2.0,150.0,31,0.0,496.8836450596132,123.92027747787482,482,109,31,31,,,,,,,,,,,,False,No foreground pixels thresholded,0.1876999158412218,"{""background_mean"": 200.7198275862069, ""background_std"": 28.09656906232008, ""threshold"": 285.00953477316716, ""num_fg_pixels"": 0}"
7B_u_200_00037,245699742,7B_bg_uniform_200,7B_uniform,Binary Centroid,15.0,26.660857388726804,200.0,uniform,gaussian,nominal,2.0,2.0,150.0,31,0.0,496.8836450596132,123.92027747787482,482,109,31,31,,,,,,,,,,,,False,No foreground pixels thresholded,0.07940002251416445,"{""background_mean"": 200.7198275862069, ""background_std"": 28.09656906232008, ""threshold"": 285.00953477316716, ""num_fg_pixels"": 0}"
7B_u_200_00038,340393995,7B_bg_uniform_200,7B_uniform,Bounding Box Center,15.0,26.660857388726804,200.0,uniform,gaussian,nominal,2.0,2.0,150.0,31,0.0,1321.2290336939523,659.2931115289626,1306,644,31,31,,,,,,,,,,,,False,No foreground pixels thresholded,0.12439989950507879,"{""background_mean"": 199.7844827586207, ""background_std"": 25.60452076007577, ""threshold"": 276.598045038848, ""num_fg_pixels"": 0}"
7B_u_200_00038,340393995,7B_bg_uniform_200,7B_uniform,Binary Centroid,15.0,26.660857388726804,200.0,uniform,gaussian,nominal,2.0,2.0,150.0,31,0.0,1321.2290336939523,659.2931115289626,1306,644,31,31,,,,,,,,,,,,False,No foreground pixels thresholded,0.06220000796020031,"{""background_mean"": 199.7844827586207, ""background_std"": 25.60452076007577, ""threshold"": 276.598045038848, ""num_fg_pixels"": 0}"
7B_u_200_00039,958515293,7B_bg_uniform_200,7B_uniform,Bounding Box Center,15.0,26.660857388726804,200.0,uniform,gaussian,nominal,2.0,2.0,150.0,31,0.0,1379.6709230353842,567.8193684519866,1365,553,31,31,,,,,,,,,,,,False,No foreground pixels thresholded,0.10810000821948051,"{""background_mean"": 198.26724137931035, ""background_std"": 25.79790747950396, ""threshold"": 275.6609638178222, ""num_fg_pixels"": 0}"
7B_u_200_00039,958515293,7B_bg_uniform_200,7B_uniform,Binary Centroid,15.0,26.660857388726804,200.0,uniform,gaussian,nominal,2.0,2.0,150.0,31,0.0,1379.6709230353842,567.8193684519866,1365,553,31,31,,,,,,,,,,,,False,No foreground pixels thresholded,0.048900023102760315,"{""background_mean"": 198.26724137931035, ""background_std"": 25.79790747950396, ""threshold"": 275.6609638178222, ""num_fg_pixels"": 0}"
7B_u_200_00040,102827719,7B_bg_uniform_200,7B_uniform,Bounding Box Center,15.0,26.660857388726804,200.0,uniform,gaussian,nominal,2.0,2.0,150.0,31,0.0,873.1954547324559,663.5865066512043,858,649,31,31,,,,,,,,,,,,False,No foreground pixels thresholded,0.2883000997826457,"{""background_mean"": 200.56465517241378, ""background_std"": 27.05335008355089, ""threshold"": 281.72470542306644, ""num_fg_pixels"": 0}"
7B_u_200_00040,102827719,7B_bg_uniform_200,7B_uniform,Binary Centroid,15.0,26.660857388726804,200.0,uniform,gaussian,nominal,2.0,2.0,150.0,31,0.0,873.1954547324559,663.5865066512043,858,649,31,31,,,,,,,,,,,,False,No foreground pixels thresholded,0.06610003765672445,"{""background_mean"": 200.56465517241378, ""background_std"": 27.05335008355089, ""threshold"": 281.72470542306644, ""num_fg_pixels"": 0}"
7B_u_200_00041,310450588,7B_bg_uniform_200,7B_uniform,Bounding Box Center,15.0,26.660857388726804,200.0,uniform,gaussian,nominal,2.0,2.0,150.0,31,0.0,1627.4609554255758,814.3420866729533,1612,799,31,31,,,,,,,,,,,,False,No foreground pixels thresholded,0.12430001515895128,"{""background_mean"": 198.21120689655172, ""background_std"": 26.202679092925763, ""threshold"": 276.819244175329, ""num_fg_pixels"": 0}"
7B_u_200_00041,310450588,7B_bg_uniform_200,7B_uniform,Binary Centroid,15.0,26.660857388726804,200.0,uniform,gaussian,nominal,2.0,2.0,150.0,31,0.0,1627.4609554255758,814.3420866729533,1612,799,31,31,,,,,,,,,,,,False,No foreground pixels thresholded,0.05010003224015236,"{""background_mean"": 198.21120689655172, ""background_std"": 26.202679092925763, ""threshold"": 276.819244175329, ""num_fg_pixels"": 0}"
7B_u_200_00042,201534975,7B_bg_uniform_200,7B_uniform,Bounding Box Center,15.0,26.660857388726804,200.0,uniform,gaussian,nominal,2.0,2.0,150.0,31,0.0,701.2494116974982,609.1761811950214,686,594,31,31,,,,,,,,,,,,False,No foreground pixels thresholded,0.11360005009919405,"{""background_mean"": 200.48275862068965, ""background_std"": 27.10642586960691, ""threshold"": 281.80203622951035, ""num_fg_pixels"": 0}"
7B_u_200_00042,201534975,7B_bg_uniform_200,7B_uniform,Binary Centroid,15.0,26.660857388726804,200.0,uniform,gaussian,nominal,2.0,2.0,150.0,31,0.0,701.2494116974982,609.1761811950214,686,594,31,31,,,,,,,,,,,,False,No foreground pixels thresholded,0.053799943998456,"{""background_mean"": 200.48275862068965, ""background_std"": 27.10642586960691, ""threshold"": 281.80203622951035, ""num_fg_pixels"": 0}"
7B_u_200_00043,128495523,7B_bg_uniform_200,7B_uniform,Bounding Box Center,15.0,26.660857388726804,200.0,uniform,gaussian,nominal,2.0,2.0,150.0,31,0.0,1772.4355464457885,894.5455651146495,1757,880,31,31,,,,,,,,,,,,False,No foreground pixels thresholded,0.10369997471570969,"{""background_mean"": 198.0905172413793, ""background_std"": 25.676627902084736, ""threshold"": 275.1204009476335, ""num_fg_pixels"": 0}"
7B_u_200_00043,128495523,7B_bg_uniform_200,7B_uniform,Binary Centroid,15.0,26.660857388726804,200.0,uniform,gaussian,nominal,2.0,2.0,150.0,31,0.0,1772.4355464457885,894.5455651146495,1757,880,31,31,,,,,,,,,,,,False,No foreground pixels thresholded,0.06560003384947777,"{""background_mean"": 198.0905172413793, ""background_std"": 25.676627902084736, ""threshold"": 275.1204009476335, ""num_fg_pixels"": 0}"
7B_u_200_00044,141027299,7B_bg_uniform_200,7B_uniform,Bounding Box Center,15.0,26.660857388726804,200.0,uniform,gaussian,nominal,2.0,2.0,150.0,31,0.0,1685.6637111786247,392.30348197903743,1671,377,31,31,,,,,,,,,,,,False,No foreground pixels thresholded,0.1721000298857689,"{""background_mean"": 198.19827586206895, ""background_std"": 24.858121488235994, ""threshold"": 272.7726403267769, ""num_fg_pixels"": 0}"
7B_u_200_00044,141027299,7B_bg_uniform_200,7B_uniform,Binary Centroid,15.0,26.660857388726804,200.0,uniform,gaussian,nominal,2.0,2.0,150.0,31,0.0,1685.6637111786247,392.30348197903743,1671,377,31,31,,,,,,,,,,,,False,No foreground pixels thresholded,0.052999937906861305,"{""background_mean"": 198.19827586206895, ""background_std"": 24.858121488235994, ""threshold"": 272.7726403267769, ""num_fg_pixels"": 0}"
7B_u_200_00045,827895438,7B_bg_uniform_200,7B_uniform,Bounding Box Center,15.0,26.660857388726804,200.0,uniform,gaussian,nominal,2.0,2.0,150.0,31,0.0,464.2481211620538,179.20122411967907,449,164,31,31,,,,,,,,,,,,False,No foreground pixels thresholded,0.10200007818639278,"{""background_mean"": 198.68534482758622, ""background_std"": 24.742469262907484, ""threshold"": 272.9127526163087, ""num_fg_pixels"": 0}"
7B_u_200_00045,827895438,7B_bg_uniform_200,7B_uniform,Binary Centroid,15.0,26.660857388726804,200.0,uniform,gaussian,nominal,2.0,2.0,150.0,31,0.0,464.2481211620538,179.20122411967907,449,164,31,31,,,,,,,,,,,,False,No foreground pixels thresholded,0.04949991125613451,"{""background_mean"": 198.68534482758622, ""background_std"": 24.742469262907484, ""threshold"": 272.9127526163087, ""num_fg_pixels"": 0}"
7B_u_200_00046,169134707,7B_bg_uniform_200,7B_uniform,Bounding Box Center,15.0,26.660857388726804,200.0,uniform,gaussian,nominal,2.0,2.0,150.0,31,0.0,306.5902837743811,162.74799008266393,292,148,31,31,,,,,,,,,,,,False,No foreground pixels thresholded,0.1278999261558056,"{""background_mean"": 201.27586206896552, ""background_std"": 26.90743590562761, ""threshold"": 281.99816978584835, ""num_fg_pixels"": 0}"
7B_u_200_00046,169134707,7B_bg_uniform_200,7B_uniform,Binary Centroid,15.0,26.660857388726804,200.0,uniform,gaussian,nominal,2.0,2.0,150.0,31,0.0,306.5902837743811,162.74799008266393,292,148,31,31,,,,,,,,,,,,False,No foreground pixels thresholded,0.0743999844416976,"{""background_mean"": 201.27586206896552, ""background_std"": 26.90743590562761, ""threshold"": 281.99816978584835, ""num_fg_pixels"": 0}"
7B_u_200_00047,61276720,7B_bg_uniform_200,7B_uniform,Bounding Box Center,15.0,26.660857388726804,200.0,uniform,gaussian,nominal,2.0,2.0,150.0,31,0.0,227.37921539480658,216.637031237244,212,202,31,31,,,,,,,,,,,,False,No foreground pixels thresholded,0.13069994747638702,"{""background_mean"": 198.64655172413794, ""background_std"": 27.000400479260083, ""threshold"": 279.6477531619182, ""num_fg_pixels"": 0}"
7B_u_200_00047,61276720,7B_bg_uniform_200,7B_uniform,Binary Centroid,15.0,26.660857388726804,200.0,uniform,gaussian,nominal,2.0,2.0,150.0,31,0.0,227.37921539480658,216.637031237244,212,202,31,31,,,,,,,,,,,,False,No foreground pixels thresholded,0.05530007183551788,"{""background_mean"": 198.64655172413794, ""background_std"": 27.000400479260083, ""threshold"": 279.6477531619182, ""num_fg_pixels"": 0}"
7B_u_200_00048,989823069,7B_bg_uniform_200,7B_uniform,Bounding Box Center,15.0,26.660857388726804,200.0,uniform,gaussian,nominal,2.0,2.0,150.0,31,0.0,1522.8779044160667,610.6113907337899,1508,596,31,31,,,,,,,,,,,,False,No foreground pixels thresholded,0.11040002573281527,"{""background_mean"": 201.5948275862069, ""background_std"": 27.91087368388635, ""threshold"": 285.3274486378659, ""num_fg_pixels"": 0}"
7B_u_200_00048,989823069,7B_bg_uniform_200,7B_uniform,Binary Centroid,15.0,26.660857388726804,200.0,uniform,gaussian,nominal,2.0,2.0,150.0,31,0.0,1522.8779044160667,610.6113907337899,1508,596,31,31,,,,,,,,,,,,False,No foreground pixels thresholded,0.050999922677874565,"{""background_mean"": 201.5948275862069, ""background_std"": 27.91087368388635, ""threshold"": 285.3274486378659, ""num_fg_pixels"": 0}"
7B_u_200_00049,85024596,7B_bg_uniform_200,7B_uniform,Bounding Box Center,15.0,26.660857388726804,200.0,uniform,gaussian,nominal,2.0,2.0,150.0,31,0.0,1185.1686533689665,876.3140618894743,1170,861,31,31,,,,,,,,,,,,False,No foreground pixels thresholded,0.11080002877861261,"{""background_mean"": 200.64224137931035, ""background_std"": 28.367607348882224, ""threshold"": 285.745063425957, ""num_fg_pixels"": 0}"
7B_u_200_00049,85024596,7B_bg_uniform_200,7B_uniform,Binary Centroid,15.0,26.660857388726804,200.0,uniform,gaussian,nominal,2.0,2.0,150.0,31,0.0,1185.1686533689665,876.3140618894743,1170,861,31,31,,,,,,,,,,,,False,No foreground pixels thresholded,0.05730008706450462,"{""background_mean"": 200.64224137931035, ""background_std"": 28.367607348882224, ""threshold"": 285.745063425957, ""num_fg_pixels"": 0}"
7B_u_500_00000,774417204,7B_bg_uniform_500,7B_uniform,Bounding Box Center,15.0,26.660857388726804,500.0,uniform,gaussian,nominal,2.0,2.0,150.0,31,0.0,1198.1641477553537,559.4700817547728,1183,544,31,31,,,,,,,,,,,,False,No foreground pixels thresholded,0.1607000594958663,"{""background_mean"": 255.0, ""background_std"": 0.0, ""threshold"": 270.0, ""num_fg_pixels"": 0}"
7B_u_500_00000,774417204,7B_bg_uniform_500,7B_uniform,Binary Centroid,15.0,26.660857388726804,500.0,uniform,gaussian,nominal,2.0,2.0,150.0,31,0.0,1198.1641477553537,559.4700817547728,1183,544,31,31,,,,,,,,,,,,False,No foreground pixels thresholded,0.09280000813305378,"{""background_mean"": 255.0, ""background_std"": 0.0, ""threshold"": 270.0, ""num_fg_pixels"": 0}"
7B_u_500_00000,774417204,7B_bg_uniform_500,7B_uniform,Intensity-Weighted Centroid,15.0,26.660857388726804,500.0,uniform,gaussian,nominal,2.0,2.0,150.0,31,0.0,1198.1641477553537,559.4700817547728,1183,544,31,31,,,,,,,,,,,,False,Total effective weight is zero or nonfinite,0.2218000590801239,"{""background_mean"": 255.0, ""total_weight"": 0.0, ""max_weight"": 0.0}"
7B_u_500_00001,938797936,7B_bg_uniform_500,7B_uniform,Bounding Box Center,15.0,26.660857388726804,500.0,uniform,gaussian,nominal,2.0,2.0,150.0,31,0.0,869.5155330824283,404.53616415616654,855,390,31,31,,,,,,,,,,,,False,No foreground pixels thresholded,0.15510001685470343,"{""background_mean"": 255.0, ""background_std"": 0.0, ""threshold"": 270.0, ""num_fg_pixels"": 0}"
7B_u_500_00001,938797936,7B_bg_uniform_500,7B_uniform,Binary Centroid,15.0,26.660857388726804,500.0,uniform,gaussian,nominal,2.0,2.0,150.0,31,0.0,869.5155330824283,404.53616415616654,855,390,31,31,,,,,,,,,,,,False,No foreground pixels thresholded,0.08819997310638428,"{""background_mean"": 255.0, ""background_std"": 0.0, ""threshold"": 270.0, ""num_fg_pixels"": 0}"
7B_u_500_00001,938797936,7B_bg_uniform_500,7B_uniform,Intensity-Weighted Centroid,15.0,26.660857388726804,500.0,uniform,gaussian,nominal,2.0,2.0,150.0,31,0.0,869.5155330824283,404.53616415616654,855,390,31,31,,,,,,,,,,,,False,Total effective weight is zero or nonfinite,0.19459996838122606,"{""background_mean"": 255.0, ""total_weight"": 0.0, ""max_weight"": 0.0}"
7B_u_500_00002,712749693,7B_bg_uniform_500,7B_uniform,Bounding Box Center,15.0,26.660857388726804,500.0,uniform,gaussian,nominal,2.0,2.0,150.0,31,0.0,904.3622182143655,249.3484124867334,889,234,31,31,,,,,,,,,,,,False,No foreground pixels thresholded,0.15279999934136868,"{""background_mean"": 255.0, ""background_std"": 0.0, ""threshold"": 270.0, ""num_fg_pixels"": 0}"
7B_u_500_00002,712749693,7B_bg_uniform_500,7B_uniform,Binary Centroid,15.0,26.660857388726804,500.0,uniform,gaussian,nominal,2.0,2.0,150.0,31,0.0,904.3622182143655,249.3484124867334,889,234,31,31,,,,,,,,,,,,False,No foreground pixels thresholded,0.06180000491440296,"{""background_mean"": 255.0, ""background_std"": 0.0, ""threshold"": 270.0, ""num_fg_pixels"": 0}"
7B_u_500_00002,712749693,7B_bg_uniform_500,7B_uniform,Intensity-Weighted Centroid,15.0,26.660857388726804,500.0,uniform,gaussian,nominal,2.0,2.0,150.0,31,0.0,904.3622182143655,249.3484124867334,889,234,31,31,,,,,,,,,,,,False,Total effective weight is zero or nonfinite,0.18099998123943806,"{""background_mean"": 255.0, ""total_weight"": 0.0, ""max_weight"": 0.0}"
7B_u_500_00003,420708406,7B_bg_uniform_500,7B_uniform,Bounding Box Center,15.0,26.660857388726804,500.0,uniform,gaussian,nominal,2.0,2.0,150.0,31,0.0,548.4105038978248,235.10776077660176,533,220,31,31,,,,,,,,,,,,False,No foreground pixels thresholded,0.10710000060498714,"{""background_mean"": 255.0, ""background_std"": 0.0, ""threshold"": 270.0, ""num_fg_pixels"": 0}"
7B_u_500_00003,420708406,7B_bg_uniform_500,7B_uniform,Binary Centroid,15.0,26.660857388726804,500.0,uniform,gaussian,nominal,2.0,2.0,150.0,31,0.0,548.4105038978248,235.10776077660176,533,220,31,31,,,,,,,,,,,,False,No foreground pixels thresholded,0.04870002157986164,"{""background_mean"": 255.0, ""background_std"": 0.0, ""threshold"": 270.0, ""num_fg_pixels"": 0}"
7B_u_500_00003,420708406,7B_bg_uniform_500,7B_uniform,Intensity-Weighted Centroid,15.0,26.660857388726804,500.0,uniform,gaussian,nominal,2.0,2.0,150.0,31,0.0,548.4105038978248,235.10776077660176,533,220,31,31,,,,,,,,,,,,False,Total effective weight is zero or nonfinite,0.13240007683634758,"{""background_mean"": 255.0, ""total_weight"": 0.0, ""max_weight"": 0.0}"
7B_u_500_00004,796571729,7B_bg_uniform_500,7B_uniform,Bounding Box Center,15.0,26.660857388726804,500.0,uniform,gaussian,nominal,2.0,2.0,150.0,31,0.0,523.7258558671501,841.021733559571,509,826,31,31,,,,,,,,,,,,False,No foreground pixels thresholded,0.12149999383836985,"{""background_mean"": 255.0, ""background_std"": 0.0, ""threshold"": 270.0, ""num_fg_pixels"": 0}"
7B_u_500_00004,796571729,7B_bg_uniform_500,7B_uniform,Binary Centroid,15.0,26.660857388726804,500.0,uniform,gaussian,nominal,2.0,2.0,150.0,31,0.0,523.7258558671501,841.021733559571,509,826,31,31,,,,,,,,,,,,False,No foreground pixels thresholded,0.05059991963207722,"{""background_mean"": 255.0, ""background_std"": 0.0, ""threshold"": 270.0, ""num_fg_pixels"": 0}"
7B_u_500_00004,796571729,7B_bg_uniform_500,7B_uniform,Intensity-Weighted Centroid,15.0,26.660857388726804,500.0,uniform,gaussian,nominal,2.0,2.0,150.0,31,0.0,523.7258558671501,841.021733559571,509,826,31,31,,,,,,,,,,,,False,Total effective weight is zero or nonfinite,0.14140002895146608,"{""background_mean"": 255.0, ""total_weight"": 0.0, ""max_weight"": 0.0}"
7B_u_500_00005,689085111,7B_bg_uniform_500,7B_uniform,Bounding Box Center,15.0,26.660857388726804,500.0,uniform,gaussian,nominal,2.0,2.0,150.0,31,0.0,1280.0057755501484,853.6404749770505,1265,839,31,31,,,,,,,,,,,,False,No foreground pixels thresholded,0.13129995204508305,"{""background_mean"": 255.0, ""background_std"": 0.0, ""threshold"": 270.0, ""num_fg_pixels"": 0}"
7B_u_500_00005,689085111,7B_bg_uniform_500,7B_uniform,Binary Centroid,15.0,26.660857388726804,500.0,uniform,gaussian,nominal,2.0,2.0,150.0,31,0.0,1280.0057755501484,853.6404749770505,1265,839,31,31,,,,,,,,,,,,False,No foreground pixels thresholded,0.06669992581009865,"{""background_mean"": 255.0, ""background_std"": 0.0, ""threshold"": 270.0, ""num_fg_pixels"": 0}"
7B_u_500_00005,689085111,7B_bg_uniform_500,7B_uniform,Intensity-Weighted Centroid,15.0,26.660857388726804,500.0,uniform,gaussian,nominal,2.0,2.0,150.0,31,0.0,1280.0057755501484,853.6404749770505,1265,839,31,31,,,,,,,,,,,,False,Total effective weight is zero or nonfinite,0.17120002303272486,"{""background_mean"": 255.0, ""total_weight"": 0.0, ""max_weight"": 0.0}"
7B_u_500_00006,330201295,7B_bg_uniform_500,7B_uniform,Bounding Box Center,15.0,26.660857388726804,500.0,uniform,gaussian,nominal,2.0,2.0,150.0,31,0.0,233.72082711107245,773.2214765566778,219,758,31,31,,,,,,,,,,,,False,No foreground pixels thresholded,0.11909997556358576,"{""background_mean"": 255.0, ""background_std"": 0.0, ""threshold"": 270.0, ""num_fg_pixels"": 0}"
7B_u_500_00006,330201295,7B_bg_uniform_500,7B_uniform,Binary Centroid,15.0,26.660857388726804,500.0,uniform,gaussian,nominal,2.0,2.0,150.0,31,0.0,233.72082711107245,773.2214765566778,219,758,31,31,,,,,,,,,,,,False,No foreground pixels thresholded,0.048900023102760315,"{""background_mean"": 255.0, ""background_std"": 0.0, ""threshold"": 270.0, ""num_fg_pixels"": 0}"
7B_u_500_00006,330201295,7B_bg_uniform_500,7B_uniform,Intensity-Weighted Centroid,15.0,26.660857388726804,500.0,uniform,gaussian,nominal,2.0,2.0,150.0,31,0.0,233.72082711107245,773.2214765566778,219,758,31,31,,,,,,,,,,,,False,Total effective weight is zero or nonfinite,0.13259996194392443,"{""background_mean"": 255.0, ""total_weight"": 0.0, ""max_weight"": 0.0}"
7B_u_500_00007,206521942,7B_bg_uniform_500,7B_uniform,Bounding Box Center,15.0,26.660857388726804,500.0,uniform,gaussian,nominal,2.0,2.0,150.0,31,0.0,472.59046639655344,706.2332781586156,458,691,31,31,,,,,,,,,,,,False,No foreground pixels thresholded,0.12530002277344465,"{""background_mean"": 255.0, ""background_std"": 0.0, ""threshold"": 270.0, ""num_fg_pixels"": 0}"
7B_u_500_00007,206521942,7B_bg_uniform_500,7B_uniform,Binary Centroid,15.0,26.660857388726804,500.0,uniform,gaussian,nominal,2.0,2.0,150.0,31,0.0,472.59046639655344,706.2332781586156,458,691,31,31,,,,,,,,,,,,False,No foreground pixels thresholded,0.06800005212426186,"{""background_mean"": 255.0, ""background_std"": 0.0, ""threshold"": 270.0, ""num_fg_pixels"": 0}"
7B_u_500_00007,206521942,7B_bg_uniform_500,7B_uniform,Intensity-Weighted Centroid,15.0,26.660857388726804,500.0,uniform,gaussian,nominal,2.0,2.0,150.0,31,0.0,472.59046639655344,706.2332781586156,458,691,31,31,,,,,,,,,,,,False,Total effective weight is zero or nonfinite,0.15829992480576038,"{""background_mean"": 255.0, ""total_weight"": 0.0, ""max_weight"": 0.0}"
7B_u_500_00008,307665466,7B_bg_uniform_500,7B_uniform,Bounding Box Center,15.0,26.660857388726804,500.0,uniform,gaussian,nominal,2.0,2.0,150.0,31,0.0,1664.8501911011622,359.61690366690794,1650,345,31,31,,,,,,,,,,,,False,No foreground pixels thresholded,0.11200003791600466,"{""background_mean"": 255.0, ""background_std"": 0.0, ""threshold"": 270.0, ""num_fg_pixels"": 0}"
7B_u_500_00008,307665466,7B_bg_uniform_500,7B_uniform,Binary Centroid,15.0,26.660857388726804,500.0,uniform,gaussian,nominal,2.0,2.0,150.0,31,0.0,1664.8501911011622,359.61690366690794,1650,345,31,31,,,,,,,,,,,,False,No foreground pixels thresholded,0.05080003757029772,"{""background_mean"": 255.0, ""background_std"": 0.0, ""threshold"": 270.0, ""num_fg_pixels"": 0}"
7B_u_500_00008,307665466,7B_bg_uniform_500,7B_uniform,Intensity-Weighted Centroid,15.0,26.660857388726804,500.0,uniform,gaussian,nominal,2.0,2.0,150.0,31,0.0,1664.8501911011622,359.61690366690794,1650,345,31,31,,,,,,,,,,,,False,Total effective weight is zero or nonfinite,0.13370008673518896,"{""background_mean"": 255.0, ""total_weight"": 0.0, ""max_weight"": 0.0}"
7B_u_500_00009,984879327,7B_bg_uniform_500,7B_uniform,Bounding Box Center,15.0,26.660857388726804,500.0,uniform,gaussian,nominal,2.0,2.0,150.0,31,0.0,598.5146758211254,587.7713154392566,584,573,31,31,,,,,,,,,,,,False,No foreground pixels thresholded,0.14549994375556707,"{""background_mean"": 255.0, ""background_std"": 0.0, ""threshold"": 270.0, ""num_fg_pixels"": 0}"
7B_u_500_00009,984879327,7B_bg_uniform_500,7B_uniform,Binary Centroid,15.0,26.660857388726804,500.0,uniform,gaussian,nominal,2.0,2.0,150.0,31,0.0,598.5146758211254,587.7713154392566,584,573,31,31,,,,,,,,,,,,False,No foreground pixels thresholded,0.06130000110715628,"{""background_mean"": 255.0, ""background_std"": 0.0, ""threshold"": 270.0, ""num_fg_pixels"": 0}"
7B_u_500_00009,984879327,7B_bg_uniform_500,7B_uniform,Intensity-Weighted Centroid,15.0,26.660857388726804,500.0,uniform,gaussian,nominal,2.0,2.0,150.0,31,0.0,598.5146758211254,587.7713154392566,584,573,31,31,,,,,,,,,,,,False,Total effective weight is zero or nonfinite,0.1694000093266368,"{""background_mean"": 255.0, ""total_weight"": 0.0, ""max_weight"": 0.0}"
7B_u_500_00010,568833805,7B_bg_uniform_500,7B_uniform,Bounding Box Center,15.0,26.660857388726804,500.0,uniform,gaussian,nominal,2.0,2.0,150.0,31,0.0,1169.6026927254657,637.0951421353582,1155,622,31,31,,,,,,,,,,,,False,No foreground pixels thresholded,0.10039994958788157,"{""background_mean"": 255.0, ""background_std"": 0.0, ""threshold"": 270.0, ""num_fg_pixels"": 0}"
7B_u_500_00010,568833805,7B_bg_uniform_500,7B_uniform,Binary Centroid,15.0,26.660857388726804,500.0,uniform,gaussian,nominal,2.0,2.0,150.0,31,0.0,1169.6026927254657,637.0951421353582,1155,622,31,31,,,,,,,,,,,,False,No foreground pixels thresholded,0.04980002995580435,"{""background_mean"": 255.0, ""background_std"": 0.0, ""threshold"": 270.0, ""num_fg_pixels"": 0}"
7B_u_500_00010,568833805,7B_bg_uniform_500,7B_uniform,Intensity-Weighted Centroid,15.0,26.660857388726804,500.0,uniform,gaussian,nominal,2.0,2.0,150.0,31,0.0,1169.6026927254657,637.0951421353582,1155,622,31,31,,,,,,,,,,,,False,Total effective weight is zero or nonfinite,0.1276000402867794,"{""background_mean"": 255.0, ""total_weight"": 0.0, ""max_weight"": 0.0}"
7B_u_500_00011,155121160,7B_bg_uniform_500,7B_uniform,Bounding Box Center,15.0,26.660857388726804,500.0,uniform,gaussian,nominal,2.0,2.0,150.0,31,0.0,332.3372426141414,710.3156132363132,317,695,31,31,,,,,,,,,,,,False,No foreground pixels thresholded,0.1697000116109848,"{""background_mean"": 255.0, ""background_std"": 0.0, ""threshold"": 270.0, ""num_fg_pixels"": 0}"
7B_u_500_00011,155121160,7B_bg_uniform_500,7B_uniform,Binary Centroid,15.0,26.660857388726804,500.0,uniform,gaussian,nominal,2.0,2.0,150.0,31,0.0,332.3372426141414,710.3156132363132,317,695,31,31,,,,,,,,,,,,False,No foreground pixels thresholded,0.08369993884116411,"{""background_mean"": 255.0, ""background_std"": 0.0, ""threshold"": 270.0, ""num_fg_pixels"": 0}"
7B_u_500_00011,155121160,7B_bg_uniform_500,7B_uniform,Intensity-Weighted Centroid,15.0,26.660857388726804,500.0,uniform,gaussian,nominal,2.0,2.0,150.0,31,0.0,332.3372426141414,710.3156132363132,317,695,31,31,,,,,,,,,,,,False,Total effective weight is zero or nonfinite,0.22799998987466097,"{""background_mean"": 255.0, ""total_weight"": 0.0, ""max_weight"": 0.0}"
7B_u_500_00012,623546369,7B_bg_uniform_500,7B_uniform,Bounding Box Center,15.0,26.660857388726804,500.0,uniform,gaussian,nominal,2.0,2.0,150.0,31,0.0,1260.570612973984,700.6775475508572,1246,686,31,31,,,,,,,,,,,,False,No foreground pixels thresholded,0.10519998613744974,"{""background_mean"": 255.0, ""background_std"": 0.0, ""threshold"": 270.0, ""num_fg_pixels"": 0}"
7B_u_500_00012,623546369,7B_bg_uniform_500,7B_uniform,Binary Centroid,15.0,26.660857388726804,500.0,uniform,gaussian,nominal,2.0,2.0,150.0,31,0.0,1260.570612973984,700.6775475508572,1246,686,31,31,,,,,,,,,,,,False,No foreground pixels thresholded,0.04779989831149578,"{""background_mean"": 255.0, ""background_std"": 0.0, ""threshold"": 270.0, ""num_fg_pixels"": 0}"
7B_u_500_00012,623546369,7B_bg_uniform_500,7B_uniform,Intensity-Weighted Centroid,15.0,26.660857388726804,500.0,uniform,gaussian,nominal,2.0,2.0,150.0,31,0.0,1260.570612973984,700.6775475508572,1246,686,31,31,,,,,,,,,,,,False,Total effective weight is zero or nonfinite,0.130099942907691,"{""background_mean"": 255.0, ""total_weight"": 0.0, ""max_weight"": 0.0}"
7B_u_500_00013,609387376,7B_bg_uniform_500,7B_uniform,Bounding Box Center,15.0,26.660857388726804,500.0,uniform,gaussian,nominal,2.0,2.0,150.0,31,0.0,868.5628089523425,459.95091620024215,854,445,31,31,,,,,,,,,,,,False,No foreground pixels thresholded,0.09990006219595671,"{""background_mean"": 255.0, ""background_std"": 0.0, ""threshold"": 270.0, ""num_fg_pixels"": 0}"
7B_u_500_00013,609387376,7B_bg_uniform_500,7B_uniform,Binary Centroid,15.0,26.660857388726804,500.0,uniform,gaussian,nominal,2.0,2.0,150.0,31,0.0,868.5628089523425,459.95091620024215,854,445,31,31,,,,,,,,,,,,False,No foreground pixels thresholded,0.04830001853406429,"{""background_mean"": 255.0, ""background_std"": 0.0, ""threshold"": 270.0, ""num_fg_pixels"": 0}"
7B_u_500_00013,609387376,7B_bg_uniform_500,7B_uniform,Intensity-Weighted Centroid,15.0,26.660857388726804,500.0,uniform,gaussian,nominal,2.0,2.0,150.0,31,0.0,868.5628089523425,459.95091620024215,854,445,31,31,,,,,,,,,,,,False,Total effective weight is zero or nonfinite,0.1292000524699688,"{""background_mean"": 255.0, ""total_weight"": 0.0, ""max_weight"": 0.0}"
7B_u_500_00014,74070552,7B_bg_uniform_500,7B_uniform,Bounding Box Center,15.0,26.660857388726804,500.0,uniform,gaussian,nominal,2.0,2.0,150.0,31,0.0,249.14375186630252,295.68377654919345,234,281,31,31,,,,,,,,,,,,False,No foreground pixels thresholded,0.103199970908463,"{""background_mean"": 255.0, ""background_std"": 0.0, ""threshold"": 270.0, ""num_fg_pixels"": 0}"
7B_u_500_00014,74070552,7B_bg_uniform_500,7B_uniform,Binary Centroid,15.0,26.660857388726804,500.0,uniform,gaussian,nominal,2.0,2.0,150.0,31,0.0,249.14375186630252,295.68377654919345,234,281,31,31,,,,,,,,,,,,False,No foreground pixels thresholded,0.04900002386420965,"{""background_mean"": 255.0, ""background_std"": 0.0, ""threshold"": 270.0, ""num_fg_pixels"": 0}"
7B_u_500_00014,74070552,7B_bg_uniform_500,7B_uniform,Intensity-Weighted Centroid,15.0,26.660857388726804,500.0,uniform,gaussian,nominal,2.0,2.0,150.0,31,0.0,249.14375186630252,295.68377654919345,234,281,31,31,,,,,,,,,,,,False,Total effective weight is zero or nonfinite,0.12969993986189365,"{""background_mean"": 255.0, ""total_weight"": 0.0, ""max_weight"": 0.0}"
7B_u_500_00015,330657816,7B_bg_uniform_500,7B_uniform,Bounding Box Center,15.0,26.660857388726804,500.0,uniform,gaussian,nominal,2.0,2.0,150.0,31,0.0,1377.7988529559016,308.61462774650363,1363,294,31,31,,,,,,,,,,,,False,No foreground pixels thresholded,0.09820004925131798,"{""background_mean"": 255.0, ""background_std"": 0.0, ""threshold"": 270.0, ""num_fg_pixels"": 0}"
7B_u_500_00015,330657816,7B_bg_uniform_500,7B_uniform,Binary Centroid,15.0,26.660857388726804,500.0,uniform,gaussian,nominal,2.0,2.0,150.0,31,0.0,1377.7988529559016,308.61462774650363,1363,294,31,31,,,,,,,,,,,,False,No foreground pixels thresholded,0.049600028432905674,"{""background_mean"": 255.0, ""background_std"": 0.0, ""threshold"": 270.0, ""num_fg_pixels"": 0}"
7B_u_500_00015,330657816,7B_bg_uniform_500,7B_uniform,Intensity-Weighted Centroid,15.0,26.660857388726804,500.0,uniform,gaussian,nominal,2.0,2.0,150.0,31,0.0,1377.7988529559016,308.61462774650363,1363,294,31,31,,,,,,,,,,,,False,Total effective weight is zero or nonfinite,0.1281000440940261,"{""background_mean"": 255.0, ""total_weight"": 0.0, ""max_weight"": 0.0}"
7B_u_500_00016,440962631,7B_bg_uniform_500,7B_uniform,Bounding Box Center,15.0,26.660857388726804,500.0,uniform,gaussian,nominal,2.0,2.0,150.0,31,0.0,1527.1698454148477,580.3024914507278,1512,565,31,31,,,,,,,,,,,,False,No foreground pixels thresholded,0.10000006295740604,"{""background_mean"": 255.0, ""background_std"": 0.0, ""threshold"": 270.0, ""num_fg_pixels"": 0}"
7B_u_500_00016,440962631,7B_bg_uniform_500,7B_uniform,Binary Centroid,15.0,26.660857388726804,500.0,uniform,gaussian,nominal,2.0,2.0,150.0,31,0.0,1527.1698454148477,580.3024914507278,1512,565,31,31,,,,,,,,,,,,False,No foreground pixels thresholded,0.048200017772614956,"{""background_mean"": 255.0, ""background_std"": 0.0, ""threshold"": 270.0, ""num_fg_pixels"": 0}"
7B_u_500_00016,440962631,7B_bg_uniform_500,7B_uniform,Intensity-Weighted Centroid,15.0,26.660857388726804,500.0,uniform,gaussian,nominal,2.0,2.0,150.0,31,0.0,1527.1698454148477,580.3024914507278,1512,565,31,31,,,,,,,,,,,,False,Total effective weight is zero or nonfinite,0.12640003114938736,"{""background_mean"": 255.0, ""total_weight"": 0.0, ""max_weight"": 0.0}"
7B_u_500_00017,37140020,7B_bg_uniform_500,7B_uniform,Bounding Box Center,15.0,26.660857388726804,500.0,uniform,gaussian,nominal,2.0,2.0,150.0,31,0.0,912.7962913393942,539.2909183715565,898,524,31,31,,,,,,,,,,,,False,No foreground pixels thresholded,0.10429997928440571,"{""background_mean"": 255.0, ""background_std"": 0.0, ""threshold"": 270.0, ""num_fg_pixels"": 0}"
7B_u_500_00017,37140020,7B_bg_uniform_500,7B_uniform,Binary Centroid,15.0,26.660857388726804,500.0,uniform,gaussian,nominal,2.0,2.0,150.0,31,0.0,912.7962913393942,539.2909183715565,898,524,31,31,,,,,,,,,,,,False,No foreground pixels thresholded,0.05019991658627987,"{""background_mean"": 255.0, ""background_std"": 0.0, ""threshold"": 270.0, ""num_fg_pixels"": 0}"
7B_u_500_00017,37140020,7B_bg_uniform_500,7B_uniform,Intensity-Weighted Centroid,15.0,26.660857388726804,500.0,uniform,gaussian,nominal,2.0,2.0,150.0,31,0.0,912.7962913393942,539.2909183715565,898,524,31,31,,,,,,,,,,,,False,Total effective weight is zero or nonfinite,0.13170007150620222,"{""background_mean"": 255.0, ""total_weight"": 0.0, ""max_weight"": 0.0}"
7B_u_500_00018,760421685,7B_bg_uniform_500,7B_uniform,Bounding Box Center,15.0,26.660857388726804,500.0,uniform,gaussian,nominal,2.0,2.0,150.0,31,0.0,1165.9173497329812,916.6141351859253,1151,902,31,31,,,,,,,,,,,,False,No foreground pixels thresholded,0.11279992759227753,"{""background_mean"": 255.0, ""background_std"": 0.0, ""threshold"": 270.0, ""num_fg_pixels"": 0}"
7B_u_500_00018,760421685,7B_bg_uniform_500,7B_uniform,Binary Centroid,15.0,26.660857388726804,500.0,uniform,gaussian,nominal,2.0,2.0,150.0,31,0.0,1165.9173497329812,916.6141351859253,1151,902,31,31,,,,,,,,,,,,False,No foreground pixels thresholded,0.04810001701116562,"{""background_mean"": 255.0, ""background_std"": 0.0, ""threshold"": 270.0, ""num_fg_pixels"": 0}"
7B_u_500_00018,760421685,7B_bg_uniform_500,7B_uniform,Intensity-Weighted Centroid,15.0,26.660857388726804,500.0,uniform,gaussian,nominal,2.0,2.0,150.0,31,0.0,1165.9173497329812,916.6141351859253,1151,902,31,31,,,,,,,,,,,,False,Total effective weight is zero or nonfinite,0.15009997878223658,"{""background_mean"": 255.0, ""total_weight"": 0.0, ""max_weight"": 0.0}"
7B_u_500_00019,929785933,7B_bg_uniform_500,7B_uniform,Bounding Box Center,15.0,26.660857388726804,500.0,uniform,gaussian,nominal,2.0,2.0,150.0,31,0.0,1009.2909655462605,629.757327904226,994,615,31,31,,,,,,,,,,,,False,No foreground pixels thresholded,0.0996999442577362,"{""background_mean"": 255.0, ""background_std"": 0.0, ""threshold"": 270.0, ""num_fg_pixels"": 0}"
7B_u_500_00019,929785933,7B_bg_uniform_500,7B_uniform,Binary Centroid,15.0,26.660857388726804,500.0,uniform,gaussian,nominal,2.0,2.0,150.0,31,0.0,1009.2909655462605,629.757327904226,994,615,31,31,,,,,,,,,,,,False,No foreground pixels thresholded,0.04819990135729313,"{""background_mean"": 255.0, ""background_std"": 0.0, ""threshold"": 270.0, ""num_fg_pixels"": 0}"
7B_u_500_00019,929785933,7B_bg_uniform_500,7B_uniform,Intensity-Weighted Centroid,15.0,26.660857388726804,500.0,uniform,gaussian,nominal,2.0,2.0,150.0,31,0.0,1009.2909655462605,629.757327904226,994,615,31,31,,,,,,,,,,,,False,Total effective weight is zero or nonfinite,0.14279992319643497,"{""background_mean"": 255.0, ""total_weight"": 0.0, ""max_weight"": 0.0}"
7B_u_500_00020,491812581,7B_bg_uniform_500,7B_uniform,Bounding Box Center,15.0,26.660857388726804,500.0,uniform,gaussian,nominal,2.0,2.0,150.0,31,0.0,1368.5260361520884,163.2282952278862,1354,148,31,31,,,,,,,,,,,,False,No foreground pixels thresholded,0.1238000113517046,"{""background_mean"": 255.0, ""background_std"": 0.0, ""threshold"": 270.0, ""num_fg_pixels"": 0}"
7B_u_500_00020,491812581,7B_bg_uniform_500,7B_uniform,Binary Centroid,15.0,26.660857388726804,500.0,uniform,gaussian,nominal,2.0,2.0,150.0,31,0.0,1368.5260361520884,163.2282952278862,1354,148,31,31,,,,,,,,,,,,False,No foreground pixels thresholded,0.0665000407025218,"{""background_mean"": 255.0, ""background_std"": 0.0, ""threshold"": 270.0, ""num_fg_pixels"": 0}"
7B_u_500_00020,491812581,7B_bg_uniform_500,7B_uniform,Intensity-Weighted Centroid,15.0,26.660857388726804,500.0,uniform,gaussian,nominal,2.0,2.0,150.0,31,0.0,1368.5260361520884,163.2282952278862,1354,148,31,31,,,,,,,,,,,,False,Total effective weight is zero or nonfinite,0.15899993013590574,"{""background_mean"": 255.0, ""total_weight"": 0.0, ""max_weight"": 0.0}"
7B_u_500_00021,409880763,7B_bg_uniform_500,7B_uniform,Bounding Box Center,15.0,26.660857388726804,500.0,uniform,gaussian,nominal,2.0,2.0,150.0,31,0.0,928.3375334343948,911.0827861290619,913,896,31,31,,,,,,,,,,,,False,No foreground pixels thresholded,0.16309996135532856,"{""background_mean"": 255.0, ""background_std"": 0.0, ""threshold"": 270.0, ""num_fg_pixels"": 0}"
7B_u_500_00021,409880763,7B_bg_uniform_500,7B_uniform,Binary Centroid,15.0,26.660857388726804,500.0,uniform,gaussian,nominal,2.0,2.0,150.0,31,0.0,928.3375334343948,911.0827861290619,913,896,31,31,,,,,,,,,,,,False,No foreground pixels thresholded,0.08629995863884687,"{""background_mean"": 255.0, ""background_std"": 0.0, ""threshold"": 270.0, ""num_fg_pixels"": 0}"
7B_u_500_00021,409880763,7B_bg_uniform_500,7B_uniform,Intensity-Weighted Centroid,15.0,26.660857388726804,500.0,uniform,gaussian,nominal,2.0,2.0,150.0,31,0.0,928.3375334343948,911.0827861290619,913,896,31,31,,,,,,,,,,,,False,Total effective weight is zero or nonfinite,0.2313000150024891,"{""background_mean"": 255.0, ""total_weight"": 0.0, ""max_weight"": 0.0}"
7B_u_500_00022,515687438,7B_bg_uniform_500,7B_uniform,Bounding Box Center,15.0,26.660857388726804,500.0,uniform,gaussian,nominal,2.0,2.0,150.0,31,0.0,948.8313183505066,512.1220705310113,934,497,31,31,,,,,,,,,,,,False,No foreground pixels thresholded,0.13559998478740454,"{""background_mean"": 255.0, ""background_std"": 0.0, ""threshold"": 270.0, ""num_fg_pixels"": 0}"
7B_u_500_00022,515687438,7B_bg_uniform_500,7B_uniform,Binary Centroid,15.0,26.660857388726804,500.0,uniform,gaussian,nominal,2.0,2.0,150.0,31,0.0,948.8313183505066,512.1220705310113,934,497,31,31,,,,,,,,,,,,False,No foreground pixels thresholded,0.06530003156512976,"{""background_mean"": 255.0, ""background_std"": 0.0, ""threshold"": 270.0, ""num_fg_pixels"": 0}"
7B_u_500_00022,515687438,7B_bg_uniform_500,7B_uniform,Intensity-Weighted Centroid,15.0,26.660857388726804,500.0,uniform,gaussian,nominal,2.0,2.0,150.0,31,0.0,948.8313183505066,512.1220705310113,934,497,31,31,,,,,,,,,,,,False,Total effective weight is zero or nonfinite,0.16850000247359276,"{""background_mean"": 255.0, ""total_weight"": 0.0, ""max_weight"": 0.0}"
7B_u_500_00023,968120248,7B_bg_uniform_500,7B_uniform,Bounding Box Center,15.0,26.660857388726804,500.0,uniform,gaussian,nominal,2.0,2.0,150.0,31,0.0,874.9915173935162,259.1782986834395,860,244,31,31,,,,,,,,,,,,False,No foreground pixels thresholded,0.1362999901175499,"{""background_mean"": 255.0, ""background_std"": 0.0, ""threshold"": 270.0, ""num_fg_pixels"": 0}"
7B_u_500_00023,968120248,7B_bg_uniform_500,7B_uniform,Binary Centroid,15.0,26.660857388726804,500.0,uniform,gaussian,nominal,2.0,2.0,150.0,31,0.0,874.9915173935162,259.1782986834395,860,244,31,31,,,,,,,,,,,,False,No foreground pixels thresholded,0.0513000413775444,"{""background_mean"": 255.0, ""background_std"": 0.0, ""threshold"": 270.0, ""num_fg_pixels"": 0}"
7B_u_500_00023,968120248,7B_bg_uniform_500,7B_uniform,Intensity-Weighted Centroid,15.0,26.660857388726804,500.0,uniform,gaussian,nominal,2.0,2.0,150.0,31,0.0,874.9915173935162,259.1782986834395,860,244,31,31,,,,,,,,,,,,False,Total effective weight is zero or nonfinite,0.1479999627918005,"{""background_mean"": 255.0, ""total_weight"": 0.0, ""max_weight"": 0.0}"
7B_u_500_00024,962199988,7B_bg_uniform_500,7B_uniform,Bounding Box Center,15.0,26.660857388726804,500.0,uniform,gaussian,nominal,2.0,2.0,150.0,31,0.0,473.0957312259559,183.76503373653725,458,169,31,31,,,,,,,,,,,,False,No foreground pixels thresholded,0.10339997243136168,"{""background_mean"": 255.0, ""background_std"": 0.0, ""threshold"": 270.0, ""num_fg_pixels"": 0}"
7B_u_500_00024,962199988,7B_bg_uniform_500,7B_uniform,Binary Centroid,15.0,26.660857388726804,500.0,uniform,gaussian,nominal,2.0,2.0,150.0,31,0.0,473.0957312259559,183.76503373653725,458,169,31,31,,,,,,,,,,,,False,No foreground pixels thresholded,0.05010003224015236,"{""background_mean"": 255.0, ""background_std"": 0.0, ""threshold"": 270.0, ""num_fg_pixels"": 0}"
7B_u_500_00024,962199988,7B_bg_uniform_500,7B_uniform,Intensity-Weighted Centroid,15.0,26.660857388726804,500.0,uniform,gaussian,nominal,2.0,2.0,150.0,31,0.0,473.0957312259559,183.76503373653725,458,169,31,31,,,,,,,,,,,,False,Total effective weight is zero or nonfinite,0.1319000730291009,"{""background_mean"": 255.0, ""total_weight"": 0.0, ""max_weight"": 0.0}"
7B_u_500_00025,587067461,7B_bg_uniform_500,7B_uniform,Bounding Box Center,15.0,26.660857388726804,500.0,uniform,gaussian,nominal,2.0,2.0,150.0,31,0.0,842.9465369208289,776.9334715424349,828,762,31,31,,,,,,,,,,,,False,No foreground pixels thresholded,0.1666999887675047,"{""background_mean"": 255.0, ""background_std"": 0.0, ""threshold"": 270.0, ""num_fg_pixels"": 0}"
7B_u_500_00025,587067461,7B_bg_uniform_500,7B_uniform,Binary Centroid,15.0,26.660857388726804,500.0,uniform,gaussian,nominal,2.0,2.0,150.0,31,0.0,842.9465369208289,776.9334715424349,828,762,31,31,,,,,,,,,,,,False,No foreground pixels thresholded,0.07940002251416445,"{""background_mean"": 255.0, ""background_std"": 0.0, ""threshold"": 270.0, ""num_fg_pixels"": 0}"
7B_u_500_00025,587067461,7B_bg_uniform_500,7B_uniform,Intensity-Weighted Centroid,15.0,26.660857388726804,500.0,uniform,gaussian,nominal,2.0,2.0,150.0,31,0.0,842.9465369208289,776.9334715424349,828,762,31,31,,,,,,,,,,,,False,Total effective weight is zero or nonfinite,0.1916999462991953,"{""background_mean"": 255.0, ""total_weight"": 0.0, ""max_weight"": 0.0}"
7B_u_500_00026,568129,7B_bg_uniform_500,7B_uniform,Bounding Box Center,15.0,26.660857388726804,500.0,uniform,gaussian,nominal,2.0,2.0,150.0,31,0.0,1361.5622816157177,128.29119726650816,1347,113,31,31,,,,,,,,,,,,False,No foreground pixels thresholded,0.13699999544769526,"{""background_mean"": 255.0, ""background_std"": 0.0, ""threshold"": 270.0, ""num_fg_pixels"": 0}"
7B_u_500_00026,568129,7B_bg_uniform_500,7B_uniform,Binary Centroid,15.0,26.660857388726804,500.0,uniform,gaussian,nominal,2.0,2.0,150.0,31,0.0,1361.5622816157177,128.29119726650816,1347,113,31,31,,,,,,,,,,,,False,No foreground pixels thresholded,0.06960006430745125,"{""background_mean"": 255.0, ""background_std"": 0.0, ""threshold"": 270.0, ""num_fg_pixels"": 0}"
7B_u_500_00026,568129,7B_bg_uniform_500,7B_uniform,Intensity-Weighted Centroid,15.0,26.660857388726804,500.0,uniform,gaussian,nominal,2.0,2.0,150.0,31,0.0,1361.5622816157177,128.29119726650816,1347,113,31,31,,,,,,,,,,,,False,Total effective weight is zero or nonfinite,0.16119994688779116,"{""background_mean"": 255.0, ""total_weight"": 0.0, ""max_weight"": 0.0}"
7B_u_500_00027,215492311,7B_bg_uniform_500,7B_uniform,Bounding Box Center,15.0,26.660857388726804,500.0,uniform,gaussian,nominal,2.0,2.0,150.0,31,0.0,365.3669757111787,928.1471305929336,350,913,31,31,,,,,,,,,,,,False,No foreground pixels thresholded,0.10499998461455107,"{""background_mean"": 255.0, ""background_std"": 0.0, ""threshold"": 270.0, ""num_fg_pixels"": 0}"
7B_u_500_00027,215492311,7B_bg_uniform_500,7B_uniform,Binary Centroid,15.0,26.660857388726804,500.0,uniform,gaussian,nominal,2.0,2.0,150.0,31,0.0,365.3669757111787,928.1471305929336,350,913,31,31,,,,,,,,,,,,False,No foreground pixels thresholded,0.047999899834394455,"{""background_mean"": 255.0, ""background_std"": 0.0, ""threshold"": 270.0, ""num_fg_pixels"": 0}"
7B_u_500_00027,215492311,7B_bg_uniform_500,7B_uniform,Intensity-Weighted Centroid,15.0,26.660857388726804,500.0,uniform,gaussian,nominal,2.0,2.0,150.0,31,0.0,365.3669757111787,928.1471305929336,350,913,31,31,,,,,,,,,,,,False,Total effective weight is zero or nonfinite,0.1289999345317483,"{""background_mean"": 255.0, ""total_weight"": 0.0, ""max_weight"": 0.0}"
7B_u_500_00028,569982903,7B_bg_uniform_500,7B_uniform,Bounding Box Center,15.0,26.660857388726804,500.0,uniform,gaussian,nominal,2.0,2.0,150.0,31,0.0,387.8677993879884,651.4425115737838,373,636,31,31,,,,,,,,,,,,False,No foreground pixels thresholded,0.09950005915015936,"{""background_mean"": 255.0, ""background_std"": 0.0, ""threshold"": 270.0, ""num_fg_pixels"": 0}"
7B_u_500_00028,569982903,7B_bg_uniform_500,7B_uniform,Binary Centroid,15.0,26.660857388726804,500.0,uniform,gaussian,nominal,2.0,2.0,150.0,31,0.0,387.8677993879884,651.4425115737838,373,636,31,31,,,,,,,,,,,,False,No foreground pixels thresholded,0.048200017772614956,"{""background_mean"": 255.0, ""background_std"": 0.0, ""threshold"": 270.0, ""num_fg_pixels"": 0}"
7B_u_500_00028,569982903,7B_bg_uniform_500,7B_uniform,Intensity-Weighted Centroid,15.0,26.660857388726804,500.0,uniform,gaussian,nominal,2.0,2.0,150.0,31,0.0,387.8677993879884,651.4425115737838,373,636,31,31,,,,,,,,,,,,False,Total effective weight is zero or nonfinite,0.12560002505779266,"{""background_mean"": 255.0, ""total_weight"": 0.0, ""max_weight"": 0.0}"
7B_u_500_00029,195227866,7B_bg_uniform_500,7B_uniform,Bounding Box Center,15.0,26.660857388726804,500.0,uniform,gaussian,nominal,2.0,2.0,150.0,31,0.0,1203.485480658686,462.7875648883861,1188,448,31,31,,,,,,,,,,,,False,No foreground pixels thresholded,0.11719996109604836,"{""background_mean"": 255.0, ""background_std"": 0.0, ""threshold"": 270.0, ""num_fg_pixels"": 0}"
7B_u_500_00029,195227866,7B_bg_uniform_500,7B_uniform,Binary Centroid,15.0,26.660857388726804,500.0,uniform,gaussian,nominal,2.0,2.0,150.0,31,0.0,1203.485480658686,462.7875648883861,1188,448,31,31,,,,,,,,,,,,False,No foreground pixels thresholded,0.05059991963207722,"{""background_mean"": 255.0, ""background_std"": 0.0, ""threshold"": 270.0, ""num_fg_pixels"": 0}"
7B_u_500_00029,195227866,7B_bg_uniform_500,7B_uniform,Intensity-Weighted Centroid,15.0,26.660857388726804,500.0,uniform,gaussian,nominal,2.0,2.0,150.0,31,0.0,1203.485480658686,462.7875648883861,1188,448,31,31,,,,,,,,,,,,False,Total effective weight is zero or nonfinite,0.13950001448392868,"{""background_mean"": 255.0, ""total_weight"": 0.0, ""max_weight"": 0.0}"
7B_u_500_00030,326238362,7B_bg_uniform_500,7B_uniform,Bounding Box Center,15.0,26.660857388726804,500.0,uniform,gaussian,nominal,2.0,2.0,150.0,31,0.0,1406.5860499669989,302.99763028851487,1392,288,31,31,,,,,,,,,,,,False,No foreground pixels thresholded,0.10229996405541897,"{""background_mean"": 255.0, ""background_std"": 0.0, ""threshold"": 270.0, ""num_fg_pixels"": 0}"
7B_u_500_00030,326238362,7B_bg_uniform_500,7B_uniform,Binary Centroid,15.0,26.660857388726804,500.0,uniform,gaussian,nominal,2.0,2.0,150.0,31,0.0,1406.5860499669989,302.99763028851487,1392,288,31,31,,,,,,,,,,,,False,No foreground pixels thresholded,0.04970002919435501,"{""background_mean"": 255.0, ""background_std"": 0.0, ""threshold"": 270.0, ""num_fg_pixels"": 0}"
7B_u_500_00030,326238362,7B_bg_uniform_500,7B_uniform,Intensity-Weighted Centroid,15.0,26.660857388726804,500.0,uniform,gaussian,nominal,2.0,2.0,150.0,31,0.0,1406.5860499669989,302.99763028851487,1392,288,31,31,,,,,,,,,,,,False,Total effective weight is zero or nonfinite,0.1284000463783741,"{""background_mean"": 255.0, ""total_weight"": 0.0, ""max_weight"": 0.0}"
7B_u_500_00031,249989551,7B_bg_uniform_500,7B_uniform,Bounding Box Center,15.0,26.660857388726804,500.0,uniform,gaussian,nominal,2.0,2.0,150.0,31,0.0,960.3605968189656,765.3619699873105,945,750,31,31,,,,,,,,,,,,False,No foreground pixels thresholded,0.10029994882643223,"{""background_mean"": 255.0, ""background_std"": 0.0, ""threshold"": 270.0, ""num_fg_pixels"": 0}"
7B_u_500_00031,249989551,7B_bg_uniform_500,7B_uniform,Binary Centroid,15.0,26.660857388726804,500.0,uniform,gaussian,nominal,2.0,2.0,150.0,31,0.0,960.3605968189656,765.3619699873105,945,750,31,31,,,,,,,,,,,,False,No foreground pixels thresholded,0.04830001853406429,"{""background_mean"": 255.0, ""background_std"": 0.0, ""threshold"": 270.0, ""num_fg_pixels"": 0}"
7B_u_500_00031,249989551,7B_bg_uniform_500,7B_uniform,Intensity-Weighted Centroid,15.0,26.660857388726804,500.0,uniform,gaussian,nominal,2.0,2.0,150.0,31,0.0,960.3605968189656,765.3619699873105,945,750,31,31,,,,,,,,,,,,False,Total effective weight is zero or nonfinite,0.1346999779343605,"{""background_mean"": 255.0, ""total_weight"": 0.0, ""max_weight"": 0.0}"
7B_u_500_00032,905791852,7B_bg_uniform_500,7B_uniform,Bounding Box Center,15.0,26.660857388726804,500.0,uniform,gaussian,nominal,2.0,2.0,150.0,31,0.0,1561.5359292101107,978.9691776402283,1547,964,31,31,,,,,,,,,,,,False,No foreground pixels thresholded,0.14819996431469917,"{""background_mean"": 255.0, ""background_std"": 0.0, ""threshold"": 270.0, ""num_fg_pixels"": 0}"
7B_u_500_00032,905791852,7B_bg_uniform_500,7B_uniform,Binary Centroid,15.0,26.660857388726804,500.0,uniform,gaussian,nominal,2.0,2.0,150.0,31,0.0,1561.5359292101107,978.9691776402283,1547,964,31,31,,,,,,,,,,,,False,No foreground pixels thresholded,0.05149992648512125,"{""background_mean"": 255.0, ""background_std"": 0.0, ""threshold"": 270.0, ""num_fg_pixels"": 0}"
7B_u_500_00032,905791852,7B_bg_uniform_500,7B_uniform,Intensity-Weighted Centroid,15.0,26.660857388726804,500.0,uniform,gaussian,nominal,2.0,2.0,150.0,31,0.0,1561.5359292101107,978.9691776402283,1547,964,31,31,,,,,,,,,,,,False,Total effective weight is zero or nonfinite,0.16830000095069408,"{""background_mean"": 255.0, ""total_weight"": 0.0, ""max_weight"": 0.0}"
7B_u_500_00033,807003372,7B_bg_uniform_500,7B_uniform,Bounding Box Center,15.0,26.660857388726804,500.0,uniform,gaussian,nominal,2.0,2.0,150.0,31,0.0,593.4549513291423,320.3811163240616,578,305,31,31,,,,,,,,,,,,False,No foreground pixels thresholded,0.10629999451339245,"{""background_mean"": 255.0, ""background_std"": 0.0, ""threshold"": 270.0, ""num_fg_pixels"": 0}"
7B_u_500_00033,807003372,7B_bg_uniform_500,7B_uniform,Binary Centroid,15.0,26.660857388726804,500.0,uniform,gaussian,nominal,2.0,2.0,150.0,31,0.0,593.4549513291423,320.3811163240616,578,305,31,31,,,,,,,,,,,,False,No foreground pixels thresholded,0.04850002005696297,"{""background_mean"": 255.0, ""background_std"": 0.0, ""threshold"": 270.0, ""num_fg_pixels"": 0}"
7B_u_500_00033,807003372,7B_bg_uniform_500,7B_uniform,Intensity-Weighted Centroid,15.0,26.660857388726804,500.0,uniform,gaussian,nominal,2.0,2.0,150.0,31,0.0,593.4549513291423,320.3811163240616,578,305,31,31,,,,,,,,,,,,False,Total effective weight is zero or nonfinite,0.13090006541460752,"{""background_mean"": 255.0, ""total_weight"": 0.0, ""max_weight"": 0.0}"
7B_u_500_00034,223945665,7B_bg_uniform_500,7B_uniform,Bounding Box Center,15.0,26.660857388726804,500.0,uniform,gaussian,nominal,2.0,2.0,150.0,31,0.0,552.1386913148261,612.5513725546522,537,598,31,31,,,,,,,,,,,,False,No foreground pixels thresholded,0.09909993968904018,"{""background_mean"": 255.0, ""background_std"": 0.0, ""threshold"": 270.0, ""num_fg_pixels"": 0}"
7B_u_500_00034,223945665,7B_bg_uniform_500,7B_uniform,Binary Centroid,15.0,26.660857388726804,500.0,uniform,gaussian,nominal,2.0,2.0,150.0,31,0.0,552.1386913148261,612.5513725546522,537,598,31,31,,,,,,,,,,,,False,No foreground pixels thresholded,0.051200040616095066,"{""background_mean"": 255.0, ""background_std"": 0.0, ""threshold"": 270.0, ""num_fg_pixels"": 0}"
7B_u_500_00034,223945665,7B_bg_uniform_500,7B_uniform,Intensity-Weighted Centroid,15.0,26.660857388726804,500.0,uniform,gaussian,nominal,2.0,2.0,150.0,31,0.0,552.1386913148261,612.5513725546522,537,598,31,31,,,,,,,,,,,,False,Total effective weight is zero or nonfinite,0.12620002962648869,"{""background_mean"": 255.0, ""total_weight"": 0.0, ""max_weight"": 0.0}"
7B_u_500_00035,750798945,7B_bg_uniform_500,7B_uniform,Bounding Box Center,15.0,26.660857388726804,500.0,uniform,gaussian,nominal,2.0,2.0,150.0,31,0.0,1803.2783097995377,563.5604435988307,1788,549,31,31,,,,,,,,,,,,False,No foreground pixels thresholded,0.10040006600320339,"{""background_mean"": 255.0, ""background_std"": 0.0, ""threshold"": 270.0, ""num_fg_pixels"": 0}"
7B_u_500_00035,750798945,7B_bg_uniform_500,7B_uniform,Binary Centroid,15.0,26.660857388726804,500.0,uniform,gaussian,nominal,2.0,2.0,150.0,31,0.0,1803.2783097995377,563.5604435988307,1788,549,31,31,,,,,,,,,,,,False,No foreground pixels thresholded,0.049200025387108326,"{""background_mean"": 255.0, ""background_std"": 0.0, ""threshold"": 270.0, ""num_fg_pixels"": 0}"
7B_u_500_00035,750798945,7B_bg_uniform_500,7B_uniform,Intensity-Weighted Centroid,15.0,26.660857388726804,500.0,uniform,gaussian,nominal,2.0,2.0,150.0,31,0.0,1803.2783097995377,563.5604435988307,1788,549,31,31,,,,,,,,,,,,False,Total effective weight is zero or nonfinite,0.1338000874966383,"{""background_mean"": 255.0, ""total_weight"": 0.0, ""max_weight"": 0.0}"
7B_u_500_00036,993522522,7B_bg_uniform_500,7B_uniform,Bounding Box Center,15.0,26.660857388726804,500.0,uniform,gaussian,nominal,2.0,2.0,150.0,31,0.0,1199.126801655239,856.7740784574132,1184,842,31,31,,,,,,,,,,,,False,No foreground pixels thresholded,0.11420005466789007,"{""background_mean"": 255.0, ""background_std"": 0.0, ""threshold"": 270.0, ""num_fg_pixels"": 0}"
7B_u_500_00036,993522522,7B_bg_uniform_500,7B_uniform,Binary Centroid,15.0,26.660857388726804,500.0,uniform,gaussian,nominal,2.0,2.0,150.0,31,0.0,1199.126801655239,856.7740784574132,1184,842,31,31,,,,,,,,,,,,False,No foreground pixels thresholded,0.052299932576715946,"{""background_mean"": 255.0, ""background_std"": 0.0, ""threshold"": 270.0, ""num_fg_pixels"": 0}"
7B_u_500_00036,993522522,7B_bg_uniform_500,7B_uniform,Intensity-Weighted Centroid,15.0,26.660857388726804,500.0,uniform,gaussian,nominal,2.0,2.0,150.0,31,0.0,1199.126801655239,856.7740784574132,1184,842,31,31,,,,,,,,,,,,False,Total effective weight is zero or nonfinite,0.13170007150620222,"{""background_mean"": 255.0, ""total_weight"": 0.0, ""max_weight"": 0.0}"
7B_u_500_00037,401979599,7B_bg_uniform_500,7B_uniform,Bounding Box Center,15.0,26.660857388726804,500.0,uniform,gaussian,nominal,2.0,2.0,150.0,31,0.0,450.64027900681555,565.1167214693585,436,550,31,31,,,,,,,,,,,,False,No foreground pixels thresholded,0.12969993986189365,"{""background_mean"": 255.0, ""background_std"": 0.0, ""threshold"": 270.0, ""num_fg_pixels"": 0}"
7B_u_500_00037,401979599,7B_bg_uniform_500,7B_uniform,Binary Centroid,15.0,26.660857388726804,500.0,uniform,gaussian,nominal,2.0,2.0,150.0,31,0.0,450.64027900681555,565.1167214693585,436,550,31,31,,,,,,,,,,,,False,No foreground pixels thresholded,0.07259997073560953,"{""background_mean"": 255.0, ""background_std"": 0.0, ""threshold"": 270.0, ""num_fg_pixels"": 0}"
7B_u_500_00037,401979599,7B_bg_uniform_500,7B_uniform,Intensity-Weighted Centroid,15.0,26.660857388726804,500.0,uniform,gaussian,nominal,2.0,2.0,150.0,31,0.0,450.64027900681555,565.1167214693585,436,550,31,31,,,,,,,,,,,,False,Total effective weight is zero or nonfinite,0.18339999951422215,"{""background_mean"": 255.0, ""total_weight"": 0.0, ""max_weight"": 0.0}"
7B_u_500_00038,932933458,7B_bg_uniform_500,7B_uniform,Bounding Box Center,15.0,26.660857388726804,500.0,uniform,gaussian,nominal,2.0,2.0,150.0,31,0.0,1532.479734017801,366.81782743844064,1517,352,31,31,,,,,,,,,,,,False,No foreground pixels thresholded,0.10539998766034842,"{""background_mean"": 255.0, ""background_std"": 0.0, ""threshold"": 270.0, ""num_fg_pixels"": 0}"
7B_u_500_00038,932933458,7B_bg_uniform_500,7B_uniform,Binary Centroid,15.0,26.660857388726804,500.0,uniform,gaussian,nominal,2.0,2.0,150.0,31,0.0,1532.479734017801,366.81782743844064,1517,352,31,31,,,,,,,,,,,,False,No foreground pixels thresholded,0.05389994475990534,"{""background_mean"": 255.0, ""background_std"": 0.0, ""threshold"": 270.0, ""num_fg_pixels"": 0}"
7B_u_500_00038,932933458,7B_bg_uniform_500,7B_uniform,Intensity-Weighted Centroid,15.0,26.660857388726804,500.0,uniform,gaussian,nominal,2.0,2.0,150.0,31,0.0,1532.479734017801,366.81782743844064,1517,352,31,31,,,,,,,,,,,,False,Total effective weight is zero or nonfinite,0.1354000996798277,"{""background_mean"": 255.0, ""total_weight"": 0.0, ""max_weight"": 0.0}"
7B_u_500_00039,938679252,7B_bg_uniform_500,7B_uniform,Bounding Box Center,15.0,26.660857388726804,500.0,uniform,gaussian,nominal,2.0,2.0,150.0,31,0.0,1795.2682946006537,966.8410931143665,1780,952,31,31,,,,,,,,,,,,False,No foreground pixels thresholded,0.15460001304745674,"{""background_mean"": 255.0, ""background_std"": 0.0, ""threshold"": 270.0, ""num_fg_pixels"": 0}"
7B_u_500_00039,938679252,7B_bg_uniform_500,7B_uniform,Binary Centroid,15.0,26.660857388726804,500.0,uniform,gaussian,nominal,2.0,2.0,150.0,31,0.0,1795.2682946006537,966.8410931143665,1780,952,31,31,,,,,,,,,,,,False,No foreground pixels thresholded,0.07810001261532307,"{""background_mean"": 255.0, ""background_std"": 0.0, ""threshold"": 270.0, ""num_fg_pixels"": 0}"
7B_u_500_00039,938679252,7B_bg_uniform_500,7B_uniform,Intensity-Weighted Centroid,15.0,26.660857388726804,500.0,uniform,gaussian,nominal,2.0,2.0,150.0,31,0.0,1795.2682946006537,966.8410931143665,1780,952,31,31,,,,,,,,,,,,False,Total effective weight is zero or nonfinite,0.18339999951422215,"{""background_mean"": 255.0, ""total_weight"": 0.0, ""max_weight"": 0.0}"
7B_u_500_00040,439809042,7B_bg_uniform_500,7B_uniform,Bounding Box Center,15.0,26.660857388726804,500.0,uniform,gaussian,nominal,2.0,2.0,150.0,31,0.0,1658.5037145161125,802.6345434486907,1644,788,31,31,,,,,,,,,,,,False,No foreground pixels thresholded,0.09790004696696997,"{""background_mean"": 255.0, ""background_std"": 0.0, ""threshold"": 270.0, ""num_fg_pixels"": 0}"
7B_u_500_00040,439809042,7B_bg_uniform_500,7B_uniform,Binary Centroid,15.0,26.660857388726804,500.0,uniform,gaussian,nominal,2.0,2.0,150.0,31,0.0,1658.5037145161125,802.6345434486907,1644,788,31,31,,,,,,,,,,,,False,No foreground pixels thresholded,0.053999945521354675,"{""background_mean"": 255.0, ""background_std"": 0.0, ""threshold"": 270.0, ""num_fg_pixels"": 0}"
7B_u_500_00040,439809042,7B_bg_uniform_500,7B_uniform,Intensity-Weighted Centroid,15.0,26.660857388726804,500.0,uniform,gaussian,nominal,2.0,2.0,150.0,31,0.0,1658.5037145161125,802.6345434486907,1644,788,31,31,,,,,,,,,,,,False,Total effective weight is zero or nonfinite,0.12710003647953272,"{""background_mean"": 255.0, ""total_weight"": 0.0, ""max_weight"": 0.0}"
7B_u_500_00041,960555315,7B_bg_uniform_500,7B_uniform,Bounding Box Center,15.0,26.660857388726804,500.0,uniform,gaussian,nominal,2.0,2.0,150.0,31,0.0,651.8621273955624,581.6089002602897,637,567,31,31,,,,,,,,,,,,False,No foreground pixels thresholded,0.10870001278817654,"{""background_mean"": 255.0, ""background_std"": 0.0, ""threshold"": 270.0, ""num_fg_pixels"": 0}"
7B_u_500_00041,960555315,7B_bg_uniform_500,7B_uniform,Binary Centroid,15.0,26.660857388726804,500.0,uniform,gaussian,nominal,2.0,2.0,150.0,31,0.0,651.8621273955624,581.6089002602897,637,567,31,31,,,,,,,,,,,,False,No foreground pixels thresholded,0.0491999089717865,"{""background_mean"": 255.0, ""background_std"": 0.0, ""threshold"": 270.0, ""num_fg_pixels"": 0}"
7B_u_500_00041,960555315,7B_bg_uniform_500,7B_uniform,Intensity-Weighted Centroid,15.0,26.660857388726804,500.0,uniform,gaussian,nominal,2.0,2.0,150.0,31,0.0,651.8621273955624,581.6089002602897,637,567,31,31,,,,,,,,,,,,False,Total effective weight is zero or nonfinite,0.13810000382363796,"{""background_mean"": 255.0, ""total_weight"": 0.0, ""max_weight"": 0.0}"
7B_u_500_00042,269130500,7B_bg_uniform_500,7B_uniform,Bounding Box Center,15.0,26.660857388726804,500.0,uniform,gaussian,nominal,2.0,2.0,150.0,31,0.0,1064.537084246661,544.842481034219,1050,530,31,31,,,,,,,,,,,,False,No foreground pixels thresholded,0.098800053820014,"{""background_mean"": 255.0, ""background_std"": 0.0, ""threshold"": 270.0, ""num_fg_pixels"": 0}"
7B_u_500_00042,269130500,7B_bg_uniform_500,7B_uniform,Binary Centroid,15.0,26.660857388726804,500.0,uniform,gaussian,nominal,2.0,2.0,150.0,31,0.0,1064.537084246661,544.842481034219,1050,530,31,31,,,,,,,,,,,,False,No foreground pixels thresholded,0.047900015488266945,"{""background_mean"": 255.0, ""background_std"": 0.0, ""threshold"": 270.0, ""num_fg_pixels"": 0}"
7B_u_500_00042,269130500,7B_bg_uniform_500,7B_uniform,Intensity-Weighted Centroid,15.0,26.660857388726804,500.0,uniform,gaussian,nominal,2.0,2.0,150.0,31,0.0,1064.537084246661,544.842481034219,1050,530,31,31,,,,,,,,,,,,False,Total effective weight is zero or nonfinite,0.1281000440940261,"{""background_mean"": 255.0, ""total_weight"": 0.0, ""max_weight"": 0.0}"
7B_u_500_00043,575700453,7B_bg_uniform_500,7B_uniform,Bounding Box Center,15.0,26.660857388726804,500.0,uniform,gaussian,nominal,2.0,2.0,150.0,31,0.0,802.3155989287408,759.273258437669,787,744,31,31,,,,,,,,,,,,False,No foreground pixels thresholded,0.10179996024817228,"{""background_mean"": 255.0, ""background_std"": 0.0, ""threshold"": 270.0, ""num_fg_pixels"": 0}"
7B_u_500_00043,575700453,7B_bg_uniform_500,7B_uniform,Binary Centroid,15.0,26.660857388726804,500.0,uniform,gaussian,nominal,2.0,2.0,150.0,31,0.0,802.3155989287408,759.273258437669,787,744,31,31,,,,,,,,,,,,False,No foreground pixels thresholded,0.048999907448887825,"{""background_mean"": 255.0, ""background_std"": 0.0, ""threshold"": 270.0, ""num_fg_pixels"": 0}"
7B_u_500_00043,575700453,7B_bg_uniform_500,7B_uniform,Intensity-Weighted Centroid,15.0,26.660857388726804,500.0,uniform,gaussian,nominal,2.0,2.0,150.0,31,0.0,802.3155989287408,759.273258437669,787,744,31,31,,,,,,,,,,,,False,Total effective weight is zero or nonfinite,0.1305999467149377,"{""background_mean"": 255.0, ""total_weight"": 0.0, ""max_weight"": 0.0}"
7B_u_500_00044,636670279,7B_bg_uniform_500,7B_uniform,Bounding Box Center,15.0,26.660857388726804,500.0,uniform,gaussian,nominal,2.0,2.0,150.0,31,0.0,673.7058735427712,390.99575731279026,659,376,31,31,,,,,,,,,,,,False,No foreground pixels thresholded,0.12530002277344465,"{""background_mean"": 255.0, ""background_std"": 0.0, ""threshold"": 270.0, ""num_fg_pixels"": 0}"
7B_u_500_00044,636670279,7B_bg_uniform_500,7B_uniform,Binary Centroid,15.0,26.660857388726804,500.0,uniform,gaussian,nominal,2.0,2.0,150.0,31,0.0,673.7058735427712,390.99575731279026,659,376,31,31,,,,,,,,,,,,False,No foreground pixels thresholded,0.06440002471208572,"{""background_mean"": 255.0, ""background_std"": 0.0, ""threshold"": 270.0, ""num_fg_pixels"": 0}"
7B_u_500_00044,636670279,7B_bg_uniform_500,7B_uniform,Intensity-Weighted Centroid,15.0,26.660857388726804,500.0,uniform,gaussian,nominal,2.0,2.0,150.0,31,0.0,673.7058735427712,390.99575731279026,659,376,31,31,,,,,,,,,,,,False,Total effective weight is zero or nonfinite,0.157299917191267,"{""background_mean"": 255.0, ""total_weight"": 0.0, ""max_weight"": 0.0}"
7B_u_500_00045,527543905,7B_bg_uniform_500,7B_uniform,Bounding Box Center,15.0,26.660857388726804,500.0,uniform,gaussian,nominal,2.0,2.0,150.0,31,0.0,424.5850012497411,848.4583734507947,410,833,31,31,,,,,,,,,,,,False,No foreground pixels thresholded,0.13400008901953697,"{""background_mean"": 255.0, ""background_std"": 0.0, ""threshold"": 270.0, ""num_fg_pixels"": 0}"
7B_u_500_00045,527543905,7B_bg_uniform_500,7B_uniform,Binary Centroid,15.0,26.660857388726804,500.0,uniform,gaussian,nominal,2.0,2.0,150.0,31,0.0,424.5850012497411,848.4583734507947,410,833,31,31,,,,,,,,,,,,False,No foreground pixels thresholded,0.06800005212426186,"{""background_mean"": 255.0, ""background_std"": 0.0, ""threshold"": 270.0, ""num_fg_pixels"": 0}"
7B_u_500_00045,527543905,7B_bg_uniform_500,7B_uniform,Intensity-Weighted Centroid,15.0,26.660857388726804,500.0,uniform,gaussian,nominal,2.0,2.0,150.0,31,0.0,424.5850012497411,848.4583734507947,410,833,31,31,,,,,,,,,,,,False,Total effective weight is zero or nonfinite,0.19059993792325258,"{""background_mean"": 255.0, ""total_weight"": 0.0, ""max_weight"": 0.0}"
7B_u_500_00046,127225961,7B_bg_uniform_500,7B_uniform,Bounding Box Center,15.0,26.660857388726804,500.0,uniform,gaussian,nominal,2.0,2.0,150.0,31,0.0,867.6056223583595,300.5236521664938,853,286,31,31,,,,,,,,,,,,False,No foreground pixels thresholded,0.12360000982880592,"{""background_mean"": 255.0, ""background_std"": 0.0, ""threshold"": 270.0, ""num_fg_pixels"": 0}"
7B_u_500_00046,127225961,7B_bg_uniform_500,7B_uniform,Binary Centroid,15.0,26.660857388726804,500.0,uniform,gaussian,nominal,2.0,2.0,150.0,31,0.0,867.6056223583595,300.5236521664938,853,286,31,31,,,,,,,,,,,,False,No foreground pixels thresholded,0.06679992657154799,"{""background_mean"": 255.0, ""background_std"": 0.0, ""threshold"": 270.0, ""num_fg_pixels"": 0}"
7B_u_500_00046,127225961,7B_bg_uniform_500,7B_uniform,Intensity-Weighted Centroid,15.0,26.660857388726804,500.0,uniform,gaussian,nominal,2.0,2.0,150.0,31,0.0,867.6056223583595,300.5236521664938,853,286,31,31,,,,,,,,,,,,False,Total effective weight is zero or nonfinite,0.13800000306218863,"{""background_mean"": 255.0, ""total_weight"": 0.0, ""max_weight"": 0.0}"
7B_u_500_00047,104818822,7B_bg_uniform_500,7B_uniform,Bounding Box Center,15.0,26.660857388726804,500.0,uniform,gaussian,nominal,2.0,2.0,150.0,31,0.0,1052.8475364049982,118.61729005249828,1038,104,31,31,,,,,,,,,,,,False,No foreground pixels thresholded,0.12839992996305227,"{""background_mean"": 255.0, ""background_std"": 0.0, ""threshold"": 270.0, ""num_fg_pixels"": 0}"
7B_u_500_00047,104818822,7B_bg_uniform_500,7B_uniform,Binary Centroid,15.0,26.660857388726804,500.0,uniform,gaussian,nominal,2.0,2.0,150.0,31,0.0,1052.8475364049982,118.61729005249828,1038,104,31,31,,,,,,,,,,,,False,No foreground pixels thresholded,0.06260001100599766,"{""background_mean"": 255.0, ""background_std"": 0.0, ""threshold"": 270.0, ""num_fg_pixels"": 0}"
7B_u_500_00047,104818822,7B_bg_uniform_500,7B_uniform,Intensity-Weighted Centroid,15.0,26.660857388726804,500.0,uniform,gaussian,nominal,2.0,2.0,150.0,31,0.0,1052.8475364049982,118.61729005249828,1038,104,31,31,,,,,,,,,,,,False,Total effective weight is zero or nonfinite,0.15899993013590574,"{""background_mean"": 255.0, ""total_weight"": 0.0, ""max_weight"": 0.0}"
7B_u_500_00048,759341099,7B_bg_uniform_500,7B_uniform,Bounding Box Center,15.0,26.660857388726804,500.0,uniform,gaussian,nominal,2.0,2.0,150.0,31,0.0,644.1417066191501,255.76124178678012,629,241,31,31,,,,,,,,,,,,False,No foreground pixels thresholded,0.1387998927384615,"{""background_mean"": 255.0, ""background_std"": 0.0, ""threshold"": 270.0, ""num_fg_pixels"": 0}"
7B_u_500_00048,759341099,7B_bg_uniform_500,7B_uniform,Binary Centroid,15.0,26.660857388726804,500.0,uniform,gaussian,nominal,2.0,2.0,150.0,31,0.0,644.1417066191501,255.76124178678012,629,241,31,31,,,,,,,,,,,,False,No foreground pixels thresholded,0.051299924962222576,"{""background_mean"": 255.0, ""background_std"": 0.0, ""threshold"": 270.0, ""num_fg_pixels"": 0}"
7B_u_500_00048,759341099,7B_bg_uniform_500,7B_uniform,Intensity-Weighted Centroid,15.0,26.660857388726804,500.0,uniform,gaussian,nominal,2.0,2.0,150.0,31,0.0,644.1417066191501,255.76124178678012,629,241,31,31,,,,,,,,,,,,False,Total effective weight is zero or nonfinite,0.16110006254166365,"{""background_mean"": 255.0, ""total_weight"": 0.0, ""max_weight"": 0.0}"
7B_u_500_00049,255254874,7B_bg_uniform_500,7B_uniform,Bounding Box Center,15.0,26.660857388726804,500.0,uniform,gaussian,nominal,2.0,2.0,150.0,31,0.0,573.0533898840349,157.1531657047504,558,142,31,31,,,,,,,,,,,,False,No foreground pixels thresholded,0.1577000366523862,"{""background_mean"": 255.0, ""background_std"": 0.0, ""threshold"": 270.0, ""num_fg_pixels"": 0}"
7B_u_500_00049,255254874,7B_bg_uniform_500,7B_uniform,Binary Centroid,15.0,26.660857388726804,500.0,uniform,gaussian,nominal,2.0,2.0,150.0,31,0.0,573.0533898840349,157.1531657047504,558,142,31,31,,,,,,,,,,,,False,No foreground pixels thresholded,0.08300004992634058,"{""background_mean"": 255.0, ""background_std"": 0.0, ""threshold"": 270.0, ""num_fg_pixels"": 0}"
7B_u_500_00049,255254874,7B_bg_uniform_500,7B_uniform,Intensity-Weighted Centroid,15.0,26.660857388726804,500.0,uniform,gaussian,nominal,2.0,2.0,150.0,31,0.0,573.0533898840349,157.1531657047504,558,142,31,31,,,,,,,,,,,,False,Total effective weight is zero or nonfinite,0.1818999880924821,"{""background_mean"": 255.0, ""total_weight"": 0.0, ""max_weight"": 0.0}"
