scenario_id,experiment_sub_id,focal_length_px,fov_x_deg,scale_center_urad_per_px,snr_db,radial_offset_px,method_name,total_trials,success_count,success_rate,mean_radial_error,median_radial_error,std_radial_error,rmse_x,rmse_y,radial_rmse,p95_radial_error,max_radial_error,bias_x,bias_y,bias_magnitude,angular_rmse_urad,mean_latency_ms,median_latency_ms,p95_latency_ms,rmse_ci_lower,rmse_ci_upper,bias_2d
14A_flen_1000_snr_10,14A_focal_snr,1000.0,87.66172134418517,1000.0,10.0,0.0,Gaussian Fitting,50,50,1.0,0.33092053961900963,0.3197726515921221,0.19112123033199319,0.27546739582277957,0.26486495061439796,0.3821462131506099,0.6817514608774153,0.9020414804535946,0.005694573996770487,-0.008064929287753557,0.009872753284730643,381.8372079099351,8.189585991203785,7.681849994696677,11.790604889392853,0.3224520014991836,0.4392170258843687,0.009872753284730643
14A_flen_1000_snr_10,14A_focal_snr,1000.0,87.66172134418517,1000.0,10.0,0.0,Intensity-Weighted Centroid,50,50,1.0,0.7341081950371323,0.7509983186629358,0.34390785311309785,0.6337219730550585,0.5055530776493603,0.8106709896459454,1.1869905180449059,1.592464907709946,-0.03786704018607679,0.02336572663903098,0.044495729163863317,809.9341245310899,0.2663900051265955,0.24670001585036516,0.36749492865055794,0.7175553745442074,0.8999396498147557,0.044495729163863317
14A_flen_1000_snr_10,14A_focal_snr,1000.0,87.66172134418517,1000.0,10.0,0.0,PSF Fitting,50,50,1.0,0.3174732863039659,0.25673056375113223,0.1846152284826995,0.2598687637837681,0.2595000880806312,0.36724932961730405,0.6678820037909815,0.8060804169477938,0.005252592849751636,-0.007399075081618776,0.009073921076838498,366.94083810691916,5.322864018380642,4.93035011459142,7.285779935773461,0.30901295988504374,0.42362745133274593,0.009073921076838498
14A_flen_1000_snr_15,14A_focal_snr,1000.0,87.66172134418517,1000.0,15.0,0.0,Gaussian Fitting,50,50,1.0,0.16018263101397767,0.1272981612882788,0.0950043998412083,0.12891532309702455,0.13440666180862496,0.18623724457730872,0.3198512780309499,0.40410192216800406,0.00830226906884036,0.008404400577727528,0.011813620137888732,186.06898273307084,6.280227988027036,6.123650004155934,7.853564980905502,0.15760761503494933,0.21303744211237702,0.011813620137888732
14A_flen_1000_snr_15,14A_focal_snr,1000.0,87.66172134418517,1000.0,15.0,0.0,Intensity-Weighted Centroid,50,50,1.0,0.5253050740906334,0.4766419396023332,0.25353821018165756,0.45331164230472687,0.3670634820279397,0.58328984637784,0.9930186702310903,1.2668442106877058,0.05199262798183099,0.05922261063720839,0.07880704901938318,582.6613707038174,0.25659198872745037,0.24844997096806765,0.314879952929914,0.5061922456916481,0.6623993766708689,0.07880704901938318
14A_flen_1000_snr_15,14A_focal_snr,1000.0,87.66172134418517,1000.0,15.0,0.0,PSF Fitting,50,50,1.0,0.15946118284343064,0.13208734681259116,0.09404262630220618,0.12629960451722644,0.1353524816707644,0.18512667121633883,0.3302231173031778,0.3782747801974778,0.007705078399173999,0.008893551183681438,0.011767050853726233,184.95551117687828,4.635872016660869,4.390449961647391,6.150570034515112,0.15768113300565284,0.21092386760638795,0.011767050853726233
14A_flen_1000_snr_20,14A_focal_snr,1000.0,87.66172134418517,1000.0,20.0,0.0,Gaussian Fitting,50,50,1.0,0.09999385157279207,0.09178857897844768,0.04466855065186185,0.07463342874037014,0.0801492425675727,0.10951734917217235,0.17924985744931946,0.2240606690072072,-0.013672628642514156,-0.00035641473988789584,0.013677273319741324,109.43672981724629,5.5407819943502545,5.5154000874608755,6.386425136588514,0.09589220689988244,0.12198469369087307,0.013677273319741324
14A_flen_1000_snr_20,14A_focal_snr,1000.0,87.66172134418517,1000.0,20.0,0.0,Intensity-Weighted Centroid,50,50,1.0,0.3798304938320491,0.3439717166941485,0.18340601527798528,0.30401166786139106,0.2923796783105524,0.42179256807682947,0.7132864050182931,0.9585740107462766,0.018672700192294087,0.05981033745098898,0.06265737146156448,421.45493706204337,0.24823201354593039,0.23885013069957495,0.27706495020538563,0.3646231506939577,0.47771414934232587,0.06265737146156448
14A_flen_1000_snr_20,14A_focal_snr,1000.0,87.66172134418517,1000.0,20.0,0.0,PSF Fitting,50,50,1.0,0.09919790748253085,0.09050231200115749,0.0462684942755623,0.07545319423600656,0.07929573690321541,0.10945774715131174,0.1822254871998956,0.22448377869078154,-0.01432373997462946,-2.742658975876111e-06,0.01432374023720677,109.37804917372291,4.085024008527398,3.9924001321196556,4.672264982946217,0.09530858528224032,0.12217698543182577,0.01432374023720677
14A_flen_1000_snr_30,14A_focal_snr,1000.0,87.66172134418517,1000.0,30.0,0.0,Gaussian Fitting,50,50,1.0,0.035343619448599754,0.034474989406403395,0.016832405943130613,0.028870539135469553,0.02643848134044576,0.03914717519262122,0.06651323071912346,0.08474511207029141,-0.0020451125790191325,0.0010560274518752522,0.002301668838033922,39.11112240963258,5.187230012379587,5.194550147280097,5.903160048183053,0.03393758004866834,0.04418866014229696,0.002301668838033922
14A_flen_1000_snr_30,14A_focal_snr,1000.0,87.66172134418517,1000.0,30.0,0.0,Intensity-Weighted Centroid,50,50,1.0,0.20368352185760238,0.20206848756282703,0.11814353587490514,0.15150108701121598,0.18025618652285236,0.23546734836350744,0.3875448086416447,0.5392328374733368,0.06735050369598866,-0.020708485606277235,0.07046227163673319,235.17390924892254,0.2577699813991785,0.24325004778802395,0.37234992487356067,0.2001037007480024,0.2706850733383509,0.07046227163673319
14A_flen_1000_snr_30,14A_focal_snr,1000.0,87.66172134418517,1000.0,30.0,0.0,PSF Fitting,50,50,1.0,0.03546921059448653,0.03454388765211117,0.01695754199618338,0.02894528460902851,0.026604391172336494,0.03931441377851587,0.06683619716785279,0.08463711556530176,-0.0020243589670758413,0.0010423403131051146,0.002276950275237568,39.2780356163061,3.9561160001903772,3.7595999892801046,4.477009968832135,0.034066392223806266,0.04442806436286662,0.002276950275237568
14A_flen_1000_snr_5,14A_focal_snr,1000.0,87.66172134418517,1000.0,5.0,0.0,Gaussian Fitting,50,50,1.0,0.6518461603569841,0.6361475854795146,0.3413252211852042,0.5542581046291637,0.4839465640359054,0.7358031825082517,1.4044876969872235,1.4705357776741899,-0.07328075256798229,0.16968846099415827,0.1848357175750829,735.160333690126,13.036221973598003,11.892549926415086,22.376285039354116,0.6302660854477452,0.8385339831314159,0.1848357175750829
14A_flen_1000_snr_5,14A_focal_snr,1000.0,87.66172134418517,1000.0,5.0,0.0,Intensity-Weighted Centroid,50,50,1.0,0.6754591973653438,0.6123689007314663,0.37638332892948495,0.4386157089935916,0.6368090745470922,0.7732461041618477,1.2190434628362865,2.0903093440448792,0.0011087094379672634,0.031440379781855654,0.03145992240049481,772.6769566727625,0.2700059860944748,0.2589999930933118,0.3410949721001088,0.6502633831551637,0.8991604524768438,0.03145992240049481
14A_flen_1000_snr_5,14A_focal_snr,1000.0,87.66172134418517,1000.0,5.0,0.0,PSF Fitting,50,50,1.0,0.6327535166179277,0.6367770180711438,0.36490712536400993,0.5264069430979378,0.5063891321820243,0.730434270098124,1.4109974413576145,1.5002107464594823,-0.04906891276062197,0.08095977220706345,0.09466912334720932,729.7249153273929,6.412431998178363,5.839699995703995,10.595065064262595,0.6218685069632972,0.840306751147019,0.09466912334720932
14A_flen_2000_snr_10,14A_focal_snr,2000.0,51.28201164861056,500.0,10.0,0.0,Gaussian Fitting,50,50,1.0,0.3161591363821649,0.32112099281507955,0.16720149416611563,0.20195051233284128,0.2951760995368712,0.35764918449410443,0.595103847224688,0.7705732845176304,0.05978979664397684,0.012269340615740703,0.0610356985859355,178.78950126442444,8.171643991954625,7.447800016961992,12.498559919185933,0.3095914333358938,0.40567709075561403,0.0610356985859355
14A_flen_2000_snr_10,14A_focal_snr,2000.0,51.28201164861056,500.0,10.0,0.0,Intensity-Weighted Centroid,50,50,1.0,0.63092469113013,0.5147635227081809,0.3641876661754996,0.5516971840836685,0.4757403064132341,0.728490646523349,1.2226720279903298,1.9311354638476768,-0.05914505539999936,-0.029184238194217185,0.06595344825894851,364.16955406921335,0.25337197817862034,0.2431500470265746,0.3117299056611954,0.6066720259365708,0.8487098520176702,0.06595344825894851
14A_flen_2000_snr_10,14A_focal_snr,2000.0,51.28201164861056,500.0,10.0,0.0,PSF Fitting,50,50,1.0,0.32061007145911186,0.318887462656287,0.16128919823851764,0.20119533906348888,0.2971959941327749,0.35889416739401137,0.6009111514397623,0.7386644288262116,0.056562954282935604,0.004183013156726929,0.05671741704523235,179.41343607708498,5.040720012038946,4.896900034509599,6.432900065556169,0.3105037474766137,0.4050059450995025,0.05671741704523235
14A_flen_2000_snr_15,14A_focal_snr,2000.0,51.28201164861056,500.0,15.0,0.0,Gaussian Fitting,50,50,1.0,0.16252487610957986,0.14879275363314282,0.10196294397202682,0.13451435965458036,0.13680886062165404,0.1918613491505701,0.3387977687406802,0.4738080132293443,0.004796358888092982,0.004883559682032228,0.006845013787521488,95.9066752953938,6.449334011413157,6.050650030374527,9.30833499878645,0.15979391487902117,0.2225804089228833,0.006845013787521488
14A_flen_2000_snr_15,14A_focal_snr,2000.0,51.28201164861056,500.0,15.0,0.0,Intensity-Weighted Centroid,50,50,1.0,0.5055441688462,0.4822089170254476,0.25475496262784264,0.3880934302189436,0.412138917185459,0.5661051118281026,1.050135145971771,1.127550783685657,0.017161886296439662,-0.006791978194124795,0.01845701246251381,283.00266952991956,0.25427799206227064,0.24079997092485428,0.3293099463917315,0.49113281825047816,0.6462992725345782,0.01845701246251381
14A_flen_2000_snr_15,14A_focal_snr,2000.0,51.28201164861056,500.0,15.0,0.0,PSF Fitting,50,50,1.0,0.1579837364983437,0.14692675095358487,0.09821980772382888,0.13032826220537305,0.13274236587394223,0.18602685727411516,0.3388195485201719,0.44585999618512545,0.005504764923834955,0.0027599390799423417,0.00615789741646259,92.99048269524656,4.520169994793832,4.4038500636816025,5.535169923678039,0.15493386521087368,0.21554930882720238,0.00615789741646259
14A_flen_2000_snr_20,14A_focal_snr,2000.0,51.28201164861056,500.0,20.0,0.0,Gaussian Fitting,50,50,1.0,0.09381252848496317,0.08389468285371868,0.04775449690594926,0.06995895443858959,0.07865765804638279,0.10526767060917773,0.18631235550766054,0.21670552323795994,-0.022468890844095313,0.0022740256414954274,0.022583672163358395,52.62217300593172,5.687178000807762,5.428049829788506,7.519905001390722,0.09081910720019121,0.11967545292611342,0.022583672163358395
14A_flen_2000_snr_20,14A_focal_snr,2000.0,51.28201164861056,500.0,20.0,0.0,Intensity-Weighted Centroid,50,50,1.0,0.4601349877037946,0.49833488942350057,0.20432580156510052,0.339759505473044,0.3715329306200254,0.5034612597751609,0.7986908873316516,1.050095980459769,-0.042481679021291255,0.052317916964851746,0.06739330447462226,251.67548314985277,0.2566479844972491,0.24189997930079699,0.32264001201838255,0.44729352560332303,0.5580774391387222,0.06739330447462226
14A_flen_2000_snr_20,14A_focal_snr,2000.0,51.28201164861056,500.0,20.0,0.0,PSF Fitting,50,50,1.0,0.09486116604150117,0.08382556888331466,0.048123384873368764,0.07058880948125054,0.07957211176312556,0.10636964319966308,0.18873434268088612,0.22205645417888675,-0.022262220776483446,0.0027106160454741257,0.02242663401509181,53.173135127313024,4.117243993096054,3.895050031132996,5.022989970166235,0.09138155037792307,0.12122831442303962,0.02242663401509181
14A_flen_2000_snr_30,14A_focal_snr,2000.0,51.28201164861056,500.0,30.0,0.0,Gaussian Fitting,50,50,1.0,0.030774988581670142,0.030039626952547437,0.017821809349333573,0.024007999990874957,0.026236096263050825,0.03556285717832471,0.06398358668828516,0.08349351930378084,0.0035481354879561876,0.00413687687155516,0.005450047310923282,17.777677813619967,5.197120010852814,5.1662500482052565,6.023690046276896,0.029819549567018423,0.041425989523797634,0.005450047310923282
14A_flen_2000_snr_30,14A_focal_snr,2000.0,51.28201164861056,500.0,30.0,0.0,Intensity-Weighted Centroid,50,50,1.0,0.18313658389020723,0.168426356906135,0.09035899124493747,0.14247555618413016,0.14630267102073144,0.20421497412721137,0.33469867994779506,0.40478496955299104,-0.02490665716071362,-0.0038412361426242115,0.02520112430080709,102.08865180905218,0.25628397706896067,0.2435998758301139,0.3235749551095068,0.17773849633228006,0.22827387605316657,0.02520112430080709
14A_flen_2000_snr_30,14A_focal_snr,2000.0,51.28201164861056,500.0,30.0,0.0,PSF Fitting,50,50,1.0,0.030776989416210588,0.02995762135829582,0.017842507833486978,0.02397390813577052,0.02628364305059743,0.03557496540143901,0.06408095463701396,0.0835645418881475,0.0035621218134156154,0.004101898182858577,0.0054327047146103796,17.783751238942532,3.963870005682111,3.808649955317378,4.760690103285015,0.029825924939259906,0.04142843779428556,0.0054327047146103796
14A_flen_2000_snr_5,14A_focal_snr,2000.0,51.28201164861056,500.0,5.0,0.0,Gaussian Fitting,50,50,1.0,0.5594077609689944,0.4914959236931218,0.30855920673544285,0.4275914942338896,0.4746697179643746,0.6388629172941167,1.1197857338269879,1.2514587795598195,0.0033466773799978,0.12420592784844757,0.12425100708718442,319.3566099637161,12.555767991580069,10.283950017765164,24.486089986748993,0.5499789126966363,0.7271367114835102,0.12425100708718442
14A_flen_2000_snr_5,14A_focal_snr,2000.0,51.28201164861056,500.0,5.0,0.0,Intensity-Weighted Centroid,50,50,1.0,0.7040916902389823,0.6394073263901536,0.34669136543427,0.5370688219550809,0.572273616038733,0.7848184574347532,1.3409771296125985,1.7805399832695745,-0.1682653779936345,0.033292836894568155,0.17152740428231583,392.33764016120585,0.24904798716306686,0.24220009800046682,0.27177490992471576,0.6763795530668961,0.8934467338366224,0.17152740428231583
14A_flen_2000_snr_5,14A_focal_snr,2000.0,51.28201164861056,500.0,5.0,0.0,PSF Fitting,50,50,1.0,0.5090368164358021,0.4941784731688107,0.2820859894227611,0.4068903977046962,0.41609036298793156,0.5819716366935028,0.9708947565252101,1.4161574489779363,0.02190679013371664,0.03790041065147875,0.04377611884936156,290.91942068423424,5.690558007918298,5.525500047951937,8.797389955725516,0.4978203000123315,0.6658150437825942,0.04377611884936156
14A_flen_4000_snr_10,14A_focal_snr,4000.0,26.991466561591622,250.0,10.0,0.0,Gaussian Fitting,50,50,1.0,0.3722769928030719,0.3803149650450096,0.1869757379564951,0.30751911600700826,0.28103750505073627,0.41659343004285887,0.6956557567054473,0.8546065713578204,-0.047098716816792605,0.03941431719389812,0.061414798914021004,104.14204371385259,8.811266012489796,8.166350075043738,14.200530026573686,0.36246437613393173,0.46720290049808233,0.061414798914021004
14A_flen_4000_snr_10,14A_focal_snr,4000.0,26.991466561591622,250.0,10.0,0.0,Intensity-Weighted Centroid,50,50,1.0,0.587401604896361,0.6042820494434387,0.27157296525719543,0.45212547133686476,0.46300656481504066,0.6471418089517988,0.97304948444937,1.1271141993035212,0.007312761226382918,0.014653294134180896,0.016376675661956233,161.77786339012945,0.2520879963412881,0.24235004093497992,0.31772491056472063,0.579606744728152,0.7127474760676591,0.016376675661956233
14A_flen_4000_snr_10,14A_focal_snr,4000.0,26.991466561591622,250.0,10.0,0.0,PSF Fitting,50,50,1.0,0.34566808116330655,0.34066978490928024,0.17718297927908316,0.29402703219703863,0.2538273720833431,0.3884330450429447,0.6548205121878058,0.7385720322658789,-0.03908266572304683,0.03371603551312887,0.0516161390530325,97.10214161359649,5.05024200771004,4.686799948103726,7.38928997889161,0.3395703324481355,0.4364922724866486,0.0516161390530325
14A_flen_4000_snr_15,14A_focal_snr,4000.0,26.991466561591622,250.0,15.0,0.0,Gaussian Fitting,50,50,1.0,0.1779571582183577,0.1708661490869286,0.09902593234609884,0.141004177083199,0.14694457282682336,0.203653837278279,0.35645303183995114,0.4407555075548679,-0.05503852295993056,0.037991332758268756,0.06687735322484217,50.910877672193,6.249135993421078,6.037099985405803,8.342679950874299,0.17521849050968638,0.23132644668375776,0.06687735322484217
14A_flen_4000_snr_15,14A_focal_snr,4000.0,26.991466561591622,250.0,15.0,0.0,Intensity-Weighted Centroid,50,50,1.0,0.560218832811762,0.5300206030428721,0.22333322048739732,0.4190323355021979,0.4337450516303543,0.6030944105281073,0.9224559064474455,1.3247767477067889,0.10534427991276515,0.05562050152650045,0.11912622507407197,150.7661325042033,0.2595899999141693,0.246899900957942,0.32922499813139433,0.5348729088454682,0.6730500284508053,0.11912622507407197
14A_flen_4000_snr_15,14A_focal_snr,4000.0,26.991466561591622,250.0,15.0,0.0,PSF Fitting,50,50,1.0,0.17939953173910286,0.1692781618980003,0.09412834617266685,0.13941492408847111,0.14699597437622774,0.20259402148486705,0.3480476930547808,0.44588698676919236,-0.05892075012957321,0.03550096778570264,0.06878934154033674,50.645903982151296,4.449592013843358,4.329600022174418,5.364669987466186,0.17491220181087672,0.22961395767175427,0.06878934154033674
14A_flen_4000_snr_20,14A_focal_snr,4000.0,26.991466561591622,250.0,20.0,0.0,Gaussian Fitting,50,50,1.0,0.09422861712028226,0.08716057165374218,0.04892991077846724,0.063733083361242,0.08491915295419812,0.10617517814060648,0.16315222753866437,0.23958456569546005,-0.015997943543593466,-0.006347732859943563,0.01721127276192005,26.542574100844874,5.639329985715449,5.535500007681549,6.8475151201710105,0.09282211821833115,0.11973266746659904,0.01721127276192005
14A_flen_4000_snr_20,14A_focal_snr,4000.0,26.991466561591622,250.0,20.0,0.0,Intensity-Weighted Centroid,50,50,1.0,0.40525508459989545,0.3745130530173061,0.18176297631446794,0.2937864083279938,0.3331051026845725,0.4441502709137553,0.7562407113181919,0.9030037076236926,-0.035964321903161366,0.039254584054220915,0.05323865906673558,111.03167610074932,0.2540859906002879,0.24764996487647295,0.314465002156794,0.3928371183302001,0.49700196972613825,0.05323865906673558
14A_flen_4000_snr_20,14A_focal_snr,4000.0,26.991466561591622,250.0,20.0,0.0,PSF Fitting,50,50,1.0,0.0939483932998546,0.08703686156756654,0.04756390266008087,0.06269620567736253,0.08460384881046296,0.10530254241888855,0.15610756423566016,0.2399078673215085,-0.016319229349039687,-0.00580409231819317,0.017320644739289216,26.32439285958161,4.299295991659164,4.197100060991943,5.859994958154856,0.09229897066553434,0.11906891686151212,0.017320644739289216
14A_flen_4000_snr_30,14A_focal_snr,4000.0,26.991466561591622,250.0,30.0,0.0,Gaussian Fitting,50,50,1.0,0.031800271235970776,0.029359606011008045,0.016036761548040256,0.025024462427086353,0.025341887298805432,0.035615094716005075,0.062190202930360476,0.07056123039739878,0.002249810577793596,-0.0021150533929596804,0.0030878954792904196,8.903297123061707,5.265835989266634,5.2121999906376,6.809599942062049,0.030883932022971964,0.0400118001051529,0.0030878954792904196
14A_flen_4000_snr_30,14A_focal_snr,4000.0,26.991466561591622,250.0,30.0,0.0,Intensity-Weighted Centroid,50,50,1.0,0.1969475941760921,0.17318731581906066,0.11220503240746198,0.1696039038253915,0.15037566277991132,0.2266678718947841,0.4026577819730899,0.4760954605336276,-0.019217931623820732,0.03460085684169826,0.03957964363252335,56.66443408432954,0.2541979821398854,0.24899991694837809,0.31240498647093773,0.19240731390187535,0.2595168102156358,0.03957964363252335
14A_flen_4000_snr_30,14A_focal_snr,4000.0,26.991466561591622,250.0,30.0,0.0,PSF Fitting,50,50,1.0,0.03183522846500383,0.029763729421628676,0.016005137425385868,0.024982280609207482,0.0254073188468853,0.03563209501873946,0.061727694397276725,0.07035975879395388,0.0022763713156314226,-0.0021971334815930276,0.003163741756617729,8.907550792883384,4.083246011286974,3.917700028978288,5.012944934424013,0.030949470230377408,0.040009519341294784,0.003163741756617729
14A_flen_4000_snr_5,14A_focal_snr,4000.0,26.991466561591622,250.0,5.0,0.0,Gaussian Fitting,50,50,1.0,0.804477830055414,0.6432479031338769,0.6177543294687566,0.7119167217514585,0.7224815374241178,1.0143002467849747,2.133649326393766,3.2878902028410746,0.02842996711665819,0.029244254043791214,0.040785897376814755,253.56106076107648,13.899331977590919,11.819849954918027,33.445779909379716,0.7741170864379759,1.2743838984528808,0.040785897376814755
14A_flen_4000_snr_5,14A_focal_snr,4000.0,26.991466561591622,250.0,5.0,0.0,Intensity-Weighted Centroid,50,50,1.0,0.6997165245774233,0.5983812568752058,0.37510288743597964,0.5529872797234872,0.569658195230732,0.793917748214207,1.3238106767523068,1.9340788133288043,-0.034463470947036966,0.05165863134971801,0.06209947683067329,198.46874950121358,0.26152397505939007,0.24550000671297312,0.3701300011016426,0.672483303539776,0.90919818140247,0.06209947683067329
14A_flen_4000_snr_5,14A_focal_snr,4000.0,26.991466561591622,250.0,5.0,0.0,PSF Fitting,50,50,1.0,0.6659829210747413,0.580480311363829,0.33348046581493607,0.5289341344799677,0.5243769194246818,0.7448103599194844,1.2067612123108027,1.498869524597497,0.013832473473221397,-0.016797437227959334,0.021759853395981504,186.19278913841154,5.692048007622361,5.4980500135570765,7.579869928304106,0.6473210482970793,0.8365273100911617,0.021759853395981504
14A_flen_500_snr_10,14A_focal_snr,500.0,124.97599475229711,2000.0,10.0,0.0,Gaussian Fitting,50,50,1.0,0.3483307143268467,0.32343846829698664,0.19820197942333512,0.24751267719651307,0.3152075281743666,0.4007721437310475,0.6664869163264692,1.1822567671664985,0.022237567311117347,-0.04193101110104522,0.04746281799337722,799.1161797315759,7.96924801543355,7.250349968671799,11.943050008267162,0.3296967509417769,0.47862881016223907,0.04746281799337722
14A_flen_500_snr_10,14A_focal_snr,500.0,124.97599475229711,2000.0,10.0,0.0,Intensity-Weighted Centroid,50,50,1.0,0.6081077463481777,0.5426368426387966,0.33237326120159705,0.5311394769117966,0.44514926934266386,0.6930129983849109,1.2578452626133183,1.5607529093707349,-0.013211048683563148,-0.11445858443100974,0.11521848531060483,1381.5077911454703,0.260414001531899,0.24405005387961864,0.32525003189221025,0.5864357945044694,0.7983592757816109,0.11521848531060483
14A_flen_500_snr_10,14A_focal_snr,500.0,124.97599475229711,2000.0,10.0,0.0,PSF Fitting,50,50,1.0,0.3345584209544406,0.30420998923264597,0.1846083416465894,0.2348444572909719,0.301426040210101,0.3821119951493705,0.6530984104402274,1.0997853436746963,0.019499148033451093,-0.05231522481213574,0.055830990687742076,761.8234881791692,5.200676019303501,4.969600006006658,6.681370036676524,0.3151711678181014,0.453355720918223,0.055830990687742076
14A_flen_500_snr_15,14A_focal_snr,500.0,124.97599475229711,2000.0,15.0,0.0,Gaussian Fitting,50,50,1.0,0.15567231634688647,0.1373731643508352,0.0671942515210508,0.11995293865823678,0.11983417718469394,0.16955511644972363,0.2691275974378671,0.3015674006160466,-0.0015763472412936607,-0.00397258486243004,0.004273909347932222,338.0627323407967,6.670636022463441,6.278650020249188,9.188174933660775,0.14951599104364258,0.18744945626941947,0.004273909347932222
14A_flen_500_snr_15,14A_focal_snr,500.0,124.97599475229711,2000.0,15.0,0.0,Intensity-Weighted Centroid,50,50,1.0,0.5487992684330275,0.5334576106215723,0.27787128022535096,0.42433207892415414,0.4453485962733093,0.6151366396230203,0.9605792810613576,1.574233540972364,-0.042913976945305875,0.07780336671851729,0.08885366222052037,1226.5999218108625,0.26109999511390924,0.2508498728275299,0.32319001620635385,0.5272785272955349,0.7045564575117355,0.08885366222052037
14A_flen_500_snr_15,14A_focal_snr,500.0,124.97599475229711,2000.0,15.0,0.0,PSF Fitting,50,50,1.0,0.15241999623536848,0.1330519976171228,0.06829428075877501,0.11784082062978529,0.11836175492973604,0.16702084910797252,0.26862701567351527,0.30575800305886974,-0.0038497254353592326,-0.0010156793583257695,0.003981455825019396,332.99656271387124,4.559828019700944,4.578249994665384,5.54251504363492,0.14617584070025544,0.18638136694369653,0.003981455825019396
14A_flen_500_snr_20,14A_focal_snr,500.0,124.97599475229711,2000.0,20.0,0.0,Gaussian Fitting,50,50,1.0,0.10093343415007648,0.1014848043624869,0.05104042150360953,0.0816948219937054,0.07822172854144009,0.1131047424142505,0.18561973379025654,0.21967215932711498,-0.0137500411997803,0.0073409245153800385,0.015586943437895812,225.48059374435934,6.096311993896961,5.894299945794046,7.904095086269079,0.09913685827120174,0.12657769456695,0.015586943437895812
14A_flen_500_snr_20,14A_focal_snr,500.0,124.97599475229711,2000.0,20.0,0.0,Intensity-Weighted Centroid,50,50,1.0,0.4307637634745496,0.4253880571021101,0.19171808030527368,0.3466005194095697,0.31965813329823717,0.4715010522137751,0.7009785445240025,1.0083584606141653,-0.0022522180209693945,-0.006645718300593444,0.007016983521772152,939.4368858389079,0.2686380036175251,0.24979992303997278,0.3641399787738919,0.41772942691133313,0.5279007738858295,0.007016983521772152
14A_flen_500_snr_20,14A_focal_snr,500.0,124.97599475229711,2000.0,20.0,0.0,PSF Fitting,50,50,1.0,0.10214012546193996,0.1060690767839055,0.05048917566021153,0.0826641805575329,0.07841170410710466,0.11393753590555017,0.18365935012970386,0.2187860070248035,-0.014066731455136506,0.008611715478682527,0.016493470748047755,227.14217121482164,4.325758018530905,4.155699978582561,5.48233005683869,0.10014376310738372,0.12747619034777416,0.016493470748047755
14A_flen_500_snr_30,14A_focal_snr,500.0,124.97599475229711,2000.0,30.0,0.0,Gaussian Fitting,50,50,1.0,0.034697456122307256,0.03163454784392292,0.018748255208190276,0.02718502651789046,0.028572449456293784,0.03943869336972094,0.06426131682314436,0.08645702703122145,-0.0013062259086359517,0.001262391185038041,0.0018165510255573794,78.61396786774294,5.551946014165878,5.333649925887585,7.069430057890712,0.03390232567424518,0.044797173347455865,0.0018165510255573794
14A_flen_500_snr_30,14A_focal_snr,500.0,124.97599475229711,2000.0,30.0,0.0,Intensity-Weighted Centroid,50,50,1.0,0.1992076450253275,0.18764843401253772,0.109471415708119,0.13247193140241414,0.1847129234357758,0.22730525003544613,0.382397659729023,0.534615326281954,-0.03665726771281925,-0.019089120955699174,0.04132976911417016,453.23345294112875,0.26698000729084015,0.24809991009533405,0.3515099873766303,0.19315270313797986,0.2596249915868801,0.04132976911417016
14A_flen_500_snr_30,14A_focal_snr,500.0,124.97599475229711,2000.0,30.0,0.0,PSF Fitting,50,50,1.0,0.034777688211247965,0.03175936215033792,0.01880589973505612,0.02735542608342911,0.028545229478107302,0.03953668501738303,0.06448970216240887,0.08749157590461759,-0.0014057907711207919,0.0012895290217340971,0.001907651118538945,78.80940447570822,4.145943997427821,3.971350146457553,5.381825042422859,0.03397912310112566,0.04493718814980992,0.001907651118538945
14A_flen_500_snr_5,14A_focal_snr,500.0,124.97599475229711,2000.0,5.0,0.0,Gaussian Fitting,50,50,1.0,0.7304866533122356,0.5977885676863177,0.5507487633555789,0.5041993480771741,0.7633596586168031,0.9148414895516106,1.5094606044141463,3.61860718461557,-0.0819865724828287,-0.0860735731474199,0.11887160326102432,1825.369190053336,14.477290022186935,11.971900006756186,23.180620034690946,0.6820384640986519,1.1952696492626194,0.11887160326102432
14A_flen_500_snr_5,14A_focal_snr,500.0,124.97599475229711,2000.0,5.0,0.0,Intensity-Weighted Centroid,50,50,1.0,0.7282948030505648,0.6792282499187691,0.3029734983110942,0.47831478351460055,0.6272329939509753,0.7888005203023913,1.2061734470322873,1.4997825074744746,-0.11762614728137578,0.1278329537421871,0.17371578680912123,1572.316884050075,0.2905920147895813,0.26739994063973427,0.4038848681375384,0.7060414081945113,0.8715453042634167,0.17371578680912123
14A_flen_500_snr_5,14A_focal_snr,500.0,124.97599475229711,2000.0,5.0,0.0,PSF Fitting,50,50,1.0,0.6494410897069627,0.5122214648543258,0.525411351965671,0.43312285764685027,0.7143076423768596,0.8353626863669223,1.4452198193781745,3.4539102512106976,-0.07332658593549696,-0.10456984426705958,0.12771703306526078,1666.9233830427113,6.684363996610045,5.951900035142899,10.530044918414205,0.5893828682639122,1.1202956591305953,0.12771703306526078
14A_flen_8000_snr_10,14A_focal_snr,8000.0,13.68554682526188,125.0,10.0,0.0,Gaussian Fitting,50,50,1.0,0.3226445329491564,0.26002120607686996,0.18193116115224647,0.26086456377605,0.26296030385994595,0.370403080494998,0.6343546222606125,0.7852376708888369,-0.011956359718751627,0.01715090141369842,0.020907126943379595,46.29994665445039,8.145201993174851,7.691000122576952,11.171854892745612,0.31744001914770736,0.41899656937533564,0.020907126943379595
14A_flen_8000_snr_10,14A_focal_snr,8000.0,13.68554682526188,125.0,10.0,0.0,Intensity-Weighted Centroid,50,50,1.0,0.6356960320056187,0.5566591159832476,0.35901044515812797,0.5435217633489138,0.48742387878151106,0.7300670824248453,1.2746858475992546,1.4841089939259742,0.041108665728754656,0.026152135531242494,0.048722239181332415,91.25729273215667,0.26644199155271053,0.24464994203299284,0.3740001702681184,0.619778885017046,0.8364768167608629,0.048722239181332415
14A_flen_8000_snr_10,14A_focal_snr,8000.0,13.68554682526188,125.0,10.0,0.0,PSF Fitting,50,50,1.0,0.32549081655999634,0.2809892857217363,0.1776670958321539,0.2576049637120639,0.2667387322404289,0.3708232309420824,0.6282624975668232,0.7861828362356811,-0.012358843506340235,0.014489250882207897,0.019044143560206915,46.3524667920464,5.1689699944108725,4.93819999974221,6.9414798985235375,0.31790915170762335,0.41715811658767743,0.019044143560206915
14A_flen_8000_snr_15,14A_focal_snr,8000.0,13.68554682526188,125.0,15.0,0.0,Gaussian Fitting,50,50,1.0,0.19405726252562594,0.1997787367666125,0.08782127204987641,0.1409243508360837,0.15972202197826854,0.21300421818217144,0.36549023906870576,0.38151020166115673,-0.012796225450829297,-0.023594464254641706,0.026841053057807117,26.62515857886072,6.337011996656656,6.095950026065111,8.599984901957212,0.18731850424299956,0.23684170953411857,0.026841053057807117
14A_flen_8000_snr_15,14A_focal_snr,8000.0,13.68554682526188,125.0,15.0,0.0,Intensity-Weighted Centroid,50,50,1.0,0.501027970266112,0.43073551826003276,0.3093736027045335,0.46116589567764443,0.3661517031275405,0.5888472238529809,1.0433863388962525,1.3732365879632342,0.0395041362171014,0.031069041695251372,0.05025795588880004,73.604736646544,0.2593780029565096,0.24720001965761185,0.28797009726986283,0.4914996883534956,0.6879316443228775,0.05025795588880004
14A_flen_8000_snr_15,14A_focal_snr,8000.0,13.68554682526188,125.0,15.0,0.0,PSF Fitting,50,50,1.0,0.19546906987935905,0.18674277351739943,0.0861197276514694,0.14120321617268675,0.16026982408661494,0.2135995430010678,0.3533561623293645,0.3846204738486317,-0.011230304952907772,-0.022009934090363004,0.024709450580646837,26.699572542815783,4.374369992874563,4.35525004286319,5.301734944805502,0.18798620330738167,0.23647081041406912,0.024709450580646837
14A_flen_8000_snr_20,14A_focal_snr,8000.0,13.68554682526188,125.0,20.0,0.0,Gaussian Fitting,50,50,1.0,0.10885871060016993,0.10488929709459041,0.049269727339125,0.08353395960567421,0.08543888165350048,0.11948943428438881,0.20335886082839133,0.23242838510707,-0.01152754728169839,-0.012629546971263608,0.017099409435157278,14.935993718562743,5.651847985573113,5.492350086569786,6.974885065574199,0.10440866093398415,0.1344439479900065,0.017099409435157278
14A_flen_8000_snr_20,14A_focal_snr,8000.0,13.68554682526188,125.0,20.0,0.0,Intensity-Weighted Centroid,50,50,1.0,0.32965786648586265,0.28986668373496627,0.1709936125158276,0.23016717469809753,0.29143815149825403,0.37136656346152624,0.6798944653538075,0.738710839050767,-0.03488410566796801,-0.04622743125947181,0.057912660352492436,46.42005412302978,0.26243800297379494,0.24634995497763157,0.3565099090337753,0.31785185444444375,0.42181059708976765,0.057912660352492436
14A_flen_8000_snr_20,14A_focal_snr,8000.0,13.68554682526188,125.0,20.0,0.0,PSF Fitting,50,50,1.0,0.10835219583094237,0.10771279353016153,0.04895845665618366,0.08301757712112993,0.08511880349534727,0.11889965861827484,0.19965264888217749,0.23158210861863995,-0.012171697098260666,-0.012477782588930494,0.017431157981856057,14.862272351261083,4.082580008544028,3.878349903970957,4.911175137385725,0.10374172730643233,0.13382076925309663,0.017431157981856057
14A_flen_8000_snr_30,14A_focal_snr,8000.0,13.68554682526188,125.0,30.0,0.0,Gaussian Fitting,50,50,1.0,0.031358092323628475,0.026627954877489837,0.016759822775368544,0.02923622331733872,0.020235238070694123,0.03555589421796293,0.06480051751682642,0.07572291661793484,0.003532154525319129,-0.0005590759815356705,0.0035761266118333216,4.44441904596222,5.225022006779909,5.210249917581677,6.763460102956742,0.030177933328466456,0.04038312530899874,0.0035761266118333216
14A_flen_8000_snr_30,14A_focal_snr,8000.0,13.68554682526188,125.0,30.0,0.0,Intensity-Weighted Centroid,50,50,1.0,0.21961249131011962,0.21308026765484586,0.09448133684422962,0.17537926515760396,0.1624760988702307,0.23907398300800142,0.36751132912994194,0.39892038165301363,0.03066590173507848,-0.037185265424564025,0.048198978141873156,29.88383985259605,0.2514659985899925,0.24434993974864483,0.30016995733603835,0.21463616952144052,0.2622998594168395,0.048198978141873156
14A_flen_8000_snr_30,14A_focal_snr,8000.0,13.68554682526188,125.0,30.0,0.0,PSF Fitting,50,50,1.0,0.03133189124070816,0.026830363264985155,0.0168125242370123,0.029254670888256375,0.020211694910607973,0.03555767680740252,0.06484106109891184,0.07662967088734049,0.0034935573208417737,-0.0006485861554108396,0.003553252982127471,4.444641671456262,3.9033199660480022,3.742349916137755,4.493999981787056,0.03016632175667882,0.04044463268261149,0.003553252982127471
14A_flen_8000_snr_5,14A_focal_snr,8000.0,13.68554682526188,125.0,5.0,0.0,Gaussian Fitting,50,50,1.0,0.8183938180295737,0.7589441478034713,0.4631106725633962,0.6835323718419303,0.6457735153095776,0.9403403301098726,1.5486968020012943,2.6778903201624984,-0.128962887446105,-0.19373867078310694,0.23273611429093216,117.54098444294634,11.502175987698138,10.336750070564449,18.554289895109832,0.7719902033165639,1.114773094925785,0.23273611429093216
14A_flen_8000_snr_5,14A_focal_snr,8000.0,13.68554682526188,125.0,5.0,0.0,Intensity-Weighted Centroid,50,50,1.0,0.7406874685924734,0.6563527825080807,0.32502241616024014,0.6032538731594146,0.5388341689747705,0.8088618529369317,1.2992813122515936,1.5778561303982994,-0.08889076783630799,0.03182489292726018,0.09441606016118223,101.10674217161636,0.24898001924157143,0.23580004926770926,0.3226999891921876,0.7129047721215419,0.9000196700428731,0.09441606016118223
14A_flen_8000_snr_5,14A_focal_snr,8000.0,13.68554682526188,125.0,5.0,0.0,PSF Fitting,50,50,1.0,0.6871337617376858,0.6380972697027888,0.3494507841598298,0.6017360132912664,0.48185311805366127,0.7708882260546612,1.3456329712702568,1.831013973894721,-0.08142625808899766,-0.10727298424635137,0.13467638492138853,96.35992715787039,5.798616032116115,5.526900058612227,9.180520044174042,0.661215225693407,0.8812687583887383,0.13467638492138853
14B_flen_1000_rad_0,14B_off_axis,1000.0,87.66172134418517,1000.0,15.0,0.0,Gaussian Fitting,50,50,1.0,0.18359477074402078,0.17416759667576864,0.10631428061783167,0.14035618722438378,0.1590908759661293,0.21215505204410431,0.41142610556857967,0.4515163978895684,-0.0024951245821830527,0.02218480721582864,0.022324679569572698,212.15504660665988,6.186717981472611,5.995549960061908,7.953099964652207,0.1794739267010368,0.24508048792354992,0.022324679569572698
14B_flen_1000_rad_0,14B_off_axis,1000.0,87.66172134418517,1000.0,15.0,0.0,Intensity-Weighted Centroid,50,50,1.0,0.45135161943371704,0.4393890196608332,0.23950530549641455,0.3372315125769934,0.38386974698640014,0.510960933659678,0.8928193304751411,0.9585627611187626,0.01449617039058012,0.027814910392780803,0.03136571689203289,510.96087363417854,0.2542020007967949,0.24510000366717577,0.3087898949161172,0.4451131280455868,0.5758070243666726,0.03136571689203289
14B_flen_1000_rad_0,14B_off_axis,1000.0,87.66172134418517,1000.0,15.0,0.0,PSF Fitting,50,50,1.0,0.1790943496787415,0.17220600822754856,0.10380178818143783,0.13756220431381286,0.15468108242716763,0.2070014427884874,0.38662433809400726,0.4672703708253933,-0.0030771982765941176,0.019211570755380762,0.019456453945220213,207.00143766661614,4.285580008290708,4.32360009290278,5.2463401458226135,0.1753623680571594,0.24033766608393414,0.019456453945220213
14B_flen_1000_rad_200,14B_off_axis,1000.0,87.66172134418517,1000.0,15.0,200.0,Gaussian Fitting,50,50,1.0,0.18536190850784195,0.18353658866230987,0.09421243635513069,0.1451828077678988,0.14885218378736825,0.20793032556517366,0.36202748870296614,0.45912998477387384,0.012253482425289803,0.020740938781266323,0.024090130200460174,204.2865677225516,5.9368559857830405,5.8594499714672565,7.509564899373799,0.18039992454852208,0.2342866184017357,0.024090130200460174
14B_flen_1000_rad_200,14B_off_axis,1000.0,87.66172134418517,1000.0,15.0,200.0,Intensity-Weighted Centroid,50,50,1.0,0.5879958626328422,0.4843508711995914,0.30918141298133833,0.5029422283220641,0.4340292565909743,0.6643284433218836,1.118384604602627,1.31942270857814,0.0008197014465235953,-0.05774936042926811,0.05775517760730158,650.8864656324623,0.2550139930099249,0.24770002346485853,0.31607993878424157,0.5707350489073199,0.7537228234678655,0.05775517760730158
14B_flen_1000_rad_200,14B_off_axis,1000.0,87.66172134418517,1000.0,15.0,200.0,PSF Fitting,50,50,1.0,0.18304314401804084,0.17584696913216918,0.0963124753917311,0.14487682256554665,0.14761975400129607,0.206835406756416,0.3565369970215589,0.4509083939927031,0.015321580462104975,0.017699536814889144,0.02340992164272177,203.27853839613263,4.315546010620892,4.299800028093159,5.2902199793607,0.17791812234099103,0.2351303079131342,0.02340992164272177
14B_flen_1000_rad_400,14B_off_axis,1000.0,87.66172134418517,1000.0,15.0,400.0,Gaussian Fitting,50,50,1.0,0.17983931620327115,0.17225612339669977,0.08968675339832101,0.1335297298280023,0.15018556734803817,0.2009624178486898,0.3182151211115325,0.36282280112510884,-0.01217651175935771,-0.008059846608938414,0.014602347961385959,184.7930254096788,6.265614000149071,6.033399957232177,8.017535030376166,0.17575120863236227,0.2239262742452246,0.014602347961385959
14B_flen_1000_rad_400,14B_off_axis,1000.0,87.66172134418517,1000.0,15.0,400.0,Intensity-Weighted Centroid,50,50,1.0,0.49987271754141716,0.4443180383863986,0.2822136189239288,0.36237555733729526,0.44519795135744566,0.5740359400319652,1.0555302333781444,1.2694399176139775,-0.0855732740191479,0.04032528260036315,0.09459869789355096,533.2217057316545,0.2597160078585148,0.2483499702066183,0.32451001461595286,0.4872164603147316,0.6534548568244266,0.09459869789355096
14B_flen_1000_rad_400,14B_off_axis,1000.0,87.66172134418517,1000.0,15.0,400.0,PSF Fitting,50,50,1.0,0.17569199120346624,0.16145612223814043,0.09099167867366831,0.1322605664487732,0.14715401429638472,0.19785641602154566,0.321423879553287,0.3563311087610394,-0.014120005153620241,-0.008877192796103373,0.016678701912242806,181.9823211928509,4.433217975310981,4.35494992416352,5.40333001408726,0.17206498258245434,0.22111250954255415,0.016678701912242806
14B_flen_1000_rad_600,14B_off_axis,1000.0,87.66172134418517,1000.0,15.0,600.0,Gaussian Fitting,50,49,0.98,55.41105949993929,0.19793145255241498,163.12620307269614,1.0059528763479868,172.277484607336,172.28042153367375,538.7316707225234,542.8576725169394,0.30083436702983013,54.875915773946446,54.876740367351,154468.89136257503,358.10636800248176,7.021599914878607,880.4294150671903,77.28154486580009,231.37725277313896,54.876740367351
14B_flen_1000_rad_600,14B_off_axis,1000.0,87.66172134418517,1000.0,15.0,600.0,Intensity-Weighted Centroid,50,45,0.9,72.08043870422338,0.5642723515968757,182.1424239315045,0.4220314724146415,195.8858701613608,195.88632478924407,536.4290073746564,547.0858672305044,-0.021706558412073366,71.39324031780525,71.39324361766015,175484.06279223022,0.30987000092864037,0.24389999452978373,0.6871700286865228,112.47752297834649,264.73800122904356,71.39324361766015
14B_flen_1000_rad_600,14B_off_axis,1000.0,87.66172134418517,1000.0,15.0,600.0,PSF Fitting,50,49,0.98,65.95168316234708,0.18597793488570608,175.92963632514758,2.4919735007694763,187.86870819143022,187.88523478295284,536.394004078148,542.6550145469832,-0.08940485689615056,65.75578794753963,65.75584872716826,168335.14701146795,36.680190027691424,4.572950070723891,104.70091002061959,108.04445691927212,253.6925368012937,65.75584872716826
14B_flen_1000_rad_800,14B_off_axis,1000.0,87.66172134418517,1000.0,15.0,800.0,Gaussian Fitting,50,48,0.96,158.14637330114462,0.9130609108733162,245.68228927528298,1.8157523108387887,292.1759156662207,292.18155768605385,542.5016876273556,550.0465908186303,0.20539002435608525,157.96526618088657,157.9653997072158,247873.5204660453,839.246799997054,11.92025002092123,4748.438464989874,221.00184732111737,350.28005100532744,157.9653997072158
14B_flen_1000_rad_800,14B_off_axis,1000.0,87.66172134418517,1000.0,15.0,800.0,Intensity-Weighted Centroid,50,35,0.7,251.9610725346014,0.8441078977461739,274.16803377536655,0.46357882872272693,372.36041399658313,372.36070256813787,562.8064360022269,578.1356010078983,0.010571411596532698,251.77070170124458,251.77070192318212,315666.3353947542,0.3282700013369322,0.25150005239993334,0.5296399467624723,304.3822406765903,434.3530261034595,251.77070192318212
14B_flen_1000_rad_800,14B_off_axis,1000.0,87.66172134418517,1000.0,15.0,800.0,PSF Fitting,50,50,1.0,173.60562890598584,1.0081394044746497,252.35001375803324,2.1130016070086293,306.29230982140444,306.2995981576248,544.6789676765818,553.3382742958363,0.6229640013235468,173.43051651874603,173.43163536133187,259107.50328815545,38.56492199469358,11.567849898710847,143.60206504352388,241.78548291933268,367.08009881654056,173.43163536133187
14B_flen_2000_rad_0,14B_off_axis,2000.0,51.28201164861056,500.0,15.0,0.0,Gaussian Fitting,50,50,1.0,0.17456323122535586,0.16230912511078924,0.09418798370317458,0.14365985602858616,0.13676821171512196,0.1983524589459544,0.31883220289649533,0.43944676986528924,-0.016585349723120545,-0.018565562046346712,0.024894857290913806,99.17622904798782,6.274873996153474,6.018499960191548,7.917780033312737,0.16943265337713062,0.2272199073350994,0.024894857290913806
14B_flen_2000_rad_0,14B_off_axis,2000.0,51.28201164861056,500.0,15.0,0.0,Intensity-Weighted Centroid,50,50,1.0,0.4110424697258472,0.3885201773059168,0.20417955168516475,0.30460876290595384,0.34330555312371985,0.45896100187780536,0.8185073569863781,0.9303671740884407,0.006838578501372012,0.08110483926691814,0.0813926354680327,229.48049425186073,0.2582220081239939,0.24794996716082096,0.3161099506542086,0.39522090569038965,0.5219101486973344,0.0813926354680327
14B_flen_2000_rad_0,14B_off_axis,2000.0,51.28201164861056,500.0,15.0,0.0,PSF Fitting,50,50,1.0,0.17791488603047032,0.15892656187266646,0.09450493586066694,0.14758456147267088,0.13712653568213357,0.20145691741229443,0.3487528996344239,0.44274726513712376,-0.01909611398367133,-0.02026389105893031,0.027843973317857557,100.72845824798543,4.427188006229699,4.334600060246885,5.637410038616508,0.17140532333487973,0.23124297995434634,0.027843973317857557
14B_flen_2000_rad_200,14B_off_axis,2000.0,51.28201164861056,500.0,15.0,200.0,Gaussian Fitting,50,50,1.0,0.18383874468732236,0.16829326034617845,0.10148985681043886,0.15609941508605626,0.1404629762371743,0.20999255959108143,0.3513132029833052,0.5175178687261117,0.0012148519380934886,-0.014959589357644063,0.015008836696454093,104.47347792365126,6.260502017103136,6.214650114998221,8.036980067845434,0.17688316978035143,0.24339775659053023,0.015008836696454093
14B_flen_2000_rad_200,14B_off_axis,2000.0,51.28201164861056,500.0,15.0,200.0,Intensity-Weighted Centroid,50,50,1.0,0.55929713148419,0.5064590667108841,0.3258406054025753,0.47543039591087466,0.43926224520164386,0.647290801275254,1.1282381346627173,1.4192074280324751,0.11291866922839972,-0.09147458804274038,0.14532111380629384,322.097501309511,0.2588259894400835,0.24459999985992908,0.3378150751814246,0.5460603450539794,0.7441365520043723,0.14532111380629384
14B_flen_2000_rad_200,14B_off_axis,2000.0,51.28201164861056,500.0,15.0,200.0,PSF Fitting,50,50,1.0,0.1839453556206992,0.16442941156678004,0.1005754130360853,0.15704003560735158,0.13888748963908304,0.2096456714597386,0.36277287349654963,0.5376210877742339,-0.0008675147396343164,-0.015503376392189239,0.015527628968434732,104.31007435416598,4.776622001081705,4.624599940143526,6.496510037686675,0.17558132298775128,0.24394861111266605,0.015527628968434732
14B_flen_2000_rad_400,14B_off_axis,2000.0,51.28201164861056,500.0,15.0,400.0,Gaussian Fitting,50,50,1.0,0.1772253215090625,0.14933010804852515,0.08730649803629334,0.13688410766524053,0.14245694174747225,0.19756325362615354,0.3346924733460039,0.41396035414374555,0.013730144889998429,0.025135149180241,0.028640750741091264,97.03327353977188,6.316728005185723,6.039399886503816,8.111194963566959,0.17072685726429415,0.2222828023133716,0.028640750741091264
14B_flen_2000_rad_400,14B_off_axis,2000.0,51.28201164861056,500.0,15.0,400.0,Intensity-Weighted Centroid,50,50,1.0,0.44371615815769977,0.4225466536359831,0.2697924449681587,0.3164953242768697,0.4117070585780682,0.5192995208664513,0.9474777688323976,1.0869743072536417,-0.07708061149870446,-0.06865821880142448,0.10322485978677078,255.17441983271922,0.25950602255761623,0.24810002651065588,0.320955051574856,0.4379953974458733,0.5969175341330144,0.10322485978677078
14B_flen_2000_rad_400,14B_off_axis,2000.0,51.28201164861056,500.0,15.0,400.0,PSF Fitting,50,50,1.0,0.17860430703603197,0.15689915784164002,0.08579016637985633,0.13503956006930548,0.14499575288812097,0.1981399786497026,0.3349419675790059,0.4180209161489331,0.00836713954302013,0.028405873550942717,0.029612542550826636,97.35317083038505,4.430118016898632,4.357549943961203,5.471440125256776,0.17059099024207175,0.2232388094934053,0.029612542550826636
14B_flen_2000_rad_600,14B_off_axis,2000.0,51.28201164861056,500.0,15.0,600.0,Gaussian Fitting,50,50,1.0,76.0513537989023,0.222566677928318,187.52812006070212,0.9519789785431905,202.3603171675992,202.36255638864353,540.9653310858928,543.7571699773817,0.26273803377304944,75.66751816998878,75.66797431727622,98242.15821510466,210.48677400685847,6.4630500273779035,698.2678399072026,132.2805866154386,265.0505739851168,75.66797431727622
14B_flen_2000_rad_600,14B_off_axis,2000.0,51.28201164861056,500.0,15.0,600.0,Intensity-Weighted Centroid,50,43,0.86,88.06999110235915,0.5587705530423069,198.41804947602196,0.5222857701299244,217.08471366775927,217.0853419525112,539.3027898728615,548.4637852353569,-0.03657702915664728,87.5146374547635,87.51464509850769,105373.29615381973,0.28613800648599863,0.24275004398077726,0.5148850148543715,140.6719783332964,284.8080532492823,87.51464509850769
14B_flen_2000_rad_600,14B_off_axis,2000.0,51.28201164861056,500.0,15.0,600.0,PSF Fitting,50,50,1.0,76.85492575873477,0.21892091517663775,189.41862657548563,2.0235161651697786,204.40646048854035,204.41647611463196,543.0622059495403,574.1472093665567,-0.0179725157330779,76.52598469559749,76.5259868060657,99269.35989086097,16.279158014804125,5.125349969603121,83.80212004994966,132.49331005495932,268.1532682725896,76.5259868060657
14B_flen_2000_rad_800,14B_off_axis,2000.0,51.28201164861056,500.0,15.0,800.0,Gaussian Fitting,50,48,0.96,191.92779133426234,0.9217177100584237,257.81478195740186,2.863054415779665,321.3977937099181,321.41054569225133,541.573056048834,544.0880209571566,0.9089748747234196,191.39387569239602,191.39603414877544,153192.3470756768,862.169005991891,11.949700070545077,3337.8796051256354,257.5175565800132,381.9887574882743,191.39603414877544
14B_flen_2000_rad_800,14B_off_axis,2000.0,51.28201164861056,500.0,15.0,800.0,Intensity-Weighted Centroid,50,36,0.72,289.06596298158803,507.25121945489434,272.91186804014416,0.6684422232787962,397.5419120754792,397.542474047282,565.0406360660252,603.3601461478833,-0.054530242775484794,288.5085364892173,288.50854164252644,189581.1789722634,0.35611200612038374,0.2693998394533992,0.6219499162398275,328.3301741670423,456.39427577295623,288.50854164252644
14B_flen_2000_rad_800,14B_off_axis,2000.0,51.28201164861056,500.0,15.0,800.0,PSF Fitting,50,47,0.94,207.8786562441857,0.9418823402143659,263.13451919231085,1.7625582529170976,335.33595736345063,335.3405894198567,545.1937746997997,546.5818373715147,0.10491473198978257,207.67022111938508,207.67024762077807,159682.44518644933,66.14528997801244,11.564999935217202,239.75177003303514,273.06286467961206,394.4629572887253,207.67024762077807
14B_flen_4000_rad_0,14B_off_axis,4000.0,26.991466561591622,250.0,15.0,0.0,Gaussian Fitting,50,50,1.0,0.19032342743944278,0.19186681275084916,0.10913628452831621,0.16064929382496915,0.14941733509362676,0.21939401913667203,0.360912168742029,0.5525489569821713,0.016454281642081695,0.010569781323140433,0.019556678183575937,54.848504685893666,5.982336001470685,5.958249908871949,7.075734960380941,0.1841901685843086,0.2551167163582938,0.019556678183575937
14B_flen_4000_rad_0,14B_off_axis,4000.0,26.991466561591622,250.0,15.0,0.0,Intensity-Weighted Centroid,50,50,1.0,0.4708539666298092,0.41514536750677716,0.23587006159840557,0.3597278959150495,0.3846218724279633,0.5266290381753185,0.8203228693825628,1.2101502037395522,0.011833552542957477,-0.06973726223271115,0.07073414104589705,131.6572584577801,0.2556439954787493,0.2475499641150236,0.3194099757820367,0.4464648447661179,0.6028022988787325,0.07073414104589705
14B_flen_4000_rad_0,14B_off_axis,4000.0,26.991466561591622,250.0,15.0,0.0,PSF Fitting,50,50,1.0,0.18951186286136268,0.1922343052602935,0.10811411466362586,0.1605962376493726,0.14768973020338888,0.21818205232026663,0.3565838680878113,0.5526799894195009,0.013273966385729636,0.009565224697607845,0.016361286841969594,54.545512984005484,4.4685099786147475,4.360849969089031,5.715009919367731,0.18331329687068698,0.25398476685797344,0.016361286841969594
14B_flen_4000_rad_200,14B_off_axis,4000.0,26.991466561591622,250.0,15.0,200.0,Gaussian Fitting,50,50,1.0,0.19558482620477252,0.18955480326107232,0.08983772235045615,0.15453285686343096,0.14981267218862057,0.21523066835065288,0.3247572834273603,0.4327219466243911,0.03998854016089354,0.003475177297003711,0.0401392601008664,53.74178786678386,6.172299985773861,5.958299967460334,7.735669950488955,0.19029777367960748,0.24032847248685116,0.0401392601008664
14B_flen_4000_rad_200,14B_off_axis,4000.0,26.991466561591622,250.0,15.0,200.0,Intensity-Weighted Centroid,50,50,1.0,0.5209807300522078,0.48014559264136125,0.2412583618784859,0.4167078763218741,0.3949443809871658,0.574131098497566,0.9987486955361057,1.1005546167305165,-0.10773323466390139,-0.00010643161754842368,0.10773328723675175,143.35401864696018,0.2705880021676421,0.2506501041352749,0.36766503471881135,0.5006203006932168,0.6405812067570704,0.10773328723675175
14B_flen_4000_rad_200,14B_off_axis,4000.0,26.991466561591622,250.0,15.0,200.0,PSF Fitting,50,50,1.0,0.19364095856280236,0.19259589857291198,0.09410488234933662,0.1547099433825328,0.14972435718238009,0.21529642290364098,0.3295555732594596,0.43684961794846255,0.037755555374606044,0.005112819650678375,0.03810016911281768,53.75992937491184,4.670371995307505,4.35589998960495,6.512340018525718,0.18888229179069785,0.2413026345215266,0.03810016911281768
14B_flen_4000_rad_400,14B_off_axis,4000.0,26.991466561591622,250.0,15.0,400.0,Gaussian Fitting,50,50,1.0,0.17865957969035506,0.14906288617952634,0.11063523577342504,0.15173516800522513,0.14538170311356854,0.21014138290630832,0.3330391454440466,0.5712018515842359,-0.008665567871755684,-0.013453385429467063,0.016002676215364758,52.22735041357795,6.583000007085502,6.33850006852299,9.153139882255346,0.1708596101138362,0.24904754277608376,0.016002676215364758
14B_flen_4000_rad_400,14B_off_axis,4000.0,26.991466561591622,250.0,15.0,400.0,Intensity-Weighted Centroid,50,50,1.0,0.5451702375453948,0.5408338854376519,0.22390659458676246,0.4439635613947267,0.38760947764270903,0.5893596109377898,0.895166424237572,1.1166464589683185,-0.03415407642302625,-0.04732235444044136,0.0583601419300594,146.60487457317714,0.2820340031757951,0.24899991694837809,0.428224925417453,0.5303968299543005,0.650714638822983,0.0583601419300594
14B_flen_4000_rad_400,14B_off_axis,4000.0,26.991466561591622,250.0,15.0,400.0,PSF Fitting,50,50,1.0,0.17485360610762257,0.14475834867019421,0.10940361802122463,0.15006334588969406,0.14150592717396573,0.2062593881620268,0.3387900670758081,0.570577402634929,-0.008993278821990316,-0.011740755049368659,0.014789333761171773,51.26238349764145,4.704064009711146,4.349599941633642,6.848105019889772,0.16670456997661814,0.24440357451080444,0.014789333761171773
14B_flen_4000_rad_600,14B_off_axis,4000.0,26.991466561591622,250.0,15.0,600.0,Gaussian Fitting,50,50,1.0,33.081905359396636,0.20381222659506387,128.14016891003212,1.1594508567165092,132.33658233538637,132.34166143168838,300.1865154619053,541.4935392640976,0.3372336088831844,32.75324716931661,32.75498323372044,32837.31168808738,18.771074009127915,6.7922500893473625,92.08447497803681,1.8195393560793496,202.06805524703861,32.75498323372044
14B_flen_4000_rad_600,14B_off_axis,4000.0,26.991466561591622,250.0,15.0,600.0,Intensity-Weighted Centroid,50,44,0.88,37.787576738719714,0.56757489815906,137.1678805624688,0.6671770303152111,142.27608122447904,142.27764551673022,455.61091487433777,554.3947882104574,-0.010660234819345698,37.2643953333477,37.26439685813568,35304.93479312816,0.29686402063816786,0.2548500197008252,0.5472450167872009,0.9947986068764535,214.6707162713108,37.26439685813568
14B_flen_4000_rad_600,14B_off_axis,4000.0,26.991466561591622,250.0,15.0,600.0,PSF Fitting,50,49,0.98,33.31022190666463,0.20411999882834117,128.51024116437952,1.243026420958779,132.75130075790227,132.75712021431556,321.54737843436726,540.1201371789371,0.3280906409787634,32.943212920234714,32.944846652801665,32938.72104873319,23.936793985776603,5.050649982877076,84.88188005285332,1.2208576252012528,202.5472724217468,32.944846652801665
14B_flen_4000_rad_800,14B_off_axis,4000.0,26.991466561591622,250.0,15.0,800.0,Gaussian Fitting,50,47,0.94,149.32129440291678,0.7521045396212837,240.76700699884967,1.5285617824455833,283.3077198387363,283.3118434187789,540.578061423851,541.0750030295322,0.21618446321830068,149.16776419409564,149.16792084891262,69818.91184555815,955.7975219842046,11.877749930135906,7640.606379893109,208.04407962840892,342.7660584801942,149.16792084891262
14B_flen_4000_rad_800,14B_off_axis,4000.0,26.991466561591622,250.0,15.0,800.0,Intensity-Weighted Centroid,50,35,0.7,247.59401427607446,0.7020387978854848,269.9043220783608,0.42791266657328064,366.26623632635085,366.2664862936827,564.6826567936221,591.283392616301,0.03806235037766003,247.37713515222433,247.3771380804305,90262.1694986887,0.35946997348219156,0.24954997934401035,0.7321850163862107,293.4796427776209,430.1993413285764,247.3771380804305
14B_flen_4000_rad_800,14B_off_axis,4000.0,26.991466561591622,250.0,15.0,800.0,PSF Fitting,50,50,1.0,173.56344593106758,0.785250396941541,252.47344504062363,2.849138369498363,306.3641503581953,306.37739834091457,542.4876131127082,591.3211628506755,0.3724693083387456,173.41135066554736,173.41175067749904,75497.4308424777,33.2676599919796,11.43735006917268,116.66619494790208,240.55270863104192,362.63968130626904,173.41175067749904
14C_phase_f_1000_px0.125_py0,14C_phase,1000.0,87.66172134418517,1000.0,15.0,0.0,Gaussian Fitting,10,10,1.0,0.24062162894867076,0.25009529065515573,0.09170921266404922,0.20807973234538765,0.15169763673981024,0.257506015474147,0.3736328933675088,0.40446740238404305,-0.04746460882602151,-0.02261806046279844,0.05257818701805954,257.50600775885067,6.394389946945012,5.9635000070557,8.568034914787857,0.19426853018819734,0.31311544620107656,0.05257818701805954
14C_phase_f_1000_px0.125_py0,14C_phase,1000.0,87.66172134418517,1000.0,15.0,0.0,Intensity-Weighted Centroid,10,10,1.0,0.5611231289550211,0.5509721103044039,0.36032340615747777,0.5560984419023388,0.3680307674461351,0.6668523996156871,1.0710014470700135,1.1919833189984468,-0.09992761233299916,-0.1447477325770933,0.1758904027875992,666.8522163412632,0.2729400061070919,0.2576999831944704,0.3586949664168059,0.42635184046233365,0.8513293970245046,0.1758904027875992
14C_phase_f_1000_px0.125_py0,14C_phase,1000.0,87.66172134418517,1000.0,15.0,0.0,PSF Fitting,10,10,1.0,0.232172355096453,0.2527075596092368,0.08220783108828855,0.19977935615353182,0.14404977895906096,0.24629683303541286,0.3513458243476058,0.36212956752239633,-0.047201478556780786,-0.020558890201778014,0.051484439826757364,246.29682668831705,4.311660001985729,4.284800146706402,5.476304853800683,0.18952461677276425,0.2938071212823699,0.051484439826757364
14C_phase_f_1000_px0.125_py0.125,14C_phase,1000.0,87.66172134418517,1000.0,15.0,0.0,Gaussian Fitting,10,10,1.0,0.24587862659895404,0.2388895327881122,0.11764298913011803,0.23775940526777667,0.13329154930591092,0.2725732413676312,0.4320629111867854,0.48826497915165845,-0.06902127636710702,-0.03482775034793804,0.07731047009068606,272.5732320227917,5.78457007650286,5.671999999321997,6.55839511891827,0.1922227287232622,0.34461133380308906,0.07731047009068606
14C_phase_f_1000_px0.125_py0.125,14C_phase,1000.0,87.66172134418517,1000.0,15.0,0.0,Intensity-Weighted Centroid,10,10,1.0,0.46453633745290956,0.48619571264709377,0.16793432503594738,0.34621355327081954,0.3523238877383084,0.4939594581941343,0.697360591400113,0.7288847322554661,-0.16033271884707573,-0.14727461247426846,0.21770712485433585,493.9594367862782,0.2737300004810095,0.2506999298930168,0.38508500438183524,0.3973351582260382,0.5836196015141085,0.21770712485433585
14C_phase_f_1000_px0.125_py0.125,14C_phase,1000.0,87.66172134418517,1000.0,15.0,0.0,PSF Fitting,10,10,1.0,0.25192817459537026,0.2500014627102601,0.12373950713408971,0.24788022555945513,0.13166117330988833,0.280676452130817,0.4456198947198337,0.5044390838889152,-0.06576557772272054,-0.036056158700125705,0.07500105194870167,280.6764409128544,4.114140011370182,3.8822500500828028,4.996004980057478,0.1958972353571099,0.3550274614322433,0.07500105194870167
14C_phase_f_1000_px0.125_py0.25,14C_phase,1000.0,87.66172134418517,1000.0,15.0,0.0,Gaussian Fitting,10,10,1.0,0.17444012453495267,0.19548744347927105,0.10743926457851029,0.18288630955015295,0.09233174102152832,0.20487203962703388,0.31128742157722067,0.3301810556551656,0.036231691896193755,-0.009782945818972166,0.03752920897857637,204.87203126326278,6.159300031140447,6.038199877366424,7.438370073214172,0.14396841143158914,0.25603369033072587,0.03752920897857637
14C_phase_f_1000_px0.125_py0.25,14C_phase,1000.0,87.66172134418517,1000.0,15.0,0.0,Intensity-Weighted Centroid,10,10,1.0,0.6488293358523812,0.6465771332581697,0.2969834959857376,0.5890347255351965,0.40276146298302734,0.7135675889154108,1.1473517600112637,1.3822389982909598,-0.13288264104453446,-0.34615629233236406,0.3707856186696831,713.5674321852597,0.2588399685919285,0.2512499922886491,0.289639993570745,0.5163186325873064,0.9350481373577066,0.3707856186696831
14C_phase_f_1000_px0.125_py0.25,14C_phase,1000.0,87.66172134418517,1000.0,15.0,0.0,PSF Fitting,10,10,1.0,0.17333185790017808,0.19926233592768552,0.10391310269552505,0.1783449083804584,0.0950524041237473,0.20209370567867338,0.3053495738532542,0.3287997076979951,0.03713172657545556,-0.011500878343974818,0.03887203777983991,202.0936974640254,4.11615006159991,3.9906000019982457,4.699055035598575,0.1432620715330582,0.25127045423005606,0.03887203777983991
14C_phase_f_1000_px0.125_py0.375,14C_phase,1000.0,87.66172134418517,1000.0,15.0,0.0,Gaussian Fitting,10,10,1.0,0.15244877705064214,0.13417977203550388,0.08040167452476685,0.10732385316624023,0.1348578860585255,0.17235155610154188,0.285495303756962,0.34513143848989847,-0.04348301841812372,-0.07530157757712459,0.08695458858711598,172.3515473970911,5.9610099997371435,5.979400011710823,7.3226298671215755,0.118324577216081,0.2293616229603195,0.08695458858711598
14C_phase_f_1000_px0.125_py0.375,14C_phase,1000.0,87.66172134418517,1000.0,15.0,0.0,Intensity-Weighted Centroid,10,10,1.0,0.7340251292330072,0.6915874188145752,0.2643113899034074,0.48738668301832316,0.6091860326653925,0.7801624197423278,1.1544308442114062,1.1913576146679457,-0.2566168205760846,-0.4835941664199822,0.5474627936198184,780.1623318772372,0.24698995985090733,0.24299987126141787,0.2657751087099314,0.6018957573444246,0.939400883985089,0.5474627936198184
14C_phase_f_1000_px0.125_py0.375,14C_phase,1000.0,87.66172134418517,1000.0,15.0,0.0,PSF Fitting,10,10,1.0,0.1488355137125858,0.13580191411412731,0.07626491236296751,0.10653434709681502,0.1289138467678153,0.167237397132999,0.2754112057151323,0.3375939358158843,-0.043698636593410355,-0.06870635389881272,0.08142563420810328,167.23738887359477,3.945880034007132,3.890100051648915,4.403600108344108,0.11595484788467048,0.22296119900317973,0.08142563420810328
14C_phase_f_1000_px0.125_py0.5,14C_phase,1000.0,87.66172134418517,1000.0,15.0,0.0,Gaussian Fitting,10,10,1.0,0.14402083870369883,0.10957317589098245,0.09878936637547257,0.12237914961965606,0.12459809239372015,0.17464633087982176,0.3118054059995576,0.41483673052193965,-0.017036132962675764,-0.048044104034852354,0.05097514844346884,174.64631206263388,6.129169976338744,6.1206999234855175,7.610434992238878,0.09919855274619163,0.25386455734204966,0.05097514844346884
14C_phase_f_1000_px0.125_py0.5,14C_phase,1000.0,87.66172134418517,1000.0,15.0,0.0,Intensity-Weighted Centroid,10,10,1.0,0.556505468385441,0.547155929122878,0.2652305515912876,0.3599417798153341,0.5004872595618067,0.6164783709428238,0.987960660423895,1.042787005045896,0.0008786692074977509,-0.326710054835894,0.3267112364006617,616.4783067817157,0.24544999469071627,0.23845001123845577,0.27461493154987693,0.44667666874882656,0.7747729053828117,0.3267112364006617
14C_phase_f_1000_px0.125_py0.5,14C_phase,1000.0,87.66172134418517,1000.0,15.0,0.0,PSF Fitting,10,10,1.0,0.14446967658530335,0.11518127085939053,0.09599294095448474,0.12398695099551107,0.12129867331751852,0.17345354469065585,0.3098162542573808,0.4059436496377949,-0.025374510154949802,-0.04893833368772675,0.05512555006287866,173.45352664657864,4.04720997903496,3.9241500198841095,4.735854908358305,0.10063662974102444,0.24977582594517828,0.05512555006287866
14C_phase_f_1000_px0.125_py0.625,14C_phase,1000.0,87.66172134418517,1000.0,15.0,0.0,Gaussian Fitting,10,10,1.0,0.18098366676915667,0.16783812155172478,0.10626149547014137,0.16273563945398162,0.13252812798898098,0.20987280208917025,0.3481517774525707,0.389184600050645,-0.02739867639653539,-0.004908468768246621,0.027834879808091826,209.87275870733882,6.467540003359318,6.497950060293078,7.433365087490529,0.13718326877786569,0.26912404363535186,0.027834879808091826
14C_phase_f_1000_px0.125_py0.625,14C_phase,1000.0,87.66172134418517,1000.0,15.0,0.0,Intensity-Weighted Centroid,10,10,1.0,0.5362805199128571,0.45395798635502815,0.3762934754442272,0.45409963715734497,0.4722150942456913,0.6551286711020206,1.1718156343726691,1.2891747664461415,-0.08531393699198589,0.31556843387071465,0.32689739108883714,655.128214958593,0.26650994550436735,0.24800002574920654,0.3378099761903285,0.38199221814861156,0.8814690474717058,0.32689739108883714
14C_phase_f_1000_px0.125_py0.625,14C_phase,1000.0,87.66172134418517,1000.0,15.0,0.0,PSF Fitting,10,10,1.0,0.1834749303091135,0.16856767895419417,0.1034881871633869,0.16096196869936483,0.13588266838240612,0.21064865281861703,0.3461485204169021,0.3975836519570575,-0.024194032754940052,-0.008146358752912874,0.025528697222503782,210.64860978906762,4.596670041792095,4.425499937497079,5.490665021352469,0.13993898450285036,0.2713170122958781,0.025528697222503782
14C_phase_f_1000_px0.125_py0.75,14C_phase,1000.0,87.66172134418517,1000.0,15.0,0.0,Gaussian Fitting,10,10,1.0,0.1994922566265453,0.18147002719826388,0.08660364530229407,0.13248165168693618,0.17247018235016248,0.2174795434830526,0.34067907467366426,0.40339296502324384,-0.043923022856586155,0.03870301573161896,0.05854191117124666,217.47944530731672,6.34938005823642,6.230200058780611,8.399200113490222,0.15936089766583583,0.2773384501411656,0.05854191117124666
14C_phase_f_1000_px0.125_py0.75,14C_phase,1000.0,87.66172134418517,1000.0,15.0,0.0,Intensity-Weighted Centroid,10,10,1.0,0.4474386916747214,0.4051067861936537,0.29860495921627594,0.4745342760193809,0.25334467698947666,0.5379277874177353,0.9682362584153474,1.2092114074824407,0.06349884192245554,0.2107119942631243,0.22007191427312103,537.9275219367872,0.2546300180256367,0.24134991690516472,0.30308499699458474,0.32138475392872556,0.7511611087557767,0.22007191427312103
14C_phase_f_1000_px0.125_py0.75,14C_phase,1000.0,87.66172134418517,1000.0,15.0,0.0,PSF Fitting,10,10,1.0,0.2043113624279615,0.17658130644940603,0.08799291299415704,0.13654596028938884,0.17561630414917567,0.2224542324937135,0.3459873323103789,0.4124128166089476,-0.05035097297859466,0.03934908975523967,0.06390282735886635,222.4541302910486,4.371540015563369,4.362699924968183,5.364100018050521,0.16237767219728783,0.2841100563351084,0.06390282735886635
14C_phase_f_1000_px0.125_py0.875,14C_phase,1000.0,87.66172134418517,1000.0,15.0,0.0,Gaussian Fitting,10,10,1.0,0.14567329302854665,0.15491322664184065,0.06266603496071123,0.07948427212661238,0.13722241334410543,0.15858039046325334,0.21951947773490904,0.22651877491687572,-0.012215200466403075,0.005774386265500198,0.013511278961579146,158.58029848876788,6.008320045657456,5.912950029596686,7.380580122116952,0.12067597415144084,0.18894617179502482,0.013511278961579146
14C_phase_f_1000_px0.125_py0.875,14C_phase,1000.0,87.66172134418517,1000.0,15.0,0.0,Intensity-Weighted Centroid,10,10,1.0,0.38231960122617875,0.19677913281279535,0.30251521734769216,0.38353292380347137,0.30097546505890876,0.4875281881170214,0.8922737001951556,0.9809825557877585,-0.11895563912173657,0.033754539062294954,0.12365198334911098,487.52790376439964,0.24838997051119804,0.24539988953620195,0.2738199895247817,0.24354163891513742,0.6708132051311158,0.12365198334911098
14C_phase_f_1000_px0.125_py0.875,14C_phase,1000.0,87.66172134418517,1000.0,15.0,0.0,PSF Fitting,10,10,1.0,0.14412559185888354,0.1389454784904874,0.0597171343221128,0.07274246320053561,0.13801034891571526,0.156007443284988,0.22192812502163234,0.23390498528107062,-0.00854907591110532,-0.001295664913004657,0.008646701480948248,156.0073521994169,4.3963000643998384,4.383550025522709,4.966504976619034,0.12083443741114316,0.18745433953519672,0.008646701480948248
14C_phase_f_1000_px0.25_py0,14C_phase,1000.0,87.66172134418517,1000.0,15.0,0.0,Gaussian Fitting,10,10,1.0,0.15710132306672517,0.1602458076838135,0.06841367222794087,0.11863912502927249,0.1236366218776473,0.17135126570010414,0.24592628093475366,0.26241698974880695,0.05033687904456201,0.025928786343661157,0.05662246332686432,171.35125720054413,6.295589986257255,6.007550051435828,8.208059868775306,0.13012051800940522,0.2072488657970988,0.05662246332686432
14C_phase_f_1000_px0.25_py0,14C_phase,1000.0,87.66172134418517,1000.0,15.0,0.0,Intensity-Weighted Centroid,10,10,1.0,0.6292716500920201,0.6753584158132211,0.22940390749730563,0.36820505366579365,0.5594944153783273,0.6697827725349214,0.8850951425486783,0.8973554722192308,-0.12292008779104435,0.2490381506178437,0.2777217104327889,669.7826791978342,0.25072002317756414,0.24824996944516897,0.26994500076398253,0.5246798551203129,0.7778290137544556,0.2777217104327889
14C_phase_f_1000_px0.25_py0,14C_phase,1000.0,87.66172134418517,1000.0,15.0,0.0,PSF Fitting,10,10,1.0,0.16916298423728296,0.15811284139266493,0.07256225903117991,0.12705813093877621,0.1331826866905609,0.1840689997576216,0.26681730863292635,0.27092339115551856,0.05888565967267141,0.023101378943079,0.06325499683153431,184.06898982617204,4.172599990852177,3.940400085411966,5.202984844800085,0.13761794852962184,0.2246908417468331,0.06325499683153431
14C_phase_f_1000_px0.25_py0.125,14C_phase,1000.0,87.66172134418517,1000.0,15.0,0.0,Gaussian Fitting,10,10,1.0,0.22466711908568276,0.19198688974948105,0.1595651770992307,0.1482143255169701,0.232312018312697,0.27556552785312105,0.4480796436343041,0.44894290976782025,0.005210879345179364,0.016170698156815887,0.016989548034861482,275.56551270319466,6.137519981712103,6.028349860571325,7.027895073406398,0.1754249790399115,0.35712053408991484,0.016989548034861482
14C_phase_f_1000_px0.25_py0.125,14C_phase,1000.0,87.66172134418517,1000.0,15.0,0.0,Intensity-Weighted Centroid,10,10,1.0,0.5988687152421713,0.5557874315004137,0.16968370973161903,0.33916762762380165,0.521921085812918,0.6224438122787415,0.7986145982777012,0.8027626607136998,-0.24132705636757237,-0.38782503724515893,0.4567789483429007,622.4437729465396,0.333690014667809,0.2518499968573451,0.6769949686713513,0.5052516879069409,0.7159799938685252,0.4567789483429007
14C_phase_f_1000_px0.25_py0.125,14C_phase,1000.0,87.66172134418517,1000.0,15.0,0.0,PSF Fitting,10,10,1.0,0.2167174584613051,0.18077302800616443,0.15470679656096067,0.13106239627483268,0.23178286819085817,0.26627175911854034,0.4273293972518675,0.4301141612849732,0.00223190021370101,0.02039117473988199,0.020512956535719565,266.27174517991153,4.3888300424441695,3.9561500307172537,5.922120052855461,0.16881083827822171,0.3433194553738128,0.020512956535719565
14C_phase_f_1000_px0.25_py0.25,14C_phase,1000.0,87.66172134418517,1000.0,15.0,0.0,Gaussian Fitting,10,10,1.0,0.20793941113474318,0.1712998288350312,0.129279018955561,0.2031951274699422,0.13661480014130978,0.24485069623175681,0.409730745877635,0.419932870716254,0.01331151987475323,-0.020194365767486032,0.024186958678737637,244.85067776629285,6.124759954400361,5.832299939356744,8.528575021773573,0.1544931600889818,0.31754706195316096,0.024186958678737637
14C_phase_f_1000_px0.25_py0.25,14C_phase,1000.0,87.66172134418517,1000.0,15.0,0.0,Intensity-Weighted Centroid,10,10,1.0,0.5653403387668754,0.5649853631815759,0.19071921366354916,0.3117293719853097,0.5087320667494161,0.5966435427434776,0.8379756745762967,0.9814766214873352,-0.12509180668379258,-0.222681815479541,0.25541172847909643,596.6434757465869,0.26328000240027905,0.26320002507418394,0.3060599905438721,0.47520686698570075,0.7213897636100997,0.25541172847909643
14C_phase_f_1000_px0.25_py0.25,14C_phase,1000.0,87.66172134418517,1000.0,15.0,0.0,PSF Fitting,10,10,1.0,0.2089135796827326,0.18001214533545118,0.1350968566048165,0.20834186005741054,0.1359768869630945,0.2487891565972195,0.41985982798770655,0.4241811680940898,0.005700010536884292,-0.019831734680656153,0.020634626736738708,248.7891383894887,4.1502200067043304,3.833749913610518,5.6749700801447025,0.15458605994071045,0.32418684620488647,0.020634626736738708
14C_phase_f_1000_px0.25_py0.375,14C_phase,1000.0,87.66172134418517,1000.0,15.0,0.0,Gaussian Fitting,10,10,1.0,0.2625204431863286,0.28049278700071356,0.10318016275509456,0.2026772984880182,0.19617604786138645,0.2820693692638643,0.3953706433730584,0.4308505362659909,-0.015784643469089588,0.03647692344561619,0.03974570308226559,282.069316693383,6.308170012198389,6.058450089767575,8.295339974574743,0.21564975345959364,0.3368812741685635,0.03974570308226559
14C_phase_f_1000_px0.25_py0.375,14C_phase,1000.0,87.66172134418517,1000.0,15.0,0.0,Intensity-Weighted Centroid,10,10,1.0,0.4677956218835823,0.4399899299235451,0.22474515086421082,0.39103843620005396,0.341221435587861,0.5189827807263208,0.8215901527708649,0.8839407010299757,-0.2003693669866493,-0.2008090366546412,0.2836761400414134,518.9827481649818,0.2917000325396657,0.2593998797237873,0.4020550637505948,0.3750354353608888,0.6452637432552875,0.2836761400414134
14C_phase_f_1000_px0.25_py0.375,14C_phase,1000.0,87.66172134418517,1000.0,15.0,0.0,PSF Fitting,10,10,1.0,0.26078351243912146,0.26487297820678,0.10044904381211944,0.2002842920291851,0.1948954928396821,0.2794602847684345,0.39919741650753704,0.43800972547031314,-0.012422979615632813,0.03666325490956979,0.03871078251720729,279.4602318050398,4.248940036632121,4.298850079067051,5.087389971595257,0.21371455403672818,0.3370001163651954,0.03871078251720729
14C_phase_f_1000_px0.25_py0.5,14C_phase,1000.0,87.66172134418517,1000.0,15.0,0.0,Gaussian Fitting,10,10,1.0,0.11538439709079251,0.10905229480679687,0.06282559341407522,0.10903394703701179,0.07329537961813476,0.1313796570243521,0.2205187139286911,0.28225172069180215,-0.05181690029803576,-0.014887963597254838,0.053913287940634484,131.3796440044844,6.467089988291264,6.1645000241696835,8.388664911035447,0.08799771016079215,0.1804827632656852,0.053913287940634484
14C_phase_f_1000_px0.25_py0.5,14C_phase,1000.0,87.66172134418517,1000.0,15.0,0.0,Intensity-Weighted Centroid,10,10,1.0,0.7920260656360619,0.7824795354582654,0.3886540858665948,0.6405373991659749,0.6066870094022342,0.8822455934192802,1.387966240759283,1.4862841343258746,-0.1425371601489019,-0.41601228836018433,0.43975341509758725,882.2454174256333,0.2543299924582243,0.2530000638216734,0.2789600170217454,0.6159392013295105,1.116198074873896,0.43975341509758725
14C_phase_f_1000_px0.25_py0.5,14C_phase,1000.0,87.66172134418517,1000.0,15.0,0.0,PSF Fitting,10,10,1.0,0.12088570736580237,0.11246136996989406,0.06410718208917661,0.11168706467574348,0.07905115195151519,0.13683232454630467,0.2207222609586631,0.28624586752557535,-0.05693666692826582,-0.014214216655204837,0.058684137516209454,136.83231042878828,4.110450018197298,4.302999936044216,4.521529970224947,0.09429274027481636,0.18529618561342645,0.058684137516209454
14C_phase_f_1000_px0.25_py0.625,14C_phase,1000.0,87.66172134418517,1000.0,15.0,0.0,Gaussian Fitting,10,10,1.0,0.2378494331387934,0.1925702819272973,0.11446212926211871,0.15470901423707034,0.21386690439022416,0.2639582010085372,0.42282177822640726,0.42283023809567116,-0.009538040309678308,-0.033143015259611275,0.034488167151182074,263.95813302737133,6.281690043397248,6.1422999715432525,7.5387901160866,0.18747994590249947,0.3311349887178381,0.034488167151182074
14C_phase_f_1000_px0.25_py0.625,14C_phase,1000.0,87.66172134418517,1000.0,15.0,0.0,Intensity-Weighted Centroid,10,10,1.0,0.43165977949308887,0.41973224059704284,0.2086605491003382,0.31500918839611386,0.36143962318608414,0.4794469626380762,0.7622629672596754,0.7791982172033514,-0.017198177101909094,0.1150885821552606,0.1163664858889225,479.44673414091505,0.2451700158417225,0.24494994431734085,0.2586900955066085,0.34126093547590314,0.5967406719942818,0.1163664858889225
14C_phase_f_1000_px0.25_py0.625,14C_phase,1000.0,87.66172134418517,1000.0,15.0,0.0,PSF Fitting,10,10,1.0,0.2267288409082017,0.1827567094398043,0.12297288126467365,0.14189321655760537,0.2153940851579928,0.25793079852183637,0.410846162741469,0.4246362248533282,-0.0019002571006808467,-0.026451400227733755,0.026519569209480783,257.9307270588908,4.53681000508368,4.458500072360039,5.158874893095344,0.18315703487267632,0.3251945152821633,0.026519569209480783
14C_phase_f_1000_px0.25_py0.75,14C_phase,1000.0,87.66172134418517,1000.0,15.0,0.0,Gaussian Fitting,10,10,1.0,0.13541818493880595,0.10663525879877574,0.09265667037545233,0.13649300302934628,0.09106592942048493,0.1640833427779489,0.3003434178232392,0.3781736684986854,-0.004415877186170291,0.007997901549492781,0.009135994774446748,164.08330504496888,5.99537999369204,5.961699993349612,6.780134991277008,0.09516265364028863,0.23729632755824143,0.009135994774446748
14C_phase_f_1000_px0.25_py0.75,14C_phase,1000.0,87.66172134418517,1000.0,15.0,0.0,Intensity-Weighted Centroid,10,10,1.0,0.47191973250597696,0.32376778662840466,0.31056459747101567,0.35009897625300374,0.4433839306486485,0.5649412386530539,1.0045247143993787,1.039555941636501,-0.23762471111205058,0.3043686398213367,0.38614216583763045,564.9408160703662,0.25279996916651726,0.2400998491793871,0.3170449752360581,0.3372018911981314,0.766833855630447,0.38614216583763045
14C_phase_f_1000_px0.25_py0.75,14C_phase,1000.0,87.66172134418517,1000.0,15.0,0.0,PSF Fitting,10,10,1.0,0.1384121758867869,0.1051713989457302,0.09392144168351545,0.1420338167101654,0.08834909480219906,0.1672697451472466,0.301886832358231,0.37477753263950814,-0.005858726159544858,0.0045401288902894524,0.007411979664905738,167.26971071224804,4.864019970409572,4.5602499740198255,6.295984995085745,0.10027578953057109,0.23888071664012267,0.007411979664905738
14C_phase_f_1000_px0.25_py0.875,14C_phase,1000.0,87.66172134418517,1000.0,15.0,0.0,Gaussian Fitting,10,10,1.0,0.16865777550610503,0.16813191647079426,0.07556578870516181,0.11779054625550453,0.1424114492382222,0.18481242831936626,0.28678282453811266,0.34508394715696006,-0.05628581300084079,0.03539814083785586,0.06649151163827076,184.81231829871493,6.048759981058538,5.948199890553951,6.835235061589628,0.1370843572344672,0.23584027009062464,0.06649151163827076
14C_phase_f_1000_px0.25_py0.875,14C_phase,1000.0,87.66172134418517,1000.0,15.0,0.0,Intensity-Weighted Centroid,10,10,1.0,0.6077190172484498,0.6727527403830349,0.28126709803897626,0.5635872668987021,0.3616669420258644,0.6696518381701708,0.9733497110198023,1.0041296133100974,-0.4889499996965242,-0.011599745083026391,0.4890875752758622,669.651591669285,0.2510099904611707,0.24984998162835836,0.2693300601094961,0.49022907953892497,0.8177586225054434,0.4890875752758622
14C_phase_f_1000_px0.25_py0.875,14C_phase,1000.0,87.66172134418517,1000.0,15.0,0.0,PSF Fitting,10,10,1.0,0.16482724271646404,0.15150772287212017,0.07854274158512015,0.11985269967028718,0.13774001807377204,0.18258417838689942,0.28697282498089843,0.34027083651922124,-0.055901283267144206,0.029417959090210388,0.06316937381316036,182.5840748954804,4.40361003857106,4.408749984577298,4.75637506460771,0.13200786976548623,0.23300483572355185,0.06316937381316036
14C_phase_f_1000_px0.375_py0,14C_phase,1000.0,87.66172134418517,1000.0,15.0,0.0,Gaussian Fitting,10,10,1.0,0.2410634315864228,0.22133276771703814,0.13201301305616736,0.1719820673836461,0.21438559224639325,0.27484361674303043,0.4560599568889714,0.5359567414918429,0.03419249809724079,0.08055468797382445,0.08751105461991664,274.8435876260621,6.145200040191412,5.827100132592022,7.86476497305557,0.18595461171073832,0.36123940064721394,0.08751105461991664
14C_phase_f_1000_px0.375_py0,14C_phase,1000.0,87.66172134418517,1000.0,15.0,0.0,Intensity-Weighted Centroid,10,10,1.0,0.48473939014089157,0.507399158903002,0.29028567982735715,0.5072470336030485,0.24887446467627455,0.5650115505606894,0.9277884566428048,0.96284648829223,-0.4135371334793604,0.015830551428700802,0.41384002600626135,565.0115213703779,0.27670999988913536,0.24730002041906118,0.4143999307416377,0.38047581575372375,0.7250887926805594,0.41384002600626135
14C_phase_f_1000_px0.375_py0,14C_phase,1000.0,87.66172134418517,1000.0,15.0,0.0,PSF Fitting,10,10,1.0,0.2467283988663084,0.22535947638017945,0.13771420209128402,0.17936413180843147,0.2183314280752517,0.2825599126995392,0.46522995443509574,0.5403587897274225,0.035835879424712405,0.07806547552721668,0.0858977806665166,282.55988162888235,4.576050001196563,4.370500100776553,6.356690032407639,0.19289927514072563,0.36832768613378364,0.0858977806665166
14C_phase_f_1000_px0.375_py0.125,14C_phase,1000.0,87.66172134418517,1000.0,15.0,0.0,Gaussian Fitting,10,10,1.0,0.1970583467210773,0.15673332511331614,0.08190804277784407,0.13019129072625402,0.16908916968030052,0.2134031852717795,0.34013689079387915,0.3785439084192678,0.05662927013694343,0.02935831982383661,0.06378702986596563,213.403158950644,5.963260005228221,5.814000032842159,7.586684881243854,0.15557843681684677,0.26916193345823597,0.06378702986596563
14C_phase_f_1000_px0.375_py0.125,14C_phase,1000.0,87.66172134418517,1000.0,15.0,0.0,Intensity-Weighted Centroid,10,10,1.0,0.3878974608868584,0.333783000140359,0.16905126394837883,0.2783012852865112,0.3187336891715279,0.42313445854127296,0.626121481263632,0.6544430354044167,-0.11359795039991241,-0.18740633073286972,0.21914750086144882,423.13443212961846,0.28085000813007355,0.2463000128045678,0.4409649991430341,0.31727102132765117,0.516255641403712,0.21914750086144882
14C_phase_f_1000_px0.375_py0.125,14C_phase,1000.0,87.66172134418517,1000.0,15.0,0.0,PSF Fitting,10,10,1.0,0.18925573933679227,0.15158318656870892,0.08517593115543735,0.12530038044955902,0.1654463320213157,0.20753957241960305,0.3325802904381812,0.3786963299785221,0.05865430309227122,0.02863774590042567,0.06527210553902306,207.5395469906407,4.174130014143884,3.938450012356043,5.067730031441897,0.1483491358156319,0.26582964565149264,0.06527210553902306
14C_phase_f_1000_px0.375_py0.25,14C_phase,1000.0,87.66172134418517,1000.0,15.0,0.0,Gaussian Fitting,10,10,1.0,0.2063839139924802,0.18025028882030975,0.0961081064641633,0.17075623304759627,0.15057688055733331,0.2276644198880941,0.3445824629372781,0.34926188309164763,-0.002044565835751655,-0.02234062785084916,0.02243398988648386,227.66438899158769,5.9232099913060665,5.949500133283436,7.474809919949619,0.16244800772128365,0.2819004514625469,0.02243398988648386
14C_phase_f_1000_px0.375_py0.25,14C_phase,1000.0,87.66172134418517,1000.0,15.0,0.0,Intensity-Weighted Centroid,10,10,1.0,0.48137643618999515,0.4030868536905724,0.36309198788512603,0.40469456636992696,0.4469690961755743,0.6029585930935498,1.1160874639607923,1.142345051406257,-0.2198320093083453,-0.10401650759754374,0.243198573534744,602.9585250757822,0.2513899700716138,0.24640001356601715,0.2775049419142306,0.3285432280017543,0.822099569289381,0.243198573534744
14C_phase_f_1000_px0.375_py0.25,14C_phase,1000.0,87.66172134418517,1000.0,15.0,0.0,PSF Fitting,10,10,1.0,0.19745653755579212,0.1748032462104711,0.09489559689000658,0.1642055621469528,0.14501997066830413,0.21907591956359002,0.3398390904798455,0.3460502975641366,0.0017315285081394905,-0.019377952611796444,0.019455159685788457,219.07589014750067,3.928040014579892,3.7165499525144696,4.681940027512609,0.15410729301628484,0.2746313143524314,0.019455159685788457
14C_phase_f_1000_px0.375_py0.375,14C_phase,1000.0,87.66172134418517,1000.0,15.0,0.0,Gaussian Fitting,10,10,1.0,0.17444851370274014,0.1892786637552723,0.08408676349587808,0.13488825268690446,0.1389533267517574,0.19365657161146596,0.29123072515380277,0.29492444597023687,0.04893859101632643,0.051668322424245614,0.0711660117808991,193.65653165161248,5.925159994512796,6.116849952377379,7.092919992282986,0.14012767702580012,0.23801994321951273,0.0711660117808991
14C_phase_f_1000_px0.375_py0.375,14C_phase,1000.0,87.66172134418517,1000.0,15.0,0.0,Intensity-Weighted Centroid,10,10,1.0,0.5308801872781378,0.6013704193620701,0.26976654147220297,0.49937269425835723,0.3243989401516192,0.595489513041451,0.8084460332008803,0.8156333583310919,-0.2851206951624704,-0.26284744343129207,0.3877919407727508,595.4894758060179,0.30434003565460443,0.2417500363662839,0.5865100538358086,0.42842712275532957,0.7217757246433789,0.3877919407727508
14C_phase_f_1000_px0.375_py0.375,14C_phase,1000.0,87.66172134418517,1000.0,15.0,0.0,PSF Fitting,10,10,1.0,0.18001056669662546,0.19414250830987254,0.08389770735018878,0.1389049515266643,0.14194380529784736,0.19860168534294503,0.2960212735746227,0.30369188692198656,0.05217857992588506,0.05202264576913649,0.07368147579889418,198.60164408574522,4.0956699987873435,3.8642999716103077,5.080969911068676,0.1440831860162914,0.24226227512280346,0.07368147579889418
14C_phase_f_1000_px0.375_py0.5,14C_phase,1000.0,87.66172134418517,1000.0,15.0,0.0,Gaussian Fitting,10,10,1.0,0.15456401307231105,0.12733763490742406,0.0896578587450673,0.11974335007658495,0.13262765882049043,0.17868566190874968,0.30861491138659886,0.39188802385424043,-0.011915192746607772,0.03906086113205447,0.04083776059686008,178.68562024387856,5.811689957045019,5.465649999678135,6.97462981333956,0.11389575940087793,0.24889854862982863,0.04083776059686008
14C_phase_f_1000_px0.375_py0.5,14C_phase,1000.0,87.66172134418517,1000.0,15.0,0.0,Intensity-Weighted Centroid,10,10,1.0,0.5771096294901674,0.582953589309579,0.2575497252659713,0.3721727963706744,0.5107590381740573,0.631971032116865,0.947120867815263,1.0355508438417549,-0.3111846092288374,-0.42972843704035313,0.5305679886895259,631.970986856501,0.24323996622115374,0.23864989634603262,0.2716000890359282,0.46271686945262774,0.7763483391218613,0.5305679886895259
14C_phase_f_1000_px0.375_py0.5,14C_phase,1000.0,87.66172134418517,1000.0,15.0,0.0,PSF Fitting,10,10,1.0,0.158957644797108,0.12541176977472052,0.08856320360137394,0.12328127610969078,0.13383833842493767,0.18196421041397667,0.314737613496346,0.39161838289430667,-0.007639549082466601,0.03963901175752653,0.040368477346770744,181.96416807698807,3.8516700034961104,3.6860001273453236,4.4867948978208005,0.11789939830361283,0.2507937835526843,0.040368477346770744
14C_phase_f_1000_px0.375_py0.625,14C_phase,1000.0,87.66172134418517,1000.0,15.0,0.0,Gaussian Fitting,10,10,1.0,0.19694392812764488,0.17745966540853816,0.10069216718492041,0.12432632085771994,0.1829447711762383,0.22119182480087937,0.37590609259738955,0.45413675868589226,-0.006191571107763139,-0.11387216336455594,0.11404036628363924,221.19177926139437,6.060820026323199,5.989299970678985,6.726214999798685,0.1491273937108708,0.2964237492932598,0.11404036628363924
14C_phase_f_1000_px0.375_py0.625,14C_phase,1000.0,87.66172134418517,1000.0,15.0,0.0,Intensity-Weighted Centroid,10,10,1.0,0.5914088424296909,0.5991654540914122,0.23217355533326933,0.446594046085107,0.4519100980299632,0.6353494933500126,0.912832139607235,0.946608467152328,-0.3368928480294926,0.2999918924829899,0.45110079428986666,635.3491839209977,0.2468000166118145,0.2445499412715435,0.26775499572977424,0.4938009091293154,0.7598974987902252,0.45110079428986666
14C_phase_f_1000_px0.375_py0.625,14C_phase,1000.0,87.66172134418517,1000.0,15.0,0.0,PSF Fitting,10,10,1.0,0.1926039763802529,0.180112177742873,0.09615607414153078,0.12326211597107446,0.17649003676732003,0.21527257677604128,0.3589139955799028,0.43176861826410984,-0.00960883723181496,-0.108734675927235,0.10915841470976176,215.27253216733104,4.295520018786192,4.358749953098595,4.837670037522912,0.14680961587751962,0.2856246182204186,0.10915841470976176
14C_phase_f_1000_px0.375_py0.75,14C_phase,1000.0,87.66172134418517,1000.0,15.0,0.0,Gaussian Fitting,10,10,1.0,0.2540681192332106,0.23421188497720064,0.11606744115125321,0.232039644423157,0.1554987573007431,0.279324650015176,0.4454913276484544,0.4826917561205478,0.03048304729343272,-0.012632055627625505,0.03299674228879392,279.32457264653226,5.948890000581741,5.8449499774724245,7.233120012097059,0.1982437185257701,0.3571480343050735,0.03299674228879392
14C_phase_f_1000_px0.375_py0.75,14C_phase,1000.0,87.66172134418517,1000.0,15.0,0.0,Intensity-Weighted Centroid,10,10,1.0,0.5602137538943016,0.5888537219618469,0.15285987769635587,0.36490631888235014,0.45171779985010857,0.5806940608114485,0.7483795782352785,0.7959684513636426,-0.20651276188706333,0.25365857606661846,0.3270935554766669,580.6937201195103,0.24522999301552773,0.2450499450787902,0.2606601105071604,0.4812435374843252,0.6620546619224766,0.3270935554766669
14C_phase_f_1000_px0.375_py0.75,14C_phase,1000.0,87.66172134418517,1000.0,15.0,0.0,PSF Fitting,10,10,1.0,0.2540370899425462,0.2280979572762299,0.12077157472246694,0.23451701907703423,0.15531382453163553,0.28128387143137396,0.4538619349942473,0.4977370850943064,0.029712721658393094,-0.010777563265332902,0.03160698812426447,281.283793916019,4.43416996859014,4.312349949032068,5.542654951568691,0.19510621635134687,0.36318424114027775,0.03160698812426447
14C_phase_f_1000_px0.375_py0.875,14C_phase,1000.0,87.66172134418517,1000.0,15.0,0.0,Gaussian Fitting,10,10,1.0,0.2109158758069475,0.19483845311383496,0.08779505923969144,0.167569116218001,0.15528705800623155,0.22845892211579885,0.34654522705185153,0.34967041305121394,-0.04216482037637661,0.050027258905606685,0.06542628455736049,228.45881555118956,5.221100011840463,5.198800121434033,5.48399502877146,0.17324968907601743,0.27757980434014096,0.06542628455736049
14C_phase_f_1000_px0.375_py0.875,14C_phase,1000.0,87.66172134418517,1000.0,15.0,0.0,Intensity-Weighted Centroid,10,10,1.0,0.5125392774896,0.5061260452064075,0.2905832656764884,0.4290952087546794,0.40374799948055706,0.5891817591039067,0.9718967369010922,1.1575680525915026,-0.36000026742290175,0.11766912534377524,0.37874294132528713,589.181297594479,0.2497099805623293,0.24664995726197958,0.2743300050497055,0.3919989804547477,0.7743478123824267,0.37874294132528713
14C_phase_f_1000_px0.375_py0.875,14C_phase,1000.0,87.66172134418517,1000.0,15.0,0.0,PSF Fitting,10,10,1.0,0.20989721042012524,0.19389014699269919,0.08476246457314,0.1678244704572372,0.1519093856824227,0.22636588599579913,0.33838685092934934,0.3409073273180542,-0.04016740600675348,0.045212947988022736,0.06047835291307978,226.3657840808644,3.97792998701334,3.7627500714734197,4.491135035641491,0.1729929688975412,0.2749708082953804,0.06047835291307978
14C_phase_f_1000_px0.5_py0,14C_phase,1000.0,87.66172134418517,1000.0,15.0,0.0,Gaussian Fitting,10,10,1.0,0.2068736794358091,0.18172777715777227,0.13100497528859043,0.14443921014373728,0.19772793774964476,0.2448653156199834,0.38057932016457613,0.38555394332286747,0.019948532978332878,0.048525155275319774,0.05246555691576645,244.86527591041644,6.289629987441003,5.938350106589496,8.82392993662506,0.1612261754612987,0.31510624546650495,0.05246555691576645
14C_phase_f_1000_px0.5_py0,14C_phase,1000.0,87.66172134418517,1000.0,15.0,0.0,Intensity-Weighted Centroid,10,10,1.0,0.6568608269655799,0.6328023152983175,0.29354100197701527,0.65785688883705,0.2913018703222019,0.719466792731656,1.0083347534220664,1.0251499987842025,-0.5230507654454641,0.10277722093097737,0.5330527744748927,719.4667392350549,0.27655004523694515,0.24915009271353483,0.36644506035372615,0.5321309236209983,0.8662360256089632,0.5330527744748927
14C_phase_f_1000_px0.5_py0,14C_phase,1000.0,87.66172134418517,1000.0,15.0,0.0,PSF Fitting,10,10,1.0,0.20987797181503173,0.17991338022626074,0.13807599604045026,0.1478117167339391,0.2031389675368058,0.2512244887262261,0.39386280662731366,0.39569216941379276,0.02303074643346008,0.05154351332303122,0.056454840775294286,251.22444693605885,4.35632998123765,4.330600029788911,4.9787249648943535,0.16397430668583277,0.32405379405730217,0.056454840775294286
14C_phase_f_1000_px0.5_py0.125,14C_phase,1000.0,87.66172134418517,1000.0,15.0,0.0,Gaussian Fitting,10,10,1.0,0.1502955841742957,0.14818869274223673,0.09233740691579524,0.1355554429759124,0.11287019632228036,0.1763943290988289,0.28229480079114905,0.297450547817777,0.02630085722635158,0.03680398829081923,0.04523570099989265,176.39429795982318,5.839260038919747,5.628999904729426,6.808885151986033,0.11779801703596629,0.2236385682240466,0.04523570099989265
14C_phase_f_1000_px0.5_py0.125,14C_phase,1000.0,87.66172134418517,1000.0,15.0,0.0,Intensity-Weighted Centroid,10,10,1.0,0.5847708275372119,0.5102555096819394,0.3632879802513156,0.5819756437445754,0.36774913653429964,0.6884294279979872,1.1804331363923188,1.4508822894497109,-0.2515670068651616,-0.13872489155213544,0.28728131592438794,688.4292618038634,0.2506200224161148,0.24844997096806765,0.2771850558929145,0.43033961327125236,0.9468480251740853,0.28728131592438794
14C_phase_f_1000_px0.5_py0.125,14C_phase,1000.0,87.66172134418517,1000.0,15.0,0.0,PSF Fitting,10,10,1.0,0.1513756112863305,0.16323149437581175,0.08524242189740172,0.12842725825374865,0.11699267293582881,0.1737263543140328,0.26450966852374774,0.27651772273409997,0.02338942128724284,0.0369181372364892,0.04370370562280021,173.72632492514762,4.024120047688484,3.9134500548243523,4.4960300787352026,0.12174374150917457,0.214924635283743,0.04370370562280021
14C_phase_f_1000_px0.5_py0.25,14C_phase,1000.0,87.66172134418517,1000.0,15.0,0.0,Gaussian Fitting,10,10,1.0,0.1669366861462035,0.16205079578274223,0.08617571676891361,0.1404597433976069,0.12476045778527144,0.18786727054522315,0.28602772235179974,0.28955546745709226,-0.04236031383281898,-0.06809200568845881,0.08019300110790231,187.86725071826828,5.777839990332723,5.794400000013411,6.424420000985265,0.13151897609406324,0.23300623621314384,0.08019300110790231
14C_phase_f_1000_px0.5_py0.25,14C_phase,1000.0,87.66172134418517,1000.0,15.0,0.0,Intensity-Weighted Centroid,10,10,1.0,0.5195369239649001,0.4076395655789442,0.2765408045593749,0.5533399695968032,0.20052009873293422,0.5885519789697907,0.9763847156750994,1.0759170468377481,-0.45454520502072454,0.023048185050993198,0.45512917094103883,588.5519256801205,0.2539999783039093,0.2473999047651887,0.29127504676580424,0.38102171021987413,0.7660389445566281,0.45512917094103883
14C_phase_f_1000_px0.5_py0.25,14C_phase,1000.0,87.66172134418517,1000.0,15.0,0.0,PSF Fitting,10,10,1.0,0.16651640423317288,0.16296477682960783,0.08860405224059581,0.1390034784038881,0.12750068213080068,0.18862235008662057,0.28340163728740436,0.2835318006624177,-0.03458534833592921,-0.06891839093740373,0.07710960335080433,188.6223301720104,3.9662900380790234,4.009449970908463,4.331134969834238,0.13162474724271903,0.23316116469801124,0.07710960335080433
14C_phase_f_1000_px0.5_py0.375,14C_phase,1000.0,87.66172134418517,1000.0,15.0,0.0,Gaussian Fitting,10,10,1.0,0.1548231735732585,0.17958881585505754,0.075118296894798,0.11868203104196043,0.12460958675569665,0.17208420498020832,0.25724164300466595,0.2654601950381078,0.06268440649207604,-0.024599141253486324,0.06733834396295173,172.0841658607674,5.701579991728067,5.671750055626035,6.633865006733686,0.12478398638125511,0.20825052227304677,0.06733834396295173
14C_phase_f_1000_px0.5_py0.375,14C_phase,1000.0,87.66172134418517,1000.0,15.0,0.0,Intensity-Weighted Centroid,10,10,1.0,0.5656843938336783,0.5880874326328669,0.34939259464817807,0.2950870984680946,0.5958167696025709,0.6648864704759468,1.0834237185011923,1.2118483008710006,-0.1942923364896501,-0.3942905120657656,0.4395617361915059,664.8864068208601,0.25043997447937727,0.24924986064434052,0.2678800607100129,0.4556589107293952,0.8603508054887626,0.4395617361915059
14C_phase_f_1000_px0.5_py0.375,14C_phase,1000.0,87.66172134418517,1000.0,15.0,0.0,PSF Fitting,10,10,1.0,0.15495249724038504,0.17179076553960887,0.06969441892137873,0.11565999282874115,0.12446025264587772,0.16990464510960307,0.2559230670497921,0.2647961811664687,0.05905925593590382,-0.02553244787609401,0.06434206715864861,169.9046073558544,3.8892700104042888,3.921150113455951,4.151749855373055,0.1244326749366778,0.20584694235555134,0.06434206715864861
14C_phase_f_1000_px0.5_py0.5,14C_phase,1000.0,87.66172134418517,1000.0,15.0,0.0,Gaussian Fitting,10,10,1.0,0.13500639582221763,0.14469268558982185,0.07549561647651128,0.12763058877339095,0.08738848796856113,0.15468133378036855,0.22736981701202685,0.236094910791852,-0.077977097402254,0.004700962300830724,0.07811867104498411,154.68130098967532,5.968170007690787,5.828100023791194,7.231164979748428,0.11323304879239453,0.18976224581024817,0.07811867104498411
14C_phase_f_1000_px0.5_py0.5,14C_phase,1000.0,87.66172134418517,1000.0,15.0,0.0,Intensity-Weighted Centroid,10,10,1.0,0.7353188356749608,0.6901437610173653,0.26387560871005517,0.4978146856679679,0.6020836035832436,0.7812324410637862,1.0640575975695141,1.0898764527128437,-0.4552352288370571,-0.4465255536134919,0.6376709054082389,781.2323760034154,0.2480899216607213,0.24679990019649267,0.2691248897463083,0.604142329323366,0.9222332084570464,0.6376709054082389
14C_phase_f_1000_px0.5_py0.5,14C_phase,1000.0,87.66172134418517,1000.0,15.0,0.0,PSF Fitting,10,10,1.0,0.13196197739515772,0.13820745154015246,0.06580072694292166,0.12377003350632863,0.08015408879214671,0.1474574485885913,0.21548023581750658,0.2219913251130414,-0.07970625244794291,0.0003654384320270765,0.07970709017736632,147.4574182980019,3.7842700025066733,3.831150010228157,4.07437002286315,0.11103958871382073,0.1792655175362287,0.07970709017736632
14C_phase_f_1000_px0.5_py0.625,14C_phase,1000.0,87.66172134418517,1000.0,15.0,0.0,Gaussian Fitting,10,10,1.0,0.22457167139564746,0.24339023130367948,0.07749574428316877,0.16489408849482148,0.17102036590680927,0.2375668873716136,0.3254021062230935,0.35408708485079116,-0.033601279964261724,0.1263349940099147,0.13072710784960354,237.5667956459117,6.0854800045490265,6.056500016711652,6.611334928311408,0.19149543220693782,0.2772615014913219,0.13072710784960354
14C_phase_f_1000_px0.5_py0.625,14C_phase,1000.0,87.66172134418517,1000.0,15.0,0.0,Intensity-Weighted Centroid,10,10,1.0,0.6228222633299144,0.5836616914939012,0.17687583474815763,0.4860988525361535,0.4276687248096238,0.6474508727442221,0.8830122743865193,0.9253081512849843,-0.3944596271141904,0.22519088374887133,0.4542128703005495,647.4506121645517,0.2550399862229824,0.24944997858256102,0.2822900423780083,0.5393249317825156,0.7479715248562756,0.4542128703005495
14C_phase_f_1000_px0.5_py0.625,14C_phase,1000.0,87.66172134418517,1000.0,15.0,0.0,PSF Fitting,10,10,1.0,0.21999980611013475,0.23165588388437822,0.07648356277809223,0.1618932282435126,0.16745218037583498,0.23291554276975002,0.32513426009711055,0.35276494592312874,-0.031265687996790345,0.12011435561595363,0.12411688713043206,232.9154531647777,4.488600022159517,4.392100032418966,5.176474957261234,0.1858386429723408,0.2738547200483383,0.12411688713043206
14C_phase_f_1000_px0.5_py0.75,14C_phase,1000.0,87.66172134418517,1000.0,15.0,0.0,Gaussian Fitting,10,10,1.0,0.15145367682693273,0.13178345886542225,0.093876726814126,0.1189736466777787,0.13265114947832946,0.17818826016809025,0.29831337128266905,0.3183130692657917,-0.02425149584449855,-0.021269944589187163,0.03225748895253353,178.18820006201858,6.497559999115765,6.713450071401894,7.491704984568059,0.1125092931177079,0.23223594943527467,0.03225748895253353
14C_phase_f_1000_px0.5_py0.75,14C_phase,1000.0,87.66172134418517,1000.0,15.0,0.0,Intensity-Weighted Centroid,10,10,1.0,0.6443431260525794,0.5769953301666495,0.33992939734107724,0.5251477294083221,0.5049256594442018,0.7285122231423974,1.1665934147579085,1.3414704083127582,-0.36878466928828857,0.12559469227610406,0.389584598040017,728.5117950950754,0.2732100198045373,0.2530000638216734,0.36677503958344454,0.5026354767639556,0.9313209731719622,0.389584598040017
14C_phase_f_1000_px0.5_py0.75,14C_phase,1000.0,87.66172134418517,1000.0,15.0,0.0,PSF Fitting,10,10,1.0,0.15945680462006379,0.14820093128293393,0.09887788211699673,0.11707483496526533,0.14661784042005183,0.18762544633280398,0.2963708147019069,0.30030170880419804,-0.02012851124336521,-0.0282281576688888,0.03466966758210879,187.6253790659402,4.69309997279197,4.361849976703525,6.5333298989571595,0.12062673827117247,0.24024557510448952,0.03466966758210879
14C_phase_f_1000_px0.5_py0.875,14C_phase,1000.0,87.66172134418517,1000.0,15.0,0.0,Gaussian Fitting,10,10,1.0,0.17964183790089425,0.15582439526221334,0.12616350363314557,0.16949655752336726,0.13949672598713475,0.21951860871780757,0.36921741297999483,0.4151911553390989,0.08844671317382335,-0.028029112451690708,0.09278174505840091,219.51849629600108,5.575690022669733,5.5902000749483705,6.272359995637089,0.13112968044248516,0.29382906832211386,0.09278174505840091
14C_phase_f_1000_px0.5_py0.875,14C_phase,1000.0,87.66172134418517,1000.0,15.0,0.0,Intensity-Weighted Centroid,10,10,1.0,0.5915955741368838,0.557982077017821,0.26167380784713873,0.5661169361142536,0.31300178864693484,0.6468836874211393,0.9663036712822596,1.0815210861170006,-0.36420430361392847,0.1586440428593164,0.3972564752218083,646.8834522998061,0.2413000212982297,0.2436500508338213,0.2504149917513132,0.4808122528721216,0.7964461709640276,0.3972564752218083
14C_phase_f_1000_px0.5_py0.875,14C_phase,1000.0,87.66172134418517,1000.0,15.0,0.0,PSF Fitting,10,10,1.0,0.18020135301557372,0.1527660242779029,0.12486637816062543,0.1692635488776578,0.139334098644002,0.2192353530423315,0.3691766538319683,0.4121280144685676,0.08573530241787922,-0.02712535917308969,0.0899240078675007,219.23524056576267,4.132139985449612,4.1542500257492065,4.52991989441216,0.12871860525170958,0.29252965271455506,0.0899240078675007
14C_phase_f_1000_px0.625_py0,14C_phase,1000.0,87.66172134418517,1000.0,15.0,0.0,Gaussian Fitting,10,10,1.0,0.2704758291335013,0.2583172943320378,0.1459407102583311,0.2655659443591457,0.15469516557667945,0.30733672910370013,0.5096720726960828,0.5959885759999516,-0.0616975517018318,0.052049253087261604,0.0807199642773832,307.33665494912515,6.201560003682971,6.162149948067963,7.167005003429949,0.205998942397192,0.3985514770499228,0.0807199642773832
14C_phase_f_1000_px0.625_py0,14C_phase,1000.0,87.66172134418517,1000.0,15.0,0.0,Intensity-Weighted Centroid,10,10,1.0,0.66051265650353,0.6930898310005784,0.2265396056307391,0.5961885112551204,0.363533246578747,0.6982815781049081,0.9266116526402088,0.9679154236504841,0.5358360391966471,0.0326659494248247,0.5368308161364956,698.2810370898142,0.252470001578331,0.2413999754935503,0.3054499858990311,0.5585889517848401,0.8148710704404684,0.5368308161364956
14C_phase_f_1000_px0.625_py0,14C_phase,1000.0,87.66172134418517,1000.0,15.0,0.0,PSF Fitting,10,10,1.0,0.2739432404823162,0.26684513969675305,0.14491001200203216,0.26844048041116986,0.15486613271145358,0.30990935865891694,0.5036872491936377,0.5913908581101408,-0.06995928413577986,0.05305579659263913,0.08780215822444387,309.9092853085888,4.817159939557314,4.765799967572093,5.7078149751760066,0.21238747653928391,0.39982128424994984,0.08780215822444387
14C_phase_f_1000_px0.625_py0.125,14C_phase,1000.0,87.66172134418517,1000.0,15.0,0.0,Gaussian Fitting,10,10,1.0,0.18693582051812457,0.14053731651244494,0.1604221079584343,0.21730671649403477,0.11600881294622936,0.24633362278546556,0.48103902250638836,0.6031233850021007,0.06922339543015141,0.012665496812451238,0.07037253217261205,246.33349473308215,5.643269955180585,5.445500020869076,6.88899498200044,0.11882204393462283,0.36503020233183076,0.07037253217261205
14C_phase_f_1000_px0.625_py0.125,14C_phase,1000.0,87.66172134418517,1000.0,15.0,0.0,Intensity-Weighted Centroid,10,10,1.0,0.4941553654751413,0.4785692701354073,0.22530660184927598,0.2856744105654888,0.46189037791753046,0.5430953784232919,0.829416437683213,0.9507246805081202,0.12752629405340485,-0.2326665685139119,0.26532374145378385,543.0952168220562,0.24739999789744616,0.24624995421618223,0.26253507239744067,0.3878185430306873,0.6912789817511894,0.26532374145378385
14C_phase_f_1000_px0.625_py0.125,14C_phase,1000.0,87.66172134418517,1000.0,15.0,0.0,PSF Fitting,10,10,1.0,0.19607177544541785,0.15314613299674143,0.16259711054806505,0.22293517335585564,0.12321473112291666,0.2547193779140057,0.4910273196245255,0.604890757230096,0.07376450542371912,0.013705930032540437,0.07502702698669848,254.7192495523758,4.392479988746345,4.337750026024878,4.719149961601943,0.12818461179614193,0.3710861337035265,0.07502702698669848
14C_phase_f_1000_px0.625_py0.25,14C_phase,1000.0,87.66172134418517,1000.0,15.0,0.0,Gaussian Fitting,10,10,1.0,0.1731440265520749,0.17796096077806267,0.08254647551319158,0.16052947470509932,0.10499077245748993,0.19181442737791013,0.295055173440524,0.3224311409959307,-0.04556781927618658,-0.02688615188355925,0.05290832936970339,191.81437809205758,6.102410005405545,6.007349933497608,7.511804939713327,0.13849236049494304,0.24076225140900007,0.05290832936970339
14C_phase_f_1000_px0.625_py0.25,14C_phase,1000.0,87.66172134418517,1000.0,15.0,0.0,Intensity-Weighted Centroid,10,10,1.0,0.6429067822915281,0.6821601816553428,0.2651431692861839,0.44587952404537223,0.5336866880227019,0.6954351378349878,1.0411263958872803,1.1207437829345581,0.3108871923089396,-0.25290397695268896,0.4007633564838754,695.4348181212426,0.24846000596880913,0.2469499595463276,0.26534004136919975,0.531181130864547,0.8453969270900451,0.4007633564838754
14C_phase_f_1000_px0.625_py0.25,14C_phase,1000.0,87.66172134418517,1000.0,15.0,0.0,PSF Fitting,10,10,1.0,0.17018128383120204,0.1743584840266985,0.07820835134659708,0.15901970010441774,0.09894923226326706,0.18729179263061402,0.28864676688070356,0.3084335689355291,-0.05102205615219191,-0.02809185426685872,0.05824433440385299,187.29174484114478,4.358290019445121,4.301700042560697,5.013335053808987,0.13594177556418977,0.23448971365368046,0.05824433440385299
14C_phase_f_1000_px0.625_py0.375,14C_phase,1000.0,87.66172134418517,1000.0,15.0,0.0,Gaussian Fitting,10,10,1.0,0.1942379215601882,0.1998670098976178,0.039195370050400656,0.16343021001472607,0.11205004979897244,0.19815309032515657,0.24163363391993117,0.2490185735635212,0.030520260198488813,-0.04176089010064743,0.05172483179848739,198.15302454455266,6.404029997065663,6.326849921606481,7.4878800893202415,0.17381391885864012,0.21791243066575344,0.05172483179848739
14C_phase_f_1000_px0.625_py0.375,14C_phase,1000.0,87.66172134418517,1000.0,15.0,0.0,Intensity-Weighted Centroid,10,10,1.0,0.6493101358593687,0.7060388784401075,0.35141976342696035,0.44755230445703764,0.5871936966895742,0.7383085416387735,1.1221680989629972,1.1695160745284185,0.3643121316813108,-0.4839399784819875,0.6057402348064121,738.3082592462971,0.25564003735780716,0.2502499846741557,0.2927098888903856,0.5103658593962951,0.9081859798589651,0.6057402348064121
14C_phase_f_1000_px0.625_py0.375,14C_phase,1000.0,87.66172134418517,1000.0,15.0,0.0,PSF Fitting,10,10,1.0,0.19522176418181672,0.20415715153456476,0.045960534403554645,0.1658150825481098,0.11282405032830867,0.2005589886614938,0.24948762238575414,0.25097951754494974,0.04227963812608095,-0.046456231234753884,0.06281519896179014,200.55891885558077,5.38896000944078,5.40715001989156,6.354080024175345,0.17247912470632948,0.22422032069008033,0.06281519896179014
14C_phase_f_1000_px0.625_py0.5,14C_phase,1000.0,87.66172134418517,1000.0,15.0,0.0,Gaussian Fitting,10,10,1.0,0.13699532108649062,0.1446670737893608,0.0669473483091527,0.09986722374120702,0.1152224069677481,0.15247840976747384,0.23014344324531943,0.2488509994321357,0.01807767551250663,0.03172797660873812,0.036516665395680846,152.47835634379496,6.277159973978996,6.143900100141764,7.782109919935463,0.11116195331807777,0.1868942440022543,0.036516665395680846
14C_phase_f_1000_px0.625_py0.5,14C_phase,1000.0,87.66172134418517,1000.0,15.0,0.0,Intensity-Weighted Centroid,10,10,1.0,0.653651420824968,0.6865932302702786,0.23635277501818364,0.487522436425881,0.4954237460867903,0.6950703663696904,0.940864533481202,0.9787301148111758,0.419293416194796,-0.2159051394121775,0.4716163674946982,695.0700026201947,0.24517998099327087,0.24489988572895527,0.2621500170789659,0.5523893922443345,0.8230016243172109,0.4716163674946982
14C_phase_f_1000_px0.625_py0.5,14C_phase,1000.0,87.66172134418517,1000.0,15.0,0.0,PSF Fitting,10,10,1.0,0.13508375586056579,0.13131663145644645,0.06549426692932618,0.0955684658391248,0.11577473141909166,0.1501236826686808,0.23927007198268824,0.2484187068322258,0.0263727752166119,0.031026311244829685,0.040720452626253845,150.12362807349203,4.724379954859614,4.468349972739816,5.747829924803226,0.10719285456175882,0.18798223128732072,0.040720452626253845
14C_phase_f_1000_px0.625_py0.625,14C_phase,1000.0,87.66172134418517,1000.0,15.0,0.0,Gaussian Fitting,10,10,1.0,0.2039488535949177,0.19727202549193468,0.10267101655622345,0.18806109009520527,0.12949710002765535,0.22833412474566625,0.3495779097818338,0.3508946860213734,0.0030960803374000534,-0.013428469757627681,0.01378076607040249,228.33404640603118,6.380689959041774,6.386949913576245,6.951924902386963,0.1613056518158395,0.28394769555668065,0.01378076607040249
14C_phase_f_1000_px0.625_py0.625,14C_phase,1000.0,87.66172134418517,1000.0,15.0,0.0,Intensity-Weighted Centroid,10,10,1.0,0.6014749233931181,0.6438840317819052,0.22874455844410177,0.336765050654245,0.5483479343869075,0.6435030353374757,0.9212269743182693,1.0452780362953134,0.1057661264818762,0.2363369898325459,0.25892401641039237,643.502534134025,0.2630099654197693,0.25664991699159145,0.30714001040905714,0.49917025002741916,0.7721654120084419,0.25892401641039237
14C_phase_f_1000_px0.625_py0.625,14C_phase,1000.0,87.66172134418517,1000.0,15.0,0.0,PSF Fitting,10,10,1.0,0.20732162668918447,0.20268655757098433,0.10880660231016717,0.19414783207614192,0.1308730411485369,0.23413913299432124,0.3588427440260443,0.3639257378717643,0.0037046335447939783,-0.01188982099918121,0.012453600005371268,234.1390541674913,4.951209994032979,4.67170006595552,5.909989995416254,0.1639277110813322,0.29052369881070256,0.012453600005371268
14C_phase_f_1000_px0.625_py0.75,14C_phase,1000.0,87.66172134418517,1000.0,15.0,0.0,Gaussian Fitting,10,10,1.0,0.14849468588070355,0.12120473149988427,0.08987036530409734,0.09674627311667935,0.1441093783649545,0.17357233159320273,0.29657392176703,0.3500911706179816,0.0006638361340606025,0.009430830347548635,0.009454165190916056,173.5722221399802,6.2264499720185995,5.942999967373908,7.636249938514083,0.10947796497642608,0.23524948468598988,0.009454165190916056
14C_phase_f_1000_px0.625_py0.75,14C_phase,1000.0,87.66172134418517,1000.0,15.0,0.0,Intensity-Weighted Centroid,10,10,1.0,0.530068114301579,0.5151143486004682,0.2755762237684243,0.4864941029950136,0.34675344072809633,0.5974231841046147,0.9387106296233168,0.96409442732246,0.08461700875416227,0.22315496229166457,0.2386591195950748,597.4227206424795,0.2436100272461772,0.24399999529123306,0.2514700638130307,0.4198825590691184,0.7399924900520177,0.2386591195950748
14C_phase_f_1000_px0.625_py0.75,14C_phase,1000.0,87.66172134418517,1000.0,15.0,0.0,PSF Fitting,10,10,1.0,0.15009282587817677,0.12287977823981729,0.08701289537539515,0.09523167556738055,0.1450173379645873,0.1734909229375017,0.2935332335528004,0.34447561389879394,-0.005695824322560839,-0.0006049655081255878,0.00572786155379975,173.49081704881277,4.616590007208288,4.723299876786768,5.092754983343184,0.10861561674312836,0.2328347539233809,0.00572786155379975
14C_phase_f_1000_px0.625_py0.875,14C_phase,1000.0,87.66172134418517,1000.0,15.0,0.0,Gaussian Fitting,10,10,1.0,0.14241547971060817,0.11755948791045179,0.0935771096215081,0.10400120099158273,0.13499109044165394,0.17040787630364504,0.28456955677745166,0.32270152849121503,0.02188845471860077,-0.04244023787146034,0.047752259009960704,170.40779098372457,6.389920017682016,6.226049968972802,7.073960069101304,0.1053540564098001,0.22498848981995292,0.047752259009960704
14C_phase_f_1000_px0.625_py0.875,14C_phase,1000.0,87.66172134418517,1000.0,15.0,0.0,Intensity-Weighted Centroid,10,10,1.0,0.6304778349491266,0.6737277214293633,0.2527814679705477,0.6407221448034953,0.22555687546579445,0.6792648753700453,1.003755959390231,1.0373188865505167,0.4125448349184353,0.08862988257355937,0.42195793262229586,679.264096353612,0.2493400126695633,0.24970003869384527,0.25966999819502234,0.5108865001780846,0.815626916142637,0.42195793262229586
14C_phase_f_1000_px0.625_py0.875,14C_phase,1000.0,87.66172134418517,1000.0,15.0,0.0,PSF Fitting,10,10,1.0,0.14636335338668321,0.11225307983952511,0.09959368910525436,0.10706193639099322,0.14099246753071634,0.17703427386861895,0.30632173473012536,0.3322206887873461,0.03506857268624799,-0.054592797365694425,0.06488588686657855,177.0341779099953,4.511299962177873,4.387999884784222,5.323164945002645,0.1045912638710371,0.23367508446622984,0.06488588686657855
14C_phase_f_1000_px0.75_py0,14C_phase,1000.0,87.66172134418517,1000.0,15.0,0.0,Gaussian Fitting,10,10,1.0,0.16373998361243064,0.15118231483503763,0.08571603889742598,0.15402518603117152,0.1021482433805257,0.18481888853053982,0.31171686087179923,0.3189933171989128,0.06718777873894624,0.03390734106310447,0.07525892232714528,184.81879334583815,6.596589996479452,6.271749967709184,8.638950018212197,0.1246022515610582,0.23518000639382322,0.07525892232714528
14C_phase_f_1000_px0.75_py0,14C_phase,1000.0,87.66172134418517,1000.0,15.0,0.0,Intensity-Weighted Centroid,10,10,1.0,0.4775958480838668,0.5576510166755944,0.2706324534002898,0.4705504164750391,0.28270483634981436,0.5489441856331189,0.8291185440191384,0.8485924904844856,0.2511321652597303,-0.0971458290237706,0.2692669243051514,548.943685236971,0.2549099503085017,0.2414998598396778,0.3213050076737999,0.3810050198828331,0.6774664107264541,0.2692669243051514
14C_phase_f_1000_px0.75_py0,14C_phase,1000.0,87.66172134418517,1000.0,15.0,0.0,PSF Fitting,10,10,1.0,0.16853942955770557,0.1533833423407069,0.08786317137153313,0.16060210086679413,0.10164861728657344,0.19006703080518775,0.31288193087935645,0.3154343794450192,0.058498355968424676,0.026589306596429198,0.06425767562157411,190.0669332138223,4.347099945880473,4.3403999879956245,4.832099890336394,0.13060738138405442,0.23942003279778296,0.06425767562157411
14C_phase_f_1000_px0.75_py0.125,14C_phase,1000.0,87.66172134418517,1000.0,15.0,0.0,Gaussian Fitting,10,10,1.0,0.20546695519849187,0.1909400501136314,0.0837516461176508,0.1574258033312042,0.15635895993348217,0.2218806163367032,0.32759651768336073,0.33983159407254276,0.05515818129050558,0.017407389521770254,0.057839797486150625,221.88053966818774,6.150170019827783,5.95685001462698,7.775939896237103,0.1697964066841793,0.2689644399218035,0.057839797486150625
14C_phase_f_1000_px0.75_py0.125,14C_phase,1000.0,87.66172134418517,1000.0,15.0,0.0,Intensity-Weighted Centroid,10,10,1.0,0.5479836480751757,0.5285552094619846,0.2569417595772185,0.4994614291439541,0.34182367848043255,0.6052314816435239,0.8621240818455976,0.8663871289795556,0.3019513003573138,-0.0006338060627967934,0.30195196554683656,605.2309646406476,0.26110003236681223,0.2504501026123762,0.32234502723440517,0.45918981461008707,0.7352531574539517,0.30195196554683656
14C_phase_f_1000_px0.75_py0.125,14C_phase,1000.0,87.66172134418517,1000.0,15.0,0.0,PSF Fitting,10,10,1.0,0.19808934613303195,0.16876703105653204,0.08471730551018788,0.1531586760812147,0.15152171740502482,0.21544468177311468,0.3274181973990315,0.3426783790222075,0.05134872184053165,0.024003902577726423,0.056682259778675664,215.4446070104819,4.282339988276362,4.339600098319352,4.9772199359722435,0.161062082724233,0.266485864381165,0.056682259778675664
14C_phase_f_1000_px0.75_py0.25,14C_phase,1000.0,87.66172134418517,1000.0,15.0,0.0,Gaussian Fitting,10,10,1.0,0.18183888762645534,0.1850393011632736,0.06565121019526951,0.1350861025723325,0.13830114730235382,0.19332734533254758,0.28439184793527067,0.3310580731983747,-0.025921097587320217,0.07658410384316312,0.080851890896823,193.32728385410985,6.089859968051314,5.956099950708449,7.2432650369592,0.15066420226367414,0.23694397286684954,0.080851890896823
14C_phase_f_1000_px0.75_py0.25,14C_phase,1000.0,87.66172134418517,1000.0,15.0,0.0,Intensity-Weighted Centroid,10,10,1.0,0.6226239844459357,0.5565500581225501,0.28993095471728153,0.47246025677408154,0.49849963919703716,0.6868191789041765,1.0532540176575709,1.118129760714802,0.3027026103803337,-0.13622397199181932,0.3319425264654954,686.8188037935007,0.24532999377697706,0.2464499557390809,0.25761493016034365,0.5078171071986539,0.8507242551450476,0.3319425264654954
14C_phase_f_1000_px0.75_py0.25,14C_phase,1000.0,87.66172134418517,1000.0,15.0,0.0,PSF Fitting,10,10,1.0,0.1766345319578903,0.1749597308478462,0.06731440940989596,0.12931162488185693,0.1378749116576326,0.18902642036018685,0.2744173249633336,0.31348040987162545,-0.01971871146218973,0.07765867048840391,0.08012300970230456,189.02636137148033,4.197959997691214,4.30389994289726,4.652705078478903,0.14841403254703606,0.22917198094053287,0.08012300970230456
14C_phase_f_1000_px0.75_py0.375,14C_phase,1000.0,87.66172134418517,1000.0,15.0,0.0,Gaussian Fitting,10,10,1.0,0.1609227027091013,0.15154008337783725,0.06290590991834742,0.10799230186887396,0.13487376500609394,0.1727809878136395,0.2599436683342635,0.269552781569262,-0.004332516476119963,-0.04207881675631597,0.042301270886670406,172.78093987764262,6.012309994548559,5.7981000281870365,7.592855067923663,0.13257066619853802,0.21081310951885388,0.042301270886670406
14C_phase_f_1000_px0.75_py0.375,14C_phase,1000.0,87.66172134418517,1000.0,15.0,0.0,Intensity-Weighted Centroid,10,10,1.0,0.669419182191456,0.6777114166712984,0.2360411415391804,0.5069446029411044,0.49683461185175404,0.7098150899952728,0.9892750854536726,1.0121992058408467,0.1503638954732537,-0.3534354739532091,0.3840910508075151,709.8147158224327,0.24612999986857176,0.24415005464106798,0.2617450663819909,0.5558308496718296,0.8391738033140071,0.3840910508075151
14C_phase_f_1000_px0.75_py0.375,14C_phase,1000.0,87.66172134418517,1000.0,15.0,0.0,PSF Fitting,10,10,1.0,0.16726454718757303,0.14884455939534139,0.061785489365861875,0.11446405409444671,0.13672181889627733,0.17831117587533,0.2649402112993985,0.2676309953254645,-0.007659271677732704,-0.04758133229908026,0.04819385464962122,178.3111252119841,4.46530997287482,4.373849951662123,5.220385082066059,0.13956237370761196,0.21531039575499492,0.04819385464962122
14C_phase_f_1000_px0.75_py0.5,14C_phase,1000.0,87.66172134418517,1000.0,15.0,0.0,Gaussian Fitting,10,10,1.0,0.18367014637769424,0.13311889820755413,0.1014471470538819,0.14493124656071338,0.15172732148869325,0.2098243225076053,0.3571452383263778,0.3859724201407474,0.020932862799429585,0.06186807722284584,0.06531342682964782,209.82422548892472,6.468800012953579,6.048200069926679,8.54845002759248,0.13425460329563513,0.2722800353976585,0.06531342682964782
14C_phase_f_1000_px0.75_py0.5,14C_phase,1000.0,87.66172134418517,1000.0,15.0,0.0,Intensity-Weighted Centroid,10,10,1.0,0.6523044264113634,0.7013222771522724,0.2661600231368234,0.4144308279151325,0.5697274010486332,0.7045155943143149,0.9704304463447292,1.0022208495938987,0.2212159254609219,-0.4855100692797805,0.5335321106077773,704.5152574675878,0.2541400259360671,0.2525000600144267,0.27397999074310064,0.5565143965113148,0.8262150300816185,0.5335321106077773
14C_phase_f_1000_px0.75_py0.5,14C_phase,1000.0,87.66172134418517,1000.0,15.0,0.0,PSF Fitting,10,10,1.0,0.18706128991877752,0.1344054129886818,0.11001238893323707,0.1468675777959541,0.15976409639598044,0.2170130224315462,0.37598223515392765,0.41328600046643954,0.02304308385872673,0.06558887237813452,0.0695189462920399,217.0129204232309,4.2844700161367655,4.303049994632602,4.809629998635501,0.13532090247562972,0.2852967252704018,0.0695189462920399
14C_phase_f_1000_px0.75_py0.625,14C_phase,1000.0,87.66172134418517,1000.0,15.0,0.0,Gaussian Fitting,10,10,1.0,0.18828008283389933,0.20353457279960763,0.09345432916509733,0.13409512864086975,0.16186907581878304,0.21019776695207382,0.30665019271128535,0.314130070056237,-0.05466447103497103,0.01747782243672873,0.057390579981936106,210.19767425109478,6.155980005860329,6.199749885126948,6.501520064193755,0.15476242052832867,0.25410818090595705,0.057390579981936106
14C_phase_f_1000_px0.75_py0.625,14C_phase,1000.0,87.66172134418517,1000.0,15.0,0.0,Intensity-Weighted Centroid,10,10,1.0,0.4285914037685353,0.435655700855856,0.1782021390335517,0.24083278446307932,0.39679486345992043,0.4641622493702142,0.6848589238429431,0.72947460510851,0.08998644801181399,0.32640769061301855,0.3385846147082099,464.16187491893334,0.242860009893775,0.24069997016340494,0.2577150473371148,0.35963596426016237,0.5645374153894626,0.3385846147082099
14C_phase_f_1000_px0.75_py0.625,14C_phase,1000.0,87.66172134418517,1000.0,15.0,0.0,PSF Fitting,10,10,1.0,0.1896595927863734,0.1949456496198385,0.08409844486782564,0.13390111891411444,0.15847334134998184,0.2074688158858571,0.29394175443135523,0.29539077374545436,-0.05113233054765942,0.029706890563352316,0.05913556099487089,207.46872354861338,4.62828993331641,4.371649934910238,5.158639932051301,0.1547751902513786,0.2482753820477045,0.05913556099487089
14C_phase_f_1000_px0.75_py0.75,14C_phase,1000.0,87.66172134418517,1000.0,15.0,0.0,Gaussian Fitting,10,10,1.0,0.17015505409243023,0.17999229700533115,0.06623164792602937,0.15247024139846177,0.10045993782642994,0.18259072709257543,0.2526088196844163,0.27540218631331415,0.062031763902132296,-0.01800137738931653,0.06459093837933058,182.59061443008676,6.342500005848706,6.106549990363419,7.911399879958479,0.1420752808956317,0.21626784792746528,0.06459093837933058
14C_phase_f_1000_px0.75_py0.75,14C_phase,1000.0,87.66172134418517,1000.0,15.0,0.0,Intensity-Weighted Centroid,10,10,1.0,0.5156260906959853,0.533865760207044,0.19569568162760959,0.3921695493263165,0.38777584993822545,0.5515134315808811,0.772723480239656,0.8157500217312716,0.14851805668110957,0.19360190166399888,0.2440067816439739,551.5129029167136,0.2693399554118514,0.24604995269328356,0.36375501658767456,0.44576666329277514,0.6485386577445412,0.2440067816439739
14C_phase_f_1000_px0.75_py0.75,14C_phase,1000.0,87.66172134418517,1000.0,15.0,0.0,PSF Fitting,10,10,1.0,0.16673783419911187,0.17627974355316367,0.07010383055185854,0.1468422679546376,0.10560966221607106,0.18087579277353344,0.2594704669717789,0.2882262243310626,0.0568439953983102,-0.02580403904734112,0.06242666292538643,180.875683745865,4.368469980545342,4.318200051784515,5.230704974383115,0.13825762948703077,0.21768848659674253,0.06242666292538643
14C_phase_f_1000_px0.75_py0.875,14C_phase,1000.0,87.66172134418517,1000.0,15.0,0.0,Gaussian Fitting,10,10,1.0,0.20296873018975953,0.20695652675494042,0.0766157702515301,0.12582918975501345,0.17672944489155015,0.2169476473393492,0.31271793844407203,0.36415002360242194,0.03082438383189583,-0.0996555541297198,0.10431381551605498,216.94751710814745,6.61968004424125,6.111100083217025,8.604574983473865,0.17030530770727623,0.2655012501089498,0.10431381551605498
14C_phase_f_1000_px0.75_py0.875,14C_phase,1000.0,87.66172134418517,1000.0,15.0,0.0,Intensity-Weighted Centroid,10,10,1.0,0.47406224309940814,0.46991084756300533,0.2951138358304851,0.42354008044406233,0.36392442441867245,0.5584148873651426,0.9197367315686028,1.0161678143148158,0.3135079687313237,0.22403929314110654,0.3853321311923096,558.4141524879808,0.2729900414124131,0.25379995349794626,0.35274012479931116,0.3726793705165401,0.718678813705272,0.3853321311923096
14C_phase_f_1000_px0.75_py0.875,14C_phase,1000.0,87.66172134418517,1000.0,15.0,0.0,PSF Fitting,10,10,1.0,0.19754014124360425,0.20111809497073757,0.0811362970298332,0.12192261138580573,0.17532850005381967,0.21355375458712136,0.31143628435898785,0.3642985553160087,0.03151524240264507,-0.0959581531310846,0.10100087948144887,213.5536258706113,4.671369981952012,4.318249993957579,6.51396479224786,0.1640188593481961,0.2639223927358662,0.10100087948144887
14C_phase_f_1000_px0.875_py0,14C_phase,1000.0,87.66172134418517,1000.0,15.0,0.0,Gaussian Fitting,10,10,1.0,0.16371070327188225,0.14454621637171922,0.1047440394279992,0.09992424077964848,0.166696293498324,0.19435150671262763,0.3288289164798284,0.3305409234087315,0.0017312095407532979,0.03209477243412948,0.032141429714195244,194.3514615617649,6.255590007640421,6.269549950957298,7.22265001386404,0.12028807156034085,0.2557730041670214,0.032141429714195244
14C_phase_f_1000_px0.875_py0,14C_phase,1000.0,87.66172134418517,1000.0,15.0,0.0,Intensity-Weighted Centroid,10,10,1.0,0.35125543355016764,0.35484549755508854,0.1360584892832026,0.290597024659871,0.23967824549460878,0.3766859329793769,0.5319120444426737,0.5733669558272456,0.09646335784577786,-0.09239240131521456,0.13357220978809273,376.68572427598093,0.2481900155544281,0.24750002194195986,0.2685300656594336,0.2895153002418334,0.45309908125650367,0.13357220978809273
14C_phase_f_1000_px0.875_py0,14C_phase,1000.0,87.66172134418517,1000.0,15.0,0.0,PSF Fitting,10,10,1.0,0.16554854765756521,0.14254599247308147,0.10357073461436497,0.1029009459604993,0.16596570133772445,0.195277286697886,0.32842896154197754,0.3328505244686419,-0.0025625543311207366,0.03304191767047086,0.033141137699875665,195.27723954355454,4.600030020810664,4.678099998272955,5.1120000425726175,0.12198289759791643,0.2557555921055381,0.033141137699875665
14C_phase_f_1000_px0.875_py0.125,14C_phase,1000.0,87.66172134418517,1000.0,15.0,0.0,Gaussian Fitting,10,10,1.0,0.1723547612985073,0.152440873563914,0.07745858622760646,0.13195858169505126,0.13525135503822303,0.18896030356306312,0.29157328628962975,0.29209921962225766,-0.025092684782111973,0.06886195950092996,0.07329128390117172,188.9602310486694,6.0782699612900615,6.249699974432588,6.874304939992726,0.13758084088328174,0.23312004329860334,0.07329128390117172
14C_phase_f_1000_px0.875_py0.125,14C_phase,1000.0,87.66172134418517,1000.0,15.0,0.0,Intensity-Weighted Centroid,10,10,1.0,0.5098076581852038,0.4887935234020762,0.2507261031031978,0.4060236751763202,0.39738168342024893,0.5681262422398713,0.8832258705662761,1.022328443829735,0.03384204703110072,-0.17044993488162846,0.173777053860418,568.1259328858254,0.24603998754173517,0.2425500424578786,0.26895501650869846,0.40072654293290605,0.7238031116501662,0.173777053860418
14C_phase_f_1000_px0.875_py0.125,14C_phase,1000.0,87.66172134418517,1000.0,15.0,0.0,PSF Fitting,10,10,1.0,0.16744275102739242,0.16297109924150277,0.06851786742102758,0.13016008914048818,0.1256587610255927,0.1809192444919745,0.25793691525315277,0.276025742509652,-0.030728072826184415,0.05955730067959166,0.06701706143849179,180.91917357066728,4.338879976421595,4.283800022676587,5.025730095803737,0.13876868596139066,0.21688073599977117,0.06701706143849179
14C_phase_f_1000_px0.875_py0.25,14C_phase,1000.0,87.66172134418517,1000.0,15.0,0.0,Gaussian Fitting,10,10,1.0,0.09333873121777257,0.0714257254007915,0.05081160680859014,0.07896231560809633,0.07112588028011844,0.10627294167291294,0.1761607461478383,0.17792973113429708,-0.03249395123268641,0.01094851835908912,0.03428887459470658,106.2728971608791,6.50773998349905,5.971449892967939,8.324064977932721,0.0723637488527362,0.13678611464592352,0.03428887459470658
14C_phase_f_1000_px0.875_py0.25,14C_phase,1000.0,87.66172134418517,1000.0,15.0,0.0,Intensity-Weighted Centroid,10,10,1.0,0.4292046551964074,0.39754983585139647,0.2433009153980168,0.34779981804723825,0.3499246462341397,0.49336798789116815,0.8153439109485603,0.9905745306653246,0.08568520749352046,-0.106032709536521,0.13632641077525617,493.36766041962903,0.27521997690200806,0.24020008277148008,0.39813502226024855,0.3198063403338914,0.6589522992650011,0.13632641077525617
14C_phase_f_1000_px0.875_py0.25,14C_phase,1000.0,87.66172134418517,1000.0,15.0,0.0,PSF Fitting,10,10,1.0,0.08976340853444506,0.07534836507523365,0.04705134495421059,0.07715365525516263,0.06571614759318532,0.10134741522960418,0.1611312584329508,0.16669449148850843,-0.028452511628540834,0.005622657834169331,0.029002753301926303,101.34737167986934,4.730360000394285,4.736300092190504,5.7141849072650075,0.0714692004574483,0.12813173016681442,0.029002753301926303
14C_phase_f_1000_px0.875_py0.375,14C_phase,1000.0,87.66172134418517,1000.0,15.0,0.0,Gaussian Fitting,10,10,1.0,0.1779683862885219,0.20398549709711647,0.07600885355719958,0.09032508087336923,0.17114751561866057,0.19352026337626857,0.2675333574215331,0.28280394068873094,-0.01025674624977455,-0.043616561493570315,0.044806308486134684,193.52021463962495,6.289389985613525,5.975350039079785,8.297809946816415,0.14846579386373568,0.22869843200330778,0.044806308486134684
14C_phase_f_1000_px0.875_py0.375,14C_phase,1000.0,87.66172134418517,1000.0,15.0,0.0,Intensity-Weighted Centroid,10,10,1.0,0.435286884571562,0.3686632036064043,0.22308294279462848,0.2852058915112292,0.3973641537597632,0.4891223479314023,0.853915000312701,0.9438009650197224,-0.18159250439356356,-0.187447780395064,0.26098373134538966,489.12225125172796,0.2602300373837352,0.2504499861970544,0.3215350676327944,0.32370275471438265,0.6456875780806423,0.26098373134538966
14C_phase_f_1000_px0.875_py0.375,14C_phase,1000.0,87.66172134418517,1000.0,15.0,0.0,PSF Fitting,10,10,1.0,0.17660500609443539,0.19199216264913377,0.0738445172881314,0.08199593849471742,0.17297111603242668,0.19142189245520666,0.26819001584763247,0.27412402168830585,-0.006724874635517608,-0.049965882943888575,0.050416400081975336,191.421848578893,5.138619989156723,4.910349962301552,7.025350118055938,0.14772398959571603,0.22678711663943504,0.050416400081975336
14C_phase_f_1000_px0.875_py0.5,14C_phase,1000.0,87.66172134418517,1000.0,15.0,0.0,Gaussian Fitting,10,10,1.0,0.15744521252839083,0.17439729413023675,0.07679254347244491,0.1325766782384607,0.11449678627949851,0.17517445499009693,0.24831274068845774,0.25154833156434236,-0.006016910881237436,0.03375929281726257,0.03429129726438517,175.1743580532105,6.08772998675704,5.944399978034198,7.518705073744057,0.13039584971266546,0.2117044334902602,0.03429129726438517
14C_phase_f_1000_px0.875_py0.5,14C_phase,1000.0,87.66172134418517,1000.0,15.0,0.0,Intensity-Weighted Centroid,10,10,1.0,0.6183749846144451,0.5399778102295465,0.18799225093737362,0.35082050494512135,0.5428201187497251,0.6463193545062809,0.9151616707558271,0.9306839677084977,0.2943664427876115,-0.3577314961275988,0.46327467658088367,646.3190449369954,0.2541100140661001,0.2510499907657504,0.2808650955557823,0.5156203576760294,0.7648562258061276,0.46327467658088367
14C_phase_f_1000_px0.875_py0.5,14C_phase,1000.0,87.66172134418517,1000.0,15.0,0.0,PSF Fitting,10,10,1.0,0.16032585986959874,0.17801831340751,0.07814352208187303,0.13626125853632232,0.11508110534915766,0.17835579997938503,0.24873735633257305,0.25368387207852405,-0.006198281414208395,0.027227447791074156,0.027924050667934804,178.35569924657258,4.3833199655637145,4.325649933889508,5.330234998837113,0.13212942092949967,0.21514337045231816,0.027924050667934804
14C_phase_f_1000_px0.875_py0.625,14C_phase,1000.0,87.66172134418517,1000.0,15.0,0.0,Gaussian Fitting,10,10,1.0,0.20420351917334453,0.20818000547964272,0.1090784395049455,0.14416298791179474,0.181146946217584,0.23151065463086695,0.3608159032405354,0.375887565781504,-0.004749721688096997,0.019434758721217804,0.020006741430486138,231.51052229139765,6.063729943707585,5.998349981382489,6.688534864224493,0.16382213636417514,0.2925564869667541,0.020006741430486138
14C_phase_f_1000_px0.875_py0.625,14C_phase,1000.0,87.66172134418517,1000.0,15.0,0.0,Intensity-Weighted Centroid,10,10,1.0,0.6066634200927326,0.6202860680940417,0.2964481977034448,0.43257361297295205,0.5184612893551058,0.6752199931875773,1.05460523808677,1.2147443135462201,0.15418087173413825,0.30645866602694694,0.34305780153162907,675.2191599399151,0.24315002374351025,0.2436500508338213,0.25560008361935616,0.4901158953955387,0.8517910683779513,0.34305780153162907
14C_phase_f_1000_px0.875_py0.625,14C_phase,1000.0,87.66172134418517,1000.0,15.0,0.0,PSF Fitting,10,10,1.0,0.1975886070227361,0.20976159945413902,0.10179344983779773,0.13339105413173674,0.17779198725670842,0.22226822547333544,0.3371436760248154,0.3468105754079908,-0.0007167457129867216,0.018479881406108234,0.018493775742149294,222.26810115360067,4.442929965443909,4.372700001113117,4.956135014072061,0.16095412784498844,0.2766476474314582,0.018493775742149294
14C_phase_f_1000_px0.875_py0.75,14C_phase,1000.0,87.66172134418517,1000.0,15.0,0.0,Gaussian Fitting,10,10,1.0,0.16806738172654295,0.15504033836654568,0.06400311502497735,0.13703193254867413,0.11647013778343186,0.179841718000346,0.26053339694476046,0.27128902571400476,-0.11780079183079124,0.026171996668529117,0.1206731120240914,179.8416053267534,6.119990022853017,6.1232500011101365,6.721829948946834,0.13863596798359692,0.21568093929192977,0.1206731120240914
14C_phase_f_1000_px0.875_py0.75,14C_phase,1000.0,87.66172134418517,1000.0,15.0,0.0,Intensity-Weighted Centroid,10,10,1.0,0.4582406801174098,0.4958238529715323,0.20273116581786021,0.38987872873419926,0.3147682058101481,0.5010832730278821,0.7445118095370021,0.836034907302653,0.20104521044287366,-0.023737902774905707,0.2024417562415675,501.08278117270544,0.2577500184997916,0.24860003031790257,0.3043099772185087,0.3674257490011987,0.6200391246433512,0.2024417562415675
14C_phase_f_1000_px0.875_py0.75,14C_phase,1000.0,87.66172134418517,1000.0,15.0,0.0,PSF Fitting,10,10,1.0,0.17010034119040007,0.16671448403549166,0.06677177191629849,0.14466511240237406,0.1116449768307611,0.1827364101593678,0.25742003199029734,0.2601251425210076,-0.12320350228739016,0.028643032749403118,0.12648923393302028,182.73629517749333,4.920549923554063,4.528099903836846,6.305644940584898,0.13990888390665424,0.22060689412648968,0.12648923393302028
14C_phase_f_1000_px0.875_py0.875,14C_phase,1000.0,87.66172134418517,1000.0,15.0,0.0,Gaussian Fitting,10,10,1.0,0.14345230553719854,0.12221149332942442,0.04889481795125512,0.1181439428329244,0.0949277407205862,0.15155615192536445,0.23160402715765907,0.24284360809637898,-0.05689833711983283,-0.025104160045111713,0.062190349883022286,151.55603899330342,6.269890000112355,5.882199970073998,8.614765026140955,0.11554551980792847,0.18245048127501548,0.062190349883022286
14C_phase_f_1000_px0.875_py0.875,14C_phase,1000.0,87.66172134418517,1000.0,15.0,0.0,Intensity-Weighted Centroid,10,10,1.0,0.534125371043797,0.5236791114075678,0.3029090174421398,0.3650212323891228,0.4937644020639421,0.6140389115035271,1.0119153517840884,1.2143179430657103,-0.015296429586146586,0.2789448350697398,0.27936392353016576,614.0380691827986,0.2471699845045805,0.24540000595152378,0.2657699165865779,0.4110720166916046,0.8144888788384401,0.27936392353016576
14C_phase_f_1000_px0.875_py0.875,14C_phase,1000.0,87.66172134418517,1000.0,15.0,0.0,PSF Fitting,10,10,1.0,0.14628135397359765,0.12422144107002914,0.05671543349747628,0.1220188170460278,0.09862192050372791,0.15689128375137873,0.24184957971185655,0.24279212895408347,-0.058525738374260075,-0.014310640100950423,0.06024994997799806,156.89116655573685,5.069539998658001,4.753699991852045,7.408224977552886,0.11532330709042546,0.19153513119055424,0.06024994997799806
14C_phase_f_1000_px0_py0,14C_phase,1000.0,87.66172134418517,1000.0,15.0,0.0,Gaussian Fitting,10,10,1.0,0.1619260082742821,0.15512351773127786,0.08288086626212232,0.11514402353651562,0.14082302365673385,0.18190456329625895,0.3063929696781046,0.3219474231859097,-0.016747690686634085,0.0018071058410782826,0.016844903527655754,181.9045607549235,6.760470033623278,6.248850026167929,9.479444986209273,0.12580247120655974,0.235651233406483,0.016844903527655754
14C_phase_f_1000_px0_py0,14C_phase,1000.0,87.66172134418517,1000.0,15.0,0.0,Intensity-Weighted Centroid,10,10,1.0,0.4784698876649349,0.49186135350255267,0.18897719685205858,0.40468396431372006,0.3176109307934615,0.5144373764921802,0.7456315754559126,0.8099626139622454,0.10697949498544404,-0.0771145399845409,0.13187594407005399,514.4373297863071,0.2596499864012003,0.24440011475235224,0.33200004836544383,0.40391181916708396,0.622421637129755,0.13187594407005399
14C_phase_f_1000_px0_py0,14C_phase,1000.0,87.66172134418517,1000.0,15.0,0.0,PSF Fitting,10,10,1.0,0.16051720893495783,0.15172785921753085,0.08349053089061853,0.11228458480079082,0.141875350673682,0.1809321505776854,0.3069598608265535,0.3180664454981001,-0.016445389844818692,-0.003902604658924247,0.016902105498189362,180.93214796074855,4.418110009282827,4.308250034227967,5.406214983668178,0.12362917469736652,0.2351436461781539,0.016902105498189362
14C_phase_f_1000_px0_py0.125,14C_phase,1000.0,87.66172134418517,1000.0,15.0,0.0,Gaussian Fitting,10,10,1.0,0.19936719282695572,0.18579135872729108,0.0930728543321162,0.13602619767154084,0.17293555833387989,0.220022348385858,0.3600088211138133,0.3718160631212847,-0.014878594254184918,0.10371303580229778,0.10477483649383265,220.02233762690474,5.894519994035363,5.603249999694526,7.190739945508539,0.15605566609802485,0.27795937955519234,0.10477483649383265
14C_phase_f_1000_px0_py0.125,14C_phase,1000.0,87.66172134418517,1000.0,15.0,0.0,Intensity-Weighted Centroid,10,10,1.0,0.40655382757521413,0.3325237288382076,0.24665873379874684,0.2512192504730618,0.40375169828374835,0.47552764974842204,0.8618608839076181,0.8972123591901987,0.07806510137163514,-0.09085512182512048,0.11978653185571889,475.52760110426533,0.25382000021636486,0.2499499823898077,0.2873650286346674,0.2827819356267994,0.6318194042513369,0.11978653185571889
14C_phase_f_1000_px0_py0.125,14C_phase,1000.0,87.66172134418517,1000.0,15.0,0.0,PSF Fitting,10,10,1.0,0.19568897350398165,0.167758192078496,0.0926828510719454,0.13269535286579037,0.17110297648401623,0.2165277932134035,0.36058693051523333,0.37303268314978794,-0.02157477374789778,0.11033527476902236,0.1124248358710327,216.5277823080504,4.123019962571561,4.072900046594441,4.79598498204723,0.1517770706278644,0.27587095885324325,0.1124248358710327
14C_phase_f_1000_px0_py0.25,14C_phase,1000.0,87.66172134418517,1000.0,15.0,0.0,Gaussian Fitting,10,10,1.0,0.17901240204169527,0.16762644941607752,0.08151407618576703,0.1334026373836514,0.14454660508030823,0.1966976987693465,0.3079450031215225,0.35043744784234154,-0.02821305058607777,0.07022445612982438,0.07567992112906971,196.69768069902037,5.51509999204427,5.36275003105402,6.45125996088609,0.14349685983863106,0.2472218906133302,0.07567992112906971
14C_phase_f_1000_px0_py0.25,14C_phase,1000.0,87.66172134418517,1000.0,15.0,0.0,Intensity-Weighted Centroid,10,10,1.0,0.3937326383302462,0.39398834448783937,0.13520845423238353,0.32729072353526395,0.2572693119479477,0.4163012329820884,0.596014886792459,0.6051194601960287,0.044789684150862284,0.029552072006777053,0.05366042085399387,416.3011991547961,0.2646699780598283,0.25019992608577013,0.340599997434765,0.3362341229656832,0.48956162791264857,0.05366042085399387
14C_phase_f_1000_px0_py0.25,14C_phase,1000.0,87.66172134418517,1000.0,15.0,0.0,PSF Fitting,10,10,1.0,0.18331310833314532,0.17923596600184782,0.07906671780162079,0.13725513419130392,0.1449698923528874,0.1996377758608841,0.30634040397082685,0.3492776084570184,-0.02820885258817043,0.06731325714931699,0.07298502553531926,199.6377581375299,4.086609953083098,4.024849971756339,4.660934989806264,0.1487684728653926,0.24851066236812883,0.07298502553531926
14C_phase_f_1000_px0_py0.375,14C_phase,1000.0,87.66172134418517,1000.0,15.0,0.0,Gaussian Fitting,10,10,1.0,0.22901964866253294,0.22811107811626197,0.08755383811255989,0.18510014337815273,0.16079058107718147,0.24518497923353777,0.36793400067649756,0.40571506501856364,0.04706741001671162,0.030833420265832957,0.05626758294942767,245.18495548040494,6.002409989014268,5.949549959041178,7.109785033389926,0.18722892047610284,0.29844702512221466,0.05626758294942767
14C_phase_f_1000_px0_py0.375,14C_phase,1000.0,87.66172134418517,1000.0,15.0,0.0,Intensity-Weighted Centroid,10,10,1.0,0.44437371110393986,0.41028175111744625,0.24181415321821007,0.32792168570381586,0.38523946820399335,0.5059071849825102,0.7912598368587399,0.9096757909039739,0.014187602340268769,-0.26980090117330063,0.27017367439128986,505.9071567623083,0.25308001786470413,0.25150005239993334,0.27438492979854345,0.34472670434696123,0.6472674576854961,0.27017367439128986
14C_phase_f_1000_px0_py0.375,14C_phase,1000.0,87.66172134418517,1000.0,15.0,0.0,PSF Fitting,10,10,1.0,0.23233966336919396,0.2311626003681428,0.09278408937229435,0.18901983118072516,0.1638966437593108,0.2501811472016952,0.36747200698023386,0.41478006275718277,0.050316046933505734,0.020732331246392732,0.054419979216505626,250.18112445408005,4.064689949154854,4.069949965924025,4.595249937847257,0.18995211288960986,0.3044019904994317,0.054419979216505626
14C_phase_f_1000_px0_py0.5,14C_phase,1000.0,87.66172134418517,1000.0,15.0,0.0,Gaussian Fitting,10,10,1.0,0.1771012120418791,0.1291145952015732,0.11473502493186052,0.1598091623787413,0.1378041975870923,0.2110188741625196,0.35762928905929203,0.39416162128550886,-0.0710170671049923,-0.022247534220696252,0.0744202700821223,211.01884393119823,6.1263300478458405,5.9966499684378505,7.413729943800718,0.12414888868952047,0.28036107591499604,0.0744202700821223
14C_phase_f_1000_px0_py0.5,14C_phase,1000.0,87.66172134418517,1000.0,15.0,0.0,Intensity-Weighted Centroid,10,10,1.0,0.7000216058420248,0.7059406870356153,0.3445494476095369,0.2639449893145404,0.7342190498137673,0.7802208472565214,1.2551539714802618,1.3456778804861764,0.17662064468159996,-0.5886945656856483,0.6146186978896412,780.220760113513,0.2518499968573451,0.24889991618692875,0.2733099856413901,0.5532016762295473,0.9777641538067249,0.6146186978896412
14C_phase_f_1000_px0_py0.5,14C_phase,1000.0,87.66172134418517,1000.0,15.0,0.0,PSF Fitting,10,10,1.0,0.17672936637269807,0.1268645993104159,0.114439716386015,0.1574102645890081,0.1398274873800762,0.2105462363116636,0.3562253671458757,0.3812776218153753,-0.07493547043093259,-0.02304535608172955,0.0783990635507777,210.54620618506775,4.291939991526306,4.3103499338030815,4.965475003700703,0.12516000265069893,0.2764951001673231,0.0783990635507777
14C_phase_f_1000_px0_py0.625,14C_phase,1000.0,87.66172134418517,1000.0,15.0,0.0,Gaussian Fitting,10,10,1.0,0.18628303913906055,0.1538324617676686,0.10092267215151238,0.13628436564209226,0.1622138345105587,0.21186494855234178,0.3554232453102585,0.4228278315362116,0.003844782930764268,-0.0672024157301621,0.06731230968964172,211.86491717248273,6.629469944164157,5.943199852481484,10.412279993761327,0.1393351412200222,0.2824050550469613,0.06731230968964172
14C_phase_f_1000_px0_py0.625,14C_phase,1000.0,87.66172134418517,1000.0,15.0,0.0,Intensity-Weighted Centroid,10,10,1.0,0.42396478773713575,0.35416409589296216,0.23130726658954323,0.31126763597790125,0.3692717855602419,0.48295878997914565,0.7457947481580591,0.7867630941347981,0.038607240309943336,0.2995876378218895,0.30206501243945705,482.9585160694514,0.24715997278690338,0.24620001204311848,0.2613250515423715,0.3311397780653872,0.6064701043559095,0.30206501243945705
14C_phase_f_1000_px0_py0.625,14C_phase,1000.0,87.66172134418517,1000.0,15.0,0.0,PSF Fitting,10,10,1.0,0.18268191734855846,0.14570268455990587,0.10656036836435094,0.14134796762904667,0.15731670947241963,0.21148946789873888,0.3587347503828542,0.4212521207586923,0.0077249747161886265,-0.06493274826011657,0.06539064941547396,211.48943859472027,4.973970004357398,4.530949983745813,6.503460055682807,0.13433945312724807,0.2826615213937007,0.06539064941547396
14C_phase_f_1000_px0_py0.75,14C_phase,1000.0,87.66172134418517,1000.0,15.0,0.0,Gaussian Fitting,10,10,1.0,0.20675270195694068,0.18596970878280283,0.09776846337743395,0.20011225776104258,0.11072685533084661,0.22870363398442134,0.3640080542179669,0.38161050860823126,-0.0526805776547576,0.028891072920885108,0.060082754235794206,228.70359263133253,7.216569990850985,6.679050042293966,10.275484924204644,0.15820556197115682,0.2887666133514188,0.060082754235794206
14C_phase_f_1000_px0_py0.75,14C_phase,1000.0,87.66172134418517,1000.0,15.0,0.0,Intensity-Weighted Centroid,10,10,1.0,0.3980201775272919,0.3962116030858497,0.21572945787719244,0.25025348512024514,0.37726973626308213,0.45272426565719265,0.6876676719874294,0.7369485451312617,-0.09971599296710565,0.1269420529891022,0.16142355488126228,452.7239591536234,0.27066997718065977,0.2531500067561865,0.32457001507282257,0.32023063697267706,0.5557281423166477,0.16142355488126228
14C_phase_f_1000_px0_py0.75,14C_phase,1000.0,87.66172134418517,1000.0,15.0,0.0,PSF Fitting,10,10,1.0,0.19578363177334196,0.18311623153072545,0.10492387203487442,0.1939997689541128,0.10818659361908528,0.22212665169481635,0.359522548735257,0.38158082107678,-0.05018983353180602,0.02823332106544285,0.057585934118800045,222.1266110158582,4.957200028002262,4.63300000410527,6.552370055578648,0.1484265950068606,0.2836263684305195,0.057585934118800045
14C_phase_f_1000_px0_py0.875,14C_phase,1000.0,87.66172134418517,1000.0,15.0,0.0,Gaussian Fitting,10,10,1.0,0.18588608429852047,0.15541650494714054,0.08808070868339521,0.17658001093246284,0.10550520042678983,0.20569843844328475,0.3467369775857748,0.4037874862345194,-0.10978415517337226,-0.052580385306521295,0.12172615842995013,205.69839542655492,6.591510027647018,6.235550157725811,8.606659958604721,0.14270113941218443,0.2750120928555177,0.12172615842995013
14C_phase_f_1000_px0_py0.875,14C_phase,1000.0,87.66172134418517,1000.0,15.0,0.0,Intensity-Weighted Centroid,10,10,1.0,0.4436029218432253,0.3835906305583607,0.15827747843292161,0.3680773098877883,0.2938612025986073,0.47099396221918877,0.7124359515434785,0.7372355847784754,-0.20011069980380397,0.04384705441236747,0.2048581371501002,470.99381642138434,0.25709006004035473,0.2503999276086688,0.3064151504077016,0.3598303172398828,0.5737296248498462,0.2048581371501002
14C_phase_f_1000_px0_py0.875,14C_phase,1000.0,87.66172134418517,1000.0,15.0,0.0,PSF Fitting,10,10,1.0,0.1954114642038122,0.16873886777014646,0.08887833251644822,0.17990660147520054,0.1171264832513359,0.21467416782925258,0.35897172521447884,0.41272046690277997,-0.11332242997485764,-0.0700082685620714,0.13320334381112822,214.67412000214478,4.73451993893832,4.522699979133904,5.5957250646315515,0.1514371331122078,0.2827516855415258,0.13320334381112822
14C_phase_f_4000_px0.125_py0,14C_phase,4000.0,26.991466561591622,250.0,15.0,0.0,Gaussian Fitting,10,10,1.0,0.22407293724832894,0.2052574025014458,0.0959186021703243,0.1841261090210427,0.1597079692005806,0.24373973711605273,0.3807095236839526,0.3812466463107276,0.08976218998527656,-0.024787734453775558,0.09312186923759518,60.93493409336784,6.349329953081906,6.078499951399863,8.14207487273961,0.180745030113123,0.29906132718134004,0.09312186923759518
14C_phase_f_4000_px0.125_py0,14C_phase,4000.0,26.991466561591622,250.0,15.0,0.0,Intensity-Weighted Centroid,10,10,1.0,0.5870950088139688,0.5853581757180113,0.21344151870860323,0.47577501467641853,0.4048159664496485,0.6246901882396658,0.8907297553548662,0.9704868274711577,0.01750796362789515,-0.07145456138392774,0.07356822094467962,156.17254543677205,0.26243000756949186,0.24189997930079699,0.3597899922169743,0.4936316786732221,0.7552758679190706,0.07356822094467962
14C_phase_f_4000_px0.125_py0,14C_phase,4000.0,26.991466561591622,250.0,15.0,0.0,PSF Fitting,10,10,1.0,0.22743057825572266,0.22172534847968955,0.09368376128083701,0.18759118659231788,0.15909387721198892,0.24597015073674536,0.37967220777634025,0.38132445484005895,0.08689007391717496,-0.02257700470289592,0.0897753088921821,61.492537501946174,4.41166004166007,4.308450035750866,5.2231449517421416,0.18502033728385534,0.29935924965074223,0.0897753088921821
14C_phase_f_4000_px0.125_py0.125,14C_phase,4000.0,26.991466561591622,250.0,15.0,0.0,Gaussian Fitting,10,10,1.0,0.19279936502725403,0.15631757498872959,0.10993841139114124,0.2048866569834591,0.08532002838878179,0.22194154512871211,0.37242384538862017,0.44407030306154416,-0.12367325897655519,-0.03174468514441742,0.1276824186049132,55.48538623178678,6.238579982891679,5.946449935436249,8.80227001616731,0.14556527683121884,0.2967419514094752,0.1276824186049132
14C_phase_f_4000_px0.125_py0.125,14C_phase,4000.0,26.991466561591622,250.0,15.0,0.0,Intensity-Weighted Centroid,10,10,1.0,0.4655993367090063,0.432364192171948,0.2710559853172684,0.3541025910075916,0.4060362601565187,0.5387523452572451,0.888771674519197,0.9030949616018791,-0.12443248095032686,-0.19664822909493296,0.2327100520425078,134.68808547542415,0.26282002218067646,0.25495002046227455,0.32667494378983963,0.3570648520697499,0.6905902725295966,0.2327100520425078
14C_phase_f_4000_px0.125_py0.125,14C_phase,4000.0,26.991466561591622,250.0,15.0,0.0,PSF Fitting,10,10,1.0,0.19875905253338944,0.16105028671395505,0.10678908227764167,0.2087606105236283,0.0856041853618943,0.2256303815040687,0.37069859492308155,0.4457789729693543,-0.11868396020103092,-0.03379140171439303,0.12340073435285291,56.40759532420065,4.434549994766712,4.342549946159124,5.747720028739421,0.1518216941665863,0.2991110097005154,0.12340073435285291
14C_phase_f_4000_px0.125_py0.25,14C_phase,4000.0,26.991466561591622,250.0,15.0,0.0,Gaussian Fitting,10,10,1.0,0.20221865314638668,0.21303513278580835,0.0849894743599504,0.09133975165358084,0.1994308005303631,0.21935267135897685,0.3137669383462986,0.31619728085695725,0.02916469481600643,0.03667831593494384,0.04686019935440253,54.83816751330616,5.904910038225353,5.903150071389973,6.498565094079821,0.16535620628630904,0.26255830959287213,0.04686019935440253
14C_phase_f_4000_px0.125_py0.25,14C_phase,4000.0,26.991466561591622,250.0,15.0,0.0,Intensity-Weighted Centroid,10,10,1.0,0.3995099253481602,0.37509323384671905,0.26840921041107174,0.41002602194965426,0.25205226840742606,0.48130207218044213,0.857599603683301,0.8937793079627608,-0.21658403181369296,-0.09146675524893907,0.2351059551615911,120.32551741779857,0.24713999591767788,0.24514994584023952,0.2641750848852098,0.28724771557470585,0.6423117720541787,0.2351059551615911
14C_phase_f_4000_px0.125_py0.25,14C_phase,4000.0,26.991466561591622,250.0,15.0,0.0,PSF Fitting,10,10,1.0,0.19790939326212187,0.20631513435732796,0.08457881345816108,0.09254968254679596,0.19430970096178654,0.21522477465982306,0.3068561865892127,0.3176724661650725,0.025005184224596633,0.04157876920112358,0.0485185870196806,53.80619333277448,4.165860009379685,4.259750014171004,4.849015024956315,0.16090856843778356,0.2579273994633742,0.0485185870196806
14C_phase_f_4000_px0.125_py0.375,14C_phase,4000.0,26.991466561591622,250.0,15.0,0.0,Gaussian Fitting,10,10,1.0,0.16788143724279064,0.20271286887291304,0.10392739463504592,0.15552899381598279,0.12163803849504325,0.1974463986157601,0.31095211687760643,0.3307081358965596,-0.032652397367098726,-0.07007483466087479,0.0773088708142077,49.36159952450177,5.617560027167201,5.536350072361529,6.084805016871542,0.13315179092368318,0.24996771858465594,0.0773088708142077
14C_phase_f_4000_px0.125_py0.375,14C_phase,4000.0,26.991466561591622,250.0,15.0,0.0,Intensity-Weighted Centroid,10,10,1.0,0.4877497059612782,0.46723319948359143,0.2109369010280242,0.3644251080925088,0.38676671582800803,0.5314077077730618,0.8104178106376637,0.8282787310634824,-0.11590336498885563,-0.20190074660650909,0.2328035684778171,132.85192643171865,0.2680400153622031,0.2549000782892108,0.3175799734890461,0.39999644497636627,0.6483110564297129,0.2328035684778171
14C_phase_f_4000_px0.125_py0.375,14C_phase,4000.0,26.991466561591622,250.0,15.0,0.0,PSF Fitting,10,10,1.0,0.17184870964604163,0.19507352172605835,0.0992928926008087,0.15094728443692382,0.1288641720928035,0.1984718053730687,0.31562168768049287,0.32852745384984794,-0.03288141941707181,-0.06589970170941797,0.07364752832425304,49.617951207919255,4.017529939301312,3.735049976967275,4.807984863873571,0.13642355259914085,0.25184329396277705,0.07364752832425304
14C_phase_f_4000_px0.125_py0.5,14C_phase,4000.0,26.991466561591622,250.0,15.0,0.0,Gaussian Fitting,10,10,1.0,0.1878573115316545,0.1931173135071321,0.10473572266979762,0.1313030110421413,0.1703509917503657,0.2150812430200873,0.3485593062885243,0.41504047287278695,-0.05764271494997501,0.07906768423479207,0.09784876737627746,53.77031000624568,5.968889989890158,5.970750004053116,7.381039974279699,0.14709391308254294,0.28232526933261215,0.09784876737627746
14C_phase_f_4000_px0.125_py0.5,14C_phase,4000.0,26.991466561591622,250.0,15.0,0.0,Intensity-Weighted Centroid,10,10,1.0,0.6757085923087858,0.7319237154927412,0.29866393510398337,0.5079617929912641,0.536429925258479,0.7387707681356357,1.024641162697113,1.0642436048414807,-0.22013821527934851,-0.43895540273853156,0.49106280598282254,184.6926905731065,0.24475001264363527,0.24394993670284748,0.2642049686983228,0.5613462684590208,0.8809371774356991,0.49106280598282254
14C_phase_f_4000_px0.125_py0.5,14C_phase,4000.0,26.991466561591622,250.0,15.0,0.0,PSF Fitting,10,10,1.0,0.17608032841052673,0.17699000232725665,0.09865443114422509,0.11937619020717172,0.16274613374569227,0.20183403785672427,0.3325573942613355,0.38263595778979004,-0.051015751998590986,0.0740474116183691,0.08992010964941004,50.45850875172115,4.406170034781098,4.5490500051528215,4.934950079768896,0.13666503993382378,0.2641860042749643,0.08992010964941004
14C_phase_f_4000_px0.125_py0.625,14C_phase,4000.0,26.991466561591622,250.0,15.0,0.0,Gaussian Fitting,10,10,1.0,0.21890481626138675,0.2015209146381266,0.10247066227051868,0.1295912124891479,0.20402370659848013,0.2417013760999101,0.378240249864248,0.44822208497307525,-0.03227384126646484,0.0013955074316413629,0.03230399775700734,60.425342612087704,6.529270042665303,6.178250070661306,8.177464979235083,0.1726273275001081,0.3124510842182886,0.03230399775700734
14C_phase_f_4000_px0.125_py0.625,14C_phase,4000.0,26.991466561591622,250.0,15.0,0.0,Intensity-Weighted Centroid,10,10,1.0,0.5170892547564115,0.40393213413338025,0.2805800223202431,0.3868233386368479,0.4432540479179087,0.5883081219138226,0.9909355077096361,1.223304408461724,-0.15258289343310025,0.19352458309648454,0.24644127826134357,147.0770232915487,0.25791991502046585,0.25174987968057394,0.28359005227684975,0.3851840550037548,0.8140360850865098,0.24644127826134357
14C_phase_f_4000_px0.125_py0.625,14C_phase,4000.0,26.991466561591622,250.0,15.0,0.0,PSF Fitting,10,10,1.0,0.21842810727597312,0.19437673526105667,0.10965977708741356,0.12217734174927844,0.21168089645054244,0.24440970676105575,0.39114084541974403,0.4624232443704342,-0.025084649971506678,0.00012609141773509692,0.025084966877367734,61.10242519469196,4.7307700384408236,4.391449969261885,6.018220097757875,0.16864955596997766,0.318348535462533,0.025084966877367734
14C_phase_f_4000_px0.125_py0.75,14C_phase,4000.0,26.991466561591622,250.0,15.0,0.0,Gaussian Fitting,10,10,1.0,0.125202037683766,0.0955025445546879,0.10448932422898052,0.07257065836893578,0.1460379014567636,0.16307534797754128,0.3195621175347519,0.333347017459561,0.015216466642539218,-0.011889507844637137,0.019310651306240212,40.76883595100898,6.130209984257817,5.970599944703281,6.873324897605926,0.07669921551309541,0.23018598208197583,0.019310651306240212
14C_phase_f_4000_px0.125_py0.75,14C_phase,4000.0,26.991466561591622,250.0,15.0,0.0,Intensity-Weighted Centroid,10,10,1.0,0.4379978323341886,0.2557307255910114,0.3338001889586254,0.3883676553093376,0.3904295475342377,0.5506947133196959,1.033013180390033,1.176048442095437,-0.2359636694154233,-0.032251338362948447,0.23815751533426896,137.67367643359913,0.24441999848932028,0.24449999909847975,0.25690491311252117,0.2847158769702473,0.7792748367591474,0.23815751533426896
14C_phase_f_4000_px0.125_py0.75,14C_phase,4000.0,26.991466561591622,250.0,15.0,0.0,PSF Fitting,10,10,1.0,0.12522992913878547,0.08949501149223077,0.10631118395375751,0.074483397316334,0.14641320469811464,0.16426990894791077,0.3208010283908099,0.3470094754840398,0.01191074355086812,-0.012228265650003322,0.017070333703287633,41.067476227595364,4.321860009804368,4.398550023324788,4.7936499351635575,0.07812891655111133,0.23140152635065664,0.017070333703287633
14C_phase_f_4000_px0.125_py0.875,14C_phase,4000.0,26.991466561591622,250.0,15.0,0.0,Gaussian Fitting,10,10,1.0,0.17642313389107578,0.17208910870797928,0.0821711927692228,0.15955689907420184,0.1114397732001021,0.19462072626795232,0.2954075543603749,0.3109070359129062,-0.06143862465385155,0.00029308861970775977,0.06143932372915458,48.655180770877806,6.52647998649627,6.437400006689131,8.024789951741695,0.14147103836218927,0.2387666772679244,0.06143932372915458
14C_phase_f_4000_px0.125_py0.875,14C_phase,4000.0,26.991466561591622,250.0,15.0,0.0,Intensity-Weighted Centroid,10,10,1.0,0.47893190269414554,0.5144053681784129,0.3070671102793228,0.4584630772339297,0.336864341310748,0.5689164944291282,0.9481102764644351,1.0220986687402205,-0.31528052243796767,-0.22919961519914978,0.3897874695730946,142.22912143650402,0.2475399523973465,0.2456499496474862,0.2652949769981205,0.3663123499794718,0.7349269849074891,0.3897874695730946
14C_phase_f_4000_px0.125_py0.875,14C_phase,4000.0,26.991466561591622,250.0,15.0,0.0,PSF Fitting,10,10,1.0,0.1899732414792418,0.17613798902546668,0.07840646575857678,0.16385337707737546,0.12405433152945768,0.20551741130833948,0.2997667243835899,0.30092023767986503,-0.05301654163999956,-0.0025000663904165775,0.053075455904045686,51.379351872851075,5.155000020749867,4.567800089716911,7.7930549508891955,0.15326078607147514,0.24817815548469638,0.053075455904045686
14C_phase_f_4000_px0.25_py0,14C_phase,4000.0,26.991466561591622,250.0,15.0,0.0,Gaussian Fitting,10,10,1.0,0.200163805720097,0.19123890060569818,0.09629706066732663,0.1413079594200013,0.17137891824280718,0.22212310328626225,0.3494648339738365,0.3691525943941765,-0.038831162927169774,-0.025623597655692266,0.046523413149694874,55.53077572197528,6.064330041408539,5.92145009431988,7.06241512671113,0.15623523659694047,0.276019607995593,0.046523413149694874
14C_phase_f_4000_px0.25_py0,14C_phase,4000.0,26.991466561591622,250.0,15.0,0.0,Intensity-Weighted Centroid,10,10,1.0,0.4224148715010322,0.5012974592435926,0.19975668556262172,0.23118936712376947,0.4060646914238033,0.46726551027461644,0.6709484179762975,0.7740442207492614,-0.09120649249293819,-0.24335206120105113,0.2598823771702585,116.81637684165364,0.24349000304937363,0.2409500302746892,0.2641449798829853,0.33789223611856245,0.5738273742324314,0.2598823771702585
14C_phase_f_4000_px0.25_py0,14C_phase,4000.0,26.991466561591622,250.0,15.0,0.0,PSF Fitting,10,10,1.0,0.19831652798938498,0.18397571550166208,0.09333517591843661,0.13658839914957144,0.17141910498905122,0.2191823449493367,0.3494275555291959,0.37131759942925563,-0.03994190530726201,-0.03682235651310748,0.054325332385109934,54.79558614266547,4.202680010348558,4.128400003537536,5.050829972606151,0.1532245295448469,0.2728367239024018,0.054325332385109934
14C_phase_f_4000_px0.25_py0.125,14C_phase,4000.0,26.991466561591622,250.0,15.0,0.0,Gaussian Fitting,10,10,1.0,0.16000932279766472,0.17489187080517937,0.06954286954143576,0.12150542896048495,0.12520233551876325,0.1744683182879471,0.24059301924211074,0.24471756740751355,-0.04366065479573535,-0.0367302669252922,0.05705580851758726,43.617079475948145,6.189159979112446,6.161199999041855,7.6323749497532845,0.1286179220115868,0.21133493587274851,0.05705580851758726
14C_phase_f_4000_px0.25_py0.125,14C_phase,4000.0,26.991466561591622,250.0,15.0,0.0,Intensity-Weighted Centroid,10,10,1.0,0.562295718861766,0.5010534672100218,0.186317316716885,0.42978160898547846,0.407649833235221,0.5923602096350246,0.8919438124430896,0.9258489304521433,-0.08883786834779812,-0.22710268278821105,0.2438601963875686,148.0900515187219,0.25045000948011875,0.24239998310804367,0.2881550230085849,0.46726018454548407,0.7075578453565972,0.2438601963875686
14C_phase_f_4000_px0.25_py0.125,14C_phase,4000.0,26.991466561591622,250.0,15.0,0.0,PSF Fitting,10,10,1.0,0.16053174600208886,0.18291538670127327,0.0672095945486031,0.11886672608653488,0.12711519383352832,0.17403324703592354,0.2335658683914399,0.241435626888582,-0.04206611531236604,-0.041790633475727645,0.05929599568078678,43.50831166979687,4.262550035491586,4.002150031737983,5.847625015303491,0.1322222699272066,0.20713346662748824,0.05929599568078678
14C_phase_f_4000_px0.25_py0.25,14C_phase,4000.0,26.991466561591622,250.0,15.0,0.0,Gaussian Fitting,10,10,1.0,0.15391717205675495,0.1247637336205623,0.09115566650492232,0.10366549640755153,0.14578517155212062,0.17888502282165863,0.2796077625586381,0.308843477842543,-0.0512164877761279,0.060909880266729034,0.07958104129897726,44.72125545128014,5.708549963310361,5.242499988526106,6.887040042784065,0.11792516469216864,0.22705688887880549,0.07958104129897726
14C_phase_f_4000_px0.25_py0.25,14C_phase,4000.0,26.991466561591622,250.0,15.0,0.0,Intensity-Weighted Centroid,10,10,1.0,0.5445876916611452,0.6031477787172397,0.15073994537451543,0.47300231827542527,0.30913927596861535,0.5650648502962526,0.7184763449900263,0.757958602098712,-0.36663942896041135,-0.12834949361283635,0.3884559992831724,141.26621221762036,0.24313998874276876,0.24089997168630362,0.25685998843982816,0.4719385446055468,0.639865005188627,0.3884559992831724
14C_phase_f_4000_px0.25_py0.25,14C_phase,4000.0,26.991466561591622,250.0,15.0,0.0,PSF Fitting,10,10,1.0,0.15095477696138573,0.1296953422934154,0.08659662534528605,0.09626807327939588,0.14497854419094713,0.17402965324522585,0.27605456484305846,0.3047786486843157,-0.04617197174762851,0.06175826947251153,0.07710988797361305,43.507413058434715,4.0815699845552444,3.8756498834118247,4.983514896593987,0.11634760768417396,0.2211015628517152,0.07710988797361305
14C_phase_f_4000_px0.25_py0.375,14C_phase,4000.0,26.991466561591622,250.0,15.0,0.0,Gaussian Fitting,10,10,1.0,0.19191658077870055,0.17389058037526645,0.09607715484045581,0.14159279735270708,0.16128940882109913,0.21462244444611195,0.34097445235209645,0.38484561871925227,-0.006666744004871816,-0.05093739173145195,0.05137181476286276,53.65561072309352,6.079669971950352,5.7044499553740025,7.684569887351244,0.15105457419497184,0.2746755192873788,0.05137181476286276
14C_phase_f_4000_px0.25_py0.375,14C_phase,4000.0,26.991466561591622,250.0,15.0,0.0,Intensity-Weighted Centroid,10,10,1.0,0.5935729321376269,0.5584609677566503,0.22384574386248438,0.265692541441721,0.5760583444704609,0.6343782332424474,0.9568587578941691,0.9652385500903237,-0.14537635171737975,-0.27409825162477547,0.31026462122261705,158.59455729901057,0.2527599921450019,0.2448499435558915,0.2926449407823383,0.4865005204820741,0.7671435510609413,0.31026462122261705
14C_phase_f_4000_px0.25_py0.375,14C_phase,4000.0,26.991466561591622,250.0,15.0,0.0,PSF Fitting,10,10,1.0,0.18733695748741633,0.16544947122984233,0.09591702591261216,0.1403905615322205,0.15679828357871317,0.21046427606737145,0.3384102208904494,0.36436273224310317,-0.010424895234893938,-0.05359481771171204,0.05459929419150175,52.61606865667768,3.917060000821948,3.8270499790087342,4.425660031847656,0.14728916527267946,0.2686941452351223,0.05459929419150175
14C_phase_f_4000_px0.25_py0.5,14C_phase,4000.0,26.991466561591622,250.0,15.0,0.0,Gaussian Fitting,10,10,1.0,0.1518917251747372,0.1295200433288054,0.06553528126000842,0.10491863915507876,0.1278985864825436,0.16542662804514363,0.2599888354630116,0.27940917306000773,-0.0061710208874501404,0.023437452526377456,0.02423624722847048,41.35665639821646,5.295750009827316,5.254650022834539,5.762384971603751,0.12054346017935558,0.20455450282229715,0.02423624722847048
14C_phase_f_4000_px0.25_py0.5,14C_phase,4000.0,26.991466561591622,250.0,15.0,0.0,Intensity-Weighted Centroid,10,10,1.0,0.4579101883831451,0.4242173478128002,0.23438046091983517,0.3239369567325827,0.39960078722259124,0.5144083408014316,0.8434467028824408,0.9976658894999876,-0.15802423709095592,-0.3017446118178896,0.34061924530083076,128.60208454318462,0.26291999965906143,0.24854985531419516,0.3367551253177224,0.34661924026318436,0.6744129976944454,0.34061924530083076
14C_phase_f_4000_px0.25_py0.5,14C_phase,4000.0,26.991466561591622,250.0,15.0,0.0,PSF Fitting,10,10,1.0,0.15152753283065498,0.1289212978761075,0.06529503081984595,0.10532845104834332,0.1270037466190136,0.16499707347559187,0.25958926378296954,0.2788538329114484,-0.009162254254670188,0.025446402263230538,0.027045633495434457,41.24926775527153,3.8129699882119894,3.7109999684616923,4.643545043654739,0.12052476705210843,0.20366034716178213,0.027045633495434457
14C_phase_f_4000_px0.25_py0.625,14C_phase,4000.0,26.991466561591622,250.0,15.0,0.0,Gaussian Fitting,10,10,1.0,0.20154476361546445,0.16910101836757013,0.11003631456183373,0.1688320316711565,0.155640699513186,0.22962639713927546,0.4082439743077364,0.47006246407520197,-0.027707694784703564,-0.04929704449260726,0.05655011004399893,57.40659866165398,6.4339299919083714,6.325699971057475,7.666884979698807,0.14485908663433122,0.3107404199329307,0.05655011004399893
14C_phase_f_4000_px0.25_py0.625,14C_phase,4000.0,26.991466561591622,250.0,15.0,0.0,Intensity-Weighted Centroid,10,10,1.0,0.5572963342473115,0.6551793302889439,0.2617818578021711,0.4673337973867557,0.400884106768929,0.6157182352666253,0.8911864034702602,0.9919527367880997,-0.11028238210026302,0.264708678500449,0.2867627735170004,153.92955424801445,0.2477599773555994,0.24009996559470892,0.2943098777905106,0.4579264648549023,0.7526150832607635,0.2867627735170004
14C_phase_f_4000_px0.25_py0.625,14C_phase,4000.0,26.991466561591622,250.0,15.0,0.0,PSF Fitting,10,10,1.0,0.18795866199265912,0.17565148577829123,0.11530584900181137,0.15722700315790217,0.1546077841186666,0.2205082706659757,0.3917841998612121,0.4537911899618408,-0.030093753373728306,-0.0324352076918899,0.04424564035173203,55.1270670516315,4.513099999167025,4.4629499316215515,4.953725158702582,0.13690530166580994,0.29911970616624034,0.04424564035173203
14C_phase_f_4000_px0.25_py0.75,14C_phase,4000.0,26.991466561591622,250.0,15.0,0.0,Gaussian Fitting,10,10,1.0,0.1806786388986446,0.19545462260388619,0.09687339658610242,0.16167565985789858,0.12605636251260052,0.20501030588825306,0.30224103280528486,0.3043597440958072,0.0044946608449322415,-0.02291984760579453,0.023356399345443042,51.252575691163955,6.857530027627945,6.887800060212612,8.172485057730228,0.14563551830005694,0.25170576010825485,0.023356399345443042
14C_phase_f_4000_px0.25_py0.75,14C_phase,4000.0,26.991466561591622,250.0,15.0,0.0,Intensity-Weighted Centroid,10,10,1.0,0.42000398382985094,0.3032238655932615,0.24677552861362845,0.3154830549145075,0.37117644054720283,0.4871360261317996,0.8802619188730905,0.9851096957066114,-0.14237887388169385,0.03748295123992875,0.14723014420109137,121.78400136767476,0.2433900022879243,0.2437999937683344,0.2557899570092559,0.2997060818711439,0.6623808018595033,0.14723014420109137
14C_phase_f_4000_px0.25_py0.75,14C_phase,4000.0,26.991466561591622,250.0,15.0,0.0,PSF Fitting,10,10,1.0,0.19380308984016875,0.20213187569535535,0.0832791468008735,0.1650275809481188,0.13138094020781724,0.21093850744583822,0.2917651368747658,0.30396423072676293,0.00446152371930566,-0.024006194349351518,0.024417259490711968,52.73462601402662,4.44846001919359,4.393800045363605,5.100724962539971,0.1586417212258515,0.2545965583002181,0.024417259490711968
14C_phase_f_4000_px0.25_py0.875,14C_phase,4000.0,26.991466561591622,250.0,15.0,0.0,Gaussian Fitting,10,10,1.0,0.21004525976559396,0.20402434137459297,0.09673061168132166,0.15179007105674136,0.17445800845712958,0.2312483997484923,0.35641260174545497,0.41970647912984804,-0.006277311161102262,0.05188535987525711,0.052263708295510754,57.81209804841152,6.074429978616536,5.84469991736114,7.4500700109638265,0.1646133703024932,0.29333677871617897,0.052263708295510754
14C_phase_f_4000_px0.25_py0.875,14C_phase,4000.0,26.991466561591622,250.0,15.0,0.0,Intensity-Weighted Centroid,10,10,1.0,0.5365826746314355,0.42910958152268286,0.3186305221355971,0.5706498423997786,0.25259678089820553,0.6240563887590833,1.0815712151604027,1.15200717318425,-0.23782765114410723,-0.05836599245244543,0.24488483155083754,156.01409477621846,0.2420899923890829,0.23984990548342466,0.25606502313166857,0.3958531874699451,0.8106327550840792,0.24488483155083754
14C_phase_f_4000_px0.25_py0.875,14C_phase,4000.0,26.991466561591622,250.0,15.0,0.0,PSF Fitting,10,10,1.0,0.20862994492406078,0.19499129202550733,0.09333294047462314,0.15257042811070703,0.17017566266294293,0.22855522679793644,0.3556159976931376,0.4255284306928173,-0.007524163757761926,0.05035113299273917,0.05091021148950498,57.13880485830181,4.273769957944751,4.302099929191172,4.993269941769539,0.16210527850142323,0.29277129911264554,0.05091021148950498
14C_phase_f_4000_px0.375_py0,14C_phase,4000.0,26.991466561591622,250.0,15.0,0.0,Gaussian Fitting,10,10,1.0,0.1595011403202547,0.1008003450423097,0.10899280947969386,0.13120779021034318,0.14179055705461138,0.1931839700434237,0.3204498774270662,0.33769902601198737,0.05814568032767511,-0.005298780710813844,0.05838661848222996,48.29599213934832,6.270649959333241,6.2184499111026525,7.081074919551611,0.12121089772500368,0.2541567580959841,0.05838661848222996
14C_phase_f_4000_px0.375_py0,14C_phase,4000.0,26.991466561591622,250.0,15.0,0.0,Intensity-Weighted Centroid,10,10,1.0,0.48371435099975635,0.5466674681790463,0.23203232781673205,0.3286857331686244,0.4240097443769078,0.5364872547555691,0.7757809239807163,0.8083290527510548,-0.23659228916802705,-0.3379119410076896,0.4125050195686734,134.12181287868316,0.2905799774453044,0.24829991161823273,0.46446003252640367,0.3925903443281884,0.6393552462869422,0.4125050195686734
14C_phase_f_4000_px0.375_py0,14C_phase,4000.0,26.991466561591622,250.0,15.0,0.0,PSF Fitting,10,10,1.0,0.16372065762652227,0.1109026130319799,0.10357276676101043,0.1311634666669733,0.14257600345111862,0.19373118424299068,0.31531736748652206,0.336197045944359,0.0612550001773343,-0.00836119278978913,0.06182301021135453,48.43279570256127,4.329339973628521,4.084049956873059,5.55680994875729,0.12567918562737887,0.2527412205633044,0.06182301021135453
14C_phase_f_4000_px0.375_py0.125,14C_phase,4000.0,26.991466561591622,250.0,15.0,0.0,Gaussian Fitting,10,10,1.0,0.20603554712823463,0.21021395405740415,0.08289193773275438,0.16615159478446895,0.14736135033345568,0.22208493875434648,0.32921593847905006,0.36724014325092,0.0021047035924993906,0.035066607574708544,0.03512971312167076,55.52123421930034,5.936959991231561,5.275400122627616,8.10308492509648,0.1650546908014278,0.27228721015844515,0.03512971312167076
14C_phase_f_4000_px0.375_py0.125,14C_phase,4000.0,26.991466561591622,250.0,15.0,0.0,Intensity-Weighted Centroid,10,10,1.0,0.508091566804566,0.5319499821935327,0.2991603488962342,0.3565890779875494,0.46957234167870754,0.5896218742631887,0.9802550842129931,1.0932282227702492,-0.18837525282345952,0.04891160405344408,0.19462163519861603,147.40546703272082,0.248449994251132,0.24750002194195986,0.263414962682873,0.4054484034480016,0.7626846351969276,0.19462163519861603
14C_phase_f_4000_px0.375_py0.125,14C_phase,4000.0,26.991466561591622,250.0,15.0,0.0,PSF Fitting,10,10,1.0,0.19482997939761304,0.18110274030800544,0.08828442020273186,0.15648005141113666,0.1458315920264703,0.21389918121069762,0.32974228550388784,0.3605534878416677,0.007328531417203976,0.02965266849937507,0.030544854261671903,53.474794851998944,4.228209936991334,4.056300036609173,4.9653348862193525,0.15223694096472906,0.26525424642394896,0.030544854261671903
14C_phase_f_4000_px0.375_py0.25,14C_phase,4000.0,26.991466561591622,250.0,15.0,0.0,Gaussian Fitting,10,10,1.0,0.19064378021823863,0.19859398979950552,0.1020181290888095,0.08908043341516303,0.19702138457854715,0.2162238414206007,0.31950519527888277,0.3293953130648185,0.0038615587050912837,-0.09304696229662568,0.09312705744445353,54.05596014929376,5.855069938115776,5.78945002052933,6.777729885652661,0.15177636176842157,0.26822525122246293,0.09312705744445353
14C_phase_f_4000_px0.375_py0.25,14C_phase,4000.0,26.991466561591622,250.0,15.0,0.0,Intensity-Weighted Centroid,10,10,1.0,0.5145492983920148,0.48104908634335874,0.2735902234795729,0.44367160090731395,0.3778466638831927,0.582762894202537,0.9549079781544084,1.0030729350219534,-0.38336704439280994,-0.2590805659517855,0.4627018806752099,145.69072289884514,0.24798994418233633,0.24684995878487825,0.25974493473768234,0.39353834179670477,0.7376702643993188,0.4627018806752099
14C_phase_f_4000_px0.375_py0.25,14C_phase,4000.0,26.991466561591622,250.0,15.0,0.0,PSF Fitting,10,10,1.0,0.1864288743562808,0.18860140374283657,0.10113326568152924,0.0964207716823964,0.18890923060912587,0.2120935232890451,0.3118518638621029,0.3227193225296875,0.0031981194206309738,-0.08249347823385733,0.08255544754253659,53.023380603619145,4.024179931730032,3.9346498670056462,4.76449989946559,0.14840464061859235,0.26337627770784905,0.08255544754253659
14C_phase_f_4000_px0.375_py0.375,14C_phase,4000.0,26.991466561591622,250.0,15.0,0.0,Gaussian Fitting,10,10,1.0,0.14551310006222729,0.14130425667847424,0.07092049202033163,0.12326191971957787,0.1049298700331323,0.16187581189951045,0.24425534126380194,0.24530642566842595,0.010238283096339274,0.031637602403873186,0.03325297470342088,40.468952542682345,5.776229943148792,5.870199995115399,6.319235020782798,0.11763720299002027,0.1958468535547367,0.03325297470342088
14C_phase_f_4000_px0.375_py0.375,14C_phase,4000.0,26.991466561591622,250.0,15.0,0.0,Intensity-Weighted Centroid,10,10,1.0,0.5171536293556104,0.4717940700952805,0.32213954500657493,0.43177037652074496,0.4298791746198661,0.6092797081905184,1.0567935099577952,1.0826262720353272,-0.36495680234278327,-0.22354852526966623,0.4279806195688211,152.3199265163948,0.2471900312229991,0.24429999757558107,0.2736100926995277,0.376329136205871,0.7851538016297093,0.4279806195688211
14C_phase_f_4000_px0.375_py0.375,14C_phase,4000.0,26.991466561591622,250.0,15.0,0.0,PSF Fitting,10,10,1.0,0.13721662693717143,0.14831293845417354,0.06846292546385822,0.11128514574592888,0.105504460604242,0.15334788838156424,0.22698538559199133,0.2383821091505111,0.009059592966423224,0.03266426520932555,0.03389735161310424,38.336971679782046,3.855900070630014,3.778250073082745,4.3806049739941955,0.11180594531374048,0.18462207429432542,0.03389735161310424
14C_phase_f_4000_px0.375_py0.5,14C_phase,4000.0,26.991466561591622,250.0,15.0,0.0,Gaussian Fitting,10,10,1.0,0.13070554093612272,0.1179083923268466,0.08290655128318027,0.12002947600025093,0.09772594112199805,0.15478189389290675,0.2676180923017341,0.31606650681965104,-0.014563210710502972,-0.037094751712402285,0.039851069129990487,38.69547313316702,5.589209962636232,5.5308499140664935,6.632060033734887,0.09627051869853123,0.20964865049855874,0.039851069129990487
14C_phase_f_4000_px0.375_py0.5,14C_phase,4000.0,26.991466561591622,250.0,15.0,0.0,Intensity-Weighted Centroid,10,10,1.0,0.5785797393869323,0.5259296727445846,0.2775314046173033,0.42999134295923414,0.47632514142969423,0.641699458763917,0.9693469762848176,1.0298622515481584,-0.24873386058338837,-0.39362761798511203,0.46562993357531235,160.424863949395,0.24933000095188618,0.24924997705966234,0.2616550656966865,0.4595885434808735,0.7993003871039847,0.46562993357531235
14C_phase_f_4000_px0.375_py0.5,14C_phase,4000.0,26.991466561591622,250.0,15.0,0.0,PSF Fitting,10,10,1.0,0.1355305416318544,0.12371986248875065,0.08442514435224727,0.1274335597079549,0.09621237225056196,0.15967508482515863,0.28366368180918344,0.3378794301732781,-0.012462629439266949,-0.03816181803096015,0.04014525486241927,39.91877086420203,3.8813600316643715,3.7951001431792974,4.32642997475341,0.09933588929536603,0.2217157033329239,0.04014525486241927
14C_phase_f_4000_px0.375_py0.625,14C_phase,4000.0,26.991466561591622,250.0,15.0,0.0,Gaussian Fitting,10,10,1.0,0.16693949008676437,0.18748696286318417,0.0668436791167821,0.11265583660524522,0.14016252447451322,0.17982455557652918,0.2482115788588094,0.24873566464454416,-0.045667139469912854,0.007251090963450224,0.04623922520463229,44.956138046927634,6.03005001321435,5.9635000070557,6.98854997754097,0.1389257132719844,0.21127962933945785,0.04623922520463229
14C_phase_f_4000_px0.375_py0.625,14C_phase,4000.0,26.991466561591622,250.0,15.0,0.0,Intensity-Weighted Centroid,10,10,1.0,0.6316481463563806,0.5667907142911386,0.17117291328626505,0.3451391948664199,0.5560202183422094,0.6544307045351393,0.8691734976600904,0.8791714511277386,-0.2160164214972724,0.4376771264415538,0.48808233052080785,163.60766864140797,0.24466998875141144,0.24260010104626417,0.2660199301317334,0.5429045964270094,0.7545821097882485,0.48808233052080785
14C_phase_f_4000_px0.375_py0.625,14C_phase,4000.0,26.991466561591622,250.0,15.0,0.0,PSF Fitting,10,10,1.0,0.1687480507686428,0.17617844230917734,0.07236750280485461,0.11211136487240236,0.14540977259756013,0.18361089319652876,0.26571179720675453,0.28021276746960694,-0.04496644488465336,0.012151338522164679,0.04657935372506591,45.902722375086285,4.651199979707599,4.516299930401146,5.258779972791672,0.137236524955068,0.22051429162480016,0.04657935372506591
14C_phase_f_4000_px0.375_py0.75,14C_phase,4000.0,26.991466561591622,250.0,15.0,0.0,Gaussian Fitting,10,10,1.0,0.20386122125443343,0.15930160212713107,0.1184102931231089,0.1788213116953109,0.1536337642981454,0.23575494702943062,0.3935714993162377,0.44557663786827434,0.12760033169809049,-0.0009671187552044103,0.12760399667780545,58.93873550413132,6.182489986531436,5.613350076600909,9.13594010053202,0.15343402373225334,0.30982653691476164,0.12760399667780545
14C_phase_f_4000_px0.375_py0.75,14C_phase,4000.0,26.991466561591622,250.0,15.0,0.0,Intensity-Weighted Centroid,10,10,1.0,0.571897560875348,0.5297806447157737,0.18255220743847453,0.49316329354990035,0.3423187030690071,0.6003266848773526,0.853741253463679,0.8542336179486921,-0.22249227669105948,0.06740504510501069,0.23247850071088186,150.08166809442952,0.23750006221234798,0.23480004165321589,0.2488349680788815,0.4856906450113125,0.7037334368934131,0.23247850071088186
14C_phase_f_4000_px0.375_py0.75,14C_phase,4000.0,26.991466561591622,250.0,15.0,0.0,PSF Fitting,10,10,1.0,0.18964048743087134,0.1539664995285531,0.09704895241378457,0.16745202794264513,0.1316883896762622,0.21303054625483053,0.3372035425331291,0.343827748590371,0.12051345857854585,0.00790750515837999,0.12077260590213615,53.25763540397326,4.410469974391162,4.488299950025976,5.064859916456044,0.14793798544695602,0.2685453723946389,0.12077260590213615
14C_phase_f_4000_px0.375_py0.875,14C_phase,4000.0,26.991466561591622,250.0,15.0,0.0,Gaussian Fitting,10,10,1.0,0.1947261067907174,0.18221712660224137,0.06985038271284602,0.15739712605406117,0.1342515450224798,0.20687516194797514,0.28287286037732684,0.2920968475069418,0.06710779586960598,-0.002018610121490383,0.06713814901603476,51.71878911321834,6.064399983733892,5.9154999908059835,7.5623499462381005,0.16187258921556003,0.24359723686498555,0.06713814901603476
14C_phase_f_4000_px0.375_py0.875,14C_phase,4000.0,26.991466561591622,250.0,15.0,0.0,Intensity-Weighted Centroid,10,10,1.0,0.5947807058767738,0.63643791051197,0.22590934707680696,0.38983194344266225,0.5028222121701262,0.6362382581863044,0.8965557254757068,0.945582463151088,-0.24711666037027272,-0.15652095236904415,0.29251573011219295,159.05955996584666,0.24652006104588509,0.23980007972568274,0.27937496779486537,0.49363480313772784,0.7570146696962446,0.29251573011219295
14C_phase_f_4000_px0.375_py0.875,14C_phase,4000.0,26.991466561591622,250.0,15.0,0.0,PSF Fitting,10,10,1.0,0.18069935235612983,0.16924117811540368,0.06580264412713256,0.14269068583362768,0.1289248311706313,0.19230768033556755,0.2764179578543669,0.2929332791098101,0.05757601437398989,0.0017132337624843786,0.057601498254114945,48.0769187813032,4.132930003106594,4.04919998254627,4.817315004765987,0.14864504206025844,0.23124061573575888,0.057601498254114945
14C_phase_f_4000_px0.5_py0,14C_phase,4000.0,26.991466561591622,250.0,15.0,0.0,Gaussian Fitting,10,10,1.0,0.1761879343088517,0.16961359149911914,0.0862387475564198,0.11754278304838317,0.1570445921684694,0.19616143804560607,0.2936102619015398,0.3185452415528226,0.013116397080978004,-0.07131714323267033,0.07251327320742805,49.040359157751425,5.729670007713139,5.69659995380789,6.546930153854191,0.13958196920247953,0.24049678688074477,0.07251327320742805
14C_phase_f_4000_px0.5_py0,14C_phase,4000.0,26.991466561591622,250.0,15.0,0.0,Intensity-Weighted Centroid,10,10,1.0,0.6233400429135639,0.7617073927073589,0.317258887476209,0.5284443197294705,0.45820586173442046,0.6994326349135601,0.9560040440202184,0.9564752292236439,-0.35969476417500346,-0.1504550094812771,0.38989361786636434,174.85815721580974,0.2492399886250496,0.24660001508891582,0.2800800139084458,0.5189499585167235,0.837061141699286,0.38989361786636434
14C_phase_f_4000_px0.5_py0,14C_phase,4000.0,26.991466561591622,250.0,15.0,0.0,PSF Fitting,10,10,1.0,0.17281167834282804,0.16542293123493895,0.08911177410238877,0.118412588195535,0.15421816822986475,0.1944345248543587,0.2942842188983634,0.3150049987116277,0.012457068053663534,-0.07290429742856759,0.07396090269897097,48.608630849652826,4.2280599707737565,4.199199960567057,5.06946489913389,0.13707239599415846,0.23884561094179463,0.07396090269897097
14C_phase_f_4000_px0.5_py0.125,14C_phase,4000.0,26.991466561591622,250.0,15.0,0.0,Gaussian Fitting,10,10,1.0,0.15063143936386814,0.10567855960537888,0.1385551737692512,0.11587793408077193,0.16869994397222052,0.20466403373103462,0.40684811647075586,0.4983088615868837,0.03767509408151,-0.06874643045383663,0.07839314009653413,51.166008021156124,5.8120399713516235,5.845800042152405,6.5747749409638345,0.09014609969164657,0.30399529247302687,0.07839314009653413
14C_phase_f_4000_px0.5_py0.125,14C_phase,4000.0,26.991466561591622,250.0,15.0,0.0,Intensity-Weighted Centroid,10,10,1.0,0.5640642267130102,0.6354112123803435,0.233616871216384,0.5808232856609271,0.18812125134690066,0.6105287006966001,0.8396049313731724,0.8793610005092726,-0.5335504506039456,-0.04119021197849406,0.5351380353726566,152.6321745407799,0.25306001771241426,0.25584991089999676,0.2736900933086872,0.47195790179843444,0.7248589339353779,0.5351380353726566
14C_phase_f_4000_px0.5_py0.125,14C_phase,4000.0,26.991466561591622,250.0,15.0,0.0,PSF Fitting,10,10,1.0,0.15379875762477366,0.12621302247739735,0.1317386419030148,0.11142396662780249,0.16909709423375968,0.20250710510343742,0.3964428424394332,0.48710434168955696,0.03762430296939101,-0.0673701995758961,0.07716431795090653,50.62677588971343,4.120599967427552,4.26130008418113,4.435649956576526,0.09633959181975578,0.29858903169261686,0.07716431795090653
14C_phase_f_4000_px0.5_py0.25,14C_phase,4000.0,26.991466561591622,250.0,15.0,0.0,Gaussian Fitting,10,10,1.0,0.17410635844100716,0.16677405538286394,0.05561623332037482,0.0995669744358958,0.15327298215933724,0.18277360164513592,0.26772748323657386,0.27861610042977236,-0.04265575092623521,0.06811247890769892,0.0803668020393542,45.69339998872428,5.346730025485158,5.138999898917973,6.439355015754699,0.14542354184064268,0.21805344537591484,0.0803668020393542
14C_phase_f_4000_px0.5_py0.25,14C_phase,4000.0,26.991466561591622,250.0,15.0,0.0,Intensity-Weighted Centroid,10,10,1.0,0.5166340418074271,0.5249007949678315,0.2302667515945222,0.3684744562650428,0.4291387714065844,0.5656266525228206,0.8434344755257206,0.999369361481626,-0.2351413744051456,0.009017722499743286,0.23531422667621105,141.4066615100061,0.2586599672213197,0.24409987963736057,0.3270149696618318,0.41740767959946273,0.7106109893470316,0.23531422667621105
14C_phase_f_4000_px0.5_py0.25,14C_phase,4000.0,26.991466561591622,250.0,15.0,0.0,PSF Fitting,10,10,1.0,0.17450487516814586,0.16742752107630704,0.05596051015137639,0.09983558971199048,0.15367623492496024,0.18325809710310886,0.2621282383164527,0.2739866357970696,-0.0488070709918361,0.07295446383327545,0.08777518995708768,45.81452385111768,3.8520500529557467,3.927700105123222,4.239035001955926,0.14668806214369476,0.21810384519816164,0.08777518995708768
14C_phase_f_4000_px0.5_py0.375,14C_phase,4000.0,26.991466561591622,250.0,15.0,0.0,Gaussian Fitting,10,10,1.0,0.2189995566120691,0.21057599601391463,0.05433261685328205,0.1521113344250255,0.16665827609166745,0.22563873570468437,0.31029929771768633,0.32110212583941194,0.03155940091363618,-0.04248463274292362,0.052923905801903155,56.409683094493275,6.245399988256395,6.462500081397593,7.794799981638789,0.19126383106170944,0.26087115405269284,0.052923905801903155
14C_phase_f_4000_px0.5_py0.375,14C_phase,4000.0,26.991466561591622,250.0,15.0,0.0,Intensity-Weighted Centroid,10,10,1.0,0.4421118825642895,0.4401564955810937,0.21956194806842624,0.35485994110013147,0.34313960416505945,0.49362978611925606,0.8159902204444951,0.985443774157307,-0.24593814942126074,-0.26162567221367683,0.3590732038206313,123.40744599764841,0.24730998557060957,0.2481498522683978,0.2602350548841059,0.34220573364959583,0.6513880386908024,0.3590732038206313
14C_phase_f_4000_px0.5_py0.375,14C_phase,4000.0,26.991466561591622,250.0,15.0,0.0,PSF Fitting,10,10,1.0,0.2080429353080336,0.21300057693901278,0.04624255675865642,0.14665835196062438,0.1546336470091611,0.2131202406792002,0.2723213767603157,0.290592890289984,0.02210592650883427,-0.05807927056690687,0.0621439752220435,53.280059448195146,4.106539976783097,3.923499956727028,5.000144871883093,0.18423514779851322,0.24099103296811267,0.0621439752220435
14C_phase_f_4000_px0.5_py0.5,14C_phase,4000.0,26.991466561591622,250.0,15.0,0.0,Gaussian Fitting,10,10,1.0,0.17300118997288233,0.19324485345184367,0.0735030151082626,0.12913993153978062,0.1365832458390837,0.18796836159853816,0.2662780619644883,0.2856085844834018,-0.016291634466915637,-0.01352519680202704,0.0211742367545363,46.992089678818786,5.758710019290447,5.756999948062003,6.440740067046136,0.14637591681176415,0.22367540557024077,0.0211742367545363
14C_phase_f_4000_px0.5_py0.5,14C_phase,4000.0,26.991466561591622,250.0,15.0,0.0,Intensity-Weighted Centroid,10,10,1.0,0.540008277320691,0.3967563311335207,0.37934439998764186,0.6016873128060689,0.27107838531512657,0.6599326582135819,1.1809269812150456,1.3162921021483909,-0.441244469903279,-0.22197950907966515,0.49393479799612705,164.9831633520728,0.24904003366827965,0.24764996487647295,0.27165490901097655,0.3833594536109732,0.8851378895605417,0.49393479799612705
14C_phase_f_4000_px0.5_py0.5,14C_phase,4000.0,26.991466561591622,250.0,15.0,0.0,PSF Fitting,10,10,1.0,0.16920686126829804,0.17251524486360875,0.06384091477100198,0.12859686641399423,0.12715923186135053,0.1808497285015031,0.2551122261912981,0.2677382059446164,-0.01099502064198532,-0.011921433056329533,0.01621761526964522,45.21243143610665,4.029919998720288,3.956899978220463,4.732975002843886,0.14343286256185425,0.21370970205912304,0.01621761526964522
14C_phase_f_4000_px0.5_py0.625,14C_phase,4000.0,26.991466561591622,250.0,15.0,0.0,Gaussian Fitting,10,10,1.0,0.15414334487120102,0.12799752965691602,0.0700610155524107,0.14200470372609572,0.0922137776472742,0.16931838845298863,0.2718503317215077,0.31105482231039117,-0.022169024928427917,0.005148790130795078,0.022759079640623237,42.329596382250045,6.816069968044758,6.561000016517937,9.020625019911675,0.11945868187716112,0.21766497203616192,0.022759079640623237
14C_phase_f_4000_px0.5_py0.625,14C_phase,4000.0,26.991466561591622,250.0,15.0,0.0,Intensity-Weighted Centroid,10,10,1.0,0.49741530513040305,0.5204117809703086,0.2523494787270995,0.44751930036437987,0.33290947867729265,0.5577654033657975,0.853412544295679,0.9670146569887174,-0.3143206628568123,0.18540210441279897,0.3649265945631262,139.4413478913474,0.2460099756717682,0.24394993670284748,0.25762986624613404,0.39475654224032386,0.7047426328177957,0.3649265945631262
14C_phase_f_4000_px0.5_py0.625,14C_phase,4000.0,26.991466561591622,250.0,15.0,0.0,PSF Fitting,10,10,1.0,0.1551762679725258,0.14133103224420956,0.06842730980734626,0.13824639024650348,0.09823393737992568,0.16959354607222435,0.2698373205796383,0.2920389390086965,-0.022498545726807605,0.006625366807520549,0.02345378530547783,42.3983857343315,4.233329999260604,4.2917500250041485,4.604825028218328,0.12079012185500484,0.21320107397451493,0.02345378530547783
14C_phase_f_4000_px0.5_py0.75,14C_phase,4000.0,26.991466561591622,250.0,15.0,0.0,Gaussian Fitting,10,10,1.0,0.19195204638767843,0.17938019412989942,0.0899979854883618,0.1792327596037864,0.11322916315681283,0.21200289032081812,0.33274129083668397,0.3751141181131017,0.006996274743301001,0.02172067622044551,0.022819632682345665,53.0007213846148,5.745449988171458,5.784799926914275,6.364655029028653,0.1532625038244161,0.2680887669086985,0.022819632682345665
14C_phase_f_4000_px0.5_py0.75,14C_phase,4000.0,26.991466561591622,250.0,15.0,0.0,Intensity-Weighted Centroid,10,10,1.0,0.5993090081900021,0.46290169700142036,0.3221796041457865,0.48971018718440845,0.47239275734607883,0.6804197121080632,1.115171206960628,1.1805874382379178,-0.3395559653883765,0.11043763886286798,0.35706403586532987,170.1049203056102,0.2463899552822113,0.2457000082358718,0.26566992746666074,0.4447926375198207,0.8671930143400717,0.35706403586532987
14C_phase_f_4000_px0.5_py0.75,14C_phase,4000.0,26.991466561591622,250.0,15.0,0.0,PSF Fitting,10,10,1.0,0.19189969186703254,0.1789576040475512,0.0928106845856264,0.18342591484374612,0.10860132906944309,0.21316499457442506,0.3319994503917395,0.3704762735628511,0.013065019163241232,0.01911972562502342,0.023157258769380233,53.29124743848846,4.424410010688007,4.335599951446056,5.2920400514267385,0.15308360785882935,0.2681650087902905,0.023157258769380233
14C_phase_f_4000_px0.5_py0.875,14C_phase,4000.0,26.991466561591622,250.0,15.0,0.0,Gaussian Fitting,10,10,1.0,0.17609900322226965,0.16879458259739977,0.11270968404380398,0.11839041674027195,0.17233119577486775,0.2090797259734455,0.3581814713488714,0.45101094686092247,0.045627627204203235,0.025285230479289565,0.052165345246404156,52.26992878289702,6.099619995802641,6.071300129406154,7.317214901559053,0.13092049434334968,0.2909092930212038,0.052165345246404156
14C_phase_f_4000_px0.5_py0.875,14C_phase,4000.0,26.991466561591622,250.0,15.0,0.0,Intensity-Weighted Centroid,10,10,1.0,0.6419812430307661,0.5877785021218815,0.23084750451749575,0.6050811019401025,0.31513068213081724,0.682224660024308,1.0359150727232591,1.209672898650227,-0.5054789099927575,0.13351488131529549,0.5228146439992893,170.55616197541016,0.24720998480916023,0.242199981585145,0.27275998145341873,0.525457986316882,0.8553544043806579,0.5228146439992893
14C_phase_f_4000_px0.5_py0.875,14C_phase,4000.0,26.991466561591622,250.0,15.0,0.0,PSF Fitting,10,10,1.0,0.18000638869561525,0.14965327804757617,0.11497956466171114,0.11977215086720412,0.17685370264056458,0.21359447619504005,0.3740662489514544,0.4718404224372768,0.050297645278908475,0.01996065083213807,0.05411359073509573,53.39861620822357,4.461100022308528,4.312000120989978,5.789064988493918,0.13140011515582067,0.29951267904237217,0.05411359073509573
14C_phase_f_4000_px0.625_py0,14C_phase,4000.0,26.991466561591622,250.0,15.0,0.0,Gaussian Fitting,10,10,1.0,0.1892071683138954,0.17924620726768148,0.06039192568999247,0.17829632968332282,0.08750403448621195,0.19861152340664504,0.2874576415598127,0.3228951083751563,-0.07485069785112727,-0.020053474568555885,0.07749044335318044,49.652880039432205,6.119430018588901,5.929050035774708,6.720364931970835,0.1583465596217738,0.2376856654885676,0.07749044335318044
14C_phase_f_4000_px0.625_py0,14C_phase,4000.0,26.991466561591622,250.0,15.0,0.0,Intensity-Weighted Centroid,10,10,1.0,0.7144847675970817,0.6009633811559942,0.21194528781992722,0.5790902662927396,0.4691095305387982,0.7452578668872457,1.0621703167608474,1.1533005052333039,0.41381685159735754,-0.029308131965501617,0.41485341177969925,186.3144589933246,0.25216005742549896,0.24470000062137842,0.2846950083039701,0.601827585018531,0.8834478732287288,0.41485341177969925
14C_phase_f_4000_px0.625_py0,14C_phase,4000.0,26.991466561591622,250.0,15.0,0.0,PSF Fitting,10,10,1.0,0.18589065809577943,0.1795369561846366,0.05658253883536787,0.17466020909745492,0.08515122915361359,0.19431140076778275,0.2730846337987764,0.3232441783496257,-0.07574529977705424,-0.013313100060793203,0.07690636561133614,48.577849406419396,4.592640022747219,4.425599938258529,5.600875162053852,0.15797469456413274,0.23408025122541937,0.07690636561133614
14C_phase_f_4000_px0.625_py0.125,14C_phase,4000.0,26.991466561591622,250.0,15.0,0.0,Gaussian Fitting,10,10,1.0,0.22143253249987374,0.25603997728910466,0.08122375414349037,0.14093181447559172,0.18912400258847947,0.2358594172096374,0.298472408783306,0.30628360778658664,0.024208590276737142,0.015990227138365752,0.02901281108619881,58.96485358532415,5.9712800197303295,5.93894999474287,6.5548150218091905,0.19095698000147665,0.27353416785433227,0.02901281108619881
14C_phase_f_4000_px0.625_py0.125,14C_phase,4000.0,26.991466561591622,250.0,15.0,0.0,Intensity-Weighted Centroid,10,10,1.0,0.3105073004548021,0.23934735496224527,0.18085176817045073,0.24063643048525643,0.2668637367823166,0.3593357005449183,0.6092643740413067,0.6873159886224578,0.12293318566170228,-0.03952903785361741,0.12913215312449214,89.83392291381116,0.2554000122472644,0.24779990781098604,0.3043950302526354,0.23132725475336352,0.47774732096420464,0.12913215312449214
14C_phase_f_4000_px0.625_py0.125,14C_phase,4000.0,26.991466561591622,250.0,15.0,0.0,PSF Fitting,10,10,1.0,0.21271474498416718,0.24210210551451347,0.07826340101367851,0.13355709126250156,0.18312625711625016,0.2266555154235324,0.29138470556817203,0.301211576757821,0.01582616861472843,0.018406124547357194,0.024274534678848946,56.663878213705836,4.567839950323105,4.617049940861762,5.157494964078069,0.18353275758057935,0.26311221518001016,0.024274534678848946
14C_phase_f_4000_px0.625_py0.25,14C_phase,4000.0,26.991466561591622,250.0,15.0,0.0,Gaussian Fitting,10,10,1.0,0.19327185055008594,0.2036877153337222,0.10357472418443467,0.13028888086835888,0.17637046018822725,0.2192754699115623,0.33677299114121845,0.3564247473083768,0.04380934956342344,-0.03743160894223365,0.057622777242810286,54.81886673823319,6.011569988913834,5.988799966871738,6.518194952514023,0.15761472365167953,0.2687334005212966,0.057622777242810286
14C_phase_f_4000_px0.625_py0.25,14C_phase,4000.0,26.991466561591622,250.0,15.0,0.0,Intensity-Weighted Centroid,10,10,1.0,0.6794925317636642,0.6213098805991107,0.24558867363081507,0.6187951306178244,0.37298322168967174,0.7225122125876746,1.0061414379245281,1.0315665687666533,0.5462032910485164,-0.27778904670987004,0.6127844560889323,180.6280441481649,0.23998997639864683,0.2404500264674425,0.24893991649150848,0.5689671168113345,0.8554697187190189,0.6127844560889323
14C_phase_f_4000_px0.625_py0.25,14C_phase,4000.0,26.991466561591622,250.0,15.0,0.0,PSF Fitting,10,10,1.0,0.19487654881781963,0.20651896122857752,0.09911049361960185,0.12575100356576338,0.17884754492826713,0.21863156044968704,0.3376053528674444,0.3582279377454881,0.04039649735227613,-0.04096717978435436,0.057534223013925065,54.65788942025082,4.369640024378896,4.353950032964349,5.015869997441769,0.1570307094448328,0.268332337839389,0.057534223013925065
14C_phase_f_4000_px0.625_py0.375,14C_phase,4000.0,26.991466561591622,250.0,15.0,0.0,Gaussian Fitting,10,10,1.0,0.17499724825180638,0.1594417399717402,0.08198065210234219,0.08141066365937877,0.17526313947139346,0.19324819330288606,0.31088021094520923,0.3701606804825306,-0.04207866306747974,0.052999174391175075,0.06767219792272651,48.31204764791551,6.335509964264929,6.316350074484944,7.427329965867101,0.14069261708502906,0.2514227186371582,0.06767219792272651
14C_phase_f_4000_px0.625_py0.375,14C_phase,4000.0,26.991466561591622,250.0,15.0,0.0,Intensity-Weighted Centroid,10,10,1.0,0.5245205519003885,0.43446739593727624,0.22359661464026417,0.3788983982078623,0.4260906702569198,0.570190543103334,0.9218498302508448,0.9900906382883974,0.23630863399957888,-0.06303550125804805,0.24457155378661743,142.54762985816367,0.2594000194221735,0.2446001162752509,0.3286400344222783,0.40532208149709914,0.722960684817551,0.24457155378661743
14C_phase_f_4000_px0.625_py0.375,14C_phase,4000.0,26.991466561591622,250.0,15.0,0.0,PSF Fitting,10,10,1.0,0.1774560298955122,0.1632024582426258,0.08411714399201983,0.09475387912011467,0.1720117404462318,0.19638313690246198,0.3073003773958834,0.3726439705910896,-0.05103732509519432,0.037088900788774026,0.06309037259829803,49.095783567049644,4.271549987606704,4.313450073823333,4.8568999278359115,0.1412832378604365,0.2547863095765537,0.06309037259829803
14C_phase_f_4000_px0.625_py0.5,14C_phase,4000.0,26.991466561591622,250.0,15.0,0.0,Gaussian Fitting,10,10,1.0,0.18687620734040306,0.21801605009478892,0.09175826879801208,0.16450281077866755,0.12759750000944164,0.20818812829443842,0.30070762241507426,0.32372107588408205,0.023713416420389422,0.04547175825391605,0.05128359305888558,52.04703075837093,6.831489969044924,6.52125000488013,8.642584877088666,0.15211040898889805,0.25573326259197204,0.05128359305888558
14C_phase_f_4000_px0.625_py0.5,14C_phase,4000.0,26.991466561591622,250.0,15.0,0.0,Intensity-Weighted Centroid,10,10,1.0,0.7192006233737949,0.6478686628639388,0.3809612910233752,0.4942603889111234,0.6465970227838023,0.8138679511563603,1.3358988000669691,1.4046432439269145,0.3421532249356005,-0.4965846547772344,0.6030465559922026,203.46698248922462,0.26568996254354715,0.25049992837011814,0.31415994744747877,0.5661972634744468,1.0229819290274584,0.6030465559922026
14C_phase_f_4000_px0.625_py0.5,14C_phase,4000.0,26.991466561591622,250.0,15.0,0.0,PSF Fitting,10,10,1.0,0.1801918099532536,0.19679769236086542,0.09361276197966485,0.16252482891670664,0.1217296905659671,0.2030577198229382,0.304319730779893,0.3346399177839158,0.022377567329544944,0.03642965126527997,0.04275365494198399,50.76442870981247,4.899040004238486,4.856750019825995,6.607285002246496,0.14435274358276728,0.2536586242291803,0.04275365494198399
14C_phase_f_4000_px0.625_py0.625,14C_phase,4000.0,26.991466561591622,250.0,15.0,0.0,Gaussian Fitting,10,10,1.0,0.21420691272138176,0.21818016921347647,0.07294437626599506,0.16010621723626,0.1599108585705056,0.22628628656297473,0.3080533532104792,0.31118936377826306,-0.04226577323607898,-0.00697728126048105,0.042837810880476966,56.57157036292016,6.46406002342701,6.31705007981509,7.43257001740858,0.18226418525982677,0.2643790242112941,0.042837810880476966
14C_phase_f_4000_px0.625_py0.625,14C_phase,4000.0,26.991466561591622,250.0,15.0,0.0,Intensity-Weighted Centroid,10,10,1.0,0.6045207613461997,0.5854083544498516,0.30396259163919115,0.50468179573241,0.4507048846761178,0.6766377228728847,1.0328209835273323,1.1382678137299342,0.34377216608806976,0.07007397966061717,0.3508413670056027,169.15942207694184,0.24584000930190086,0.23624999448657036,0.2887351321987807,0.4891121362115279,0.8448245500581407,0.3508413670056027
14C_phase_f_4000_px0.625_py0.625,14C_phase,4000.0,26.991466561591622,250.0,15.0,0.0,PSF Fitting,10,10,1.0,0.2156695825571826,0.21582085997179595,0.08420640888166715,0.1557692397018896,0.17128932278408707,0.23152556691893858,0.3259611713605979,0.3272722383986262,-0.05010533674753788,-0.006427306056434645,0.05051588892345904,57.88139044142956,5.030850018374622,4.622349864803255,6.56299004331231,0.17936276875620863,0.2772426996750713,0.05051588892345904
14C_phase_f_4000_px0.625_py0.75,14C_phase,4000.0,26.991466561591622,250.0,15.0,0.0,Gaussian Fitting,10,10,1.0,0.09944961431426466,0.08758131333615661,0.043282035237370606,0.0553225566877231,0.09328973728700628,0.10845994819077218,0.16291012324486454,0.17671552447790828,0.004868900784265407,0.035816089319087044,0.03614551768836409,27.11498607430862,11.94723006337881,6.090349983423948,39.012340141925904,0.07851949140647828,0.13444708095147428,0.03614551768836409
14C_phase_f_4000_px0.625_py0.75,14C_phase,4000.0,26.991466561591622,250.0,15.0,0.0,Intensity-Weighted Centroid,10,10,1.0,0.40577490365871843,0.3958115465849594,0.2153784981421477,0.36220977311388575,0.28256901840434795,0.45939217440135977,0.7512518511094575,0.7667266337478353,0.160296303012899,0.17622031158446133,0.2382194428977781,114.84803716307862,0.2644299762323499,0.24660001508891582,0.3263399237766862,0.32192536489655743,0.5912104601651287,0.2382194428977781
14C_phase_f_4000_px0.625_py0.75,14C_phase,4000.0,26.991466561591622,250.0,15.0,0.0,PSF Fitting,10,10,1.0,0.10112728045277575,0.0811923766043103,0.050194902399639765,0.06014098291887812,0.09554746073148637,0.11289931389819745,0.17892058262245167,0.19250160058202473,0.006556884760834691,0.03307991858063133,0.03372348960395504,28.224827453387192,4.801329993642867,4.57499991171062,5.784684978425503,0.07765199856520832,0.14345925763325387,0.03372348960395504
14C_phase_f_4000_px0.625_py0.875,14C_phase,4000.0,26.991466561591622,250.0,15.0,0.0,Gaussian Fitting,10,10,1.0,0.20528086222462189,0.195894155211443,0.08790007326483855,0.18023711000392534,0.13183792873479577,0.22330843082080032,0.3301804927844847,0.34853134860268375,0.022821948676232752,-0.047860723767087165,0.053023487445565336,55.82710593673822,6.239050021395087,6.002050009556115,7.31734501896426,0.16627555574137523,0.2735411789447879,0.053023487445565336
14C_phase_f_4000_px0.625_py0.875,14C_phase,4000.0,26.991466561591622,250.0,15.0,0.0,Intensity-Weighted Centroid,10,10,1.0,0.6269389242568978,0.5209323913123713,0.31464230226541456,0.5056634375051021,0.48616528166231743,0.7014643206345399,1.1820800215960265,1.5183726241845796,0.3604005808848797,0.2911458854012494,0.46330821845531317,175.36606627540934,0.24798002559691668,0.24700001813471317,0.25964503875002265,0.47826487446284954,0.9595929221187972,0.46330821845531317
14C_phase_f_4000_px0.625_py0.875,14C_phase,4000.0,26.991466561591622,250.0,15.0,0.0,PSF Fitting,10,10,1.0,0.20122386785754384,0.17600066329556424,0.0858445511320251,0.17848508726557344,0.1265045674211401,0.21877004354940632,0.32960692115659884,0.3427490245678435,0.02646373133563884,-0.04694464133225438,0.05388996591220743,54.692509130535235,4.411240015178919,4.329800023697317,4.9882050370797515,0.1614116562853034,0.2701543917705161,0.05388996591220743
14C_phase_f_4000_px0.75_py0,14C_phase,4000.0,26.991466561591622,250.0,15.0,0.0,Gaussian Fitting,10,10,1.0,0.1846579053931562,0.15687030685304626,0.08059234475500232,0.12954950166793666,0.15430681992344425,0.2014787037314291,0.303743277912435,0.3108029077723349,-0.019026685181950144,0.04384893746621401,0.04779899649499964,50.36967526908878,6.2190399505198,6.025799899362028,7.127135037444531,0.14321679393373102,0.2507795242854447,0.04779899649499964
14C_phase_f_4000_px0.75_py0,14C_phase,4000.0,26.991466561591622,250.0,15.0,0.0,Intensity-Weighted Centroid,10,10,1.0,0.5177202165408918,0.5549467358044535,0.2309188623048871,0.43731271628645535,0.3607150284608247,0.5668842417842741,0.8160302255873338,0.9072535915431096,0.015666297499149096,0.08835997568271522,0.0897380531323355,141.72105699988347,0.26349001564085484,0.2480499679222703,0.3509751055389641,0.42371973850444156,0.6927724927165291,0.0897380531323355
14C_phase_f_4000_px0.75_py0,14C_phase,4000.0,26.991466561591622,250.0,15.0,0.0,PSF Fitting,10,10,1.0,0.18312066098045096,0.17499976253657526,0.08738159384677781,0.12973963086772852,0.15600111410956666,0.20290076249516778,0.3090869059140893,0.31086735311440056,-0.023134673540278074,0.04655096259421043,0.05198273981104518,50.7251899622528,4.285750002600253,4.272650112397969,4.781449970323592,0.14160733659724623,0.252921244760593,0.05198273981104518
14C_phase_f_4000_px0.75_py0.125,14C_phase,4000.0,26.991466561591622,250.0,15.0,0.0,Gaussian Fitting,10,10,1.0,0.2181904656944317,0.25563403730416834,0.09043517517810798,0.14363942351444955,0.18749217648180583,0.23618975470889508,0.3074918393595267,0.30824439900354816,-0.0064051066273009384,0.11392296913861628,0.11410288466233101,59.04743768708039,6.705769989639521,6.026549963280559,10.203354968689375,0.1840834136106632,0.277967359652876,0.11410288466233101
14C_phase_f_4000_px0.75_py0.125,14C_phase,4000.0,26.991466561591622,250.0,15.0,0.0,Intensity-Weighted Centroid,10,10,1.0,0.4053991865692138,0.3244257993098887,0.30827082273946904,0.17543547804414378,0.47812319925608304,0.509293040030442,0.9492780310611614,1.076715015844103,0.0905219025428778,-0.09932742899129607,0.13438806862963404,127.32325786049604,0.37282002158463,0.24510000366717577,0.9612900787033127,0.2700101063198141,0.7119958279378025,0.13438806862963404
14C_phase_f_4000_px0.75_py0.125,14C_phase,4000.0,26.991466561591622,250.0,15.0,0.0,PSF Fitting,10,10,1.0,0.21439944188942958,0.24466306611990954,0.0901866242007341,0.14479556931108684,0.1820301924821858,0.23259567465286918,0.3085876826466512,0.31330178747898,-0.004146156649107979,0.11195975820888862,0.11203650330651946,58.1489176579829,4.475590004585683,4.325850051827729,5.736325064208356,0.1804617942619368,0.2738921771497803,0.11203650330651946
14C_phase_f_4000_px0.75_py0.25,14C_phase,4000.0,26.991466561591622,250.0,15.0,0.0,Gaussian Fitting,10,10,1.0,0.14542535149303387,0.1314838897437591,0.09134183076392316,0.12710964869672353,0.11547727097733633,0.17173195073770525,0.2972591618968553,0.3289509105456792,-0.06498254732437089,-0.01902472760461933,0.06771020393702908,42.93298704467436,6.056720018386841,5.930699990130961,7.211900013498961,0.10373464949164521,0.2268787581655815,0.06771020393702908
14C_phase_f_4000_px0.75_py0.25,14C_phase,4000.0,26.991466561591622,250.0,15.0,0.0,Intensity-Weighted Centroid,10,10,1.0,0.599407782057084,0.6022877738471293,0.27760224502465475,0.4864111728649577,0.4469416813695689,0.6605699778474049,1.030193675350993,1.2091993555468412,0.1323786068315144,-0.29871352763627784,0.32673210301340455,165.14249072212942,0.3191200317814946,0.24505006149411201,0.6516450899653129,0.48037415095370617,0.8431203177288218,0.32673210301340455
14C_phase_f_4000_px0.75_py0.25,14C_phase,4000.0,26.991466561591622,250.0,15.0,0.0,PSF Fitting,10,10,1.0,0.14367218079980976,0.1184655987877633,0.09537540963283542,0.1322796931864404,0.11063565008127155,0.17244756970860553,0.3027085085335102,0.3424058548409423,-0.06205760229261159,-0.021605842952317288,0.06571117448340237,43.111891749117525,4.408370051532984,4.349650116637349,4.851425031665713,0.09945904827308105,0.2311153331227666,0.06571117448340237
14C_phase_f_4000_px0.75_py0.375,14C_phase,4000.0,26.991466561591622,250.0,15.0,0.0,Gaussian Fitting,10,10,1.0,0.1613743306679431,0.14747169285887726,0.07705059648936456,0.13726557539949055,0.11461514222885336,0.17882524714897927,0.2837562352890783,0.2924819436497965,-0.01611015836685965,0.034772071320185206,0.03832276277229167,44.70631053495199,6.1130799818784,5.995750078000128,6.88481496181339,0.1286834803751641,0.22134242796786646,0.03832276277229167
14C_phase_f_4000_px0.75_py0.375,14C_phase,4000.0,26.991466561591622,250.0,15.0,0.0,Intensity-Weighted Centroid,10,10,1.0,0.5224342259911262,0.5310551742318528,0.12246881267039532,0.3642774331037384,0.39400264249773104,0.5365968044666717,0.7035257841001444,0.7163728819976923,0.2722829846925265,-0.2082396125472883,0.34278529721520345,134.1491970996705,0.24533001706004143,0.23850006982684135,0.2784550888463855,0.4546528005764815,0.6088857486834728,0.34278529721520345
14C_phase_f_4000_px0.75_py0.375,14C_phase,4000.0,26.991466561591622,250.0,15.0,0.0,PSF Fitting,10,10,1.0,0.1625340277298899,0.14753538231253144,0.07779433016246733,0.13084513396121356,0.12389035028685517,0.18019230831399988,0.2852097073055406,0.31016431400637984,-0.02662359606283644,0.03677162451011782,0.045397888017287516,45.048075909732994,4.453000007197261,4.281450062990189,5.5431650718674055,0.1271071739482053,0.22647522297589034,0.045397888017287516
14C_phase_f_4000_px0.75_py0.5,14C_phase,4000.0,26.991466561591622,250.0,15.0,0.0,Gaussian Fitting,10,10,1.0,0.14690808396583827,0.14060872503598698,0.08892199416433748,0.15989848101635362,0.06262253547517109,0.1717239243107269,0.29188805482499003,0.30298570602676395,-0.10496477834989264,0.014645598216372947,0.1059815938791143,42.93098003042473,7.8427699860185385,6.845499970950186,12.477474892511964,0.10907192864279529,0.2236801637254009,0.1059815938791143
14C_phase_f_4000_px0.75_py0.5,14C_phase,4000.0,26.991466561591622,250.0,15.0,0.0,Intensity-Weighted Centroid,10,10,1.0,0.5865168560874394,0.5870071441097504,0.2414801085698093,0.4327396296079972,0.46373600062569476,0.634282796006309,0.9335219196718436,0.9500069716965054,0.13365216527651,-0.38535757956084354,0.40787665464952927,158.57069378728673,0.272789946757257,0.2553500235080719,0.356474844738841,0.4717337745245064,0.7716744836344775,0.40787665464952927
14C_phase_f_4000_px0.75_py0.5,14C_phase,4000.0,26.991466561591622,250.0,15.0,0.0,PSF Fitting,10,10,1.0,0.14180647070746472,0.13617522551536146,0.08772123701656463,0.15941625988837793,0.048893216722000386,0.16674558632306688,0.2840121126829202,0.30467381135105215,-0.10401585803685975,0.00827322094801275,0.10434435733665141,41.68639554841999,5.5978900054469705,4.486900055781007,8.883574965875594,0.10555545166867376,0.21933441609677684,0.10434435733665141
14C_phase_f_4000_px0.75_py0.625,14C_phase,4000.0,26.991466561591622,250.0,15.0,0.0,Gaussian Fitting,10,10,1.0,0.21850848100147582,0.22045304561613976,0.0758549540214557,0.19396655193525153,0.1260035993514426,0.2313005194961081,0.31505699720786523,0.3490768138057652,0.054107748581122904,-0.02313156995951431,0.05884486371222141,57.8251277702696,7.8402499901130795,7.119299843907356,10.727314953692256,0.1897341066399145,0.2703628847151395,0.05884486371222141
14C_phase_f_4000_px0.75_py0.625,14C_phase,4000.0,26.991466561591622,250.0,15.0,0.0,Intensity-Weighted Centroid,10,10,1.0,0.6151784484478495,0.5526590235052209,0.2993057677071481,0.4711991016920111,0.49598374225584296,0.6841260600338718,1.0397985081299734,1.0969660106331234,0.1959099400883133,0.33256994883225843,0.3859837762027019,171.03150498866427,0.2601299900561571,0.2410499146208167,0.34663007827475667,0.48422594284999704,0.8518952581308138,0.3859837762027019
14C_phase_f_4000_px0.75_py0.625,14C_phase,4000.0,26.991466561591622,250.0,15.0,0.0,PSF Fitting,10,10,1.0,0.21739766984891848,0.22207272410327084,0.08195976606211179,0.191223625659928,0.1319570956719159,0.2323341346180011,0.3314790955988895,0.3682439566165992,0.050979708158911306,-0.018007561475394597,0.05406665251574101,58.08353157648295,6.15088997874409,5.85680000949651,8.046989992726594,0.1836955620301272,0.27676373664384807,0.05406665251574101
14C_phase_f_4000_px0.75_py0.75,14C_phase,4000.0,26.991466561591622,250.0,15.0,0.0,Gaussian Fitting,10,10,1.0,0.18277332178398864,0.18455854259222004,0.1053269049069527,0.15340564996271777,0.14479831011703076,0.21094986146767603,0.3131743983264541,0.31808019564995793,0.02786974192829348,0.11126136694056185,0.11469879811328465,52.73746305176666,6.540300021879375,5.960550042800605,9.615555068012322,0.14994627742320255,0.2626541748761039,0.11469879811328465
14C_phase_f_4000_px0.75_py0.75,14C_phase,4000.0,26.991466561591622,250.0,15.0,0.0,Intensity-Weighted Centroid,10,10,1.0,0.540637002870346,0.4947611776314948,0.2970855221971281,0.392148121371218,0.47620166660438634,0.6168858698104299,0.963517860681851,1.0038754623888886,0.09372557562682005,0.3803047707403152,0.391683803819385,154.2214577902645,0.24243004154413939,0.24375005159527063,0.24957509012892842,0.4287151112937751,0.7747258285977441,0.391683803819385
14C_phase_f_4000_px0.75_py0.75,14C_phase,4000.0,26.991466561591622,250.0,15.0,0.0,PSF Fitting,10,10,1.0,0.1810381983135829,0.19490407868498072,0.10780704863508775,0.15339214246505828,0.14445774335083464,0.21070640470578095,0.3081650899931772,0.31495196158008193,0.024005585588918167,0.10514702583463986,0.10785251587857048,52.67659886795923,4.93131005205214,4.8232999397441745,5.817420047242194,0.14772777993080977,0.26044963110197594,0.10785251587857048
14C_phase_f_4000_px0.75_py0.875,14C_phase,4000.0,26.991466561591622,250.0,15.0,0.0,Gaussian Fitting,10,10,1.0,0.21416512035610827,0.15078694802034565,0.12978824761396818,0.19818685267827954,0.15308056513264176,0.25042301810307105,0.40584927766433837,0.44948697963580375,0.027531286259284117,0.05701683631706374,0.06331580645223975,62.60575145049412,6.737999967299402,6.790050072595477,9.00223988573998,0.15804930258292443,0.32228999200540903,0.06331580645223975
14C_phase_f_4000_px0.75_py0.875,14C_phase,4000.0,26.991466561591622,250.0,15.0,0.0,Intensity-Weighted Centroid,10,10,1.0,0.5163756508952977,0.5141815244272508,0.30030005051714925,0.4582225486864166,0.3832179915576373,0.5973474141386608,0.983826211375367,1.2238060173124132,0.32630905985627123,-0.09514855926277051,0.33989829489725976,149.33684543510213,0.2847700146958232,0.25919999461621046,0.35247000632807607,0.3891757533775488,0.8015942910423812,0.33989829489725976
14C_phase_f_4000_px0.75_py0.875,14C_phase,4000.0,26.991466561591622,250.0,15.0,0.0,PSF Fitting,10,10,1.0,0.21840380103702897,0.1536630937009758,0.12920916211077205,0.20192949658511297,0.15368704008364784,0.2537621482427786,0.40815686730950274,0.4508588614961192,0.023983986889027163,0.05679756684617132,0.061653833836496544,63.44053395705895,4.783899965696037,4.359649843536317,6.334315054118633,0.16204837379751985,0.324745390444345,0.061653833836496544
14C_phase_f_4000_px0.875_py0,14C_phase,4000.0,26.991466561591622,250.0,15.0,0.0,Gaussian Fitting,10,10,1.0,0.17135569621404784,0.17449442490209546,0.08011792855848779,0.09961147483126158,0.1608079947746534,0.18916040045819318,0.28635986899961785,0.3222654631701285,-0.05778467402726619,0.023368872261607977,0.06233115387361895,47.29009956886363,6.452859984710813,6.475849892012775,7.232635049149394,0.13996939932639638,0.23498825025791667,0.06233115387361895
14C_phase_f_4000_px0.875_py0,14C_phase,4000.0,26.991466561591622,250.0,15.0,0.0,Intensity-Weighted Centroid,10,10,1.0,0.45981682999984697,0.4570109407217516,0.14735149371538653,0.3507033778522377,0.33189022374016136,0.48284985228460386,0.6243175592714527,0.6376697878456842,0.12379763499591263,-0.0015051201892447353,0.1238067842138115,120.7124589129017,0.2660099882632494,0.24850002955645323,0.34890501992776984,0.39734644491984744,0.5574037786093986,0.1238067842138115
14C_phase_f_4000_px0.875_py0,14C_phase,4000.0,26.991466561591622,250.0,15.0,0.0,PSF Fitting,10,10,1.0,0.17032737005894663,0.1655412721774379,0.08162242650625862,0.10108750942923946,0.15954607151967218,0.18887465023122327,0.2888362673314814,0.3415867349815113,-0.06256645618476568,0.019816854234636593,0.06562978859692478,47.218661990977054,4.682429996319115,4.447850049473345,5.6056398898363105,0.13772400894522355,0.2401452218255427,0.06562978859692478
14C_phase_f_4000_px0.875_py0.125,14C_phase,4000.0,26.991466561591622,250.0,15.0,0.0,Gaussian Fitting,10,10,1.0,0.14388279480968486,0.14723147798392675,0.06679231844612551,0.09303661524767158,0.1284821414396228,0.15862998595995184,0.2437333392098191,0.2703696516741678,-0.006966224513359975,0.03076408749464008,0.03154294474757244,39.657495788394606,6.124729965813458,6.12629996612668,7.129870017524808,0.11659741905912699,0.19816331278867125,0.03154294474757244
14C_phase_f_4000_px0.875_py0.125,14C_phase,4000.0,26.991466561591622,250.0,15.0,0.0,Intensity-Weighted Centroid,10,10,1.0,0.39991946582602234,0.3246539476988296,0.23489135682018786,0.359830697655434,0.292628429377946,0.46379901752310765,0.789978011452295,0.894449488880117,0.08115076620749732,0.051991430379428036,0.0963771533557762,115.94974961636377,0.26803994551301,0.2525000600144267,0.34216989297419775,0.2968983280771681,0.6122307642521924,0.0963771533557762
14C_phase_f_4000_px0.875_py0.125,14C_phase,4000.0,26.991466561591622,250.0,15.0,0.0,PSF Fitting,10,10,1.0,0.14729306781057852,0.13853527983061623,0.06796113608649064,0.09423023281468887,0.13204024790535543,0.16221579406216333,0.24250517945897226,0.26306075701944387,-0.01070923022570014,0.03063972042707519,0.032457357869616836,40.55394781761911,4.496900015510619,4.309349926188588,5.297895113471895,0.11894802931412003,0.20115189701810926,0.032457357869616836
14C_phase_f_4000_px0.875_py0.25,14C_phase,4000.0,26.991466561591622,250.0,15.0,0.0,Gaussian Fitting,10,10,1.0,0.21808628723248352,0.2356957897552625,0.08553407790948436,0.16525467263264063,0.16603794848092354,0.23425991369134208,0.3251788451034287,0.3288010306936234,0.03552781629624633,-0.08482154235533698,0.09196151248385409,58.56497672703174,6.254929956048727,5.929899984039366,8.150069962721316,0.18067832662543484,0.2780352741538402,0.09196151248385409
14C_phase_f_4000_px0.875_py0.25,14C_phase,4000.0,26.991466561591622,250.0,15.0,0.0,Intensity-Weighted Centroid,10,10,1.0,0.5916127139915851,0.6496765771604864,0.2054865602374549,0.44958012523333646,0.43601380802663525,0.626282947073214,0.8574578830811964,0.9010076481392045,0.2147422075751706,-0.309722325646419,0.376884776447768,156.5707305611485,0.2653100062161684,0.24844997096806765,0.3550351597368716,0.5051117850848955,0.7339448874156201,0.376884776447768
14C_phase_f_4000_px0.875_py0.25,14C_phase,4000.0,26.991466561591622,250.0,15.0,0.0,PSF Fitting,10,10,1.0,0.2067560109733504,0.2214124516738477,0.08078317664656226,0.15691824854734357,0.15700520047296518,0.22197740809082775,0.31130555180278,0.3123951765869095,0.03185377034407111,-0.08007274719738007,0.08617602641609999,55.49435042100348,4.395919991657138,4.338000086136162,4.822499875444919,0.17085769313856825,0.26385729340906605,0.08617602641609999
14C_phase_f_4000_px0.875_py0.375,14C_phase,4000.0,26.991466561591622,250.0,15.0,0.0,Gaussian Fitting,10,10,1.0,0.1853883104600993,0.16257301037487548,0.06057518221335636,0.17945104237885504,0.0763904558474019,0.195033787727746,0.28017982430439525,0.2830081151428865,-0.009801770946398846,0.018950846151062704,0.021335634125259007,48.75844498682576,6.024400005117059,5.968300043605268,6.858904939144849,0.1548188277356588,0.23247882861075206,0.021335634125259007
14C_phase_f_4000_px0.875_py0.375,14C_phase,4000.0,26.991466561591622,250.0,15.0,0.0,Intensity-Weighted Centroid,10,10,1.0,0.4270484636232347,0.4020436145046318,0.2122192599702277,0.34811587494931223,0.3259183060117229,0.4768725244604434,0.7164624904509054,0.7489975368301889,0.035853653096285146,-0.24085664900379697,0.24351059486126472,119.21812736286883,0.24278003256767988,0.24414993822574615,0.24881508434191346,0.3457093624271446,0.5913359517852402,0.24351059486126472
14C_phase_f_4000_px0.875_py0.375,14C_phase,4000.0,26.991466561591622,250.0,15.0,0.0,PSF Fitting,10,10,1.0,0.1875354757464589,0.1677212539320024,0.05603667704097423,0.18157474024435546,0.0730772026177793,0.19572854630136383,0.2773452812567888,0.28537424695108143,0.0005911982231509682,0.01786523788755403,0.017875017206088303,48.93213456348615,4.286630009301007,4.20480000320822,5.332190077751875,0.1583978435499929,0.2312138219437339,0.017875017206088303
14C_phase_f_4000_px0.875_py0.5,14C_phase,4000.0,26.991466561591622,250.0,15.0,0.0,Gaussian Fitting,10,10,1.0,0.22274068613215808,0.20510268376589363,0.06121778332485162,0.1908386655066269,0.13016003227367004,0.23100006548447785,0.3247086419181182,0.3478688803623796,0.06657907159785736,-0.013099252075517143,0.06785545799543731,57.75001400257007,5.846899980679154,5.868649925105274,6.688054988626391,0.19105542540479015,0.2711506754160374,0.06785545799543731
14C_phase_f_4000_px0.875_py0.5,14C_phase,4000.0,26.991466561591622,250.0,15.0,0.0,Intensity-Weighted Centroid,10,10,1.0,0.5344509742347985,0.5317593553499687,0.16883940076933918,0.3772835275700555,0.4144897187349401,0.5604860275802374,0.7885284953954551,0.8362510241190494,0.18353205067249972,-0.33582565597106395,0.382704696642788,140.1215019193699,0.24935996625572443,0.23985013831406832,0.2905798610299825,0.45302718826019994,0.6596239321029014,0.382704696642788
14C_phase_f_4000_px0.875_py0.5,14C_phase,4000.0,26.991466561591622,250.0,15.0,0.0,PSF Fitting,10,10,1.0,0.21850439995671062,0.1986378142277851,0.06315228665279503,0.18733449410050082,0.12898903608457726,0.22744754144619578,0.3245239667004727,0.35219192494907153,0.06708426151208187,-0.013894560649077903,0.06850807951075766,56.86188302828723,4.13119001314044,4.175700014457107,4.906055040191858,0.18600161109392543,0.26946692345090595,0.06850807951075766
14C_phase_f_4000_px0.875_py0.625,14C_phase,4000.0,26.991466561591622,250.0,15.0,0.0,Gaussian Fitting,10,10,1.0,0.15076339847191747,0.1537938011459291,0.06824567582519685,0.10299995425010706,0.12953024361945695,0.16549040633112244,0.22483500906644457,0.22836394114342853,0.0229180324565732,0.012903544711684844,0.026300906406566914,41.372600180260086,6.050559971481562,6.146449944935739,7.175889913924038,0.12394439888745552,0.19930506961286767,0.026300906406566914
14C_phase_f_4000_px0.875_py0.625,14C_phase,4000.0,26.991466561591622,250.0,15.0,0.0,Intensity-Weighted Centroid,10,10,1.0,0.4469888841940256,0.4513291733526241,0.19841980958884015,0.3545934926815775,0.33679806765801323,0.4890495715469871,0.6919291313833906,0.7324568582111819,0.07682448307800768,0.2242410921493388,0.23703600698740127,122.2623860987174,0.2459800336509943,0.242499983869493,0.26806005043908954,0.37014657822266955,0.5849073076323207,0.23703600698740127
14C_phase_f_4000_px0.875_py0.625,14C_phase,4000.0,26.991466561591622,250.0,15.0,0.0,PSF Fitting,10,10,1.0,0.14634721904086978,0.15339928388432056,0.06571750899461674,0.09926467293004289,0.12602707731890578,0.16042537052927086,0.21716369091575163,0.21966034567919873,0.024081988172019918,0.013429529409836504,0.027573436755090414,40.10634127460117,4.535470041446388,4.513600026257336,4.896070039831102,0.1204404532895481,0.19254474033884045,0.027573436755090414
14C_phase_f_4000_px0.875_py0.75,14C_phase,4000.0,26.991466561591622,250.0,15.0,0.0,Gaussian Fitting,10,10,1.0,0.12912681273777044,0.14206227298053367,0.0680702254047032,0.116545920692186,0.08788821152164276,0.1459701659739494,0.22462098152182075,0.23449652732907664,0.035754446740850196,-0.038750565465727506,0.052725579993565995,36.49253997388123,6.722680013626814,6.522900075651705,7.764775061514229,0.10470793316871718,0.18042422707846587,0.052725579993565995
14C_phase_f_4000_px0.875_py0.75,14C_phase,4000.0,26.991466561591622,250.0,15.0,0.0,Intensity-Weighted Centroid,10,10,1.0,0.6268234693851016,0.5888445904211883,0.24258324729798217,0.4964162413490756,0.4531282478134261,0.6721266946354753,0.9766056559566343,0.999810267750135,0.295434878158062,0.29439334391930744,0.4170721858099154,168.03165944785727,0.23892996832728386,0.23604999296367168,0.25107499677687883,0.5102319618486074,0.8199465154218963,0.4170721858099154
14C_phase_f_4000_px0.875_py0.75,14C_phase,4000.0,26.991466561591622,250.0,15.0,0.0,PSF Fitting,10,10,1.0,0.13345714603781983,0.14616927550274256,0.055703986722052484,0.1077104510622705,0.09649975490773438,0.14461584963374718,0.20873897657141127,0.23085137090780553,0.048626959691705454,-0.038317197380615654,0.06190952127067214,36.15396088684153,4.660120024345815,4.448250052519143,5.315660033375024,0.1103306749504109,0.17538919625032368,0.06190952127067214
14C_phase_f_4000_px0.875_py0.875,14C_phase,4000.0,26.991466561591622,250.0,15.0,0.0,Gaussian Fitting,10,10,1.0,0.19278870194574924,0.16533166072656713,0.11380798508128594,0.1831099704361227,0.12880403640053914,0.22387438680248606,0.39817807455250764,0.4522219712200993,-0.012542216735710099,0.044144799896764654,0.04589194437557553,55.96859423067384,6.238109967671335,6.303600035607815,7.109784986823796,0.14085687639196223,0.3012779236574024,0.04589194437557553
14C_phase_f_4000_px0.875_py0.875,14C_phase,4000.0,26.991466561591622,250.0,15.0,0.0,Intensity-Weighted Centroid,10,10,1.0,0.47115544690058114,0.43996631076128884,0.1691063258302172,0.3138355280056467,0.38998931516299135,0.5005840634497687,0.7498843894400182,0.8445010678610767,-0.051936396635551316,0.1996970238892004,0.2063402303131631,125.14600763557031,0.2537100110203028,0.2505001612007618,0.2863949164748192,0.3889578459808736,0.6121779430355987,0.2063402303131631
14C_phase_f_4000_px0.875_py0.875,14C_phase,4000.0,26.991466561591622,250.0,15.0,0.0,PSF Fitting,10,10,1.0,0.18934985744377125,0.1654741407487907,0.1100648501468195,0.18055485547054834,0.12396605953981002,0.21901515872609897,0.385978785848295,0.44786889009981,-0.010092081136212983,0.04320924287619619,0.04437216212439976,54.753787291505816,4.370100027881563,4.269349970854819,5.706695117987691,0.13936897242288784,0.2966149341330361,0.04437216212439976
14C_phase_f_4000_px0_py0,14C_phase,4000.0,26.991466561591622,250.0,15.0,0.0,Gaussian Fitting,10,10,1.0,0.20662220312683827,0.2183270497066721,0.06648103251148334,0.14995511223393235,0.15692650134279446,0.21705405434771616,0.29313348837155667,0.3074792297752428,0.08445221658361106,0.07530784929639367,0.11315232676146562,54.26351354180391,5.974360019899905,5.9780500596389174,6.418910005595534,0.1764644829903111,0.25200842667263007,0.11315232676146562
14C_phase_f_4000_px0_py0,14C_phase,4000.0,26.991466561591622,250.0,15.0,0.0,Intensity-Weighted Centroid,10,10,1.0,0.5035652624296809,0.5869518513713902,0.21185659306680857,0.3956191530972952,0.3767581123935193,0.5463160161955247,0.7446789841202909,0.7473690346892776,-0.10526761428479858,-0.038814820035577215,0.11219563659789705,136.579003201899,0.24938995484262705,0.24419999681413174,0.2729898667894304,0.4262265974202854,0.644879702600805,0.11219563659789705
14C_phase_f_4000_px0_py0,14C_phase,4000.0,26.991466561591622,250.0,15.0,0.0,PSF Fitting,10,10,1.0,0.20394820713258208,0.19727129305273133,0.06828686280105503,0.15632107906302514,0.1477216540131343,0.21507665336759524,0.3067420881370906,0.3208347025310044,0.09523797500944511,0.07248761355346005,0.11968594738972264,53.769163296764546,4.415150010026991,4.399250028654933,5.2627050201408565,0.17114444989753874,0.2537324182013505,0.11968594738972264
14C_phase_f_4000_px0_py0.125,14C_phase,4000.0,26.991466561591622,250.0,15.0,0.0,Gaussian Fitting,10,10,1.0,0.14208046012377903,0.1460349712023631,0.056516463170667636,0.10163886973957913,0.11423881965587294,0.15290836392528107,0.20969277424848173,0.21528925500686674,0.028439425654050866,0.004011840052123716,0.028720999149335152,38.227090938005176,6.388769974000752,6.566649884916842,7.065249956212938,0.11939003291181774,0.18011412117711156,0.028720999149335152
14C_phase_f_4000_px0_py0.125,14C_phase,4000.0,26.991466561591622,250.0,15.0,0.0,Intensity-Weighted Centroid,10,10,1.0,0.36938362630449034,0.38226010164440316,0.14211518412002358,0.27689768518059515,0.2827873067889568,0.39577896475093716,0.5400219338821787,0.5501602945674313,-0.09035553133224994,0.0765555832277414,0.11842668350364643,98.94474079088798,0.24161997716873884,0.24245004169642925,0.2476000227034092,0.31450615489390504,0.4643806456426062,0.11842668350364643
14C_phase_f_4000_px0_py0.125,14C_phase,4000.0,26.991466561591622,250.0,15.0,0.0,PSF Fitting,10,10,1.0,0.1367956552289084,0.14183352081483522,0.0484518599928107,0.09173557831706315,0.11245095685276885,0.14512282393293383,0.18784333767257413,0.19441154018373713,0.028947517586095727,0.00586667173117803,0.029536022271096776,36.280705944839106,4.002920025959611,3.9709999691694975,4.35741504188627,0.11867961073726443,0.16565201961656006,0.029536022271096776
14C_phase_f_4000_px0_py0.25,14C_phase,4000.0,26.991466561591622,250.0,15.0,0.0,Gaussian Fitting,10,10,1.0,0.21030535676233703,0.1673927461159608,0.14545212258385548,0.18174894542728842,0.1798665724451081,0.25570424917682294,0.42838395639085053,0.4414697429008714,-0.04652913823646258,-0.11876903447506493,0.12755800349318347,63.92606218148854,5.794829991646111,5.625549936667085,6.848010071553289,0.16681167244837747,0.33353299174845885,0.12755800349318347
14C_phase_f_4000_px0_py0.25,14C_phase,4000.0,26.991466561591622,250.0,15.0,0.0,Intensity-Weighted Centroid,10,10,1.0,0.5486718920887383,0.5105874781341028,0.3246189667552217,0.5015383642510272,0.3935448995094053,0.637509465612444,1.0551454972590255,1.1795972205472487,-0.11445859005804096,-0.2943626401465281,0.315832444109387,159.37736478817374,0.2506100106984377,0.24090008810162544,0.29541508993133897,0.4248210107994692,0.8249402121468934,0.315832444109387
14C_phase_f_4000_px0_py0.25,14C_phase,4000.0,26.991466561591622,250.0,15.0,0.0,PSF Fitting,10,10,1.0,0.2182542778988607,0.18010813985087104,0.13581102973101103,0.18280752010086307,0.18072347996960228,0.25705945930416696,0.4275468036490733,0.4417035556636971,-0.040165013697730956,-0.1197757198579211,0.12633072228409886,64.26486471116866,4.348810040391982,4.327200120314956,5.16188503243029,0.17340635539191207,0.3320285091658101,0.12633072228409886
14C_phase_f_4000_px0_py0.375,14C_phase,4000.0,26.991466561591622,250.0,15.0,0.0,Gaussian Fitting,10,10,1.0,0.23138532459814526,0.24289758145338278,0.0701470241713673,0.17720930030528234,0.16448901885779393,0.2417845599691747,0.3148629918991046,0.3231012252786605,0.021882594169755975,0.005764023541723872,0.022629005611996857,60.44613964988101,6.453850003890693,6.375849945470691,7.5607100501656515,0.199328991439554,0.2734145834526321,0.022629005611996857
14C_phase_f_4000_px0_py0.375,14C_phase,4000.0,26.991466561591622,250.0,15.0,0.0,Intensity-Weighted Centroid,10,10,1.0,0.5461488659931091,0.48516537602366616,0.25437678779324135,0.40539520640553545,0.4456914410407497,0.6024833059874495,1.0115697371604855,1.0911838583312286,-0.02843295507420862,-0.22262602889694563,0.2244343593941793,150.62082554975865,0.3075700020417571,0.25364989414811134,0.5520500824786718,0.4154783171100464,0.7818288347604115,0.2244343593941793
14C_phase_f_4000_px0_py0.375,14C_phase,4000.0,26.991466561591622,250.0,15.0,0.0,PSF Fitting,10,10,1.0,0.2313268992643783,0.24310545650508458,0.06685560155663792,0.1729718808090122,0.1675187578516645,0.24079411492553499,0.3055973482878935,0.31376917458908193,0.021754170869530753,0.006278588033069354,0.022642098354828822,60.19852837002213,4.274610010907054,3.9130501681938767,5.67470989190042,0.20058712255096353,0.27175135271329093,0.022642098354828822
14C_phase_f_4000_px0_py0.5,14C_phase,4000.0,26.991466561591622,250.0,15.0,0.0,Gaussian Fitting,10,10,1.0,0.20090948927430535,0.16206690756582412,0.09477229132250413,0.18866361116429817,0.11727084848941072,0.2221405187780469,0.3491460093619245,0.36758738113090117,0.03698591910290361,0.01517454353939911,0.0399778061368511,55.535129362862214,5.8796900091692805,5.846849991939962,6.934385059867054,0.15683517413314035,0.27897167922256083,0.0399778061368511
14C_phase_f_4000_px0_py0.5,14C_phase,4000.0,26.991466561591622,250.0,15.0,0.0,Intensity-Weighted Centroid,10,10,1.0,0.6238661064203325,0.5406273044973475,0.36728843747454915,0.37353961521487167,0.6201434276904715,0.7239542216484143,1.2333737269403928,1.579117095394264,-0.12371235650650761,-0.5004189584468804,0.5154841230585612,180.9885537504132,0.24871001951396465,0.24544994812458754,0.2818801440298557,0.4752717172912105,1.0081733913502287,0.5154841230585612
14C_phase_f_4000_px0_py0.5,14C_phase,4000.0,26.991466561591622,250.0,15.0,0.0,PSF Fitting,10,10,1.0,0.2052385183688056,0.17275931646733256,0.0992960024497524,0.19516307427701857,0.11787247330681881,0.2279968103389251,0.36201427811729475,0.36899750879171717,0.04206858933108606,0.017435165633992257,0.04553845857066653,56.99920223840691,4.4617499224841595,4.343549953773618,5.575910047627985,0.15838597242440322,0.2877816309652183,0.04553845857066653
14C_phase_f_4000_px0_py0.625,14C_phase,4000.0,26.991466561591622,250.0,15.0,0.0,Gaussian Fitting,10,10,1.0,0.1803302845737577,0.19959660445298555,0.08472415232258604,0.15674669821219125,0.12299457760734592,0.19924154567065877,0.29743668976948995,0.33068116959816357,0.0696602957494747,0.011753909426306563,0.07064496578459149,49.810385915196335,6.28669997677207,6.508000078611076,7.452719856519251,0.14458712825771533,0.24571424446015108,0.07064496578459149
14C_phase_f_4000_px0_py0.625,14C_phase,4000.0,26.991466561591622,250.0,15.0,0.0,Intensity-Weighted Centroid,10,10,1.0,0.5213809936708835,0.5490492955135692,0.18351226383995783,0.4244367824909376,0.35407387535604024,0.5527340151835276,0.7975500539997863,0.7993459745125431,0.08053628082923296,-0.009689866298037942,0.08111711310616847,138.18350177774622,0.2632100135087967,0.24155003484338522,0.3595699439756572,0.43454084642842167,0.6565755943707324,0.08111711310616847
14C_phase_f_4000_px0_py0.625,14C_phase,4000.0,26.991466561591622,250.0,15.0,0.0,PSF Fitting,10,10,1.0,0.18175130547915477,0.19375833790828412,0.07745221970742773,0.15451727615200828,0.1231129349481552,0.19756614938036496,0.29084578303481373,0.3289490107491188,0.06090022637721404,0.005015393412668346,0.061106396914560046,49.39153683604693,4.3669200502336025,4.365099943242967,4.715674952603877,0.14783836634288375,0.242059797661218,0.061106396914560046
14C_phase_f_4000_px0_py0.75,14C_phase,4000.0,26.991466561591622,250.0,15.0,0.0,Gaussian Fitting,10,10,1.0,0.17417161317832158,0.16499631530657372,0.07654882321728886,0.16125506225158628,0.10095681290199124,0.19025107929546844,0.2821521875399285,0.29112473439905207,-0.046581218365054154,-0.0011250899340666364,0.04659480369883101,47.562769328851545,6.508849980309606,6.156999967060983,7.659520010929554,0.1410001516863332,0.23396612423261465,0.04659480369883101
14C_phase_f_4000_px0_py0.75,14C_phase,4000.0,26.991466561591622,250.0,15.0,0.0,Intensity-Weighted Centroid,10,10,1.0,0.43477513336020684,0.30827241520678383,0.3562445863682729,0.29982330809919233,0.47544253682810533,0.5620850664313076,1.1141292367193953,1.1660996131284644,-0.08768034091376649,0.2688510985198945,0.2827874738352255,140.5212563139188,0.2573800040408969,0.24624995421618223,0.30540504958480597,0.2645613786643957,0.8107543577198678,0.2827874738352255
14C_phase_f_4000_px0_py0.75,14C_phase,4000.0,26.991466561591622,250.0,15.0,0.0,PSF Fitting,10,10,1.0,0.17724544312662335,0.17336006809491672,0.0754488668496329,0.16477480464942565,0.09978848816767558,0.1926356109810611,0.2839548287314965,0.29292634159560016,-0.0513092975928771,0.004543478232312737,0.05151006905374835,48.15890225565523,4.466979973949492,4.381700069643557,5.372775113210081,0.1449184290130345,0.23520251461670255,0.05151006905374835
14C_phase_f_4000_px0_py0.875,14C_phase,4000.0,26.991466561591622,250.0,15.0,0.0,Gaussian Fitting,10,10,1.0,0.1577917789182918,0.15728540222534373,0.06044010553896215,0.11716052381883342,0.12175657481325815,0.16897115686341252,0.24137759933183864,0.26784013191805534,0.007721273458253108,0.004060594353074975,0.00872390338766703,42.242788280740015,5.989310028962791,6.030500051565468,6.906045065261424,0.13043061753523896,0.20268772492905152,0.00872390338766703
14C_phase_f_4000_px0_py0.875,14C_phase,4000.0,26.991466561591622,250.0,15.0,0.0,Intensity-Weighted Centroid,10,10,1.0,0.4847340990756185,0.5239984489849312,0.13174182485386762,0.3647730011091249,0.3453457874136024,0.5023176835653694,0.6551952810005519,0.6707843592531715,0.11757424077977703,-0.10777032875821532,0.1594934037996393,125.57941825500089,0.2504500327631831,0.24984998162835836,0.26280508609488606,0.42142191201274476,0.5774087949734434,0.1594934037996393
14C_phase_f_4000_px0_py0.875,14C_phase,4000.0,26.991466561591622,250.0,15.0,0.0,PSF Fitting,10,10,1.0,0.15920527204282867,0.16230077766239664,0.06246730056891436,0.11914672626362628,0.1226887929162997,0.17102187663161156,0.24492534480319353,0.2709430608514536,0.010002424410993171,0.0019359521856472384,0.010188052069102532,42.75546821079249,4.198680026456714,4.272000049240887,4.948134953156113,0.13253210997854753,0.20503095596179943,0.010188052069102532
