trial_id,seed,scenario_name,range_km,visibility_km,attenuation_alpha_km,transmittance,received_amplitude,turbulence_cn2,scattering_fraction,method,pos_error_px,angular_error_urad,is_detected,false_alarm_on_absent,success
12_clear_1_000,686865218,clear,1.0,23.0,0.04420681337048398,0.9567560670636003,135.67459329408143,1e-15,0.01,Intensity-Weighted Centroid,0.1859232435065902,92.96162163048191,True,False,True
12_clear_1_000,686865218,clear,1.0,23.0,0.04420681337048398,0.9567560670636003,135.67459329408143,1e-15,0.01,Gaussian Fitting,0.048538901354400074,24.269450659095025,True,False,True
12_clear_1_000,686865218,clear,1.0,23.0,0.04420681337048398,0.9567560670636003,135.67459329408143,1e-15,0.01,PSF Fitting,0.049578354782583725,24.789177373098376,True,False,True
12_clear_1_001,833165509,clear,1.0,23.0,0.04420681337048398,0.9567560670636003,145.27239672426282,1e-15,0.01,Intensity-Weighted Centroid,0.4078726380781738,203.9363177569346,True,False,True
12_clear_1_001,833165509,clear,1.0,23.0,0.04420681337048398,0.9567560670636003,145.27239672426282,1e-15,0.01,Gaussian Fitting,0.05120954157360169,25.6047707557851,True,False,True
12_clear_1_001,833165509,clear,1.0,23.0,0.04420681337048398,0.9567560670636003,145.27239672426282,1e-15,0.01,PSF Fitting,0.051996279139222765,25.998139536990838,True,False,True
12_clear_1_002,617086707,clear,1.0,23.0,0.04420681337048398,0.9567560670636003,148.57617672366896,1e-15,0.01,Intensity-Weighted Centroid,0.1870934529833274,93.54672586248036,True,False,True
12_clear_1_002,617086707,clear,1.0,23.0,0.04420681337048398,0.9567560670636003,148.57617672366896,1e-15,0.01,Gaussian Fitting,0.048169246064003524,24.08462302703697,True,False,True
12_clear_1_002,617086707,clear,1.0,23.0,0.04420681337048398,0.9567560670636003,148.57617672366896,1e-15,0.01,PSF Fitting,0.04867506689577296,24.337533442876705,True,False,True
12_clear_1_003,889737026,clear,1.0,23.0,0.04420681337048398,0.9567560670636003,139.06653973933635,1e-15,0.01,Intensity-Weighted Centroid,0.353743318181599,176.87165725178076,True,False,True
12_clear_1_003,889737026,clear,1.0,23.0,0.04420681337048398,0.9567560670636003,139.06653973933635,1e-15,0.01,Gaussian Fitting,0.01664224164289695,8.321120627354693,True,False,True
12_clear_1_003,889737026,clear,1.0,23.0,0.04420681337048398,0.9567560670636003,139.06653973933635,1e-15,0.01,PSF Fitting,0.016010427004668593,8.005213316085294,True,False,True
12_clear_1_004,248532818,clear,1.0,23.0,0.04420681337048398,0.9567560670636003,141.7486375682659,1e-15,0.01,Intensity-Weighted Centroid,0.3086962356190961,154.34811689888684,True,False,True
12_clear_1_004,248532818,clear,1.0,23.0,0.04420681337048398,0.9567560670636003,141.7486375682659,1e-15,0.01,Gaussian Fitting,0.06766462582191202,33.83231245575872,True,False,True
12_clear_1_004,248532818,clear,1.0,23.0,0.04420681337048398,0.9567560670636003,141.7486375682659,1e-15,0.01,PSF Fitting,0.06756038068113744,33.780189888668666,True,False,True
12_clear_1_005,660102000,clear,1.0,23.0,0.04420681337048398,0.9567560670636003,143.5149965483537,1e-15,0.01,Intensity-Weighted Centroid,0.32453523955703567,162.2676047807774,True,False,True
12_clear_1_005,660102000,clear,1.0,23.0,0.04420681337048398,0.9567560670636003,143.5149965483537,1e-15,0.01,Gaussian Fitting,0.010313247162900656,5.156623295972971,True,False,True
12_clear_1_005,660102000,clear,1.0,23.0,0.04420681337048398,0.9567560670636003,143.5149965483537,1e-15,0.01,PSF Fitting,0.010317358699173156,5.158679068878198,True,False,True
12_clear_1_006,210248664,clear,1.0,23.0,0.04420681337048398,0.9567560670636003,146.94082713439113,1e-15,0.01,Intensity-Weighted Centroid,0.26168572313456195,130.8428604407684,True,False,True
12_clear_1_006,210248664,clear,1.0,23.0,0.04420681337048398,0.9567560670636003,146.94082713439113,1e-15,0.01,Gaussian Fitting,0.06204579185746181,31.022895916369063,True,False,True
12_clear_1_006,210248664,clear,1.0,23.0,0.04420681337048398,0.9567560670636003,146.94082713439113,1e-15,0.01,PSF Fitting,0.062040086370200254,31.020043172740962,True,False,True
12_clear_1_007,911689722,clear,1.0,23.0,0.04420681337048398,0.9567560670636003,149.9973813011306,1e-15,0.01,Intensity-Weighted Centroid,0.10310267452052944,51.55133700110385,True,False,True
12_clear_1_007,911689722,clear,1.0,23.0,0.04420681337048398,0.9567560670636003,149.9973813011306,1e-15,0.01,Gaussian Fitting,0.020632275636748316,10.316137291223798,True,False,True
12_clear_1_007,911689722,clear,1.0,23.0,0.04420681337048398,0.9567560670636003,149.9973813011306,1e-15,0.01,PSF Fitting,0.020719488808629716,10.3597438702487,True,False,True
12_clear_1_008,630770871,clear,1.0,23.0,0.04420681337048398,0.9567560670636003,136.04964201430687,1e-15,0.01,Intensity-Weighted Centroid,0.1503136315583722,75.15681571283179,True,False,True
12_clear_1_008,630770871,clear,1.0,23.0,0.04420681337048398,0.9567560670636003,136.04964201430687,1e-15,0.01,Gaussian Fitting,0.0356722819989195,17.83614090069478,True,False,True
12_clear_1_008,630770871,clear,1.0,23.0,0.04420681337048398,0.9567560670636003,136.04964201430687,1e-15,0.01,PSF Fitting,0.034987638098750995,17.493818952683966,True,False,True
12_clear_1_009,973284627,clear,1.0,23.0,0.04420681337048398,0.9567560670636003,143.57009077219402,1e-15,0.01,Intensity-Weighted Centroid,0.05905688689366245,29.528443424653762,True,False,True
12_clear_1_009,973284627,clear,1.0,23.0,0.04420681337048398,0.9567560670636003,143.57009077219402,1e-15,0.01,Gaussian Fitting,0.034515976892681675,17.257988444255705,True,False,True
12_clear_1_009,973284627,clear,1.0,23.0,0.04420681337048398,0.9567560670636003,143.57009077219402,1e-15,0.01,PSF Fitting,0.034143698992851995,17.07184949433848,True,False,True
12_clear_1_010,292922737,clear,1.0,23.0,0.04420681337048398,0.9567560670636003,145.4144300171461,1e-15,0.01,Intensity-Weighted Centroid,0.0865076925912337,43.253845845764275,True,False,True
12_clear_1_010,292922737,clear,1.0,23.0,0.04420681337048398,0.9567560670636003,145.4144300171461,1e-15,0.01,Gaussian Fitting,0.017681269866750723,8.840634917790934,True,False,True
12_clear_1_010,292922737,clear,1.0,23.0,0.04420681337048398,0.9567560670636003,145.4144300171461,1e-15,0.01,PSF Fitting,0.018157827470292338,9.078913720884204,True,False,True
12_clear_1_011,759336636,clear,1.0,23.0,0.04420681337048398,0.9567560670636003,142.6463248633873,1e-15,0.01,Intensity-Weighted Centroid,0.14473157141065482,72.36578517742244,True,False,True
12_clear_1_011,759336636,clear,1.0,23.0,0.04420681337048398,0.9567560670636003,142.6463248633873,1e-15,0.01,Gaussian Fitting,0.007929162870564915,3.964581365088677,True,False,True
12_clear_1_011,759336636,clear,1.0,23.0,0.04420681337048398,0.9567560670636003,142.6463248633873,1e-15,0.01,PSF Fitting,0.008016370803802476,4.008185338359434,True,False,True
12_clear_1_012,12899368,clear,1.0,23.0,0.04420681337048398,0.9567560670636003,140.59031356036786,1e-15,0.01,Intensity-Weighted Centroid,0.2538493434491346,126.9246705066261,True,False,True
12_clear_1_012,12899368,clear,1.0,23.0,0.04420681337048398,0.9567560670636003,140.59031356036786,1e-15,0.01,Gaussian Fitting,0.0246917550626903,12.345877417312842,True,False,True
12_clear_1_012,12899368,clear,1.0,23.0,0.04420681337048398,0.9567560670636003,140.59031356036786,1e-15,0.01,PSF Fitting,0.02554373314480052,12.771866461532591,True,False,True
12_clear_1_013,570108041,clear,1.0,23.0,0.04420681337048398,0.9567560670636003,146.8963465127079,1e-15,0.01,Intensity-Weighted Centroid,0.4435293567236375,221.7646770659836,True,False,True
12_clear_1_013,570108041,clear,1.0,23.0,0.04420681337048398,0.9567560670636003,146.8963465127079,1e-15,0.01,Gaussian Fitting,0.01433911547867898,7.169557708525394,True,False,True
12_clear_1_013,570108041,clear,1.0,23.0,0.04420681337048398,0.9567560670636003,146.8963465127079,1e-15,0.01,PSF Fitting,0.014045481780368702,7.022740860083135,True,False,True
12_clear_1_014,813329123,clear,1.0,23.0,0.04420681337048398,0.9567560670636003,142.8926483191294,1e-15,0.01,Intensity-Weighted Centroid,0.23782621827363784,118.9131059720049,True,False,True
12_clear_1_014,813329123,clear,1.0,23.0,0.04420681337048398,0.9567560670636003,142.8926483191294,1e-15,0.01,Gaussian Fitting,0.03806172035985626,19.03086010273867,True,False,True
12_clear_1_014,813329123,clear,1.0,23.0,0.04420681337048398,0.9567560670636003,142.8926483191294,1e-15,0.01,PSF Fitting,0.03776138056911975,18.880690207707907,True,False,True
12_clear_1_015,59537805,clear,1.0,23.0,0.04420681337048398,0.9567560670636003,146.14234797792687,1e-15,0.01,Intensity-Weighted Centroid,0.3947745779527182,197.38725979640503,True,False,True
12_clear_1_015,59537805,clear,1.0,23.0,0.04420681337048398,0.9567560670636003,146.14234797792687,1e-15,0.01,Gaussian Fitting,0.0661147080244074,33.05735397168192,True,False,True
12_clear_1_015,59537805,clear,1.0,23.0,0.04420681337048398,0.9567560670636003,146.14234797792687,1e-15,0.01,PSF Fitting,0.06507637040090632,32.53818516298161,True,False,True
12_clear_1_016,772297078,clear,1.0,23.0,0.04420681337048398,0.9567560670636003,140.4105528057512,1e-15,0.01,Intensity-Weighted Centroid,0.34934523296214476,174.67261004210977,True,False,True
12_clear_1_016,772297078,clear,1.0,23.0,0.04420681337048398,0.9567560670636003,140.4105528057512,1e-15,0.01,Gaussian Fitting,0.03435833497260728,17.179167005166367,True,False,True
12_clear_1_016,772297078,clear,1.0,23.0,0.04420681337048398,0.9567560670636003,140.4105528057512,1e-15,0.01,PSF Fitting,0.03479477923521989,17.397389129790696,True,False,True
12_clear_1_017,830916670,clear,1.0,23.0,0.04420681337048398,0.9567560670636003,140.43943434102297,1e-15,0.01,Intensity-Weighted Centroid,0.1780403956929009,89.02019776172169,True,False,True
12_clear_1_017,830916670,clear,1.0,23.0,0.04420681337048398,0.9567560670636003,140.43943434102297,1e-15,0.01,Gaussian Fitting,0.06688853269235123,33.44426598132357,True,False,True
12_clear_1_017,830916670,clear,1.0,23.0,0.04420681337048398,0.9567560670636003,140.43943434102297,1e-15,0.01,PSF Fitting,0.06584543464526174,32.92271696416374,True,False,True
12_clear_1_018,511251558,clear,1.0,23.0,0.04420681337048398,0.9567560670636003,154.01473063412186,1e-15,0.01,Intensity-Weighted Centroid,0.24904676380198887,124.52338131014099,True,False,True
12_clear_1_018,511251558,clear,1.0,23.0,0.04420681337048398,0.9567560670636003,154.01473063412186,1e-15,0.01,Gaussian Fitting,0.014516422885843571,7.258211282676833,True,False,True
12_clear_1_018,511251558,clear,1.0,23.0,0.04420681337048398,0.9567560670636003,154.01473063412186,1e-15,0.01,PSF Fitting,0.014838750371924928,7.419375024170513,True,False,True
12_clear_1_019,981610666,clear,1.0,23.0,0.04420681337048398,0.9567560670636003,138.50268646033803,1e-15,0.01,Intensity-Weighted Centroid,0.03517143285249095,17.585716374250946,True,False,True
12_clear_1_019,981610666,clear,1.0,23.0,0.04420681337048398,0.9567560670636003,138.50268646033803,1e-15,0.01,Gaussian Fitting,0.0050321871553238775,2.516093566082912,True,False,True
12_clear_1_019,981610666,clear,1.0,23.0,0.04420681337048398,0.9567560670636003,138.50268646033803,1e-15,0.01,PSF Fitting,0.005007139988646202,2.5035699825981585,True,False,True
12_clear_1_020,491130676,clear,1.0,23.0,0.04420681337048398,0.9567560670636003,142.22908868049058,1e-15,0.01,Intensity-Weighted Centroid,0.08833944518469093,44.16972237041696,True,False,True
12_clear_1_020,491130676,clear,1.0,23.0,0.04420681337048398,0.9567560670636003,142.22908868049058,1e-15,0.01,Gaussian Fitting,0.08058467532463612,40.29233730470256,True,False,True
12_clear_1_020,491130676,clear,1.0,23.0,0.04420681337048398,0.9567560670636003,142.22908868049058,1e-15,0.01,PSF Fitting,0.08077983223303034,40.38991575869858,True,False,True
12_clear_1_021,842322708,clear,1.0,23.0,0.04420681337048398,0.9567560670636003,144.14936207146152,1e-15,0.01,Intensity-Weighted Centroid,0.3339749122481902,166.98743837979714,True,False,True
12_clear_1_021,842322708,clear,1.0,23.0,0.04420681337048398,0.9567560670636003,144.14936207146152,1e-15,0.01,Gaussian Fitting,0.01210140342373655,6.050701291271414,True,False,True
12_clear_1_021,842322708,clear,1.0,23.0,0.04420681337048398,0.9567560670636003,144.14936207146152,1e-15,0.01,PSF Fitting,0.011517766881503718,5.758883036627013,True,False,True
12_clear_1_022,396455182,clear,1.0,23.0,0.04420681337048398,0.9567560670636003,140.52007958894012,1e-15,0.01,Intensity-Weighted Centroid,0.29755447984655087,148.77722679530427,True,False,True
12_clear_1_022,396455182,clear,1.0,23.0,0.04420681337048398,0.9567560670636003,140.52007958894012,1e-15,0.01,Gaussian Fitting,0.04947162283615523,24.73581093600923,True,False,True
12_clear_1_022,396455182,clear,1.0,23.0,0.04420681337048398,0.9567560670636003,140.52007958894012,1e-15,0.01,PSF Fitting,0.04912476126310054,24.562380180269837,True,False,True
12_clear_1_023,793176682,clear,1.0,23.0,0.04420681337048398,0.9567560670636003,147.5239147289649,1e-15,0.01,Intensity-Weighted Centroid,0.32211168463443435,161.05583825716116,True,False,True
12_clear_1_023,793176682,clear,1.0,23.0,0.04420681337048398,0.9567560670636003,147.5239147289649,1e-15,0.01,Gaussian Fitting,0.03448140733276256,17.240703579931886,True,False,True
12_clear_1_023,793176682,clear,1.0,23.0,0.04420681337048398,0.9567560670636003,147.5239147289649,1e-15,0.01,PSF Fitting,0.034847271701400395,17.42363576470757,True,False,True
12_clear_1_024,668354254,clear,1.0,23.0,0.04420681337048398,0.9567560670636003,142.3107382143137,1e-15,0.01,Intensity-Weighted Centroid,0.16199334634983717,80.99667304018365,True,False,True
12_clear_1_024,668354254,clear,1.0,23.0,0.04420681337048398,0.9567560670636003,142.3107382143137,1e-15,0.01,Gaussian Fitting,0.04367841850694908,21.839209135868188,True,False,True
12_clear_1_024,668354254,clear,1.0,23.0,0.04420681337048398,0.9567560670636003,142.3107382143137,1e-15,0.01,PSF Fitting,0.04329125043580813,21.64562510045869,True,False,True
12_clear_1_025,124701387,clear,1.0,23.0,0.04420681337048398,0.9567560670636003,140.6460316019495,1e-15,0.01,Intensity-Weighted Centroid,0.1523444250988747,76.17221232155806,True,False,True
12_clear_1_025,124701387,clear,1.0,23.0,0.04420681337048398,0.9567560670636003,140.6460316019495,1e-15,0.01,Gaussian Fitting,0.05730005836515114,28.65002917176023,True,False,True
12_clear_1_025,124701387,clear,1.0,23.0,0.04420681337048398,0.9567560670636003,140.6460316019495,1e-15,0.01,PSF Fitting,0.05758411389072297,28.792056934626032,True,False,True
12_clear_1_026,59847853,clear,1.0,23.0,0.04420681337048398,0.9567560670636003,143.8469423863388,1e-15,0.01,Intensity-Weighted Centroid,0.1432639033274731,71.63195104007856,True,False,True
12_clear_1_026,59847853,clear,1.0,23.0,0.04420681337048398,0.9567560670636003,143.8469423863388,1e-15,0.01,Gaussian Fitting,0.032710739581431905,16.35536955628206,True,False,True
12_clear_1_026,59847853,clear,1.0,23.0,0.04420681337048398,0.9567560670636003,143.8469423863388,1e-15,0.01,PSF Fitting,0.03301304947457033,16.506524499971565,True,False,True
12_clear_1_027,393800509,clear,1.0,23.0,0.04420681337048398,0.9567560670636003,147.81856970408296,1e-15,0.01,Intensity-Weighted Centroid,0.14351280840819575,71.75640403377899,True,False,True
12_clear_1_027,393800509,clear,1.0,23.0,0.04420681337048398,0.9567560670636003,147.81856970408296,1e-15,0.01,Gaussian Fitting,0.009599458679141328,4.799729338094971,True,False,True
12_clear_1_027,393800509,clear,1.0,23.0,0.04420681337048398,0.9567560670636003,147.81856970408296,1e-15,0.01,PSF Fitting,0.009789206520275545,4.89460325862842,True,False,True
12_clear_1_028,94141813,clear,1.0,23.0,0.04420681337048398,0.9567560670636003,144.19891904919018,1e-15,0.01,Intensity-Weighted Centroid,0.3290028608861209,164.50140282796858,True,False,True
12_clear_1_028,94141813,clear,1.0,23.0,0.04420681337048398,0.9567560670636003,144.19891904919018,1e-15,0.01,Gaussian Fitting,0.043416142855319924,21.708067440890222,True,False,True
12_clear_1_028,94141813,clear,1.0,23.0,0.04420681337048398,0.9567560670636003,144.19891904919018,1e-15,0.01,PSF Fitting,0.04348233368145116,21.741162847930575,True,False,True
12_clear_1_029,833119643,clear,1.0,23.0,0.04420681337048398,0.9567560670636003,134.87532780947393,1e-15,0.01,Intensity-Weighted Centroid,0.23711355720572097,118.55677811529851,True,False,True
12_clear_1_029,833119643,clear,1.0,23.0,0.04420681337048398,0.9567560670636003,134.87532780947393,1e-15,0.01,Gaussian Fitting,0.052962393890790785,26.481196917399554,True,False,True
12_clear_1_029,833119643,clear,1.0,23.0,0.04420681337048398,0.9567560670636003,134.87532780947393,1e-15,0.01,PSF Fitting,0.05311573407325239,26.557867008594744,True,False,True
12_clear_2_000,697109349,clear,2.0,23.0,0.04420681337048398,0.9153821718630085,131.9595551427395,1e-15,0.01,Intensity-Weighted Centroid,0.08462466406849153,42.312331685849735,True,False,True
12_clear_2_000,697109349,clear,2.0,23.0,0.04420681337048398,0.9153821718630085,131.9595551427395,1e-15,0.01,Gaussian Fitting,0.015336959830078153,7.668479844014866,True,False,True
12_clear_2_000,697109349,clear,2.0,23.0,0.04420681337048398,0.9153821718630085,131.9595551427395,1e-15,0.01,PSF Fitting,0.014849144795215303,7.4245723289943095,True,False,True
12_clear_2_001,555049621,clear,2.0,23.0,0.04420681337048398,0.9153821718630085,136.14305553222985,1e-15,0.01,Intensity-Weighted Centroid,0.18229326481568858,91.14663194727886,True,False,True
12_clear_2_001,555049621,clear,2.0,23.0,0.04420681337048398,0.9153821718630085,136.14305553222985,1e-15,0.01,Gaussian Fitting,0.01882248990776316,9.411244833682144,True,False,True
12_clear_2_001,555049621,clear,2.0,23.0,0.04420681337048398,0.9153821718630085,136.14305553222985,1e-15,0.01,PSF Fitting,0.018722375625868586,9.361187694217097,True,False,True
12_clear_2_002,90041405,clear,2.0,23.0,0.04420681337048398,0.9153821718630085,136.89408640634525,1e-15,0.01,Intensity-Weighted Centroid,0.31873877467629236,159.36938543751694,True,False,True
12_clear_2_002,90041405,clear,2.0,23.0,0.04420681337048398,0.9153821718630085,136.89408640634525,1e-15,0.01,Gaussian Fitting,0.042000732889506606,21.000366386040625,True,False,True
12_clear_2_002,90041405,clear,2.0,23.0,0.04420681337048398,0.9153821718630085,136.89408640634525,1e-15,0.01,PSF Fitting,0.042171720092236964,21.085859987592276,True,False,True
12_clear_2_003,340154660,clear,2.0,23.0,0.04420681337048398,0.9153821718630085,137.93214866167784,1e-15,0.01,Intensity-Weighted Centroid,0.12887748631210597,64.43874288193243,True,False,True
12_clear_2_003,340154660,clear,2.0,23.0,0.04420681337048398,0.9153821718630085,137.93214866167784,1e-15,0.01,Gaussian Fitting,0.03963000116880454,19.81500055229692,True,False,True
12_clear_2_003,340154660,clear,2.0,23.0,0.04420681337048398,0.9153821718630085,137.93214866167784,1e-15,0.01,PSF Fitting,0.03947942209632959,19.73971101625401,True,False,True
12_clear_2_004,331946830,clear,2.0,23.0,0.04420681337048398,0.9153821718630085,134.70484373326624,1e-15,0.01,Intensity-Weighted Centroid,0.13726388309697718,68.63193227782642,True,False,True
12_clear_2_004,331946830,clear,2.0,23.0,0.04420681337048398,0.9153821718630085,134.70484373326624,1e-15,0.01,Gaussian Fitting,0.04042978437174753,20.214892054213333,True,False,True
12_clear_2_004,331946830,clear,2.0,23.0,0.04420681337048398,0.9153821718630085,134.70484373326624,1e-15,0.01,PSF Fitting,0.040750795951803406,20.37539783172627,True,False,True
12_clear_2_005,107237077,clear,2.0,23.0,0.04420681337048398,0.9153821718630085,133.99830690945564,1e-15,0.01,Intensity-Weighted Centroid,0.04016912419316886,20.084560991725674,True,False,True
12_clear_2_005,107237077,clear,2.0,23.0,0.04420681337048398,0.9153821718630085,133.99830690945564,1e-15,0.01,Gaussian Fitting,0.07919283367675589,39.596416732708995,True,False,True
12_clear_2_005,107237077,clear,2.0,23.0,0.04420681337048398,0.9153821718630085,133.99830690945564,1e-15,0.01,PSF Fitting,0.07912405512923831,39.562027458956194,True,False,True
12_clear_2_006,491806954,clear,2.0,23.0,0.04420681337048398,0.9153821718630085,137.94427629573113,1e-15,0.01,Intensity-Weighted Centroid,0.32235606638647385,161.17803280313197,True,False,True
12_clear_2_006,491806954,clear,2.0,23.0,0.04420681337048398,0.9153821718630085,137.94427629573113,1e-15,0.01,Gaussian Fitting,0.03763014583253625,18.815072751380818,True,False,True
12_clear_2_006,491806954,clear,2.0,23.0,0.04420681337048398,0.9153821718630085,137.94427629573113,1e-15,0.01,PSF Fitting,0.03715648971560612,18.578244693955984,True,False,True
12_clear_2_007,653175636,clear,2.0,23.0,0.04420681337048398,0.9153821718630085,140.5360922960002,1e-15,0.01,Intensity-Weighted Centroid,0.2535515869185993,126.7757928383449,True,False,True
12_clear_2_007,653175636,clear,2.0,23.0,0.04420681337048398,0.9153821718630085,140.5360922960002,1e-15,0.01,Gaussian Fitting,0.02042629889206977,10.213149336388726,True,False,True
12_clear_2_007,653175636,clear,2.0,23.0,0.04420681337048398,0.9153821718630085,140.5360922960002,1e-15,0.01,PSF Fitting,0.020803172624896723,10.40158620117358,True,False,True
12_clear_2_008,760812519,clear,2.0,23.0,0.04420681337048398,0.9153821718630085,140.51465027039842,1e-15,0.01,Intensity-Weighted Centroid,0.2799874913889217,139.99374354775455,True,False,True
12_clear_2_008,760812519,clear,2.0,23.0,0.04420681337048398,0.9153821718630085,140.51465027039842,1e-15,0.01,Gaussian Fitting,0.03148486428628697,15.742432067249863,True,False,True
12_clear_2_008,760812519,clear,2.0,23.0,0.04420681337048398,0.9153821718630085,140.51465027039842,1e-15,0.01,PSF Fitting,0.03159485469809327,15.797427272905324,True,False,True
12_clear_2_009,339929771,clear,2.0,23.0,0.04420681337048398,0.9153821718630085,133.47974603428963,1e-15,0.01,Intensity-Weighted Centroid,0.421693913558981,210.84693695073915,True,False,True
12_clear_2_009,339929771,clear,2.0,23.0,0.04420681337048398,0.9153821718630085,133.47974603428963,1e-15,0.01,Gaussian Fitting,0.03430645555536587,17.15322647579603,True,False,True
12_clear_2_009,339929771,clear,2.0,23.0,0.04420681337048398,0.9153821718630085,133.47974603428963,1e-15,0.01,PSF Fitting,0.03470736067561948,17.3536790212083,True,False,True
12_clear_2_010,33497535,clear,2.0,23.0,0.04420681337048398,0.9153821718630085,135.4300467163165,1e-15,0.01,Intensity-Weighted Centroid,0.16054313231427803,80.27156476452824,True,False,True
12_clear_2_010,33497535,clear,2.0,23.0,0.04420681337048398,0.9153821718630085,135.4300467163165,1e-15,0.01,Gaussian Fitting,0.06146511625832368,30.732557627454753,True,False,True
12_clear_2_010,33497535,clear,2.0,23.0,0.04420681337048398,0.9153821718630085,135.4300467163165,1e-15,0.01,PSF Fitting,0.06130705138123769,30.653525189334466,True,False,True
12_clear_2_011,308202167,clear,2.0,23.0,0.04420681337048398,0.9153821718630085,140.06887580576264,1e-15,0.01,Intensity-Weighted Centroid,0.06492151831110828,32.46075901517971,True,False,True
12_clear_2_011,308202167,clear,2.0,23.0,0.04420681337048398,0.9153821718630085,140.06887580576264,1e-15,0.01,Gaussian Fitting,0.02271569076619536,11.357845358978176,True,False,True
12_clear_2_011,308202167,clear,2.0,23.0,0.04420681337048398,0.9153821718630085,140.06887580576264,1e-15,0.01,PSF Fitting,0.022419138526618476,11.209569239568005,True,False,True
12_clear_2_012,725354461,clear,2.0,23.0,0.04420681337048398,0.9153821718630085,140.0318349968094,1e-15,0.01,Intensity-Weighted Centroid,0.34312059123024696,171.56029524814036,True,False,True
12_clear_2_012,725354461,clear,2.0,23.0,0.04420681337048398,0.9153821718630085,140.0318349968094,1e-15,0.01,Gaussian Fitting,0.04969128668076414,24.845643267385924,True,False,True
12_clear_2_012,725354461,clear,2.0,23.0,0.04420681337048398,0.9153821718630085,140.0318349968094,1e-15,0.01,PSF Fitting,0.04909181090850133,24.545905381044278,True,False,True
12_clear_2_013,839091249,clear,2.0,23.0,0.04420681337048398,0.9153821718630085,136.88703896936852,1e-15,0.01,Intensity-Weighted Centroid,0.2095214709487403,104.76073168073765,True,False,True
12_clear_2_013,839091249,clear,2.0,23.0,0.04420681337048398,0.9153821718630085,136.88703896936852,1e-15,0.01,Gaussian Fitting,0.01846872307350739,9.234361356274793,True,False,True
12_clear_2_013,839091249,clear,2.0,23.0,0.04420681337048398,0.9153821718630085,136.88703896936852,1e-15,0.01,PSF Fitting,0.018273453998713187,9.136726821556802,True,False,True
12_clear_2_014,198286349,clear,2.0,23.0,0.04420681337048398,0.9153821718630085,139.64387535515908,1e-15,0.01,Intensity-Weighted Centroid,0.29000226855472894,145.00113235544418,True,False,True
12_clear_2_014,198286349,clear,2.0,23.0,0.04420681337048398,0.9153821718630085,139.64387535515908,1e-15,0.01,Gaussian Fitting,0.0059676236688670815,2.983811795315712,True,False,True
12_clear_2_014,198286349,clear,2.0,23.0,0.04420681337048398,0.9153821718630085,139.64387535515908,1e-15,0.01,PSF Fitting,0.005673255908393413,2.8366279175442175,True,False,True
12_clear_2_015,77015585,clear,2.0,23.0,0.04420681337048398,0.9153821718630085,140.5081230887003,1e-15,0.01,Intensity-Weighted Centroid,0.23809011282242704,119.04505403993235,True,False,True
12_clear_2_015,77015585,clear,2.0,23.0,0.04420681337048398,0.9153821718630085,140.5081230887003,1e-15,0.01,Gaussian Fitting,0.06642889067831217,33.21444515287844,True,False,True
12_clear_2_015,77015585,clear,2.0,23.0,0.04420681337048398,0.9153821718630085,140.5081230887003,1e-15,0.01,PSF Fitting,0.06674020477972673,33.37010220285628,True,False,True
12_clear_2_016,700837831,clear,2.0,23.0,0.04420681337048398,0.9153821718630085,135.4000995697542,1e-15,0.01,Intensity-Weighted Centroid,0.051786543056993664,25.893271472559157,True,False,True
12_clear_2_016,700837831,clear,2.0,23.0,0.04420681337048398,0.9153821718630085,135.4000995697542,1e-15,0.01,Gaussian Fitting,0.0333417275361992,16.67086372015283,True,False,True
12_clear_2_016,700837831,clear,2.0,23.0,0.04420681337048398,0.9153821718630085,135.4000995697542,1e-15,0.01,PSF Fitting,0.033327492059589264,16.663745981866832,True,False,True
12_clear_2_017,723618373,clear,2.0,23.0,0.04420681337048398,0.9153821718630085,138.96693713444208,1e-15,0.01,Intensity-Weighted Centroid,0.13938124556422735,69.69062274610035,True,False,True
12_clear_2_017,723618373,clear,2.0,23.0,0.04420681337048398,0.9153821718630085,138.96693713444208,1e-15,0.01,Gaussian Fitting,0.015429181904395446,7.714590940469987,True,False,True
12_clear_2_017,723618373,clear,2.0,23.0,0.04420681337048398,0.9153821718630085,138.96693713444208,1e-15,0.01,PSF Fitting,0.015404482107571553,7.702241042067733,True,False,True
12_clear_2_018,180230860,clear,2.0,23.0,0.04420681337048398,0.9153821718630085,142.29066775925415,1e-15,0.01,Intensity-Weighted Centroid,0.033389333198777474,16.694666536715275,True,False,True
12_clear_2_018,180230860,clear,2.0,23.0,0.04420681337048398,0.9153821718630085,142.29066775925415,1e-15,0.01,Gaussian Fitting,0.039876873312841066,19.93843650151958,True,False,True
12_clear_2_018,180230860,clear,2.0,23.0,0.04420681337048398,0.9153821718630085,142.29066775925415,1e-15,0.01,PSF Fitting,0.0405089600654429,20.254479874940426,True,False,True
12_clear_2_019,140180346,clear,2.0,23.0,0.04420681337048398,0.9153821718630085,142.00558772694404,1e-15,0.01,Intensity-Weighted Centroid,0.09535548829690249,47.6777437531632,True,False,True
12_clear_2_019,140180346,clear,2.0,23.0,0.04420681337048398,0.9153821718630085,142.00558772694404,1e-15,0.01,Gaussian Fitting,0.026516692291023596,13.258346114042546,True,False,True
12_clear_2_019,140180346,clear,2.0,23.0,0.04420681337048398,0.9153821718630085,142.00558772694404,1e-15,0.01,PSF Fitting,0.026566017933025553,13.283008934558982,True,False,True
12_clear_2_020,133790941,clear,2.0,23.0,0.04420681337048398,0.9153821718630085,144.1495355763045,1e-15,0.01,Intensity-Weighted Centroid,0.21750508602270768,108.75254146882091,True,False,True
12_clear_2_020,133790941,clear,2.0,23.0,0.04420681337048398,0.9153821718630085,144.1495355763045,1e-15,0.01,Gaussian Fitting,0.027397312649403593,13.698656277586469,True,False,True
12_clear_2_020,133790941,clear,2.0,23.0,0.04420681337048398,0.9153821718630085,144.1495355763045,1e-15,0.01,PSF Fitting,0.0269461111722138,13.473055540471714,True,False,True
12_clear_2_021,607476887,clear,2.0,23.0,0.04420681337048398,0.9153821718630085,143.5272174226721,1e-15,0.01,Intensity-Weighted Centroid,0.19986677989763627,99.93338912940456,True,False,True
12_clear_2_021,607476887,clear,2.0,23.0,0.04420681337048398,0.9153821718630085,143.5272174226721,1e-15,0.01,Gaussian Fitting,0.027454447843716402,13.727223881140725,True,False,True
12_clear_2_021,607476887,clear,2.0,23.0,0.04420681337048398,0.9153821718630085,143.5272174226721,1e-15,0.01,PSF Fitting,0.02704035125812914,13.520175589157574,True,False,True
12_clear_2_022,399764601,clear,2.0,23.0,0.04420681337048398,0.9153821718630085,141.6186288366226,1e-15,0.01,Intensity-Weighted Centroid,0.15703939880176748,78.51969774674068,True,False,True
12_clear_2_022,399764601,clear,2.0,23.0,0.04420681337048398,0.9153821718630085,141.6186288366226,1e-15,0.01,Gaussian Fitting,0.03552405658687278,17.76202800678646,True,False,True
12_clear_2_022,399764601,clear,2.0,23.0,0.04420681337048398,0.9153821718630085,141.6186288366226,1e-15,0.01,PSF Fitting,0.03553030068807455,17.765150055983376,True,False,True
12_clear_2_023,667480874,clear,2.0,23.0,0.04420681337048398,0.9153821718630085,142.23751860023336,1e-15,0.01,Intensity-Weighted Centroid,0.14708999398737505,73.54499378438045,True,False,True
12_clear_2_023,667480874,clear,2.0,23.0,0.04420681337048398,0.9153821718630085,142.23751860023336,1e-15,0.01,Gaussian Fitting,0.028467090922609954,14.233545235719628,True,False,True
12_clear_2_023,667480874,clear,2.0,23.0,0.04420681337048398,0.9153821718630085,142.23751860023336,1e-15,0.01,PSF Fitting,0.027807925569782815,13.903962563991554,True,False,True
12_clear_2_024,594963660,clear,2.0,23.0,0.04420681337048398,0.9153821718630085,140.6453936787526,1e-15,0.01,Intensity-Weighted Centroid,0.22836672782686368,114.18336187569399,True,False,True
12_clear_2_024,594963660,clear,2.0,23.0,0.04420681337048398,0.9153821718630085,140.6453936787526,1e-15,0.01,Gaussian Fitting,0.03181862643758145,15.909313056979164,True,False,True
12_clear_2_024,594963660,clear,2.0,23.0,0.04420681337048398,0.9153821718630085,140.6453936787526,1e-15,0.01,PSF Fitting,0.032172729992486014,16.086364836460152,True,False,True
12_clear_2_025,966578067,clear,2.0,23.0,0.04420681337048398,0.9153821718630085,141.3959721805667,1e-15,0.01,Intensity-Weighted Centroid,0.13111618145356277,65.5580901840679,True,False,True
12_clear_2_025,966578067,clear,2.0,23.0,0.04420681337048398,0.9153821718630085,141.3959721805667,1e-15,0.01,Gaussian Fitting,0.038319153084769166,19.159576299135278,True,False,True
12_clear_2_025,966578067,clear,2.0,23.0,0.04420681337048398,0.9153821718630085,141.3959721805667,1e-15,0.01,PSF Fitting,0.03848018528735802,19.24009239807836,True,False,True
12_clear_2_026,824124964,clear,2.0,23.0,0.04420681337048398,0.9153821718630085,132.35783201111002,1e-15,0.01,Intensity-Weighted Centroid,0.30599186376318455,152.99593163668177,True,False,True
12_clear_2_026,824124964,clear,2.0,23.0,0.04420681337048398,0.9153821718630085,132.35783201111002,1e-15,0.01,Gaussian Fitting,0.055004875941831205,27.50243791008106,True,False,True
12_clear_2_026,824124964,clear,2.0,23.0,0.04420681337048398,0.9153821718630085,132.35783201111002,1e-15,0.01,PSF Fitting,0.05295751228583439,26.478756083130293,True,False,True
12_clear_2_027,132948770,clear,2.0,23.0,0.04420681337048398,0.9153821718630085,137.78226175219177,1e-15,0.01,Intensity-Weighted Centroid,0.3165568005121917,158.27839157030584,True,False,True
12_clear_2_027,132948770,clear,2.0,23.0,0.04420681337048398,0.9153821718630085,137.78226175219177,1e-15,0.01,Gaussian Fitting,0.02646651721283835,13.233257831658252,True,False,True
12_clear_2_027,132948770,clear,2.0,23.0,0.04420681337048398,0.9153821718630085,137.78226175219177,1e-15,0.01,PSF Fitting,0.025838191347559526,12.91909490087506,True,False,True
12_clear_2_028,298339262,clear,2.0,23.0,0.04420681337048398,0.9153821718630085,134.1856958376301,1e-15,0.01,Intensity-Weighted Centroid,0.3715390571438957,185.76952617376003,True,False,True
12_clear_2_028,298339262,clear,2.0,23.0,0.04420681337048398,0.9153821718630085,134.1856958376301,1e-15,0.01,Gaussian Fitting,0.010077897960422343,5.038948843737973,True,False,True
12_clear_2_028,298339262,clear,2.0,23.0,0.04420681337048398,0.9153821718630085,134.1856958376301,1e-15,0.01,PSF Fitting,0.00921781087306576,4.608905311343969,True,False,True
12_clear_2_029,966220585,clear,2.0,23.0,0.04420681337048398,0.9153821718630085,132.67942732880547,1e-15,0.01,Intensity-Weighted Centroid,0.4064968662198232,203.24840114049218,True,False,True
12_clear_2_029,966220585,clear,2.0,23.0,0.04420681337048398,0.9153821718630085,132.67942732880547,1e-15,0.01,Gaussian Fitting,0.07052875654899923,35.26437563447913,True,False,True
12_clear_2_029,966220585,clear,2.0,23.0,0.04420681337048398,0.9153821718630085,132.67942732880547,1e-15,0.01,PSF Fitting,0.07098904660101651,35.49452065666004,True,False,True
12_clear_5_000,422720465,clear,5.0,23.0,0.04420681337048398,0.8016893687915763,116.9990198526722,1e-15,0.01,Intensity-Weighted Centroid,0.12412864000324392,62.064319945394786,True,False,True
12_clear_5_000,422720465,clear,5.0,23.0,0.04420681337048398,0.8016893687915763,116.9990198526722,1e-15,0.01,Gaussian Fitting,0.019285581296788305,9.642790646173323,True,False,True
12_clear_5_000,422720465,clear,5.0,23.0,0.04420681337048398,0.8016893687915763,116.9990198526722,1e-15,0.01,PSF Fitting,0.020670396030577506,10.33519801260289,True,False,True
12_clear_5_001,964451076,clear,5.0,23.0,0.04420681337048398,0.8016893687915763,119.83299418298472,1e-15,0.01,Intensity-Weighted Centroid,0.047290598763215716,23.645299225224864,True,False,True
12_clear_5_001,964451076,clear,5.0,23.0,0.04420681337048398,0.8016893687915763,119.83299418298472,1e-15,0.01,Gaussian Fitting,0.04593613208882985,22.968066026945966,True,False,True
12_clear_5_001,964451076,clear,5.0,23.0,0.04420681337048398,0.8016893687915763,119.83299418298472,1e-15,0.01,PSF Fitting,0.04580344721720505,22.901723591670454,True,False,True
12_clear_5_002,629606889,clear,5.0,23.0,0.04420681337048398,0.8016893687915763,120.01986745855439,1e-15,0.01,Intensity-Weighted Centroid,0.2102355133009487,105.11775650010239,True,False,True
12_clear_5_002,629606889,clear,5.0,23.0,0.04420681337048398,0.8016893687915763,120.01986745855439,1e-15,0.01,Gaussian Fitting,0.053431680677081754,26.715840171796447,True,False,True
12_clear_5_002,629606889,clear,5.0,23.0,0.04420681337048398,0.8016893687915763,120.01986745855439,1e-15,0.01,PSF Fitting,0.05336269664196264,26.681348149158154,True,False,True
12_clear_5_003,265376472,clear,5.0,23.0,0.04420681337048398,0.8016893687915763,117.7879177269484,1e-15,0.01,Intensity-Weighted Centroid,0.2463575298391511,123.17876375459751,True,False,True
12_clear_5_003,265376472,clear,5.0,23.0,0.04420681337048398,0.8016893687915763,117.7879177269484,1e-15,0.01,Gaussian Fitting,0.039495257144485915,19.74762845703987,True,False,True
12_clear_5_003,265376472,clear,5.0,23.0,0.04420681337048398,0.8016893687915763,117.7879177269484,1e-15,0.01,PSF Fitting,0.04024737389286412,20.12368683319794,True,False,True
12_clear_5_004,586366931,clear,5.0,23.0,0.04420681337048398,0.8016893687915763,120.4209399634001,1e-15,0.01,Intensity-Weighted Centroid,0.15396969891609713,76.98484697683995,True,False,True
12_clear_5_004,586366931,clear,5.0,23.0,0.04420681337048398,0.8016893687915763,120.4209399634001,1e-15,0.01,Gaussian Fitting,0.03827074353842647,19.13537089618547,True,False,True
12_clear_5_004,586366931,clear,5.0,23.0,0.04420681337048398,0.8016893687915763,120.4209399634001,1e-15,0.01,PSF Fitting,0.03921308821761591,19.60654322212151,True,False,True
12_clear_5_005,985791625,clear,5.0,23.0,0.04420681337048398,0.8016893687915763,122.92769977766217,1e-15,0.01,Intensity-Weighted Centroid,0.5316194917914334,265.8097399312488,True,False,True
12_clear_5_005,985791625,clear,5.0,23.0,0.04420681337048398,0.8016893687915763,122.92769977766217,1e-15,0.01,Gaussian Fitting,0.011934936468118898,5.967468232010779,True,False,True
12_clear_5_005,985791625,clear,5.0,23.0,0.04420681337048398,0.8016893687915763,122.92769977766217,1e-15,0.01,PSF Fitting,0.010938103493457365,5.469051744564144,True,False,True
12_clear_5_006,962137072,clear,5.0,23.0,0.04420681337048398,0.8016893687915763,124.31451458150455,1e-15,0.01,Intensity-Weighted Centroid,0.1626220345678362,81.31101678843402,True,False,True
12_clear_5_006,962137072,clear,5.0,23.0,0.04420681337048398,0.8016893687915763,124.31451458150455,1e-15,0.01,Gaussian Fitting,0.03726487878530045,18.632439181103212,True,False,True
12_clear_5_006,962137072,clear,5.0,23.0,0.04420681337048398,0.8016893687915763,124.31451458150455,1e-15,0.01,PSF Fitting,0.03598125679021323,17.990628194593587,True,False,True
12_clear_5_007,614099411,clear,5.0,23.0,0.04420681337048398,0.8016893687915763,116.30489624370911,1e-15,0.01,Intensity-Weighted Centroid,0.1547851202586957,77.3925595703434,True,False,True
12_clear_5_007,614099411,clear,5.0,23.0,0.04420681337048398,0.8016893687915763,116.30489624370911,1e-15,0.01,Gaussian Fitting,0.08923831214355199,44.61915601405734,True,False,True
12_clear_5_007,614099411,clear,5.0,23.0,0.04420681337048398,0.8016893687915763,116.30489624370911,1e-15,0.01,PSF Fitting,0.0889355308350408,44.46776535985082,True,False,True
12_clear_5_008,235746396,clear,5.0,23.0,0.04420681337048398,0.8016893687915763,120.69644684970565,1e-15,0.01,Intensity-Weighted Centroid,0.1880128743624879,94.00643206430071,True,False,True
12_clear_5_008,235746396,clear,5.0,23.0,0.04420681337048398,0.8016893687915763,120.69644684970565,1e-15,0.01,Gaussian Fitting,0.022009296930786477,11.004648377939988,True,False,True
12_clear_5_008,235746396,clear,5.0,23.0,0.04420681337048398,0.8016893687915763,120.69644684970565,1e-15,0.01,PSF Fitting,0.021834507619805408,10.91725372852447,True,False,True
12_clear_5_009,196855877,clear,5.0,23.0,0.04420681337048398,0.8016893687915763,122.37587800594524,1e-15,0.01,Intensity-Weighted Centroid,0.18740155069980854,93.70077436205234,True,False,True
12_clear_5_009,196855877,clear,5.0,23.0,0.04420681337048398,0.8016893687915763,122.37587800594524,1e-15,0.01,Gaussian Fitting,0.02424582234705634,12.122911034281993,True,False,True
12_clear_5_009,196855877,clear,5.0,23.0,0.04420681337048398,0.8016893687915763,122.37587800594524,1e-15,0.01,PSF Fitting,0.024113890762974224,12.0569452416049,True,False,True
12_clear_5_010,635140298,clear,5.0,23.0,0.04420681337048398,0.8016893687915763,122.08557993999449,1e-15,0.01,Intensity-Weighted Centroid,0.4960452069133977,248.02259943679942,True,False,True
12_clear_5_010,635140298,clear,5.0,23.0,0.04420681337048398,0.8016893687915763,122.08557993999449,1e-15,0.01,Gaussian Fitting,0.06207209104278962,31.036044531852326,True,False,True
12_clear_5_010,635140298,clear,5.0,23.0,0.04420681337048398,0.8016893687915763,122.08557993999449,1e-15,0.01,PSF Fitting,0.05909512847384242,29.54756335079603,True,False,True
12_clear_5_011,220183171,clear,5.0,23.0,0.04420681337048398,0.8016893687915763,124.32286951066631,1e-15,0.01,Intensity-Weighted Centroid,0.14551381861567164,72.75690894839552,True,False,True
12_clear_5_011,220183171,clear,5.0,23.0,0.04420681337048398,0.8016893687915763,124.32286951066631,1e-15,0.01,Gaussian Fitting,0.06477220584309842,32.38610247207764,True,False,True
12_clear_5_011,220183171,clear,5.0,23.0,0.04420681337048398,0.8016893687915763,124.32286951066631,1e-15,0.01,PSF Fitting,0.06476874789004698,32.384373497588214,True,False,True
12_clear_5_012,686706021,clear,5.0,23.0,0.04420681337048398,0.8016893687915763,123.69769926450734,1e-15,0.01,Intensity-Weighted Centroid,0.17126525381153543,85.63262529237814,True,False,True
12_clear_5_012,686706021,clear,5.0,23.0,0.04420681337048398,0.8016893687915763,123.69769926450734,1e-15,0.01,Gaussian Fitting,0.023119641184072618,11.559820380635685,True,False,True
12_clear_5_012,686706021,clear,5.0,23.0,0.04420681337048398,0.8016893687915763,123.69769926450734,1e-15,0.01,PSF Fitting,0.02322473725179692,11.612368412421677,True,False,True
12_clear_5_013,182681597,clear,5.0,23.0,0.04420681337048398,0.8016893687915763,118.19307680153136,1e-15,0.01,Intensity-Weighted Centroid,0.2209599465502061,110.47997290252029,True,False,True
12_clear_5_013,182681597,clear,5.0,23.0,0.04420681337048398,0.8016893687915763,118.19307680153136,1e-15,0.01,Gaussian Fitting,0.01945384056212557,9.726920251201967,True,False,True
12_clear_5_013,182681597,clear,5.0,23.0,0.04420681337048398,0.8016893687915763,118.19307680153136,1e-15,0.01,PSF Fitting,0.01963858288331223,9.819291411118583,True,False,True
12_clear_5_014,897168709,clear,5.0,23.0,0.04420681337048398,0.8016893687915763,121.91992718739732,1e-15,0.01,Intensity-Weighted Centroid,0.29781715534921105,148.90857664440708,True,False,True
12_clear_5_014,897168709,clear,5.0,23.0,0.04420681337048398,0.8016893687915763,121.91992718739732,1e-15,0.01,Gaussian Fitting,0.012421637198686233,6.210818551493809,True,False,True
12_clear_5_014,897168709,clear,5.0,23.0,0.04420681337048398,0.8016893687915763,121.91992718739732,1e-15,0.01,PSF Fitting,0.012288175585835014,6.144087746821214,True,False,True
12_clear_5_015,685220300,clear,5.0,23.0,0.04420681337048398,0.8016893687915763,122.45140063104385,1e-15,0.01,Intensity-Weighted Centroid,0.32956770696984977,164.7838531120825,True,False,True
12_clear_5_015,685220300,clear,5.0,23.0,0.04420681337048398,0.8016893687915763,122.45140063104385,1e-15,0.01,Gaussian Fitting,0.014767229801440993,7.3836148614631645,True,False,True
12_clear_5_015,685220300,clear,5.0,23.0,0.04420681337048398,0.8016893687915763,122.45140063104385,1e-15,0.01,PSF Fitting,0.014479830611242842,7.2399152675396525,True,False,True
12_clear_5_016,800674613,clear,5.0,23.0,0.04420681337048398,0.8016893687915763,118.69556111586424,1e-15,0.01,Intensity-Weighted Centroid,0.11319883599785407,56.599417658172,True,False,True
12_clear_5_016,800674613,clear,5.0,23.0,0.04420681337048398,0.8016893687915763,118.69556111586424,1e-15,0.01,Gaussian Fitting,0.031132932790050024,15.566466344190717,True,False,True
12_clear_5_016,800674613,clear,5.0,23.0,0.04420681337048398,0.8016893687915763,118.69556111586424,1e-15,0.01,PSF Fitting,0.03128619350775502,15.64309670252221,True,False,True
12_clear_5_017,712411556,clear,5.0,23.0,0.04420681337048398,0.8016893687915763,117.09613698436037,1e-15,0.01,Intensity-Weighted Centroid,0.16999900992558728,84.99950447580093,True,False,True
12_clear_5_017,712411556,clear,5.0,23.0,0.04420681337048398,0.8016893687915763,117.09613698436037,1e-15,0.01,Gaussian Fitting,0.05782864520490186,28.914322178119587,True,False,True
12_clear_5_017,712411556,clear,5.0,23.0,0.04420681337048398,0.8016893687915763,117.09613698436037,1e-15,0.01,PSF Fitting,0.057177208191795156,28.588603674732862,True,False,True
12_clear_5_018,853593062,clear,5.0,23.0,0.04420681337048398,0.8016893687915763,124.39192233749749,1e-15,0.01,Intensity-Weighted Centroid,0.32829362293690995,164.1468088513893,True,False,True
12_clear_5_018,853593062,clear,5.0,23.0,0.04420681337048398,0.8016893687915763,124.39192233749749,1e-15,0.01,Gaussian Fitting,0.050458771976605775,25.2293859416674,True,False,True
12_clear_5_018,853593062,clear,5.0,23.0,0.04420681337048398,0.8016893687915763,124.39192233749749,1e-15,0.01,PSF Fitting,0.04975472236500333,24.87736113692379,True,False,True
12_clear_5_019,983117190,clear,5.0,23.0,0.04420681337048398,0.8016893687915763,119.33842293594712,1e-15,0.01,Intensity-Weighted Centroid,0.16790157583099388,83.95078438742597,True,False,True
12_clear_5_019,983117190,clear,5.0,23.0,0.04420681337048398,0.8016893687915763,119.33842293594712,1e-15,0.01,Gaussian Fitting,0.037347278409354825,18.67363814500678,True,False,True
12_clear_5_019,983117190,clear,5.0,23.0,0.04420681337048398,0.8016893687915763,119.33842293594712,1e-15,0.01,PSF Fitting,0.03681044788449403,18.405222904028587,True,False,True
12_clear_5_020,721510906,clear,5.0,23.0,0.04420681337048398,0.8016893687915763,121.49681430341185,1e-15,0.01,Intensity-Weighted Centroid,0.10792188216214747,53.96094085944728,True,False,True
12_clear_5_020,721510906,clear,5.0,23.0,0.04420681337048398,0.8016893687915763,121.49681430341185,1e-15,0.01,Gaussian Fitting,0.03111589082985191,15.55794533496183,True,False,True
12_clear_5_020,721510906,clear,5.0,23.0,0.04420681337048398,0.8016893687915763,121.49681430341185,1e-15,0.01,PSF Fitting,0.030890892213150046,15.445446026632286,True,False,True
12_clear_5_021,487042459,clear,5.0,23.0,0.04420681337048398,0.8016893687915763,118.99577102683608,1e-15,0.01,Intensity-Weighted Centroid,0.44179950641233695,220.89975109987955,True,False,True
12_clear_5_021,487042459,clear,5.0,23.0,0.04420681337048398,0.8016893687915763,118.99577102683608,1e-15,0.01,Gaussian Fitting,0.07397518160380867,36.987590307066014,True,False,True
12_clear_5_021,487042459,clear,5.0,23.0,0.04420681337048398,0.8016893687915763,118.99577102683608,1e-15,0.01,PSF Fitting,0.0753024507798097,37.651224875185164,True,False,True
12_clear_5_022,283670100,clear,5.0,23.0,0.04420681337048398,0.8016893687915763,120.22001549434526,1e-15,0.01,Intensity-Weighted Centroid,0.16593342114505386,82.96671025875256,True,False,True
12_clear_5_022,283670100,clear,5.0,23.0,0.04420681337048398,0.8016893687915763,120.22001549434526,1e-15,0.01,Gaussian Fitting,0.03711508574387471,18.557542823731186,True,False,True
12_clear_5_022,283670100,clear,5.0,23.0,0.04420681337048398,0.8016893687915763,120.22001549434526,1e-15,0.01,PSF Fitting,0.037318888573473825,18.659444239419923,True,False,True
12_clear_5_023,250994411,clear,5.0,23.0,0.04420681337048398,0.8016893687915763,112.59312743530259,1e-15,0.01,Intensity-Weighted Centroid,0.19366556114455452,96.83277958545702,True,False,True
12_clear_5_023,250994411,clear,5.0,23.0,0.04420681337048398,0.8016893687915763,112.59312743530259,1e-15,0.01,Gaussian Fitting,0.03709057860669466,18.54528920679144,True,False,True
12_clear_5_023,250994411,clear,5.0,23.0,0.04420681337048398,0.8016893687915763,112.59312743530259,1e-15,0.01,PSF Fitting,0.037355195752231965,18.67759777912608,True,False,True
12_clear_5_024,81204188,clear,5.0,23.0,0.04420681337048398,0.8016893687915763,120.46535448139056,1e-15,0.01,Intensity-Weighted Centroid,0.39693315289949804,198.46656387820263,True,False,True
12_clear_5_024,81204188,clear,5.0,23.0,0.04420681337048398,0.8016893687915763,120.46535448139056,1e-15,0.01,Gaussian Fitting,0.04479372640565129,22.396862662393527,True,False,True
12_clear_5_024,81204188,clear,5.0,23.0,0.04420681337048398,0.8016893687915763,120.46535448139056,1e-15,0.01,PSF Fitting,0.04455451168119776,22.277255307612126,True,False,True
12_clear_5_025,932480526,clear,5.0,23.0,0.04420681337048398,0.8016893687915763,121.00956940049832,1e-15,0.01,Intensity-Weighted Centroid,0.2857937382640962,142.8968687843047,True,False,True
12_clear_5_025,932480526,clear,5.0,23.0,0.04420681337048398,0.8016893687915763,121.00956940049832,1e-15,0.01,Gaussian Fitting,0.05545653284017567,27.728266109145174,True,False,True
12_clear_5_025,932480526,clear,5.0,23.0,0.04420681337048398,0.8016893687915763,121.00956940049832,1e-15,0.01,PSF Fitting,0.05673858788970696,28.369293628423325,True,False,True
12_clear_5_026,764703219,clear,5.0,23.0,0.04420681337048398,0.8016893687915763,117.25783247551088,1e-15,0.01,Intensity-Weighted Centroid,0.36975296659988927,184.8764826199782,True,False,True
12_clear_5_026,764703219,clear,5.0,23.0,0.04420681337048398,0.8016893687915763,117.25783247551088,1e-15,0.01,Gaussian Fitting,0.039281524810988504,19.640762081665127,True,False,True
12_clear_5_026,764703219,clear,5.0,23.0,0.04420681337048398,0.8016893687915763,117.25783247551088,1e-15,0.01,PSF Fitting,0.0393801208611427,19.69006009764189,True,False,True
12_clear_5_027,903850736,clear,5.0,23.0,0.04420681337048398,0.8016893687915763,122.06998404045473,1e-15,0.01,Intensity-Weighted Centroid,0.3168830009965906,158.44149866585437,True,False,True
12_clear_5_027,903850736,clear,5.0,23.0,0.04420681337048398,0.8016893687915763,122.06998404045473,1e-15,0.01,Gaussian Fitting,0.04155874416897048,20.77937181534402,True,False,True
12_clear_5_027,903850736,clear,5.0,23.0,0.04420681337048398,0.8016893687915763,122.06998404045473,1e-15,0.01,PSF Fitting,0.0421608581133906,21.080428790138964,True,False,True
12_clear_5_028,251067265,clear,5.0,23.0,0.04420681337048398,0.8016893687915763,124.48420170256269,1e-15,0.01,Intensity-Weighted Centroid,0.5092561925619693,254.6280893809137,True,False,True
12_clear_5_028,251067265,clear,5.0,23.0,0.04420681337048398,0.8016893687915763,124.48420170256269,1e-15,0.01,Gaussian Fitting,0.01698700309665254,8.493501469462451,True,False,True
12_clear_5_028,251067265,clear,5.0,23.0,0.04420681337048398,0.8016893687915763,124.48420170256269,1e-15,0.01,PSF Fitting,0.0159352676157365,7.967633727825193,True,False,True
12_clear_5_029,804839292,clear,5.0,23.0,0.04420681337048398,0.8016893687915763,117.76310753773609,1e-15,0.01,Intensity-Weighted Centroid,0.37501052147768255,187.50525639699026,True,False,True
12_clear_5_029,804839292,clear,5.0,23.0,0.04420681337048398,0.8016893687915763,117.76310753773609,1e-15,0.01,Gaussian Fitting,0.057039492429468944,28.519745523070927,True,False,True
12_clear_5_029,804839292,clear,5.0,23.0,0.04420681337048398,0.8016893687915763,117.76310753773609,1e-15,0.01,PSF Fitting,0.056869358887229264,28.434678752961716,True,False,True
12_clear_10_000,249400867,clear,10.0,23.0,0.04420681337048398,0.642705844033436,95.10368644418207,1e-15,0.01,Intensity-Weighted Centroid,0.24625380855735804,123.12690133798829,True,False,True
12_clear_10_000,249400867,clear,10.0,23.0,0.04420681337048398,0.642705844033436,95.10368644418207,1e-15,0.01,Gaussian Fitting,0.05583761731899331,27.91880801090118,True,False,True
12_clear_10_000,249400867,clear,10.0,23.0,0.04420681337048398,0.642705844033436,95.10368644418207,1e-15,0.01,PSF Fitting,0.05649430284201525,28.247150773044428,True,False,True
12_clear_10_001,857412605,clear,10.0,23.0,0.04420681337048398,0.642705844033436,94.18211514209779,1e-15,0.01,Intensity-Weighted Centroid,0.16816786687447108,84.0839329342035,True,False,True
12_clear_10_001,857412605,clear,10.0,23.0,0.04420681337048398,0.642705844033436,94.18211514209779,1e-15,0.01,Gaussian Fitting,0.07364527140653271,36.822635236552244,True,False,True
12_clear_10_001,857412605,clear,10.0,23.0,0.04420681337048398,0.642705844033436,94.18211514209779,1e-15,0.01,PSF Fitting,0.07227163908900731,36.135819091652884,True,False,True
12_clear_10_002,422700249,clear,10.0,23.0,0.04420681337048398,0.642705844033436,97.3646185576513,1e-15,0.01,Intensity-Weighted Centroid,0.15672841399436832,78.3642058960735,True,False,True
12_clear_10_002,422700249,clear,10.0,23.0,0.04420681337048398,0.642705844033436,97.3646185576513,1e-15,0.01,Gaussian Fitting,0.020814244890416084,10.407122265111802,True,False,True
12_clear_10_002,422700249,clear,10.0,23.0,0.04420681337048398,0.642705844033436,97.3646185576513,1e-15,0.01,PSF Fitting,0.018505219151197225,9.252609412544635,True,False,True
12_clear_10_003,871235257,clear,10.0,23.0,0.04420681337048398,0.642705844033436,98.02203119304549,1e-15,0.01,Intensity-Weighted Centroid,0.2666506924103212,133.3253456789649,True,False,True
12_clear_10_003,871235257,clear,10.0,23.0,0.04420681337048398,0.642705844033436,98.02203119304549,1e-15,0.01,Gaussian Fitting,0.028570737848725953,14.285368833434303,True,False,True
12_clear_10_003,871235257,clear,10.0,23.0,0.04420681337048398,0.642705844033436,98.02203119304549,1e-15,0.01,PSF Fitting,0.028543846137408447,14.271922978028682,True,False,True
12_clear_10_004,323662708,clear,10.0,23.0,0.04420681337048398,0.642705844033436,95.23483530936204,1e-15,0.01,Intensity-Weighted Centroid,0.2594176155349351,129.70879447564752,True,False,True
12_clear_10_004,323662708,clear,10.0,23.0,0.04420681337048398,0.642705844033436,95.23483530936204,1e-15,0.01,Gaussian Fitting,0.0595349427055539,29.76746993738992,True,False,True
12_clear_10_004,323662708,clear,10.0,23.0,0.04420681337048398,0.642705844033436,95.23483530936204,1e-15,0.01,PSF Fitting,0.05846391512806519,29.2319561685659,True,False,True
12_clear_10_005,107291573,clear,10.0,23.0,0.04420681337048398,0.642705844033436,98.29552311942291,1e-15,0.01,Intensity-Weighted Centroid,0.28866290420375296,144.33145152674183,True,False,True
12_clear_10_005,107291573,clear,10.0,23.0,0.04420681337048398,0.642705844033436,98.29552311942291,1e-15,0.01,Gaussian Fitting,0.05581767799328594,27.908838921674576,True,False,True
12_clear_10_005,107291573,clear,10.0,23.0,0.04420681337048398,0.642705844033436,98.29552311942291,1e-15,0.01,PSF Fitting,0.05581707444033256,27.9085371435174,True,False,True
12_clear_10_006,911476778,clear,10.0,23.0,0.04420681337048398,0.642705844033436,94.2010980942173,1e-15,0.01,Intensity-Weighted Centroid,0.42328342235821204,211.64170740630365,True,False,True
12_clear_10_006,911476778,clear,10.0,23.0,0.04420681337048398,0.642705844033436,94.2010980942173,1e-15,0.01,Gaussian Fitting,0.144620646535083,72.31032247442914,True,False,True
12_clear_10_006,911476778,clear,10.0,23.0,0.04420681337048398,0.642705844033436,94.2010980942173,1e-15,0.01,PSF Fitting,0.14493072346042013,72.46536093563782,True,False,True
12_clear_10_007,191594860,clear,10.0,23.0,0.04420681337048398,0.642705844033436,96.63380136992852,1e-15,0.01,Intensity-Weighted Centroid,0.38122923061868547,190.6146124013164,True,False,True
12_clear_10_007,191594860,clear,10.0,23.0,0.04420681337048398,0.642705844033436,96.63380136992852,1e-15,0.01,Gaussian Fitting,0.030809765892590026,15.404882371379077,True,False,True
12_clear_10_007,191594860,clear,10.0,23.0,0.04420681337048398,0.642705844033436,96.63380136992852,1e-15,0.01,PSF Fitting,0.03138102584114045,15.690512336046195,True,False,True
12_clear_10_008,119169440,clear,10.0,23.0,0.04420681337048398,0.642705844033436,96.29693415208354,1e-15,0.01,Intensity-Weighted Centroid,0.2737205398942917,136.86026903901717,True,False,True
12_clear_10_008,119169440,clear,10.0,23.0,0.04420681337048398,0.642705844033436,96.29693415208354,1e-15,0.01,Gaussian Fitting,0.060677517521250446,30.338758743077687,True,False,True
12_clear_10_008,119169440,clear,10.0,23.0,0.04420681337048398,0.642705844033436,96.29693415208354,1e-15,0.01,PSF Fitting,0.0598236668343533,29.91183340052674,True,False,True
12_clear_10_009,305318701,clear,10.0,23.0,0.04420681337048398,0.642705844033436,98.13417401890918,1e-15,0.01,Intensity-Weighted Centroid,0.4757582641175229,237.87913028873876,True,False,True
12_clear_10_009,305318701,clear,10.0,23.0,0.04420681337048398,0.642705844033436,98.13417401890918,1e-15,0.01,Gaussian Fitting,0.02928007761049762,14.64003879171384,True,False,True
12_clear_10_009,305318701,clear,10.0,23.0,0.04420681337048398,0.642705844033436,98.13417401890918,1e-15,0.01,PSF Fitting,0.029661869589827014,14.830934781492893,True,False,True
12_clear_10_010,498844305,clear,10.0,23.0,0.04420681337048398,0.642705844033436,91.81538759718856,1e-15,0.01,Intensity-Weighted Centroid,0.2504066680754696,125.20332575962685,True,False,True
12_clear_10_010,498844305,clear,10.0,23.0,0.04420681337048398,0.642705844033436,91.81538759718856,1e-15,0.01,Gaussian Fitting,0.05187797404911847,25.938984679291366,True,False,True
12_clear_10_010,498844305,clear,10.0,23.0,0.04420681337048398,0.642705844033436,91.81538759718856,1e-15,0.01,PSF Fitting,0.05170584490465401,25.852920129146682,True,False,True
12_clear_10_011,124812137,clear,10.0,23.0,0.04420681337048398,0.642705844033436,98.48714717252098,1e-15,0.01,Intensity-Weighted Centroid,0.05778202450758521,28.89101212668485,True,False,True
12_clear_10_011,124812137,clear,10.0,23.0,0.04420681337048398,0.642705844033436,98.48714717252098,1e-15,0.01,Gaussian Fitting,0.07164813977105089,35.82406952016924,True,False,True
12_clear_10_011,124812137,clear,10.0,23.0,0.04420681337048398,0.642705844033436,98.48714717252098,1e-15,0.01,PSF Fitting,0.07123593423753813,35.61796675413716,True,False,True
12_clear_10_012,978440311,clear,10.0,23.0,0.04420681337048398,0.642705844033436,94.3882812941342,1e-15,0.01,Intensity-Weighted Centroid,0.3923815126674351,196.19075319882302,True,False,True
12_clear_10_012,978440311,clear,10.0,23.0,0.04420681337048398,0.642705844033436,94.3882812941342,1e-15,0.01,Gaussian Fitting,0.03830130689016177,19.15065337868265,True,False,True
12_clear_10_012,978440311,clear,10.0,23.0,0.04420681337048398,0.642705844033436,94.3882812941342,1e-15,0.01,PSF Fitting,0.03823434855123921,19.117174212421496,True,False,True
12_clear_10_013,497022145,clear,10.0,23.0,0.04420681337048398,0.642705844033436,98.27149591110587,1e-15,0.01,Intensity-Weighted Centroid,0.3107955825453976,155.39778984846555,True,False,True
12_clear_10_013,497022145,clear,10.0,23.0,0.04420681337048398,0.642705844033436,98.27149591110587,1e-15,0.01,Gaussian Fitting,0.06422764809786856,32.11382290196802,True,False,True
12_clear_10_013,497022145,clear,10.0,23.0,0.04420681337048398,0.642705844033436,98.27149591110587,1e-15,0.01,PSF Fitting,0.06285479141153189,31.427394592892558,True,False,True
12_clear_10_014,337465111,clear,10.0,23.0,0.04420681337048398,0.642705844033436,92.65494159267723,1e-15,0.01,Intensity-Weighted Centroid,0.21814543471736692,109.07271708698747,True,False,True
12_clear_10_014,337465111,clear,10.0,23.0,0.04420681337048398,0.642705844033436,92.65494159267723,1e-15,0.01,Gaussian Fitting,0.019360543914637214,9.680271883906286,True,False,True
12_clear_10_014,337465111,clear,10.0,23.0,0.04420681337048398,0.642705844033436,92.65494159267723,1e-15,0.01,PSF Fitting,0.01938323619071665,9.691618022327312,True,False,True
12_clear_10_015,164904536,clear,10.0,23.0,0.04420681337048398,0.642705844033436,96.13260340827462,1e-15,0.01,Intensity-Weighted Centroid,0.35305844705180217,176.5292188260615,True,False,True
12_clear_10_015,164904536,clear,10.0,23.0,0.04420681337048398,0.642705844033436,96.13260340827462,1e-15,0.01,Gaussian Fitting,0.07455771117444311,37.2788553354869,True,False,True
12_clear_10_015,164904536,clear,10.0,23.0,0.04420681337048398,0.642705844033436,96.13260340827462,1e-15,0.01,PSF Fitting,0.07624515611412587,38.122577800397124,True,False,True
12_clear_10_016,993119521,clear,10.0,23.0,0.04420681337048398,0.642705844033436,96.43355312700423,1e-15,0.01,Intensity-Weighted Centroid,0.3033760546637645,151.68802695146286,True,False,True
12_clear_10_016,993119521,clear,10.0,23.0,0.04420681337048398,0.642705844033436,96.43355312700423,1e-15,0.01,Gaussian Fitting,0.04103337460776251,20.51668729734168,True,False,True
12_clear_10_016,993119521,clear,10.0,23.0,0.04420681337048398,0.642705844033436,96.43355312700423,1e-15,0.01,PSF Fitting,0.04168220202638502,20.841101005889442,True,False,True
12_clear_10_017,605706529,clear,10.0,23.0,0.04420681337048398,0.642705844033436,98.54353356175892,1e-15,0.01,Intensity-Weighted Centroid,0.11129577059695571,55.64788522395333,True,False,True
12_clear_10_017,605706529,clear,10.0,23.0,0.04420681337048398,0.642705844033436,98.54353356175892,1e-15,0.01,Gaussian Fitting,0.04956471677503941,24.782358313646952,True,False,True
12_clear_10_017,605706529,clear,10.0,23.0,0.04420681337048398,0.642705844033436,98.54353356175892,1e-15,0.01,PSF Fitting,0.04957038002229212,24.78518993373539,True,False,True
12_clear_10_018,886341989,clear,10.0,23.0,0.04420681337048398,0.642705844033436,98.42475723726936,1e-15,0.01,Intensity-Weighted Centroid,0.060568068660600605,30.284034325369653,True,False,True
12_clear_10_018,886341989,clear,10.0,23.0,0.04420681337048398,0.642705844033436,98.42475723726936,1e-15,0.01,Gaussian Fitting,0.005931488005736762,2.965743999744677,True,False,True
12_clear_10_018,886341989,clear,10.0,23.0,0.04420681337048398,0.642705844033436,98.42475723726936,1e-15,0.01,PSF Fitting,0.00719148249505716,3.595741243554619,True,False,True
12_clear_10_019,882689040,clear,10.0,23.0,0.04420681337048398,0.642705844033436,99.02753225582633,1e-15,0.01,Intensity-Weighted Centroid,0.13277424428213935,66.38711877528053,True,False,True
12_clear_10_019,882689040,clear,10.0,23.0,0.04420681337048398,0.642705844033436,99.02753225582633,1e-15,0.01,Gaussian Fitting,0.04658099235046392,23.2904949227547,True,False,True
12_clear_10_019,882689040,clear,10.0,23.0,0.04420681337048398,0.642705844033436,99.02753225582633,1e-15,0.01,PSF Fitting,0.04618701761364975,23.093507566028457,True,False,True
12_clear_10_020,214869387,clear,10.0,23.0,0.04420681337048398,0.642705844033436,99.60127632788058,1e-15,0.01,Intensity-Weighted Centroid,0.031724138407403166,15.862069011043893,True,False,True
12_clear_10_020,214869387,clear,10.0,23.0,0.04420681337048398,0.642705844033436,99.60127632788058,1e-15,0.01,Gaussian Fitting,0.06941936343473096,34.709681599197665,True,False,True
12_clear_10_020,214869387,clear,10.0,23.0,0.04420681337048398,0.642705844033436,99.60127632788058,1e-15,0.01,PSF Fitting,0.06958065325287437,34.79032650923255,True,False,True
12_clear_10_021,905941715,clear,10.0,23.0,0.04420681337048398,0.642705844033436,100.55249070314095,1e-15,0.01,Intensity-Weighted Centroid,0.028492426484430365,14.24621323660601,True,False,True
12_clear_10_021,905941715,clear,10.0,23.0,0.04420681337048398,0.642705844033436,100.55249070314095,1e-15,0.01,Gaussian Fitting,0.0469974712764586,23.49873562750293,True,False,True
12_clear_10_021,905941715,clear,10.0,23.0,0.04420681337048398,0.642705844033436,100.55249070314095,1e-15,0.01,PSF Fitting,0.04752128413783151,23.760642058140583,True,False,True
12_clear_10_022,474093340,clear,10.0,23.0,0.04420681337048398,0.642705844033436,99.63364442951328,1e-15,0.01,Intensity-Weighted Centroid,0.14473896470786268,72.36948215152744,True,False,True
12_clear_10_022,474093340,clear,10.0,23.0,0.04420681337048398,0.642705844033436,99.63364442951328,1e-15,0.01,Gaussian Fitting,0.07630172092921074,38.1508602654968,True,False,True
12_clear_10_022,474093340,clear,10.0,23.0,0.04420681337048398,0.642705844033436,99.63364442951328,1e-15,0.01,PSF Fitting,0.07649617375837131,38.24808667979623,True,False,True
12_clear_10_023,584309906,clear,10.0,23.0,0.04420681337048398,0.642705844033436,96.1160322635015,1e-15,0.01,Intensity-Weighted Centroid,0.1737022054110277,86.8511024236319,True,False,True
12_clear_10_023,584309906,clear,10.0,23.0,0.04420681337048398,0.642705844033436,96.1160322635015,1e-15,0.01,Gaussian Fitting,0.059113268039566326,29.556633999871007,True,False,True
12_clear_10_023,584309906,clear,10.0,23.0,0.04420681337048398,0.642705844033436,96.1160322635015,1e-15,0.01,PSF Fitting,0.05798542029270001,28.992710126643573,True,False,True
12_clear_10_024,25809020,clear,10.0,23.0,0.04420681337048398,0.642705844033436,94.38067276107518,1e-15,0.01,Intensity-Weighted Centroid,0.48224516234597536,241.122573931505,True,False,True
12_clear_10_024,25809020,clear,10.0,23.0,0.04420681337048398,0.642705844033436,94.38067276107518,1e-15,0.01,Gaussian Fitting,0.047803995386730296,23.90199669982522,True,False,True
12_clear_10_024,25809020,clear,10.0,23.0,0.04420681337048398,0.642705844033436,94.38067276107518,1e-15,0.01,PSF Fitting,0.04694696700671451,23.47348252457089,True,False,True
12_clear_10_025,782200992,clear,10.0,23.0,0.04420681337048398,0.642705844033436,97.00286968758766,1e-15,0.01,Intensity-Weighted Centroid,0.095466231949962,47.73311588736699,True,False,True
12_clear_10_025,782200992,clear,10.0,23.0,0.04420681337048398,0.642705844033436,97.00286968758766,1e-15,0.01,Gaussian Fitting,0.041552224662257775,20.77611229046225,True,False,True
12_clear_10_025,782200992,clear,10.0,23.0,0.04420681337048398,0.642705844033436,97.00286968758766,1e-15,0.01,PSF Fitting,0.04152875859555766,20.7643792571248,True,False,True
12_clear_10_026,681619409,clear,10.0,23.0,0.04420681337048398,0.642705844033436,100.19720158092775,1e-15,0.01,Intensity-Weighted Centroid,0.18270144722470055,91.35072321169953,True,False,True
12_clear_10_026,681619409,clear,10.0,23.0,0.04420681337048398,0.642705844033436,100.19720158092775,1e-15,0.01,Gaussian Fitting,0.027711972260841586,13.855985972364367,True,False,True
12_clear_10_026,681619409,clear,10.0,23.0,0.04420681337048398,0.642705844033436,100.19720158092775,1e-15,0.01,PSF Fitting,0.02728846076980722,13.644230231389502,True,False,True
12_clear_10_027,438585488,clear,10.0,23.0,0.04420681337048398,0.642705844033436,99.24010156761989,1e-15,0.01,Intensity-Weighted Centroid,0.0983935079218404,49.19675357278841,True,False,True
12_clear_10_027,438585488,clear,10.0,23.0,0.04420681337048398,0.642705844033436,99.24010156761989,1e-15,0.01,Gaussian Fitting,0.05639943824293508,28.199718996359184,True,False,True
12_clear_10_027,438585488,clear,10.0,23.0,0.04420681337048398,0.642705844033436,99.24010156761989,1e-15,0.01,PSF Fitting,0.05546346462335696,27.73173218856354,True,False,True
12_clear_10_028,104082364,clear,10.0,23.0,0.04420681337048398,0.642705844033436,98.13082068507029,1e-15,0.01,Intensity-Weighted Centroid,0.4015529218340378,200.77644007574392,True,False,True
12_clear_10_028,104082364,clear,10.0,23.0,0.04420681337048398,0.642705844033436,98.13082068507029,1e-15,0.01,Gaussian Fitting,0.015171612992866639,7.58580566291339,True,False,True
12_clear_10_028,104082364,clear,10.0,23.0,0.04420681337048398,0.642705844033436,98.13082068507029,1e-15,0.01,PSF Fitting,0.016237152188644396,8.118575196220332,True,False,True
12_clear_10_029,822722131,clear,10.0,23.0,0.04420681337048398,0.642705844033436,96.78948012518703,1e-15,0.01,Intensity-Weighted Centroid,0.07654453642651685,38.27226573878036,True,False,True
12_clear_10_029,822722131,clear,10.0,23.0,0.04420681337048398,0.642705844033436,96.78948012518703,1e-15,0.01,Gaussian Fitting,0.016884266683672617,8.442132997141673,True,False,True
12_clear_10_029,822722131,clear,10.0,23.0,0.04420681337048398,0.642705844033436,96.78948012518703,1e-15,0.01,PSF Fitting,0.012976243909862167,6.488121686626574,True,False,True
12_clear_15_000,879454673,clear,15.0,23.0,0.04420681337048398,0.5152504424218226,76.97521348688406,1e-15,0.01,Intensity-Weighted Centroid,0.65602977784658,328.014884945469,True,False,True
12_clear_15_000,879454673,clear,15.0,23.0,0.04420681337048398,0.5152504424218226,76.97521348688406,1e-15,0.01,Gaussian Fitting,0.050505582577415206,25.252790191220697,True,False,True
12_clear_15_000,879454673,clear,15.0,23.0,0.04420681337048398,0.5152504424218226,76.97521348688406,1e-15,0.01,PSF Fitting,0.047630801960640165,23.81539995091956,True,False,True
12_clear_15_001,263487725,clear,15.0,23.0,0.04420681337048398,0.5152504424218226,76.35657648319321,1e-15,0.01,Intensity-Weighted Centroid,0.6545008581818886,327.250424216242,True,False,True
12_clear_15_001,263487725,clear,15.0,23.0,0.04420681337048398,0.5152504424218226,76.35657648319321,1e-15,0.01,Gaussian Fitting,0.12432084626949821,62.160421724311355,True,False,True
12_clear_15_001,263487725,clear,15.0,23.0,0.04420681337048398,0.5152504424218226,76.35657648319321,1e-15,0.01,PSF Fitting,0.12565929185448116,62.82964456367113,True,False,True
12_clear_15_002,963910869,clear,15.0,23.0,0.04420681337048398,0.5152504424218226,76.16111955239539,1e-15,0.01,Intensity-Weighted Centroid,0.2398326757071487,119.91632661563507,True,False,True
12_clear_15_002,963910869,clear,15.0,23.0,0.04420681337048398,0.5152504424218226,76.16111955239539,1e-15,0.01,Gaussian Fitting,0.014443997732003482,7.2219985756853795,True,False,True
12_clear_15_002,963910869,clear,15.0,23.0,0.04420681337048398,0.5152504424218226,76.16111955239539,1e-15,0.01,PSF Fitting,0.010228505295769835,5.114252447054129,True,False,True
12_clear_15_003,883447972,clear,15.0,23.0,0.04420681337048398,0.5152504424218226,79.02488506761361,1e-15,0.01,Intensity-Weighted Centroid,0.18017574462568445,90.08787081322376,True,False,True
12_clear_15_003,883447972,clear,15.0,23.0,0.04420681337048398,0.5152504424218226,79.02488506761361,1e-15,0.01,Gaussian Fitting,0.16296912509632222,81.48456091938436,True,False,True
12_clear_15_003,883447972,clear,15.0,23.0,0.04420681337048398,0.5152504424218226,79.02488506761361,1e-15,0.01,PSF Fitting,0.16430713637426303,82.15356653473503,True,False,True
12_clear_15_004,133177459,clear,15.0,23.0,0.04420681337048398,0.5152504424218226,75.97686315773512,1e-15,0.01,Intensity-Weighted Centroid,0.1631499245522951,81.57496208580201,True,False,True
12_clear_15_004,133177459,clear,15.0,23.0,0.04420681337048398,0.5152504424218226,75.97686315773512,1e-15,0.01,Gaussian Fitting,0.026046303527975944,13.023151745807288,True,False,True
12_clear_15_004,133177459,clear,15.0,23.0,0.04420681337048398,0.5152504424218226,75.97686315773512,1e-15,0.01,PSF Fitting,0.02560887083912202,12.80443540179868,True,False,True
12_clear_15_005,46567682,clear,15.0,23.0,0.04420681337048398,0.5152504424218226,77.95471432680779,1e-15,0.01,Intensity-Weighted Centroid,0.47263873553231844,236.31936574459044,True,False,True
12_clear_15_005,46567682,clear,15.0,23.0,0.04420681337048398,0.5152504424218226,77.95471432680779,1e-15,0.01,Gaussian Fitting,0.0408399073309941,20.419953639463397,True,False,True
12_clear_15_005,46567682,clear,15.0,23.0,0.04420681337048398,0.5152504424218226,77.95471432680779,1e-15,0.01,PSF Fitting,0.03885410338719277,19.427051669225442,True,False,True
12_clear_15_006,858068092,clear,15.0,23.0,0.04420681337048398,0.5152504424218226,75.13790686699384,1e-15,0.01,Intensity-Weighted Centroid,0.2311113180276451,115.55565811307063,True,False,True
12_clear_15_006,858068092,clear,15.0,23.0,0.04420681337048398,0.5152504424218226,75.13790686699384,1e-15,0.01,Gaussian Fitting,0.05074350726711689,25.371753305972906,True,False,True
12_clear_15_006,858068092,clear,15.0,23.0,0.04420681337048398,0.5152504424218226,75.13790686699384,1e-15,0.01,PSF Fitting,0.052190891777688146,26.095445569146534,True,False,True
12_clear_15_007,373813195,clear,15.0,23.0,0.04420681337048398,0.5152504424218226,77.48729038812158,1e-15,0.01,Intensity-Weighted Centroid,0.11453679773965045,57.26839880148602,True,False,True
12_clear_15_007,373813195,clear,15.0,23.0,0.04420681337048398,0.5152504424218226,77.48729038812158,1e-15,0.01,Gaussian Fitting,0.04703146459541002,23.515732294565034,True,False,True
12_clear_15_007,373813195,clear,15.0,23.0,0.04420681337048398,0.5152504424218226,77.48729038812158,1e-15,0.01,PSF Fitting,0.04907570990698949,24.537854949925677,True,False,True
12_clear_15_008,650243981,clear,15.0,23.0,0.04420681337048398,0.5152504424218226,76.8723894120014,1e-15,0.01,Intensity-Weighted Centroid,0.6475290342626958,323.7645142255544,True,False,True
12_clear_15_008,650243981,clear,15.0,23.0,0.04420681337048398,0.5152504424218226,76.8723894120014,1e-15,0.01,Gaussian Fitting,0.018591253176858873,9.295626403074351,True,False,True
12_clear_15_008,650243981,clear,15.0,23.0,0.04420681337048398,0.5152504424218226,76.8723894120014,1e-15,0.01,PSF Fitting,0.02242344387657601,11.211721710456043,True,False,True
12_clear_15_009,119221784,clear,15.0,23.0,0.04420681337048398,0.5152504424218226,78.81573370514494,1e-15,0.01,Intensity-Weighted Centroid,0.27860809953312576,139.30404952054846,True,False,True
12_clear_15_009,119221784,clear,15.0,23.0,0.04420681337048398,0.5152504424218226,78.81573370514494,1e-15,0.01,Gaussian Fitting,0.07450516486002758,37.25258234390836,True,False,True
12_clear_15_009,119221784,clear,15.0,23.0,0.04420681337048398,0.5152504424218226,78.81573370514494,1e-15,0.01,PSF Fitting,0.07735548565918333,38.677742722628864,True,False,True
12_clear_15_010,758708436,clear,15.0,23.0,0.04420681337048398,0.5152504424218226,76.92192242896633,1e-15,0.01,Intensity-Weighted Centroid,0.33022932932364757,165.11466289730905,True,False,True
12_clear_15_010,758708436,clear,15.0,23.0,0.04420681337048398,0.5152504424218226,76.92192242896633,1e-15,0.01,Gaussian Fitting,0.019738680504603656,9.869340055528676,True,False,True
12_clear_15_010,758708436,clear,15.0,23.0,0.04420681337048398,0.5152504424218226,76.92192242896633,1e-15,0.01,PSF Fitting,0.01811555697935102,9.057778309530109,True,False,True
12_clear_15_011,291104667,clear,15.0,23.0,0.04420681337048398,0.5152504424218226,79.64352331807056,1e-15,0.01,Intensity-Weighted Centroid,0.2743788441897695,137.18941970047604,True,False,True
12_clear_15_011,291104667,clear,15.0,23.0,0.04420681337048398,0.5152504424218226,79.64352331807056,1e-15,0.01,Gaussian Fitting,0.07336864279416175,36.68432048827135,True,False,True
12_clear_15_011,291104667,clear,15.0,23.0,0.04420681337048398,0.5152504424218226,79.64352331807056,1e-15,0.01,PSF Fitting,0.07473349941744094,37.36674879443835,True,False,True
12_clear_15_012,456270453,clear,15.0,23.0,0.04420681337048398,0.5152504424218226,78.93400680006256,1e-15,0.01,Intensity-Weighted Centroid,0.7183524972149868,359.1762132167633,True,False,True
12_clear_15_012,456270453,clear,15.0,23.0,0.04420681337048398,0.5152504424218226,78.93400680006256,1e-15,0.01,Gaussian Fitting,0.13490480018892065,67.45239799605842,True,False,True
12_clear_15_012,456270453,clear,15.0,23.0,0.04420681337048398,0.5152504424218226,78.93400680006256,1e-15,0.01,PSF Fitting,0.13789883982823786,68.94941775588842,True,False,True
12_clear_15_013,296257277,clear,15.0,23.0,0.04420681337048398,0.5152504424218226,77.39383040222808,1e-15,0.01,Intensity-Weighted Centroid,0.6478047939474216,323.9023889174531,True,False,True
12_clear_15_013,296257277,clear,15.0,23.0,0.04420681337048398,0.5152504424218226,77.39383040222808,1e-15,0.01,Gaussian Fitting,0.09656237998290974,48.28118947381065,True,False,True
12_clear_15_013,296257277,clear,15.0,23.0,0.04420681337048398,0.5152504424218226,77.39383040222808,1e-15,0.01,PSF Fitting,0.09622806193582899,48.11403045080696,True,False,True
12_clear_15_014,981153888,clear,15.0,23.0,0.04420681337048398,0.5152504424218226,78.99182155450973,1e-15,0.01,Intensity-Weighted Centroid,0.050584198539123874,25.292099018771154,True,False,True
12_clear_15_014,981153888,clear,15.0,23.0,0.04420681337048398,0.5152504424218226,78.99182155450973,1e-15,0.01,Gaussian Fitting,0.01820127597368601,9.100637867434925,True,False,True
12_clear_15_014,981153888,clear,15.0,23.0,0.04420681337048398,0.5152504424218226,78.99182155450973,1e-15,0.01,PSF Fitting,0.016538931506730414,8.269465643016991,True,False,True
12_clear_15_015,723677289,clear,15.0,23.0,0.04420681337048398,0.5152504424218226,77.53450097618163,1e-15,0.01,Intensity-Weighted Centroid,0.1934724909960894,96.73624371686697,True,False,True
12_clear_15_015,723677289,clear,15.0,23.0,0.04420681337048398,0.5152504424218226,77.53450097618163,1e-15,0.01,Gaussian Fitting,0.05292352403211342,26.461761293847147,True,False,True
12_clear_15_015,723677289,clear,15.0,23.0,0.04420681337048398,0.5152504424218226,77.53450097618163,1e-15,0.01,PSF Fitting,0.05247793646134479,26.238967535568968,True,False,True
12_clear_15_016,864357223,clear,15.0,23.0,0.04420681337048398,0.5152504424218226,77.1231351316651,1e-15,0.01,Intensity-Weighted Centroid,0.2533930138760493,126.69650632162494,True,False,True
12_clear_15_016,864357223,clear,15.0,23.0,0.04420681337048398,0.5152504424218226,77.1231351316651,1e-15,0.01,Gaussian Fitting,0.11939306999616331,59.696534699141885,True,False,True
12_clear_15_016,864357223,clear,15.0,23.0,0.04420681337048398,0.5152504424218226,77.1231351316651,1e-15,0.01,PSF Fitting,0.11925232709140224,59.62616324746007,True,False,True
12_clear_15_017,947382436,clear,15.0,23.0,0.04420681337048398,0.5152504424218226,76.048181437396,1e-15,0.01,Intensity-Weighted Centroid,0.09167958208335368,45.83978954592041,True,False,True
12_clear_15_017,947382436,clear,15.0,23.0,0.04420681337048398,0.5152504424218226,76.048181437396,1e-15,0.01,Gaussian Fitting,0.05299535749672677,26.497678346183207,True,False,True
12_clear_15_017,947382436,clear,15.0,23.0,0.04420681337048398,0.5152504424218226,76.048181437396,1e-15,0.01,PSF Fitting,0.05385748140744296,26.928740292279358,True,False,True
12_clear_15_018,695688584,clear,15.0,23.0,0.04420681337048398,0.5152504424218226,74.10526529100773,1e-15,0.01,Intensity-Weighted Centroid,0.1420786045974852,71.03930099746324,True,False,True
12_clear_15_018,695688584,clear,15.0,23.0,0.04420681337048398,0.5152504424218226,74.10526529100773,1e-15,0.01,Gaussian Fitting,0.05133872232382793,25.669359889139386,True,False,True
12_clear_15_018,695688584,clear,15.0,23.0,0.04420681337048398,0.5152504424218226,74.10526529100773,1e-15,0.01,PSF Fitting,0.05173388665472766,25.866942034689735,True,False,True
12_clear_15_019,519232146,clear,15.0,23.0,0.04420681337048398,0.5152504424218226,79.93879949978127,1e-15,0.01,Intensity-Weighted Centroid,0.29965108397830836,149.8255417489474,True,False,True
12_clear_15_019,519232146,clear,15.0,23.0,0.04420681337048398,0.5152504424218226,79.93879949978127,1e-15,0.01,Gaussian Fitting,0.06528704025784066,32.6435201195268,True,False,True
12_clear_15_019,519232146,clear,15.0,23.0,0.04420681337048398,0.5152504424218226,79.93879949978127,1e-15,0.01,PSF Fitting,0.062439130237492826,31.21956511017001,True,False,True
12_clear_15_020,664927676,clear,15.0,23.0,0.04420681337048398,0.5152504424218226,78.03664558207808,1e-15,0.01,Intensity-Weighted Centroid,0.19553560248733648,97.76780011281225,True,False,True
12_clear_15_020,664927676,clear,15.0,23.0,0.04420681337048398,0.5152504424218226,78.03664558207808,1e-15,0.01,Gaussian Fitting,0.09576770426108655,47.883851932219514,True,False,True
12_clear_15_020,664927676,clear,15.0,23.0,0.04420681337048398,0.5152504424218226,78.03664558207808,1e-15,0.01,PSF Fitting,0.09510050371181024,47.55025165889159,True,False,True
12_clear_15_021,246520732,clear,15.0,23.0,0.04420681337048398,0.5152504424218226,77.2707175810721,1e-15,0.01,Intensity-Weighted Centroid,0.2245339806087026,112.26699020092711,True,False,True
12_clear_15_021,246520732,clear,15.0,23.0,0.04420681337048398,0.5152504424218226,77.2707175810721,1e-15,0.01,Gaussian Fitting,0.04972294184972091,24.861470818151325,True,False,True
12_clear_15_021,246520732,clear,15.0,23.0,0.04420681337048398,0.5152504424218226,77.2707175810721,1e-15,0.01,PSF Fitting,0.05267229427339997,26.336147019128497,True,False,True
12_clear_15_022,890839065,clear,15.0,23.0,0.04420681337048398,0.5152504424218226,77.35930734018267,1e-15,0.01,Intensity-Weighted Centroid,0.20300815634322011,101.50407765519239,True,False,True
12_clear_15_022,890839065,clear,15.0,23.0,0.04420681337048398,0.5152504424218226,77.35930734018267,1e-15,0.01,Gaussian Fitting,0.06082445766118428,30.412228368282076,True,False,True
12_clear_15_022,890839065,clear,15.0,23.0,0.04420681337048398,0.5152504424218226,77.35930734018267,1e-15,0.01,PSF Fitting,0.06134652244232755,30.673260755743232,True,False,True
12_clear_15_023,3755754,clear,15.0,23.0,0.04420681337048398,0.5152504424218226,76.67765081770109,1e-15,0.01,Intensity-Weighted Centroid,0.3470780368821712,173.53901802062077,True,False,True
12_clear_15_023,3755754,clear,15.0,23.0,0.04420681337048398,0.5152504424218226,76.67765081770109,1e-15,0.01,Gaussian Fitting,0.058418576639442436,29.209288140245235,True,False,True
12_clear_15_023,3755754,clear,15.0,23.0,0.04420681337048398,0.5152504424218226,76.67765081770109,1e-15,0.01,PSF Fitting,0.05771876789980432,28.85938376924354,True,False,True
12_clear_15_024,712855833,clear,15.0,23.0,0.04420681337048398,0.5152504424218226,79.09707978778789,1e-15,0.01,Intensity-Weighted Centroid,0.28764446126587606,143.82222531393586,True,False,True
12_clear_15_024,712855833,clear,15.0,23.0,0.04420681337048398,0.5152504424218226,79.09707978778789,1e-15,0.01,Gaussian Fitting,0.12318963724882781,61.59481179871699,True,False,True
12_clear_15_024,712855833,clear,15.0,23.0,0.04420681337048398,0.5152504424218226,79.09707978778789,1e-15,0.01,PSF Fitting,0.12238246117502817,61.19122375739798,True,False,True
12_clear_15_025,621119773,clear,15.0,23.0,0.04420681337048398,0.5152504424218226,80.94324517892426,1e-15,0.01,Intensity-Weighted Centroid,0.5937207934796307,296.86039281893625,True,False,True
12_clear_15_025,621119773,clear,15.0,23.0,0.04420681337048398,0.5152504424218226,80.94324517892426,1e-15,0.01,Gaussian Fitting,0.11633337853516572,58.16668819221923,True,False,True
12_clear_15_025,621119773,clear,15.0,23.0,0.04420681337048398,0.5152504424218226,80.94324517892426,1e-15,0.01,PSF Fitting,0.11645579170475627,58.227894767292696,True,False,True
12_clear_15_026,704588825,clear,15.0,23.0,0.04420681337048398,0.5152504424218226,75.20312644453452,1e-15,0.01,Intensity-Weighted Centroid,0.5706292855161829,285.31463788819383,True,False,True
12_clear_15_026,704588825,clear,15.0,23.0,0.04420681337048398,0.5152504424218226,75.20312644453452,1e-15,0.01,Gaussian Fitting,0.008559971824400868,4.279985909832381,True,False,True
12_clear_15_026,704588825,clear,15.0,23.0,0.04420681337048398,0.5152504424218226,75.20312644453452,1e-15,0.01,PSF Fitting,0.005717281069097341,2.8586405328368727,True,False,True
12_clear_15_027,404393424,clear,15.0,23.0,0.04420681337048398,0.5152504424218226,74.79282280486123,1e-15,0.01,Intensity-Weighted Centroid,0.16656681405670032,83.28340608732721,True,False,True
12_clear_15_027,404393424,clear,15.0,23.0,0.04420681337048398,0.5152504424218226,74.79282280486123,1e-15,0.01,Gaussian Fitting,0.0664134023161818,33.2067006218347,True,False,True
12_clear_15_027,404393424,clear,15.0,23.0,0.04420681337048398,0.5152504424218226,74.79282280486123,1e-15,0.01,PSF Fitting,0.06677736192023544,33.38868042138111,True,False,True
12_clear_15_028,64538647,clear,15.0,23.0,0.04420681337048398,0.5152504424218226,78.79814549570685,1e-15,0.01,Intensity-Weighted Centroid,0.39256837115642074,196.28418496066288,True,False,True
12_clear_15_028,64538647,clear,15.0,23.0,0.04420681337048398,0.5152504424218226,78.79814549570685,1e-15,0.01,Gaussian Fitting,0.05886849416108246,29.43424691948451,True,False,True
12_clear_15_028,64538647,clear,15.0,23.0,0.04420681337048398,0.5152504424218226,78.79814549570685,1e-15,0.01,PSF Fitting,0.059300895473158276,29.650447572555777,True,False,True
12_clear_15_029,372053498,clear,15.0,23.0,0.04420681337048398,0.5152504424218226,75.57599619951955,1e-15,0.01,Intensity-Weighted Centroid,0.3457775601170071,172.88877970918364,True,False,True
12_clear_15_029,372053498,clear,15.0,23.0,0.04420681337048398,0.5152504424218226,75.57599619951955,1e-15,0.01,Gaussian Fitting,0.13558656473696437,67.79328204197424,True,False,True
12_clear_15_029,372053498,clear,15.0,23.0,0.04420681337048398,0.5152504424218226,75.57599619951955,1e-15,0.01,PSF Fitting,0.1362596535213039,68.12982643358747,True,False,True
12_clear_20_000,343643170,clear,20.0,23.0,0.04420681337048398,0.4130708019547314,64.010312116295,1e-15,0.01,Intensity-Weighted Centroid,0.3099543759418935,154.97718263549982,True,False,True
12_clear_20_000,343643170,clear,20.0,23.0,0.04420681337048398,0.4130708019547314,64.010312116295,1e-15,0.01,Gaussian Fitting,0.13495707008292004,67.47853169224135,True,False,True
12_clear_20_000,343643170,clear,20.0,23.0,0.04420681337048398,0.4130708019547314,64.010312116295,1e-15,0.01,PSF Fitting,0.13642733399986726,68.213663606165,True,False,True
12_clear_20_001,394027003,clear,20.0,23.0,0.04420681337048398,0.4130708019547314,62.70590863042616,1e-15,0.01,Intensity-Weighted Centroid,0.4889947556977869,244.4973758339879,True,False,True
12_clear_20_001,394027003,clear,20.0,23.0,0.04420681337048398,0.4130708019547314,62.70590863042616,1e-15,0.01,Gaussian Fitting,0.07820379491144097,39.101897438945905,True,False,True
12_clear_20_001,394027003,clear,20.0,23.0,0.04420681337048398,0.4130708019547314,62.70590863042616,1e-15,0.01,PSF Fitting,0.07507913791431364,37.53956894086852,True,False,True
12_clear_20_002,743081506,clear,20.0,23.0,0.04420681337048398,0.4130708019547314,61.28185034616084,1e-15,0.01,Intensity-Weighted Centroid,0.6074073175102603,303.7036556445001,True,False,True
12_clear_20_002,743081506,clear,20.0,23.0,0.04420681337048398,0.4130708019547314,61.28185034616084,1e-15,0.01,Gaussian Fitting,0.13006655677386952,65.03327745172862,True,False,True
12_clear_20_002,743081506,clear,20.0,23.0,0.04420681337048398,0.4130708019547314,61.28185034616084,1e-15,0.01,PSF Fitting,0.12645915279297446,63.22957551496065,True,False,True
12_clear_20_003,665068633,clear,20.0,23.0,0.04420681337048398,0.4130708019547314,61.1013396486453,1e-15,0.01,Intensity-Weighted Centroid,0.32240806718777526,161.20403230862445,True,False,True
12_clear_20_003,665068633,clear,20.0,23.0,0.04420681337048398,0.4130708019547314,61.1013396486453,1e-15,0.01,Gaussian Fitting,0.05895667545319344,29.478337659765312,True,False,True
12_clear_20_003,665068633,clear,20.0,23.0,0.04420681337048398,0.4130708019547314,61.1013396486453,1e-15,0.01,PSF Fitting,0.060991097187887255,30.495548526446758,True,False,True
12_clear_20_004,449200061,clear,20.0,23.0,0.04420681337048398,0.4130708019547314,63.1326271870864,1e-15,0.01,Intensity-Weighted Centroid,0.37002022610833984,185.01011266190037,True,False,True
12_clear_20_004,449200061,clear,20.0,23.0,0.04420681337048398,0.4130708019547314,63.1326271870864,1e-15,0.01,Gaussian Fitting,0.08046767780426363,40.23383879079739,True,False,True
12_clear_20_004,449200061,clear,20.0,23.0,0.04420681337048398,0.4130708019547314,63.1326271870864,1e-15,0.01,PSF Fitting,0.07204662925583168,36.02331452449366,True,False,True
12_clear_20_005,169732494,clear,20.0,23.0,0.04420681337048398,0.4130708019547314,59.692129943195134,1e-15,0.01,Intensity-Weighted Centroid,0.22866182967306956,114.33091427159758,True,False,True
12_clear_20_005,169732494,clear,20.0,23.0,0.04420681337048398,0.4130708019547314,59.692129943195134,1e-15,0.01,Gaussian Fitting,0.019023326089281603,9.5116630096592,True,False,True
12_clear_20_005,169732494,clear,20.0,23.0,0.04420681337048398,0.4130708019547314,59.692129943195134,1e-15,0.01,PSF Fitting,0.023804516075350265,11.902257989042042,True,False,True
12_clear_20_006,86415785,clear,20.0,23.0,0.04420681337048398,0.4130708019547314,62.06051560299156,1e-15,0.01,Intensity-Weighted Centroid,0.138402631305712,69.20131508248402,True,False,True
12_clear_20_006,86415785,clear,20.0,23.0,0.04420681337048398,0.4130708019547314,62.06051560299156,1e-15,0.01,Gaussian Fitting,0.06741406331927004,33.707030886501386,True,False,True
12_clear_20_006,86415785,clear,20.0,23.0,0.04420681337048398,0.4130708019547314,62.06051560299156,1e-15,0.01,PSF Fitting,0.0661077239843496,33.05386122662624,True,False,True
12_clear_20_007,786360439,clear,20.0,23.0,0.04420681337048398,0.4130708019547314,62.24930406149981,1e-15,0.01,Intensity-Weighted Centroid,0.32539147716476907,162.69573770573717,True,False,True
12_clear_20_007,786360439,clear,20.0,23.0,0.04420681337048398,0.4130708019547314,62.24930406149981,1e-15,0.01,Gaussian Fitting,0.1011003488330495,50.550174397611805,True,False,True
12_clear_20_007,786360439,clear,20.0,23.0,0.04420681337048398,0.4130708019547314,62.24930406149981,1e-15,0.01,PSF Fitting,0.09854838652309889,49.27419324255638,True,False,True
12_clear_20_008,765315508,clear,20.0,23.0,0.04420681337048398,0.4130708019547314,64.33314350823045,1e-15,0.01,Intensity-Weighted Centroid,0.27068169085494703,135.34084419081648,True,False,True
12_clear_20_008,765315508,clear,20.0,23.0,0.04420681337048398,0.4130708019547314,64.33314350823045,1e-15,0.01,Gaussian Fitting,0.1558492269715229,77.9246127399275,True,False,True
12_clear_20_008,765315508,clear,20.0,23.0,0.04420681337048398,0.4130708019547314,64.33314350823045,1e-15,0.01,PSF Fitting,0.15520529289997353,77.6026457046544,True,False,True
12_clear_20_009,500038534,clear,20.0,23.0,0.04420681337048398,0.4130708019547314,62.902411334075815,1e-15,0.01,Intensity-Weighted Centroid,0.33012472762767225,165.06236269068435,True,False,True
12_clear_20_009,500038534,clear,20.0,23.0,0.04420681337048398,0.4130708019547314,62.902411334075815,1e-15,0.01,Gaussian Fitting,0.08596937335046591,42.984686514718334,True,False,True
12_clear_20_009,500038534,clear,20.0,23.0,0.04420681337048398,0.4130708019547314,62.902411334075815,1e-15,0.01,PSF Fitting,0.0846365405110093,42.318270084946555,True,False,True
12_clear_20_010,40918450,clear,20.0,23.0,0.04420681337048398,0.4130708019547314,63.22101452675976,1e-15,0.01,Intensity-Weighted Centroid,0.41339612379951984,206.69805842580092,True,False,True
12_clear_20_010,40918450,clear,20.0,23.0,0.04420681337048398,0.4130708019547314,63.22101452675976,1e-15,0.01,Gaussian Fitting,0.07830582151859536,39.152909492995626,True,False,True
12_clear_20_010,40918450,clear,20.0,23.0,0.04420681337048398,0.4130708019547314,63.22101452675976,1e-15,0.01,PSF Fitting,0.0772982780156534,38.64913775437252,True,False,True
12_clear_20_011,232505305,clear,20.0,23.0,0.04420681337048398,0.4130708019547314,62.76229978470427,1e-15,0.01,Intensity-Weighted Centroid,0.6453279216505207,322.66395659304595,True,False,True
12_clear_20_011,232505305,clear,20.0,23.0,0.04420681337048398,0.4130708019547314,62.76229978470427,1e-15,0.01,Gaussian Fitting,0.018046526264483283,9.02326307231961,True,False,True
12_clear_20_011,232505305,clear,20.0,23.0,0.04420681337048398,0.4130708019547314,62.76229978470427,1e-15,0.01,PSF Fitting,0.017132038214358984,8.566019046866675,True,False,True
12_clear_20_012,747053698,clear,20.0,23.0,0.04420681337048398,0.4130708019547314,62.74266023725972,1e-15,0.01,Intensity-Weighted Centroid,0.32663418933769395,163.31709394192396,True,False,True
12_clear_20_012,747053698,clear,20.0,23.0,0.04420681337048398,0.4130708019547314,62.74266023725972,1e-15,0.01,Gaussian Fitting,0.13557662415603702,67.7883118808584,True,False,True
12_clear_20_012,747053698,clear,20.0,23.0,0.04420681337048398,0.4130708019547314,62.74266023725972,1e-15,0.01,PSF Fitting,0.13561623603898706,67.80811782049723,True,False,True
12_clear_20_013,297370830,clear,20.0,23.0,0.04420681337048398,0.4130708019547314,62.335999799813685,1e-15,0.01,Intensity-Weighted Centroid,0.25484163129761755,127.42081488307721,True,False,True
12_clear_20_013,297370830,clear,20.0,23.0,0.04420681337048398,0.4130708019547314,62.335999799813685,1e-15,0.01,Gaussian Fitting,0.11867720582490844,59.33860230643207,True,False,True
12_clear_20_013,297370830,clear,20.0,23.0,0.04420681337048398,0.4130708019547314,62.335999799813685,1e-15,0.01,PSF Fitting,0.11875786478601572,59.37893178708202,True,False,True
12_clear_20_014,102575807,clear,20.0,23.0,0.04420681337048398,0.4130708019547314,61.65192469986164,1e-15,0.01,Intensity-Weighted Centroid,0.2828744648433268,141.4372315843984,True,False,True
12_clear_20_014,102575807,clear,20.0,23.0,0.04420681337048398,0.4130708019547314,61.65192469986164,1e-15,0.01,Gaussian Fitting,0.10916272130209688,54.581360433274604,True,False,True
12_clear_20_014,102575807,clear,20.0,23.0,0.04420681337048398,0.4130708019547314,61.65192469986164,1e-15,0.01,PSF Fitting,0.11325616336902807,56.62808145641162,True,False,True
12_clear_20_015,14080786,clear,20.0,23.0,0.04420681337048398,0.4130708019547314,63.39031463481462,1e-15,0.01,Intensity-Weighted Centroid,0.21026951698206103,105.13475782285151,True,False,True
12_clear_20_015,14080786,clear,20.0,23.0,0.04420681337048398,0.4130708019547314,63.39031463481462,1e-15,0.01,Gaussian Fitting,0.014540265196647573,7.2701325460549056,True,False,True
12_clear_20_015,14080786,clear,20.0,23.0,0.04420681337048398,0.4130708019547314,63.39031463481462,1e-15,0.01,PSF Fitting,0.013369791253782784,6.684895559215283,True,False,True
12_clear_20_016,310990983,clear,20.0,23.0,0.04420681337048398,0.4130708019547314,64.69852194130893,1e-15,0.01,Intensity-Weighted Centroid,0.18303690691895083,91.51845339412867,True,False,True
12_clear_20_016,310990983,clear,20.0,23.0,0.04420681337048398,0.4130708019547314,64.69852194130893,1e-15,0.01,Gaussian Fitting,0.03372933435085872,16.864667145862974,True,False,True
12_clear_20_016,310990983,clear,20.0,23.0,0.04420681337048398,0.4130708019547314,64.69852194130893,1e-15,0.01,PSF Fitting,0.03477283831545242,17.38641912816592,True,False,True
12_clear_20_017,525700912,clear,20.0,23.0,0.04420681337048398,0.4130708019547314,63.27112086261955,1e-15,0.01,Intensity-Weighted Centroid,0.048649918748708026,24.324959209559314,True,False,True
12_clear_20_017,525700912,clear,20.0,23.0,0.04420681337048398,0.4130708019547314,63.27112086261955,1e-15,0.01,Gaussian Fitting,0.11626271445279164,58.13135574316792,True,False,True
12_clear_20_017,525700912,clear,20.0,23.0,0.04420681337048398,0.4130708019547314,63.27112086261955,1e-15,0.01,PSF Fitting,0.11493875337533677,57.469375209953455,True,False,True
12_clear_20_018,476210984,clear,20.0,23.0,0.04420681337048398,0.4130708019547314,59.39678944570618,1e-15,0.01,Intensity-Weighted Centroid,0.36298498435539467,181.49249166596624,True,False,True
12_clear_20_018,476210984,clear,20.0,23.0,0.04420681337048398,0.4130708019547314,59.39678944570618,1e-15,0.01,Gaussian Fitting,0.0683612543364979,34.180626929799836,True,False,True
12_clear_20_018,476210984,clear,20.0,23.0,0.04420681337048398,0.4130708019547314,59.39678944570618,1e-15,0.01,PSF Fitting,0.06469705430381907,32.34852693314458,True,False,True
12_clear_20_019,12178939,clear,20.0,23.0,0.04420681337048398,0.4130708019547314,62.25694469228166,1e-15,0.01,Intensity-Weighted Centroid,0.6058680998305085,302.9340477543885,True,False,True
12_clear_20_019,12178939,clear,20.0,23.0,0.04420681337048398,0.4130708019547314,62.25694469228166,1e-15,0.01,Gaussian Fitting,0.12840446432247746,64.20223212926429,True,False,True
12_clear_20_019,12178939,clear,20.0,23.0,0.04420681337048398,0.4130708019547314,62.25694469228166,1e-15,0.01,PSF Fitting,0.12717905871122234,63.58952932383817,True,False,True
12_clear_20_020,11473535,clear,20.0,23.0,0.04420681337048398,0.4130708019547314,62.28822715460131,1e-15,0.01,Intensity-Weighted Centroid,0.6005504814574842,300.2752385846944,True,False,True
12_clear_20_020,11473535,clear,20.0,23.0,0.04420681337048398,0.4130708019547314,62.28822715460131,1e-15,0.01,Gaussian Fitting,0.12546010027088925,62.73004976747442,True,False,True
12_clear_20_020,11473535,clear,20.0,23.0,0.04420681337048398,0.4130708019547314,62.28822715460131,1e-15,0.01,PSF Fitting,0.12642418322906537,63.21209124649771,True,False,True
12_clear_20_021,648960897,clear,20.0,23.0,0.04420681337048398,0.4130708019547314,62.040500752338005,1e-15,0.01,Intensity-Weighted Centroid,0.23756896444088127,118.78448129953568,True,False,True
12_clear_20_021,648960897,clear,20.0,23.0,0.04420681337048398,0.4130708019547314,62.040500752338005,1e-15,0.01,Gaussian Fitting,0.027734784673826125,13.867392318939304,True,False,True
12_clear_20_021,648960897,clear,20.0,23.0,0.04420681337048398,0.4130708019547314,62.040500752338005,1e-15,0.01,PSF Fitting,0.028440742008882084,14.220370986386119,True,False,True
12_clear_20_022,877870917,clear,20.0,23.0,0.04420681337048398,0.4130708019547314,60.15434315908361,1e-15,0.01,Intensity-Weighted Centroid,0.45500309795398197,227.50154685668358,True,False,True
12_clear_20_022,877870917,clear,20.0,23.0,0.04420681337048398,0.4130708019547314,60.15434315908361,1e-15,0.01,Gaussian Fitting,0.10733450242241697,53.66725117233178,True,False,True
12_clear_20_022,877870917,clear,20.0,23.0,0.04420681337048398,0.4130708019547314,60.15434315908361,1e-15,0.01,PSF Fitting,0.10546103766540355,52.7305187933842,True,False,True
12_clear_20_023,866733191,clear,20.0,23.0,0.04420681337048398,0.4130708019547314,66.96558663363986,1e-15,0.01,Intensity-Weighted Centroid,0.33551050324165443,167.75525029202,True,False,True
12_clear_20_023,866733191,clear,20.0,23.0,0.04420681337048398,0.4130708019547314,66.96558663363986,1e-15,0.01,Gaussian Fitting,0.03991290173772323,19.956450290855667,True,False,True
12_clear_20_023,866733191,clear,20.0,23.0,0.04420681337048398,0.4130708019547314,66.96558663363986,1e-15,0.01,PSF Fitting,0.041256084506498356,20.628041696364747,True,False,True
12_clear_20_024,213371642,clear,20.0,23.0,0.04420681337048398,0.4130708019547314,61.81468736812215,1e-15,0.01,Intensity-Weighted Centroid,0.37216823735127125,186.08411808440408,True,False,True
12_clear_20_024,213371642,clear,20.0,23.0,0.04420681337048398,0.4130708019547314,61.81468736812215,1e-15,0.01,Gaussian Fitting,0.07098814688183329,35.49407320964968,True,False,True
12_clear_20_024,213371642,clear,20.0,23.0,0.04420681337048398,0.4130708019547314,61.81468736812215,1e-15,0.01,PSF Fitting,0.07110265469148135,35.55132712039927,True,False,True
12_clear_20_025,14008326,clear,20.0,23.0,0.04420681337048398,0.4130708019547314,61.10153620171898,1e-15,0.01,Intensity-Weighted Centroid,0.5555996317997743,277.7998135122278,True,False,True
12_clear_20_025,14008326,clear,20.0,23.0,0.04420681337048398,0.4130708019547314,61.10153620171898,1e-15,0.01,Gaussian Fitting,0.055982389027998944,27.991193895130266,True,False,True
12_clear_20_025,14008326,clear,20.0,23.0,0.04420681337048398,0.4130708019547314,61.10153620171898,1e-15,0.01,PSF Fitting,0.056202956709299236,28.10147772682338,True,False,True
12_clear_20_026,346831308,clear,20.0,23.0,0.04420681337048398,0.4130708019547314,61.76349416695535,1e-15,0.01,Intensity-Weighted Centroid,0.43867940426017143,219.33969115743955,True,False,True
12_clear_20_026,346831308,clear,20.0,23.0,0.04420681337048398,0.4130708019547314,61.76349416695535,1e-15,0.01,Gaussian Fitting,0.03091730185913073,15.45864939267752,True,False,True
12_clear_20_026,346831308,clear,20.0,23.0,0.04420681337048398,0.4130708019547314,61.76349416695535,1e-15,0.01,PSF Fitting,0.03075218163834705,15.376089321910847,True,False,True
12_clear_20_027,225144982,clear,20.0,23.0,0.04420681337048398,0.4130708019547314,61.93740081817904,1e-15,0.01,Intensity-Weighted Centroid,0.4197407066518283,209.87033792549965,True,False,True
12_clear_20_027,225144982,clear,20.0,23.0,0.04420681337048398,0.4130708019547314,61.93740081817904,1e-15,0.01,Gaussian Fitting,0.11889213827214946,59.44606672160808,True,False,True
12_clear_20_027,225144982,clear,20.0,23.0,0.04420681337048398,0.4130708019547314,61.93740081817904,1e-15,0.01,PSF Fitting,0.11832681868835666,59.16340703057845,True,False,True
12_clear_20_028,90597328,clear,20.0,23.0,0.04420681337048398,0.4130708019547314,60.88360201893943,1e-15,0.01,Intensity-Weighted Centroid,0.46512466512405337,232.5623263535374,True,False,True
12_clear_20_028,90597328,clear,20.0,23.0,0.04420681337048398,0.4130708019547314,60.88360201893943,1e-15,0.01,Gaussian Fitting,0.040285297040413406,20.1426482096474,True,False,True
12_clear_20_028,90597328,clear,20.0,23.0,0.04420681337048398,0.4130708019547314,60.88360201893943,1e-15,0.01,PSF Fitting,0.03607709025731956,18.038544857734063,True,False,True
12_clear_20_029,734748530,clear,20.0,23.0,0.04420681337048398,0.4130708019547314,62.834173158848635,1e-15,0.01,Intensity-Weighted Centroid,0.73829562329836,369.1478077622061,True,False,True
12_clear_20_029,734748530,clear,20.0,23.0,0.04420681337048398,0.4130708019547314,62.834173158848635,1e-15,0.01,Gaussian Fitting,0.08712015577558384,43.56007781293978,True,False,True
12_clear_20_029,734748530,clear,20.0,23.0,0.04420681337048398,0.4130708019547314,62.834173158848635,1e-15,0.01,PSF Fitting,0.08829264096028934,44.14632039060882,True,False,True
12_haze_1_000,433898281,haze,1.0,5.0,0.27738730864459293,0.7577609529004794,114.41007085664526,5e-14,0.15,Intensity-Weighted Centroid,0.058787143283567954,29.393571623945302,True,False,True
12_haze_1_000,433898281,haze,1.0,5.0,0.27738730864459293,0.7577609529004794,114.41007085664526,5e-14,0.15,Gaussian Fitting,0.04231546178879423,21.15773087649896,True,False,True
12_haze_1_000,433898281,haze,1.0,5.0,0.27738730864459293,0.7577609529004794,114.41007085664526,5e-14,0.15,PSF Fitting,0.042571010591510444,21.285505277556936,True,False,True
12_haze_1_001,335889589,haze,1.0,5.0,0.27738730864459293,0.7577609529004794,117.6433256914768,5e-14,0.15,Intensity-Weighted Centroid,0.033188408349425116,16.594204156224983,True,False,True
12_haze_1_001,335889589,haze,1.0,5.0,0.27738730864459293,0.7577609529004794,117.6433256914768,5e-14,0.15,Gaussian Fitting,0.09151544524290808,45.757722586763386,True,False,True
12_haze_1_001,335889589,haze,1.0,5.0,0.27738730864459293,0.7577609529004794,117.6433256914768,5e-14,0.15,PSF Fitting,0.09232368833639569,46.16184413340409,True,False,True
12_haze_1_002,13023003,haze,1.0,5.0,0.27738730864459293,0.7577609529004794,118.00641272020077,5e-14,0.15,Intensity-Weighted Centroid,0.1450350076264625,72.51750235106192,True,False,True
12_haze_1_002,13023003,haze,1.0,5.0,0.27738730864459293,0.7577609529004794,118.00641272020077,5e-14,0.15,Gaussian Fitting,0.04630860526270522,23.15430253613046,True,False,True
12_haze_1_002,13023003,haze,1.0,5.0,0.27738730864459293,0.7577609529004794,118.00641272020077,5e-14,0.15,PSF Fitting,0.04440500821302895,22.202504019655365,True,False,True
12_haze_1_003,988373044,haze,1.0,5.0,0.27738730864459293,0.7577609529004794,113.86313976532833,5e-14,0.15,Intensity-Weighted Centroid,0.21619436929070482,108.09718144451374,True,False,True
12_haze_1_003,988373044,haze,1.0,5.0,0.27738730864459293,0.7577609529004794,113.86313976532833,5e-14,0.15,Gaussian Fitting,0.03752833983042005,18.764169888816145,True,False,True
12_haze_1_003,988373044,haze,1.0,5.0,0.27738730864459293,0.7577609529004794,113.86313976532833,5e-14,0.15,PSF Fitting,0.03757766588632577,18.788832917376865,True,False,True
12_haze_1_004,293623321,haze,1.0,5.0,0.27738730864459293,0.7577609529004794,112.15098439544597,5e-14,0.15,Intensity-Weighted Centroid,0.37076480704032916,185.38240197858678,True,False,True
12_haze_1_004,293623321,haze,1.0,5.0,0.27738730864459293,0.7577609529004794,112.15098439544597,5e-14,0.15,Gaussian Fitting,0.06879856650916867,34.39928257002801,True,False,True
12_haze_1_004,293623321,haze,1.0,5.0,0.27738730864459293,0.7577609529004794,112.15098439544597,5e-14,0.15,PSF Fitting,0.06907295000490876,34.53647432421247,True,False,True
12_haze_1_005,304882822,haze,1.0,5.0,0.27738730864459293,0.7577609529004794,111.03802076269614,5e-14,0.15,Intensity-Weighted Centroid,0.16050538127059422,80.25268893960924,True,False,True
12_haze_1_005,304882822,haze,1.0,5.0,0.27738730864459293,0.7577609529004794,111.03802076269614,5e-14,0.15,Gaussian Fitting,0.154403424702436,77.20171098996006,True,False,True
12_haze_1_005,304882822,haze,1.0,5.0,0.27738730864459293,0.7577609529004794,111.03802076269614,5e-14,0.15,PSF Fitting,0.1557824001990078,77.89119872618176,True,False,True
12_haze_1_006,669085632,haze,1.0,5.0,0.27738730864459293,0.7577609529004794,112.23391587484375,5e-14,0.15,Intensity-Weighted Centroid,0.14185999001217367,70.92999446606852,True,False,True
12_haze_1_006,669085632,haze,1.0,5.0,0.27738730864459293,0.7577609529004794,112.23391587484375,5e-14,0.15,Gaussian Fitting,0.08271670811716064,41.35835350775147,True,False,True
12_haze_1_006,669085632,haze,1.0,5.0,0.27738730864459293,0.7577609529004794,112.23391587484375,5e-14,0.15,PSF Fitting,0.08262985974312888,41.31492932412873,True,False,True
12_haze_1_007,504400307,haze,1.0,5.0,0.27738730864459293,0.7577609529004794,111.61689872891269,5e-14,0.15,Intensity-Weighted Centroid,0.47291216895450555,236.45607222200607,True,False,True
12_haze_1_007,504400307,haze,1.0,5.0,0.27738730864459293,0.7577609529004794,111.61689872891269,5e-14,0.15,Gaussian Fitting,0.027066333116591363,13.53316640943839,True,False,True
12_haze_1_007,504400307,haze,1.0,5.0,0.27738730864459293,0.7577609529004794,111.61689872891269,5e-14,0.15,PSF Fitting,0.026730442764327754,13.365221231649288,True,False,True
12_haze_1_008,799861063,haze,1.0,5.0,0.27738730864459293,0.7577609529004794,115.08307344811963,5e-14,0.15,Intensity-Weighted Centroid,0.14072056872061872,70.36028203317939,True,False,True
12_haze_1_008,799861063,haze,1.0,5.0,0.27738730864459293,0.7577609529004794,115.08307344811963,5e-14,0.15,Gaussian Fitting,0.05619893748667371,28.09946829769341,True,False,True
12_haze_1_008,799861063,haze,1.0,5.0,0.27738730864459293,0.7577609529004794,115.08307344811963,5e-14,0.15,PSF Fitting,0.05691104174124672,28.455520420515644,True,False,True
12_haze_1_009,119548256,haze,1.0,5.0,0.27738730864459293,0.7577609529004794,115.82236652808739,5e-14,0.15,Intensity-Weighted Centroid,0.2505397586969926,125.26987601221946,True,False,True
12_haze_1_009,119548256,haze,1.0,5.0,0.27738730864459293,0.7577609529004794,115.82236652808739,5e-14,0.15,Gaussian Fitting,0.013969648458813476,6.984824166058516,True,False,True
12_haze_1_009,119548256,haze,1.0,5.0,0.27738730864459293,0.7577609529004794,115.82236652808739,5e-14,0.15,PSF Fitting,0.012007628468256358,6.003814180714468,True,False,True
12_haze_1_010,982685978,haze,1.0,5.0,0.27738730864459293,0.7577609529004794,118.08060741657445,5e-14,0.15,Intensity-Weighted Centroid,0.08633294588646251,43.166472631770915,True,False,True
12_haze_1_010,982685978,haze,1.0,5.0,0.27738730864459293,0.7577609529004794,118.08060741657445,5e-14,0.15,Gaussian Fitting,0.052680309129758136,26.340154186321172,True,False,True
12_haze_1_010,982685978,haze,1.0,5.0,0.27738730864459293,0.7577609529004794,118.08060741657445,5e-14,0.15,PSF Fitting,0.05248684635674612,26.243422801915642,True,False,True
12_haze_1_011,210310075,haze,1.0,5.0,0.27738730864459293,0.7577609529004794,112.34777105431725,5e-14,0.15,Intensity-Weighted Centroid,0.10391428788541661,51.95714390303885,True,False,True
12_haze_1_011,210310075,haze,1.0,5.0,0.27738730864459293,0.7577609529004794,112.34777105431725,5e-14,0.15,Gaussian Fitting,0.03762027209893808,18.810135969452816,True,False,True
12_haze_1_011,210310075,haze,1.0,5.0,0.27738730864459293,0.7577609529004794,112.34777105431725,5e-14,0.15,PSF Fitting,0.03886692044341575,19.433460133830977,True,False,True
12_haze_1_012,593049799,haze,1.0,5.0,0.27738730864459293,0.7577609529004794,113.39715757519048,5e-14,0.15,Intensity-Weighted Centroid,0.32587432368975017,162.93716144447947,True,False,True
12_haze_1_012,593049799,haze,1.0,5.0,0.27738730864459293,0.7577609529004794,113.39715757519048,5e-14,0.15,Gaussian Fitting,0.07314027787082165,36.57013869709803,True,False,True
12_haze_1_012,593049799,haze,1.0,5.0,0.27738730864459293,0.7577609529004794,113.39715757519048,5e-14,0.15,PSF Fitting,0.07455938935013484,37.27969443360567,True,False,True
12_haze_1_013,518418482,haze,1.0,5.0,0.27738730864459293,0.7577609529004794,113.91130139140228,5e-14,0.15,Intensity-Weighted Centroid,0.18391076647586252,91.95538093861417,True,False,True
12_haze_1_013,518418482,haze,1.0,5.0,0.27738730864459293,0.7577609529004794,113.91130139140228,5e-14,0.15,Gaussian Fitting,0.07499328104576125,37.49664034349404,True,False,True
12_haze_1_013,518418482,haze,1.0,5.0,0.27738730864459293,0.7577609529004794,113.91130139140228,5e-14,0.15,PSF Fitting,0.07427214540859867,37.13607254158214,True,False,True
12_haze_1_014,758352306,haze,1.0,5.0,0.27738730864459293,0.7577609529004794,104.9478596093384,5e-14,0.15,Intensity-Weighted Centroid,0.45376169522176596,226.88079904325065,True,False,True
12_haze_1_014,758352306,haze,1.0,5.0,0.27738730864459293,0.7577609529004794,104.9478596093384,5e-14,0.15,Gaussian Fitting,0.012099144944732071,6.049571716686275,True,False,True
12_haze_1_014,758352306,haze,1.0,5.0,0.27738730864459293,0.7577609529004794,104.9478596093384,5e-14,0.15,PSF Fitting,0.01299268827631278,6.496343587479013,True,False,True
12_haze_1_015,538938202,haze,1.0,5.0,0.27738730864459293,0.7577609529004794,112.02486482376506,5e-14,0.15,Intensity-Weighted Centroid,0.16804242658553434,84.0212130869898,True,False,True
12_haze_1_015,538938202,haze,1.0,5.0,0.27738730864459293,0.7577609529004794,112.02486482376506,5e-14,0.15,Gaussian Fitting,0.04591640850791132,22.958204173268722,True,False,True
12_haze_1_015,538938202,haze,1.0,5.0,0.27738730864459293,0.7577609529004794,112.02486482376506,5e-14,0.15,PSF Fitting,0.0453280104608223,22.664005150185204,True,False,True
12_haze_1_016,129092958,haze,1.0,5.0,0.27738730864459293,0.7577609529004794,111.16244709998806,5e-14,0.15,Intensity-Weighted Centroid,0.07442947940603965,37.21473914989109,True,False,True
12_haze_1_016,129092958,haze,1.0,5.0,0.27738730864459293,0.7577609529004794,111.16244709998806,5e-14,0.15,Gaussian Fitting,0.019790929180596023,9.895464510426683,True,False,True
12_haze_1_016,129092958,haze,1.0,5.0,0.27738730864459293,0.7577609529004794,111.16244709998806,5e-14,0.15,PSF Fitting,0.017807849443259586,8.903924619782044,True,False,True
12_haze_1_017,458324062,haze,1.0,5.0,0.27738730864459293,0.7577609529004794,113.6385474643324,5e-14,0.15,Intensity-Weighted Centroid,0.5990155865752421,299.5077905976075,True,False,True
12_haze_1_017,458324062,haze,1.0,5.0,0.27738730864459293,0.7577609529004794,113.6385474643324,5e-14,0.15,Gaussian Fitting,0.06565933782233452,32.829668543455284,True,False,True
12_haze_1_017,458324062,haze,1.0,5.0,0.27738730864459293,0.7577609529004794,113.6385474643324,5e-14,0.15,PSF Fitting,0.0652738165707254,32.636907920204756,True,False,True
12_haze_1_018,589284082,haze,1.0,5.0,0.27738730864459293,0.7577609529004794,116.22591080023643,5e-14,0.15,Intensity-Weighted Centroid,0.15221099328170898,76.10549625335432,True,False,True
12_haze_1_018,589284082,haze,1.0,5.0,0.27738730864459293,0.7577609529004794,116.22591080023643,5e-14,0.15,Gaussian Fitting,0.03627482659664312,18.137412975724462,True,False,True
12_haze_1_018,589284082,haze,1.0,5.0,0.27738730864459293,0.7577609529004794,116.22591080023643,5e-14,0.15,PSF Fitting,0.03670093538710389,18.35046737217757,True,False,True
12_haze_1_019,180313538,haze,1.0,5.0,0.27738730864459293,0.7577609529004794,113.81329162703311,5e-14,0.15,Intensity-Weighted Centroid,0.373634643926195,186.81731962539558,True,False,True
12_haze_1_019,180313538,haze,1.0,5.0,0.27738730864459293,0.7577609529004794,113.81329162703311,5e-14,0.15,Gaussian Fitting,0.055951247050490045,27.975623519540314,True,False,True
12_haze_1_019,180313538,haze,1.0,5.0,0.27738730864459293,0.7577609529004794,113.81329162703311,5e-14,0.15,PSF Fitting,0.05694129203051756,28.470646009550375,True,False,True
12_haze_1_020,395254128,haze,1.0,5.0,0.27738730864459293,0.7577609529004794,110.04886064297283,5e-14,0.15,Intensity-Weighted Centroid,0.49901878147848727,249.50938973232658,True,False,True
12_haze_1_020,395254128,haze,1.0,5.0,0.27738730864459293,0.7577609529004794,110.04886064297283,5e-14,0.15,Gaussian Fitting,0.06579656489062793,32.898282357567645,True,False,True
12_haze_1_020,395254128,haze,1.0,5.0,0.27738730864459293,0.7577609529004794,110.04886064297283,5e-14,0.15,PSF Fitting,0.06460350883819962,32.301754332446954,True,False,True
12_haze_1_021,474280538,haze,1.0,5.0,0.27738730864459293,0.7577609529004794,118.88305056550455,5e-14,0.15,Intensity-Weighted Centroid,0.23290437047815607,116.45218322334183,True,False,True
12_haze_1_021,474280538,haze,1.0,5.0,0.27738730864459293,0.7577609529004794,118.88305056550455,5e-14,0.15,Gaussian Fitting,0.09777688909250357,48.88844294598173,True,False,True
12_haze_1_021,474280538,haze,1.0,5.0,0.27738730864459293,0.7577609529004794,118.88305056550455,5e-14,0.15,PSF Fitting,0.09700260382070662,48.50130032356237,True,False,True
12_haze_1_022,497779709,haze,1.0,5.0,0.27738730864459293,0.7577609529004794,115.63949862538283,5e-14,0.15,Intensity-Weighted Centroid,0.1996013086676317,99.80065312803026,True,False,True
12_haze_1_022,497779709,haze,1.0,5.0,0.27738730864459293,0.7577609529004794,115.63949862538283,5e-14,0.15,Gaussian Fitting,0.06898104889618391,34.49052086276141,True,False,True
12_haze_1_022,497779709,haze,1.0,5.0,0.27738730864459293,0.7577609529004794,115.63949862538283,5e-14,0.15,PSF Fitting,0.06859320856381766,34.29660072894306,True,False,True
12_haze_1_023,308004102,haze,1.0,5.0,0.27738730864459293,0.7577609529004794,115.75083579288749,5e-14,0.15,Intensity-Weighted Centroid,0.2539200170542287,126.96000555511658,True,False,True
12_haze_1_023,308004102,haze,1.0,5.0,0.27738730864459293,0.7577609529004794,115.75083579288749,5e-14,0.15,Gaussian Fitting,0.019370563839952833,9.685281523526074,True,False,True
12_haze_1_023,308004102,haze,1.0,5.0,0.27738730864459293,0.7577609529004794,115.75083579288749,5e-14,0.15,PSF Fitting,0.019204919899628803,9.60245956049183,True,False,True
12_haze_1_024,95848216,haze,1.0,5.0,0.27738730864459293,0.7577609529004794,112.41364586310418,5e-14,0.15,Intensity-Weighted Centroid,0.19229857731520594,96.14928775660549,True,False,True
12_haze_1_024,95848216,haze,1.0,5.0,0.27738730864459293,0.7577609529004794,112.41364586310418,5e-14,0.15,Gaussian Fitting,0.037153379506399575,18.576689707752976,True,False,True
12_haze_1_024,95848216,haze,1.0,5.0,0.27738730864459293,0.7577609529004794,112.41364586310418,5e-14,0.15,PSF Fitting,0.037466131846571195,18.73306587744145,True,False,True
12_haze_1_025,467495716,haze,1.0,5.0,0.27738730864459293,0.7577609529004794,112.94084048496839,5e-14,0.15,Intensity-Weighted Centroid,0.06400558156392595,32.00279014441287,True,False,True
12_haze_1_025,467495716,haze,1.0,5.0,0.27738730864459293,0.7577609529004794,112.94084048496839,5e-14,0.15,Gaussian Fitting,0.04009168951387757,20.04584460291663,True,False,True
12_haze_1_025,467495716,haze,1.0,5.0,0.27738730864459293,0.7577609529004794,112.94084048496839,5e-14,0.15,PSF Fitting,0.04172391908502977,20.8619593808257,True,False,True
12_haze_1_026,138505117,haze,1.0,5.0,0.27738730864459293,0.7577609529004794,113.08849753117241,5e-14,0.15,Intensity-Weighted Centroid,0.23764615056254831,118.82307503603496,True,False,True
12_haze_1_026,138505117,haze,1.0,5.0,0.27738730864459293,0.7577609529004794,113.08849753117241,5e-14,0.15,Gaussian Fitting,0.01672534625595143,8.362673069264956,True,False,True
12_haze_1_026,138505117,haze,1.0,5.0,0.27738730864459293,0.7577609529004794,113.08849753117241,5e-14,0.15,PSF Fitting,0.016607099307732034,8.303549594753145,True,False,True
12_haze_1_027,316109476,haze,1.0,5.0,0.27738730864459293,0.7577609529004794,116.76645602594846,5e-14,0.15,Intensity-Weighted Centroid,0.41858373731118914,209.29184387382702,True,False,True
12_haze_1_027,316109476,haze,1.0,5.0,0.27738730864459293,0.7577609529004794,116.76645602594846,5e-14,0.15,Gaussian Fitting,0.0074870134191182955,3.7435064916638794,True,False,True
12_haze_1_027,316109476,haze,1.0,5.0,0.27738730864459293,0.7577609529004794,116.76645602594846,5e-14,0.15,PSF Fitting,0.005596837974215913,2.798418823704853,True,False,True
12_haze_1_028,30708676,haze,1.0,5.0,0.27738730864459293,0.7577609529004794,109.36752718618389,5e-14,0.15,Intensity-Weighted Centroid,0.27924324254181176,139.6216204777756,True,False,True
12_haze_1_028,30708676,haze,1.0,5.0,0.27738730864459293,0.7577609529004794,109.36752718618389,5e-14,0.15,Gaussian Fitting,0.014263158562948616,7.131579197099189,True,False,True
12_haze_1_028,30708676,haze,1.0,5.0,0.27738730864459293,0.7577609529004794,109.36752718618389,5e-14,0.15,PSF Fitting,0.013423415837372039,6.711707854773268,True,False,True
12_haze_1_029,367806176,haze,1.0,5.0,0.27738730864459293,0.7577609529004794,113.84307155059123,5e-14,0.15,Intensity-Weighted Centroid,0.5077458463600392,253.87289494909973,True,False,True
12_haze_1_029,367806176,haze,1.0,5.0,0.27738730864459293,0.7577609529004794,113.84307155059123,5e-14,0.15,Gaussian Fitting,0.00865249966641407,4.326249381869553,True,False,True
12_haze_1_029,367806176,haze,1.0,5.0,0.27738730864459293,0.7577609529004794,113.84307155059123,5e-14,0.15,PSF Fitting,0.008499024053708065,4.249511589957225,True,False,True
12_haze_2_000,493896416,haze,2.0,5.0,0.27738730864459293,0.5742016617406426,83.81601982198036,5e-14,0.15,Intensity-Weighted Centroid,0.5548464833336543,277.42323429140026,True,False,True
12_haze_2_000,493896416,haze,2.0,5.0,0.27738730864459293,0.5742016617406426,83.81601982198036,5e-14,0.15,Gaussian Fitting,0.06607982901847748,33.039912638082335,True,False,True
12_haze_2_000,493896416,haze,2.0,5.0,0.27738730864459293,0.5742016617406426,83.81601982198036,5e-14,0.15,PSF Fitting,0.06720954189078487,33.60476906932048,True,False,True
12_haze_2_001,120488591,haze,2.0,5.0,0.27738730864459293,0.5742016617406426,86.15049631234697,5e-14,0.15,Intensity-Weighted Centroid,0.274655925363733,137.32795924018566,True,False,True
12_haze_2_001,120488591,haze,2.0,5.0,0.27738730864459293,0.5742016617406426,86.15049631234697,5e-14,0.15,Gaussian Fitting,0.02511789514978014,12.558947141848773,True,False,True
12_haze_2_001,120488591,haze,2.0,5.0,0.27738730864459293,0.5742016617406426,86.15049631234697,5e-14,0.15,PSF Fitting,0.023512663356977,11.756331279368704,True,False,True
12_haze_2_002,36206605,haze,2.0,5.0,0.27738730864459293,0.5742016617406426,84.47595627372459,5e-14,0.15,Intensity-Weighted Centroid,0.274726873717584,137.36343665096322,True,False,True
12_haze_2_002,36206605,haze,2.0,5.0,0.27738730864459293,0.5742016617406426,84.47595627372459,5e-14,0.15,Gaussian Fitting,0.05523133444972792,27.615667191413234,True,False,True
12_haze_2_002,36206605,haze,2.0,5.0,0.27738730864459293,0.5742016617406426,84.47595627372459,5e-14,0.15,PSF Fitting,0.05435229998893373,27.176149959827796,True,False,True
12_haze_2_003,399318186,haze,2.0,5.0,0.27738730864459293,0.5742016617406426,85.99676338516707,5e-14,0.15,Intensity-Weighted Centroid,0.3378173045904835,168.90865040322305,True,False,True
12_haze_2_003,399318186,haze,2.0,5.0,0.27738730864459293,0.5742016617406426,85.99676338516707,5e-14,0.15,Gaussian Fitting,0.04828646448019908,24.143232199203496,True,False,True
12_haze_2_003,399318186,haze,2.0,5.0,0.27738730864459293,0.5742016617406426,85.99676338516707,5e-14,0.15,PSF Fitting,0.048726270111573544,24.363135012329508,True,False,True
12_haze_2_004,191503199,haze,2.0,5.0,0.27738730864459293,0.5742016617406426,90.68800367579298,5e-14,0.15,Intensity-Weighted Centroid,0.06723602648655637,33.618013205860464,True,False,True
12_haze_2_004,191503199,haze,2.0,5.0,0.27738730864459293,0.5742016617406426,90.68800367579298,5e-14,0.15,Gaussian Fitting,0.049424399804748095,24.712199812968304,True,False,True
12_haze_2_004,191503199,haze,2.0,5.0,0.27738730864459293,0.5742016617406426,90.68800367579298,5e-14,0.15,PSF Fitting,0.05001912853864684,25.00956418284958,True,False,True
12_haze_2_005,833958885,haze,2.0,5.0,0.27738730864459293,0.5742016617406426,82.60225680732023,5e-14,0.15,Intensity-Weighted Centroid,0.22132159425289033,110.6607944616053,True,False,True
12_haze_2_005,833958885,haze,2.0,5.0,0.27738730864459293,0.5742016617406426,82.60225680732023,5e-14,0.15,Gaussian Fitting,0.12544300074249065,62.721499431919455,True,False,True
12_haze_2_005,833958885,haze,2.0,5.0,0.27738730864459293,0.5742016617406426,82.60225680732023,5e-14,0.15,PSF Fitting,0.12499406181862852,62.49702997459919,True,False,True
12_haze_2_006,283788568,haze,2.0,5.0,0.27738730864459293,0.5742016617406426,88.08947772507194,5e-14,0.15,Intensity-Weighted Centroid,0.4368947215581677,218.4473577217961,True,False,True
12_haze_2_006,283788568,haze,2.0,5.0,0.27738730864459293,0.5742016617406426,88.08947772507194,5e-14,0.15,Gaussian Fitting,0.008237505975384656,4.118752987296631,True,False,True
12_haze_2_006,283788568,haze,2.0,5.0,0.27738730864459293,0.5742016617406426,88.08947772507194,5e-14,0.15,PSF Fitting,0.0055044314080126685,2.752215703769561,True,False,True
12_haze_2_007,876762273,haze,2.0,5.0,0.27738730864459293,0.5742016617406426,84.51711326832353,5e-14,0.15,Intensity-Weighted Centroid,0.30283050985279675,151.41525277124936,True,False,True
12_haze_2_007,876762273,haze,2.0,5.0,0.27738730864459293,0.5742016617406426,84.51711326832353,5e-14,0.15,Gaussian Fitting,0.045541511558781236,22.770755757601027,True,False,True
12_haze_2_007,876762273,haze,2.0,5.0,0.27738730864459293,0.5742016617406426,84.51711326832353,5e-14,0.15,PSF Fitting,0.04424037751146155,22.120188734713803,True,False,True
12_haze_2_008,730855274,haze,2.0,5.0,0.27738730864459293,0.5742016617406426,82.80559388360116,5e-14,0.15,Intensity-Weighted Centroid,0.238986172816143,119.49308624534817,True,False,True
12_haze_2_008,730855274,haze,2.0,5.0,0.27738730864459293,0.5742016617406426,82.80559388360116,5e-14,0.15,Gaussian Fitting,0.07021737874913135,35.10868916062118,True,False,True
12_haze_2_008,730855274,haze,2.0,5.0,0.27738730864459293,0.5742016617406426,82.80559388360116,5e-14,0.15,PSF Fitting,0.06992402033470849,34.96200995256465,True,False,True
12_haze_2_009,536024351,haze,2.0,5.0,0.27738730864459293,0.5742016617406426,87.60288221176185,5e-14,0.15,Intensity-Weighted Centroid,0.2590101579033829,129.5050783853126,True,False,True
12_haze_2_009,536024351,haze,2.0,5.0,0.27738730864459293,0.5742016617406426,87.60288221176185,5e-14,0.15,Gaussian Fitting,0.03861774172066619,19.308870549093616,True,False,True
12_haze_2_009,536024351,haze,2.0,5.0,0.27738730864459293,0.5742016617406426,87.60288221176185,5e-14,0.15,PSF Fitting,0.0398333567232253,19.916678028125407,True,False,True
12_haze_2_010,864217750,haze,2.0,5.0,0.27738730864459293,0.5742016617406426,86.41634599067781,5e-14,0.15,Intensity-Weighted Centroid,0.24949242324799814,124.74621007521847,True,False,True
12_haze_2_010,864217750,haze,2.0,5.0,0.27738730864459293,0.5742016617406426,86.41634599067781,5e-14,0.15,Gaussian Fitting,0.07413882740690246,37.06941279686874,True,False,True
12_haze_2_010,864217750,haze,2.0,5.0,0.27738730864459293,0.5742016617406426,86.41634599067781,5e-14,0.15,PSF Fitting,0.07443462465247712,37.21731139925476,True,False,True
12_haze_2_011,976587855,haze,2.0,5.0,0.27738730864459293,0.5742016617406426,86.22720369523577,5e-14,0.15,Intensity-Weighted Centroid,0.44204728400329063,221.0236402380638,True,False,True
12_haze_2_011,976587855,haze,2.0,5.0,0.27738730864459293,0.5742016617406426,86.22720369523577,5e-14,0.15,Gaussian Fitting,0.07622983485033837,38.11491735121966,True,False,True
12_haze_2_011,976587855,haze,2.0,5.0,0.27738730864459293,0.5742016617406426,86.22720369523577,5e-14,0.15,PSF Fitting,0.07465688223970295,37.32844104759085,True,False,True
12_haze_2_012,18001251,haze,2.0,5.0,0.27738730864459293,0.5742016617406426,82.04072540005859,5e-14,0.15,Intensity-Weighted Centroid,0.28941346675312957,144.7067326045758,True,False,True
12_haze_2_012,18001251,haze,2.0,5.0,0.27738730864459293,0.5742016617406426,82.04072540005859,5e-14,0.15,Gaussian Fitting,0.13572456765664387,67.86228317105468,True,False,True
12_haze_2_012,18001251,haze,2.0,5.0,0.27738730864459293,0.5742016617406426,82.04072540005859,5e-14,0.15,PSF Fitting,0.13873362230816813,69.36681047517082,True,False,True
12_haze_2_013,897933808,haze,2.0,5.0,0.27738730864459293,0.5742016617406426,85.06397588137273,5e-14,0.15,Intensity-Weighted Centroid,0.28868986469458613,144.34492781831693,True,False,True
12_haze_2_013,897933808,haze,2.0,5.0,0.27738730864459293,0.5742016617406426,85.06397588137273,5e-14,0.15,Gaussian Fitting,0.04651277653550363,23.256387958803014,True,False,True
12_haze_2_013,897933808,haze,2.0,5.0,0.27738730864459293,0.5742016617406426,85.06397588137273,5e-14,0.15,PSF Fitting,0.04565471853392903,22.827358961264196,True,False,True
12_haze_2_014,353334513,haze,2.0,5.0,0.27738730864459293,0.5742016617406426,85.1365474264869,5e-14,0.15,Intensity-Weighted Centroid,0.0449700048126494,22.48500185367334,True,False,True
12_haze_2_014,353334513,haze,2.0,5.0,0.27738730864459293,0.5742016617406426,85.1365474264869,5e-14,0.15,Gaussian Fitting,0.04793488872409331,23.967443783836604,True,False,True
12_haze_2_014,353334513,haze,2.0,5.0,0.27738730864459293,0.5742016617406426,85.1365474264869,5e-14,0.15,PSF Fitting,0.046385561934368824,23.192780406824255,True,False,True
12_haze_2_015,500230773,haze,2.0,5.0,0.27738730864459293,0.5742016617406426,87.41108211183253,5e-14,0.15,Intensity-Weighted Centroid,0.912604312595791,456.3021522152367,True,False,True
12_haze_2_015,500230773,haze,2.0,5.0,0.27738730864459293,0.5742016617406426,87.41108211183253,5e-14,0.15,Gaussian Fitting,0.12155325062484382,60.77662440085304,True,False,True
12_haze_2_015,500230773,haze,2.0,5.0,0.27738730864459293,0.5742016617406426,87.41108211183253,5e-14,0.15,PSF Fitting,0.12228657053682966,61.14328435263683,True,False,True
12_haze_2_016,587387784,haze,2.0,5.0,0.27738730864459293,0.5742016617406426,86.00476482880171,5e-14,0.15,Intensity-Weighted Centroid,0.17827899823961454,89.13949696658719,True,False,True
12_haze_2_016,587387784,haze,2.0,5.0,0.27738730864459293,0.5742016617406426,86.00476482880171,5e-14,0.15,Gaussian Fitting,0.012139051360504699,6.069525298589713,True,False,True
12_haze_2_016,587387784,haze,2.0,5.0,0.27738730864459293,0.5742016617406426,86.00476482880171,5e-14,0.15,PSF Fitting,0.011586567129752139,5.793283200426998,True,False,True
12_haze_2_017,103353378,haze,2.0,5.0,0.27738730864459293,0.5742016617406426,86.72338190741867,5e-14,0.15,Intensity-Weighted Centroid,0.46739510998581746,233.69755303844158,True,False,True
12_haze_2_017,103353378,haze,2.0,5.0,0.27738730864459293,0.5742016617406426,86.72338190741867,5e-14,0.15,Gaussian Fitting,0.054884722251199225,27.442360685597215,True,False,True
12_haze_2_017,103353378,haze,2.0,5.0,0.27738730864459293,0.5742016617406426,86.72338190741867,5e-14,0.15,PSF Fitting,0.05335677147592299,26.678385305575134,True,False,True
12_haze_2_018,122191945,haze,2.0,5.0,0.27738730864459293,0.5742016617406426,82.4792044340304,5e-14,0.15,Intensity-Weighted Centroid,0.5442018434649758,272.10087866063463,True,False,True
12_haze_2_018,122191945,haze,2.0,5.0,0.27738730864459293,0.5742016617406426,82.4792044340304,5e-14,0.15,Gaussian Fitting,0.037589674269799006,18.794835875246218,True,False,True
12_haze_2_018,122191945,haze,2.0,5.0,0.27738730864459293,0.5742016617406426,82.4792044340304,5e-14,0.15,PSF Fitting,0.03668759025272117,18.343793914215624,True,False,True
12_haze_2_019,764803735,haze,2.0,5.0,0.27738730864459293,0.5742016617406426,87.55694565595094,5e-14,0.15,Intensity-Weighted Centroid,0.08616660352349179,43.083301655422,True,False,True
12_haze_2_019,764803735,haze,2.0,5.0,0.27738730864459293,0.5742016617406426,87.55694565595094,5e-14,0.15,Gaussian Fitting,0.09520584786446765,47.60292256597148,True,False,True
12_haze_2_019,764803735,haze,2.0,5.0,0.27738730864459293,0.5742016617406426,87.55694565595094,5e-14,0.15,PSF Fitting,0.08986961339681795,44.93480543003212,True,False,True
12_haze_2_020,274108309,haze,2.0,5.0,0.27738730864459293,0.5742016617406426,86.07454392042838,5e-14,0.15,Intensity-Weighted Centroid,0.3167072963720029,158.35364594280284,True,False,True
12_haze_2_020,274108309,haze,2.0,5.0,0.27738730864459293,0.5742016617406426,86.07454392042838,5e-14,0.15,Gaussian Fitting,0.01762664970066849,8.813324639271567,True,False,True
12_haze_2_020,274108309,haze,2.0,5.0,0.27738730864459293,0.5742016617406426,86.07454392042838,5e-14,0.15,PSF Fitting,0.020909611279467093,10.454805447368518,True,False,True
12_haze_2_021,502616716,haze,2.0,5.0,0.27738730864459293,0.5742016617406426,84.16845735583928,5e-14,0.15,Intensity-Weighted Centroid,0.40595692942013967,202.9784602654805,True,False,True
12_haze_2_021,502616716,haze,2.0,5.0,0.27738730864459293,0.5742016617406426,84.16845735583928,5e-14,0.15,Gaussian Fitting,0.05961476708977447,29.807382874207615,True,False,True
12_haze_2_021,502616716,haze,2.0,5.0,0.27738730864459293,0.5742016617406426,84.16845735583928,5e-14,0.15,PSF Fitting,0.059565402142666674,29.782700370194124,True,False,True
12_haze_2_022,538835479,haze,2.0,5.0,0.27738730864459293,0.5742016617406426,83.4391602083783,5e-14,0.15,Intensity-Weighted Centroid,0.23032387121622866,115.16192044532784,True,False,True
12_haze_2_022,538835479,haze,2.0,5.0,0.27738730864459293,0.5742016617406426,83.4391602083783,5e-14,0.15,Gaussian Fitting,0.051209085316232195,25.60454047733479,True,False,True
12_haze_2_022,538835479,haze,2.0,5.0,0.27738730864459293,0.5742016617406426,83.4391602083783,5e-14,0.15,PSF Fitting,0.05171810991312014,25.859052763596452,True,False,True
12_haze_2_023,29841387,haze,2.0,5.0,0.27738730864459293,0.5742016617406426,87.38456998937686,5e-14,0.15,Intensity-Weighted Centroid,0.5955424013702156,297.77119850938277,True,False,True
12_haze_2_023,29841387,haze,2.0,5.0,0.27738730864459293,0.5742016617406426,87.38456998937686,5e-14,0.15,Gaussian Fitting,0.039280214367323645,19.6401071259016,True,False,True
12_haze_2_023,29841387,haze,2.0,5.0,0.27738730864459293,0.5742016617406426,87.38456998937686,5e-14,0.15,PSF Fitting,0.03982497290993497,19.912486394981098,True,False,True
12_haze_2_024,242510156,haze,2.0,5.0,0.27738730864459293,0.5742016617406426,83.86061369134433,5e-14,0.15,Intensity-Weighted Centroid,0.24366925996126487,121.83462268729978,True,False,True
12_haze_2_024,242510156,haze,2.0,5.0,0.27738730864459293,0.5742016617406426,83.86061369134433,5e-14,0.15,Gaussian Fitting,0.10373317218003276,51.866585510817856,True,False,True
12_haze_2_024,242510156,haze,2.0,5.0,0.27738730864459293,0.5742016617406426,83.86061369134433,5e-14,0.15,PSF Fitting,0.10351431451678575,51.757156606582306,True,False,True
12_haze_2_025,27320742,haze,2.0,5.0,0.27738730864459293,0.5742016617406426,88.05537663107934,5e-14,0.15,Intensity-Weighted Centroid,0.16018709216140195,80.09354551740675,True,False,True
12_haze_2_025,27320742,haze,2.0,5.0,0.27738730864459293,0.5742016617406426,88.05537663107934,5e-14,0.15,Gaussian Fitting,0.10280930189297632,51.40465050183702,True,False,True
12_haze_2_025,27320742,haze,2.0,5.0,0.27738730864459293,0.5742016617406426,88.05537663107934,5e-14,0.15,PSF Fitting,0.10244394493404739,51.22197202425018,True,False,True
12_haze_2_026,417372871,haze,2.0,5.0,0.27738730864459293,0.5742016617406426,86.56915868378789,5e-14,0.15,Intensity-Weighted Centroid,0.5501877607833121,275.0938768985051,True,False,True
12_haze_2_026,417372871,haze,2.0,5.0,0.27738730864459293,0.5742016617406426,86.56915868378789,5e-14,0.15,Gaussian Fitting,0.09154094154942963,45.770470449128695,True,False,True
12_haze_2_026,417372871,haze,2.0,5.0,0.27738730864459293,0.5742016617406426,86.56915868378789,5e-14,0.15,PSF Fitting,0.08794909967871078,43.974549527490986,True,False,True
12_haze_2_027,658853935,haze,2.0,5.0,0.27738730864459293,0.5742016617406426,85.95266367677725,5e-14,0.15,Intensity-Weighted Centroid,0.43571612469099685,217.8580618581141,True,False,True
12_haze_2_027,658853935,haze,2.0,5.0,0.27738730864459293,0.5742016617406426,85.95266367677725,5e-14,0.15,Gaussian Fitting,0.008184429592763309,4.09221476673925,True,False,True
12_haze_2_027,658853935,haze,2.0,5.0,0.27738730864459293,0.5742016617406426,85.95266367677725,5e-14,0.15,PSF Fitting,0.007643230718956962,3.8216153317005115,True,False,True
12_haze_2_028,823800264,haze,2.0,5.0,0.27738730864459293,0.5742016617406426,84.13161213540941,5e-14,0.15,Intensity-Weighted Centroid,0.3208930267184151,160.4465124346994,True,False,True
12_haze_2_028,823800264,haze,2.0,5.0,0.27738730864459293,0.5742016617406426,84.13161213540941,5e-14,0.15,Gaussian Fitting,0.10404940801238569,52.024703051869075,True,False,True
12_haze_2_028,823800264,haze,2.0,5.0,0.27738730864459293,0.5742016617406426,84.13161213540941,5e-14,0.15,PSF Fitting,0.1041944637333456,52.09723090194384,True,False,True
12_haze_2_029,728143427,haze,2.0,5.0,0.27738730864459293,0.5742016617406426,87.69181401098626,5e-14,0.15,Intensity-Weighted Centroid,0.44215169685298616,221.07584505855027,True,False,True
12_haze_2_029,728143427,haze,2.0,5.0,0.27738730864459293,0.5742016617406426,87.69181401098626,5e-14,0.15,Gaussian Fitting,0.05618356137526601,28.091780610469662,True,False,True
12_haze_2_029,728143427,haze,2.0,5.0,0.27738730864459293,0.5742016617406426,87.69181401098626,5e-14,0.15,PSF Fitting,0.05910698110264055,29.553490465831793,True,False,True
12_haze_5_000,284922444,haze,5.0,5.0,0.27738730864459293,0.24983950601293015,38.14510067939371,5e-14,0.15,Intensity-Weighted Centroid,0.2322883729523362,116.1441816873801,True,False,True
12_haze_5_000,284922444,haze,5.0,5.0,0.27738730864459293,0.24983950601293015,38.14510067939371,5e-14,0.15,Gaussian Fitting,0.2197333889655767,109.86669434875186,True,False,True
12_haze_5_000,284922444,haze,5.0,5.0,0.27738730864459293,0.24983950601293015,38.14510067939371,5e-14,0.15,PSF Fitting,0.21415382287073434,107.0769113115843,True,False,True
12_haze_5_001,741944730,haze,5.0,5.0,0.27738730864459293,0.24983950601293015,37.82330233569309,5e-14,0.15,Intensity-Weighted Centroid,0.5066884969522328,253.34423428677744,True,False,True
12_haze_5_001,741944730,haze,5.0,5.0,0.27738730864459293,0.24983950601293015,37.82330233569309,5e-14,0.15,Gaussian Fitting,0.1874866676604636,93.74333087224844,True,False,True
12_haze_5_001,741944730,haze,5.0,5.0,0.27738730864459293,0.24983950601293015,37.82330233569309,5e-14,0.15,PSF Fitting,0.17919606610446417,89.5980302969331,True,False,True
12_haze_5_002,446046081,haze,5.0,5.0,0.27738730864459293,0.24983950601293015,35.52939244683194,5e-14,0.15,Intensity-Weighted Centroid,0.4205539240424905,210.2769609740941,True,False,True
12_haze_5_002,446046081,haze,5.0,5.0,0.27738730864459293,0.24983950601293015,35.52939244683194,5e-14,0.15,Gaussian Fitting,0.21725006094079108,108.62503009551439,True,False,True
12_haze_5_002,446046081,haze,5.0,5.0,0.27738730864459293,0.24983950601293015,35.52939244683194,5e-14,0.15,PSF Fitting,0.2171727586398955,108.58637894195125,True,False,True
12_haze_5_003,7223827,haze,5.0,5.0,0.27738730864459293,0.24983950601293015,37.94585083018605,5e-14,0.15,Intensity-Weighted Centroid,0.3630304887022151,181.5152409057002,True,False,True
12_haze_5_003,7223827,haze,5.0,5.0,0.27738730864459293,0.24983950601293015,37.94585083018605,5e-14,0.15,Gaussian Fitting,0.17565292943575375,87.8264646481882,True,False,True
12_haze_5_003,7223827,haze,5.0,5.0,0.27738730864459293,0.24983950601293015,37.94585083018605,5e-14,0.15,PSF Fitting,0.1666179960291375,83.30899795966309,True,False,True
12_haze_5_004,936420363,haze,5.0,5.0,0.27738730864459293,0.24983950601293015,37.601896372043235,5e-14,0.15,Intensity-Weighted Centroid,0.027597970158147866,13.798985078459001,True,False,True
12_haze_5_004,936420363,haze,5.0,5.0,0.27738730864459293,0.24983950601293015,37.601896372043235,5e-14,0.15,Gaussian Fitting,0.16670703460294212,83.35351711149237,True,False,True
12_haze_5_004,936420363,haze,5.0,5.0,0.27738730864459293,0.24983950601293015,37.601896372043235,5e-14,0.15,PSF Fitting,0.1679048510711747,83.9524253431721,True,False,True
12_haze_5_005,725035177,haze,5.0,5.0,0.27738730864459293,0.24983950601293015,36.92077436764971,5e-14,0.15,Intensity-Weighted Centroid,0.3453618263711476,172.68090891435676,True,False,True
12_haze_5_005,725035177,haze,5.0,5.0,0.27738730864459293,0.24983950601293015,36.92077436764971,5e-14,0.15,Gaussian Fitting,0.08725596186273953,43.62798091859552,True,False,True
12_haze_5_005,725035177,haze,5.0,5.0,0.27738730864459293,0.24983950601293015,36.92077436764971,5e-14,0.15,PSF Fitting,0.09184334000605703,45.92166998820091,True,False,True
12_haze_5_006,755382007,haze,5.0,5.0,0.27738730864459293,0.24983950601293015,36.138364681209794,5e-14,0.15,Intensity-Weighted Centroid,0.2418137344192688,120.90686699629732,True,False,True
12_haze_5_006,755382007,haze,5.0,5.0,0.27738730864459293,0.24983950601293015,36.138364681209794,5e-14,0.15,Gaussian Fitting,0.1666232065477517,83.31160304317252,True,False,True
12_haze_5_006,755382007,haze,5.0,5.0,0.27738730864459293,0.24983950601293015,36.138364681209794,5e-14,0.15,PSF Fitting,0.1754752001315141,87.73759983489934,True,False,True
12_haze_5_007,642124453,haze,5.0,5.0,0.27738730864459293,0.24983950601293015,37.54342107450061,5e-14,0.15,Intensity-Weighted Centroid,0.6199512076938335,309.9755992705922,True,False,True
12_haze_5_007,642124453,haze,5.0,5.0,0.27738730864459293,0.24983950601293015,37.54342107450061,5e-14,0.15,Gaussian Fitting,0.2501566562983564,125.078327141951,True,False,True
12_haze_5_007,642124453,haze,5.0,5.0,0.27738730864459293,0.24983950601293015,37.54342107450061,5e-14,0.15,PSF Fitting,0.25583443647294296,127.91721715441136,True,False,True
12_haze_5_008,713048451,haze,5.0,5.0,0.27738730864459293,0.24983950601293015,35.8745899344129,5e-14,0.15,Intensity-Weighted Centroid,0.7366599724869048,368.3299671424113,True,False,True
12_haze_5_008,713048451,haze,5.0,5.0,0.27738730864459293,0.24983950601293015,35.8745899344129,5e-14,0.15,Gaussian Fitting,0.2300821398108162,115.04106924365325,True,False,True
12_haze_5_008,713048451,haze,5.0,5.0,0.27738730864459293,0.24983950601293015,35.8745899344129,5e-14,0.15,PSF Fitting,0.2405005022246551,120.25025039849355,True,False,True
12_haze_5_009,551280167,haze,5.0,5.0,0.27738730864459293,0.24983950601293015,38.047663404426196,5e-14,0.15,Intensity-Weighted Centroid,0.034058963802229086,17.02948186417296,True,False,True
12_haze_5_009,551280167,haze,5.0,5.0,0.27738730864459293,0.24983950601293015,38.047663404426196,5e-14,0.15,Gaussian Fitting,0.03282637116932552,16.413185549194694,True,False,True
12_haze_5_009,551280167,haze,5.0,5.0,0.27738730864459293,0.24983950601293015,38.047663404426196,5e-14,0.15,PSF Fitting,0.056857929299407355,28.428964569676317,True,False,True
12_haze_5_010,588716502,haze,5.0,5.0,0.27738730864459293,0.24983950601293015,37.51662645277179,5e-14,0.15,Intensity-Weighted Centroid,0.6559023153828196,327.9511531437881,True,False,True
12_haze_5_010,588716502,haze,5.0,5.0,0.27738730864459293,0.24983950601293015,37.51662645277179,5e-14,0.15,Gaussian Fitting,0.15366616776212327,76.8330807165827,True,False,True
12_haze_5_010,588716502,haze,5.0,5.0,0.27738730864459293,0.24983950601293015,37.51662645277179,5e-14,0.15,PSF Fitting,0.14678309731963377,73.39154572289557,True,False,True
12_haze_5_011,115714199,haze,5.0,5.0,0.27738730864459293,0.24983950601293015,36.354206514674885,5e-14,0.15,Intensity-Weighted Centroid,0.8007903084100825,400.3951437551243,True,False,True
12_haze_5_011,115714199,haze,5.0,5.0,0.27738730864459293,0.24983950601293015,36.354206514674885,5e-14,0.15,Gaussian Fitting,0.10521894962916234,52.609474790144226,True,False,True
12_haze_5_011,115714199,haze,5.0,5.0,0.27738730864459293,0.24983950601293015,36.354206514674885,5e-14,0.15,PSF Fitting,0.0643411328674809,32.17056640598303,True,False,True
12_haze_5_012,898447036,haze,5.0,5.0,0.27738730864459293,0.24983950601293015,37.87999572494635,5e-14,0.15,Intensity-Weighted Centroid,0.5309287357003916,265.4643662751093,True,False,True
12_haze_5_012,898447036,haze,5.0,5.0,0.27738730864459293,0.24983950601293015,37.87999572494635,5e-14,0.15,Gaussian Fitting,0.05643914787702122,28.219573434813626,True,False,True
12_haze_5_012,898447036,haze,5.0,5.0,0.27738730864459293,0.24983950601293015,37.87999572494635,5e-14,0.15,PSF Fitting,0.03580339808225254,17.901698752783396,True,False,True
12_haze_5_013,735137145,haze,5.0,5.0,0.27738730864459293,0.24983950601293015,37.43686143478222,5e-14,0.15,Intensity-Weighted Centroid,0.22852495330338668,114.26247643050783,True,False,True
12_haze_5_013,735137145,haze,5.0,5.0,0.27738730864459293,0.24983950601293015,37.43686143478222,5e-14,0.15,Gaussian Fitting,0.07715905476628523,38.579527299524806,True,False,True
12_haze_5_013,735137145,haze,5.0,5.0,0.27738730864459293,0.24983950601293015,37.43686143478222,5e-14,0.15,PSF Fitting,0.0758122869810969,37.90614340498206,True,False,True
12_haze_5_014,311187935,haze,5.0,5.0,0.27738730864459293,0.24983950601293015,37.360835629758846,5e-14,0.15,Intensity-Weighted Centroid,0.11328529425713886,56.64264688718783,True,False,True
12_haze_5_014,311187935,haze,5.0,5.0,0.27738730864459293,0.24983950601293015,37.360835629758846,5e-14,0.15,Gaussian Fitting,0.17449598881718173,87.24799331321655,True,False,True
12_haze_5_014,311187935,haze,5.0,5.0,0.27738730864459293,0.24983950601293015,37.360835629758846,5e-14,0.15,PSF Fitting,0.16473356284506488,82.3667803530936,True,False,True
12_haze_5_015,357461488,haze,5.0,5.0,0.27738730864459293,0.24983950601293015,38.541697933265255,5e-14,0.15,Intensity-Weighted Centroid,0.38099096581188385,190.4954794717833,True,False,True
12_haze_5_015,357461488,haze,5.0,5.0,0.27738730864459293,0.24983950601293015,38.541697933265255,5e-14,0.15,Gaussian Fitting,0.166115883648579,83.05794177195274,True,False,True
12_haze_5_015,357461488,haze,5.0,5.0,0.27738730864459293,0.24983950601293015,38.541697933265255,5e-14,0.15,PSF Fitting,0.19366510671248868,96.83255326081833,True,False,True
12_haze_5_016,46559975,haze,5.0,5.0,0.27738730864459293,0.24983950601293015,38.58676796673403,5e-14,0.15,Intensity-Weighted Centroid,0.4833831215973397,241.69154354662254,True,False,True
12_haze_5_016,46559975,haze,5.0,5.0,0.27738730864459293,0.24983950601293015,38.58676796673403,5e-14,0.15,Gaussian Fitting,0.10699181244914151,53.49590514346612,True,False,True
12_haze_5_016,46559975,haze,5.0,5.0,0.27738730864459293,0.24983950601293015,38.58676796673403,5e-14,0.15,PSF Fitting,0.11474081826805649,57.37040779432187,True,False,True
12_haze_5_017,381463376,haze,5.0,5.0,0.27738730864459293,0.24983950601293015,36.70750106116347,5e-14,0.15,Intensity-Weighted Centroid,0.49717025584466285,248.58511605660092,True,False,True
12_haze_5_017,381463376,haze,5.0,5.0,0.27738730864459293,0.24983950601293015,36.70750106116347,5e-14,0.15,Gaussian Fitting,0.17509719607331367,87.5485911737913,True,False,True
12_haze_5_017,381463376,haze,5.0,5.0,0.27738730864459293,0.24983950601293015,36.70750106116347,5e-14,0.15,PSF Fitting,0.17988136316949752,89.94067446034867,True,False,True
12_haze_5_018,513946051,haze,5.0,5.0,0.27738730864459293,0.24983950601293015,37.03241238495906,5e-14,0.15,Intensity-Weighted Centroid,0.5991052032892796,299.5525992791369,True,False,True
12_haze_5_018,513946051,haze,5.0,5.0,0.27738730864459293,0.24983950601293015,37.03241238495906,5e-14,0.15,Gaussian Fitting,0.20959521425121722,104.79760441424918,True,False,True
12_haze_5_018,513946051,haze,5.0,5.0,0.27738730864459293,0.24983950601293015,37.03241238495906,5e-14,0.15,PSF Fitting,0.20801454621167198,104.0072704762439,True,False,True
12_haze_5_019,432430256,haze,5.0,5.0,0.27738730864459293,0.24983950601293015,36.62150404350143,5e-14,0.15,Intensity-Weighted Centroid,0.856533360614135,428.2666402226347,True,False,True
12_haze_5_019,432430256,haze,5.0,5.0,0.27738730864459293,0.24983950601293015,36.62150404350143,5e-14,0.15,Gaussian Fitting,0.3690515431398014,184.52576668458804,True,False,True
12_haze_5_019,432430256,haze,5.0,5.0,0.27738730864459293,0.24983950601293015,36.62150404350143,5e-14,0.15,PSF Fitting,0.36976177169852736,184.880880948811,True,False,True
12_haze_5_020,583585890,haze,5.0,5.0,0.27738730864459293,0.24983950601293015,38.89930014840177,5e-14,0.15,Intensity-Weighted Centroid,0.6414392395541948,320.71961160111783,True,False,True
12_haze_5_020,583585890,haze,5.0,5.0,0.27738730864459293,0.24983950601293015,38.89930014840177,5e-14,0.15,Gaussian Fitting,0.13730389183982328,68.65194565934486,True,False,True
12_haze_5_020,583585890,haze,5.0,5.0,0.27738730864459293,0.24983950601293015,38.89930014840177,5e-14,0.15,PSF Fitting,0.1263487798799897,63.17438973008642,True,False,True
12_haze_5_021,393155682,haze,5.0,5.0,0.27738730864459293,0.24983950601293015,37.161012254647495,5e-14,0.15,Intensity-Weighted Centroid,1.0629973782402478,531.4986016096889,True,False,True
12_haze_5_021,393155682,haze,5.0,5.0,0.27738730864459293,0.24983950601293015,37.161012254647495,5e-14,0.15,Gaussian Fitting,0.3060397483586118,153.0198690828585,True,False,True
12_haze_5_021,393155682,haze,5.0,5.0,0.27738730864459293,0.24983950601293015,37.161012254647495,5e-14,0.15,PSF Fitting,0.2967121124170264,148.35605125859632,True,False,True
12_haze_5_022,175499955,haze,5.0,5.0,0.27738730864459293,0.24983950601293015,38.48615935305962,5e-14,0.15,Intensity-Weighted Centroid,0.6222764366067368,311.13821623883234,True,False,True
12_haze_5_022,175499955,haze,5.0,5.0,0.27738730864459293,0.24983950601293015,38.48615935305962,5e-14,0.15,Gaussian Fitting,0.2553034845013503,127.65174082117838,True,False,True
12_haze_5_022,175499955,haze,5.0,5.0,0.27738730864459293,0.24983950601293015,38.48615935305962,5e-14,0.15,PSF Fitting,0.25367823144014756,126.83911428422375,True,False,True
12_haze_5_023,443379895,haze,5.0,5.0,0.27738730864459293,0.24983950601293015,37.87659485710137,5e-14,0.15,Intensity-Weighted Centroid,0.33059877145202754,165.2993835385138,True,False,True
12_haze_5_023,443379895,haze,5.0,5.0,0.27738730864459293,0.24983950601293015,37.87659485710137,5e-14,0.15,Gaussian Fitting,0.22493010181892223,112.46504939623921,True,False,True
12_haze_5_023,443379895,haze,5.0,5.0,0.27738730864459293,0.24983950601293015,37.87659485710137,5e-14,0.15,PSF Fitting,0.22692674198816046,113.46336947331069,True,False,True
12_haze_5_024,710988956,haze,5.0,5.0,0.27738730864459293,0.24983950601293015,37.61784335044245,5e-14,0.15,Intensity-Weighted Centroid,0.16239506410074409,81.19753151527105,True,False,True
12_haze_5_024,710988956,haze,5.0,5.0,0.27738730864459293,0.24983950601293015,37.61784335044245,5e-14,0.15,Gaussian Fitting,0.0662038896328229,33.10194461706897,True,False,True
12_haze_5_024,710988956,haze,5.0,5.0,0.27738730864459293,0.24983950601293015,37.61784335044245,5e-14,0.15,PSF Fitting,0.05237979900933104,26.189899332233416,True,False,True
12_haze_5_025,646277743,haze,5.0,5.0,0.27738730864459293,0.24983950601293015,37.87250787730469,5e-14,0.15,Intensity-Weighted Centroid,0.6632727280788574,331.6363500471387,True,False,True
12_haze_5_025,646277743,haze,5.0,5.0,0.27738730864459293,0.24983950601293015,37.87250787730469,5e-14,0.15,Gaussian Fitting,0.1157697750889213,57.88488747284453,True,False,True
12_haze_5_025,646277743,haze,5.0,5.0,0.27738730864459293,0.24983950601293015,37.87250787730469,5e-14,0.15,PSF Fitting,0.11455177782242398,57.2758888422487,True,False,True
12_haze_5_026,229538680,haze,5.0,5.0,0.27738730864459293,0.24983950601293015,36.35369889548775,5e-14,0.15,Intensity-Weighted Centroid,0.30868366568646766,154.34183029854634,True,False,True
12_haze_5_026,229538680,haze,5.0,5.0,0.27738730864459293,0.24983950601293015,36.35369889548775,5e-14,0.15,Gaussian Fitting,0.12983205697366842,64.91602843446034,True,False,True
12_haze_5_026,229538680,haze,5.0,5.0,0.27738730864459293,0.24983950601293015,36.35369889548775,5e-14,0.15,PSF Fitting,0.13401381386214925,67.00690687783562,True,False,True
12_haze_5_027,679635725,haze,5.0,5.0,0.27738730864459293,0.24983950601293015,37.80367045446638,5e-14,0.15,Intensity-Weighted Centroid,0.12561796824788032,62.80898230367968,True,False,True
12_haze_5_027,679635725,haze,5.0,5.0,0.27738730864459293,0.24983950601293015,37.80367045446638,5e-14,0.15,Gaussian Fitting,0.1218196495130373,60.90982339792594,True,False,True
12_haze_5_027,679635725,haze,5.0,5.0,0.27738730864459293,0.24983950601293015,37.80367045446638,5e-14,0.15,PSF Fitting,0.12340638882162912,61.70319305958965,True,False,True
12_haze_5_028,835284364,haze,5.0,5.0,0.27738730864459293,0.24983950601293015,36.028173642242635,5e-14,0.15,Intensity-Weighted Centroid,0.05833327697282097,29.166638423676407,True,False,True
12_haze_5_028,835284364,haze,5.0,5.0,0.27738730864459293,0.24983950601293015,36.028173642242635,5e-14,0.15,Gaussian Fitting,0.1773120505976866,88.65602487547896,True,False,True
12_haze_5_028,835284364,haze,5.0,5.0,0.27738730864459293,0.24983950601293015,36.028173642242635,5e-14,0.15,PSF Fitting,0.1647916600777967,82.39582962853514,True,False,True
12_haze_5_029,409377275,haze,5.0,5.0,0.27738730864459293,0.24983950601293015,37.19409707732542,5e-14,0.15,Intensity-Weighted Centroid,0.834695092276979,417.3475427981638,True,False,True
12_haze_5_029,409377275,haze,5.0,5.0,0.27738730864459293,0.24983950601293015,37.19409707732542,5e-14,0.15,Gaussian Fitting,0.07527685274116423,37.63842583171678,True,False,True
12_haze_5_029,409377275,haze,5.0,5.0,0.27738730864459293,0.24983950601293015,37.19409707732542,5e-14,0.15,PSF Fitting,0.06883918838960322,34.419593692092995,True,False,True
12_haze_10_000,913222557,haze,10.0,5.0,0.27738730864459293,0.06241977876478496,0.0,5e-14,0.15,Intensity-Weighted Centroid,,,False,False,False
12_haze_10_000,913222557,haze,10.0,5.0,0.27738730864459293,0.06241977876478496,0.0,5e-14,0.15,Gaussian Fitting,,,False,False,False
12_haze_10_000,913222557,haze,10.0,5.0,0.27738730864459293,0.06241977876478496,0.0,5e-14,0.15,PSF Fitting,,,False,False,False
12_haze_10_001,717194228,haze,10.0,5.0,0.27738730864459293,0.06241977876478496,0.0,5e-14,0.15,Intensity-Weighted Centroid,,,False,False,False
12_haze_10_001,717194228,haze,10.0,5.0,0.27738730864459293,0.06241977876478496,0.0,5e-14,0.15,Gaussian Fitting,,,False,False,False
12_haze_10_001,717194228,haze,10.0,5.0,0.27738730864459293,0.06241977876478496,0.0,5e-14,0.15,PSF Fitting,,,False,False,False
12_haze_10_002,377898154,haze,10.0,5.0,0.27738730864459293,0.06241977876478496,0.0,5e-14,0.15,Intensity-Weighted Centroid,,,False,False,False
12_haze_10_002,377898154,haze,10.0,5.0,0.27738730864459293,0.06241977876478496,0.0,5e-14,0.15,Gaussian Fitting,,,False,False,False
12_haze_10_002,377898154,haze,10.0,5.0,0.27738730864459293,0.06241977876478496,0.0,5e-14,0.15,PSF Fitting,,,False,False,False
12_haze_10_003,532176223,haze,10.0,5.0,0.27738730864459293,0.06241977876478496,0.0,5e-14,0.15,Intensity-Weighted Centroid,,,False,False,False
12_haze_10_003,532176223,haze,10.0,5.0,0.27738730864459293,0.06241977876478496,0.0,5e-14,0.15,Gaussian Fitting,,,False,False,False
12_haze_10_003,532176223,haze,10.0,5.0,0.27738730864459293,0.06241977876478496,0.0,5e-14,0.15,PSF Fitting,,,False,False,False
12_haze_10_004,975745495,haze,10.0,5.0,0.27738730864459293,0.06241977876478496,0.0,5e-14,0.15,Intensity-Weighted Centroid,,,False,False,False
12_haze_10_004,975745495,haze,10.0,5.0,0.27738730864459293,0.06241977876478496,0.0,5e-14,0.15,Gaussian Fitting,,,False,False,False
12_haze_10_004,975745495,haze,10.0,5.0,0.27738730864459293,0.06241977876478496,0.0,5e-14,0.15,PSF Fitting,,,False,False,False
12_haze_10_005,764737833,haze,10.0,5.0,0.27738730864459293,0.06241977876478496,0.0,5e-14,0.15,Intensity-Weighted Centroid,,,False,False,False
12_haze_10_005,764737833,haze,10.0,5.0,0.27738730864459293,0.06241977876478496,0.0,5e-14,0.15,Gaussian Fitting,,,False,False,False
12_haze_10_005,764737833,haze,10.0,5.0,0.27738730864459293,0.06241977876478496,0.0,5e-14,0.15,PSF Fitting,,,False,False,False
12_haze_10_006,93306012,haze,10.0,5.0,0.27738730864459293,0.06241977876478496,0.0,5e-14,0.15,Intensity-Weighted Centroid,,,False,False,False
12_haze_10_006,93306012,haze,10.0,5.0,0.27738730864459293,0.06241977876478496,0.0,5e-14,0.15,Gaussian Fitting,,,False,False,False
12_haze_10_006,93306012,haze,10.0,5.0,0.27738730864459293,0.06241977876478496,0.0,5e-14,0.15,PSF Fitting,,,False,False,False
12_haze_10_007,749473096,haze,10.0,5.0,0.27738730864459293,0.06241977876478496,0.0,5e-14,0.15,Intensity-Weighted Centroid,,,False,False,False
12_haze_10_007,749473096,haze,10.0,5.0,0.27738730864459293,0.06241977876478496,0.0,5e-14,0.15,Gaussian Fitting,,,False,False,False
12_haze_10_007,749473096,haze,10.0,5.0,0.27738730864459293,0.06241977876478496,0.0,5e-14,0.15,PSF Fitting,,,False,False,False
12_haze_10_008,818754477,haze,10.0,5.0,0.27738730864459293,0.06241977876478496,0.0,5e-14,0.15,Intensity-Weighted Centroid,,,False,False,False
12_haze_10_008,818754477,haze,10.0,5.0,0.27738730864459293,0.06241977876478496,0.0,5e-14,0.15,Gaussian Fitting,,,False,False,False
12_haze_10_008,818754477,haze,10.0,5.0,0.27738730864459293,0.06241977876478496,0.0,5e-14,0.15,PSF Fitting,,,False,False,False
12_haze_10_009,862373839,haze,10.0,5.0,0.27738730864459293,0.06241977876478496,0.0,5e-14,0.15,Intensity-Weighted Centroid,,,False,False,False
12_haze_10_009,862373839,haze,10.0,5.0,0.27738730864459293,0.06241977876478496,0.0,5e-14,0.15,Gaussian Fitting,,,False,False,False
12_haze_10_009,862373839,haze,10.0,5.0,0.27738730864459293,0.06241977876478496,0.0,5e-14,0.15,PSF Fitting,,,False,False,False
12_haze_10_010,605177758,haze,10.0,5.0,0.27738730864459293,0.06241977876478496,0.0,5e-14,0.15,Intensity-Weighted Centroid,,,False,False,False
12_haze_10_010,605177758,haze,10.0,5.0,0.27738730864459293,0.06241977876478496,0.0,5e-14,0.15,Gaussian Fitting,,,False,False,False
12_haze_10_010,605177758,haze,10.0,5.0,0.27738730864459293,0.06241977876478496,0.0,5e-14,0.15,PSF Fitting,,,False,False,False
12_haze_10_011,441798314,haze,10.0,5.0,0.27738730864459293,0.06241977876478496,0.0,5e-14,0.15,Intensity-Weighted Centroid,,,False,False,False
12_haze_10_011,441798314,haze,10.0,5.0,0.27738730864459293,0.06241977876478496,0.0,5e-14,0.15,Gaussian Fitting,,,False,False,False
12_haze_10_011,441798314,haze,10.0,5.0,0.27738730864459293,0.06241977876478496,0.0,5e-14,0.15,PSF Fitting,,,False,False,False
12_haze_10_012,996604413,haze,10.0,5.0,0.27738730864459293,0.06241977876478496,0.0,5e-14,0.15,Intensity-Weighted Centroid,,,False,False,False
12_haze_10_012,996604413,haze,10.0,5.0,0.27738730864459293,0.06241977876478496,0.0,5e-14,0.15,Gaussian Fitting,,,False,False,False
12_haze_10_012,996604413,haze,10.0,5.0,0.27738730864459293,0.06241977876478496,0.0,5e-14,0.15,PSF Fitting,,,False,False,False
12_haze_10_013,256900838,haze,10.0,5.0,0.27738730864459293,0.06241977876478496,0.0,5e-14,0.15,Intensity-Weighted Centroid,,,False,False,False
12_haze_10_013,256900838,haze,10.0,5.0,0.27738730864459293,0.06241977876478496,0.0,5e-14,0.15,Gaussian Fitting,,,False,False,False
12_haze_10_013,256900838,haze,10.0,5.0,0.27738730864459293,0.06241977876478496,0.0,5e-14,0.15,PSF Fitting,,,False,False,False
12_haze_10_014,505445634,haze,10.0,5.0,0.27738730864459293,0.06241977876478496,0.0,5e-14,0.15,Intensity-Weighted Centroid,,,False,False,False
12_haze_10_014,505445634,haze,10.0,5.0,0.27738730864459293,0.06241977876478496,0.0,5e-14,0.15,Gaussian Fitting,,,False,False,False
12_haze_10_014,505445634,haze,10.0,5.0,0.27738730864459293,0.06241977876478496,0.0,5e-14,0.15,PSF Fitting,,,False,False,False
12_haze_10_015,767375782,haze,10.0,5.0,0.27738730864459293,0.06241977876478496,0.0,5e-14,0.15,Intensity-Weighted Centroid,,,False,False,False
12_haze_10_015,767375782,haze,10.0,5.0,0.27738730864459293,0.06241977876478496,0.0,5e-14,0.15,Gaussian Fitting,,,False,False,False
12_haze_10_015,767375782,haze,10.0,5.0,0.27738730864459293,0.06241977876478496,0.0,5e-14,0.15,PSF Fitting,,,False,False,False
12_haze_10_016,680084640,haze,10.0,5.0,0.27738730864459293,0.06241977876478496,0.0,5e-14,0.15,Intensity-Weighted Centroid,,,False,False,False
12_haze_10_016,680084640,haze,10.0,5.0,0.27738730864459293,0.06241977876478496,0.0,5e-14,0.15,Gaussian Fitting,,,False,False,False
12_haze_10_016,680084640,haze,10.0,5.0,0.27738730864459293,0.06241977876478496,0.0,5e-14,0.15,PSF Fitting,,,False,False,False
12_haze_10_017,124490443,haze,10.0,5.0,0.27738730864459293,0.06241977876478496,0.0,5e-14,0.15,Intensity-Weighted Centroid,,,False,False,False
12_haze_10_017,124490443,haze,10.0,5.0,0.27738730864459293,0.06241977876478496,0.0,5e-14,0.15,Gaussian Fitting,,,False,False,False
12_haze_10_017,124490443,haze,10.0,5.0,0.27738730864459293,0.06241977876478496,0.0,5e-14,0.15,PSF Fitting,,,False,False,False
12_haze_10_018,822952110,haze,10.0,5.0,0.27738730864459293,0.06241977876478496,0.0,5e-14,0.15,Intensity-Weighted Centroid,,,False,False,False
12_haze_10_018,822952110,haze,10.0,5.0,0.27738730864459293,0.06241977876478496,0.0,5e-14,0.15,Gaussian Fitting,,,False,False,False
12_haze_10_018,822952110,haze,10.0,5.0,0.27738730864459293,0.06241977876478496,0.0,5e-14,0.15,PSF Fitting,,,False,False,False
12_haze_10_019,438584861,haze,10.0,5.0,0.27738730864459293,0.06241977876478496,0.0,5e-14,0.15,Intensity-Weighted Centroid,,,False,False,False
12_haze_10_019,438584861,haze,10.0,5.0,0.27738730864459293,0.06241977876478496,0.0,5e-14,0.15,Gaussian Fitting,,,False,False,False
12_haze_10_019,438584861,haze,10.0,5.0,0.27738730864459293,0.06241977876478496,0.0,5e-14,0.15,PSF Fitting,,,False,False,False
12_haze_10_020,482237261,haze,10.0,5.0,0.27738730864459293,0.06241977876478496,0.0,5e-14,0.15,Intensity-Weighted Centroid,,,False,False,False
12_haze_10_020,482237261,haze,10.0,5.0,0.27738730864459293,0.06241977876478496,0.0,5e-14,0.15,Gaussian Fitting,,,False,False,False
12_haze_10_020,482237261,haze,10.0,5.0,0.27738730864459293,0.06241977876478496,0.0,5e-14,0.15,PSF Fitting,,,False,False,False
12_haze_10_021,426632780,haze,10.0,5.0,0.27738730864459293,0.06241977876478496,0.0,5e-14,0.15,Intensity-Weighted Centroid,,,False,False,False
12_haze_10_021,426632780,haze,10.0,5.0,0.27738730864459293,0.06241977876478496,0.0,5e-14,0.15,Gaussian Fitting,,,False,False,False
12_haze_10_021,426632780,haze,10.0,5.0,0.27738730864459293,0.06241977876478496,0.0,5e-14,0.15,PSF Fitting,,,False,False,False
12_haze_10_022,371142476,haze,10.0,5.0,0.27738730864459293,0.06241977876478496,0.0,5e-14,0.15,Intensity-Weighted Centroid,,,False,False,False
12_haze_10_022,371142476,haze,10.0,5.0,0.27738730864459293,0.06241977876478496,0.0,5e-14,0.15,Gaussian Fitting,,,False,False,False
12_haze_10_022,371142476,haze,10.0,5.0,0.27738730864459293,0.06241977876478496,0.0,5e-14,0.15,PSF Fitting,,,False,False,False
12_haze_10_023,94345056,haze,10.0,5.0,0.27738730864459293,0.06241977876478496,0.0,5e-14,0.15,Intensity-Weighted Centroid,,,False,False,False
12_haze_10_023,94345056,haze,10.0,5.0,0.27738730864459293,0.06241977876478496,0.0,5e-14,0.15,Gaussian Fitting,,,False,False,False
12_haze_10_023,94345056,haze,10.0,5.0,0.27738730864459293,0.06241977876478496,0.0,5e-14,0.15,PSF Fitting,,,False,False,False
12_haze_10_024,591077896,haze,10.0,5.0,0.27738730864459293,0.06241977876478496,0.0,5e-14,0.15,Intensity-Weighted Centroid,,,False,False,False
12_haze_10_024,591077896,haze,10.0,5.0,0.27738730864459293,0.06241977876478496,0.0,5e-14,0.15,Gaussian Fitting,,,False,False,False
12_haze_10_024,591077896,haze,10.0,5.0,0.27738730864459293,0.06241977876478496,0.0,5e-14,0.15,PSF Fitting,,,False,False,False
12_haze_10_025,254824055,haze,10.0,5.0,0.27738730864459293,0.06241977876478496,0.0,5e-14,0.15,Intensity-Weighted Centroid,,,False,False,False
12_haze_10_025,254824055,haze,10.0,5.0,0.27738730864459293,0.06241977876478496,0.0,5e-14,0.15,Gaussian Fitting,,,False,False,False
12_haze_10_025,254824055,haze,10.0,5.0,0.27738730864459293,0.06241977876478496,0.0,5e-14,0.15,PSF Fitting,,,False,False,False
12_haze_10_026,89489592,haze,10.0,5.0,0.27738730864459293,0.06241977876478496,0.0,5e-14,0.15,Intensity-Weighted Centroid,,,False,False,False
12_haze_10_026,89489592,haze,10.0,5.0,0.27738730864459293,0.06241977876478496,0.0,5e-14,0.15,Gaussian Fitting,,,False,False,False
12_haze_10_026,89489592,haze,10.0,5.0,0.27738730864459293,0.06241977876478496,0.0,5e-14,0.15,PSF Fitting,,,False,False,False
12_haze_10_027,844543006,haze,10.0,5.0,0.27738730864459293,0.06241977876478496,0.0,5e-14,0.15,Intensity-Weighted Centroid,,,False,False,False
12_haze_10_027,844543006,haze,10.0,5.0,0.27738730864459293,0.06241977876478496,0.0,5e-14,0.15,Gaussian Fitting,,,False,False,False
12_haze_10_027,844543006,haze,10.0,5.0,0.27738730864459293,0.06241977876478496,0.0,5e-14,0.15,PSF Fitting,,,False,False,False
12_haze_10_028,807970537,haze,10.0,5.0,0.27738730864459293,0.06241977876478496,0.0,5e-14,0.15,Intensity-Weighted Centroid,,,False,False,False
12_haze_10_028,807970537,haze,10.0,5.0,0.27738730864459293,0.06241977876478496,0.0,5e-14,0.15,Gaussian Fitting,,,False,False,False
12_haze_10_028,807970537,haze,10.0,5.0,0.27738730864459293,0.06241977876478496,0.0,5e-14,0.15,PSF Fitting,,,False,False,False
12_haze_10_029,357373406,haze,10.0,5.0,0.27738730864459293,0.06241977876478496,0.0,5e-14,0.15,Intensity-Weighted Centroid,,,False,False,False
12_haze_10_029,357373406,haze,10.0,5.0,0.27738730864459293,0.06241977876478496,0.0,5e-14,0.15,Gaussian Fitting,,,False,False,False
12_haze_10_029,357373406,haze,10.0,5.0,0.27738730864459293,0.06241977876478496,0.0,5e-14,0.15,PSF Fitting,,,False,False,False
12_haze_15_000,6003820,haze,15.0,5.0,0.27738730864459293,0.015594926692030261,0.0,5e-14,0.15,Intensity-Weighted Centroid,,,False,False,False
12_haze_15_000,6003820,haze,15.0,5.0,0.27738730864459293,0.015594926692030261,0.0,5e-14,0.15,Gaussian Fitting,,,False,False,False
12_haze_15_000,6003820,haze,15.0,5.0,0.27738730864459293,0.015594926692030261,0.0,5e-14,0.15,PSF Fitting,,,False,False,False
12_haze_15_001,848171011,haze,15.0,5.0,0.27738730864459293,0.015594926692030261,0.0,5e-14,0.15,Intensity-Weighted Centroid,,,False,False,False
12_haze_15_001,848171011,haze,15.0,5.0,0.27738730864459293,0.015594926692030261,0.0,5e-14,0.15,Gaussian Fitting,,,False,False,False
12_haze_15_001,848171011,haze,15.0,5.0,0.27738730864459293,0.015594926692030261,0.0,5e-14,0.15,PSF Fitting,,,False,False,False
12_haze_15_002,111520796,haze,15.0,5.0,0.27738730864459293,0.015594926692030261,0.0,5e-14,0.15,Intensity-Weighted Centroid,,,False,False,False
12_haze_15_002,111520796,haze,15.0,5.0,0.27738730864459293,0.015594926692030261,0.0,5e-14,0.15,Gaussian Fitting,,,False,False,False
12_haze_15_002,111520796,haze,15.0,5.0,0.27738730864459293,0.015594926692030261,0.0,5e-14,0.15,PSF Fitting,,,False,False,False
12_haze_15_003,224969720,haze,15.0,5.0,0.27738730864459293,0.015594926692030261,0.0,5e-14,0.15,Intensity-Weighted Centroid,,,False,False,False
12_haze_15_003,224969720,haze,15.0,5.0,0.27738730864459293,0.015594926692030261,0.0,5e-14,0.15,Gaussian Fitting,,,False,False,False
12_haze_15_003,224969720,haze,15.0,5.0,0.27738730864459293,0.015594926692030261,0.0,5e-14,0.15,PSF Fitting,,,False,False,False
12_haze_15_004,238538259,haze,15.0,5.0,0.27738730864459293,0.015594926692030261,0.0,5e-14,0.15,Intensity-Weighted Centroid,,,False,False,False
12_haze_15_004,238538259,haze,15.0,5.0,0.27738730864459293,0.015594926692030261,0.0,5e-14,0.15,Gaussian Fitting,,,False,False,False
12_haze_15_004,238538259,haze,15.0,5.0,0.27738730864459293,0.015594926692030261,0.0,5e-14,0.15,PSF Fitting,,,False,False,False
12_haze_15_005,442367133,haze,15.0,5.0,0.27738730864459293,0.015594926692030261,0.0,5e-14,0.15,Intensity-Weighted Centroid,,,False,False,False
12_haze_15_005,442367133,haze,15.0,5.0,0.27738730864459293,0.015594926692030261,0.0,5e-14,0.15,Gaussian Fitting,,,False,False,False
12_haze_15_005,442367133,haze,15.0,5.0,0.27738730864459293,0.015594926692030261,0.0,5e-14,0.15,PSF Fitting,,,False,False,False
12_haze_15_006,42761747,haze,15.0,5.0,0.27738730864459293,0.015594926692030261,0.0,5e-14,0.15,Intensity-Weighted Centroid,,,False,False,False
12_haze_15_006,42761747,haze,15.0,5.0,0.27738730864459293,0.015594926692030261,0.0,5e-14,0.15,Gaussian Fitting,,,False,False,False
12_haze_15_006,42761747,haze,15.0,5.0,0.27738730864459293,0.015594926692030261,0.0,5e-14,0.15,PSF Fitting,,,False,False,False
12_haze_15_007,232310994,haze,15.0,5.0,0.27738730864459293,0.015594926692030261,0.0,5e-14,0.15,Intensity-Weighted Centroid,,,False,False,False
12_haze_15_007,232310994,haze,15.0,5.0,0.27738730864459293,0.015594926692030261,0.0,5e-14,0.15,Gaussian Fitting,,,False,False,False
12_haze_15_007,232310994,haze,15.0,5.0,0.27738730864459293,0.015594926692030261,0.0,5e-14,0.15,PSF Fitting,,,False,False,False
12_haze_15_008,582850435,haze,15.0,5.0,0.27738730864459293,0.015594926692030261,0.0,5e-14,0.15,Intensity-Weighted Centroid,,,False,False,False
12_haze_15_008,582850435,haze,15.0,5.0,0.27738730864459293,0.015594926692030261,0.0,5e-14,0.15,Gaussian Fitting,,,False,False,False
12_haze_15_008,582850435,haze,15.0,5.0,0.27738730864459293,0.015594926692030261,0.0,5e-14,0.15,PSF Fitting,,,False,False,False
12_haze_15_009,637922214,haze,15.0,5.0,0.27738730864459293,0.015594926692030261,0.0,5e-14,0.15,Intensity-Weighted Centroid,,,False,False,False
12_haze_15_009,637922214,haze,15.0,5.0,0.27738730864459293,0.015594926692030261,0.0,5e-14,0.15,Gaussian Fitting,,,False,False,False
12_haze_15_009,637922214,haze,15.0,5.0,0.27738730864459293,0.015594926692030261,0.0,5e-14,0.15,PSF Fitting,,,False,False,False
12_haze_15_010,223992917,haze,15.0,5.0,0.27738730864459293,0.015594926692030261,0.0,5e-14,0.15,Intensity-Weighted Centroid,,,False,False,False
12_haze_15_010,223992917,haze,15.0,5.0,0.27738730864459293,0.015594926692030261,0.0,5e-14,0.15,Gaussian Fitting,,,False,False,False
12_haze_15_010,223992917,haze,15.0,5.0,0.27738730864459293,0.015594926692030261,0.0,5e-14,0.15,PSF Fitting,,,False,False,False
12_haze_15_011,736928162,haze,15.0,5.0,0.27738730864459293,0.015594926692030261,0.0,5e-14,0.15,Intensity-Weighted Centroid,,,False,False,False
12_haze_15_011,736928162,haze,15.0,5.0,0.27738730864459293,0.015594926692030261,0.0,5e-14,0.15,Gaussian Fitting,,,False,False,False
12_haze_15_011,736928162,haze,15.0,5.0,0.27738730864459293,0.015594926692030261,0.0,5e-14,0.15,PSF Fitting,,,False,False,False
12_haze_15_012,901412557,haze,15.0,5.0,0.27738730864459293,0.015594926692030261,0.0,5e-14,0.15,Intensity-Weighted Centroid,,,False,False,False
12_haze_15_012,901412557,haze,15.0,5.0,0.27738730864459293,0.015594926692030261,0.0,5e-14,0.15,Gaussian Fitting,,,False,False,False
12_haze_15_012,901412557,haze,15.0,5.0,0.27738730864459293,0.015594926692030261,0.0,5e-14,0.15,PSF Fitting,,,False,False,False
12_haze_15_013,455518393,haze,15.0,5.0,0.27738730864459293,0.015594926692030261,0.0,5e-14,0.15,Intensity-Weighted Centroid,,,False,False,False
12_haze_15_013,455518393,haze,15.0,5.0,0.27738730864459293,0.015594926692030261,0.0,5e-14,0.15,Gaussian Fitting,,,False,False,False
12_haze_15_013,455518393,haze,15.0,5.0,0.27738730864459293,0.015594926692030261,0.0,5e-14,0.15,PSF Fitting,,,False,False,False
12_haze_15_014,243204991,haze,15.0,5.0,0.27738730864459293,0.015594926692030261,0.0,5e-14,0.15,Intensity-Weighted Centroid,,,False,False,False
12_haze_15_014,243204991,haze,15.0,5.0,0.27738730864459293,0.015594926692030261,0.0,5e-14,0.15,Gaussian Fitting,,,False,False,False
12_haze_15_014,243204991,haze,15.0,5.0,0.27738730864459293,0.015594926692030261,0.0,5e-14,0.15,PSF Fitting,,,False,False,False
12_haze_15_015,827924179,haze,15.0,5.0,0.27738730864459293,0.015594926692030261,0.0,5e-14,0.15,Intensity-Weighted Centroid,,,False,False,False
12_haze_15_015,827924179,haze,15.0,5.0,0.27738730864459293,0.015594926692030261,0.0,5e-14,0.15,Gaussian Fitting,,,False,False,False
12_haze_15_015,827924179,haze,15.0,5.0,0.27738730864459293,0.015594926692030261,0.0,5e-14,0.15,PSF Fitting,,,False,False,False
12_haze_15_016,629524089,haze,15.0,5.0,0.27738730864459293,0.015594926692030261,0.0,5e-14,0.15,Intensity-Weighted Centroid,,,False,False,False
12_haze_15_016,629524089,haze,15.0,5.0,0.27738730864459293,0.015594926692030261,0.0,5e-14,0.15,Gaussian Fitting,,,False,False,False
12_haze_15_016,629524089,haze,15.0,5.0,0.27738730864459293,0.015594926692030261,0.0,5e-14,0.15,PSF Fitting,,,False,False,False
12_haze_15_017,974013258,haze,15.0,5.0,0.27738730864459293,0.015594926692030261,0.0,5e-14,0.15,Intensity-Weighted Centroid,,,False,False,False
12_haze_15_017,974013258,haze,15.0,5.0,0.27738730864459293,0.015594926692030261,0.0,5e-14,0.15,Gaussian Fitting,,,False,False,False
12_haze_15_017,974013258,haze,15.0,5.0,0.27738730864459293,0.015594926692030261,0.0,5e-14,0.15,PSF Fitting,,,False,False,False
12_haze_15_018,116707836,haze,15.0,5.0,0.27738730864459293,0.015594926692030261,0.0,5e-14,0.15,Intensity-Weighted Centroid,,,False,False,False
12_haze_15_018,116707836,haze,15.0,5.0,0.27738730864459293,0.015594926692030261,0.0,5e-14,0.15,Gaussian Fitting,,,False,False,False
12_haze_15_018,116707836,haze,15.0,5.0,0.27738730864459293,0.015594926692030261,0.0,5e-14,0.15,PSF Fitting,,,False,False,False
12_haze_15_019,243847594,haze,15.0,5.0,0.27738730864459293,0.015594926692030261,0.0,5e-14,0.15,Intensity-Weighted Centroid,,,False,False,False
12_haze_15_019,243847594,haze,15.0,5.0,0.27738730864459293,0.015594926692030261,0.0,5e-14,0.15,Gaussian Fitting,,,False,False,False
12_haze_15_019,243847594,haze,15.0,5.0,0.27738730864459293,0.015594926692030261,0.0,5e-14,0.15,PSF Fitting,,,False,False,False
12_haze_15_020,511532481,haze,15.0,5.0,0.27738730864459293,0.015594926692030261,0.0,5e-14,0.15,Intensity-Weighted Centroid,,,False,False,False
12_haze_15_020,511532481,haze,15.0,5.0,0.27738730864459293,0.015594926692030261,0.0,5e-14,0.15,Gaussian Fitting,,,False,False,False
12_haze_15_020,511532481,haze,15.0,5.0,0.27738730864459293,0.015594926692030261,0.0,5e-14,0.15,PSF Fitting,,,False,False,False
12_haze_15_021,75086096,haze,15.0,5.0,0.27738730864459293,0.015594926692030261,0.0,5e-14,0.15,Intensity-Weighted Centroid,,,False,False,False
12_haze_15_021,75086096,haze,15.0,5.0,0.27738730864459293,0.015594926692030261,0.0,5e-14,0.15,Gaussian Fitting,,,False,False,False
12_haze_15_021,75086096,haze,15.0,5.0,0.27738730864459293,0.015594926692030261,0.0,5e-14,0.15,PSF Fitting,,,False,False,False
12_haze_15_022,889827118,haze,15.0,5.0,0.27738730864459293,0.015594926692030261,0.0,5e-14,0.15,Intensity-Weighted Centroid,,,False,False,False
12_haze_15_022,889827118,haze,15.0,5.0,0.27738730864459293,0.015594926692030261,0.0,5e-14,0.15,Gaussian Fitting,,,False,False,False
12_haze_15_022,889827118,haze,15.0,5.0,0.27738730864459293,0.015594926692030261,0.0,5e-14,0.15,PSF Fitting,,,False,False,False
12_haze_15_023,243322174,haze,15.0,5.0,0.27738730864459293,0.015594926692030261,0.0,5e-14,0.15,Intensity-Weighted Centroid,,,False,False,False
12_haze_15_023,243322174,haze,15.0,5.0,0.27738730864459293,0.015594926692030261,0.0,5e-14,0.15,Gaussian Fitting,,,False,False,False
12_haze_15_023,243322174,haze,15.0,5.0,0.27738730864459293,0.015594926692030261,0.0,5e-14,0.15,PSF Fitting,,,False,False,False
12_haze_15_024,517792854,haze,15.0,5.0,0.27738730864459293,0.015594926692030261,0.0,5e-14,0.15,Intensity-Weighted Centroid,,,False,False,False
12_haze_15_024,517792854,haze,15.0,5.0,0.27738730864459293,0.015594926692030261,0.0,5e-14,0.15,Gaussian Fitting,,,False,False,False
12_haze_15_024,517792854,haze,15.0,5.0,0.27738730864459293,0.015594926692030261,0.0,5e-14,0.15,PSF Fitting,,,False,False,False
12_haze_15_025,641896225,haze,15.0,5.0,0.27738730864459293,0.015594926692030261,0.0,5e-14,0.15,Intensity-Weighted Centroid,,,False,False,False
12_haze_15_025,641896225,haze,15.0,5.0,0.27738730864459293,0.015594926692030261,0.0,5e-14,0.15,Gaussian Fitting,,,False,False,False
12_haze_15_025,641896225,haze,15.0,5.0,0.27738730864459293,0.015594926692030261,0.0,5e-14,0.15,PSF Fitting,,,False,False,False
12_haze_15_026,41385408,haze,15.0,5.0,0.27738730864459293,0.015594926692030261,0.0,5e-14,0.15,Intensity-Weighted Centroid,,,False,False,False
12_haze_15_026,41385408,haze,15.0,5.0,0.27738730864459293,0.015594926692030261,0.0,5e-14,0.15,Gaussian Fitting,,,False,False,False
12_haze_15_026,41385408,haze,15.0,5.0,0.27738730864459293,0.015594926692030261,0.0,5e-14,0.15,PSF Fitting,,,False,False,False
12_haze_15_027,351609986,haze,15.0,5.0,0.27738730864459293,0.015594926692030261,0.0,5e-14,0.15,Intensity-Weighted Centroid,,,False,False,False
12_haze_15_027,351609986,haze,15.0,5.0,0.27738730864459293,0.015594926692030261,0.0,5e-14,0.15,Gaussian Fitting,,,False,False,False
12_haze_15_027,351609986,haze,15.0,5.0,0.27738730864459293,0.015594926692030261,0.0,5e-14,0.15,PSF Fitting,,,False,False,False
12_haze_15_028,713443345,haze,15.0,5.0,0.27738730864459293,0.015594926692030261,0.0,5e-14,0.15,Intensity-Weighted Centroid,,,False,False,False
12_haze_15_028,713443345,haze,15.0,5.0,0.27738730864459293,0.015594926692030261,0.0,5e-14,0.15,Gaussian Fitting,,,False,False,False
12_haze_15_028,713443345,haze,15.0,5.0,0.27738730864459293,0.015594926692030261,0.0,5e-14,0.15,PSF Fitting,,,False,False,False
12_haze_15_029,744308979,haze,15.0,5.0,0.27738730864459293,0.015594926692030261,0.0,5e-14,0.15,Intensity-Weighted Centroid,,,False,False,False
12_haze_15_029,744308979,haze,15.0,5.0,0.27738730864459293,0.015594926692030261,0.0,5e-14,0.15,Gaussian Fitting,,,False,False,False
12_haze_15_029,744308979,haze,15.0,5.0,0.27738730864459293,0.015594926692030261,0.0,5e-14,0.15,PSF Fitting,,,False,False,False
12_haze_20_000,404624564,haze,20.0,5.0,0.27738730864459293,0.0038962287810446992,0.0,5e-14,0.15,Intensity-Weighted Centroid,,,False,False,False
12_haze_20_000,404624564,haze,20.0,5.0,0.27738730864459293,0.0038962287810446992,0.0,5e-14,0.15,Gaussian Fitting,,,False,False,False
12_haze_20_000,404624564,haze,20.0,5.0,0.27738730864459293,0.0038962287810446992,0.0,5e-14,0.15,PSF Fitting,,,False,False,False
12_haze_20_001,588938855,haze,20.0,5.0,0.27738730864459293,0.0038962287810446992,0.0,5e-14,0.15,Intensity-Weighted Centroid,,,False,False,False
12_haze_20_001,588938855,haze,20.0,5.0,0.27738730864459293,0.0038962287810446992,0.0,5e-14,0.15,Gaussian Fitting,,,False,False,False
12_haze_20_001,588938855,haze,20.0,5.0,0.27738730864459293,0.0038962287810446992,0.0,5e-14,0.15,PSF Fitting,,,False,False,False
12_haze_20_002,580003614,haze,20.0,5.0,0.27738730864459293,0.0038962287810446992,0.0,5e-14,0.15,Intensity-Weighted Centroid,,,False,False,False
12_haze_20_002,580003614,haze,20.0,5.0,0.27738730864459293,0.0038962287810446992,0.0,5e-14,0.15,Gaussian Fitting,,,False,False,False
12_haze_20_002,580003614,haze,20.0,5.0,0.27738730864459293,0.0038962287810446992,0.0,5e-14,0.15,PSF Fitting,,,False,False,False
12_haze_20_003,577724560,haze,20.0,5.0,0.27738730864459293,0.0038962287810446992,0.0,5e-14,0.15,Intensity-Weighted Centroid,,,False,False,False
12_haze_20_003,577724560,haze,20.0,5.0,0.27738730864459293,0.0038962287810446992,0.0,5e-14,0.15,Gaussian Fitting,,,False,False,False
12_haze_20_003,577724560,haze,20.0,5.0,0.27738730864459293,0.0038962287810446992,0.0,5e-14,0.15,PSF Fitting,,,False,False,False
12_haze_20_004,541877407,haze,20.0,5.0,0.27738730864459293,0.0038962287810446992,0.0,5e-14,0.15,Intensity-Weighted Centroid,,,False,False,False
12_haze_20_004,541877407,haze,20.0,5.0,0.27738730864459293,0.0038962287810446992,0.0,5e-14,0.15,Gaussian Fitting,,,False,False,False
12_haze_20_004,541877407,haze,20.0,5.0,0.27738730864459293,0.0038962287810446992,0.0,5e-14,0.15,PSF Fitting,,,False,False,False
12_haze_20_005,535220966,haze,20.0,5.0,0.27738730864459293,0.0038962287810446992,0.0,5e-14,0.15,Intensity-Weighted Centroid,,,False,False,False
12_haze_20_005,535220966,haze,20.0,5.0,0.27738730864459293,0.0038962287810446992,0.0,5e-14,0.15,Gaussian Fitting,,,False,False,False
12_haze_20_005,535220966,haze,20.0,5.0,0.27738730864459293,0.0038962287810446992,0.0,5e-14,0.15,PSF Fitting,,,False,False,False
12_haze_20_006,138961409,haze,20.0,5.0,0.27738730864459293,0.0038962287810446992,0.0,5e-14,0.15,Intensity-Weighted Centroid,,,False,False,False
12_haze_20_006,138961409,haze,20.0,5.0,0.27738730864459293,0.0038962287810446992,0.0,5e-14,0.15,Gaussian Fitting,,,False,False,False
12_haze_20_006,138961409,haze,20.0,5.0,0.27738730864459293,0.0038962287810446992,0.0,5e-14,0.15,PSF Fitting,,,False,False,False
12_haze_20_007,241608889,haze,20.0,5.0,0.27738730864459293,0.0038962287810446992,0.0,5e-14,0.15,Intensity-Weighted Centroid,,,False,False,False
12_haze_20_007,241608889,haze,20.0,5.0,0.27738730864459293,0.0038962287810446992,0.0,5e-14,0.15,Gaussian Fitting,,,False,False,False
12_haze_20_007,241608889,haze,20.0,5.0,0.27738730864459293,0.0038962287810446992,0.0,5e-14,0.15,PSF Fitting,,,False,False,False
12_haze_20_008,38674727,haze,20.0,5.0,0.27738730864459293,0.0038962287810446992,0.0,5e-14,0.15,Intensity-Weighted Centroid,,,False,False,False
12_haze_20_008,38674727,haze,20.0,5.0,0.27738730864459293,0.0038962287810446992,0.0,5e-14,0.15,Gaussian Fitting,,,False,False,False
12_haze_20_008,38674727,haze,20.0,5.0,0.27738730864459293,0.0038962287810446992,0.0,5e-14,0.15,PSF Fitting,,,False,False,False
12_haze_20_009,940728785,haze,20.0,5.0,0.27738730864459293,0.0038962287810446992,0.0,5e-14,0.15,Intensity-Weighted Centroid,,,False,False,False
12_haze_20_009,940728785,haze,20.0,5.0,0.27738730864459293,0.0038962287810446992,0.0,5e-14,0.15,Gaussian Fitting,,,False,False,False
12_haze_20_009,940728785,haze,20.0,5.0,0.27738730864459293,0.0038962287810446992,0.0,5e-14,0.15,PSF Fitting,,,False,False,False
12_haze_20_010,712136991,haze,20.0,5.0,0.27738730864459293,0.0038962287810446992,0.0,5e-14,0.15,Intensity-Weighted Centroid,,,False,False,False
12_haze_20_010,712136991,haze,20.0,5.0,0.27738730864459293,0.0038962287810446992,0.0,5e-14,0.15,Gaussian Fitting,,,False,False,False
12_haze_20_010,712136991,haze,20.0,5.0,0.27738730864459293,0.0038962287810446992,0.0,5e-14,0.15,PSF Fitting,,,False,False,False
12_haze_20_011,765392282,haze,20.0,5.0,0.27738730864459293,0.0038962287810446992,0.0,5e-14,0.15,Intensity-Weighted Centroid,,,False,False,False
12_haze_20_011,765392282,haze,20.0,5.0,0.27738730864459293,0.0038962287810446992,0.0,5e-14,0.15,Gaussian Fitting,,,False,False,False
12_haze_20_011,765392282,haze,20.0,5.0,0.27738730864459293,0.0038962287810446992,0.0,5e-14,0.15,PSF Fitting,,,False,False,False
12_haze_20_012,863857810,haze,20.0,5.0,0.27738730864459293,0.0038962287810446992,0.0,5e-14,0.15,Intensity-Weighted Centroid,,,False,False,False
12_haze_20_012,863857810,haze,20.0,5.0,0.27738730864459293,0.0038962287810446992,0.0,5e-14,0.15,Gaussian Fitting,,,False,False,False
12_haze_20_012,863857810,haze,20.0,5.0,0.27738730864459293,0.0038962287810446992,0.0,5e-14,0.15,PSF Fitting,,,False,False,False
12_haze_20_013,265687527,haze,20.0,5.0,0.27738730864459293,0.0038962287810446992,0.0,5e-14,0.15,Intensity-Weighted Centroid,,,False,False,False
12_haze_20_013,265687527,haze,20.0,5.0,0.27738730864459293,0.0038962287810446992,0.0,5e-14,0.15,Gaussian Fitting,,,False,False,False
12_haze_20_013,265687527,haze,20.0,5.0,0.27738730864459293,0.0038962287810446992,0.0,5e-14,0.15,PSF Fitting,,,False,False,False
12_haze_20_014,343361855,haze,20.0,5.0,0.27738730864459293,0.0038962287810446992,0.0,5e-14,0.15,Intensity-Weighted Centroid,,,False,False,False
12_haze_20_014,343361855,haze,20.0,5.0,0.27738730864459293,0.0038962287810446992,0.0,5e-14,0.15,Gaussian Fitting,,,False,False,False
12_haze_20_014,343361855,haze,20.0,5.0,0.27738730864459293,0.0038962287810446992,0.0,5e-14,0.15,PSF Fitting,,,False,False,False
12_haze_20_015,604310137,haze,20.0,5.0,0.27738730864459293,0.0038962287810446992,0.0,5e-14,0.15,Intensity-Weighted Centroid,,,False,False,False
12_haze_20_015,604310137,haze,20.0,5.0,0.27738730864459293,0.0038962287810446992,0.0,5e-14,0.15,Gaussian Fitting,,,False,False,False
12_haze_20_015,604310137,haze,20.0,5.0,0.27738730864459293,0.0038962287810446992,0.0,5e-14,0.15,PSF Fitting,,,False,False,False
12_haze_20_016,935616205,haze,20.0,5.0,0.27738730864459293,0.0038962287810446992,0.0,5e-14,0.15,Intensity-Weighted Centroid,,,False,False,False
12_haze_20_016,935616205,haze,20.0,5.0,0.27738730864459293,0.0038962287810446992,0.0,5e-14,0.15,Gaussian Fitting,,,False,False,False
12_haze_20_016,935616205,haze,20.0,5.0,0.27738730864459293,0.0038962287810446992,0.0,5e-14,0.15,PSF Fitting,,,False,False,False
12_haze_20_017,301519341,haze,20.0,5.0,0.27738730864459293,0.0038962287810446992,0.0,5e-14,0.15,Intensity-Weighted Centroid,,,False,False,False
12_haze_20_017,301519341,haze,20.0,5.0,0.27738730864459293,0.0038962287810446992,0.0,5e-14,0.15,Gaussian Fitting,,,False,False,False
12_haze_20_017,301519341,haze,20.0,5.0,0.27738730864459293,0.0038962287810446992,0.0,5e-14,0.15,PSF Fitting,,,False,False,False
12_haze_20_018,338519546,haze,20.0,5.0,0.27738730864459293,0.0038962287810446992,0.0,5e-14,0.15,Intensity-Weighted Centroid,,,False,False,False
12_haze_20_018,338519546,haze,20.0,5.0,0.27738730864459293,0.0038962287810446992,0.0,5e-14,0.15,Gaussian Fitting,,,False,False,False
12_haze_20_018,338519546,haze,20.0,5.0,0.27738730864459293,0.0038962287810446992,0.0,5e-14,0.15,PSF Fitting,,,False,False,False
12_haze_20_019,96933318,haze,20.0,5.0,0.27738730864459293,0.0038962287810446992,0.0,5e-14,0.15,Intensity-Weighted Centroid,,,False,False,False
12_haze_20_019,96933318,haze,20.0,5.0,0.27738730864459293,0.0038962287810446992,0.0,5e-14,0.15,Gaussian Fitting,,,False,False,False
12_haze_20_019,96933318,haze,20.0,5.0,0.27738730864459293,0.0038962287810446992,0.0,5e-14,0.15,PSF Fitting,,,False,False,False
12_haze_20_020,763138573,haze,20.0,5.0,0.27738730864459293,0.0038962287810446992,0.0,5e-14,0.15,Intensity-Weighted Centroid,,,False,False,False
12_haze_20_020,763138573,haze,20.0,5.0,0.27738730864459293,0.0038962287810446992,0.0,5e-14,0.15,Gaussian Fitting,,,False,False,False
12_haze_20_020,763138573,haze,20.0,5.0,0.27738730864459293,0.0038962287810446992,0.0,5e-14,0.15,PSF Fitting,,,False,False,False
12_haze_20_021,117872896,haze,20.0,5.0,0.27738730864459293,0.0038962287810446992,0.0,5e-14,0.15,Intensity-Weighted Centroid,,,False,False,False
12_haze_20_021,117872896,haze,20.0,5.0,0.27738730864459293,0.0038962287810446992,0.0,5e-14,0.15,Gaussian Fitting,,,False,False,False
12_haze_20_021,117872896,haze,20.0,5.0,0.27738730864459293,0.0038962287810446992,0.0,5e-14,0.15,PSF Fitting,,,False,False,False
12_haze_20_022,309623600,haze,20.0,5.0,0.27738730864459293,0.0038962287810446992,0.0,5e-14,0.15,Intensity-Weighted Centroid,,,False,False,False
12_haze_20_022,309623600,haze,20.0,5.0,0.27738730864459293,0.0038962287810446992,0.0,5e-14,0.15,Gaussian Fitting,,,False,False,False
12_haze_20_022,309623600,haze,20.0,5.0,0.27738730864459293,0.0038962287810446992,0.0,5e-14,0.15,PSF Fitting,,,False,False,False
12_haze_20_023,893923234,haze,20.0,5.0,0.27738730864459293,0.0038962287810446992,0.0,5e-14,0.15,Intensity-Weighted Centroid,,,False,False,False
12_haze_20_023,893923234,haze,20.0,5.0,0.27738730864459293,0.0038962287810446992,0.0,5e-14,0.15,Gaussian Fitting,,,False,False,False
12_haze_20_023,893923234,haze,20.0,5.0,0.27738730864459293,0.0038962287810446992,0.0,5e-14,0.15,PSF Fitting,,,False,False,False
12_haze_20_024,207182332,haze,20.0,5.0,0.27738730864459293,0.0038962287810446992,0.0,5e-14,0.15,Intensity-Weighted Centroid,,,False,False,False
12_haze_20_024,207182332,haze,20.0,5.0,0.27738730864459293,0.0038962287810446992,0.0,5e-14,0.15,Gaussian Fitting,,,False,False,False
12_haze_20_024,207182332,haze,20.0,5.0,0.27738730864459293,0.0038962287810446992,0.0,5e-14,0.15,PSF Fitting,,,False,False,False
12_haze_20_025,931167873,haze,20.0,5.0,0.27738730864459293,0.0038962287810446992,0.0,5e-14,0.15,Intensity-Weighted Centroid,,,False,False,False
12_haze_20_025,931167873,haze,20.0,5.0,0.27738730864459293,0.0038962287810446992,0.0,5e-14,0.15,Gaussian Fitting,,,False,False,False
12_haze_20_025,931167873,haze,20.0,5.0,0.27738730864459293,0.0038962287810446992,0.0,5e-14,0.15,PSF Fitting,,,False,False,False
12_haze_20_026,114126834,haze,20.0,5.0,0.27738730864459293,0.0038962287810446992,0.0,5e-14,0.15,Intensity-Weighted Centroid,,,False,False,False
12_haze_20_026,114126834,haze,20.0,5.0,0.27738730864459293,0.0038962287810446992,0.0,5e-14,0.15,Gaussian Fitting,,,False,False,False
12_haze_20_026,114126834,haze,20.0,5.0,0.27738730864459293,0.0038962287810446992,0.0,5e-14,0.15,PSF Fitting,,,False,False,False
12_haze_20_027,781834645,haze,20.0,5.0,0.27738730864459293,0.0038962287810446992,0.0,5e-14,0.15,Intensity-Weighted Centroid,,,False,False,False
12_haze_20_027,781834645,haze,20.0,5.0,0.27738730864459293,0.0038962287810446992,0.0,5e-14,0.15,Gaussian Fitting,,,False,False,False
12_haze_20_027,781834645,haze,20.0,5.0,0.27738730864459293,0.0038962287810446992,0.0,5e-14,0.15,PSF Fitting,,,False,False,False
12_haze_20_028,457890921,haze,20.0,5.0,0.27738730864459293,0.0038962287810446992,0.0,5e-14,0.15,Intensity-Weighted Centroid,,,False,False,False
12_haze_20_028,457890921,haze,20.0,5.0,0.27738730864459293,0.0038962287810446992,0.0,5e-14,0.15,Gaussian Fitting,,,False,False,False
12_haze_20_028,457890921,haze,20.0,5.0,0.27738730864459293,0.0038962287810446992,0.0,5e-14,0.15,PSF Fitting,,,False,False,False
12_haze_20_029,462437866,haze,20.0,5.0,0.27738730864459293,0.0038962287810446992,0.0,5e-14,0.15,Intensity-Weighted Centroid,,,False,False,False
12_haze_20_029,462437866,haze,20.0,5.0,0.27738730864459293,0.0038962287810446992,0.0,5e-14,0.15,Gaussian Fitting,,,False,False,False
12_haze_20_029,462437866,haze,20.0,5.0,0.27738730864459293,0.0038962287810446992,0.0,5e-14,0.15,PSF Fitting,,,False,False,False
12_fog_1_000,810337039,fog,1.0,1.5,1.3024475033106715,0.2718655861726114,41.15670893809948,1e-14,0.4,Intensity-Weighted Centroid,0.6822615569343651,341.13077292082755,True,False,True
12_fog_1_000,810337039,fog,1.0,1.5,1.3024475033106715,0.2718655861726114,41.15670893809948,1e-14,0.4,Gaussian Fitting,0.07837679865604373,39.18839925332621,True,False,True
12_fog_1_000,810337039,fog,1.0,1.5,1.3024475033106715,0.2718655861726114,41.15670893809948,1e-14,0.4,PSF Fitting,0.07801053946850066,39.0052696584526,True,False,True
12_fog_1_001,479074529,fog,1.0,1.5,1.3024475033106715,0.2718655861726114,41.2186621266507,1e-14,0.4,Intensity-Weighted Centroid,0.4061248950028256,203.06244678651336,True,False,True
12_fog_1_001,479074529,fog,1.0,1.5,1.3024475033106715,0.2718655861726114,41.2186621266507,1e-14,0.4,Gaussian Fitting,0.2779313163729267,138.96565412114143,True,False,True
12_fog_1_001,479074529,fog,1.0,1.5,1.3024475033106715,0.2718655861726114,41.2186621266507,1e-14,0.4,PSF Fitting,0.33891080763779535,169.45540022464624,True,False,True
12_fog_1_002,889322255,fog,1.0,1.5,1.3024475033106715,0.2718655861726114,43.68314992029141,1e-14,0.4,Intensity-Weighted Centroid,0.4153049966277737,207.65249002835003,True,False,True
12_fog_1_002,889322255,fog,1.0,1.5,1.3024475033106715,0.2718655861726114,43.68314992029141,1e-14,0.4,Gaussian Fitting,0.13162739475480506,65.81369649119043,True,False,True
12_fog_1_002,889322255,fog,1.0,1.5,1.3024475033106715,0.2718655861726114,43.68314992029141,1e-14,0.4,PSF Fitting,0.14035648869666997,70.1782433208646,True,False,True
12_fog_1_003,712462608,fog,1.0,1.5,1.3024475033106715,0.2718655861726114,41.100606076378284,1e-14,0.4,Intensity-Weighted Centroid,0.2373004256969557,118.6502118058726,True,False,True
12_fog_1_003,712462608,fog,1.0,1.5,1.3024475033106715,0.2718655861726114,41.100606076378284,1e-14,0.4,Gaussian Fitting,0.16972156754878087,84.86078140943773,True,False,True
12_fog_1_003,712462608,fog,1.0,1.5,1.3024475033106715,0.2718655861726114,41.100606076378284,1e-14,0.4,PSF Fitting,0.15311466641303198,76.55733101641148,True,False,True
12_fog_1_004,658235391,fog,1.0,1.5,1.3024475033106715,0.2718655861726114,41.11748946421658,1e-14,0.4,Intensity-Weighted Centroid,0.6288010055343435,314.40049993047006,True,False,True
12_fog_1_004,658235391,fog,1.0,1.5,1.3024475033106715,0.2718655861726114,41.11748946421658,1e-14,0.4,Gaussian Fitting,0.08936117821699271,44.680588601781835,True,False,True
12_fog_1_004,658235391,fog,1.0,1.5,1.3024475033106715,0.2718655861726114,41.11748946421658,1e-14,0.4,PSF Fitting,0.09817402126070539,49.087010040449854,True,False,True
12_fog_1_005,443031793,fog,1.0,1.5,1.3024475033106715,0.2718655861726114,40.746290440970824,1e-14,0.4,Intensity-Weighted Centroid,0.2650122529087754,132.50612615793878,True,False,True
12_fog_1_005,443031793,fog,1.0,1.5,1.3024475033106715,0.2718655861726114,40.746290440970824,1e-14,0.4,Gaussian Fitting,0.10099285433116886,50.496427114729165,True,False,True
12_fog_1_005,443031793,fog,1.0,1.5,1.3024475033106715,0.2718655861726114,40.746290440970824,1e-14,0.4,PSF Fitting,0.10221336513371533,51.10668251504021,True,False,True
12_fog_1_006,779939559,fog,1.0,1.5,1.3024475033106715,0.2718655861726114,41.2527860531186,1e-14,0.4,Intensity-Weighted Centroid,0.48824483712036043,244.12240858776377,True,False,True
12_fog_1_006,779939559,fog,1.0,1.5,1.3024475033106715,0.2718655861726114,41.2527860531186,1e-14,0.4,Gaussian Fitting,0.10940056029050249,54.70027928337725,True,False,True
12_fog_1_006,779939559,fog,1.0,1.5,1.3024475033106715,0.2718655861726114,41.2527860531186,1e-14,0.4,PSF Fitting,0.10703907643433949,53.519537386480884,True,False,True
12_fog_1_007,570288017,fog,1.0,1.5,1.3024475033106715,0.2718655861726114,41.23188472589505,1e-14,0.4,Intensity-Weighted Centroid,0.5282944278306272,264.1472027987744,True,False,True
12_fog_1_007,570288017,fog,1.0,1.5,1.3024475033106715,0.2718655861726114,41.23188472589505,1e-14,0.4,Gaussian Fitting,0.351528077361158,175.76403838006178,True,False,True
12_fog_1_007,570288017,fog,1.0,1.5,1.3024475033106715,0.2718655861726114,41.23188472589505,1e-14,0.4,PSF Fitting,0.3819122037600489,190.95610143944202,True,False,True
12_fog_1_008,688297137,fog,1.0,1.5,1.3024475033106715,0.2718655861726114,40.154672377754146,1e-14,0.4,Intensity-Weighted Centroid,0.2467730485512893,123.38652387562091,True,False,True
12_fog_1_008,688297137,fog,1.0,1.5,1.3024475033106715,0.2718655861726114,40.154672377754146,1e-14,0.4,Gaussian Fitting,0.11382816793776009,56.91408235694991,True,False,True
12_fog_1_008,688297137,fog,1.0,1.5,1.3024475033106715,0.2718655861726114,40.154672377754146,1e-14,0.4,PSF Fitting,0.10768265058774726,53.841323801927004,True,False,True
12_fog_1_009,988327816,fog,1.0,1.5,1.3024475033106715,0.2718655861726114,41.72196658508078,1e-14,0.4,Intensity-Weighted Centroid,0.14144805778058947,70.72402844341966,True,False,True
12_fog_1_009,988327816,fog,1.0,1.5,1.3024475033106715,0.2718655861726114,41.72196658508078,1e-14,0.4,Gaussian Fitting,0.4059437433205558,202.9718694246384,True,False,True
12_fog_1_009,988327816,fog,1.0,1.5,1.3024475033106715,0.2718655861726114,41.72196658508078,1e-14,0.4,PSF Fitting,0.3947979483583126,197.39897233525392,True,False,True
12_fog_1_010,190892702,fog,1.0,1.5,1.3024475033106715,0.2718655861726114,39.94740611052421,1e-14,0.4,Intensity-Weighted Centroid,0.31072421360245484,155.36210470593693,True,False,True
12_fog_1_010,190892702,fog,1.0,1.5,1.3024475033106715,0.2718655861726114,39.94740611052421,1e-14,0.4,Gaussian Fitting,0.15059008388863335,75.29503977712409,True,False,True
12_fog_1_010,190892702,fog,1.0,1.5,1.3024475033106715,0.2718655861726114,39.94740611052421,1e-14,0.4,PSF Fitting,0.11810795698687705,59.053976726041704,True,False,True
12_fog_1_011,967837339,fog,1.0,1.5,1.3024475033106715,0.2718655861726114,41.26796384933183,1e-14,0.4,Intensity-Weighted Centroid,1.1477204676934023,573.8601768848084,True,False,True
12_fog_1_011,967837339,fog,1.0,1.5,1.3024475033106715,0.2718655861726114,41.26796384933183,1e-14,0.4,Gaussian Fitting,0.17164256035224845,85.8212796009619,True,False,True
12_fog_1_011,967837339,fog,1.0,1.5,1.3024475033106715,0.2718655861726114,41.26796384933183,1e-14,0.4,PSF Fitting,0.1911745533951356,95.5872761388123,True,False,True
12_fog_1_012,557373839,fog,1.0,1.5,1.3024475033106715,0.2718655861726114,40.54127864422965,1e-14,0.4,Intensity-Weighted Centroid,0.552352179536856,276.1760884382008,True,False,True
12_fog_1_012,557373839,fog,1.0,1.5,1.3024475033106715,0.2718655861726114,40.54127864422965,1e-14,0.4,Gaussian Fitting,0.4022049723896546,201.10248540567687,True,False,True
12_fog_1_012,557373839,fog,1.0,1.5,1.3024475033106715,0.2718655861726114,40.54127864422965,1e-14,0.4,PSF Fitting,0.39801142561075636,199.00571201891137,True,False,True
12_fog_1_013,280630175,fog,1.0,1.5,1.3024475033106715,0.2718655861726114,38.55372922963418,1e-14,0.4,Intensity-Weighted Centroid,0.39162061630768963,195.8103072780497,True,False,True
12_fog_1_013,280630175,fog,1.0,1.5,1.3024475033106715,0.2718655861726114,38.55372922963418,1e-14,0.4,Gaussian Fitting,0.11388332025984628,56.94165992022881,True,False,True
12_fog_1_013,280630175,fog,1.0,1.5,1.3024475033106715,0.2718655861726114,38.55372922963418,1e-14,0.4,PSF Fitting,0.11730748850211221,58.65374413199965,True,False,True
12_fog_1_014,135150566,fog,1.0,1.5,1.3024475033106715,0.2718655861726114,40.92594798356193,1e-14,0.4,Intensity-Weighted Centroid,0.5039586315475083,251.97931363587827,True,False,True
12_fog_1_014,135150566,fog,1.0,1.5,1.3024475033106715,0.2718655861726114,40.92594798356193,1e-14,0.4,Gaussian Fitting,0.1346783354059797,67.33916628389848,True,False,True
12_fog_1_014,135150566,fog,1.0,1.5,1.3024475033106715,0.2718655861726114,40.92594798356193,1e-14,0.4,PSF Fitting,0.11789968235404465,58.949839933187874,True,False,True
12_fog_1_015,646123805,fog,1.0,1.5,1.3024475033106715,0.2718655861726114,40.48918247954192,1e-14,0.4,Intensity-Weighted Centroid,0.9565126768224185,478.25626887651856,True,False,True
12_fog_1_015,646123805,fog,1.0,1.5,1.3024475033106715,0.2718655861726114,40.48918247954192,1e-14,0.4,Gaussian Fitting,0.13573009777714082,67.86504842807753,True,False,True
12_fog_1_015,646123805,fog,1.0,1.5,1.3024475033106715,0.2718655861726114,40.48918247954192,1e-14,0.4,PSF Fitting,0.13461111809419338,67.30555862263405,True,False,True
12_fog_1_016,190775252,fog,1.0,1.5,1.3024475033106715,0.2718655861726114,40.72161205998631,1e-14,0.4,Intensity-Weighted Centroid,0.5026541285616768,251.32705907688822,True,False,True
12_fog_1_016,190775252,fog,1.0,1.5,1.3024475033106715,0.2718655861726114,40.72161205998631,1e-14,0.4,Gaussian Fitting,0.2637033708269173,131.85168243726648,True,False,True
12_fog_1_016,190775252,fog,1.0,1.5,1.3024475033106715,0.2718655861726114,40.72161205998631,1e-14,0.4,PSF Fitting,0.26993250370127087,134.96624883047838,True,False,True
12_fog_1_017,317628961,fog,1.0,1.5,1.3024475033106715,0.2718655861726114,40.86512674455443,1e-14,0.4,Intensity-Weighted Centroid,0.69515627271687,347.57812963708176,True,False,True
12_fog_1_017,317628961,fog,1.0,1.5,1.3024475033106715,0.2718655861726114,40.86512674455443,1e-14,0.4,Gaussian Fitting,0.18276061460922594,91.38030257799345,True,False,True
12_fog_1_017,317628961,fog,1.0,1.5,1.3024475033106715,0.2718655861726114,40.86512674455443,1e-14,0.4,PSF Fitting,0.18761252417293522,93.80625728081176,True,False,True
12_fog_1_018,205537335,fog,1.0,1.5,1.3024475033106715,0.2718655861726114,40.82522334021246,1e-14,0.4,Intensity-Weighted Centroid,0.16446772805498627,82.23386207850639,True,False,True
12_fog_1_018,205537335,fog,1.0,1.5,1.3024475033106715,0.2718655861726114,40.82522334021246,1e-14,0.4,Gaussian Fitting,0.21723388179478006,108.61693868594254,True,False,True
12_fog_1_018,205537335,fog,1.0,1.5,1.3024475033106715,0.2718655861726114,40.82522334021246,1e-14,0.4,PSF Fitting,0.21083027844721244,105.41513700552083,True,False,True
12_fog_1_019,390219976,fog,1.0,1.5,1.3024475033106715,0.2718655861726114,41.6414228150562,1e-14,0.4,Intensity-Weighted Centroid,0.851391505794925,425.6956970617927,True,False,True
12_fog_1_019,390219976,fog,1.0,1.5,1.3024475033106715,0.2718655861726114,41.6414228150562,1e-14,0.4,Gaussian Fitting,0.32902542438575116,164.51270686010315,True,False,True
12_fog_1_019,390219976,fog,1.0,1.5,1.3024475033106715,0.2718655861726114,41.6414228150562,1e-14,0.4,PSF Fitting,0.3403355366905952,170.16776226010404,True,False,True
12_fog_1_020,520637189,fog,1.0,1.5,1.3024475033106715,0.2718655861726114,41.68546984046004,1e-14,0.4,Intensity-Weighted Centroid,0.3490286210801326,174.51430665463587,True,False,True
12_fog_1_020,520637189,fog,1.0,1.5,1.3024475033106715,0.2718655861726114,41.68546984046004,1e-14,0.4,Gaussian Fitting,0.3229231908866879,161.46159216323449,True,False,True
12_fog_1_020,520637189,fog,1.0,1.5,1.3024475033106715,0.2718655861726114,41.68546984046004,1e-14,0.4,PSF Fitting,0.3276569340905745,163.8284636088192,True,False,True
12_fog_1_021,830323371,fog,1.0,1.5,1.3024475033106715,0.2718655861726114,38.196094321037485,1e-14,0.4,Intensity-Weighted Centroid,1.0272061055534867,513.6030220664605,True,False,True
12_fog_1_021,830323371,fog,1.0,1.5,1.3024475033106715,0.2718655861726114,38.196094321037485,1e-14,0.4,Gaussian Fitting,0.25003591317967183,125.01794981988003,True,False,True
12_fog_1_021,830323371,fog,1.0,1.5,1.3024475033106715,0.2718655861726114,38.196094321037485,1e-14,0.4,PSF Fitting,0.27293413937724054,136.46706324766336,True,False,True
12_fog_1_022,553928620,fog,1.0,1.5,1.3024475033106715,0.2718655861726114,41.28466521403756,1e-14,0.4,Intensity-Weighted Centroid,0.4418403664951653,220.9201791807428,True,False,True
12_fog_1_022,553928620,fog,1.0,1.5,1.3024475033106715,0.2718655861726114,41.28466521403756,1e-14,0.4,Gaussian Fitting,0.18152517001852067,90.76258411298127,True,False,True
12_fog_1_022,553928620,fog,1.0,1.5,1.3024475033106715,0.2718655861726114,41.28466521403756,1e-14,0.4,PSF Fitting,0.18977119165287265,94.88559484332222,True,False,True
12_fog_1_023,175528852,fog,1.0,1.5,1.3024475033106715,0.2718655861726114,41.58177388555177,1e-14,0.4,Intensity-Weighted Centroid,0.4214847835125528,210.7423894821764,True,False,True
12_fog_1_023,175528852,fog,1.0,1.5,1.3024475033106715,0.2718655861726114,41.58177388555177,1e-14,0.4,Gaussian Fitting,0.34484737218875783,172.42368465421532,True,False,True
12_fog_1_023,175528852,fog,1.0,1.5,1.3024475033106715,0.2718655861726114,41.58177388555177,1e-14,0.4,PSF Fitting,0.3501881586997132,175.09407785117094,True,False,True
12_fog_1_024,26486458,fog,1.0,1.5,1.3024475033106715,0.2718655861726114,41.203538897033184,1e-14,0.4,Intensity-Weighted Centroid,0.1818504708083237,90.92523313603819,True,False,True
12_fog_1_024,26486458,fog,1.0,1.5,1.3024475033106715,0.2718655861726114,41.203538897033184,1e-14,0.4,Gaussian Fitting,0.36895648838693873,184.47824008652123,True,False,True
12_fog_1_024,26486458,fog,1.0,1.5,1.3024475033106715,0.2718655861726114,41.203538897033184,1e-14,0.4,PSF Fitting,0.2500471482387685,125.02357246718418,True,False,True
12_fog_1_025,27812872,fog,1.0,1.5,1.3024475033106715,0.2718655861726114,40.73889943062751,1e-14,0.4,Intensity-Weighted Centroid,0.4355240176798006,217.762005227153,True,False,True
12_fog_1_025,27812872,fog,1.0,1.5,1.3024475033106715,0.2718655861726114,40.73889943062751,1e-14,0.4,Gaussian Fitting,0.3932166258379301,196.60830206848487,True,False,True
12_fog_1_025,27812872,fog,1.0,1.5,1.3024475033106715,0.2718655861726114,40.73889943062751,1e-14,0.4,PSF Fitting,0.37568848092926,187.84423059961122,True,False,True
12_fog_1_026,36165441,fog,1.0,1.5,1.3024475033106715,0.2718655861726114,40.770256408173324,1e-14,0.4,Intensity-Weighted Centroid,0.6366851522175835,318.3425734964803,True,False,True
12_fog_1_026,36165441,fog,1.0,1.5,1.3024475033106715,0.2718655861726114,40.770256408173324,1e-14,0.4,Gaussian Fitting,0.19177127000910757,95.88563357450955,True,False,True
12_fog_1_026,36165441,fog,1.0,1.5,1.3024475033106715,0.2718655861726114,40.770256408173324,1e-14,0.4,PSF Fitting,0.20236588570047276,101.18294141182506,True,False,True
12_fog_1_027,336384841,fog,1.0,1.5,1.3024475033106715,0.2718655861726114,40.343319715322274,1e-14,0.4,Intensity-Weighted Centroid,0.42935216995511616,214.67608117991696,True,False,True
12_fog_1_027,336384841,fog,1.0,1.5,1.3024475033106715,0.2718655861726114,40.343319715322274,1e-14,0.4,Gaussian Fitting,0.10203814629552352,51.01907306399568,True,False,True
12_fog_1_027,336384841,fog,1.0,1.5,1.3024475033106715,0.2718655861726114,40.343319715322274,1e-14,0.4,PSF Fitting,0.09523132910659403,47.6156644827771,True,False,True
12_fog_1_028,124128360,fog,1.0,1.5,1.3024475033106715,0.2718655861726114,40.98056699000187,1e-14,0.4,Intensity-Weighted Centroid,0.3190991900436837,159.54959335715768,True,False,True
12_fog_1_028,124128360,fog,1.0,1.5,1.3024475033106715,0.2718655861726114,40.98056699000187,1e-14,0.4,Gaussian Fitting,0.2895356052984705,144.76779947315848,True,False,True
12_fog_1_028,124128360,fog,1.0,1.5,1.3024475033106715,0.2718655861726114,40.98056699000187,1e-14,0.4,PSF Fitting,0.2896658223140322,144.83290798804657,True,False,True
12_fog_1_029,501169098,fog,1.0,1.5,1.3024475033106715,0.2718655861726114,42.26566466414175,1e-14,0.4,Intensity-Weighted Centroid,0.1935864006447089,96.79319682225226,True,False,True
12_fog_1_029,501169098,fog,1.0,1.5,1.3024475033106715,0.2718655861726114,42.26566466414175,1e-14,0.4,Gaussian Fitting,0.18984455097165365,94.92227215818801,True,False,True
12_fog_1_029,501169098,fog,1.0,1.5,1.3024475033106715,0.2718655861726114,42.26566466414175,1e-14,0.4,PSF Fitting,0.20509237309864442,102.54618306895205,True,False,True
12_fog_2_000,26001959,fog,2.0,1.5,1.3024475033106715,0.0739108969449776,11.025120540539604,1e-14,0.4,Intensity-Weighted Centroid,,,False,False,False
12_fog_2_000,26001959,fog,2.0,1.5,1.3024475033106715,0.0739108969449776,11.025120540539604,1e-14,0.4,Gaussian Fitting,,,False,False,False
12_fog_2_000,26001959,fog,2.0,1.5,1.3024475033106715,0.0739108969449776,11.025120540539604,1e-14,0.4,PSF Fitting,,,False,False,False
12_fog_2_001,788227285,fog,2.0,1.5,1.3024475033106715,0.0739108969449776,10.955536509741053,1e-14,0.4,Intensity-Weighted Centroid,,,False,False,False
12_fog_2_001,788227285,fog,2.0,1.5,1.3024475033106715,0.0739108969449776,10.955536509741053,1e-14,0.4,Gaussian Fitting,,,False,False,False
12_fog_2_001,788227285,fog,2.0,1.5,1.3024475033106715,0.0739108969449776,10.955536509741053,1e-14,0.4,PSF Fitting,,,False,False,False
12_fog_2_002,138809083,fog,2.0,1.5,1.3024475033106715,0.0739108969449776,11.092547549231215,1e-14,0.4,Intensity-Weighted Centroid,,,False,False,False
12_fog_2_002,138809083,fog,2.0,1.5,1.3024475033106715,0.0739108969449776,11.092547549231215,1e-14,0.4,Gaussian Fitting,,,False,False,False
12_fog_2_002,138809083,fog,2.0,1.5,1.3024475033106715,0.0739108969449776,11.092547549231215,1e-14,0.4,PSF Fitting,,,False,False,False
12_fog_2_003,774267964,fog,2.0,1.5,1.3024475033106715,0.0739108969449776,10.961528954975268,1e-14,0.4,Intensity-Weighted Centroid,,,False,False,False
12_fog_2_003,774267964,fog,2.0,1.5,1.3024475033106715,0.0739108969449776,10.961528954975268,1e-14,0.4,Gaussian Fitting,,,False,False,False
12_fog_2_003,774267964,fog,2.0,1.5,1.3024475033106715,0.0739108969449776,10.961528954975268,1e-14,0.4,PSF Fitting,,,False,False,False
12_fog_2_004,889208215,fog,2.0,1.5,1.3024475033106715,0.0739108969449776,10.926989085298343,1e-14,0.4,Intensity-Weighted Centroid,,,False,False,False
12_fog_2_004,889208215,fog,2.0,1.5,1.3024475033106715,0.0739108969449776,10.926989085298343,1e-14,0.4,Gaussian Fitting,,,False,False,False
12_fog_2_004,889208215,fog,2.0,1.5,1.3024475033106715,0.0739108969449776,10.926989085298343,1e-14,0.4,PSF Fitting,,,False,False,False
12_fog_2_005,155395633,fog,2.0,1.5,1.3024475033106715,0.0739108969449776,10.756210726582223,1e-14,0.4,Intensity-Weighted Centroid,,,False,False,False
12_fog_2_005,155395633,fog,2.0,1.5,1.3024475033106715,0.0739108969449776,10.756210726582223,1e-14,0.4,Gaussian Fitting,,,False,False,False
12_fog_2_005,155395633,fog,2.0,1.5,1.3024475033106715,0.0739108969449776,10.756210726582223,1e-14,0.4,PSF Fitting,,,False,False,False
12_fog_2_006,604339170,fog,2.0,1.5,1.3024475033106715,0.0739108969449776,11.375896231851012,1e-14,0.4,Intensity-Weighted Centroid,,,False,False,False
12_fog_2_006,604339170,fog,2.0,1.5,1.3024475033106715,0.0739108969449776,11.375896231851012,1e-14,0.4,Gaussian Fitting,,,False,False,False
12_fog_2_006,604339170,fog,2.0,1.5,1.3024475033106715,0.0739108969449776,11.375896231851012,1e-14,0.4,PSF Fitting,,,False,False,False
12_fog_2_007,667075643,fog,2.0,1.5,1.3024475033106715,0.0739108969449776,10.90533513447537,1e-14,0.4,Intensity-Weighted Centroid,,,False,False,False
12_fog_2_007,667075643,fog,2.0,1.5,1.3024475033106715,0.0739108969449776,10.90533513447537,1e-14,0.4,Gaussian Fitting,,,False,False,False
12_fog_2_007,667075643,fog,2.0,1.5,1.3024475033106715,0.0739108969449776,10.90533513447537,1e-14,0.4,PSF Fitting,,,False,False,False
12_fog_2_008,110040784,fog,2.0,1.5,1.3024475033106715,0.0739108969449776,10.578250195179084,1e-14,0.4,Intensity-Weighted Centroid,,,False,False,False
12_fog_2_008,110040784,fog,2.0,1.5,1.3024475033106715,0.0739108969449776,10.578250195179084,1e-14,0.4,Gaussian Fitting,,,False,False,False
12_fog_2_008,110040784,fog,2.0,1.5,1.3024475033106715,0.0739108969449776,10.578250195179084,1e-14,0.4,PSF Fitting,,,False,False,False
12_fog_2_009,16039180,fog,2.0,1.5,1.3024475033106715,0.0739108969449776,0.0,1e-14,0.4,Intensity-Weighted Centroid,,,False,False,False
12_fog_2_009,16039180,fog,2.0,1.5,1.3024475033106715,0.0739108969449776,0.0,1e-14,0.4,Gaussian Fitting,,,False,False,False
12_fog_2_009,16039180,fog,2.0,1.5,1.3024475033106715,0.0739108969449776,0.0,1e-14,0.4,PSF Fitting,,,False,False,False
12_fog_2_010,545410434,fog,2.0,1.5,1.3024475033106715,0.0739108969449776,10.803072417963861,1e-14,0.4,Intensity-Weighted Centroid,,,False,False,False
12_fog_2_010,545410434,fog,2.0,1.5,1.3024475033106715,0.0739108969449776,10.803072417963861,1e-14,0.4,Gaussian Fitting,,,False,False,False
12_fog_2_010,545410434,fog,2.0,1.5,1.3024475033106715,0.0739108969449776,10.803072417963861,1e-14,0.4,PSF Fitting,,,False,False,False
12_fog_2_011,356320854,fog,2.0,1.5,1.3024475033106715,0.0739108969449776,10.65127366135357,1e-14,0.4,Intensity-Weighted Centroid,,,False,False,False
12_fog_2_011,356320854,fog,2.0,1.5,1.3024475033106715,0.0739108969449776,10.65127366135357,1e-14,0.4,Gaussian Fitting,,,False,False,False
12_fog_2_011,356320854,fog,2.0,1.5,1.3024475033106715,0.0739108969449776,10.65127366135357,1e-14,0.4,PSF Fitting,,,False,False,False
12_fog_2_012,954079661,fog,2.0,1.5,1.3024475033106715,0.0739108969449776,11.226350089648543,1e-14,0.4,Intensity-Weighted Centroid,,,False,False,False
12_fog_2_012,954079661,fog,2.0,1.5,1.3024475033106715,0.0739108969449776,11.226350089648543,1e-14,0.4,Gaussian Fitting,,,False,False,False
12_fog_2_012,954079661,fog,2.0,1.5,1.3024475033106715,0.0739108969449776,11.226350089648543,1e-14,0.4,PSF Fitting,,,False,False,False
12_fog_2_013,117954752,fog,2.0,1.5,1.3024475033106715,0.0739108969449776,11.265637802654622,1e-14,0.4,Intensity-Weighted Centroid,,,False,False,False
12_fog_2_013,117954752,fog,2.0,1.5,1.3024475033106715,0.0739108969449776,11.265637802654622,1e-14,0.4,Gaussian Fitting,,,False,False,False
12_fog_2_013,117954752,fog,2.0,1.5,1.3024475033106715,0.0739108969449776,11.265637802654622,1e-14,0.4,PSF Fitting,,,False,False,False
12_fog_2_014,23255117,fog,2.0,1.5,1.3024475033106715,0.0739108969449776,10.937319920505303,1e-14,0.4,Intensity-Weighted Centroid,,,False,False,False
12_fog_2_014,23255117,fog,2.0,1.5,1.3024475033106715,0.0739108969449776,10.937319920505303,1e-14,0.4,Gaussian Fitting,,,False,False,False
12_fog_2_014,23255117,fog,2.0,1.5,1.3024475033106715,0.0739108969449776,10.937319920505303,1e-14,0.4,PSF Fitting,,,False,False,False
12_fog_2_015,151565485,fog,2.0,1.5,1.3024475033106715,0.0739108969449776,11.499423884750778,1e-14,0.4,Intensity-Weighted Centroid,,,False,False,False
12_fog_2_015,151565485,fog,2.0,1.5,1.3024475033106715,0.0739108969449776,11.499423884750778,1e-14,0.4,Gaussian Fitting,,,False,False,False
12_fog_2_015,151565485,fog,2.0,1.5,1.3024475033106715,0.0739108969449776,11.499423884750778,1e-14,0.4,PSF Fitting,,,False,False,False
12_fog_2_016,817171345,fog,2.0,1.5,1.3024475033106715,0.0739108969449776,10.72983473038382,1e-14,0.4,Intensity-Weighted Centroid,,,False,False,False
12_fog_2_016,817171345,fog,2.0,1.5,1.3024475033106715,0.0739108969449776,10.72983473038382,1e-14,0.4,Gaussian Fitting,,,False,False,False
12_fog_2_016,817171345,fog,2.0,1.5,1.3024475033106715,0.0739108969449776,10.72983473038382,1e-14,0.4,PSF Fitting,,,False,False,False
12_fog_2_017,531431066,fog,2.0,1.5,1.3024475033106715,0.0739108969449776,11.139079313814486,1e-14,0.4,Intensity-Weighted Centroid,,,False,False,False
12_fog_2_017,531431066,fog,2.0,1.5,1.3024475033106715,0.0739108969449776,11.139079313814486,1e-14,0.4,Gaussian Fitting,,,False,False,False
12_fog_2_017,531431066,fog,2.0,1.5,1.3024475033106715,0.0739108969449776,11.139079313814486,1e-14,0.4,PSF Fitting,,,False,False,False
12_fog_2_018,697891729,fog,2.0,1.5,1.3024475033106715,0.0739108969449776,10.955162287706626,1e-14,0.4,Intensity-Weighted Centroid,,,False,False,False
12_fog_2_018,697891729,fog,2.0,1.5,1.3024475033106715,0.0739108969449776,10.955162287706626,1e-14,0.4,Gaussian Fitting,,,False,False,False
12_fog_2_018,697891729,fog,2.0,1.5,1.3024475033106715,0.0739108969449776,10.955162287706626,1e-14,0.4,PSF Fitting,,,False,False,False
12_fog_2_019,892794859,fog,2.0,1.5,1.3024475033106715,0.0739108969449776,11.49996441021447,1e-14,0.4,Intensity-Weighted Centroid,,,False,False,False
12_fog_2_019,892794859,fog,2.0,1.5,1.3024475033106715,0.0739108969449776,11.49996441021447,1e-14,0.4,Gaussian Fitting,,,False,False,False
12_fog_2_019,892794859,fog,2.0,1.5,1.3024475033106715,0.0739108969449776,11.49996441021447,1e-14,0.4,PSF Fitting,,,False,False,False
12_fog_2_020,178999806,fog,2.0,1.5,1.3024475033106715,0.0739108969449776,10.927443267541223,1e-14,0.4,Intensity-Weighted Centroid,,,False,False,False
12_fog_2_020,178999806,fog,2.0,1.5,1.3024475033106715,0.0739108969449776,10.927443267541223,1e-14,0.4,Gaussian Fitting,,,False,False,False
12_fog_2_020,178999806,fog,2.0,1.5,1.3024475033106715,0.0739108969449776,10.927443267541223,1e-14,0.4,PSF Fitting,,,False,False,False
12_fog_2_021,470169833,fog,2.0,1.5,1.3024475033106715,0.0739108969449776,11.551714145240197,1e-14,0.4,Intensity-Weighted Centroid,,,False,False,False
12_fog_2_021,470169833,fog,2.0,1.5,1.3024475033106715,0.0739108969449776,11.551714145240197,1e-14,0.4,Gaussian Fitting,,,False,False,False
12_fog_2_021,470169833,fog,2.0,1.5,1.3024475033106715,0.0739108969449776,11.551714145240197,1e-14,0.4,PSF Fitting,,,False,False,False
12_fog_2_022,661324972,fog,2.0,1.5,1.3024475033106715,0.0739108969449776,11.16531140400517,1e-14,0.4,Intensity-Weighted Centroid,,,False,False,False
12_fog_2_022,661324972,fog,2.0,1.5,1.3024475033106715,0.0739108969449776,11.16531140400517,1e-14,0.4,Gaussian Fitting,,,False,False,False
12_fog_2_022,661324972,fog,2.0,1.5,1.3024475033106715,0.0739108969449776,11.16531140400517,1e-14,0.4,PSF Fitting,,,False,False,False
12_fog_2_023,290310514,fog,2.0,1.5,1.3024475033106715,0.0739108969449776,10.926426441995563,1e-14,0.4,Intensity-Weighted Centroid,,,False,False,False
12_fog_2_023,290310514,fog,2.0,1.5,1.3024475033106715,0.0739108969449776,10.926426441995563,1e-14,0.4,Gaussian Fitting,,,False,False,False
12_fog_2_023,290310514,fog,2.0,1.5,1.3024475033106715,0.0739108969449776,10.926426441995563,1e-14,0.4,PSF Fitting,,,False,False,False
12_fog_2_024,930017239,fog,2.0,1.5,1.3024475033106715,0.0739108969449776,11.223982054686413,1e-14,0.4,Intensity-Weighted Centroid,,,False,False,False
12_fog_2_024,930017239,fog,2.0,1.5,1.3024475033106715,0.0739108969449776,11.223982054686413,1e-14,0.4,Gaussian Fitting,,,False,False,False
12_fog_2_024,930017239,fog,2.0,1.5,1.3024475033106715,0.0739108969449776,11.223982054686413,1e-14,0.4,PSF Fitting,,,False,False,False
12_fog_2_025,629369884,fog,2.0,1.5,1.3024475033106715,0.0739108969449776,10.850891306018413,1e-14,0.4,Intensity-Weighted Centroid,,,False,False,False
12_fog_2_025,629369884,fog,2.0,1.5,1.3024475033106715,0.0739108969449776,10.850891306018413,1e-14,0.4,Gaussian Fitting,,,False,False,False
12_fog_2_025,629369884,fog,2.0,1.5,1.3024475033106715,0.0739108969449776,10.850891306018413,1e-14,0.4,PSF Fitting,,,False,False,False
12_fog_2_026,620083490,fog,2.0,1.5,1.3024475033106715,0.0739108969449776,11.459307628145039,1e-14,0.4,Intensity-Weighted Centroid,,,False,False,False
12_fog_2_026,620083490,fog,2.0,1.5,1.3024475033106715,0.0739108969449776,11.459307628145039,1e-14,0.4,Gaussian Fitting,,,False,False,False
12_fog_2_026,620083490,fog,2.0,1.5,1.3024475033106715,0.0739108969449776,11.459307628145039,1e-14,0.4,PSF Fitting,,,False,False,False
12_fog_2_027,658242258,fog,2.0,1.5,1.3024475033106715,0.0739108969449776,11.112098432994776,1e-14,0.4,Intensity-Weighted Centroid,,,False,False,False
12_fog_2_027,658242258,fog,2.0,1.5,1.3024475033106715,0.0739108969449776,11.112098432994776,1e-14,0.4,Gaussian Fitting,,,False,False,False
12_fog_2_027,658242258,fog,2.0,1.5,1.3024475033106715,0.0739108969449776,11.112098432994776,1e-14,0.4,PSF Fitting,,,False,False,False
12_fog_2_028,783297887,fog,2.0,1.5,1.3024475033106715,0.0739108969449776,10.886429186895228,1e-14,0.4,Intensity-Weighted Centroid,,,False,False,False
12_fog_2_028,783297887,fog,2.0,1.5,1.3024475033106715,0.0739108969449776,10.886429186895228,1e-14,0.4,Gaussian Fitting,,,False,False,False
12_fog_2_028,783297887,fog,2.0,1.5,1.3024475033106715,0.0739108969449776,10.886429186895228,1e-14,0.4,PSF Fitting,,,False,False,False
12_fog_2_029,89840272,fog,2.0,1.5,1.3024475033106715,0.0739108969449776,10.875865402103408,1e-14,0.4,Intensity-Weighted Centroid,,,False,False,False
12_fog_2_029,89840272,fog,2.0,1.5,1.3024475033106715,0.0739108969449776,10.875865402103408,1e-14,0.4,Gaussian Fitting,,,False,False,False
12_fog_2_029,89840272,fog,2.0,1.5,1.3024475033106715,0.0739108969449776,10.875865402103408,1e-14,0.4,PSF Fitting,,,False,False,False
12_fog_5_000,716047650,fog,5.0,1.5,1.3024475033106715,0.0014851529482845136,0.0,1e-14,0.4,Intensity-Weighted Centroid,,,False,False,False
12_fog_5_000,716047650,fog,5.0,1.5,1.3024475033106715,0.0014851529482845136,0.0,1e-14,0.4,Gaussian Fitting,,,False,False,False
12_fog_5_000,716047650,fog,5.0,1.5,1.3024475033106715,0.0014851529482845136,0.0,1e-14,0.4,PSF Fitting,,,False,False,False
12_fog_5_001,540307736,fog,5.0,1.5,1.3024475033106715,0.0014851529482845136,0.0,1e-14,0.4,Intensity-Weighted Centroid,,,False,False,False
12_fog_5_001,540307736,fog,5.0,1.5,1.3024475033106715,0.0014851529482845136,0.0,1e-14,0.4,Gaussian Fitting,,,False,False,False
12_fog_5_001,540307736,fog,5.0,1.5,1.3024475033106715,0.0014851529482845136,0.0,1e-14,0.4,PSF Fitting,,,False,False,False
12_fog_5_002,382183515,fog,5.0,1.5,1.3024475033106715,0.0014851529482845136,0.0,1e-14,0.4,Intensity-Weighted Centroid,,,False,False,False
12_fog_5_002,382183515,fog,5.0,1.5,1.3024475033106715,0.0014851529482845136,0.0,1e-14,0.4,Gaussian Fitting,,,False,False,False
12_fog_5_002,382183515,fog,5.0,1.5,1.3024475033106715,0.0014851529482845136,0.0,1e-14,0.4,PSF Fitting,,,False,False,False
12_fog_5_003,232567774,fog,5.0,1.5,1.3024475033106715,0.0014851529482845136,0.0,1e-14,0.4,Intensity-Weighted Centroid,,,False,False,False
12_fog_5_003,232567774,fog,5.0,1.5,1.3024475033106715,0.0014851529482845136,0.0,1e-14,0.4,Gaussian Fitting,,,False,False,False
12_fog_5_003,232567774,fog,5.0,1.5,1.3024475033106715,0.0014851529482845136,0.0,1e-14,0.4,PSF Fitting,,,False,False,False
12_fog_5_004,607657927,fog,5.0,1.5,1.3024475033106715,0.0014851529482845136,0.0,1e-14,0.4,Intensity-Weighted Centroid,,,False,False,False
12_fog_5_004,607657927,fog,5.0,1.5,1.3024475033106715,0.0014851529482845136,0.0,1e-14,0.4,Gaussian Fitting,,,False,False,False
12_fog_5_004,607657927,fog,5.0,1.5,1.3024475033106715,0.0014851529482845136,0.0,1e-14,0.4,PSF Fitting,,,False,False,False
12_fog_5_005,182146777,fog,5.0,1.5,1.3024475033106715,0.0014851529482845136,0.0,1e-14,0.4,Intensity-Weighted Centroid,,,False,False,False
12_fog_5_005,182146777,fog,5.0,1.5,1.3024475033106715,0.0014851529482845136,0.0,1e-14,0.4,Gaussian Fitting,,,False,False,False
12_fog_5_005,182146777,fog,5.0,1.5,1.3024475033106715,0.0014851529482845136,0.0,1e-14,0.4,PSF Fitting,,,False,False,False
12_fog_5_006,77032270,fog,5.0,1.5,1.3024475033106715,0.0014851529482845136,0.0,1e-14,0.4,Intensity-Weighted Centroid,,,False,False,False
12_fog_5_006,77032270,fog,5.0,1.5,1.3024475033106715,0.0014851529482845136,0.0,1e-14,0.4,Gaussian Fitting,,,False,False,False
12_fog_5_006,77032270,fog,5.0,1.5,1.3024475033106715,0.0014851529482845136,0.0,1e-14,0.4,PSF Fitting,,,False,False,False
12_fog_5_007,404385760,fog,5.0,1.5,1.3024475033106715,0.0014851529482845136,0.0,1e-14,0.4,Intensity-Weighted Centroid,,,False,False,False
12_fog_5_007,404385760,fog,5.0,1.5,1.3024475033106715,0.0014851529482845136,0.0,1e-14,0.4,Gaussian Fitting,,,False,False,False
12_fog_5_007,404385760,fog,5.0,1.5,1.3024475033106715,0.0014851529482845136,0.0,1e-14,0.4,PSF Fitting,,,False,False,False
12_fog_5_008,439806690,fog,5.0,1.5,1.3024475033106715,0.0014851529482845136,0.0,1e-14,0.4,Intensity-Weighted Centroid,,,False,False,False
12_fog_5_008,439806690,fog,5.0,1.5,1.3024475033106715,0.0014851529482845136,0.0,1e-14,0.4,Gaussian Fitting,,,False,False,False
12_fog_5_008,439806690,fog,5.0,1.5,1.3024475033106715,0.0014851529482845136,0.0,1e-14,0.4,PSF Fitting,,,False,False,False
12_fog_5_009,566705033,fog,5.0,1.5,1.3024475033106715,0.0014851529482845136,0.0,1e-14,0.4,Intensity-Weighted Centroid,,,False,False,False
12_fog_5_009,566705033,fog,5.0,1.5,1.3024475033106715,0.0014851529482845136,0.0,1e-14,0.4,Gaussian Fitting,,,False,False,False
12_fog_5_009,566705033,fog,5.0,1.5,1.3024475033106715,0.0014851529482845136,0.0,1e-14,0.4,PSF Fitting,,,False,False,False
12_fog_5_010,802614712,fog,5.0,1.5,1.3024475033106715,0.0014851529482845136,0.0,1e-14,0.4,Intensity-Weighted Centroid,,,False,False,False
12_fog_5_010,802614712,fog,5.0,1.5,1.3024475033106715,0.0014851529482845136,0.0,1e-14,0.4,Gaussian Fitting,,,False,False,False
12_fog_5_010,802614712,fog,5.0,1.5,1.3024475033106715,0.0014851529482845136,0.0,1e-14,0.4,PSF Fitting,,,False,False,False
12_fog_5_011,574297627,fog,5.0,1.5,1.3024475033106715,0.0014851529482845136,0.0,1e-14,0.4,Intensity-Weighted Centroid,,,False,False,False
12_fog_5_011,574297627,fog,5.0,1.5,1.3024475033106715,0.0014851529482845136,0.0,1e-14,0.4,Gaussian Fitting,,,False,False,False
12_fog_5_011,574297627,fog,5.0,1.5,1.3024475033106715,0.0014851529482845136,0.0,1e-14,0.4,PSF Fitting,,,False,False,False
12_fog_5_012,980099492,fog,5.0,1.5,1.3024475033106715,0.0014851529482845136,0.0,1e-14,0.4,Intensity-Weighted Centroid,,,False,False,False
12_fog_5_012,980099492,fog,5.0,1.5,1.3024475033106715,0.0014851529482845136,0.0,1e-14,0.4,Gaussian Fitting,,,False,False,False
12_fog_5_012,980099492,fog,5.0,1.5,1.3024475033106715,0.0014851529482845136,0.0,1e-14,0.4,PSF Fitting,,,False,False,False
12_fog_5_013,962736092,fog,5.0,1.5,1.3024475033106715,0.0014851529482845136,0.0,1e-14,0.4,Intensity-Weighted Centroid,,,False,False,False
12_fog_5_013,962736092,fog,5.0,1.5,1.3024475033106715,0.0014851529482845136,0.0,1e-14,0.4,Gaussian Fitting,,,False,False,False
12_fog_5_013,962736092,fog,5.0,1.5,1.3024475033106715,0.0014851529482845136,0.0,1e-14,0.4,PSF Fitting,,,False,False,False
12_fog_5_014,363077289,fog,5.0,1.5,1.3024475033106715,0.0014851529482845136,0.0,1e-14,0.4,Intensity-Weighted Centroid,,,False,False,False
12_fog_5_014,363077289,fog,5.0,1.5,1.3024475033106715,0.0014851529482845136,0.0,1e-14,0.4,Gaussian Fitting,,,False,False,False
12_fog_5_014,363077289,fog,5.0,1.5,1.3024475033106715,0.0014851529482845136,0.0,1e-14,0.4,PSF Fitting,,,False,False,False
12_fog_5_015,539961118,fog,5.0,1.5,1.3024475033106715,0.0014851529482845136,0.0,1e-14,0.4,Intensity-Weighted Centroid,,,False,False,False
12_fog_5_015,539961118,fog,5.0,1.5,1.3024475033106715,0.0014851529482845136,0.0,1e-14,0.4,Gaussian Fitting,,,False,False,False
12_fog_5_015,539961118,fog,5.0,1.5,1.3024475033106715,0.0014851529482845136,0.0,1e-14,0.4,PSF Fitting,,,False,False,False
12_fog_5_016,275957644,fog,5.0,1.5,1.3024475033106715,0.0014851529482845136,0.0,1e-14,0.4,Intensity-Weighted Centroid,,,False,False,False
12_fog_5_016,275957644,fog,5.0,1.5,1.3024475033106715,0.0014851529482845136,0.0,1e-14,0.4,Gaussian Fitting,,,False,False,False
12_fog_5_016,275957644,fog,5.0,1.5,1.3024475033106715,0.0014851529482845136,0.0,1e-14,0.4,PSF Fitting,,,False,False,False
12_fog_5_017,997449993,fog,5.0,1.5,1.3024475033106715,0.0014851529482845136,0.0,1e-14,0.4,Intensity-Weighted Centroid,,,False,False,False
12_fog_5_017,997449993,fog,5.0,1.5,1.3024475033106715,0.0014851529482845136,0.0,1e-14,0.4,Gaussian Fitting,,,False,False,False
12_fog_5_017,997449993,fog,5.0,1.5,1.3024475033106715,0.0014851529482845136,0.0,1e-14,0.4,PSF Fitting,,,False,False,False
12_fog_5_018,751133311,fog,5.0,1.5,1.3024475033106715,0.0014851529482845136,0.0,1e-14,0.4,Intensity-Weighted Centroid,,,False,False,False
12_fog_5_018,751133311,fog,5.0,1.5,1.3024475033106715,0.0014851529482845136,0.0,1e-14,0.4,Gaussian Fitting,,,False,False,False
12_fog_5_018,751133311,fog,5.0,1.5,1.3024475033106715,0.0014851529482845136,0.0,1e-14,0.4,PSF Fitting,,,False,False,False
12_fog_5_019,704829943,fog,5.0,1.5,1.3024475033106715,0.0014851529482845136,0.0,1e-14,0.4,Intensity-Weighted Centroid,,,False,False,False
12_fog_5_019,704829943,fog,5.0,1.5,1.3024475033106715,0.0014851529482845136,0.0,1e-14,0.4,Gaussian Fitting,,,False,False,False
12_fog_5_019,704829943,fog,5.0,1.5,1.3024475033106715,0.0014851529482845136,0.0,1e-14,0.4,PSF Fitting,,,False,False,False
12_fog_5_020,503919988,fog,5.0,1.5,1.3024475033106715,0.0014851529482845136,0.0,1e-14,0.4,Intensity-Weighted Centroid,,,False,False,False
12_fog_5_020,503919988,fog,5.0,1.5,1.3024475033106715,0.0014851529482845136,0.0,1e-14,0.4,Gaussian Fitting,,,False,False,False
12_fog_5_020,503919988,fog,5.0,1.5,1.3024475033106715,0.0014851529482845136,0.0,1e-14,0.4,PSF Fitting,,,False,False,False
12_fog_5_021,247671820,fog,5.0,1.5,1.3024475033106715,0.0014851529482845136,0.0,1e-14,0.4,Intensity-Weighted Centroid,,,False,False,False
12_fog_5_021,247671820,fog,5.0,1.5,1.3024475033106715,0.0014851529482845136,0.0,1e-14,0.4,Gaussian Fitting,,,False,False,False
12_fog_5_021,247671820,fog,5.0,1.5,1.3024475033106715,0.0014851529482845136,0.0,1e-14,0.4,PSF Fitting,,,False,False,False
12_fog_5_022,351660152,fog,5.0,1.5,1.3024475033106715,0.0014851529482845136,0.0,1e-14,0.4,Intensity-Weighted Centroid,,,False,False,False
12_fog_5_022,351660152,fog,5.0,1.5,1.3024475033106715,0.0014851529482845136,0.0,1e-14,0.4,Gaussian Fitting,,,False,False,False
12_fog_5_022,351660152,fog,5.0,1.5,1.3024475033106715,0.0014851529482845136,0.0,1e-14,0.4,PSF Fitting,,,False,False,False
12_fog_5_023,929952332,fog,5.0,1.5,1.3024475033106715,0.0014851529482845136,0.0,1e-14,0.4,Intensity-Weighted Centroid,,,False,False,False
12_fog_5_023,929952332,fog,5.0,1.5,1.3024475033106715,0.0014851529482845136,0.0,1e-14,0.4,Gaussian Fitting,,,False,False,False
12_fog_5_023,929952332,fog,5.0,1.5,1.3024475033106715,0.0014851529482845136,0.0,1e-14,0.4,PSF Fitting,,,False,False,False
12_fog_5_024,301858563,fog,5.0,1.5,1.3024475033106715,0.0014851529482845136,0.0,1e-14,0.4,Intensity-Weighted Centroid,,,False,False,False
12_fog_5_024,301858563,fog,5.0,1.5,1.3024475033106715,0.0014851529482845136,0.0,1e-14,0.4,Gaussian Fitting,,,False,False,False
12_fog_5_024,301858563,fog,5.0,1.5,1.3024475033106715,0.0014851529482845136,0.0,1e-14,0.4,PSF Fitting,,,False,False,False
12_fog_5_025,60851323,fog,5.0,1.5,1.3024475033106715,0.0014851529482845136,0.0,1e-14,0.4,Intensity-Weighted Centroid,,,False,False,False
12_fog_5_025,60851323,fog,5.0,1.5,1.3024475033106715,0.0014851529482845136,0.0,1e-14,0.4,Gaussian Fitting,,,False,False,False
12_fog_5_025,60851323,fog,5.0,1.5,1.3024475033106715,0.0014851529482845136,0.0,1e-14,0.4,PSF Fitting,,,False,False,False
12_fog_5_026,994975442,fog,5.0,1.5,1.3024475033106715,0.0014851529482845136,0.0,1e-14,0.4,Intensity-Weighted Centroid,,,False,False,False
12_fog_5_026,994975442,fog,5.0,1.5,1.3024475033106715,0.0014851529482845136,0.0,1e-14,0.4,Gaussian Fitting,,,False,False,False
12_fog_5_026,994975442,fog,5.0,1.5,1.3024475033106715,0.0014851529482845136,0.0,1e-14,0.4,PSF Fitting,,,False,False,False
12_fog_5_027,546673514,fog,5.0,1.5,1.3024475033106715,0.0014851529482845136,0.0,1e-14,0.4,Intensity-Weighted Centroid,,,False,False,False
12_fog_5_027,546673514,fog,5.0,1.5,1.3024475033106715,0.0014851529482845136,0.0,1e-14,0.4,Gaussian Fitting,,,False,False,False
12_fog_5_027,546673514,fog,5.0,1.5,1.3024475033106715,0.0014851529482845136,0.0,1e-14,0.4,PSF Fitting,,,False,False,False
12_fog_5_028,311009483,fog,5.0,1.5,1.3024475033106715,0.0014851529482845136,0.0,1e-14,0.4,Intensity-Weighted Centroid,,,False,False,False
12_fog_5_028,311009483,fog,5.0,1.5,1.3024475033106715,0.0014851529482845136,0.0,1e-14,0.4,Gaussian Fitting,,,False,False,False
12_fog_5_028,311009483,fog,5.0,1.5,1.3024475033106715,0.0014851529482845136,0.0,1e-14,0.4,PSF Fitting,,,False,False,False
12_fog_5_029,305892801,fog,5.0,1.5,1.3024475033106715,0.0014851529482845136,0.0,1e-14,0.4,Intensity-Weighted Centroid,,,False,False,False
12_fog_5_029,305892801,fog,5.0,1.5,1.3024475033106715,0.0014851529482845136,0.0,1e-14,0.4,Gaussian Fitting,,,False,False,False
12_fog_5_029,305892801,fog,5.0,1.5,1.3024475033106715,0.0014851529482845136,0.0,1e-14,0.4,PSF Fitting,,,False,False,False
12_fog_10_000,25457205,fog,10.0,1.5,1.3024475033106715,2.205679279798183e-06,0.0,1e-14,0.4,Intensity-Weighted Centroid,,,False,False,False
12_fog_10_000,25457205,fog,10.0,1.5,1.3024475033106715,2.205679279798183e-06,0.0,1e-14,0.4,Gaussian Fitting,,,False,False,False
12_fog_10_000,25457205,fog,10.0,1.5,1.3024475033106715,2.205679279798183e-06,0.0,1e-14,0.4,PSF Fitting,,,False,False,False
12_fog_10_001,767286896,fog,10.0,1.5,1.3024475033106715,2.205679279798183e-06,0.0,1e-14,0.4,Intensity-Weighted Centroid,,,False,False,False
12_fog_10_001,767286896,fog,10.0,1.5,1.3024475033106715,2.205679279798183e-06,0.0,1e-14,0.4,Gaussian Fitting,,,False,False,False
12_fog_10_001,767286896,fog,10.0,1.5,1.3024475033106715,2.205679279798183e-06,0.0,1e-14,0.4,PSF Fitting,,,False,False,False
12_fog_10_002,749638213,fog,10.0,1.5,1.3024475033106715,2.205679279798183e-06,0.0,1e-14,0.4,Intensity-Weighted Centroid,,,False,False,False
12_fog_10_002,749638213,fog,10.0,1.5,1.3024475033106715,2.205679279798183e-06,0.0,1e-14,0.4,Gaussian Fitting,,,False,False,False
12_fog_10_002,749638213,fog,10.0,1.5,1.3024475033106715,2.205679279798183e-06,0.0,1e-14,0.4,PSF Fitting,,,False,False,False
12_fog_10_003,166291508,fog,10.0,1.5,1.3024475033106715,2.205679279798183e-06,0.0,1e-14,0.4,Intensity-Weighted Centroid,,,False,False,False
12_fog_10_003,166291508,fog,10.0,1.5,1.3024475033106715,2.205679279798183e-06,0.0,1e-14,0.4,Gaussian Fitting,,,False,False,False
12_fog_10_003,166291508,fog,10.0,1.5,1.3024475033106715,2.205679279798183e-06,0.0,1e-14,0.4,PSF Fitting,,,False,False,False
12_fog_10_004,11565946,fog,10.0,1.5,1.3024475033106715,2.205679279798183e-06,0.0,1e-14,0.4,Intensity-Weighted Centroid,,,False,False,False
12_fog_10_004,11565946,fog,10.0,1.5,1.3024475033106715,2.205679279798183e-06,0.0,1e-14,0.4,Gaussian Fitting,,,False,False,False
12_fog_10_004,11565946,fog,10.0,1.5,1.3024475033106715,2.205679279798183e-06,0.0,1e-14,0.4,PSF Fitting,,,False,False,False
12_fog_10_005,970458366,fog,10.0,1.5,1.3024475033106715,2.205679279798183e-06,0.0,1e-14,0.4,Intensity-Weighted Centroid,,,False,False,False
12_fog_10_005,970458366,fog,10.0,1.5,1.3024475033106715,2.205679279798183e-06,0.0,1e-14,0.4,Gaussian Fitting,,,False,False,False
12_fog_10_005,970458366,fog,10.0,1.5,1.3024475033106715,2.205679279798183e-06,0.0,1e-14,0.4,PSF Fitting,,,False,False,False
12_fog_10_006,477869868,fog,10.0,1.5,1.3024475033106715,2.205679279798183e-06,0.0,1e-14,0.4,Intensity-Weighted Centroid,,,False,False,False
12_fog_10_006,477869868,fog,10.0,1.5,1.3024475033106715,2.205679279798183e-06,0.0,1e-14,0.4,Gaussian Fitting,,,False,False,False
12_fog_10_006,477869868,fog,10.0,1.5,1.3024475033106715,2.205679279798183e-06,0.0,1e-14,0.4,PSF Fitting,,,False,False,False
12_fog_10_007,175146673,fog,10.0,1.5,1.3024475033106715,2.205679279798183e-06,0.0,1e-14,0.4,Intensity-Weighted Centroid,,,False,False,False
12_fog_10_007,175146673,fog,10.0,1.5,1.3024475033106715,2.205679279798183e-06,0.0,1e-14,0.4,Gaussian Fitting,,,False,False,False
12_fog_10_007,175146673,fog,10.0,1.5,1.3024475033106715,2.205679279798183e-06,0.0,1e-14,0.4,PSF Fitting,,,False,False,False
12_fog_10_008,963011973,fog,10.0,1.5,1.3024475033106715,2.205679279798183e-06,0.0,1e-14,0.4,Intensity-Weighted Centroid,,,False,False,False
12_fog_10_008,963011973,fog,10.0,1.5,1.3024475033106715,2.205679279798183e-06,0.0,1e-14,0.4,Gaussian Fitting,,,False,False,False
12_fog_10_008,963011973,fog,10.0,1.5,1.3024475033106715,2.205679279798183e-06,0.0,1e-14,0.4,PSF Fitting,,,False,False,False
12_fog_10_009,986787685,fog,10.0,1.5,1.3024475033106715,2.205679279798183e-06,0.0,1e-14,0.4,Intensity-Weighted Centroid,,,False,False,False
12_fog_10_009,986787685,fog,10.0,1.5,1.3024475033106715,2.205679279798183e-06,0.0,1e-14,0.4,Gaussian Fitting,,,False,False,False
12_fog_10_009,986787685,fog,10.0,1.5,1.3024475033106715,2.205679279798183e-06,0.0,1e-14,0.4,PSF Fitting,,,False,False,False
12_fog_10_010,387756313,fog,10.0,1.5,1.3024475033106715,2.205679279798183e-06,0.0,1e-14,0.4,Intensity-Weighted Centroid,,,False,False,False
12_fog_10_010,387756313,fog,10.0,1.5,1.3024475033106715,2.205679279798183e-06,0.0,1e-14,0.4,Gaussian Fitting,,,False,False,False
12_fog_10_010,387756313,fog,10.0,1.5,1.3024475033106715,2.205679279798183e-06,0.0,1e-14,0.4,PSF Fitting,,,False,False,False
12_fog_10_011,809142978,fog,10.0,1.5,1.3024475033106715,2.205679279798183e-06,0.0,1e-14,0.4,Intensity-Weighted Centroid,,,False,False,False
12_fog_10_011,809142978,fog,10.0,1.5,1.3024475033106715,2.205679279798183e-06,0.0,1e-14,0.4,Gaussian Fitting,,,False,False,False
12_fog_10_011,809142978,fog,10.0,1.5,1.3024475033106715,2.205679279798183e-06,0.0,1e-14,0.4,PSF Fitting,,,False,False,False
12_fog_10_012,253157141,fog,10.0,1.5,1.3024475033106715,2.205679279798183e-06,0.0,1e-14,0.4,Intensity-Weighted Centroid,,,False,False,False
12_fog_10_012,253157141,fog,10.0,1.5,1.3024475033106715,2.205679279798183e-06,0.0,1e-14,0.4,Gaussian Fitting,,,False,False,False
12_fog_10_012,253157141,fog,10.0,1.5,1.3024475033106715,2.205679279798183e-06,0.0,1e-14,0.4,PSF Fitting,,,False,False,False
12_fog_10_013,110866788,fog,10.0,1.5,1.3024475033106715,2.205679279798183e-06,0.0,1e-14,0.4,Intensity-Weighted Centroid,,,False,False,False
12_fog_10_013,110866788,fog,10.0,1.5,1.3024475033106715,2.205679279798183e-06,0.0,1e-14,0.4,Gaussian Fitting,,,False,False,False
12_fog_10_013,110866788,fog,10.0,1.5,1.3024475033106715,2.205679279798183e-06,0.0,1e-14,0.4,PSF Fitting,,,False,False,False
12_fog_10_014,370546611,fog,10.0,1.5,1.3024475033106715,2.205679279798183e-06,0.0,1e-14,0.4,Intensity-Weighted Centroid,,,False,False,False
12_fog_10_014,370546611,fog,10.0,1.5,1.3024475033106715,2.205679279798183e-06,0.0,1e-14,0.4,Gaussian Fitting,,,False,False,False
12_fog_10_014,370546611,fog,10.0,1.5,1.3024475033106715,2.205679279798183e-06,0.0,1e-14,0.4,PSF Fitting,,,False,False,False
12_fog_10_015,486727710,fog,10.0,1.5,1.3024475033106715,2.205679279798183e-06,0.0,1e-14,0.4,Intensity-Weighted Centroid,,,False,False,False
12_fog_10_015,486727710,fog,10.0,1.5,1.3024475033106715,2.205679279798183e-06,0.0,1e-14,0.4,Gaussian Fitting,,,False,False,False
12_fog_10_015,486727710,fog,10.0,1.5,1.3024475033106715,2.205679279798183e-06,0.0,1e-14,0.4,PSF Fitting,,,False,False,False
12_fog_10_016,614289822,fog,10.0,1.5,1.3024475033106715,2.205679279798183e-06,0.0,1e-14,0.4,Intensity-Weighted Centroid,,,False,False,False
12_fog_10_016,614289822,fog,10.0,1.5,1.3024475033106715,2.205679279798183e-06,0.0,1e-14,0.4,Gaussian Fitting,,,False,False,False
12_fog_10_016,614289822,fog,10.0,1.5,1.3024475033106715,2.205679279798183e-06,0.0,1e-14,0.4,PSF Fitting,,,False,False,False
12_fog_10_017,40964568,fog,10.0,1.5,1.3024475033106715,2.205679279798183e-06,0.0,1e-14,0.4,Intensity-Weighted Centroid,,,False,False,False
12_fog_10_017,40964568,fog,10.0,1.5,1.3024475033106715,2.205679279798183e-06,0.0,1e-14,0.4,Gaussian Fitting,,,False,False,False
12_fog_10_017,40964568,fog,10.0,1.5,1.3024475033106715,2.205679279798183e-06,0.0,1e-14,0.4,PSF Fitting,,,False,False,False
12_fog_10_018,635470538,fog,10.0,1.5,1.3024475033106715,2.205679279798183e-06,0.0,1e-14,0.4,Intensity-Weighted Centroid,,,False,False,False
12_fog_10_018,635470538,fog,10.0,1.5,1.3024475033106715,2.205679279798183e-06,0.0,1e-14,0.4,Gaussian Fitting,,,False,False,False
12_fog_10_018,635470538,fog,10.0,1.5,1.3024475033106715,2.205679279798183e-06,0.0,1e-14,0.4,PSF Fitting,,,False,False,False
12_fog_10_019,524539750,fog,10.0,1.5,1.3024475033106715,2.205679279798183e-06,0.0,1e-14,0.4,Intensity-Weighted Centroid,,,False,False,False
12_fog_10_019,524539750,fog,10.0,1.5,1.3024475033106715,2.205679279798183e-06,0.0,1e-14,0.4,Gaussian Fitting,,,False,False,False
12_fog_10_019,524539750,fog,10.0,1.5,1.3024475033106715,2.205679279798183e-06,0.0,1e-14,0.4,PSF Fitting,,,False,False,False
12_fog_10_020,572252107,fog,10.0,1.5,1.3024475033106715,2.205679279798183e-06,0.0,1e-14,0.4,Intensity-Weighted Centroid,,,False,False,False
12_fog_10_020,572252107,fog,10.0,1.5,1.3024475033106715,2.205679279798183e-06,0.0,1e-14,0.4,Gaussian Fitting,,,False,False,False
12_fog_10_020,572252107,fog,10.0,1.5,1.3024475033106715,2.205679279798183e-06,0.0,1e-14,0.4,PSF Fitting,,,False,False,False
12_fog_10_021,931866594,fog,10.0,1.5,1.3024475033106715,2.205679279798183e-06,0.0,1e-14,0.4,Intensity-Weighted Centroid,,,False,False,False
12_fog_10_021,931866594,fog,10.0,1.5,1.3024475033106715,2.205679279798183e-06,0.0,1e-14,0.4,Gaussian Fitting,,,False,False,False
12_fog_10_021,931866594,fog,10.0,1.5,1.3024475033106715,2.205679279798183e-06,0.0,1e-14,0.4,PSF Fitting,,,False,False,False
12_fog_10_022,350259306,fog,10.0,1.5,1.3024475033106715,2.205679279798183e-06,0.0,1e-14,0.4,Intensity-Weighted Centroid,,,False,False,False
12_fog_10_022,350259306,fog,10.0,1.5,1.3024475033106715,2.205679279798183e-06,0.0,1e-14,0.4,Gaussian Fitting,,,False,False,False
12_fog_10_022,350259306,fog,10.0,1.5,1.3024475033106715,2.205679279798183e-06,0.0,1e-14,0.4,PSF Fitting,,,False,False,False
12_fog_10_023,952371981,fog,10.0,1.5,1.3024475033106715,2.205679279798183e-06,0.0,1e-14,0.4,Intensity-Weighted Centroid,,,False,False,False
12_fog_10_023,952371981,fog,10.0,1.5,1.3024475033106715,2.205679279798183e-06,0.0,1e-14,0.4,Gaussian Fitting,,,False,False,False
12_fog_10_023,952371981,fog,10.0,1.5,1.3024475033106715,2.205679279798183e-06,0.0,1e-14,0.4,PSF Fitting,,,False,False,False
12_fog_10_024,327485108,fog,10.0,1.5,1.3024475033106715,2.205679279798183e-06,0.0,1e-14,0.4,Intensity-Weighted Centroid,,,False,False,False
12_fog_10_024,327485108,fog,10.0,1.5,1.3024475033106715,2.205679279798183e-06,0.0,1e-14,0.4,Gaussian Fitting,,,False,False,False
12_fog_10_024,327485108,fog,10.0,1.5,1.3024475033106715,2.205679279798183e-06,0.0,1e-14,0.4,PSF Fitting,,,False,False,False
12_fog_10_025,367445753,fog,10.0,1.5,1.3024475033106715,2.205679279798183e-06,0.0,1e-14,0.4,Intensity-Weighted Centroid,,,False,False,False
12_fog_10_025,367445753,fog,10.0,1.5,1.3024475033106715,2.205679279798183e-06,0.0,1e-14,0.4,Gaussian Fitting,,,False,False,False
12_fog_10_025,367445753,fog,10.0,1.5,1.3024475033106715,2.205679279798183e-06,0.0,1e-14,0.4,PSF Fitting,,,False,False,False
12_fog_10_026,197643773,fog,10.0,1.5,1.3024475033106715,2.205679279798183e-06,0.0,1e-14,0.4,Intensity-Weighted Centroid,,,False,False,False
12_fog_10_026,197643773,fog,10.0,1.5,1.3024475033106715,2.205679279798183e-06,0.0,1e-14,0.4,Gaussian Fitting,,,False,False,False
12_fog_10_026,197643773,fog,10.0,1.5,1.3024475033106715,2.205679279798183e-06,0.0,1e-14,0.4,PSF Fitting,,,False,False,False
12_fog_10_027,830054916,fog,10.0,1.5,1.3024475033106715,2.205679279798183e-06,0.0,1e-14,0.4,Intensity-Weighted Centroid,,,False,False,False
12_fog_10_027,830054916,fog,10.0,1.5,1.3024475033106715,2.205679279798183e-06,0.0,1e-14,0.4,Gaussian Fitting,,,False,False,False
12_fog_10_027,830054916,fog,10.0,1.5,1.3024475033106715,2.205679279798183e-06,0.0,1e-14,0.4,PSF Fitting,,,False,False,False
12_fog_10_028,588757610,fog,10.0,1.5,1.3024475033106715,2.205679279798183e-06,0.0,1e-14,0.4,Intensity-Weighted Centroid,,,False,False,False
12_fog_10_028,588757610,fog,10.0,1.5,1.3024475033106715,2.205679279798183e-06,0.0,1e-14,0.4,Gaussian Fitting,,,False,False,False
12_fog_10_028,588757610,fog,10.0,1.5,1.3024475033106715,2.205679279798183e-06,0.0,1e-14,0.4,PSF Fitting,,,False,False,False
12_fog_10_029,843405411,fog,10.0,1.5,1.3024475033106715,2.205679279798183e-06,0.0,1e-14,0.4,Intensity-Weighted Centroid,,,False,False,False
12_fog_10_029,843405411,fog,10.0,1.5,1.3024475033106715,2.205679279798183e-06,0.0,1e-14,0.4,Gaussian Fitting,,,False,False,False
12_fog_10_029,843405411,fog,10.0,1.5,1.3024475033106715,2.205679279798183e-06,0.0,1e-14,0.4,PSF Fitting,,,False,False,False
12_fog_15_000,646650702,fog,15.0,1.5,1.3024475033106715,3.275771085362328e-09,0.0,1e-14,0.4,Intensity-Weighted Centroid,,,False,False,False
12_fog_15_000,646650702,fog,15.0,1.5,1.3024475033106715,3.275771085362328e-09,0.0,1e-14,0.4,Gaussian Fitting,,,False,False,False
12_fog_15_000,646650702,fog,15.0,1.5,1.3024475033106715,3.275771085362328e-09,0.0,1e-14,0.4,PSF Fitting,,,False,False,False
12_fog_15_001,326187083,fog,15.0,1.5,1.3024475033106715,3.275771085362328e-09,0.0,1e-14,0.4,Intensity-Weighted Centroid,,,False,False,False
12_fog_15_001,326187083,fog,15.0,1.5,1.3024475033106715,3.275771085362328e-09,0.0,1e-14,0.4,Gaussian Fitting,,,False,False,False
12_fog_15_001,326187083,fog,15.0,1.5,1.3024475033106715,3.275771085362328e-09,0.0,1e-14,0.4,PSF Fitting,,,False,False,False
12_fog_15_002,288800951,fog,15.0,1.5,1.3024475033106715,3.275771085362328e-09,0.0,1e-14,0.4,Intensity-Weighted Centroid,,,False,False,False
12_fog_15_002,288800951,fog,15.0,1.5,1.3024475033106715,3.275771085362328e-09,0.0,1e-14,0.4,Gaussian Fitting,,,False,False,False
12_fog_15_002,288800951,fog,15.0,1.5,1.3024475033106715,3.275771085362328e-09,0.0,1e-14,0.4,PSF Fitting,,,False,False,False
12_fog_15_003,510475916,fog,15.0,1.5,1.3024475033106715,3.275771085362328e-09,0.0,1e-14,0.4,Intensity-Weighted Centroid,,,False,False,False
12_fog_15_003,510475916,fog,15.0,1.5,1.3024475033106715,3.275771085362328e-09,0.0,1e-14,0.4,Gaussian Fitting,,,False,False,False
12_fog_15_003,510475916,fog,15.0,1.5,1.3024475033106715,3.275771085362328e-09,0.0,1e-14,0.4,PSF Fitting,,,False,False,False
12_fog_15_004,246367196,fog,15.0,1.5,1.3024475033106715,3.275771085362328e-09,0.0,1e-14,0.4,Intensity-Weighted Centroid,,,False,False,False
12_fog_15_004,246367196,fog,15.0,1.5,1.3024475033106715,3.275771085362328e-09,0.0,1e-14,0.4,Gaussian Fitting,,,False,False,False
12_fog_15_004,246367196,fog,15.0,1.5,1.3024475033106715,3.275771085362328e-09,0.0,1e-14,0.4,PSF Fitting,,,False,False,False
12_fog_15_005,314990331,fog,15.0,1.5,1.3024475033106715,3.275771085362328e-09,0.0,1e-14,0.4,Intensity-Weighted Centroid,,,False,False,False
12_fog_15_005,314990331,fog,15.0,1.5,1.3024475033106715,3.275771085362328e-09,0.0,1e-14,0.4,Gaussian Fitting,,,False,False,False
12_fog_15_005,314990331,fog,15.0,1.5,1.3024475033106715,3.275771085362328e-09,0.0,1e-14,0.4,PSF Fitting,,,False,False,False
12_fog_15_006,743680581,fog,15.0,1.5,1.3024475033106715,3.275771085362328e-09,0.0,1e-14,0.4,Intensity-Weighted Centroid,,,False,False,False
12_fog_15_006,743680581,fog,15.0,1.5,1.3024475033106715,3.275771085362328e-09,0.0,1e-14,0.4,Gaussian Fitting,,,False,False,False
12_fog_15_006,743680581,fog,15.0,1.5,1.3024475033106715,3.275771085362328e-09,0.0,1e-14,0.4,PSF Fitting,,,False,False,False
12_fog_15_007,296341193,fog,15.0,1.5,1.3024475033106715,3.275771085362328e-09,0.0,1e-14,0.4,Intensity-Weighted Centroid,,,False,False,False
12_fog_15_007,296341193,fog,15.0,1.5,1.3024475033106715,3.275771085362328e-09,0.0,1e-14,0.4,Gaussian Fitting,,,False,False,False
12_fog_15_007,296341193,fog,15.0,1.5,1.3024475033106715,3.275771085362328e-09,0.0,1e-14,0.4,PSF Fitting,,,False,False,False
12_fog_15_008,647153500,fog,15.0,1.5,1.3024475033106715,3.275771085362328e-09,0.0,1e-14,0.4,Intensity-Weighted Centroid,,,False,False,False
12_fog_15_008,647153500,fog,15.0,1.5,1.3024475033106715,3.275771085362328e-09,0.0,1e-14,0.4,Gaussian Fitting,,,False,False,False
12_fog_15_008,647153500,fog,15.0,1.5,1.3024475033106715,3.275771085362328e-09,0.0,1e-14,0.4,PSF Fitting,,,False,False,False
12_fog_15_009,511409293,fog,15.0,1.5,1.3024475033106715,3.275771085362328e-09,0.0,1e-14,0.4,Intensity-Weighted Centroid,,,False,False,False
12_fog_15_009,511409293,fog,15.0,1.5,1.3024475033106715,3.275771085362328e-09,0.0,1e-14,0.4,Gaussian Fitting,,,False,False,False
12_fog_15_009,511409293,fog,15.0,1.5,1.3024475033106715,3.275771085362328e-09,0.0,1e-14,0.4,PSF Fitting,,,False,False,False
12_fog_15_010,49898252,fog,15.0,1.5,1.3024475033106715,3.275771085362328e-09,0.0,1e-14,0.4,Intensity-Weighted Centroid,,,False,False,False
12_fog_15_010,49898252,fog,15.0,1.5,1.3024475033106715,3.275771085362328e-09,0.0,1e-14,0.4,Gaussian Fitting,,,False,False,False
12_fog_15_010,49898252,fog,15.0,1.5,1.3024475033106715,3.275771085362328e-09,0.0,1e-14,0.4,PSF Fitting,,,False,False,False
12_fog_15_011,908448408,fog,15.0,1.5,1.3024475033106715,3.275771085362328e-09,0.0,1e-14,0.4,Intensity-Weighted Centroid,,,False,False,False
12_fog_15_011,908448408,fog,15.0,1.5,1.3024475033106715,3.275771085362328e-09,0.0,1e-14,0.4,Gaussian Fitting,,,False,False,False
12_fog_15_011,908448408,fog,15.0,1.5,1.3024475033106715,3.275771085362328e-09,0.0,1e-14,0.4,PSF Fitting,,,False,False,False
12_fog_15_012,912047101,fog,15.0,1.5,1.3024475033106715,3.275771085362328e-09,0.0,1e-14,0.4,Intensity-Weighted Centroid,,,False,False,False
12_fog_15_012,912047101,fog,15.0,1.5,1.3024475033106715,3.275771085362328e-09,0.0,1e-14,0.4,Gaussian Fitting,,,False,False,False
12_fog_15_012,912047101,fog,15.0,1.5,1.3024475033106715,3.275771085362328e-09,0.0,1e-14,0.4,PSF Fitting,,,False,False,False
12_fog_15_013,109500892,fog,15.0,1.5,1.3024475033106715,3.275771085362328e-09,0.0,1e-14,0.4,Intensity-Weighted Centroid,,,False,False,False
12_fog_15_013,109500892,fog,15.0,1.5,1.3024475033106715,3.275771085362328e-09,0.0,1e-14,0.4,Gaussian Fitting,,,False,False,False
12_fog_15_013,109500892,fog,15.0,1.5,1.3024475033106715,3.275771085362328e-09,0.0,1e-14,0.4,PSF Fitting,,,False,False,False
12_fog_15_014,609093149,fog,15.0,1.5,1.3024475033106715,3.275771085362328e-09,0.0,1e-14,0.4,Intensity-Weighted Centroid,,,False,False,False
12_fog_15_014,609093149,fog,15.0,1.5,1.3024475033106715,3.275771085362328e-09,0.0,1e-14,0.4,Gaussian Fitting,,,False,False,False
12_fog_15_014,609093149,fog,15.0,1.5,1.3024475033106715,3.275771085362328e-09,0.0,1e-14,0.4,PSF Fitting,,,False,False,False
12_fog_15_015,994982149,fog,15.0,1.5,1.3024475033106715,3.275771085362328e-09,0.0,1e-14,0.4,Intensity-Weighted Centroid,,,False,False,False
12_fog_15_015,994982149,fog,15.0,1.5,1.3024475033106715,3.275771085362328e-09,0.0,1e-14,0.4,Gaussian Fitting,,,False,False,False
12_fog_15_015,994982149,fog,15.0,1.5,1.3024475033106715,3.275771085362328e-09,0.0,1e-14,0.4,PSF Fitting,,,False,False,False
12_fog_15_016,730766989,fog,15.0,1.5,1.3024475033106715,3.275771085362328e-09,0.0,1e-14,0.4,Intensity-Weighted Centroid,,,False,False,False
12_fog_15_016,730766989,fog,15.0,1.5,1.3024475033106715,3.275771085362328e-09,0.0,1e-14,0.4,Gaussian Fitting,,,False,False,False
12_fog_15_016,730766989,fog,15.0,1.5,1.3024475033106715,3.275771085362328e-09,0.0,1e-14,0.4,PSF Fitting,,,False,False,False
12_fog_15_017,729568254,fog,15.0,1.5,1.3024475033106715,3.275771085362328e-09,0.0,1e-14,0.4,Intensity-Weighted Centroid,,,False,False,False
12_fog_15_017,729568254,fog,15.0,1.5,1.3024475033106715,3.275771085362328e-09,0.0,1e-14,0.4,Gaussian Fitting,,,False,False,False
12_fog_15_017,729568254,fog,15.0,1.5,1.3024475033106715,3.275771085362328e-09,0.0,1e-14,0.4,PSF Fitting,,,False,False,False
12_fog_15_018,685036697,fog,15.0,1.5,1.3024475033106715,3.275771085362328e-09,0.0,1e-14,0.4,Intensity-Weighted Centroid,,,False,False,False
12_fog_15_018,685036697,fog,15.0,1.5,1.3024475033106715,3.275771085362328e-09,0.0,1e-14,0.4,Gaussian Fitting,,,False,False,False
12_fog_15_018,685036697,fog,15.0,1.5,1.3024475033106715,3.275771085362328e-09,0.0,1e-14,0.4,PSF Fitting,,,False,False,False
12_fog_15_019,346643384,fog,15.0,1.5,1.3024475033106715,3.275771085362328e-09,0.0,1e-14,0.4,Intensity-Weighted Centroid,,,False,False,False
12_fog_15_019,346643384,fog,15.0,1.5,1.3024475033106715,3.275771085362328e-09,0.0,1e-14,0.4,Gaussian Fitting,,,False,False,False
12_fog_15_019,346643384,fog,15.0,1.5,1.3024475033106715,3.275771085362328e-09,0.0,1e-14,0.4,PSF Fitting,,,False,False,False
12_fog_15_020,852295129,fog,15.0,1.5,1.3024475033106715,3.275771085362328e-09,0.0,1e-14,0.4,Intensity-Weighted Centroid,,,False,False,False
12_fog_15_020,852295129,fog,15.0,1.5,1.3024475033106715,3.275771085362328e-09,0.0,1e-14,0.4,Gaussian Fitting,,,False,False,False
12_fog_15_020,852295129,fog,15.0,1.5,1.3024475033106715,3.275771085362328e-09,0.0,1e-14,0.4,PSF Fitting,,,False,False,False
12_fog_15_021,582894113,fog,15.0,1.5,1.3024475033106715,3.275771085362328e-09,0.0,1e-14,0.4,Intensity-Weighted Centroid,,,False,False,False
12_fog_15_021,582894113,fog,15.0,1.5,1.3024475033106715,3.275771085362328e-09,0.0,1e-14,0.4,Gaussian Fitting,,,False,False,False
12_fog_15_021,582894113,fog,15.0,1.5,1.3024475033106715,3.275771085362328e-09,0.0,1e-14,0.4,PSF Fitting,,,False,False,False
12_fog_15_022,167445666,fog,15.0,1.5,1.3024475033106715,3.275771085362328e-09,0.0,1e-14,0.4,Intensity-Weighted Centroid,,,False,False,False
12_fog_15_022,167445666,fog,15.0,1.5,1.3024475033106715,3.275771085362328e-09,0.0,1e-14,0.4,Gaussian Fitting,,,False,False,False
12_fog_15_022,167445666,fog,15.0,1.5,1.3024475033106715,3.275771085362328e-09,0.0,1e-14,0.4,PSF Fitting,,,False,False,False
12_fog_15_023,419815275,fog,15.0,1.5,1.3024475033106715,3.275771085362328e-09,0.0,1e-14,0.4,Intensity-Weighted Centroid,,,False,False,False
12_fog_15_023,419815275,fog,15.0,1.5,1.3024475033106715,3.275771085362328e-09,0.0,1e-14,0.4,Gaussian Fitting,,,False,False,False
12_fog_15_023,419815275,fog,15.0,1.5,1.3024475033106715,3.275771085362328e-09,0.0,1e-14,0.4,PSF Fitting,,,False,False,False
12_fog_15_024,485413740,fog,15.0,1.5,1.3024475033106715,3.275771085362328e-09,0.0,1e-14,0.4,Intensity-Weighted Centroid,,,False,False,False
12_fog_15_024,485413740,fog,15.0,1.5,1.3024475033106715,3.275771085362328e-09,0.0,1e-14,0.4,Gaussian Fitting,,,False,False,False
12_fog_15_024,485413740,fog,15.0,1.5,1.3024475033106715,3.275771085362328e-09,0.0,1e-14,0.4,PSF Fitting,,,False,False,False
12_fog_15_025,315184049,fog,15.0,1.5,1.3024475033106715,3.275771085362328e-09,0.0,1e-14,0.4,Intensity-Weighted Centroid,,,False,False,False
12_fog_15_025,315184049,fog,15.0,1.5,1.3024475033106715,3.275771085362328e-09,0.0,1e-14,0.4,Gaussian Fitting,,,False,False,False
12_fog_15_025,315184049,fog,15.0,1.5,1.3024475033106715,3.275771085362328e-09,0.0,1e-14,0.4,PSF Fitting,,,False,False,False
12_fog_15_026,882002390,fog,15.0,1.5,1.3024475033106715,3.275771085362328e-09,0.0,1e-14,0.4,Intensity-Weighted Centroid,,,False,False,False
12_fog_15_026,882002390,fog,15.0,1.5,1.3024475033106715,3.275771085362328e-09,0.0,1e-14,0.4,Gaussian Fitting,,,False,False,False
12_fog_15_026,882002390,fog,15.0,1.5,1.3024475033106715,3.275771085362328e-09,0.0,1e-14,0.4,PSF Fitting,,,False,False,False
12_fog_15_027,289613897,fog,15.0,1.5,1.3024475033106715,3.275771085362328e-09,0.0,1e-14,0.4,Intensity-Weighted Centroid,,,False,False,False
12_fog_15_027,289613897,fog,15.0,1.5,1.3024475033106715,3.275771085362328e-09,0.0,1e-14,0.4,Gaussian Fitting,,,False,False,False
12_fog_15_027,289613897,fog,15.0,1.5,1.3024475033106715,3.275771085362328e-09,0.0,1e-14,0.4,PSF Fitting,,,False,False,False
12_fog_15_028,823043074,fog,15.0,1.5,1.3024475033106715,3.275771085362328e-09,0.0,1e-14,0.4,Intensity-Weighted Centroid,,,False,False,False
12_fog_15_028,823043074,fog,15.0,1.5,1.3024475033106715,3.275771085362328e-09,0.0,1e-14,0.4,Gaussian Fitting,,,False,False,False
12_fog_15_028,823043074,fog,15.0,1.5,1.3024475033106715,3.275771085362328e-09,0.0,1e-14,0.4,PSF Fitting,,,False,False,False
12_fog_15_029,211936982,fog,15.0,1.5,1.3024475033106715,3.275771085362328e-09,0.0,1e-14,0.4,Intensity-Weighted Centroid,,,False,False,False
12_fog_15_029,211936982,fog,15.0,1.5,1.3024475033106715,3.275771085362328e-09,0.0,1e-14,0.4,Gaussian Fitting,,,False,False,False
12_fog_15_029,211936982,fog,15.0,1.5,1.3024475033106715,3.275771085362328e-09,0.0,1e-14,0.4,PSF Fitting,,,False,False,False
12_fog_20_000,956267417,fog,20.0,1.5,1.3024475033106715,4.865021085331031e-12,0.0,1e-14,0.4,Intensity-Weighted Centroid,,,False,False,False
12_fog_20_000,956267417,fog,20.0,1.5,1.3024475033106715,4.865021085331031e-12,0.0,1e-14,0.4,Gaussian Fitting,,,False,False,False
12_fog_20_000,956267417,fog,20.0,1.5,1.3024475033106715,4.865021085331031e-12,0.0,1e-14,0.4,PSF Fitting,,,False,False,False
12_fog_20_001,308087329,fog,20.0,1.5,1.3024475033106715,4.865021085331031e-12,0.0,1e-14,0.4,Intensity-Weighted Centroid,,,False,False,False
12_fog_20_001,308087329,fog,20.0,1.5,1.3024475033106715,4.865021085331031e-12,0.0,1e-14,0.4,Gaussian Fitting,,,False,False,False
12_fog_20_001,308087329,fog,20.0,1.5,1.3024475033106715,4.865021085331031e-12,0.0,1e-14,0.4,PSF Fitting,,,False,False,False
12_fog_20_002,809746059,fog,20.0,1.5,1.3024475033106715,4.865021085331031e-12,0.0,1e-14,0.4,Intensity-Weighted Centroid,,,False,False,False
12_fog_20_002,809746059,fog,20.0,1.5,1.3024475033106715,4.865021085331031e-12,0.0,1e-14,0.4,Gaussian Fitting,,,False,False,False
12_fog_20_002,809746059,fog,20.0,1.5,1.3024475033106715,4.865021085331031e-12,0.0,1e-14,0.4,PSF Fitting,,,False,False,False
12_fog_20_003,225827465,fog,20.0,1.5,1.3024475033106715,4.865021085331031e-12,0.0,1e-14,0.4,Intensity-Weighted Centroid,,,False,False,False
12_fog_20_003,225827465,fog,20.0,1.5,1.3024475033106715,4.865021085331031e-12,0.0,1e-14,0.4,Gaussian Fitting,,,False,False,False
12_fog_20_003,225827465,fog,20.0,1.5,1.3024475033106715,4.865021085331031e-12,0.0,1e-14,0.4,PSF Fitting,,,False,False,False
12_fog_20_004,878033202,fog,20.0,1.5,1.3024475033106715,4.865021085331031e-12,0.0,1e-14,0.4,Intensity-Weighted Centroid,,,False,False,False
12_fog_20_004,878033202,fog,20.0,1.5,1.3024475033106715,4.865021085331031e-12,0.0,1e-14,0.4,Gaussian Fitting,,,False,False,False
12_fog_20_004,878033202,fog,20.0,1.5,1.3024475033106715,4.865021085331031e-12,0.0,1e-14,0.4,PSF Fitting,,,False,False,False
12_fog_20_005,648078872,fog,20.0,1.5,1.3024475033106715,4.865021085331031e-12,0.0,1e-14,0.4,Intensity-Weighted Centroid,,,False,False,False
12_fog_20_005,648078872,fog,20.0,1.5,1.3024475033106715,4.865021085331031e-12,0.0,1e-14,0.4,Gaussian Fitting,,,False,False,False
12_fog_20_005,648078872,fog,20.0,1.5,1.3024475033106715,4.865021085331031e-12,0.0,1e-14,0.4,PSF Fitting,,,False,False,False
12_fog_20_006,467767256,fog,20.0,1.5,1.3024475033106715,4.865021085331031e-12,0.0,1e-14,0.4,Intensity-Weighted Centroid,,,False,False,False
12_fog_20_006,467767256,fog,20.0,1.5,1.3024475033106715,4.865021085331031e-12,0.0,1e-14,0.4,Gaussian Fitting,,,False,False,False
12_fog_20_006,467767256,fog,20.0,1.5,1.3024475033106715,4.865021085331031e-12,0.0,1e-14,0.4,PSF Fitting,,,False,False,False
12_fog_20_007,416738640,fog,20.0,1.5,1.3024475033106715,4.865021085331031e-12,0.0,1e-14,0.4,Intensity-Weighted Centroid,,,False,False,False
12_fog_20_007,416738640,fog,20.0,1.5,1.3024475033106715,4.865021085331031e-12,0.0,1e-14,0.4,Gaussian Fitting,,,False,False,False
12_fog_20_007,416738640,fog,20.0,1.5,1.3024475033106715,4.865021085331031e-12,0.0,1e-14,0.4,PSF Fitting,,,False,False,False
12_fog_20_008,698176685,fog,20.0,1.5,1.3024475033106715,4.865021085331031e-12,0.0,1e-14,0.4,Intensity-Weighted Centroid,,,False,False,False
12_fog_20_008,698176685,fog,20.0,1.5,1.3024475033106715,4.865021085331031e-12,0.0,1e-14,0.4,Gaussian Fitting,,,False,False,False
12_fog_20_008,698176685,fog,20.0,1.5,1.3024475033106715,4.865021085331031e-12,0.0,1e-14,0.4,PSF Fitting,,,False,False,False
12_fog_20_009,174928873,fog,20.0,1.5,1.3024475033106715,4.865021085331031e-12,0.0,1e-14,0.4,Intensity-Weighted Centroid,,,False,False,False
12_fog_20_009,174928873,fog,20.0,1.5,1.3024475033106715,4.865021085331031e-12,0.0,1e-14,0.4,Gaussian Fitting,,,False,False,False
12_fog_20_009,174928873,fog,20.0,1.5,1.3024475033106715,4.865021085331031e-12,0.0,1e-14,0.4,PSF Fitting,,,False,False,False
12_fog_20_010,216550546,fog,20.0,1.5,1.3024475033106715,4.865021085331031e-12,0.0,1e-14,0.4,Intensity-Weighted Centroid,,,False,False,False
12_fog_20_010,216550546,fog,20.0,1.5,1.3024475033106715,4.865021085331031e-12,0.0,1e-14,0.4,Gaussian Fitting,,,False,False,False
12_fog_20_010,216550546,fog,20.0,1.5,1.3024475033106715,4.865021085331031e-12,0.0,1e-14,0.4,PSF Fitting,,,False,False,False
12_fog_20_011,515449755,fog,20.0,1.5,1.3024475033106715,4.865021085331031e-12,0.0,1e-14,0.4,Intensity-Weighted Centroid,,,False,False,False
12_fog_20_011,515449755,fog,20.0,1.5,1.3024475033106715,4.865021085331031e-12,0.0,1e-14,0.4,Gaussian Fitting,,,False,False,False
12_fog_20_011,515449755,fog,20.0,1.5,1.3024475033106715,4.865021085331031e-12,0.0,1e-14,0.4,PSF Fitting,,,False,False,False
12_fog_20_012,201376227,fog,20.0,1.5,1.3024475033106715,4.865021085331031e-12,0.0,1e-14,0.4,Intensity-Weighted Centroid,,,False,False,False
12_fog_20_012,201376227,fog,20.0,1.5,1.3024475033106715,4.865021085331031e-12,0.0,1e-14,0.4,Gaussian Fitting,,,False,False,False
12_fog_20_012,201376227,fog,20.0,1.5,1.3024475033106715,4.865021085331031e-12,0.0,1e-14,0.4,PSF Fitting,,,False,False,False
12_fog_20_013,947685142,fog,20.0,1.5,1.3024475033106715,4.865021085331031e-12,0.0,1e-14,0.4,Intensity-Weighted Centroid,,,False,False,False
12_fog_20_013,947685142,fog,20.0,1.5,1.3024475033106715,4.865021085331031e-12,0.0,1e-14,0.4,Gaussian Fitting,,,False,False,False
12_fog_20_013,947685142,fog,20.0,1.5,1.3024475033106715,4.865021085331031e-12,0.0,1e-14,0.4,PSF Fitting,,,False,False,False
12_fog_20_014,710319705,fog,20.0,1.5,1.3024475033106715,4.865021085331031e-12,0.0,1e-14,0.4,Intensity-Weighted Centroid,,,False,False,False
12_fog_20_014,710319705,fog,20.0,1.5,1.3024475033106715,4.865021085331031e-12,0.0,1e-14,0.4,Gaussian Fitting,,,False,False,False
12_fog_20_014,710319705,fog,20.0,1.5,1.3024475033106715,4.865021085331031e-12,0.0,1e-14,0.4,PSF Fitting,,,False,False,False
12_fog_20_015,946881127,fog,20.0,1.5,1.3024475033106715,4.865021085331031e-12,0.0,1e-14,0.4,Intensity-Weighted Centroid,,,False,False,False
12_fog_20_015,946881127,fog,20.0,1.5,1.3024475033106715,4.865021085331031e-12,0.0,1e-14,0.4,Gaussian Fitting,,,False,False,False
12_fog_20_015,946881127,fog,20.0,1.5,1.3024475033106715,4.865021085331031e-12,0.0,1e-14,0.4,PSF Fitting,,,False,False,False
12_fog_20_016,940998050,fog,20.0,1.5,1.3024475033106715,4.865021085331031e-12,0.0,1e-14,0.4,Intensity-Weighted Centroid,,,False,False,False
12_fog_20_016,940998050,fog,20.0,1.5,1.3024475033106715,4.865021085331031e-12,0.0,1e-14,0.4,Gaussian Fitting,,,False,False,False
12_fog_20_016,940998050,fog,20.0,1.5,1.3024475033106715,4.865021085331031e-12,0.0,1e-14,0.4,PSF Fitting,,,False,False,False
12_fog_20_017,7701210,fog,20.0,1.5,1.3024475033106715,4.865021085331031e-12,0.0,1e-14,0.4,Intensity-Weighted Centroid,,,False,False,False
12_fog_20_017,7701210,fog,20.0,1.5,1.3024475033106715,4.865021085331031e-12,0.0,1e-14,0.4,Gaussian Fitting,,,False,False,False
12_fog_20_017,7701210,fog,20.0,1.5,1.3024475033106715,4.865021085331031e-12,0.0,1e-14,0.4,PSF Fitting,,,False,False,False
12_fog_20_018,421672356,fog,20.0,1.5,1.3024475033106715,4.865021085331031e-12,0.0,1e-14,0.4,Intensity-Weighted Centroid,,,False,False,False
12_fog_20_018,421672356,fog,20.0,1.5,1.3024475033106715,4.865021085331031e-12,0.0,1e-14,0.4,Gaussian Fitting,,,False,False,False
12_fog_20_018,421672356,fog,20.0,1.5,1.3024475033106715,4.865021085331031e-12,0.0,1e-14,0.4,PSF Fitting,,,False,False,False
12_fog_20_019,5629744,fog,20.0,1.5,1.3024475033106715,4.865021085331031e-12,0.0,1e-14,0.4,Intensity-Weighted Centroid,,,False,False,False
12_fog_20_019,5629744,fog,20.0,1.5,1.3024475033106715,4.865021085331031e-12,0.0,1e-14,0.4,Gaussian Fitting,,,False,False,False
12_fog_20_019,5629744,fog,20.0,1.5,1.3024475033106715,4.865021085331031e-12,0.0,1e-14,0.4,PSF Fitting,,,False,False,False
12_fog_20_020,623883752,fog,20.0,1.5,1.3024475033106715,4.865021085331031e-12,0.0,1e-14,0.4,Intensity-Weighted Centroid,,,False,False,False
12_fog_20_020,623883752,fog,20.0,1.5,1.3024475033106715,4.865021085331031e-12,0.0,1e-14,0.4,Gaussian Fitting,,,False,False,False
12_fog_20_020,623883752,fog,20.0,1.5,1.3024475033106715,4.865021085331031e-12,0.0,1e-14,0.4,PSF Fitting,,,False,False,False
12_fog_20_021,598839269,fog,20.0,1.5,1.3024475033106715,4.865021085331031e-12,0.0,1e-14,0.4,Intensity-Weighted Centroid,,,False,False,False
12_fog_20_021,598839269,fog,20.0,1.5,1.3024475033106715,4.865021085331031e-12,0.0,1e-14,0.4,Gaussian Fitting,,,False,False,False
12_fog_20_021,598839269,fog,20.0,1.5,1.3024475033106715,4.865021085331031e-12,0.0,1e-14,0.4,PSF Fitting,,,False,False,False
12_fog_20_022,988307934,fog,20.0,1.5,1.3024475033106715,4.865021085331031e-12,0.0,1e-14,0.4,Intensity-Weighted Centroid,,,False,False,False
12_fog_20_022,988307934,fog,20.0,1.5,1.3024475033106715,4.865021085331031e-12,0.0,1e-14,0.4,Gaussian Fitting,,,False,False,False
12_fog_20_022,988307934,fog,20.0,1.5,1.3024475033106715,4.865021085331031e-12,0.0,1e-14,0.4,PSF Fitting,,,False,False,False
12_fog_20_023,181391396,fog,20.0,1.5,1.3024475033106715,4.865021085331031e-12,0.0,1e-14,0.4,Intensity-Weighted Centroid,,,False,False,False
12_fog_20_023,181391396,fog,20.0,1.5,1.3024475033106715,4.865021085331031e-12,0.0,1e-14,0.4,Gaussian Fitting,,,False,False,False
12_fog_20_023,181391396,fog,20.0,1.5,1.3024475033106715,4.865021085331031e-12,0.0,1e-14,0.4,PSF Fitting,,,False,False,False
12_fog_20_024,249916327,fog,20.0,1.5,1.3024475033106715,4.865021085331031e-12,0.0,1e-14,0.4,Intensity-Weighted Centroid,,,False,False,False
12_fog_20_024,249916327,fog,20.0,1.5,1.3024475033106715,4.865021085331031e-12,0.0,1e-14,0.4,Gaussian Fitting,,,False,False,False
12_fog_20_024,249916327,fog,20.0,1.5,1.3024475033106715,4.865021085331031e-12,0.0,1e-14,0.4,PSF Fitting,,,False,False,False
12_fog_20_025,328763806,fog,20.0,1.5,1.3024475033106715,4.865021085331031e-12,0.0,1e-14,0.4,Intensity-Weighted Centroid,,,False,False,False
12_fog_20_025,328763806,fog,20.0,1.5,1.3024475033106715,4.865021085331031e-12,0.0,1e-14,0.4,Gaussian Fitting,,,False,False,False
12_fog_20_025,328763806,fog,20.0,1.5,1.3024475033106715,4.865021085331031e-12,0.0,1e-14,0.4,PSF Fitting,,,False,False,False
12_fog_20_026,486312795,fog,20.0,1.5,1.3024475033106715,4.865021085331031e-12,0.0,1e-14,0.4,Intensity-Weighted Centroid,,,False,False,False
12_fog_20_026,486312795,fog,20.0,1.5,1.3024475033106715,4.865021085331031e-12,0.0,1e-14,0.4,Gaussian Fitting,,,False,False,False
12_fog_20_026,486312795,fog,20.0,1.5,1.3024475033106715,4.865021085331031e-12,0.0,1e-14,0.4,PSF Fitting,,,False,False,False
12_fog_20_027,643345019,fog,20.0,1.5,1.3024475033106715,4.865021085331031e-12,0.0,1e-14,0.4,Intensity-Weighted Centroid,,,False,False,False
12_fog_20_027,643345019,fog,20.0,1.5,1.3024475033106715,4.865021085331031e-12,0.0,1e-14,0.4,Gaussian Fitting,,,False,False,False
12_fog_20_027,643345019,fog,20.0,1.5,1.3024475033106715,4.865021085331031e-12,0.0,1e-14,0.4,PSF Fitting,,,False,False,False
12_fog_20_028,892782998,fog,20.0,1.5,1.3024475033106715,4.865021085331031e-12,0.0,1e-14,0.4,Intensity-Weighted Centroid,,,False,False,False
12_fog_20_028,892782998,fog,20.0,1.5,1.3024475033106715,4.865021085331031e-12,0.0,1e-14,0.4,Gaussian Fitting,,,False,False,False
12_fog_20_028,892782998,fog,20.0,1.5,1.3024475033106715,4.865021085331031e-12,0.0,1e-14,0.4,PSF Fitting,,,False,False,False
12_fog_20_029,498107769,fog,20.0,1.5,1.3024475033106715,4.865021085331031e-12,0.0,1e-14,0.4,Intensity-Weighted Centroid,,,False,False,False
12_fog_20_029,498107769,fog,20.0,1.5,1.3024475033106715,4.865021085331031e-12,0.0,1e-14,0.4,Gaussian Fitting,,,False,False,False
12_fog_20_029,498107769,fog,20.0,1.5,1.3024475033106715,4.865021085331031e-12,0.0,1e-14,0.4,PSF Fitting,,,False,False,False
12_rain_1_000,395449764,rain,1.0,4.0,1.338235272138097,0.2623081628954628,36.28215421173283,2e-14,0.2,Intensity-Weighted Centroid,0.4899095249601059,244.9547605369764,True,False,True
12_rain_1_000,395449764,rain,1.0,4.0,1.338235272138097,0.2623081628954628,36.28215421173283,2e-14,0.2,Gaussian Fitting,0.1650899634591819,82.54498166135858,True,False,True
12_rain_1_000,395449764,rain,1.0,4.0,1.338235272138097,0.2623081628954628,36.28215421173283,2e-14,0.2,PSF Fitting,0.17636863164299812,88.18431572931617,True,False,True
12_rain_1_001,200797166,rain,1.0,4.0,1.338235272138097,0.2623081628954628,40.430882032390144,2e-14,0.2,Intensity-Weighted Centroid,0.519625548369849,259.8127332910986,True,False,True
12_rain_1_001,200797166,rain,1.0,4.0,1.338235272138097,0.2623081628954628,40.430882032390144,2e-14,0.2,Gaussian Fitting,0.29837874363815686,149.18936687326377,True,False,True
12_rain_1_001,200797166,rain,1.0,4.0,1.338235272138097,0.2623081628954628,40.430882032390144,2e-14,0.2,PSF Fitting,0.2908082700293415,145.40412998485272,True,False,True
12_rain_1_002,537078187,rain,1.0,4.0,1.338235272138097,0.2623081628954628,38.40642925562628,2e-14,0.2,Intensity-Weighted Centroid,0.19898923294202006,99.49461379981466,True,False,True
12_rain_1_002,537078187,rain,1.0,4.0,1.338235272138097,0.2623081628954628,38.40642925562628,2e-14,0.2,Gaussian Fitting,0.21179532719765645,105.89765916012226,True,False,True
12_rain_1_002,537078187,rain,1.0,4.0,1.338235272138097,0.2623081628954628,38.40642925562628,2e-14,0.2,PSF Fitting,0.20564278356310559,102.82138753688213,True,False,True
12_rain_1_003,317335715,rain,1.0,4.0,1.338235272138097,0.2623081628954628,38.65355591156574,2e-14,0.2,Intensity-Weighted Centroid,0.30817815302195434,154.08907546360453,True,False,True
12_rain_1_003,317335715,rain,1.0,4.0,1.338235272138097,0.2623081628954628,38.65355591156574,2e-14,0.2,Gaussian Fitting,0.15836507000135744,79.18253447044826,True,False,True
12_rain_1_003,317335715,rain,1.0,4.0,1.338235272138097,0.2623081628954628,38.65355591156574,2e-14,0.2,PSF Fitting,0.14104524280864802,70.52262093735347,True,False,True
12_rain_1_004,917666718,rain,1.0,4.0,1.338235272138097,0.2623081628954628,40.16338973974988,2e-14,0.2,Intensity-Weighted Centroid,0.36694907637843577,183.47453258712287,True,False,True
12_rain_1_004,917666718,rain,1.0,4.0,1.338235272138097,0.2623081628954628,40.16338973974988,2e-14,0.2,Gaussian Fitting,0.14079253043196122,70.39626475703821,True,False,True
12_rain_1_004,917666718,rain,1.0,4.0,1.338235272138097,0.2623081628954628,40.16338973974988,2e-14,0.2,PSF Fitting,0.11575818148250545,57.879090345300824,True,False,True
12_rain_1_005,592250667,rain,1.0,4.0,1.338235272138097,0.2623081628954628,41.09643645120915,2e-14,0.2,Intensity-Weighted Centroid,0.37128485703824765,185.6424052670506,True,False,True
12_rain_1_005,592250667,rain,1.0,4.0,1.338235272138097,0.2623081628954628,41.09643645120915,2e-14,0.2,Gaussian Fitting,0.21448265845192035,107.24132796145015,True,False,True
12_rain_1_005,592250667,rain,1.0,4.0,1.338235272138097,0.2623081628954628,41.09643645120915,2e-14,0.2,PSF Fitting,0.21545873648752698,107.72936698506989,True,False,True
12_rain_1_006,460336082,rain,1.0,4.0,1.338235272138097,0.2623081628954628,39.11222940474304,2e-14,0.2,Intensity-Weighted Centroid,0.4824844294527833,241.24221357315284,True,False,True
12_rain_1_006,460336082,rain,1.0,4.0,1.338235272138097,0.2623081628954628,39.11222940474304,2e-14,0.2,Gaussian Fitting,0.2981454972823211,149.072746656252,True,False,True
12_rain_1_006,460336082,rain,1.0,4.0,1.338235272138097,0.2623081628954628,39.11222940474304,2e-14,0.2,PSF Fitting,0.30047973044441584,150.2398632464094,True,False,True
12_rain_1_007,128533480,rain,1.0,4.0,1.338235272138097,0.2623081628954628,40.703950876061285,2e-14,0.2,Intensity-Weighted Centroid,0.35927762256680573,179.63881064499296,True,False,True
12_rain_1_007,128533480,rain,1.0,4.0,1.338235272138097,0.2623081628954628,40.703950876061285,2e-14,0.2,Gaussian Fitting,0.20356846782276822,101.78423090893831,True,False,True
12_rain_1_007,128533480,rain,1.0,4.0,1.338235272138097,0.2623081628954628,40.703950876061285,2e-14,0.2,PSF Fitting,0.20058775287758068,100.29387350651922,True,False,True
12_rain_1_008,436471644,rain,1.0,4.0,1.338235272138097,0.2623081628954628,38.64096904726485,2e-14,0.2,Intensity-Weighted Centroid,0.11717954771425303,58.58977359879909,True,False,True
12_rain_1_008,436471644,rain,1.0,4.0,1.338235272138097,0.2623081628954628,38.64096904726485,2e-14,0.2,Gaussian Fitting,0.09538617030432188,47.69308430031257,True,False,True
12_rain_1_008,436471644,rain,1.0,4.0,1.338235272138097,0.2623081628954628,38.64096904726485,2e-14,0.2,PSF Fitting,0.09291102791035087,46.45551327773639,True,False,True
12_rain_1_009,271176405,rain,1.0,4.0,1.338235272138097,0.2623081628954628,37.916127773977124,2e-14,0.2,Intensity-Weighted Centroid,0.7472387196501246,373.61930879284796,True,False,True
12_rain_1_009,271176405,rain,1.0,4.0,1.338235272138097,0.2623081628954628,37.916127773977124,2e-14,0.2,Gaussian Fitting,0.22119958822786673,110.59979111707,True,False,True
12_rain_1_009,271176405,rain,1.0,4.0,1.338235272138097,0.2623081628954628,37.916127773977124,2e-14,0.2,PSF Fitting,0.21947310300169737,109.73654855038585,True,False,True
12_rain_1_010,1991393,rain,1.0,4.0,1.338235272138097,0.2623081628954628,40.21024989452469,2e-14,0.2,Intensity-Weighted Centroid,0.2621882738297166,131.0941354730176,True,False,True
12_rain_1_010,1991393,rain,1.0,4.0,1.338235272138097,0.2623081628954628,40.21024989452469,2e-14,0.2,Gaussian Fitting,0.12268064378983516,61.3403207626823,True,False,True
12_rain_1_010,1991393,rain,1.0,4.0,1.338235272138097,0.2623081628954628,40.21024989452469,2e-14,0.2,PSF Fitting,0.12131751840291899,60.658758081846635,True,False,True
12_rain_1_011,156991278,rain,1.0,4.0,1.338235272138097,0.2623081628954628,39.6983897484245,2e-14,0.2,Intensity-Weighted Centroid,0.5006382928083499,250.31910776546889,True,False,True
12_rain_1_011,156991278,rain,1.0,4.0,1.338235272138097,0.2623081628954628,39.6983897484245,2e-14,0.2,Gaussian Fitting,0.1307007654439085,65.35037952510815,True,False,True
12_rain_1_011,156991278,rain,1.0,4.0,1.338235272138097,0.2623081628954628,39.6983897484245,2e-14,0.2,PSF Fitting,0.13157705465112665,65.7885242513052,True,False,True
12_rain_1_012,629520,rain,1.0,4.0,1.338235272138097,0.2623081628954628,39.842105203191,2e-14,0.2,Intensity-Weighted Centroid,0.31699757038790616,158.4987827268536,True,False,True
12_rain_1_012,629520,rain,1.0,4.0,1.338235272138097,0.2623081628954628,39.842105203191,2e-14,0.2,Gaussian Fitting,0.09796025945933096,48.98012943117716,True,False,True
12_rain_1_012,629520,rain,1.0,4.0,1.338235272138097,0.2623081628954628,39.842105203191,2e-14,0.2,PSF Fitting,0.09293724855649421,46.46862391163213,True,False,True
12_rain_1_013,252316627,rain,1.0,4.0,1.338235272138097,0.2623081628954628,41.14957356590085,2e-14,0.2,Intensity-Weighted Centroid,0.2990556181611614,149.52780550683306,True,False,True
12_rain_1_013,252316627,rain,1.0,4.0,1.338235272138097,0.2623081628954628,41.14957356590085,2e-14,0.2,Gaussian Fitting,0.14856536338557927,74.28268031953158,True,False,True
12_rain_1_013,252316627,rain,1.0,4.0,1.338235272138097,0.2623081628954628,41.14957356590085,2e-14,0.2,PSF Fitting,0.15333985106311523,76.66992420792187,True,False,True
12_rain_1_014,548971407,rain,1.0,4.0,1.338235272138097,0.2623081628954628,40.27423011520444,2e-14,0.2,Intensity-Weighted Centroid,0.45407992651852586,227.0399607033311,True,False,True
12_rain_1_014,548971407,rain,1.0,4.0,1.338235272138097,0.2623081628954628,40.27423011520444,2e-14,0.2,Gaussian Fitting,0.24556998581133335,122.78499272108529,True,False,True
12_rain_1_014,548971407,rain,1.0,4.0,1.338235272138097,0.2623081628954628,40.27423011520444,2e-14,0.2,PSF Fitting,0.2387229530114793,119.36147633612858,True,False,True
12_rain_1_015,479763316,rain,1.0,4.0,1.338235272138097,0.2623081628954628,37.561100238092216,2e-14,0.2,Intensity-Weighted Centroid,0.27626201731843686,138.13100742048385,True,False,True
12_rain_1_015,479763316,rain,1.0,4.0,1.338235272138097,0.2623081628954628,37.561100238092216,2e-14,0.2,Gaussian Fitting,0.12918169056846343,64.59084454860387,True,False,True
12_rain_1_015,479763316,rain,1.0,4.0,1.338235272138097,0.2623081628954628,37.561100238092216,2e-14,0.2,PSF Fitting,0.1353598103755705,67.67990443090532,True,False,True
12_rain_1_016,54905414,rain,1.0,4.0,1.338235272138097,0.2623081628954628,38.92475904351753,2e-14,0.2,Intensity-Weighted Centroid,0.205475386359235,102.73769244468319,True,False,True
12_rain_1_016,54905414,rain,1.0,4.0,1.338235272138097,0.2623081628954628,38.92475904351753,2e-14,0.2,Gaussian Fitting,0.09503794276127585,47.518970406439166,True,False,True
12_rain_1_016,54905414,rain,1.0,4.0,1.338235272138097,0.2623081628954628,38.92475904351753,2e-14,0.2,PSF Fitting,0.10567281982270338,52.83640886271387,True,False,True
12_rain_1_017,705234766,rain,1.0,4.0,1.338235272138097,0.2623081628954628,39.33722962912443,2e-14,0.2,Intensity-Weighted Centroid,0.9355655573739929,467.7827113722001,True,False,True
12_rain_1_017,705234766,rain,1.0,4.0,1.338235272138097,0.2623081628954628,39.33722962912443,2e-14,0.2,Gaussian Fitting,0.35947492590220725,179.7374558844248,True,False,True
12_rain_1_017,705234766,rain,1.0,4.0,1.338235272138097,0.2623081628954628,39.33722962912443,2e-14,0.2,PSF Fitting,0.35527401630965755,177.6370015686881,True,False,True
12_rain_1_018,716515056,rain,1.0,4.0,1.338235272138097,0.2623081628954628,38.1984485650484,2e-14,0.2,Intensity-Weighted Centroid,0.5898783299932036,294.9391553725225,True,False,True
12_rain_1_018,716515056,rain,1.0,4.0,1.338235272138097,0.2623081628954628,38.1984485650484,2e-14,0.2,Gaussian Fitting,0.03410792397280054,17.05396190069063,True,False,True
12_rain_1_018,716515056,rain,1.0,4.0,1.338235272138097,0.2623081628954628,38.1984485650484,2e-14,0.2,PSF Fitting,0.020065972859150905,10.032986323694976,True,False,True
12_rain_1_019,777015813,rain,1.0,4.0,1.338235272138097,0.2623081628954628,39.56356507991843,2e-14,0.2,Intensity-Weighted Centroid,0.26484765692228857,132.42382730845253,True,False,True
12_rain_1_019,777015813,rain,1.0,4.0,1.338235272138097,0.2623081628954628,39.56356507991843,2e-14,0.2,Gaussian Fitting,0.19202058196410768,96.01028927113202,True,False,True
12_rain_1_019,777015813,rain,1.0,4.0,1.338235272138097,0.2623081628954628,39.56356507991843,2e-14,0.2,PSF Fitting,0.1904057424539497,95.20286955900878,True,False,True
12_rain_1_020,864534293,rain,1.0,4.0,1.338235272138097,0.2623081628954628,39.63346781437697,2e-14,0.2,Intensity-Weighted Centroid,0.5716904393692971,285.8452162010373,True,False,True
12_rain_1_020,864534293,rain,1.0,4.0,1.338235272138097,0.2623081628954628,39.63346781437697,2e-14,0.2,Gaussian Fitting,0.1639885658390441,81.99428218859434,True,False,True
12_rain_1_020,864534293,rain,1.0,4.0,1.338235272138097,0.2623081628954628,39.63346781437697,2e-14,0.2,PSF Fitting,0.16924008435042523,84.6200414463915,True,False,True
12_rain_1_021,561915311,rain,1.0,4.0,1.338235272138097,0.2623081628954628,39.14923972715028,2e-14,0.2,Intensity-Weighted Centroid,0.5752940493580737,287.6470195295371,True,False,True
12_rain_1_021,561915311,rain,1.0,4.0,1.338235272138097,0.2623081628954628,39.14923972715028,2e-14,0.2,Gaussian Fitting,0.05964186716870401,29.820933577162187,True,False,True
12_rain_1_021,561915311,rain,1.0,4.0,1.338235272138097,0.2623081628954628,39.14923972715028,2e-14,0.2,PSF Fitting,0.05680005682862148,28.40002840815183,True,False,True
12_rain_1_022,870501116,rain,1.0,4.0,1.338235272138097,0.2623081628954628,41.7193339226931,2e-14,0.2,Intensity-Weighted Centroid,0.4750906208156592,237.54530668404928,True,False,True
12_rain_1_022,870501116,rain,1.0,4.0,1.338235272138097,0.2623081628954628,41.7193339226931,2e-14,0.2,Gaussian Fitting,0.1107023520278339,55.35117429423877,True,False,True
12_rain_1_022,870501116,rain,1.0,4.0,1.338235272138097,0.2623081628954628,41.7193339226931,2e-14,0.2,PSF Fitting,0.10254176247888355,51.27087980339037,True,False,True
12_rain_1_023,741950385,rain,1.0,4.0,1.338235272138097,0.2623081628954628,39.35909684890405,2e-14,0.2,Intensity-Weighted Centroid,0.6155999714203548,307.7999795698223,True,False,True
12_rain_1_023,741950385,rain,1.0,4.0,1.338235272138097,0.2623081628954628,39.35909684890405,2e-14,0.2,Gaussian Fitting,0.2432387109287844,121.61935212924169,True,False,True
12_rain_1_023,741950385,rain,1.0,4.0,1.338235272138097,0.2623081628954628,39.35909684890405,2e-14,0.2,PSF Fitting,0.28581758132133156,142.90878716069756,True,False,True
12_rain_1_024,743695432,rain,1.0,4.0,1.338235272138097,0.2623081628954628,40.46052525172349,2e-14,0.2,Intensity-Weighted Centroid,0.21147637169525288,105.73818563756986,True,False,True
12_rain_1_024,743695432,rain,1.0,4.0,1.338235272138097,0.2623081628954628,40.46052525172349,2e-14,0.2,Gaussian Fitting,0.09188274055329779,45.94136980902729,True,False,True
12_rain_1_024,743695432,rain,1.0,4.0,1.338235272138097,0.2623081628954628,40.46052525172349,2e-14,0.2,PSF Fitting,0.0755219121671709,37.76095565794811,True,False,True
12_rain_1_025,605414796,rain,1.0,4.0,1.338235272138097,0.2623081628954628,39.404813294858116,2e-14,0.2,Intensity-Weighted Centroid,0.2044097921555431,102.20489544408248,True,False,True
12_rain_1_025,605414796,rain,1.0,4.0,1.338235272138097,0.2623081628954628,39.404813294858116,2e-14,0.2,Gaussian Fitting,0.21864560324930785,109.32279951757084,True,False,True
12_rain_1_025,605414796,rain,1.0,4.0,1.338235272138097,0.2623081628954628,39.404813294858116,2e-14,0.2,PSF Fitting,0.22195943754786732,110.97971656416621,True,False,True
12_rain_1_026,367578054,rain,1.0,4.0,1.338235272138097,0.2623081628954628,38.97682916291673,2e-14,0.2,Intensity-Weighted Centroid,0.6180235822595386,309.01178010237993,True,False,True
12_rain_1_026,367578054,rain,1.0,4.0,1.338235272138097,0.2623081628954628,38.97682916291673,2e-14,0.2,Gaussian Fitting,0.17182988161938031,85.91494015571345,True,False,True
12_rain_1_026,367578054,rain,1.0,4.0,1.338235272138097,0.2623081628954628,38.97682916291673,2e-14,0.2,PSF Fitting,0.16289854637788043,81.4492726091586,True,False,True
12_rain_1_027,571747292,rain,1.0,4.0,1.338235272138097,0.2623081628954628,39.3689994658266,2e-14,0.2,Intensity-Weighted Centroid,1.0257676281032786,512.8837554465646,True,False,True
12_rain_1_027,571747292,rain,1.0,4.0,1.338235272138097,0.2623081628954628,39.3689994658266,2e-14,0.2,Gaussian Fitting,0.3223766804563308,161.1883363865799,True,False,True
12_rain_1_027,571747292,rain,1.0,4.0,1.338235272138097,0.2623081628954628,39.3689994658266,2e-14,0.2,PSF Fitting,0.32997001592617375,164.98500393110177,True,False,True
12_rain_1_028,91896879,rain,1.0,4.0,1.338235272138097,0.2623081628954628,39.939407420173985,2e-14,0.2,Intensity-Weighted Centroid,0.14569969828786822,72.84984872437875,True,False,True
12_rain_1_028,91896879,rain,1.0,4.0,1.338235272138097,0.2623081628954628,39.939407420173985,2e-14,0.2,Gaussian Fitting,0.15172017590094894,75.86008749197312,True,False,True
12_rain_1_028,91896879,rain,1.0,4.0,1.338235272138097,0.2623081628954628,39.939407420173985,2e-14,0.2,PSF Fitting,0.1487219316532917,74.36096538300501,True,False,True
12_rain_1_029,214630457,rain,1.0,4.0,1.338235272138097,0.2623081628954628,40.52484962656026,2e-14,0.2,Intensity-Weighted Centroid,0.19479745951882668,97.39872770644556,True,False,True
12_rain_1_029,214630457,rain,1.0,4.0,1.338235272138097,0.2623081628954628,40.52484962656026,2e-14,0.2,Gaussian Fitting,0.05489372553435805,27.44686156865494,True,False,True
12_rain_1_029,214630457,rain,1.0,4.0,1.338235272138097,0.2623081628954628,40.52484962656026,2e-14,0.2,PSF Fitting,0.04367547487355042,21.837736721340296,True,False,True
12_rain_2_000,998483022,rain,2.0,4.0,1.338235272138097,0.06880557232159265,10.588720247726476,2e-14,0.2,Intensity-Weighted Centroid,,,False,False,False
12_rain_2_000,998483022,rain,2.0,4.0,1.338235272138097,0.06880557232159265,10.588720247726476,2e-14,0.2,Gaussian Fitting,,,False,False,False
12_rain_2_000,998483022,rain,2.0,4.0,1.338235272138097,0.06880557232159265,10.588720247726476,2e-14,0.2,PSF Fitting,,,False,False,False
12_rain_2_001,757289266,rain,2.0,4.0,1.338235272138097,0.06880557232159265,0.0,2e-14,0.2,Intensity-Weighted Centroid,,,False,False,False
12_rain_2_001,757289266,rain,2.0,4.0,1.338235272138097,0.06880557232159265,0.0,2e-14,0.2,Gaussian Fitting,,,False,False,False
12_rain_2_001,757289266,rain,2.0,4.0,1.338235272138097,0.06880557232159265,0.0,2e-14,0.2,PSF Fitting,,,False,False,False
12_rain_2_002,539536310,rain,2.0,4.0,1.338235272138097,0.06880557232159265,0.0,2e-14,0.2,Intensity-Weighted Centroid,,,False,False,False
12_rain_2_002,539536310,rain,2.0,4.0,1.338235272138097,0.06880557232159265,0.0,2e-14,0.2,Gaussian Fitting,,,False,False,False
12_rain_2_002,539536310,rain,2.0,4.0,1.338235272138097,0.06880557232159265,0.0,2e-14,0.2,PSF Fitting,,,False,False,False
12_rain_2_003,73611914,rain,2.0,4.0,1.338235272138097,0.06880557232159265,0.0,2e-14,0.2,Intensity-Weighted Centroid,,,False,False,False
12_rain_2_003,73611914,rain,2.0,4.0,1.338235272138097,0.06880557232159265,0.0,2e-14,0.2,Gaussian Fitting,,,False,False,False
12_rain_2_003,73611914,rain,2.0,4.0,1.338235272138097,0.06880557232159265,0.0,2e-14,0.2,PSF Fitting,,,False,False,False
12_rain_2_004,795552994,rain,2.0,4.0,1.338235272138097,0.06880557232159265,0.0,2e-14,0.2,Intensity-Weighted Centroid,,,False,False,False
12_rain_2_004,795552994,rain,2.0,4.0,1.338235272138097,0.06880557232159265,0.0,2e-14,0.2,Gaussian Fitting,,,False,False,False
12_rain_2_004,795552994,rain,2.0,4.0,1.338235272138097,0.06880557232159265,0.0,2e-14,0.2,PSF Fitting,,,False,False,False
12_rain_2_005,37325469,rain,2.0,4.0,1.338235272138097,0.06880557232159265,0.0,2e-14,0.2,Intensity-Weighted Centroid,,,False,False,False
12_rain_2_005,37325469,rain,2.0,4.0,1.338235272138097,0.06880557232159265,0.0,2e-14,0.2,Gaussian Fitting,,,False,False,False
12_rain_2_005,37325469,rain,2.0,4.0,1.338235272138097,0.06880557232159265,0.0,2e-14,0.2,PSF Fitting,,,False,False,False
12_rain_2_006,924499559,rain,2.0,4.0,1.338235272138097,0.06880557232159265,0.0,2e-14,0.2,Intensity-Weighted Centroid,,,False,False,False
12_rain_2_006,924499559,rain,2.0,4.0,1.338235272138097,0.06880557232159265,0.0,2e-14,0.2,Gaussian Fitting,,,False,False,False
12_rain_2_006,924499559,rain,2.0,4.0,1.338235272138097,0.06880557232159265,0.0,2e-14,0.2,PSF Fitting,,,False,False,False
12_rain_2_007,771549835,rain,2.0,4.0,1.338235272138097,0.06880557232159265,0.0,2e-14,0.2,Intensity-Weighted Centroid,,,False,False,False
12_rain_2_007,771549835,rain,2.0,4.0,1.338235272138097,0.06880557232159265,0.0,2e-14,0.2,Gaussian Fitting,,,False,False,False
12_rain_2_007,771549835,rain,2.0,4.0,1.338235272138097,0.06880557232159265,0.0,2e-14,0.2,PSF Fitting,,,False,False,False
12_rain_2_008,49107604,rain,2.0,4.0,1.338235272138097,0.06880557232159265,0.0,2e-14,0.2,Intensity-Weighted Centroid,,,False,False,False
12_rain_2_008,49107604,rain,2.0,4.0,1.338235272138097,0.06880557232159265,0.0,2e-14,0.2,Gaussian Fitting,,,False,False,False
12_rain_2_008,49107604,rain,2.0,4.0,1.338235272138097,0.06880557232159265,0.0,2e-14,0.2,PSF Fitting,,,False,False,False
12_rain_2_009,109642781,rain,2.0,4.0,1.338235272138097,0.06880557232159265,0.0,2e-14,0.2,Intensity-Weighted Centroid,,,False,False,False
12_rain_2_009,109642781,rain,2.0,4.0,1.338235272138097,0.06880557232159265,0.0,2e-14,0.2,Gaussian Fitting,,,False,False,False
12_rain_2_009,109642781,rain,2.0,4.0,1.338235272138097,0.06880557232159265,0.0,2e-14,0.2,PSF Fitting,,,False,False,False
12_rain_2_010,101904037,rain,2.0,4.0,1.338235272138097,0.06880557232159265,0.0,2e-14,0.2,Intensity-Weighted Centroid,,,False,False,False
12_rain_2_010,101904037,rain,2.0,4.0,1.338235272138097,0.06880557232159265,0.0,2e-14,0.2,Gaussian Fitting,,,False,False,False
12_rain_2_010,101904037,rain,2.0,4.0,1.338235272138097,0.06880557232159265,0.0,2e-14,0.2,PSF Fitting,,,False,False,False
12_rain_2_011,682480363,rain,2.0,4.0,1.338235272138097,0.06880557232159265,0.0,2e-14,0.2,Intensity-Weighted Centroid,,,False,False,False
12_rain_2_011,682480363,rain,2.0,4.0,1.338235272138097,0.06880557232159265,0.0,2e-14,0.2,Gaussian Fitting,,,False,False,False
12_rain_2_011,682480363,rain,2.0,4.0,1.338235272138097,0.06880557232159265,0.0,2e-14,0.2,PSF Fitting,,,False,False,False
12_rain_2_012,238681105,rain,2.0,4.0,1.338235272138097,0.06880557232159265,0.0,2e-14,0.2,Intensity-Weighted Centroid,,,False,False,False
12_rain_2_012,238681105,rain,2.0,4.0,1.338235272138097,0.06880557232159265,0.0,2e-14,0.2,Gaussian Fitting,,,False,False,False
12_rain_2_012,238681105,rain,2.0,4.0,1.338235272138097,0.06880557232159265,0.0,2e-14,0.2,PSF Fitting,,,False,False,False
12_rain_2_013,156785037,rain,2.0,4.0,1.338235272138097,0.06880557232159265,10.54242223726724,2e-14,0.2,Intensity-Weighted Centroid,,,False,False,False
12_rain_2_013,156785037,rain,2.0,4.0,1.338235272138097,0.06880557232159265,10.54242223726724,2e-14,0.2,Gaussian Fitting,,,False,False,False
12_rain_2_013,156785037,rain,2.0,4.0,1.338235272138097,0.06880557232159265,10.54242223726724,2e-14,0.2,PSF Fitting,,,False,False,False
12_rain_2_014,731460649,rain,2.0,4.0,1.338235272138097,0.06880557232159265,0.0,2e-14,0.2,Intensity-Weighted Centroid,,,False,False,False
12_rain_2_014,731460649,rain,2.0,4.0,1.338235272138097,0.06880557232159265,0.0,2e-14,0.2,Gaussian Fitting,,,False,False,False
12_rain_2_014,731460649,rain,2.0,4.0,1.338235272138097,0.06880557232159265,0.0,2e-14,0.2,PSF Fitting,,,False,False,False
12_rain_2_015,152193986,rain,2.0,4.0,1.338235272138097,0.06880557232159265,0.0,2e-14,0.2,Intensity-Weighted Centroid,,,False,False,False
12_rain_2_015,152193986,rain,2.0,4.0,1.338235272138097,0.06880557232159265,0.0,2e-14,0.2,Gaussian Fitting,,,False,False,False
12_rain_2_015,152193986,rain,2.0,4.0,1.338235272138097,0.06880557232159265,0.0,2e-14,0.2,PSF Fitting,,,False,False,False
12_rain_2_016,133952856,rain,2.0,4.0,1.338235272138097,0.06880557232159265,0.0,2e-14,0.2,Intensity-Weighted Centroid,,,False,False,False
12_rain_2_016,133952856,rain,2.0,4.0,1.338235272138097,0.06880557232159265,0.0,2e-14,0.2,Gaussian Fitting,,,False,False,False
12_rain_2_016,133952856,rain,2.0,4.0,1.338235272138097,0.06880557232159265,0.0,2e-14,0.2,PSF Fitting,,,False,False,False
12_rain_2_017,479938828,rain,2.0,4.0,1.338235272138097,0.06880557232159265,0.0,2e-14,0.2,Intensity-Weighted Centroid,,,False,False,False
12_rain_2_017,479938828,rain,2.0,4.0,1.338235272138097,0.06880557232159265,0.0,2e-14,0.2,Gaussian Fitting,,,False,False,False
12_rain_2_017,479938828,rain,2.0,4.0,1.338235272138097,0.06880557232159265,0.0,2e-14,0.2,PSF Fitting,,,False,False,False
12_rain_2_018,87186954,rain,2.0,4.0,1.338235272138097,0.06880557232159265,0.0,2e-14,0.2,Intensity-Weighted Centroid,,,False,False,False
12_rain_2_018,87186954,rain,2.0,4.0,1.338235272138097,0.06880557232159265,0.0,2e-14,0.2,Gaussian Fitting,,,False,False,False
12_rain_2_018,87186954,rain,2.0,4.0,1.338235272138097,0.06880557232159265,0.0,2e-14,0.2,PSF Fitting,,,False,False,False
12_rain_2_019,879109367,rain,2.0,4.0,1.338235272138097,0.06880557232159265,0.0,2e-14,0.2,Intensity-Weighted Centroid,,,False,False,False
12_rain_2_019,879109367,rain,2.0,4.0,1.338235272138097,0.06880557232159265,0.0,2e-14,0.2,Gaussian Fitting,,,False,False,False
12_rain_2_019,879109367,rain,2.0,4.0,1.338235272138097,0.06880557232159265,0.0,2e-14,0.2,PSF Fitting,,,False,False,False
12_rain_2_020,997144106,rain,2.0,4.0,1.338235272138097,0.06880557232159265,0.0,2e-14,0.2,Intensity-Weighted Centroid,,,False,False,False
12_rain_2_020,997144106,rain,2.0,4.0,1.338235272138097,0.06880557232159265,0.0,2e-14,0.2,Gaussian Fitting,,,False,False,False
12_rain_2_020,997144106,rain,2.0,4.0,1.338235272138097,0.06880557232159265,0.0,2e-14,0.2,PSF Fitting,,,False,False,False
12_rain_2_021,258972035,rain,2.0,4.0,1.338235272138097,0.06880557232159265,0.0,2e-14,0.2,Intensity-Weighted Centroid,,,False,False,False
12_rain_2_021,258972035,rain,2.0,4.0,1.338235272138097,0.06880557232159265,0.0,2e-14,0.2,Gaussian Fitting,,,False,False,False
12_rain_2_021,258972035,rain,2.0,4.0,1.338235272138097,0.06880557232159265,0.0,2e-14,0.2,PSF Fitting,,,False,False,False
12_rain_2_022,248089793,rain,2.0,4.0,1.338235272138097,0.06880557232159265,0.0,2e-14,0.2,Intensity-Weighted Centroid,,,False,False,False
12_rain_2_022,248089793,rain,2.0,4.0,1.338235272138097,0.06880557232159265,0.0,2e-14,0.2,Gaussian Fitting,,,False,False,False
12_rain_2_022,248089793,rain,2.0,4.0,1.338235272138097,0.06880557232159265,0.0,2e-14,0.2,PSF Fitting,,,False,False,False
12_rain_2_023,404875700,rain,2.0,4.0,1.338235272138097,0.06880557232159265,0.0,2e-14,0.2,Intensity-Weighted Centroid,,,False,False,False
12_rain_2_023,404875700,rain,2.0,4.0,1.338235272138097,0.06880557232159265,0.0,2e-14,0.2,Gaussian Fitting,,,False,False,False
12_rain_2_023,404875700,rain,2.0,4.0,1.338235272138097,0.06880557232159265,0.0,2e-14,0.2,PSF Fitting,,,False,False,False
12_rain_2_024,439587912,rain,2.0,4.0,1.338235272138097,0.06880557232159265,0.0,2e-14,0.2,Intensity-Weighted Centroid,,,False,False,False
12_rain_2_024,439587912,rain,2.0,4.0,1.338235272138097,0.06880557232159265,0.0,2e-14,0.2,Gaussian Fitting,,,False,False,False
12_rain_2_024,439587912,rain,2.0,4.0,1.338235272138097,0.06880557232159265,0.0,2e-14,0.2,PSF Fitting,,,False,False,False
12_rain_2_025,888142145,rain,2.0,4.0,1.338235272138097,0.06880557232159265,0.0,2e-14,0.2,Intensity-Weighted Centroid,,,False,False,False
12_rain_2_025,888142145,rain,2.0,4.0,1.338235272138097,0.06880557232159265,0.0,2e-14,0.2,Gaussian Fitting,,,False,False,False
12_rain_2_025,888142145,rain,2.0,4.0,1.338235272138097,0.06880557232159265,0.0,2e-14,0.2,PSF Fitting,,,False,False,False
12_rain_2_026,26018209,rain,2.0,4.0,1.338235272138097,0.06880557232159265,0.0,2e-14,0.2,Intensity-Weighted Centroid,,,False,False,False
12_rain_2_026,26018209,rain,2.0,4.0,1.338235272138097,0.06880557232159265,0.0,2e-14,0.2,Gaussian Fitting,,,False,False,False
12_rain_2_026,26018209,rain,2.0,4.0,1.338235272138097,0.06880557232159265,0.0,2e-14,0.2,PSF Fitting,,,False,False,False
12_rain_2_027,272439402,rain,2.0,4.0,1.338235272138097,0.06880557232159265,10.620803217229726,2e-14,0.2,Intensity-Weighted Centroid,,,False,False,False
12_rain_2_027,272439402,rain,2.0,4.0,1.338235272138097,0.06880557232159265,10.620803217229726,2e-14,0.2,Gaussian Fitting,,,False,False,False
12_rain_2_027,272439402,rain,2.0,4.0,1.338235272138097,0.06880557232159265,10.620803217229726,2e-14,0.2,PSF Fitting,,,False,False,False
12_rain_2_028,161146229,rain,2.0,4.0,1.338235272138097,0.06880557232159265,10.501357816064566,2e-14,0.2,Intensity-Weighted Centroid,,,False,False,False
12_rain_2_028,161146229,rain,2.0,4.0,1.338235272138097,0.06880557232159265,10.501357816064566,2e-14,0.2,Gaussian Fitting,,,False,False,False
12_rain_2_028,161146229,rain,2.0,4.0,1.338235272138097,0.06880557232159265,10.501357816064566,2e-14,0.2,PSF Fitting,,,False,False,False
12_rain_2_029,93134947,rain,2.0,4.0,1.338235272138097,0.06880557232159265,0.0,2e-14,0.2,Intensity-Weighted Centroid,,,False,False,False
12_rain_2_029,93134947,rain,2.0,4.0,1.338235272138097,0.06880557232159265,0.0,2e-14,0.2,Gaussian Fitting,,,False,False,False
12_rain_2_029,93134947,rain,2.0,4.0,1.338235272138097,0.06880557232159265,0.0,2e-14,0.2,PSF Fitting,,,False,False,False
12_rain_5_000,595544516,rain,5.0,4.0,1.338235272138097,0.0012418210838853175,0.0,2e-14,0.2,Intensity-Weighted Centroid,,,False,False,False
12_rain_5_000,595544516,rain,5.0,4.0,1.338235272138097,0.0012418210838853175,0.0,2e-14,0.2,Gaussian Fitting,,,False,False,False
12_rain_5_000,595544516,rain,5.0,4.0,1.338235272138097,0.0012418210838853175,0.0,2e-14,0.2,PSF Fitting,,,False,False,False
12_rain_5_001,861761409,rain,5.0,4.0,1.338235272138097,0.0012418210838853175,0.0,2e-14,0.2,Intensity-Weighted Centroid,,,False,False,False
12_rain_5_001,861761409,rain,5.0,4.0,1.338235272138097,0.0012418210838853175,0.0,2e-14,0.2,Gaussian Fitting,,,False,False,False
12_rain_5_001,861761409,rain,5.0,4.0,1.338235272138097,0.0012418210838853175,0.0,2e-14,0.2,PSF Fitting,,,False,False,False
12_rain_5_002,588087902,rain,5.0,4.0,1.338235272138097,0.0012418210838853175,0.0,2e-14,0.2,Intensity-Weighted Centroid,,,False,False,False
12_rain_5_002,588087902,rain,5.0,4.0,1.338235272138097,0.0012418210838853175,0.0,2e-14,0.2,Gaussian Fitting,,,False,False,False
12_rain_5_002,588087902,rain,5.0,4.0,1.338235272138097,0.0012418210838853175,0.0,2e-14,0.2,PSF Fitting,,,False,False,False
12_rain_5_003,3352779,rain,5.0,4.0,1.338235272138097,0.0012418210838853175,0.0,2e-14,0.2,Intensity-Weighted Centroid,,,False,False,False
12_rain_5_003,3352779,rain,5.0,4.0,1.338235272138097,0.0012418210838853175,0.0,2e-14,0.2,Gaussian Fitting,,,False,False,False
12_rain_5_003,3352779,rain,5.0,4.0,1.338235272138097,0.0012418210838853175,0.0,2e-14,0.2,PSF Fitting,,,False,False,False
12_rain_5_004,248469814,rain,5.0,4.0,1.338235272138097,0.0012418210838853175,0.0,2e-14,0.2,Intensity-Weighted Centroid,,,False,False,False
12_rain_5_004,248469814,rain,5.0,4.0,1.338235272138097,0.0012418210838853175,0.0,2e-14,0.2,Gaussian Fitting,,,False,False,False
12_rain_5_004,248469814,rain,5.0,4.0,1.338235272138097,0.0012418210838853175,0.0,2e-14,0.2,PSF Fitting,,,False,False,False
12_rain_5_005,445257303,rain,5.0,4.0,1.338235272138097,0.0012418210838853175,0.0,2e-14,0.2,Intensity-Weighted Centroid,,,False,False,False
12_rain_5_005,445257303,rain,5.0,4.0,1.338235272138097,0.0012418210838853175,0.0,2e-14,0.2,Gaussian Fitting,,,False,False,False
12_rain_5_005,445257303,rain,5.0,4.0,1.338235272138097,0.0012418210838853175,0.0,2e-14,0.2,PSF Fitting,,,False,False,False
12_rain_5_006,869720251,rain,5.0,4.0,1.338235272138097,0.0012418210838853175,0.0,2e-14,0.2,Intensity-Weighted Centroid,,,False,False,False
12_rain_5_006,869720251,rain,5.0,4.0,1.338235272138097,0.0012418210838853175,0.0,2e-14,0.2,Gaussian Fitting,,,False,False,False
12_rain_5_006,869720251,rain,5.0,4.0,1.338235272138097,0.0012418210838853175,0.0,2e-14,0.2,PSF Fitting,,,False,False,False
12_rain_5_007,325480875,rain,5.0,4.0,1.338235272138097,0.0012418210838853175,0.0,2e-14,0.2,Intensity-Weighted Centroid,,,False,False,False
12_rain_5_007,325480875,rain,5.0,4.0,1.338235272138097,0.0012418210838853175,0.0,2e-14,0.2,Gaussian Fitting,,,False,False,False
12_rain_5_007,325480875,rain,5.0,4.0,1.338235272138097,0.0012418210838853175,0.0,2e-14,0.2,PSF Fitting,,,False,False,False
12_rain_5_008,752869350,rain,5.0,4.0,1.338235272138097,0.0012418210838853175,0.0,2e-14,0.2,Intensity-Weighted Centroid,,,False,False,False
12_rain_5_008,752869350,rain,5.0,4.0,1.338235272138097,0.0012418210838853175,0.0,2e-14,0.2,Gaussian Fitting,,,False,False,False
12_rain_5_008,752869350,rain,5.0,4.0,1.338235272138097,0.0012418210838853175,0.0,2e-14,0.2,PSF Fitting,,,False,False,False
12_rain_5_009,640922350,rain,5.0,4.0,1.338235272138097,0.0012418210838853175,0.0,2e-14,0.2,Intensity-Weighted Centroid,,,False,False,False
12_rain_5_009,640922350,rain,5.0,4.0,1.338235272138097,0.0012418210838853175,0.0,2e-14,0.2,Gaussian Fitting,,,False,False,False
12_rain_5_009,640922350,rain,5.0,4.0,1.338235272138097,0.0012418210838853175,0.0,2e-14,0.2,PSF Fitting,,,False,False,False
12_rain_5_010,616644069,rain,5.0,4.0,1.338235272138097,0.0012418210838853175,0.0,2e-14,0.2,Intensity-Weighted Centroid,,,False,False,False
12_rain_5_010,616644069,rain,5.0,4.0,1.338235272138097,0.0012418210838853175,0.0,2e-14,0.2,Gaussian Fitting,,,False,False,False
12_rain_5_010,616644069,rain,5.0,4.0,1.338235272138097,0.0012418210838853175,0.0,2e-14,0.2,PSF Fitting,,,False,False,False
12_rain_5_011,410908487,rain,5.0,4.0,1.338235272138097,0.0012418210838853175,0.0,2e-14,0.2,Intensity-Weighted Centroid,,,False,False,False
12_rain_5_011,410908487,rain,5.0,4.0,1.338235272138097,0.0012418210838853175,0.0,2e-14,0.2,Gaussian Fitting,,,False,False,False
12_rain_5_011,410908487,rain,5.0,4.0,1.338235272138097,0.0012418210838853175,0.0,2e-14,0.2,PSF Fitting,,,False,False,False
12_rain_5_012,523634800,rain,5.0,4.0,1.338235272138097,0.0012418210838853175,0.0,2e-14,0.2,Intensity-Weighted Centroid,,,False,False,False
12_rain_5_012,523634800,rain,5.0,4.0,1.338235272138097,0.0012418210838853175,0.0,2e-14,0.2,Gaussian Fitting,,,False,False,False
12_rain_5_012,523634800,rain,5.0,4.0,1.338235272138097,0.0012418210838853175,0.0,2e-14,0.2,PSF Fitting,,,False,False,False
12_rain_5_013,142200245,rain,5.0,4.0,1.338235272138097,0.0012418210838853175,0.0,2e-14,0.2,Intensity-Weighted Centroid,,,False,False,False
12_rain_5_013,142200245,rain,5.0,4.0,1.338235272138097,0.0012418210838853175,0.0,2e-14,0.2,Gaussian Fitting,,,False,False,False
12_rain_5_013,142200245,rain,5.0,4.0,1.338235272138097,0.0012418210838853175,0.0,2e-14,0.2,PSF Fitting,,,False,False,False
12_rain_5_014,213884724,rain,5.0,4.0,1.338235272138097,0.0012418210838853175,0.0,2e-14,0.2,Intensity-Weighted Centroid,,,False,False,False
12_rain_5_014,213884724,rain,5.0,4.0,1.338235272138097,0.0012418210838853175,0.0,2e-14,0.2,Gaussian Fitting,,,False,False,False
12_rain_5_014,213884724,rain,5.0,4.0,1.338235272138097,0.0012418210838853175,0.0,2e-14,0.2,PSF Fitting,,,False,False,False
12_rain_5_015,342719934,rain,5.0,4.0,1.338235272138097,0.0012418210838853175,0.0,2e-14,0.2,Intensity-Weighted Centroid,,,False,False,False
12_rain_5_015,342719934,rain,5.0,4.0,1.338235272138097,0.0012418210838853175,0.0,2e-14,0.2,Gaussian Fitting,,,False,False,False
12_rain_5_015,342719934,rain,5.0,4.0,1.338235272138097,0.0012418210838853175,0.0,2e-14,0.2,PSF Fitting,,,False,False,False
12_rain_5_016,995032403,rain,5.0,4.0,1.338235272138097,0.0012418210838853175,0.0,2e-14,0.2,Intensity-Weighted Centroid,,,False,False,False
12_rain_5_016,995032403,rain,5.0,4.0,1.338235272138097,0.0012418210838853175,0.0,2e-14,0.2,Gaussian Fitting,,,False,False,False
12_rain_5_016,995032403,rain,5.0,4.0,1.338235272138097,0.0012418210838853175,0.0,2e-14,0.2,PSF Fitting,,,False,False,False
12_rain_5_017,91998210,rain,5.0,4.0,1.338235272138097,0.0012418210838853175,0.0,2e-14,0.2,Intensity-Weighted Centroid,,,False,False,False
12_rain_5_017,91998210,rain,5.0,4.0,1.338235272138097,0.0012418210838853175,0.0,2e-14,0.2,Gaussian Fitting,,,False,False,False
12_rain_5_017,91998210,rain,5.0,4.0,1.338235272138097,0.0012418210838853175,0.0,2e-14,0.2,PSF Fitting,,,False,False,False
12_rain_5_018,414572362,rain,5.0,4.0,1.338235272138097,0.0012418210838853175,0.0,2e-14,0.2,Intensity-Weighted Centroid,,,False,False,False
12_rain_5_018,414572362,rain,5.0,4.0,1.338235272138097,0.0012418210838853175,0.0,2e-14,0.2,Gaussian Fitting,,,False,False,False
12_rain_5_018,414572362,rain,5.0,4.0,1.338235272138097,0.0012418210838853175,0.0,2e-14,0.2,PSF Fitting,,,False,False,False
12_rain_5_019,394131986,rain,5.0,4.0,1.338235272138097,0.0012418210838853175,0.0,2e-14,0.2,Intensity-Weighted Centroid,,,False,False,False
12_rain_5_019,394131986,rain,5.0,4.0,1.338235272138097,0.0012418210838853175,0.0,2e-14,0.2,Gaussian Fitting,,,False,False,False
12_rain_5_019,394131986,rain,5.0,4.0,1.338235272138097,0.0012418210838853175,0.0,2e-14,0.2,PSF Fitting,,,False,False,False
12_rain_5_020,737376334,rain,5.0,4.0,1.338235272138097,0.0012418210838853175,0.0,2e-14,0.2,Intensity-Weighted Centroid,,,False,False,False
12_rain_5_020,737376334,rain,5.0,4.0,1.338235272138097,0.0012418210838853175,0.0,2e-14,0.2,Gaussian Fitting,,,False,False,False
12_rain_5_020,737376334,rain,5.0,4.0,1.338235272138097,0.0012418210838853175,0.0,2e-14,0.2,PSF Fitting,,,False,False,False
12_rain_5_021,530168925,rain,5.0,4.0,1.338235272138097,0.0012418210838853175,0.0,2e-14,0.2,Intensity-Weighted Centroid,,,False,False,False
12_rain_5_021,530168925,rain,5.0,4.0,1.338235272138097,0.0012418210838853175,0.0,2e-14,0.2,Gaussian Fitting,,,False,False,False
12_rain_5_021,530168925,rain,5.0,4.0,1.338235272138097,0.0012418210838853175,0.0,2e-14,0.2,PSF Fitting,,,False,False,False
12_rain_5_022,225493258,rain,5.0,4.0,1.338235272138097,0.0012418210838853175,0.0,2e-14,0.2,Intensity-Weighted Centroid,,,False,False,False
12_rain_5_022,225493258,rain,5.0,4.0,1.338235272138097,0.0012418210838853175,0.0,2e-14,0.2,Gaussian Fitting,,,False,False,False
12_rain_5_022,225493258,rain,5.0,4.0,1.338235272138097,0.0012418210838853175,0.0,2e-14,0.2,PSF Fitting,,,False,False,False
12_rain_5_023,168769688,rain,5.0,4.0,1.338235272138097,0.0012418210838853175,0.0,2e-14,0.2,Intensity-Weighted Centroid,,,False,False,False
12_rain_5_023,168769688,rain,5.0,4.0,1.338235272138097,0.0012418210838853175,0.0,2e-14,0.2,Gaussian Fitting,,,False,False,False
12_rain_5_023,168769688,rain,5.0,4.0,1.338235272138097,0.0012418210838853175,0.0,2e-14,0.2,PSF Fitting,,,False,False,False
12_rain_5_024,815530674,rain,5.0,4.0,1.338235272138097,0.0012418210838853175,0.0,2e-14,0.2,Intensity-Weighted Centroid,,,False,False,False
12_rain_5_024,815530674,rain,5.0,4.0,1.338235272138097,0.0012418210838853175,0.0,2e-14,0.2,Gaussian Fitting,,,False,False,False
12_rain_5_024,815530674,rain,5.0,4.0,1.338235272138097,0.0012418210838853175,0.0,2e-14,0.2,PSF Fitting,,,False,False,False
12_rain_5_025,882633498,rain,5.0,4.0,1.338235272138097,0.0012418210838853175,0.0,2e-14,0.2,Intensity-Weighted Centroid,,,False,False,False
12_rain_5_025,882633498,rain,5.0,4.0,1.338235272138097,0.0012418210838853175,0.0,2e-14,0.2,Gaussian Fitting,,,False,False,False
12_rain_5_025,882633498,rain,5.0,4.0,1.338235272138097,0.0012418210838853175,0.0,2e-14,0.2,PSF Fitting,,,False,False,False
12_rain_5_026,218387231,rain,5.0,4.0,1.338235272138097,0.0012418210838853175,0.0,2e-14,0.2,Intensity-Weighted Centroid,,,False,False,False
12_rain_5_026,218387231,rain,5.0,4.0,1.338235272138097,0.0012418210838853175,0.0,2e-14,0.2,Gaussian Fitting,,,False,False,False
12_rain_5_026,218387231,rain,5.0,4.0,1.338235272138097,0.0012418210838853175,0.0,2e-14,0.2,PSF Fitting,,,False,False,False
12_rain_5_027,146359807,rain,5.0,4.0,1.338235272138097,0.0012418210838853175,0.0,2e-14,0.2,Intensity-Weighted Centroid,,,False,False,False
12_rain_5_027,146359807,rain,5.0,4.0,1.338235272138097,0.0012418210838853175,0.0,2e-14,0.2,Gaussian Fitting,,,False,False,False
12_rain_5_027,146359807,rain,5.0,4.0,1.338235272138097,0.0012418210838853175,0.0,2e-14,0.2,PSF Fitting,,,False,False,False
12_rain_5_028,493367484,rain,5.0,4.0,1.338235272138097,0.0012418210838853175,0.0,2e-14,0.2,Intensity-Weighted Centroid,,,False,False,False
12_rain_5_028,493367484,rain,5.0,4.0,1.338235272138097,0.0012418210838853175,0.0,2e-14,0.2,Gaussian Fitting,,,False,False,False
12_rain_5_028,493367484,rain,5.0,4.0,1.338235272138097,0.0012418210838853175,0.0,2e-14,0.2,PSF Fitting,,,False,False,False
12_rain_5_029,934179539,rain,5.0,4.0,1.338235272138097,0.0012418210838853175,0.0,2e-14,0.2,Intensity-Weighted Centroid,,,False,False,False
12_rain_5_029,934179539,rain,5.0,4.0,1.338235272138097,0.0012418210838853175,0.0,2e-14,0.2,Gaussian Fitting,,,False,False,False
12_rain_5_029,934179539,rain,5.0,4.0,1.338235272138097,0.0012418210838853175,0.0,2e-14,0.2,PSF Fitting,,,False,False,False
12_rain_10_000,32861456,rain,10.0,4.0,1.338235272138097,1.5421196043821046e-06,0.0,2e-14,0.2,Intensity-Weighted Centroid,,,False,False,False
12_rain_10_000,32861456,rain,10.0,4.0,1.338235272138097,1.5421196043821046e-06,0.0,2e-14,0.2,Gaussian Fitting,,,False,False,False
12_rain_10_000,32861456,rain,10.0,4.0,1.338235272138097,1.5421196043821046e-06,0.0,2e-14,0.2,PSF Fitting,,,False,False,False
12_rain_10_001,603263225,rain,10.0,4.0,1.338235272138097,1.5421196043821046e-06,0.0,2e-14,0.2,Intensity-Weighted Centroid,,,False,False,False
12_rain_10_001,603263225,rain,10.0,4.0,1.338235272138097,1.5421196043821046e-06,0.0,2e-14,0.2,Gaussian Fitting,,,False,False,False
12_rain_10_001,603263225,rain,10.0,4.0,1.338235272138097,1.5421196043821046e-06,0.0,2e-14,0.2,PSF Fitting,,,False,False,False
12_rain_10_002,363486756,rain,10.0,4.0,1.338235272138097,1.5421196043821046e-06,0.0,2e-14,0.2,Intensity-Weighted Centroid,,,False,False,False
12_rain_10_002,363486756,rain,10.0,4.0,1.338235272138097,1.5421196043821046e-06,0.0,2e-14,0.2,Gaussian Fitting,,,False,False,False
12_rain_10_002,363486756,rain,10.0,4.0,1.338235272138097,1.5421196043821046e-06,0.0,2e-14,0.2,PSF Fitting,,,False,False,False
12_rain_10_003,820832211,rain,10.0,4.0,1.338235272138097,1.5421196043821046e-06,0.0,2e-14,0.2,Intensity-Weighted Centroid,,,False,False,False
12_rain_10_003,820832211,rain,10.0,4.0,1.338235272138097,1.5421196043821046e-06,0.0,2e-14,0.2,Gaussian Fitting,,,False,False,False
12_rain_10_003,820832211,rain,10.0,4.0,1.338235272138097,1.5421196043821046e-06,0.0,2e-14,0.2,PSF Fitting,,,False,False,False
12_rain_10_004,654518504,rain,10.0,4.0,1.338235272138097,1.5421196043821046e-06,0.0,2e-14,0.2,Intensity-Weighted Centroid,,,False,False,False
12_rain_10_004,654518504,rain,10.0,4.0,1.338235272138097,1.5421196043821046e-06,0.0,2e-14,0.2,Gaussian Fitting,,,False,False,False
12_rain_10_004,654518504,rain,10.0,4.0,1.338235272138097,1.5421196043821046e-06,0.0,2e-14,0.2,PSF Fitting,,,False,False,False
12_rain_10_005,599220574,rain,10.0,4.0,1.338235272138097,1.5421196043821046e-06,0.0,2e-14,0.2,Intensity-Weighted Centroid,,,False,False,False
12_rain_10_005,599220574,rain,10.0,4.0,1.338235272138097,1.5421196043821046e-06,0.0,2e-14,0.2,Gaussian Fitting,,,False,False,False
12_rain_10_005,599220574,rain,10.0,4.0,1.338235272138097,1.5421196043821046e-06,0.0,2e-14,0.2,PSF Fitting,,,False,False,False
12_rain_10_006,368068645,rain,10.0,4.0,1.338235272138097,1.5421196043821046e-06,0.0,2e-14,0.2,Intensity-Weighted Centroid,,,False,False,False
12_rain_10_006,368068645,rain,10.0,4.0,1.338235272138097,1.5421196043821046e-06,0.0,2e-14,0.2,Gaussian Fitting,,,False,False,False
12_rain_10_006,368068645,rain,10.0,4.0,1.338235272138097,1.5421196043821046e-06,0.0,2e-14,0.2,PSF Fitting,,,False,False,False
12_rain_10_007,890790776,rain,10.0,4.0,1.338235272138097,1.5421196043821046e-06,0.0,2e-14,0.2,Intensity-Weighted Centroid,,,False,False,False
12_rain_10_007,890790776,rain,10.0,4.0,1.338235272138097,1.5421196043821046e-06,0.0,2e-14,0.2,Gaussian Fitting,,,False,False,False
12_rain_10_007,890790776,rain,10.0,4.0,1.338235272138097,1.5421196043821046e-06,0.0,2e-14,0.2,PSF Fitting,,,False,False,False
12_rain_10_008,660574776,rain,10.0,4.0,1.338235272138097,1.5421196043821046e-06,0.0,2e-14,0.2,Intensity-Weighted Centroid,,,False,False,False
12_rain_10_008,660574776,rain,10.0,4.0,1.338235272138097,1.5421196043821046e-06,0.0,2e-14,0.2,Gaussian Fitting,,,False,False,False
12_rain_10_008,660574776,rain,10.0,4.0,1.338235272138097,1.5421196043821046e-06,0.0,2e-14,0.2,PSF Fitting,,,False,False,False
12_rain_10_009,253522066,rain,10.0,4.0,1.338235272138097,1.5421196043821046e-06,0.0,2e-14,0.2,Intensity-Weighted Centroid,,,False,False,False
12_rain_10_009,253522066,rain,10.0,4.0,1.338235272138097,1.5421196043821046e-06,0.0,2e-14,0.2,Gaussian Fitting,,,False,False,False
12_rain_10_009,253522066,rain,10.0,4.0,1.338235272138097,1.5421196043821046e-06,0.0,2e-14,0.2,PSF Fitting,,,False,False,False
12_rain_10_010,197064156,rain,10.0,4.0,1.338235272138097,1.5421196043821046e-06,0.0,2e-14,0.2,Intensity-Weighted Centroid,,,False,False,False
12_rain_10_010,197064156,rain,10.0,4.0,1.338235272138097,1.5421196043821046e-06,0.0,2e-14,0.2,Gaussian Fitting,,,False,False,False
12_rain_10_010,197064156,rain,10.0,4.0,1.338235272138097,1.5421196043821046e-06,0.0,2e-14,0.2,PSF Fitting,,,False,False,False
12_rain_10_011,819893372,rain,10.0,4.0,1.338235272138097,1.5421196043821046e-06,0.0,2e-14,0.2,Intensity-Weighted Centroid,,,False,False,False
12_rain_10_011,819893372,rain,10.0,4.0,1.338235272138097,1.5421196043821046e-06,0.0,2e-14,0.2,Gaussian Fitting,,,False,False,False
12_rain_10_011,819893372,rain,10.0,4.0,1.338235272138097,1.5421196043821046e-06,0.0,2e-14,0.2,PSF Fitting,,,False,False,False
12_rain_10_012,211450784,rain,10.0,4.0,1.338235272138097,1.5421196043821046e-06,0.0,2e-14,0.2,Intensity-Weighted Centroid,,,False,True,False
12_rain_10_012,211450784,rain,10.0,4.0,1.338235272138097,1.5421196043821046e-06,0.0,2e-14,0.2,Gaussian Fitting,,,False,True,False
12_rain_10_012,211450784,rain,10.0,4.0,1.338235272138097,1.5421196043821046e-06,0.0,2e-14,0.2,PSF Fitting,,,False,True,False
12_rain_10_013,291065920,rain,10.0,4.0,1.338235272138097,1.5421196043821046e-06,0.0,2e-14,0.2,Intensity-Weighted Centroid,,,False,False,False
12_rain_10_013,291065920,rain,10.0,4.0,1.338235272138097,1.5421196043821046e-06,0.0,2e-14,0.2,Gaussian Fitting,,,False,False,False
12_rain_10_013,291065920,rain,10.0,4.0,1.338235272138097,1.5421196043821046e-06,0.0,2e-14,0.2,PSF Fitting,,,False,False,False
12_rain_10_014,66241215,rain,10.0,4.0,1.338235272138097,1.5421196043821046e-06,0.0,2e-14,0.2,Intensity-Weighted Centroid,,,False,False,False
12_rain_10_014,66241215,rain,10.0,4.0,1.338235272138097,1.5421196043821046e-06,0.0,2e-14,0.2,Gaussian Fitting,,,False,False,False
12_rain_10_014,66241215,rain,10.0,4.0,1.338235272138097,1.5421196043821046e-06,0.0,2e-14,0.2,PSF Fitting,,,False,False,False
12_rain_10_015,494778534,rain,10.0,4.0,1.338235272138097,1.5421196043821046e-06,0.0,2e-14,0.2,Intensity-Weighted Centroid,,,False,False,False
12_rain_10_015,494778534,rain,10.0,4.0,1.338235272138097,1.5421196043821046e-06,0.0,2e-14,0.2,Gaussian Fitting,,,False,False,False
12_rain_10_015,494778534,rain,10.0,4.0,1.338235272138097,1.5421196043821046e-06,0.0,2e-14,0.2,PSF Fitting,,,False,False,False
12_rain_10_016,557917742,rain,10.0,4.0,1.338235272138097,1.5421196043821046e-06,0.0,2e-14,0.2,Intensity-Weighted Centroid,,,False,False,False
12_rain_10_016,557917742,rain,10.0,4.0,1.338235272138097,1.5421196043821046e-06,0.0,2e-14,0.2,Gaussian Fitting,,,False,False,False
12_rain_10_016,557917742,rain,10.0,4.0,1.338235272138097,1.5421196043821046e-06,0.0,2e-14,0.2,PSF Fitting,,,False,False,False
12_rain_10_017,234683074,rain,10.0,4.0,1.338235272138097,1.5421196043821046e-06,0.0,2e-14,0.2,Intensity-Weighted Centroid,,,False,False,False
12_rain_10_017,234683074,rain,10.0,4.0,1.338235272138097,1.5421196043821046e-06,0.0,2e-14,0.2,Gaussian Fitting,,,False,False,False
12_rain_10_017,234683074,rain,10.0,4.0,1.338235272138097,1.5421196043821046e-06,0.0,2e-14,0.2,PSF Fitting,,,False,False,False
12_rain_10_018,498273117,rain,10.0,4.0,1.338235272138097,1.5421196043821046e-06,0.0,2e-14,0.2,Intensity-Weighted Centroid,,,False,False,False
12_rain_10_018,498273117,rain,10.0,4.0,1.338235272138097,1.5421196043821046e-06,0.0,2e-14,0.2,Gaussian Fitting,,,False,False,False
12_rain_10_018,498273117,rain,10.0,4.0,1.338235272138097,1.5421196043821046e-06,0.0,2e-14,0.2,PSF Fitting,,,False,False,False
12_rain_10_019,296920813,rain,10.0,4.0,1.338235272138097,1.5421196043821046e-06,0.0,2e-14,0.2,Intensity-Weighted Centroid,,,False,False,False
12_rain_10_019,296920813,rain,10.0,4.0,1.338235272138097,1.5421196043821046e-06,0.0,2e-14,0.2,Gaussian Fitting,,,False,False,False
12_rain_10_019,296920813,rain,10.0,4.0,1.338235272138097,1.5421196043821046e-06,0.0,2e-14,0.2,PSF Fitting,,,False,False,False
12_rain_10_020,302709482,rain,10.0,4.0,1.338235272138097,1.5421196043821046e-06,0.0,2e-14,0.2,Intensity-Weighted Centroid,,,False,False,False
12_rain_10_020,302709482,rain,10.0,4.0,1.338235272138097,1.5421196043821046e-06,0.0,2e-14,0.2,Gaussian Fitting,,,False,False,False
12_rain_10_020,302709482,rain,10.0,4.0,1.338235272138097,1.5421196043821046e-06,0.0,2e-14,0.2,PSF Fitting,,,False,False,False
12_rain_10_021,959912999,rain,10.0,4.0,1.338235272138097,1.5421196043821046e-06,0.0,2e-14,0.2,Intensity-Weighted Centroid,,,False,False,False
12_rain_10_021,959912999,rain,10.0,4.0,1.338235272138097,1.5421196043821046e-06,0.0,2e-14,0.2,Gaussian Fitting,,,False,False,False
12_rain_10_021,959912999,rain,10.0,4.0,1.338235272138097,1.5421196043821046e-06,0.0,2e-14,0.2,PSF Fitting,,,False,False,False
12_rain_10_022,686788382,rain,10.0,4.0,1.338235272138097,1.5421196043821046e-06,0.0,2e-14,0.2,Intensity-Weighted Centroid,,,False,False,False
12_rain_10_022,686788382,rain,10.0,4.0,1.338235272138097,1.5421196043821046e-06,0.0,2e-14,0.2,Gaussian Fitting,,,False,False,False
12_rain_10_022,686788382,rain,10.0,4.0,1.338235272138097,1.5421196043821046e-06,0.0,2e-14,0.2,PSF Fitting,,,False,False,False
12_rain_10_023,727640250,rain,10.0,4.0,1.338235272138097,1.5421196043821046e-06,0.0,2e-14,0.2,Intensity-Weighted Centroid,,,False,False,False
12_rain_10_023,727640250,rain,10.0,4.0,1.338235272138097,1.5421196043821046e-06,0.0,2e-14,0.2,Gaussian Fitting,,,False,False,False
12_rain_10_023,727640250,rain,10.0,4.0,1.338235272138097,1.5421196043821046e-06,0.0,2e-14,0.2,PSF Fitting,,,False,False,False
12_rain_10_024,981132781,rain,10.0,4.0,1.338235272138097,1.5421196043821046e-06,0.0,2e-14,0.2,Intensity-Weighted Centroid,,,False,False,False
12_rain_10_024,981132781,rain,10.0,4.0,1.338235272138097,1.5421196043821046e-06,0.0,2e-14,0.2,Gaussian Fitting,,,False,False,False
12_rain_10_024,981132781,rain,10.0,4.0,1.338235272138097,1.5421196043821046e-06,0.0,2e-14,0.2,PSF Fitting,,,False,False,False
12_rain_10_025,578270732,rain,10.0,4.0,1.338235272138097,1.5421196043821046e-06,0.0,2e-14,0.2,Intensity-Weighted Centroid,,,False,False,False
12_rain_10_025,578270732,rain,10.0,4.0,1.338235272138097,1.5421196043821046e-06,0.0,2e-14,0.2,Gaussian Fitting,,,False,False,False
12_rain_10_025,578270732,rain,10.0,4.0,1.338235272138097,1.5421196043821046e-06,0.0,2e-14,0.2,PSF Fitting,,,False,False,False
12_rain_10_026,666503302,rain,10.0,4.0,1.338235272138097,1.5421196043821046e-06,0.0,2e-14,0.2,Intensity-Weighted Centroid,,,False,False,False
12_rain_10_026,666503302,rain,10.0,4.0,1.338235272138097,1.5421196043821046e-06,0.0,2e-14,0.2,Gaussian Fitting,,,False,False,False
12_rain_10_026,666503302,rain,10.0,4.0,1.338235272138097,1.5421196043821046e-06,0.0,2e-14,0.2,PSF Fitting,,,False,False,False
12_rain_10_027,359376917,rain,10.0,4.0,1.338235272138097,1.5421196043821046e-06,0.0,2e-14,0.2,Intensity-Weighted Centroid,,,False,False,False
12_rain_10_027,359376917,rain,10.0,4.0,1.338235272138097,1.5421196043821046e-06,0.0,2e-14,0.2,Gaussian Fitting,,,False,False,False
12_rain_10_027,359376917,rain,10.0,4.0,1.338235272138097,1.5421196043821046e-06,0.0,2e-14,0.2,PSF Fitting,,,False,False,False
12_rain_10_028,894833379,rain,10.0,4.0,1.338235272138097,1.5421196043821046e-06,0.0,2e-14,0.2,Intensity-Weighted Centroid,,,False,False,False
12_rain_10_028,894833379,rain,10.0,4.0,1.338235272138097,1.5421196043821046e-06,0.0,2e-14,0.2,Gaussian Fitting,,,False,False,False
12_rain_10_028,894833379,rain,10.0,4.0,1.338235272138097,1.5421196043821046e-06,0.0,2e-14,0.2,PSF Fitting,,,False,False,False
12_rain_10_029,139182972,rain,10.0,4.0,1.338235272138097,1.5421196043821046e-06,0.0,2e-14,0.2,Intensity-Weighted Centroid,,,False,False,False
12_rain_10_029,139182972,rain,10.0,4.0,1.338235272138097,1.5421196043821046e-06,0.0,2e-14,0.2,Gaussian Fitting,,,False,False,False
12_rain_10_029,139182972,rain,10.0,4.0,1.338235272138097,1.5421196043821046e-06,0.0,2e-14,0.2,PSF Fitting,,,False,False,False
12_rain_15_000,559870253,rain,15.0,4.0,1.338235272138097,1.9150366385945804e-09,0.0,2e-14,0.2,Intensity-Weighted Centroid,,,False,False,False
12_rain_15_000,559870253,rain,15.0,4.0,1.338235272138097,1.9150366385945804e-09,0.0,2e-14,0.2,Gaussian Fitting,,,False,False,False
12_rain_15_000,559870253,rain,15.0,4.0,1.338235272138097,1.9150366385945804e-09,0.0,2e-14,0.2,PSF Fitting,,,False,False,False
12_rain_15_001,756238899,rain,15.0,4.0,1.338235272138097,1.9150366385945804e-09,0.0,2e-14,0.2,Intensity-Weighted Centroid,,,False,False,False
12_rain_15_001,756238899,rain,15.0,4.0,1.338235272138097,1.9150366385945804e-09,0.0,2e-14,0.2,Gaussian Fitting,,,False,False,False
12_rain_15_001,756238899,rain,15.0,4.0,1.338235272138097,1.9150366385945804e-09,0.0,2e-14,0.2,PSF Fitting,,,False,False,False
12_rain_15_002,578303856,rain,15.0,4.0,1.338235272138097,1.9150366385945804e-09,0.0,2e-14,0.2,Intensity-Weighted Centroid,,,False,False,False
12_rain_15_002,578303856,rain,15.0,4.0,1.338235272138097,1.9150366385945804e-09,0.0,2e-14,0.2,Gaussian Fitting,,,False,False,False
12_rain_15_002,578303856,rain,15.0,4.0,1.338235272138097,1.9150366385945804e-09,0.0,2e-14,0.2,PSF Fitting,,,False,False,False
12_rain_15_003,54948225,rain,15.0,4.0,1.338235272138097,1.9150366385945804e-09,0.0,2e-14,0.2,Intensity-Weighted Centroid,,,False,False,False
12_rain_15_003,54948225,rain,15.0,4.0,1.338235272138097,1.9150366385945804e-09,0.0,2e-14,0.2,Gaussian Fitting,,,False,False,False
12_rain_15_003,54948225,rain,15.0,4.0,1.338235272138097,1.9150366385945804e-09,0.0,2e-14,0.2,PSF Fitting,,,False,False,False
12_rain_15_004,425475237,rain,15.0,4.0,1.338235272138097,1.9150366385945804e-09,0.0,2e-14,0.2,Intensity-Weighted Centroid,,,False,False,False
12_rain_15_004,425475237,rain,15.0,4.0,1.338235272138097,1.9150366385945804e-09,0.0,2e-14,0.2,Gaussian Fitting,,,False,False,False
12_rain_15_004,425475237,rain,15.0,4.0,1.338235272138097,1.9150366385945804e-09,0.0,2e-14,0.2,PSF Fitting,,,False,False,False
12_rain_15_005,71458394,rain,15.0,4.0,1.338235272138097,1.9150366385945804e-09,0.0,2e-14,0.2,Intensity-Weighted Centroid,,,False,False,False
12_rain_15_005,71458394,rain,15.0,4.0,1.338235272138097,1.9150366385945804e-09,0.0,2e-14,0.2,Gaussian Fitting,,,False,False,False
12_rain_15_005,71458394,rain,15.0,4.0,1.338235272138097,1.9150366385945804e-09,0.0,2e-14,0.2,PSF Fitting,,,False,False,False
12_rain_15_006,180871986,rain,15.0,4.0,1.338235272138097,1.9150366385945804e-09,0.0,2e-14,0.2,Intensity-Weighted Centroid,,,False,False,False
12_rain_15_006,180871986,rain,15.0,4.0,1.338235272138097,1.9150366385945804e-09,0.0,2e-14,0.2,Gaussian Fitting,,,False,False,False
12_rain_15_006,180871986,rain,15.0,4.0,1.338235272138097,1.9150366385945804e-09,0.0,2e-14,0.2,PSF Fitting,,,False,False,False
12_rain_15_007,827235480,rain,15.0,4.0,1.338235272138097,1.9150366385945804e-09,0.0,2e-14,0.2,Intensity-Weighted Centroid,,,False,False,False
12_rain_15_007,827235480,rain,15.0,4.0,1.338235272138097,1.9150366385945804e-09,0.0,2e-14,0.2,Gaussian Fitting,,,False,False,False
12_rain_15_007,827235480,rain,15.0,4.0,1.338235272138097,1.9150366385945804e-09,0.0,2e-14,0.2,PSF Fitting,,,False,False,False
12_rain_15_008,111556487,rain,15.0,4.0,1.338235272138097,1.9150366385945804e-09,0.0,2e-14,0.2,Intensity-Weighted Centroid,,,False,False,False
12_rain_15_008,111556487,rain,15.0,4.0,1.338235272138097,1.9150366385945804e-09,0.0,2e-14,0.2,Gaussian Fitting,,,False,False,False
12_rain_15_008,111556487,rain,15.0,4.0,1.338235272138097,1.9150366385945804e-09,0.0,2e-14,0.2,PSF Fitting,,,False,False,False
12_rain_15_009,419441406,rain,15.0,4.0,1.338235272138097,1.9150366385945804e-09,0.0,2e-14,0.2,Intensity-Weighted Centroid,,,False,False,False
12_rain_15_009,419441406,rain,15.0,4.0,1.338235272138097,1.9150366385945804e-09,0.0,2e-14,0.2,Gaussian Fitting,,,False,False,False
12_rain_15_009,419441406,rain,15.0,4.0,1.338235272138097,1.9150366385945804e-09,0.0,2e-14,0.2,PSF Fitting,,,False,False,False
12_rain_15_010,983311356,rain,15.0,4.0,1.338235272138097,1.9150366385945804e-09,0.0,2e-14,0.2,Intensity-Weighted Centroid,,,False,False,False
12_rain_15_010,983311356,rain,15.0,4.0,1.338235272138097,1.9150366385945804e-09,0.0,2e-14,0.2,Gaussian Fitting,,,False,False,False
12_rain_15_010,983311356,rain,15.0,4.0,1.338235272138097,1.9150366385945804e-09,0.0,2e-14,0.2,PSF Fitting,,,False,False,False
12_rain_15_011,324635829,rain,15.0,4.0,1.338235272138097,1.9150366385945804e-09,0.0,2e-14,0.2,Intensity-Weighted Centroid,,,False,False,False
12_rain_15_011,324635829,rain,15.0,4.0,1.338235272138097,1.9150366385945804e-09,0.0,2e-14,0.2,Gaussian Fitting,,,False,False,False
12_rain_15_011,324635829,rain,15.0,4.0,1.338235272138097,1.9150366385945804e-09,0.0,2e-14,0.2,PSF Fitting,,,False,False,False
12_rain_15_012,302188849,rain,15.0,4.0,1.338235272138097,1.9150366385945804e-09,0.0,2e-14,0.2,Intensity-Weighted Centroid,,,False,False,False
12_rain_15_012,302188849,rain,15.0,4.0,1.338235272138097,1.9150366385945804e-09,0.0,2e-14,0.2,Gaussian Fitting,,,False,False,False
12_rain_15_012,302188849,rain,15.0,4.0,1.338235272138097,1.9150366385945804e-09,0.0,2e-14,0.2,PSF Fitting,,,False,False,False
12_rain_15_013,409855481,rain,15.0,4.0,1.338235272138097,1.9150366385945804e-09,0.0,2e-14,0.2,Intensity-Weighted Centroid,,,False,False,False
12_rain_15_013,409855481,rain,15.0,4.0,1.338235272138097,1.9150366385945804e-09,0.0,2e-14,0.2,Gaussian Fitting,,,False,False,False
12_rain_15_013,409855481,rain,15.0,4.0,1.338235272138097,1.9150366385945804e-09,0.0,2e-14,0.2,PSF Fitting,,,False,False,False
12_rain_15_014,327314907,rain,15.0,4.0,1.338235272138097,1.9150366385945804e-09,0.0,2e-14,0.2,Intensity-Weighted Centroid,,,False,False,False
12_rain_15_014,327314907,rain,15.0,4.0,1.338235272138097,1.9150366385945804e-09,0.0,2e-14,0.2,Gaussian Fitting,,,False,False,False
12_rain_15_014,327314907,rain,15.0,4.0,1.338235272138097,1.9150366385945804e-09,0.0,2e-14,0.2,PSF Fitting,,,False,False,False
12_rain_15_015,186166113,rain,15.0,4.0,1.338235272138097,1.9150366385945804e-09,0.0,2e-14,0.2,Intensity-Weighted Centroid,,,False,False,False
12_rain_15_015,186166113,rain,15.0,4.0,1.338235272138097,1.9150366385945804e-09,0.0,2e-14,0.2,Gaussian Fitting,,,False,False,False
12_rain_15_015,186166113,rain,15.0,4.0,1.338235272138097,1.9150366385945804e-09,0.0,2e-14,0.2,PSF Fitting,,,False,False,False
12_rain_15_016,520715564,rain,15.0,4.0,1.338235272138097,1.9150366385945804e-09,0.0,2e-14,0.2,Intensity-Weighted Centroid,,,False,False,False
12_rain_15_016,520715564,rain,15.0,4.0,1.338235272138097,1.9150366385945804e-09,0.0,2e-14,0.2,Gaussian Fitting,,,False,False,False
12_rain_15_016,520715564,rain,15.0,4.0,1.338235272138097,1.9150366385945804e-09,0.0,2e-14,0.2,PSF Fitting,,,False,False,False
12_rain_15_017,516020292,rain,15.0,4.0,1.338235272138097,1.9150366385945804e-09,0.0,2e-14,0.2,Intensity-Weighted Centroid,,,False,False,False
12_rain_15_017,516020292,rain,15.0,4.0,1.338235272138097,1.9150366385945804e-09,0.0,2e-14,0.2,Gaussian Fitting,,,False,False,False
12_rain_15_017,516020292,rain,15.0,4.0,1.338235272138097,1.9150366385945804e-09,0.0,2e-14,0.2,PSF Fitting,,,False,False,False
12_rain_15_018,520797901,rain,15.0,4.0,1.338235272138097,1.9150366385945804e-09,0.0,2e-14,0.2,Intensity-Weighted Centroid,,,False,False,False
12_rain_15_018,520797901,rain,15.0,4.0,1.338235272138097,1.9150366385945804e-09,0.0,2e-14,0.2,Gaussian Fitting,,,False,False,False
12_rain_15_018,520797901,rain,15.0,4.0,1.338235272138097,1.9150366385945804e-09,0.0,2e-14,0.2,PSF Fitting,,,False,False,False
12_rain_15_019,261268264,rain,15.0,4.0,1.338235272138097,1.9150366385945804e-09,0.0,2e-14,0.2,Intensity-Weighted Centroid,,,False,False,False
12_rain_15_019,261268264,rain,15.0,4.0,1.338235272138097,1.9150366385945804e-09,0.0,2e-14,0.2,Gaussian Fitting,,,False,False,False
12_rain_15_019,261268264,rain,15.0,4.0,1.338235272138097,1.9150366385945804e-09,0.0,2e-14,0.2,PSF Fitting,,,False,False,False
12_rain_15_020,325953920,rain,15.0,4.0,1.338235272138097,1.9150366385945804e-09,0.0,2e-14,0.2,Intensity-Weighted Centroid,,,False,False,False
12_rain_15_020,325953920,rain,15.0,4.0,1.338235272138097,1.9150366385945804e-09,0.0,2e-14,0.2,Gaussian Fitting,,,False,False,False
12_rain_15_020,325953920,rain,15.0,4.0,1.338235272138097,1.9150366385945804e-09,0.0,2e-14,0.2,PSF Fitting,,,False,False,False
12_rain_15_021,800877151,rain,15.0,4.0,1.338235272138097,1.9150366385945804e-09,0.0,2e-14,0.2,Intensity-Weighted Centroid,,,False,False,False
12_rain_15_021,800877151,rain,15.0,4.0,1.338235272138097,1.9150366385945804e-09,0.0,2e-14,0.2,Gaussian Fitting,,,False,False,False
12_rain_15_021,800877151,rain,15.0,4.0,1.338235272138097,1.9150366385945804e-09,0.0,2e-14,0.2,PSF Fitting,,,False,False,False
12_rain_15_022,828392672,rain,15.0,4.0,1.338235272138097,1.9150366385945804e-09,0.0,2e-14,0.2,Intensity-Weighted Centroid,,,False,False,False
12_rain_15_022,828392672,rain,15.0,4.0,1.338235272138097,1.9150366385945804e-09,0.0,2e-14,0.2,Gaussian Fitting,,,False,False,False
12_rain_15_022,828392672,rain,15.0,4.0,1.338235272138097,1.9150366385945804e-09,0.0,2e-14,0.2,PSF Fitting,,,False,False,False
12_rain_15_023,604376653,rain,15.0,4.0,1.338235272138097,1.9150366385945804e-09,0.0,2e-14,0.2,Intensity-Weighted Centroid,,,False,False,False
12_rain_15_023,604376653,rain,15.0,4.0,1.338235272138097,1.9150366385945804e-09,0.0,2e-14,0.2,Gaussian Fitting,,,False,False,False
12_rain_15_023,604376653,rain,15.0,4.0,1.338235272138097,1.9150366385945804e-09,0.0,2e-14,0.2,PSF Fitting,,,False,False,False
12_rain_15_024,201160528,rain,15.0,4.0,1.338235272138097,1.9150366385945804e-09,0.0,2e-14,0.2,Intensity-Weighted Centroid,,,False,False,False
12_rain_15_024,201160528,rain,15.0,4.0,1.338235272138097,1.9150366385945804e-09,0.0,2e-14,0.2,Gaussian Fitting,,,False,False,False
12_rain_15_024,201160528,rain,15.0,4.0,1.338235272138097,1.9150366385945804e-09,0.0,2e-14,0.2,PSF Fitting,,,False,False,False
12_rain_15_025,450299636,rain,15.0,4.0,1.338235272138097,1.9150366385945804e-09,0.0,2e-14,0.2,Intensity-Weighted Centroid,,,False,False,False
12_rain_15_025,450299636,rain,15.0,4.0,1.338235272138097,1.9150366385945804e-09,0.0,2e-14,0.2,Gaussian Fitting,,,False,False,False
12_rain_15_025,450299636,rain,15.0,4.0,1.338235272138097,1.9150366385945804e-09,0.0,2e-14,0.2,PSF Fitting,,,False,False,False
12_rain_15_026,368455332,rain,15.0,4.0,1.338235272138097,1.9150366385945804e-09,0.0,2e-14,0.2,Intensity-Weighted Centroid,,,False,False,False
12_rain_15_026,368455332,rain,15.0,4.0,1.338235272138097,1.9150366385945804e-09,0.0,2e-14,0.2,Gaussian Fitting,,,False,False,False
12_rain_15_026,368455332,rain,15.0,4.0,1.338235272138097,1.9150366385945804e-09,0.0,2e-14,0.2,PSF Fitting,,,False,False,False
12_rain_15_027,926163822,rain,15.0,4.0,1.338235272138097,1.9150366385945804e-09,0.0,2e-14,0.2,Intensity-Weighted Centroid,,,False,False,False
12_rain_15_027,926163822,rain,15.0,4.0,1.338235272138097,1.9150366385945804e-09,0.0,2e-14,0.2,Gaussian Fitting,,,False,False,False
12_rain_15_027,926163822,rain,15.0,4.0,1.338235272138097,1.9150366385945804e-09,0.0,2e-14,0.2,PSF Fitting,,,False,False,False
12_rain_15_028,192544447,rain,15.0,4.0,1.338235272138097,1.9150366385945804e-09,0.0,2e-14,0.2,Intensity-Weighted Centroid,,,False,False,False
12_rain_15_028,192544447,rain,15.0,4.0,1.338235272138097,1.9150366385945804e-09,0.0,2e-14,0.2,Gaussian Fitting,,,False,False,False
12_rain_15_028,192544447,rain,15.0,4.0,1.338235272138097,1.9150366385945804e-09,0.0,2e-14,0.2,PSF Fitting,,,False,False,False
12_rain_15_029,429029482,rain,15.0,4.0,1.338235272138097,1.9150366385945804e-09,0.0,2e-14,0.2,Intensity-Weighted Centroid,,,False,False,False
12_rain_15_029,429029482,rain,15.0,4.0,1.338235272138097,1.9150366385945804e-09,0.0,2e-14,0.2,Gaussian Fitting,,,False,False,False
12_rain_15_029,429029482,rain,15.0,4.0,1.338235272138097,1.9150366385945804e-09,0.0,2e-14,0.2,PSF Fitting,,,False,False,False
12_rain_20_000,544365500,rain,20.0,4.0,1.338235272138097,2.3781328742196186e-12,0.0,2e-14,0.2,Intensity-Weighted Centroid,,,False,False,False
12_rain_20_000,544365500,rain,20.0,4.0,1.338235272138097,2.3781328742196186e-12,0.0,2e-14,0.2,Gaussian Fitting,,,False,False,False
12_rain_20_000,544365500,rain,20.0,4.0,1.338235272138097,2.3781328742196186e-12,0.0,2e-14,0.2,PSF Fitting,,,False,False,False
12_rain_20_001,920122670,rain,20.0,4.0,1.338235272138097,2.3781328742196186e-12,0.0,2e-14,0.2,Intensity-Weighted Centroid,,,False,False,False
12_rain_20_001,920122670,rain,20.0,4.0,1.338235272138097,2.3781328742196186e-12,0.0,2e-14,0.2,Gaussian Fitting,,,False,False,False
12_rain_20_001,920122670,rain,20.0,4.0,1.338235272138097,2.3781328742196186e-12,0.0,2e-14,0.2,PSF Fitting,,,False,False,False
12_rain_20_002,777286917,rain,20.0,4.0,1.338235272138097,2.3781328742196186e-12,0.0,2e-14,0.2,Intensity-Weighted Centroid,,,False,False,False
12_rain_20_002,777286917,rain,20.0,4.0,1.338235272138097,2.3781328742196186e-12,0.0,2e-14,0.2,Gaussian Fitting,,,False,False,False
12_rain_20_002,777286917,rain,20.0,4.0,1.338235272138097,2.3781328742196186e-12,0.0,2e-14,0.2,PSF Fitting,,,False,False,False
12_rain_20_003,806925917,rain,20.0,4.0,1.338235272138097,2.3781328742196186e-12,0.0,2e-14,0.2,Intensity-Weighted Centroid,,,False,False,False
12_rain_20_003,806925917,rain,20.0,4.0,1.338235272138097,2.3781328742196186e-12,0.0,2e-14,0.2,Gaussian Fitting,,,False,False,False
12_rain_20_003,806925917,rain,20.0,4.0,1.338235272138097,2.3781328742196186e-12,0.0,2e-14,0.2,PSF Fitting,,,False,False,False
12_rain_20_004,304456270,rain,20.0,4.0,1.338235272138097,2.3781328742196186e-12,0.0,2e-14,0.2,Intensity-Weighted Centroid,,,False,False,False
12_rain_20_004,304456270,rain,20.0,4.0,1.338235272138097,2.3781328742196186e-12,0.0,2e-14,0.2,Gaussian Fitting,,,False,False,False
12_rain_20_004,304456270,rain,20.0,4.0,1.338235272138097,2.3781328742196186e-12,0.0,2e-14,0.2,PSF Fitting,,,False,False,False
12_rain_20_005,855374621,rain,20.0,4.0,1.338235272138097,2.3781328742196186e-12,0.0,2e-14,0.2,Intensity-Weighted Centroid,,,False,False,False
12_rain_20_005,855374621,rain,20.0,4.0,1.338235272138097,2.3781328742196186e-12,0.0,2e-14,0.2,Gaussian Fitting,,,False,False,False
12_rain_20_005,855374621,rain,20.0,4.0,1.338235272138097,2.3781328742196186e-12,0.0,2e-14,0.2,PSF Fitting,,,False,False,False
12_rain_20_006,272298237,rain,20.0,4.0,1.338235272138097,2.3781328742196186e-12,0.0,2e-14,0.2,Intensity-Weighted Centroid,,,False,False,False
12_rain_20_006,272298237,rain,20.0,4.0,1.338235272138097,2.3781328742196186e-12,0.0,2e-14,0.2,Gaussian Fitting,,,False,False,False
12_rain_20_006,272298237,rain,20.0,4.0,1.338235272138097,2.3781328742196186e-12,0.0,2e-14,0.2,PSF Fitting,,,False,False,False
12_rain_20_007,47601944,rain,20.0,4.0,1.338235272138097,2.3781328742196186e-12,0.0,2e-14,0.2,Intensity-Weighted Centroid,,,False,False,False
12_rain_20_007,47601944,rain,20.0,4.0,1.338235272138097,2.3781328742196186e-12,0.0,2e-14,0.2,Gaussian Fitting,,,False,False,False
12_rain_20_007,47601944,rain,20.0,4.0,1.338235272138097,2.3781328742196186e-12,0.0,2e-14,0.2,PSF Fitting,,,False,False,False
12_rain_20_008,88035514,rain,20.0,4.0,1.338235272138097,2.3781328742196186e-12,0.0,2e-14,0.2,Intensity-Weighted Centroid,,,False,False,False
12_rain_20_008,88035514,rain,20.0,4.0,1.338235272138097,2.3781328742196186e-12,0.0,2e-14,0.2,Gaussian Fitting,,,False,False,False
12_rain_20_008,88035514,rain,20.0,4.0,1.338235272138097,2.3781328742196186e-12,0.0,2e-14,0.2,PSF Fitting,,,False,False,False
12_rain_20_009,683203501,rain,20.0,4.0,1.338235272138097,2.3781328742196186e-12,0.0,2e-14,0.2,Intensity-Weighted Centroid,,,False,False,False
12_rain_20_009,683203501,rain,20.0,4.0,1.338235272138097,2.3781328742196186e-12,0.0,2e-14,0.2,Gaussian Fitting,,,False,False,False
12_rain_20_009,683203501,rain,20.0,4.0,1.338235272138097,2.3781328742196186e-12,0.0,2e-14,0.2,PSF Fitting,,,False,False,False
12_rain_20_010,526031769,rain,20.0,4.0,1.338235272138097,2.3781328742196186e-12,0.0,2e-14,0.2,Intensity-Weighted Centroid,,,False,False,False
12_rain_20_010,526031769,rain,20.0,4.0,1.338235272138097,2.3781328742196186e-12,0.0,2e-14,0.2,Gaussian Fitting,,,False,False,False
12_rain_20_010,526031769,rain,20.0,4.0,1.338235272138097,2.3781328742196186e-12,0.0,2e-14,0.2,PSF Fitting,,,False,False,False
12_rain_20_011,182694813,rain,20.0,4.0,1.338235272138097,2.3781328742196186e-12,0.0,2e-14,0.2,Intensity-Weighted Centroid,,,False,False,False
12_rain_20_011,182694813,rain,20.0,4.0,1.338235272138097,2.3781328742196186e-12,0.0,2e-14,0.2,Gaussian Fitting,,,False,False,False
12_rain_20_011,182694813,rain,20.0,4.0,1.338235272138097,2.3781328742196186e-12,0.0,2e-14,0.2,PSF Fitting,,,False,False,False
12_rain_20_012,882060983,rain,20.0,4.0,1.338235272138097,2.3781328742196186e-12,0.0,2e-14,0.2,Intensity-Weighted Centroid,,,False,False,False
12_rain_20_012,882060983,rain,20.0,4.0,1.338235272138097,2.3781328742196186e-12,0.0,2e-14,0.2,Gaussian Fitting,,,False,False,False
12_rain_20_012,882060983,rain,20.0,4.0,1.338235272138097,2.3781328742196186e-12,0.0,2e-14,0.2,PSF Fitting,,,False,False,False
12_rain_20_013,200714047,rain,20.0,4.0,1.338235272138097,2.3781328742196186e-12,0.0,2e-14,0.2,Intensity-Weighted Centroid,,,False,False,False
12_rain_20_013,200714047,rain,20.0,4.0,1.338235272138097,2.3781328742196186e-12,0.0,2e-14,0.2,Gaussian Fitting,,,False,False,False
12_rain_20_013,200714047,rain,20.0,4.0,1.338235272138097,2.3781328742196186e-12,0.0,2e-14,0.2,PSF Fitting,,,False,False,False
12_rain_20_014,451518992,rain,20.0,4.0,1.338235272138097,2.3781328742196186e-12,0.0,2e-14,0.2,Intensity-Weighted Centroid,,,False,False,False
12_rain_20_014,451518992,rain,20.0,4.0,1.338235272138097,2.3781328742196186e-12,0.0,2e-14,0.2,Gaussian Fitting,,,False,False,False
12_rain_20_014,451518992,rain,20.0,4.0,1.338235272138097,2.3781328742196186e-12,0.0,2e-14,0.2,PSF Fitting,,,False,False,False
12_rain_20_015,742136974,rain,20.0,4.0,1.338235272138097,2.3781328742196186e-12,0.0,2e-14,0.2,Intensity-Weighted Centroid,,,False,False,False
12_rain_20_015,742136974,rain,20.0,4.0,1.338235272138097,2.3781328742196186e-12,0.0,2e-14,0.2,Gaussian Fitting,,,False,False,False
12_rain_20_015,742136974,rain,20.0,4.0,1.338235272138097,2.3781328742196186e-12,0.0,2e-14,0.2,PSF Fitting,,,False,False,False
12_rain_20_016,938177723,rain,20.0,4.0,1.338235272138097,2.3781328742196186e-12,0.0,2e-14,0.2,Intensity-Weighted Centroid,,,False,False,False
12_rain_20_016,938177723,rain,20.0,4.0,1.338235272138097,2.3781328742196186e-12,0.0,2e-14,0.2,Gaussian Fitting,,,False,False,False
12_rain_20_016,938177723,rain,20.0,4.0,1.338235272138097,2.3781328742196186e-12,0.0,2e-14,0.2,PSF Fitting,,,False,False,False
12_rain_20_017,165238705,rain,20.0,4.0,1.338235272138097,2.3781328742196186e-12,0.0,2e-14,0.2,Intensity-Weighted Centroid,,,False,False,False
12_rain_20_017,165238705,rain,20.0,4.0,1.338235272138097,2.3781328742196186e-12,0.0,2e-14,0.2,Gaussian Fitting,,,False,False,False
12_rain_20_017,165238705,rain,20.0,4.0,1.338235272138097,2.3781328742196186e-12,0.0,2e-14,0.2,PSF Fitting,,,False,False,False
12_rain_20_018,654532676,rain,20.0,4.0,1.338235272138097,2.3781328742196186e-12,0.0,2e-14,0.2,Intensity-Weighted Centroid,,,False,False,False
12_rain_20_018,654532676,rain,20.0,4.0,1.338235272138097,2.3781328742196186e-12,0.0,2e-14,0.2,Gaussian Fitting,,,False,False,False
12_rain_20_018,654532676,rain,20.0,4.0,1.338235272138097,2.3781328742196186e-12,0.0,2e-14,0.2,PSF Fitting,,,False,False,False
12_rain_20_019,724650928,rain,20.0,4.0,1.338235272138097,2.3781328742196186e-12,0.0,2e-14,0.2,Intensity-Weighted Centroid,,,False,False,False
12_rain_20_019,724650928,rain,20.0,4.0,1.338235272138097,2.3781328742196186e-12,0.0,2e-14,0.2,Gaussian Fitting,,,False,False,False
12_rain_20_019,724650928,rain,20.0,4.0,1.338235272138097,2.3781328742196186e-12,0.0,2e-14,0.2,PSF Fitting,,,False,False,False
12_rain_20_020,96674348,rain,20.0,4.0,1.338235272138097,2.3781328742196186e-12,0.0,2e-14,0.2,Intensity-Weighted Centroid,,,False,False,False
12_rain_20_020,96674348,rain,20.0,4.0,1.338235272138097,2.3781328742196186e-12,0.0,2e-14,0.2,Gaussian Fitting,,,False,False,False
12_rain_20_020,96674348,rain,20.0,4.0,1.338235272138097,2.3781328742196186e-12,0.0,2e-14,0.2,PSF Fitting,,,False,False,False
12_rain_20_021,722582683,rain,20.0,4.0,1.338235272138097,2.3781328742196186e-12,0.0,2e-14,0.2,Intensity-Weighted Centroid,,,False,False,False
12_rain_20_021,722582683,rain,20.0,4.0,1.338235272138097,2.3781328742196186e-12,0.0,2e-14,0.2,Gaussian Fitting,,,False,False,False
12_rain_20_021,722582683,rain,20.0,4.0,1.338235272138097,2.3781328742196186e-12,0.0,2e-14,0.2,PSF Fitting,,,False,False,False
12_rain_20_022,706478683,rain,20.0,4.0,1.338235272138097,2.3781328742196186e-12,0.0,2e-14,0.2,Intensity-Weighted Centroid,,,False,False,False
12_rain_20_022,706478683,rain,20.0,4.0,1.338235272138097,2.3781328742196186e-12,0.0,2e-14,0.2,Gaussian Fitting,,,False,False,False
12_rain_20_022,706478683,rain,20.0,4.0,1.338235272138097,2.3781328742196186e-12,0.0,2e-14,0.2,PSF Fitting,,,False,False,False
12_rain_20_023,379189534,rain,20.0,4.0,1.338235272138097,2.3781328742196186e-12,0.0,2e-14,0.2,Intensity-Weighted Centroid,,,False,False,False
12_rain_20_023,379189534,rain,20.0,4.0,1.338235272138097,2.3781328742196186e-12,0.0,2e-14,0.2,Gaussian Fitting,,,False,False,False
12_rain_20_023,379189534,rain,20.0,4.0,1.338235272138097,2.3781328742196186e-12,0.0,2e-14,0.2,PSF Fitting,,,False,False,False
12_rain_20_024,304844257,rain,20.0,4.0,1.338235272138097,2.3781328742196186e-12,0.0,2e-14,0.2,Intensity-Weighted Centroid,,,False,False,False
12_rain_20_024,304844257,rain,20.0,4.0,1.338235272138097,2.3781328742196186e-12,0.0,2e-14,0.2,Gaussian Fitting,,,False,False,False
12_rain_20_024,304844257,rain,20.0,4.0,1.338235272138097,2.3781328742196186e-12,0.0,2e-14,0.2,PSF Fitting,,,False,False,False
12_rain_20_025,724389207,rain,20.0,4.0,1.338235272138097,2.3781328742196186e-12,0.0,2e-14,0.2,Intensity-Weighted Centroid,,,False,False,False
12_rain_20_025,724389207,rain,20.0,4.0,1.338235272138097,2.3781328742196186e-12,0.0,2e-14,0.2,Gaussian Fitting,,,False,False,False
12_rain_20_025,724389207,rain,20.0,4.0,1.338235272138097,2.3781328742196186e-12,0.0,2e-14,0.2,PSF Fitting,,,False,False,False
12_rain_20_026,413657275,rain,20.0,4.0,1.338235272138097,2.3781328742196186e-12,0.0,2e-14,0.2,Intensity-Weighted Centroid,,,False,False,False
12_rain_20_026,413657275,rain,20.0,4.0,1.338235272138097,2.3781328742196186e-12,0.0,2e-14,0.2,Gaussian Fitting,,,False,False,False
12_rain_20_026,413657275,rain,20.0,4.0,1.338235272138097,2.3781328742196186e-12,0.0,2e-14,0.2,PSF Fitting,,,False,False,False
12_rain_20_027,334525693,rain,20.0,4.0,1.338235272138097,2.3781328742196186e-12,0.0,2e-14,0.2,Intensity-Weighted Centroid,,,False,False,False
12_rain_20_027,334525693,rain,20.0,4.0,1.338235272138097,2.3781328742196186e-12,0.0,2e-14,0.2,Gaussian Fitting,,,False,False,False
12_rain_20_027,334525693,rain,20.0,4.0,1.338235272138097,2.3781328742196186e-12,0.0,2e-14,0.2,PSF Fitting,,,False,False,False
12_rain_20_028,429390610,rain,20.0,4.0,1.338235272138097,2.3781328742196186e-12,0.0,2e-14,0.2,Intensity-Weighted Centroid,,,False,False,False
12_rain_20_028,429390610,rain,20.0,4.0,1.338235272138097,2.3781328742196186e-12,0.0,2e-14,0.2,Gaussian Fitting,,,False,False,False
12_rain_20_028,429390610,rain,20.0,4.0,1.338235272138097,2.3781328742196186e-12,0.0,2e-14,0.2,PSF Fitting,,,False,False,False
12_rain_20_029,91067377,rain,20.0,4.0,1.338235272138097,2.3781328742196186e-12,0.0,2e-14,0.2,Intensity-Weighted Centroid,,,False,False,False
12_rain_20_029,91067377,rain,20.0,4.0,1.338235272138097,2.3781328742196186e-12,0.0,2e-14,0.2,Gaussian Fitting,,,False,False,False
12_rain_20_029,91067377,rain,20.0,4.0,1.338235272138097,2.3781328742196186e-12,0.0,2e-14,0.2,PSF Fitting,,,False,False,False
12_low_light_1_000,277022804,low_light,1.0,20.0,0.05083783537605657,0.9504327846112633,141.550569709878,1e-15,0.02,Intensity-Weighted Centroid,0.2299427173806878,114.9713429133552,True,False,True
12_low_light_1_000,277022804,low_light,1.0,20.0,0.05083783537605657,0.9504327846112633,141.550569709878,1e-15,0.02,Gaussian Fitting,0.016721768196669116,8.360883519923917,True,False,True
12_low_light_1_000,277022804,low_light,1.0,20.0,0.05083783537605657,0.9504327846112633,141.550569709878,1e-15,0.02,PSF Fitting,0.016220892380272495,8.11044562857586,True,False,True
12_low_light_1_001,660976858,low_light,1.0,20.0,0.05083783537605657,0.9504327846112633,139.56225091151194,1e-15,0.02,Intensity-Weighted Centroid,0.24954354017757227,124.77176981824311,True,False,True
12_low_light_1_001,660976858,low_light,1.0,20.0,0.05083783537605657,0.9504327846112633,139.56225091151194,1e-15,0.02,Gaussian Fitting,0.07138132499487958,35.690662306828806,True,False,True
12_low_light_1_001,660976858,low_light,1.0,20.0,0.05083783537605657,0.9504327846112633,139.56225091151194,1e-15,0.02,PSF Fitting,0.07163909052832557,35.81954507262296,True,False,True
12_low_light_1_002,58444614,low_light,1.0,20.0,0.05083783537605657,0.9504327846112633,140.71427204016322,1e-15,0.02,Intensity-Weighted Centroid,0.06649115317383975,33.24557607991201,True,False,True
12_low_light_1_002,58444614,low_light,1.0,20.0,0.05083783537605657,0.9504327846112633,140.71427204016322,1e-15,0.02,Gaussian Fitting,0.034732017360682634,17.36600865203273,True,False,True
12_low_light_1_002,58444614,low_light,1.0,20.0,0.05083783537605657,0.9504327846112633,140.71427204016322,1e-15,0.02,PSF Fitting,0.034538480800346806,17.269240369866004,True,False,True
12_low_light_1_003,565940637,low_light,1.0,20.0,0.05083783537605657,0.9504327846112633,143.87375322653318,1e-15,0.02,Intensity-Weighted Centroid,0.11772086805239952,58.86043400447632,True,False,True
12_low_light_1_003,565940637,low_light,1.0,20.0,0.05083783537605657,0.9504327846112633,143.87375322653318,1e-15,0.02,Gaussian Fitting,0.00792514502946085,3.9625725105639313,True,False,True
12_low_light_1_003,565940637,low_light,1.0,20.0,0.05083783537605657,0.9504327846112633,143.87375322653318,1e-15,0.02,PSF Fitting,0.009159651063746135,4.579825526899114,True,False,True
12_low_light_1_004,778651108,low_light,1.0,20.0,0.05083783537605657,0.9504327846112633,145.43503571966139,1e-15,0.02,Intensity-Weighted Centroid,0.31081483554035794,155.4074168892801,True,False,True
12_low_light_1_004,778651108,low_light,1.0,20.0,0.05083783537605657,0.9504327846112633,145.43503571966139,1e-15,0.02,Gaussian Fitting,0.043223857218166725,21.611928214675622,True,False,True
12_low_light_1_004,778651108,low_light,1.0,20.0,0.05083783537605657,0.9504327846112633,145.43503571966139,1e-15,0.02,PSF Fitting,0.0427894805126106,21.39473987254413,True,False,True
12_low_light_1_005,767949283,low_light,1.0,20.0,0.05083783537605657,0.9504327846112633,137.98304567308935,1e-15,0.02,Intensity-Weighted Centroid,0.153270209763945,76.6351046494247,True,False,True
12_low_light_1_005,767949283,low_light,1.0,20.0,0.05083783537605657,0.9504327846112633,137.98304567308935,1e-15,0.02,Gaussian Fitting,0.03313437696576352,16.56718825692348,True,False,True
12_low_light_1_005,767949283,low_light,1.0,20.0,0.05083783537605657,0.9504327846112633,137.98304567308935,1e-15,0.02,PSF Fitting,0.03252664223899963,16.26332090031592,True,False,True
12_low_light_1_006,103122530,low_light,1.0,20.0,0.05083783537605657,0.9504327846112633,138.71672331286953,1e-15,0.02,Intensity-Weighted Centroid,0.21655198677463522,108.27599046050469,True,False,True
12_low_light_1_006,103122530,low_light,1.0,20.0,0.05083783537605657,0.9504327846112633,138.71672331286953,1e-15,0.02,Gaussian Fitting,0.04770214736846667,23.85107271925093,True,False,True
12_low_light_1_006,103122530,low_light,1.0,20.0,0.05083783537605657,0.9504327846112633,138.71672331286953,1e-15,0.02,PSF Fitting,0.048222151243722665,24.111074644717878,True,False,True
12_low_light_1_007,26387167,low_light,1.0,20.0,0.05083783537605657,0.9504327846112633,141.8220392344222,1e-15,0.02,Intensity-Weighted Centroid,0.2710196982049841,135.50984886597524,True,False,True
12_low_light_1_007,26387167,low_light,1.0,20.0,0.05083783537605657,0.9504327846112633,141.8220392344222,1e-15,0.02,Gaussian Fitting,0.048568262633835,24.284130856187193,True,False,True
12_low_light_1_007,26387167,low_light,1.0,20.0,0.05083783537605657,0.9504327846112633,141.8220392344222,1e-15,0.02,PSF Fitting,0.04806204293907046,24.031021012725514,True,False,True
12_low_light_1_008,636262810,low_light,1.0,20.0,0.05083783537605657,0.9504327846112633,140.59530928295015,1e-15,0.02,Intensity-Weighted Centroid,0.32791832612826105,163.95916219732445,True,False,True
12_low_light_1_008,636262810,low_light,1.0,20.0,0.05083783537605657,0.9504327846112633,140.59530928295015,1e-15,0.02,Gaussian Fitting,0.04166747247365224,20.833736233031388,True,False,True
12_low_light_1_008,636262810,low_light,1.0,20.0,0.05083783537605657,0.9504327846112633,140.59530928295015,1e-15,0.02,PSF Fitting,0.041056483955506914,20.52824197381214,True,False,True
12_low_light_1_009,883735797,low_light,1.0,20.0,0.05083783537605657,0.9504327846112633,144.27221925663596,1e-15,0.02,Intensity-Weighted Centroid,0.33643777662235985,168.21888370555303,True,True,True
12_low_light_1_009,883735797,low_light,1.0,20.0,0.05083783537605657,0.9504327846112633,144.27221925663596,1e-15,0.02,Gaussian Fitting,0.03623796775765821,18.118982997670184,True,True,True
12_low_light_1_009,883735797,low_light,1.0,20.0,0.05083783537605657,0.9504327846112633,144.27221925663596,1e-15,0.02,PSF Fitting,0.036684318265709275,18.342158242164032,True,True,True
12_low_light_1_010,797543002,low_light,1.0,20.0,0.05083783537605657,0.9504327846112633,143.64520956622982,1e-15,0.02,Intensity-Weighted Centroid,0.11852799157150565,59.26399550694818,True,False,True
12_low_light_1_010,797543002,low_light,1.0,20.0,0.05083783537605657,0.9504327846112633,143.64520956622982,1e-15,0.02,Gaussian Fitting,0.023735916496033235,11.867958213452093,True,False,True
12_low_light_1_010,797543002,low_light,1.0,20.0,0.05083783537605657,0.9504327846112633,143.64520956622982,1e-15,0.02,PSF Fitting,0.024144591703016895,12.07229581643087,True,False,True
12_low_light_1_011,614430697,low_light,1.0,20.0,0.05083783537605657,0.9504327846112633,144.53220007637225,1e-15,0.02,Intensity-Weighted Centroid,0.06875460842050238,34.37730416467251,True,False,True
12_low_light_1_011,614430697,low_light,1.0,20.0,0.05083783537605657,0.9504327846112633,144.53220007637225,1e-15,0.02,Gaussian Fitting,0.04943297942120818,24.716489617903445,True,False,True
12_low_light_1_011,614430697,low_light,1.0,20.0,0.05083783537605657,0.9504327846112633,144.53220007637225,1e-15,0.02,PSF Fitting,0.0494989229094927,24.74946136207631,True,False,True
12_low_light_1_012,656980418,low_light,1.0,20.0,0.05083783537605657,0.9504327846112633,139.3254354066428,1e-15,0.02,Intensity-Weighted Centroid,0.18896856468145773,94.48428063563217,True,False,True
12_low_light_1_012,656980418,low_light,1.0,20.0,0.05083783537605657,0.9504327846112633,139.3254354066428,1e-15,0.02,Gaussian Fitting,0.06086668445983211,30.43334129753339,True,False,True
12_low_light_1_012,656980418,low_light,1.0,20.0,0.05083783537605657,0.9504327846112633,139.3254354066428,1e-15,0.02,PSF Fitting,0.06055436807361595,30.277183113251887,True,False,True
12_low_light_1_013,591324098,low_light,1.0,20.0,0.05083783537605657,0.9504327846112633,140.70788706325771,1e-15,0.02,Intensity-Weighted Centroid,0.20307636753940958,101.5381833733082,True,False,True
12_low_light_1_013,591324098,low_light,1.0,20.0,0.05083783537605657,0.9504327846112633,140.70788706325771,1e-15,0.02,Gaussian Fitting,0.03984371805811471,19.92185897008487,True,False,True
12_low_light_1_013,591324098,low_light,1.0,20.0,0.05083783537605657,0.9504327846112633,140.70788706325771,1e-15,0.02,PSF Fitting,0.04016878280221377,20.08439133752136,True,False,True
12_low_light_1_014,431091445,low_light,1.0,20.0,0.05083783537605657,0.9504327846112633,137.6551874394098,1e-15,0.02,Intensity-Weighted Centroid,0.4777526457971407,238.8763217959472,True,False,True
12_low_light_1_014,431091445,low_light,1.0,20.0,0.05083783537605657,0.9504327846112633,137.6551874394098,1e-15,0.02,Gaussian Fitting,0.027450145352108858,13.725072623820553,True,False,True
12_low_light_1_014,431091445,low_light,1.0,20.0,0.05083783537605657,0.9504327846112633,137.6551874394098,1e-15,0.02,PSF Fitting,0.026632093650572838,13.316046774220283,True,False,True
12_low_light_1_015,515211618,low_light,1.0,20.0,0.05083783537605657,0.9504327846112633,143.80662941070534,1e-15,0.02,Intensity-Weighted Centroid,0.22881893974089584,114.40946728316113,True,False,True
12_low_light_1_015,515211618,low_light,1.0,20.0,0.05083783537605657,0.9504327846112633,143.80662941070534,1e-15,0.02,Gaussian Fitting,0.01897585932776445,9.487929609248319,True,False,True
12_low_light_1_015,515211618,low_light,1.0,20.0,0.05083783537605657,0.9504327846112633,143.80662941070534,1e-15,0.02,PSF Fitting,0.018502906919715012,9.251453407324185,True,False,True
12_low_light_1_016,130846629,low_light,1.0,20.0,0.05083783537605657,0.9504327846112633,138.73124448774104,1e-15,0.02,Intensity-Weighted Centroid,0.23998021338200007,119.99009416730725,True,False,True
12_low_light_1_016,130846629,low_light,1.0,20.0,0.05083783537605657,0.9504327846112633,138.73124448774104,1e-15,0.02,Gaussian Fitting,0.029225364443157195,14.61268147831773,True,False,True
12_low_light_1_016,130846629,low_light,1.0,20.0,0.05083783537605657,0.9504327846112633,138.73124448774104,1e-15,0.02,PSF Fitting,0.029444918391044742,14.722458454602796,True,False,True
12_low_light_1_017,425097353,low_light,1.0,20.0,0.05083783537605657,0.9504327846112633,140.0721691223746,1e-15,0.02,Intensity-Weighted Centroid,0.1535632664384207,76.78163305393073,True,True,True
12_low_light_1_017,425097353,low_light,1.0,20.0,0.05083783537605657,0.9504327846112633,140.0721691223746,1e-15,0.02,Gaussian Fitting,0.003013486993203424,1.5067434965755104,True,True,True
12_low_light_1_017,425097353,low_light,1.0,20.0,0.05083783537605657,0.9504327846112633,140.0721691223746,1e-15,0.02,PSF Fitting,0.002686356096677718,1.3431780483041305,True,True,True
12_low_light_1_018,188661588,low_light,1.0,20.0,0.05083783537605657,0.9504327846112633,145.2348228582835,1e-15,0.02,Intensity-Weighted Centroid,0.15315404840843141,76.57701733948161,True,False,True
12_low_light_1_018,188661588,low_light,1.0,20.0,0.05083783537605657,0.9504327846112633,145.2348228582835,1e-15,0.02,Gaussian Fitting,0.06966401028891482,34.832003366631454,True,False,True
12_low_light_1_018,188661588,low_light,1.0,20.0,0.05083783537605657,0.9504327846112633,145.2348228582835,1e-15,0.02,PSF Fitting,0.07010505016767431,35.05252322823071,True,False,True
12_low_light_1_019,20109700,low_light,1.0,20.0,0.05083783537605657,0.9504327846112633,143.79381429995223,1e-15,0.02,Intensity-Weighted Centroid,0.15205274275258093,76.02637028986841,True,False,True
12_low_light_1_019,20109700,low_light,1.0,20.0,0.05083783537605657,0.9504327846112633,143.79381429995223,1e-15,0.02,Gaussian Fitting,0.055600365089156174,27.800182112494813,True,False,True
12_low_light_1_019,20109700,low_light,1.0,20.0,0.05083783537605657,0.9504327846112633,143.79381429995223,1e-15,0.02,PSF Fitting,0.055381321458595104,27.69066029878641,True,False,True
12_low_light_1_020,338343472,low_light,1.0,20.0,0.05083783537605657,0.9504327846112633,141.99978559266194,1e-15,0.02,Intensity-Weighted Centroid,0.17022237600350743,85.11118448804909,True,False,True
12_low_light_1_020,338343472,low_light,1.0,20.0,0.05083783537605657,0.9504327846112633,141.99978559266194,1e-15,0.02,Gaussian Fitting,0.01797826105589575,8.989130015379022,True,False,True
12_low_light_1_020,338343472,low_light,1.0,20.0,0.05083783537605657,0.9504327846112633,141.99978559266194,1e-15,0.02,PSF Fitting,0.017226905258554175,8.613452133882364,True,False,True
12_low_light_1_021,392457412,low_light,1.0,20.0,0.05083783537605657,0.9504327846112633,146.98525293095142,1e-15,0.02,Intensity-Weighted Centroid,0.060707225309143596,30.35361258280949,True,False,True
12_low_light_1_021,392457412,low_light,1.0,20.0,0.05083783537605657,0.9504327846112633,146.98525293095142,1e-15,0.02,Gaussian Fitting,0.04004609251184658,20.023046249014,True,False,True
12_low_light_1_021,392457412,low_light,1.0,20.0,0.05083783537605657,0.9504327846112633,146.98525293095142,1e-15,0.02,PSF Fitting,0.04028417263277417,20.14208630964989,True,False,True
12_low_light_1_022,269303038,low_light,1.0,20.0,0.05083783537605657,0.9504327846112633,137.7610704854731,1e-15,0.02,Intensity-Weighted Centroid,0.23706403782397092,118.53201848497797,True,False,True
12_low_light_1_022,269303038,low_light,1.0,20.0,0.05083783537605657,0.9504327846112633,137.7610704854731,1e-15,0.02,Gaussian Fitting,0.04914698399596153,24.57349193268943,True,False,True
12_low_light_1_022,269303038,low_light,1.0,20.0,0.05083783537605657,0.9504327846112633,137.7610704854731,1e-15,0.02,PSF Fitting,0.04929957930133035,24.649789584800676,True,False,True
12_low_light_1_023,80453059,low_light,1.0,20.0,0.05083783537605657,0.9504327846112633,151.31791023539776,1e-15,0.02,Intensity-Weighted Centroid,0.06036872048759828,30.184360072645926,True,False,True
12_low_light_1_023,80453059,low_light,1.0,20.0,0.05083783537605657,0.9504327846112633,151.31791023539776,1e-15,0.02,Gaussian Fitting,0.03967881052067467,19.839405166549444,True,False,True
12_low_light_1_023,80453059,low_light,1.0,20.0,0.05083783537605657,0.9504327846112633,151.31791023539776,1e-15,0.02,PSF Fitting,0.03952158772486094,19.760793768454352,True,False,True
12_low_light_1_024,203824172,low_light,1.0,20.0,0.05083783537605657,0.9504327846112633,139.48854264102565,1e-15,0.02,Intensity-Weighted Centroid,0.14839350063737045,74.19674989774619,True,False,True
12_low_light_1_024,203824172,low_light,1.0,20.0,0.05083783537605657,0.9504327846112633,139.48854264102565,1e-15,0.02,Gaussian Fitting,0.031679199776060575,15.839599488678521,True,False,True
12_low_light_1_024,203824172,low_light,1.0,20.0,0.05083783537605657,0.9504327846112633,139.48854264102565,1e-15,0.02,PSF Fitting,0.031179501272203137,15.589750243271915,True,False,True
12_low_light_1_025,298595744,low_light,1.0,20.0,0.05083783537605657,0.9504327846112633,135.8793399100585,1e-15,0.02,Intensity-Weighted Centroid,0.265869146945753,132.93457231822347,True,True,True
12_low_light_1_025,298595744,low_light,1.0,20.0,0.05083783537605657,0.9504327846112633,135.8793399100585,1e-15,0.02,Gaussian Fitting,0.01392813456140863,6.9640671509492345,True,True,True
12_low_light_1_025,298595744,low_light,1.0,20.0,0.05083783537605657,0.9504327846112633,135.8793399100585,1e-15,0.02,PSF Fitting,0.016680509061312177,8.340254374061423,True,True,True
12_low_light_1_026,575563097,low_light,1.0,20.0,0.05083783537605657,0.9504327846112633,146.36654916742432,1e-15,0.02,Intensity-Weighted Centroid,0.25276975830165094,126.38487844283803,True,False,True
12_low_light_1_026,575563097,low_light,1.0,20.0,0.05083783537605657,0.9504327846112633,146.36654916742432,1e-15,0.02,Gaussian Fitting,0.06607958141663538,33.039790303040796,True,False,True
12_low_light_1_026,575563097,low_light,1.0,20.0,0.05083783537605657,0.9504327846112633,146.36654916742432,1e-15,0.02,PSF Fitting,0.06754765406115677,33.77382660516524,True,False,True
12_low_light_1_027,110349103,low_light,1.0,20.0,0.05083783537605657,0.9504327846112633,139.3417476957572,1e-15,0.02,Intensity-Weighted Centroid,0.517207618336198,258.6038076372669,True,False,True
12_low_light_1_027,110349103,low_light,1.0,20.0,0.05083783537605657,0.9504327846112633,139.3417476957572,1e-15,0.02,Gaussian Fitting,0.02149667803465012,10.748338978680255,True,False,True
12_low_light_1_027,110349103,low_light,1.0,20.0,0.05083783537605657,0.9504327846112633,139.3417476957572,1e-15,0.02,PSF Fitting,0.020962920050523515,10.481459982032076,True,False,True
12_low_light_1_028,858442360,low_light,1.0,20.0,0.05083783537605657,0.9504327846112633,138.86021135124514,1e-15,0.02,Intensity-Weighted Centroid,0.14742432212146986,73.71216039048117,True,False,True
12_low_light_1_028,858442360,low_light,1.0,20.0,0.05083783537605657,0.9504327846112633,138.86021135124514,1e-15,0.02,Gaussian Fitting,0.007406502259562616,3.703251121789357,True,False,True
12_low_light_1_028,858442360,low_light,1.0,20.0,0.05083783537605657,0.9504327846112633,138.86021135124514,1e-15,0.02,PSF Fitting,0.007018243103849993,3.509121544059159,True,False,True
12_low_light_1_029,588549542,low_light,1.0,20.0,0.05083783537605657,0.9504327846112633,135.3602083480241,1e-15,0.02,Intensity-Weighted Centroid,0.06879251013662445,34.396254777726085,True,False,True
12_low_light_1_029,588549542,low_light,1.0,20.0,0.05083783537605657,0.9504327846112633,135.3602083480241,1e-15,0.02,Gaussian Fitting,0.06097718772151677,30.488593743105795,True,False,True
12_low_light_1_029,588549542,low_light,1.0,20.0,0.05083783537605657,0.9504327846112633,135.3602083480241,1e-15,0.02,PSF Fitting,0.060166762361802927,30.083381064003664,True,False,True
12_low_light_2_000,842288374,low_light,2.0,20.0,0.05083783537605657,0.9033224780639202,145.73820837641873,1e-15,0.02,Intensity-Weighted Centroid,0.2696732772135258,134.83663751579633,True,False,True
12_low_light_2_000,842288374,low_light,2.0,20.0,0.05083783537605657,0.9033224780639202,145.73820837641873,1e-15,0.02,Gaussian Fitting,0.011518818304960439,5.759409112507717,True,False,True
12_low_light_2_000,842288374,low_light,2.0,20.0,0.05083783537605657,0.9033224780639202,145.73820837641873,1e-15,0.02,PSF Fitting,0.011695443166105098,5.847721542605052,True,False,True
12_low_light_2_001,108857056,low_light,2.0,20.0,0.05083783537605657,0.9033224780639202,139.40392991095874,1e-15,0.02,Intensity-Weighted Centroid,0.38313442144325066,191.5671867870556,True,False,True
12_low_light_2_001,108857056,low_light,2.0,20.0,0.05083783537605657,0.9033224780639202,139.40392991095874,1e-15,0.02,Gaussian Fitting,0.014330235807949872,7.165117789470748,True,False,True
12_low_light_2_001,108857056,low_light,2.0,20.0,0.05083783537605657,0.9033224780639202,139.40392991095874,1e-15,0.02,PSF Fitting,0.013599227520978162,6.79961367793013,True,False,True
12_low_light_2_002,955324089,low_light,2.0,20.0,0.05083783537605657,0.9033224780639202,137.85009320105308,1e-15,0.02,Intensity-Weighted Centroid,0.40129497680122317,200.6474851367929,True,False,True
12_low_light_2_002,955324089,low_light,2.0,20.0,0.05083783537605657,0.9033224780639202,137.85009320105308,1e-15,0.02,Gaussian Fitting,0.02443629903385082,12.218149025177505,True,False,True
12_low_light_2_002,955324089,low_light,2.0,20.0,0.05083783537605657,0.9033224780639202,137.85009320105308,1e-15,0.02,PSF Fitting,0.025069028157059713,12.534513571886036,True,False,True
12_low_light_2_003,551272411,low_light,2.0,20.0,0.05083783537605657,0.9033224780639202,131.61745707938434,1e-15,0.02,Intensity-Weighted Centroid,0.1327505363901303,66.37526786376428,True,False,True
12_low_light_2_003,551272411,low_light,2.0,20.0,0.05083783537605657,0.9033224780639202,131.61745707938434,1e-15,0.02,Gaussian Fitting,0.06660819553167532,33.304097442266276,True,False,True
12_low_light_2_003,551272411,low_light,2.0,20.0,0.05083783537605657,0.9033224780639202,131.61745707938434,1e-15,0.02,PSF Fitting,0.06721281122391012,33.606405284874434,True,False,True
12_low_light_2_004,861514114,low_light,2.0,20.0,0.05083783537605657,0.9033224780639202,138.8279651238757,1e-15,0.02,Intensity-Weighted Centroid,0.3351915296300309,167.59575692229157,True,False,True
12_low_light_2_004,861514114,low_light,2.0,20.0,0.05083783537605657,0.9033224780639202,138.8279651238757,1e-15,0.02,Gaussian Fitting,0.030739400025635737,15.369699002090139,True,False,True
12_low_light_2_004,861514114,low_light,2.0,20.0,0.05083783537605657,0.9033224780639202,138.8279651238757,1e-15,0.02,PSF Fitting,0.030714232470112686,15.35711522534797,True,False,True
12_low_light_2_005,261191400,low_light,2.0,20.0,0.05083783537605657,0.9033224780639202,134.44027154842877,1e-15,0.02,Intensity-Weighted Centroid,0.16689046744742764,83.44523287050285,True,False,True
12_low_light_2_005,261191400,low_light,2.0,20.0,0.05083783537605657,0.9033224780639202,134.44027154842877,1e-15,0.02,Gaussian Fitting,0.07377256552813537,36.886282731024,True,False,True
12_low_light_2_005,261191400,low_light,2.0,20.0,0.05083783537605657,0.9033224780639202,134.44027154842877,1e-15,0.02,PSF Fitting,0.07366905258411698,36.834526261204196,True,False,True
12_low_light_2_006,694958554,low_light,2.0,20.0,0.05083783537605657,0.9033224780639202,135.4778144024637,1e-15,0.02,Intensity-Weighted Centroid,0.029522489329051466,14.761244660322708,True,False,True
12_low_light_2_006,694958554,low_light,2.0,20.0,0.05083783537605657,0.9033224780639202,135.4778144024637,1e-15,0.02,Gaussian Fitting,0.050430280876689666,25.215140425534784,True,False,True
12_low_light_2_006,694958554,low_light,2.0,20.0,0.05083783537605657,0.9033224780639202,135.4778144024637,1e-15,0.02,PSF Fitting,0.05091926441775495,25.45963219652259,True,False,True
12_low_light_2_007,737153888,low_light,2.0,20.0,0.05083783537605657,0.9033224780639202,139.66409082793294,1e-15,0.02,Intensity-Weighted Centroid,0.21855713825677373,109.27856898910058,True,False,True
12_low_light_2_007,737153888,low_light,2.0,20.0,0.05083783537605657,0.9033224780639202,139.66409082793294,1e-15,0.02,Gaussian Fitting,0.028532789104642138,14.26639448931934,True,False,True
12_low_light_2_007,737153888,low_light,2.0,20.0,0.05083783537605657,0.9033224780639202,139.66409082793294,1e-15,0.02,PSF Fitting,0.026009501337877154,13.004750605943492,True,False,True
12_low_light_2_008,609694885,low_light,2.0,20.0,0.05083783537605657,0.9033224780639202,135.80175836349025,1e-15,0.02,Intensity-Weighted Centroid,0.22529728326897291,112.64864040058193,True,False,True
12_low_light_2_008,609694885,low_light,2.0,20.0,0.05083783537605657,0.9033224780639202,135.80175836349025,1e-15,0.02,Gaussian Fitting,0.044040522520435714,22.020260824733786,True,False,True
12_low_light_2_008,609694885,low_light,2.0,20.0,0.05083783537605657,0.9033224780639202,135.80175836349025,1e-15,0.02,PSF Fitting,0.043868191200833496,21.93409517161673,True,False,True
12_low_light_2_009,83636888,low_light,2.0,20.0,0.05083783537605657,0.9033224780639202,137.03307186057827,1e-15,0.02,Intensity-Weighted Centroid,0.21287253126824668,106.436264576673,True,False,True
12_low_light_2_009,83636888,low_light,2.0,20.0,0.05083783537605657,0.9033224780639202,137.03307186057827,1e-15,0.02,Gaussian Fitting,0.014076456451400746,7.038228217851143,True,False,True
12_low_light_2_009,83636888,low_light,2.0,20.0,0.05083783537605657,0.9033224780639202,137.03307186057827,1e-15,0.02,PSF Fitting,0.014100775880917524,7.050387932592479,True,False,True
12_low_light_2_010,223202900,low_light,2.0,20.0,0.05083783537605657,0.9033224780639202,136.98076117868217,1e-15,0.02,Intensity-Weighted Centroid,0.24154760110487983,120.7738004014732,True,False,True
12_low_light_2_010,223202900,low_light,2.0,20.0,0.05083783537605657,0.9033224780639202,136.98076117868217,1e-15,0.02,Gaussian Fitting,0.015762265676571335,7.881132813229703,True,False,True
12_low_light_2_010,223202900,low_light,2.0,20.0,0.05083783537605657,0.9033224780639202,136.98076117868217,1e-15,0.02,PSF Fitting,0.01617016435818111,8.085082152625965,True,False,True
12_low_light_2_011,193783559,low_light,2.0,20.0,0.05083783537605657,0.9033224780639202,132.0727123390763,1e-15,0.02,Intensity-Weighted Centroid,0.17317664323946047,86.58832153353428,True,False,True
12_low_light_2_011,193783559,low_light,2.0,20.0,0.05083783537605657,0.9033224780639202,132.0727123390763,1e-15,0.02,Gaussian Fitting,0.02133789310405201,10.668946482241433,True,False,True
12_low_light_2_011,193783559,low_light,2.0,20.0,0.05083783537605657,0.9033224780639202,132.0727123390763,1e-15,0.02,PSF Fitting,0.021288120477560332,10.644060168400234,True,False,True
12_low_light_2_012,327960286,low_light,2.0,20.0,0.05083783537605657,0.9033224780639202,135.41404851845277,1e-15,0.02,Intensity-Weighted Centroid,0.15962223887249602,79.8111194020824,True,False,True
12_low_light_2_012,327960286,low_light,2.0,20.0,0.05083783537605657,0.9033224780639202,135.41404851845277,1e-15,0.02,Gaussian Fitting,0.02367385691874643,11.836928449578378,True,False,True
12_low_light_2_012,327960286,low_light,2.0,20.0,0.05083783537605657,0.9033224780639202,135.41404851845277,1e-15,0.02,PSF Fitting,0.023245789067803422,11.62289452418766,True,False,True
12_low_light_2_013,136265310,low_light,2.0,20.0,0.05083783537605657,0.9033224780639202,132.61448251887546,1e-15,0.02,Intensity-Weighted Centroid,0.14089205425317416,70.44602177001681,True,True,True
12_low_light_2_013,136265310,low_light,2.0,20.0,0.05083783537605657,0.9033224780639202,132.61448251887546,1e-15,0.02,Gaussian Fitting,0.03854971791862204,19.274858408217778,True,True,True
12_low_light_2_013,136265310,low_light,2.0,20.0,0.05083783537605657,0.9033224780639202,132.61448251887546,1e-15,0.02,PSF Fitting,0.03854395176341126,19.271975330190564,True,True,True
12_low_light_2_014,772102920,low_light,2.0,20.0,0.05083783537605657,0.9033224780639202,131.57179591197539,1e-15,0.02,Intensity-Weighted Centroid,0.06999409936456805,34.99704933935738,True,False,True
12_low_light_2_014,772102920,low_light,2.0,20.0,0.05083783537605657,0.9033224780639202,131.57179591197539,1e-15,0.02,Gaussian Fitting,0.02460126456228179,12.300632224163156,True,False,True
12_low_light_2_014,772102920,low_light,2.0,20.0,0.05083783537605657,0.9033224780639202,131.57179591197539,1e-15,0.02,PSF Fitting,0.02334862809531906,11.67431399421485,True,False,True
12_low_light_2_015,136265466,low_light,2.0,20.0,0.05083783537605657,0.9033224780639202,138.56806717271414,1e-15,0.02,Intensity-Weighted Centroid,0.06637417527199028,33.18708752224278,True,False,True
12_low_light_2_015,136265466,low_light,2.0,20.0,0.05083783537605657,0.9033224780639202,138.56806717271414,1e-15,0.02,Gaussian Fitting,0.060477347087241784,30.23867346387173,True,False,True
12_low_light_2_015,136265466,low_light,2.0,20.0,0.05083783537605657,0.9033224780639202,138.56806717271414,1e-15,0.02,PSF Fitting,0.0605661317275417,30.283065783855914,True,False,True
12_low_light_2_016,77060435,low_light,2.0,20.0,0.05083783537605657,0.9033224780639202,138.10076440660913,1e-15,0.02,Intensity-Weighted Centroid,0.22789781331160727,113.94890646246463,True,False,True
12_low_light_2_016,77060435,low_light,2.0,20.0,0.05083783537605657,0.9033224780639202,138.10076440660913,1e-15,0.02,Gaussian Fitting,0.04613422658785108,23.067113263474344,True,False,True
12_low_light_2_016,77060435,low_light,2.0,20.0,0.05083783537605657,0.9033224780639202,138.10076440660913,1e-15,0.02,PSF Fitting,0.045812138048721654,22.906068994511532,True,False,True
12_low_light_2_017,733489564,low_light,2.0,20.0,0.05083783537605657,0.9033224780639202,134.9389137290073,1e-15,0.02,Intensity-Weighted Centroid,0.07160062980649828,35.80031353837721,True,False,True
12_low_light_2_017,733489564,low_light,2.0,20.0,0.05083783537605657,0.9033224780639202,134.9389137290073,1e-15,0.02,Gaussian Fitting,0.04391270115558293,21.956350338333365,True,False,True
12_low_light_2_017,733489564,low_light,2.0,20.0,0.05083783537605657,0.9033224780639202,134.9389137290073,1e-15,0.02,PSF Fitting,0.04378627124422691,21.893135348748533,True,False,True
12_low_light_2_018,669997308,low_light,2.0,20.0,0.05083783537605657,0.9033224780639202,138.49225955244125,1e-15,0.02,Intensity-Weighted Centroid,0.160324959871891,80.16247931921039,True,False,True
12_low_light_2_018,669997308,low_light,2.0,20.0,0.05083783537605657,0.9033224780639202,138.49225955244125,1e-15,0.02,Gaussian Fitting,0.024172333605806954,12.086166561403555,True,False,True
12_low_light_2_018,669997308,low_light,2.0,20.0,0.05083783537605657,0.9033224780639202,138.49225955244125,1e-15,0.02,PSF Fitting,0.02289810623364772,11.449052886419205,True,False,True
12_low_light_2_019,345471843,low_light,2.0,20.0,0.05083783537605657,0.9033224780639202,140.475087945354,1e-15,0.02,Intensity-Weighted Centroid,0.03804140221632343,19.02070091064889,True,False,True
12_low_light_2_019,345471843,low_light,2.0,20.0,0.05083783537605657,0.9033224780639202,140.475087945354,1e-15,0.02,Gaussian Fitting,0.026950774917151383,13.475387339406288,True,False,True
12_low_light_2_019,345471843,low_light,2.0,20.0,0.05083783537605657,0.9033224780639202,140.475087945354,1e-15,0.02,PSF Fitting,0.02693853361093665,13.469266686340553,True,False,True
12_low_light_2_020,599319295,low_light,2.0,20.0,0.05083783537605657,0.9033224780639202,138.94680554126296,1e-15,0.02,Intensity-Weighted Centroid,0.31568713314449287,157.84356177943465,True,False,True
12_low_light_2_020,599319295,low_light,2.0,20.0,0.05083783537605657,0.9033224780639202,138.94680554126296,1e-15,0.02,Gaussian Fitting,0.030168378214061577,15.084188328817461,True,False,True
12_low_light_2_020,599319295,low_light,2.0,20.0,0.05083783537605657,0.9033224780639202,138.94680554126296,1e-15,0.02,PSF Fitting,0.029541071392376078,14.770534931797618,True,False,True
12_low_light_2_021,575681953,low_light,2.0,20.0,0.05083783537605657,0.9033224780639202,135.22798547399023,1e-15,0.02,Intensity-Weighted Centroid,0.18033106553589134,90.16553197859326,True,True,True
12_low_light_2_021,575681953,low_light,2.0,20.0,0.05083783537605657,0.9033224780639202,135.22798547399023,1e-15,0.02,Gaussian Fitting,0.06234870220865797,31.17435078830625,True,True,True
12_low_light_2_021,575681953,low_light,2.0,20.0,0.05083783537605657,0.9033224780639202,135.22798547399023,1e-15,0.02,PSF Fitting,0.0628482778854141,31.42413862305444,True,True,True
12_low_light_2_022,89496929,low_light,2.0,20.0,0.05083783537605657,0.9033224780639202,133.31632236978137,1e-15,0.02,Intensity-Weighted Centroid,0.22764438673164453,113.82219272610544,True,False,True
12_low_light_2_022,89496929,low_light,2.0,20.0,0.05083783537605657,0.9033224780639202,133.31632236978137,1e-15,0.02,Gaussian Fitting,0.020437222852780962,10.218611354889497,True,False,True
12_low_light_2_022,89496929,low_light,2.0,20.0,0.05083783537605657,0.9033224780639202,133.31632236978137,1e-15,0.02,PSF Fitting,0.020165032245643276,10.082516052147218,True,False,True
12_low_light_2_023,870165000,low_light,2.0,20.0,0.05083783537605657,0.9033224780639202,135.60707086621125,1e-15,0.02,Intensity-Weighted Centroid,0.36929017872483594,184.64508893000973,True,False,True
12_low_light_2_023,870165000,low_light,2.0,20.0,0.05083783537605657,0.9033224780639202,135.60707086621125,1e-15,0.02,Gaussian Fitting,0.06075593570745304,30.377967676486787,True,False,True
12_low_light_2_023,870165000,low_light,2.0,20.0,0.05083783537605657,0.9033224780639202,135.60707086621125,1e-15,0.02,PSF Fitting,0.0612575496979235,30.628774670938867,True,False,True
12_low_light_2_024,615274178,low_light,2.0,20.0,0.05083783537605657,0.9033224780639202,131.43140644061634,1e-15,0.02,Intensity-Weighted Centroid,0.5240061879522838,262.0030898106262,True,False,True
12_low_light_2_024,615274178,low_light,2.0,20.0,0.05083783537605657,0.9033224780639202,131.43140644061634,1e-15,0.02,Gaussian Fitting,0.013190529914130177,6.595264817790503,True,False,True
12_low_light_2_024,615274178,low_light,2.0,20.0,0.05083783537605657,0.9033224780639202,131.43140644061634,1e-15,0.02,PSF Fitting,0.013452615280376518,6.72630749808444,True,False,True
12_low_light_2_025,631683697,low_light,2.0,20.0,0.05083783537605657,0.9033224780639202,137.35669696596204,1e-15,0.02,Intensity-Weighted Centroid,0.045916603147018516,22.958301106652247,True,False,True
12_low_light_2_025,631683697,low_light,2.0,20.0,0.05083783537605657,0.9033224780639202,137.35669696596204,1e-15,0.02,Gaussian Fitting,0.059469867877119394,29.734933094977183,True,False,True
12_low_light_2_025,631683697,low_light,2.0,20.0,0.05083783537605657,0.9033224780639202,137.35669696596204,1e-15,0.02,PSF Fitting,0.06008382190562601,30.04191010206552,True,False,True
12_low_light_2_026,577730280,low_light,2.0,20.0,0.05083783537605657,0.9033224780639202,130.03246204915655,1e-15,0.02,Intensity-Weighted Centroid,0.14751149945432007,73.75574560852912,True,False,True
12_low_light_2_026,577730280,low_light,2.0,20.0,0.05083783537605657,0.9033224780639202,130.03246204915655,1e-15,0.02,Gaussian Fitting,0.02505883015252715,12.529414070379078,True,False,True
12_low_light_2_026,577730280,low_light,2.0,20.0,0.05083783537605657,0.9033224780639202,130.03246204915655,1e-15,0.02,PSF Fitting,0.02505881965650573,12.529408815950237,True,False,True
12_low_light_2_027,843794095,low_light,2.0,20.0,0.05083783537605657,0.9033224780639202,137.37524949355603,1e-15,0.02,Intensity-Weighted Centroid,0.12500901697876263,62.50450768886653,True,False,True
12_low_light_2_027,843794095,low_light,2.0,20.0,0.05083783537605657,0.9033224780639202,137.37524949355603,1e-15,0.02,Gaussian Fitting,0.0031216572657304753,1.5608286020465016,True,False,True
12_low_light_2_027,843794095,low_light,2.0,20.0,0.05083783537605657,0.9033224780639202,137.37524949355603,1e-15,0.02,PSF Fitting,0.004202805156801804,2.1014025404182335,True,False,True
12_low_light_2_028,393290249,low_light,2.0,20.0,0.05083783537605657,0.9033224780639202,133.14664175147144,1e-15,0.02,Intensity-Weighted Centroid,0.11490342846973489,57.451710415176784,True,False,True
12_low_light_2_028,393290249,low_light,2.0,20.0,0.05083783537605657,0.9033224780639202,133.14664175147144,1e-15,0.02,Gaussian Fitting,0.05647608031248492,28.23803828728899,True,False,True
12_low_light_2_028,393290249,low_light,2.0,20.0,0.05083783537605657,0.9033224780639202,133.14664175147144,1e-15,0.02,PSF Fitting,0.057244707799111054,28.622351985386164,True,False,True
12_low_light_2_029,157125955,low_light,2.0,20.0,0.05083783537605657,0.9033224780639202,139.0452473374847,1e-15,0.02,Intensity-Weighted Centroid,0.10765671491554477,53.82835685113409,True,False,True
12_low_light_2_029,157125955,low_light,2.0,20.0,0.05083783537605657,0.9033224780639202,139.0452473374847,1e-15,0.02,Gaussian Fitting,0.017924711352627777,8.96235563524368,True,False,True
12_low_light_2_029,157125955,low_light,2.0,20.0,0.05083783537605657,0.9033224780639202,139.0452473374847,1e-15,0.02,PSF Fitting,0.01806641944678442,9.033209681147307,True,False,True
12_low_light_5_000,809827413,low_light,5.0,20.0,0.05083783537605657,0.7755450729706159,116.00356307440389,1e-15,0.02,Intensity-Weighted Centroid,0.19674973820442,98.37486874627143,True,False,True
12_low_light_5_000,809827413,low_light,5.0,20.0,0.05083783537605657,0.7755450729706159,116.00356307440389,1e-15,0.02,Gaussian Fitting,0.03691999876265009,18.45999938005279,True,False,True
12_low_light_5_000,809827413,low_light,5.0,20.0,0.05083783537605657,0.7755450729706159,116.00356307440389,1e-15,0.02,PSF Fitting,0.038470720859889056,19.235360428663224,True,False,True
12_low_light_5_001,45165515,low_light,5.0,20.0,0.05083783537605657,0.7755450729706159,113.04576694263338,1e-15,0.02,Intensity-Weighted Centroid,0.35305748171885587,176.5287402933625,True,False,True
12_low_light_5_001,45165515,low_light,5.0,20.0,0.05083783537605657,0.7755450729706159,113.04576694263338,1e-15,0.02,Gaussian Fitting,0.06653281621312675,33.26640777054888,True,False,True
12_low_light_5_001,45165515,low_light,5.0,20.0,0.05083783537605657,0.7755450729706159,113.04576694263338,1e-15,0.02,PSF Fitting,0.06806564301848676,34.03282116720506,True,False,True
12_low_light_5_002,641504032,low_light,5.0,20.0,0.05083783537605657,0.7755450729706159,113.71636456800327,1e-15,0.02,Intensity-Weighted Centroid,0.39560093758583464,197.80046698505933,True,False,True
12_low_light_5_002,641504032,low_light,5.0,20.0,0.05083783537605657,0.7755450729706159,113.71636456800327,1e-15,0.02,Gaussian Fitting,0.055998417700691444,27.999208387394628,True,False,True
12_low_light_5_002,641504032,low_light,5.0,20.0,0.05083783537605657,0.7755450729706159,113.71636456800327,1e-15,0.02,PSF Fitting,0.054774122665140576,27.38706090431606,True,False,True
12_low_light_5_003,174523466,low_light,5.0,20.0,0.05083783537605657,0.7755450729706159,117.30916963377808,1e-15,0.02,Intensity-Weighted Centroid,0.34647969278474755,173.23984542485613,True,False,True
12_low_light_5_003,174523466,low_light,5.0,20.0,0.05083783537605657,0.7755450729706159,117.30916963377808,1e-15,0.02,Gaussian Fitting,0.06495472891834796,32.47736416995818,True,False,True
12_low_light_5_003,174523466,low_light,5.0,20.0,0.05083783537605657,0.7755450729706159,117.30916963377808,1e-15,0.02,PSF Fitting,0.06539558570288075,32.69779256148254,True,False,True
12_low_light_5_004,465240214,low_light,5.0,20.0,0.05083783537605657,0.7755450729706159,113.36603684119453,1e-15,0.02,Intensity-Weighted Centroid,0.19647238398397907,98.23619140690084,True,False,True
12_low_light_5_004,465240214,low_light,5.0,20.0,0.05083783537605657,0.7755450729706159,113.36603684119453,1e-15,0.02,Gaussian Fitting,0.020535712239976484,10.267856070325811,True,False,True
12_low_light_5_004,465240214,low_light,5.0,20.0,0.05083783537605657,0.7755450729706159,113.36603684119453,1e-15,0.02,PSF Fitting,0.022364324925946488,11.182162417088195,True,False,True
12_low_light_5_005,734465610,low_light,5.0,20.0,0.05083783537605657,0.7755450729706159,118.66082608791189,1e-15,0.02,Intensity-Weighted Centroid,0.2439606517857806,121.98032540713999,True,False,True
12_low_light_5_005,734465610,low_light,5.0,20.0,0.05083783537605657,0.7755450729706159,118.66082608791189,1e-15,0.02,Gaussian Fitting,0.03651124125704687,18.255620564944078,True,False,True
12_low_light_5_005,734465610,low_light,5.0,20.0,0.05083783537605657,0.7755450729706159,118.66082608791189,1e-15,0.02,PSF Fitting,0.03621045722407539,18.10522854956934,True,False,True
12_low_light_5_006,753764318,low_light,5.0,20.0,0.05083783537605657,0.7755450729706159,114.06505098965918,1e-15,0.02,Intensity-Weighted Centroid,0.2675928537467556,133.79642555641541,True,False,True
12_low_light_5_006,753764318,low_light,5.0,20.0,0.05083783537605657,0.7755450729706159,114.06505098965918,1e-15,0.02,Gaussian Fitting,0.05271842713125409,26.35921335196522,True,False,True
12_low_light_5_006,753764318,low_light,5.0,20.0,0.05083783537605657,0.7755450729706159,114.06505098965918,1e-15,0.02,PSF Fitting,0.052790039198649774,26.39501938526561,True,False,True
12_low_light_5_007,95374690,low_light,5.0,20.0,0.05083783537605657,0.7755450729706159,119.17147405212512,1e-15,0.02,Intensity-Weighted Centroid,0.17122075408274406,85.61037579234248,True,False,True
12_low_light_5_007,95374690,low_light,5.0,20.0,0.05083783537605657,0.7755450729706159,119.17147405212512,1e-15,0.02,Gaussian Fitting,0.06666937463473961,33.334687203341936,True,False,True
12_low_light_5_007,95374690,low_light,5.0,20.0,0.05083783537605657,0.7755450729706159,119.17147405212512,1e-15,0.02,PSF Fitting,0.06637097358279577,33.18548667771647,True,False,True
12_low_light_5_008,395042864,low_light,5.0,20.0,0.05083783537605657,0.7755450729706159,117.62291766762084,1e-15,0.02,Intensity-Weighted Centroid,0.5293298020526301,264.66489778011754,True,False,True
12_low_light_5_008,395042864,low_light,5.0,20.0,0.05083783537605657,0.7755450729706159,117.62291766762084,1e-15,0.02,Gaussian Fitting,0.026162899582184138,13.081449320460143,True,False,True
12_low_light_5_008,395042864,low_light,5.0,20.0,0.05083783537605657,0.7755450729706159,117.62291766762084,1e-15,0.02,PSF Fitting,0.025203184133643797,12.6015916030221,True,False,True
12_low_light_5_009,419408176,low_light,5.0,20.0,0.05083783537605657,0.7755450729706159,119.98092470483763,1e-15,0.02,Intensity-Weighted Centroid,0.3088558829513185,154.42794097598195,True,False,True
12_low_light_5_009,419408176,low_light,5.0,20.0,0.05083783537605657,0.7755450729706159,119.98092470483763,1e-15,0.02,Gaussian Fitting,0.038335729961057094,19.167864943188192,True,False,True
12_low_light_5_009,419408176,low_light,5.0,20.0,0.05083783537605657,0.7755450729706159,119.98092470483763,1e-15,0.02,PSF Fitting,0.038876857337222175,19.438428628810456,True,False,True
12_low_light_5_010,550545303,low_light,5.0,20.0,0.05083783537605657,0.7755450729706159,120.60539454541784,1e-15,0.02,Intensity-Weighted Centroid,0.042201132048193105,21.100565822110106,True,False,True
12_low_light_5_010,550545303,low_light,5.0,20.0,0.05083783537605657,0.7755450729706159,120.60539454541784,1e-15,0.02,Gaussian Fitting,0.025337021920307568,12.668510734002405,True,False,True
12_low_light_5_010,550545303,low_light,5.0,20.0,0.05083783537605657,0.7755450729706159,120.60539454541784,1e-15,0.02,PSF Fitting,0.027043266772095658,13.521633159939949,True,False,True
12_low_light_5_011,991454352,low_light,5.0,20.0,0.05083783537605657,0.7755450729706159,119.52963357366258,1e-15,0.02,Intensity-Weighted Centroid,0.34887580974862376,174.43790207359896,True,False,True
12_low_light_5_011,991454352,low_light,5.0,20.0,0.05083783537605657,0.7755450729706159,119.52963357366258,1e-15,0.02,Gaussian Fitting,0.08736022356595913,43.68011040446831,True,False,True
12_low_light_5_011,991454352,low_light,5.0,20.0,0.05083783537605657,0.7755450729706159,119.52963357366258,1e-15,0.02,PSF Fitting,0.0877353327105369,43.86766497271098,True,False,True
12_low_light_5_012,820769192,low_light,5.0,20.0,0.05083783537605657,0.7755450729706159,115.62342734936404,1e-15,0.02,Intensity-Weighted Centroid,0.2770094730861752,138.5047291162102,True,False,True
12_low_light_5_012,820769192,low_light,5.0,20.0,0.05083783537605657,0.7755450729706159,115.62342734936404,1e-15,0.02,Gaussian Fitting,0.04708408224227209,23.54203918612809,True,False,True
12_low_light_5_012,820769192,low_light,5.0,20.0,0.05083783537605657,0.7755450729706159,115.62342734936404,1e-15,0.02,PSF Fitting,0.047511994364295686,23.755995164225336,True,False,True
12_low_light_5_013,704405030,low_light,5.0,20.0,0.05083783537605657,0.7755450729706159,121.0603131182918,1e-15,0.02,Intensity-Weighted Centroid,0.18304528355944696,91.5226386538659,True,False,True
12_low_light_5_013,704405030,low_light,5.0,20.0,0.05083783537605657,0.7755450729706159,121.0603131182918,1e-15,0.02,Gaussian Fitting,0.031089102762427292,15.544551319648232,True,False,True
12_low_light_5_013,704405030,low_light,5.0,20.0,0.05083783537605657,0.7755450729706159,121.0603131182918,1e-15,0.02,PSF Fitting,0.03293871834065401,16.469359102224608,True,False,True
12_low_light_5_014,419850793,low_light,5.0,20.0,0.05083783537605657,0.7755450729706159,110.6600346212689,1e-15,0.02,Intensity-Weighted Centroid,0.3667439237543823,183.37195461203697,True,False,True
12_low_light_5_014,419850793,low_light,5.0,20.0,0.05083783537605657,0.7755450729706159,110.6600346212689,1e-15,0.02,Gaussian Fitting,0.05675429886970402,28.377148674953133,True,False,True
12_low_light_5_014,419850793,low_light,5.0,20.0,0.05083783537605657,0.7755450729706159,110.6600346212689,1e-15,0.02,PSF Fitting,0.05781370550452908,28.906851975843065,True,False,True
12_low_light_5_015,673748764,low_light,5.0,20.0,0.05083783537605657,0.7755450729706159,111.95458229265482,1e-15,0.02,Intensity-Weighted Centroid,0.16608492968015168,83.04246458304435,True,False,True
12_low_light_5_015,673748764,low_light,5.0,20.0,0.05083783537605657,0.7755450729706159,111.95458229265482,1e-15,0.02,Gaussian Fitting,0.007546731216497229,3.7733655927444993,True,False,True
12_low_light_5_015,673748764,low_light,5.0,20.0,0.05083783537605657,0.7755450729706159,111.95458229265482,1e-15,0.02,PSF Fitting,0.008343013353270718,4.171506660791859,True,False,True
12_low_light_5_016,864156279,low_light,5.0,20.0,0.05083783537605657,0.7755450729706159,118.97723265425566,1e-15,0.02,Intensity-Weighted Centroid,0.23530229979452832,117.65114707289757,True,False,True
12_low_light_5_016,864156279,low_light,5.0,20.0,0.05083783537605657,0.7755450729706159,118.97723265425566,1e-15,0.02,Gaussian Fitting,0.022290803449208946,11.145401523593092,True,False,True
12_low_light_5_016,864156279,low_light,5.0,20.0,0.05083783537605657,0.7755450729706159,118.97723265425566,1e-15,0.02,PSF Fitting,0.021824978165800583,10.912488901825832,True,False,True
12_low_light_5_017,690886859,low_light,5.0,20.0,0.05083783537605657,0.7755450729706159,115.13774796826092,1e-15,0.02,Intensity-Weighted Centroid,0.23002458285258853,115.01229125666993,True,False,True
12_low_light_5_017,690886859,low_light,5.0,20.0,0.05083783537605657,0.7755450729706159,115.13774796826092,1e-15,0.02,Gaussian Fitting,0.03798610267177616,18.99305124784706,True,False,True
12_low_light_5_017,690886859,low_light,5.0,20.0,0.05083783537605657,0.7755450729706159,115.13774796826092,1e-15,0.02,PSF Fitting,0.03889930169512989,19.449650757922868,True,False,True
12_low_light_5_018,579742155,low_light,5.0,20.0,0.05083783537605657,0.7755450729706159,117.02102329159555,1e-15,0.02,Intensity-Weighted Centroid,0.309240576935009,154.62028698024164,True,False,True
12_low_light_5_018,579742155,low_light,5.0,20.0,0.05083783537605657,0.7755450729706159,117.02102329159555,1e-15,0.02,Gaussian Fitting,0.016837435750026514,8.418717848912689,True,False,True
12_low_light_5_018,579742155,low_light,5.0,20.0,0.05083783537605657,0.7755450729706159,117.02102329159555,1e-15,0.02,PSF Fitting,0.01623734652444944,8.118673238376035,True,False,True
12_low_light_5_019,620130787,low_light,5.0,20.0,0.05083783537605657,0.7755450729706159,111.7930122090978,1e-15,0.02,Intensity-Weighted Centroid,0.04096917620195058,20.484588056725087,True,False,True
12_low_light_5_019,620130787,low_light,5.0,20.0,0.05083783537605657,0.7755450729706159,111.7930122090978,1e-15,0.02,Gaussian Fitting,0.009961776049022137,4.980888008062378,True,False,True
12_low_light_5_019,620130787,low_light,5.0,20.0,0.05083783537605657,0.7755450729706159,111.7930122090978,1e-15,0.02,PSF Fitting,0.00986038361727393,4.930191792761443,True,False,True
12_low_light_5_020,721588910,low_light,5.0,20.0,0.05083783537605657,0.7755450729706159,116.76880106153796,1e-15,0.02,Intensity-Weighted Centroid,0.10598635343909434,52.993176175597405,True,True,True
12_low_light_5_020,721588910,low_light,5.0,20.0,0.05083783537605657,0.7755450729706159,116.76880106153796,1e-15,0.02,Gaussian Fitting,0.022196978278661683,11.098488934738208,True,True,True
12_low_light_5_020,721588910,low_light,5.0,20.0,0.05083783537605657,0.7755450729706159,116.76880106153796,1e-15,0.02,PSF Fitting,0.021294680081856837,10.64733984485941,True,True,True
12_low_light_5_021,229809456,low_light,5.0,20.0,0.05083783537605657,0.7755450729706159,110.9990048460533,1e-15,0.02,Intensity-Weighted Centroid,0.18550239389973175,92.75119604594929,True,True,True
12_low_light_5_021,229809456,low_light,5.0,20.0,0.05083783537605657,0.7755450729706159,110.9990048460533,1e-15,0.02,Gaussian Fitting,0.02543388414944519,12.716942061904641,True,True,True
12_low_light_5_021,229809456,low_light,5.0,20.0,0.05083783537605657,0.7755450729706159,110.9990048460533,1e-15,0.02,PSF Fitting,0.02483922176386643,12.419610869792544,True,True,True
12_low_light_5_022,512240647,low_light,5.0,20.0,0.05083783537605657,0.7755450729706159,113.59677223516175,1e-15,0.02,Intensity-Weighted Centroid,0.23167842605249672,115.83921239799098,True,False,True
12_low_light_5_022,512240647,low_light,5.0,20.0,0.05083783537605657,0.7755450729706159,113.59677223516175,1e-15,0.02,Gaussian Fitting,0.02306002493830714,11.530012414579675,True,False,True
12_low_light_5_022,512240647,low_light,5.0,20.0,0.05083783537605657,0.7755450729706159,113.59677223516175,1e-15,0.02,PSF Fitting,0.023596307573115087,11.798153730797297,True,False,True
12_low_light_5_023,5517630,low_light,5.0,20.0,0.05083783537605657,0.7755450729706159,114.27755211573493,1e-15,0.02,Intensity-Weighted Centroid,0.09763042834354993,48.81521375835648,True,False,True
12_low_light_5_023,5517630,low_light,5.0,20.0,0.05083783537605657,0.7755450729706159,114.27755211573493,1e-15,0.02,Gaussian Fitting,0.008435084918379437,4.217542413573309,True,False,True
12_low_light_5_023,5517630,low_light,5.0,20.0,0.05083783537605657,0.7755450729706159,114.27755211573493,1e-15,0.02,PSF Fitting,0.007365440807158458,3.682720364501011,True,False,True
12_low_light_5_024,600733545,low_light,5.0,20.0,0.05083783537605657,0.7755450729706159,118.3384363437918,1e-15,0.02,Intensity-Weighted Centroid,0.6022024259185673,301.10114946027636,True,False,True
12_low_light_5_024,600733545,low_light,5.0,20.0,0.05083783537605657,0.7755450729706159,118.3384363437918,1e-15,0.02,Gaussian Fitting,0.042641086915160074,21.320542826841777,True,False,True
12_low_light_5_024,600733545,low_light,5.0,20.0,0.05083783537605657,0.7755450729706159,118.3384363437918,1e-15,0.02,PSF Fitting,0.041791485695931045,20.895742230196753,True,False,True
12_low_light_5_025,651961456,low_light,5.0,20.0,0.05083783537605657,0.7755450729706159,112.95162692488974,1e-15,0.02,Intensity-Weighted Centroid,0.07929951612101874,39.649757867144274,True,False,True
12_low_light_5_025,651961456,low_light,5.0,20.0,0.05083783537605657,0.7755450729706159,112.95162692488974,1e-15,0.02,Gaussian Fitting,0.034251274373200614,17.125637163175096,True,False,True
12_low_light_5_025,651961456,low_light,5.0,20.0,0.05083783537605657,0.7755450729706159,112.95162692488974,1e-15,0.02,PSF Fitting,0.03425596228085073,17.127981117026017,True,False,True
12_low_light_5_026,224222231,low_light,5.0,20.0,0.05083783537605657,0.7755450729706159,122.8973135263317,1e-15,0.02,Intensity-Weighted Centroid,0.0578398306464875,28.919915282348462,True,False,True
12_low_light_5_026,224222231,low_light,5.0,20.0,0.05083783537605657,0.7755450729706159,122.8973135263317,1e-15,0.02,Gaussian Fitting,0.03699026984228634,18.495134876452813,True,False,True
12_low_light_5_026,224222231,low_light,5.0,20.0,0.05083783537605657,0.7755450729706159,122.8973135263317,1e-15,0.02,PSF Fitting,0.03755207323547556,18.776036571373325,True,False,True
12_low_light_5_027,521494019,low_light,5.0,20.0,0.05083783537605657,0.7755450729706159,120.18726299803093,1e-15,0.02,Intensity-Weighted Centroid,0.44595548741906627,222.97774115556817,True,False,True
12_low_light_5_027,521494019,low_light,5.0,20.0,0.05083783537605657,0.7755450729706159,120.18726299803093,1e-15,0.02,Gaussian Fitting,0.0797743944265562,39.88719664802936,True,False,True
12_low_light_5_027,521494019,low_light,5.0,20.0,0.05083783537605657,0.7755450729706159,120.18726299803093,1e-15,0.02,PSF Fitting,0.08002248132251813,40.011240097467024,True,False,True
12_low_light_5_028,150526109,low_light,5.0,20.0,0.05083783537605657,0.7755450729706159,115.72935870311062,1e-15,0.02,Intensity-Weighted Centroid,0.11896985053790227,59.48492419942351,True,False,True
12_low_light_5_028,150526109,low_light,5.0,20.0,0.05083783537605657,0.7755450729706159,115.72935870311062,1e-15,0.02,Gaussian Fitting,0.04436510462000947,22.18255218401119,True,False,True
12_low_light_5_028,150526109,low_light,5.0,20.0,0.05083783537605657,0.7755450729706159,115.72935870311062,1e-15,0.02,PSF Fitting,0.044468258200118224,22.234128972954608,True,False,True
12_low_light_5_029,497806030,low_light,5.0,20.0,0.05083783537605657,0.7755450729706159,113.91813547605098,1e-15,0.02,Intensity-Weighted Centroid,0.20186304483788825,100.93152219609003,True,True,True
12_low_light_5_029,497806030,low_light,5.0,20.0,0.05083783537605657,0.7755450729706159,113.91813547605098,1e-15,0.02,Gaussian Fitting,0.060666816905142064,30.333408204028487,True,True,True
12_low_light_5_029,497806030,low_light,5.0,20.0,0.05083783537605657,0.7755450729706159,113.91813547605098,1e-15,0.02,PSF Fitting,0.06043799207433143,30.218995789771636,True,True,True
12_low_light_10_000,299196601,low_light,10.0,20.0,0.05083783537605657,0.6014701602089979,91.61570834032815,1e-15,0.02,Intensity-Weighted Centroid,0.2019313420974944,100.96567098649653,True,False,True
12_low_light_10_000,299196601,low_light,10.0,20.0,0.05083783537605657,0.6014701602089979,91.61570834032815,1e-15,0.02,Gaussian Fitting,0.03789557996872276,18.947789921818416,True,False,True
12_low_light_10_000,299196601,low_light,10.0,20.0,0.05083783537605657,0.6014701602089979,91.61570834032815,1e-15,0.02,PSF Fitting,0.03982468516604298,19.912342517566167,True,False,True
12_low_light_10_001,286982688,low_light,10.0,20.0,0.05083783537605657,0.6014701602089979,87.25949124793271,1e-15,0.02,Intensity-Weighted Centroid,0.05264156835185002,26.32078392801496,True,False,True
12_low_light_10_001,286982688,low_light,10.0,20.0,0.05083783537605657,0.6014701602089979,87.25949124793271,1e-15,0.02,Gaussian Fitting,0.06933220961880755,34.66610466140589,True,False,True
12_low_light_10_001,286982688,low_light,10.0,20.0,0.05083783537605657,0.6014701602089979,87.25949124793271,1e-15,0.02,PSF Fitting,0.06728578736369041,33.64289353202682,True,False,True
12_low_light_10_002,568130142,low_light,10.0,20.0,0.05083783537605657,0.6014701602089979,92.006336044304,1e-15,0.02,Intensity-Weighted Centroid,0.5012432858986551,250.62164056333037,True,False,True
12_low_light_10_002,568130142,low_light,10.0,20.0,0.05083783537605657,0.6014701602089979,92.006336044304,1e-15,0.02,Gaussian Fitting,0.07055327047699603,35.27663387707401,True,False,True
12_low_light_10_002,568130142,low_light,10.0,20.0,0.05083783537605657,0.6014701602089979,92.006336044304,1e-15,0.02,PSF Fitting,0.07103308028930287,35.516538771478714,True,False,True
12_low_light_10_003,139923985,low_light,10.0,20.0,0.05083783537605657,0.6014701602089979,88.93468234421228,1e-15,0.02,Intensity-Weighted Centroid,0.3857947672023972,192.89737825315038,True,True,True
12_low_light_10_003,139923985,low_light,10.0,20.0,0.05083783537605657,0.6014701602089979,88.93468234421228,1e-15,0.02,Gaussian Fitting,0.036870438423561205,18.43521874767466,True,True,True
12_low_light_10_003,139923985,low_light,10.0,20.0,0.05083783537605657,0.6014701602089979,88.93468234421228,1e-15,0.02,PSF Fitting,0.04487181794050792,22.435908197303746,True,True,True
12_low_light_10_004,923922699,low_light,10.0,20.0,0.05083783537605657,0.6014701602089979,89.65330278257674,1e-15,0.02,Intensity-Weighted Centroid,0.07941749228429253,39.70874593969616,True,False,True
12_low_light_10_004,923922699,low_light,10.0,20.0,0.05083783537605657,0.6014701602089979,89.65330278257674,1e-15,0.02,Gaussian Fitting,0.025636903152497885,12.818451539981071,True,False,True
12_low_light_10_004,923922699,low_light,10.0,20.0,0.05083783537605657,0.6014701602089979,89.65330278257674,1e-15,0.02,PSF Fitting,0.02669766727256147,13.348833601956022,True,False,True
12_low_light_10_005,886151035,low_light,10.0,20.0,0.05083783537605657,0.6014701602089979,91.34355563664391,1e-15,0.02,Intensity-Weighted Centroid,0.2744043084344294,137.2021538613747,True,True,True
12_low_light_10_005,886151035,low_light,10.0,20.0,0.05083783537605657,0.6014701602089979,91.34355563664391,1e-15,0.02,Gaussian Fitting,0.0829437262119173,41.47186304462902,True,True,True
12_low_light_10_005,886151035,low_light,10.0,20.0,0.05083783537605657,0.6014701602089979,91.34355563664391,1e-15,0.02,PSF Fitting,0.08228074731667072,41.14037359719024,True,True,True
12_low_light_10_006,61533444,low_light,10.0,20.0,0.05083783537605657,0.6014701602089979,87.06157754914756,1e-15,0.02,Intensity-Weighted Centroid,0.1591057297185726,79.55286385290584,True,False,True
12_low_light_10_006,61533444,low_light,10.0,20.0,0.05083783537605657,0.6014701602089979,87.06157754914756,1e-15,0.02,Gaussian Fitting,0.036626762762720526,18.313381250793075,True,False,True
12_low_light_10_006,61533444,low_light,10.0,20.0,0.05083783537605657,0.6014701602089979,87.06157754914756,1e-15,0.02,PSF Fitting,0.03637267118057271,18.186335461295855,True,False,True
12_low_light_10_007,474526979,low_light,10.0,20.0,0.05083783537605657,0.6014701602089979,86.0551505371821,1e-15,0.02,Intensity-Weighted Centroid,0.06171682149123316,30.858410221370864,True,False,True
12_low_light_10_007,474526979,low_light,10.0,20.0,0.05083783537605657,0.6014701602089979,86.0551505371821,1e-15,0.02,Gaussian Fitting,0.03715456210802785,18.5772807770815,True,False,True
12_low_light_10_007,474526979,low_light,10.0,20.0,0.05083783537605657,0.6014701602089979,86.0551505371821,1e-15,0.02,PSF Fitting,0.03324498108398681,16.622490302250288,True,False,True
12_low_light_10_008,11615257,low_light,10.0,20.0,0.05083783537605657,0.6014701602089979,88.71582240554783,1e-15,0.02,Intensity-Weighted Centroid,0.27302316691604256,136.51158123599077,True,False,True
12_low_light_10_008,11615257,low_light,10.0,20.0,0.05083783537605657,0.6014701602089979,88.71582240554783,1e-15,0.02,Gaussian Fitting,0.07137186674254435,35.685932833243626,True,False,True
12_low_light_10_008,11615257,low_light,10.0,20.0,0.05083783537605657,0.6014701602089979,88.71582240554783,1e-15,0.02,PSF Fitting,0.07141013155184567,35.70506522734083,True,False,True
12_low_light_10_009,376092609,low_light,10.0,20.0,0.05083783537605657,0.6014701602089979,89.96358216624674,1e-15,0.02,Intensity-Weighted Centroid,0.22009749204283247,110.04873567014201,True,False,True
12_low_light_10_009,376092609,low_light,10.0,20.0,0.05083783537605657,0.6014701602089979,89.96358216624674,1e-15,0.02,Gaussian Fitting,0.05819730015326688,29.098648838141237,True,False,True
12_low_light_10_009,376092609,low_light,10.0,20.0,0.05083783537605657,0.6014701602089979,89.96358216624674,1e-15,0.02,PSF Fitting,0.059103810366287354,29.55190394145157,True,False,True
12_low_light_10_010,259132903,low_light,10.0,20.0,0.05083783537605657,0.6014701602089979,89.29850823257769,1e-15,0.02,Intensity-Weighted Centroid,0.239852380432924,119.92618923373249,True,True,True
12_low_light_10_010,259132903,low_light,10.0,20.0,0.05083783537605657,0.6014701602089979,89.29850823257769,1e-15,0.02,Gaussian Fitting,0.0778146791655609,38.907339073849684,True,True,True
12_low_light_10_010,259132903,low_light,10.0,20.0,0.05083783537605657,0.6014701602089979,89.29850823257769,1e-15,0.02,PSF Fitting,0.07589161342294837,37.94580621486912,True,True,True
12_low_light_10_011,98152846,low_light,10.0,20.0,0.05083783537605657,0.6014701602089979,92.50207781434395,1e-15,0.02,Intensity-Weighted Centroid,0.3167484882776651,158.37424357480634,True,False,True
12_low_light_10_011,98152846,low_light,10.0,20.0,0.05083783537605657,0.6014701602089979,92.50207781434395,1e-15,0.02,Gaussian Fitting,0.02698965875580061,13.49482921360104,True,False,True
12_low_light_10_011,98152846,low_light,10.0,20.0,0.05083783537605657,0.6014701602089979,92.50207781434395,1e-15,0.02,PSF Fitting,0.026586031528446612,13.293015599574156,True,False,True
12_low_light_10_012,143921191,low_light,10.0,20.0,0.05083783537605657,0.6014701602089979,89.52364725638054,1e-15,0.02,Intensity-Weighted Centroid,0.37694861465827645,188.4743045994617,True,True,True
12_low_light_10_012,143921191,low_light,10.0,20.0,0.05083783537605657,0.6014701602089979,89.52364725638054,1e-15,0.02,Gaussian Fitting,0.09071123679980289,45.355615033961804,True,True,True
12_low_light_10_012,143921191,low_light,10.0,20.0,0.05083783537605657,0.6014701602089979,89.52364725638054,1e-15,0.02,PSF Fitting,0.0921187236590597,46.059358454015545,True,True,True
12_low_light_10_013,605526611,low_light,10.0,20.0,0.05083783537605657,0.6014701602089979,89.45177268769413,1e-15,0.02,Intensity-Weighted Centroid,0.41101880192815005,205.50939613227294,True,False,True
12_low_light_10_013,605526611,low_light,10.0,20.0,0.05083783537605657,0.6014701602089979,89.45177268769413,1e-15,0.02,Gaussian Fitting,0.01775787319612198,8.878936139204518,True,False,True
12_low_light_10_013,605526611,low_light,10.0,20.0,0.05083783537605657,0.6014701602089979,89.45177268769413,1e-15,0.02,PSF Fitting,0.017805357741957715,8.902678418553414,True,False,True
12_low_light_10_014,362389930,low_light,10.0,20.0,0.05083783537605657,0.6014701602089979,92.0809614778063,1e-15,0.02,Intensity-Weighted Centroid,0.2319309282423323,115.96546337363544,True,False,True
12_low_light_10_014,362389930,low_light,10.0,20.0,0.05083783537605657,0.6014701602089979,92.0809614778063,1e-15,0.02,Gaussian Fitting,0.02483189745282355,12.415948650690327,True,False,True
12_low_light_10_014,362389930,low_light,10.0,20.0,0.05083783537605657,0.6014701602089979,92.0809614778063,1e-15,0.02,PSF Fitting,0.024585358333524196,12.292679091611863,True,False,True
12_low_light_10_015,436885361,low_light,10.0,20.0,0.05083783537605657,0.6014701602089979,91.83861374809008,1e-15,0.02,Intensity-Weighted Centroid,0.18430391410693736,92.15195601537708,True,True,True
12_low_light_10_015,436885361,low_light,10.0,20.0,0.05083783537605657,0.6014701602089979,91.83861374809008,1e-15,0.02,Gaussian Fitting,0.040114583335025655,20.057291023438356,True,True,True
12_low_light_10_015,436885361,low_light,10.0,20.0,0.05083783537605657,0.6014701602089979,91.83861374809008,1e-15,0.02,PSF Fitting,0.04316427236347155,21.582135506682434,True,True,True
12_low_light_10_016,841338826,low_light,10.0,20.0,0.05083783537605657,0.6014701602089979,85.82496077571956,1e-15,0.02,Intensity-Weighted Centroid,0.6541652780667447,327.0826213459018,True,False,True
12_low_light_10_016,841338826,low_light,10.0,20.0,0.05083783537605657,0.6014701602089979,85.82496077571956,1e-15,0.02,Gaussian Fitting,0.08002471646573608,40.012357043951944,True,False,True
12_low_light_10_016,841338826,low_light,10.0,20.0,0.05083783537605657,0.6014701602089979,85.82496077571956,1e-15,0.02,PSF Fitting,0.07977936784045099,39.889682696798666,True,False,True
12_low_light_10_017,323352839,low_light,10.0,20.0,0.05083783537605657,0.6014701602089979,92.4655846203352,1e-15,0.02,Intensity-Weighted Centroid,0.38030282628317,190.1514122160349,True,False,True
12_low_light_10_017,323352839,low_light,10.0,20.0,0.05083783537605657,0.6014701602089979,92.4655846203352,1e-15,0.02,Gaussian Fitting,0.05344569536974356,26.72284758193866,True,False,True
12_low_light_10_017,323352839,low_light,10.0,20.0,0.05083783537605657,0.6014701602089979,92.4655846203352,1e-15,0.02,PSF Fitting,0.05315171017853991,26.57585498950111,True,False,True
12_low_light_10_018,199262854,low_light,10.0,20.0,0.05083783537605657,0.6014701602089979,88.38819309485899,1e-15,0.02,Intensity-Weighted Centroid,0.23344887967721575,116.7244384810152,True,False,True
12_low_light_10_018,199262854,low_light,10.0,20.0,0.05083783537605657,0.6014701602089979,88.38819309485899,1e-15,0.02,Gaussian Fitting,0.019995765412600394,9.997882512086527,True,False,True
12_low_light_10_018,199262854,low_light,10.0,20.0,0.05083783537605657,0.6014701602089979,88.38819309485899,1e-15,0.02,PSF Fitting,0.022186695305886097,11.093347440137062,True,False,True
12_low_light_10_019,998840208,low_light,10.0,20.0,0.05083783537605657,0.6014701602089979,89.16378473991938,1e-15,0.02,Intensity-Weighted Centroid,0.2869114799689975,143.45573909835326,True,False,True
12_low_light_10_019,998840208,low_light,10.0,20.0,0.05083783537605657,0.6014701602089979,89.16378473991938,1e-15,0.02,Gaussian Fitting,0.0889329377652392,44.46646886799723,True,False,True
12_low_light_10_019,998840208,low_light,10.0,20.0,0.05083783537605657,0.6014701602089979,89.16378473991938,1e-15,0.02,PSF Fitting,0.08844921160413917,44.224605787051324,True,False,True
12_low_light_10_020,147511608,low_light,10.0,20.0,0.05083783537605657,0.6014701602089979,88.00164564980969,1e-15,0.02,Intensity-Weighted Centroid,0.4421395807342878,221.06977199509086,True,False,True
12_low_light_10_020,147511608,low_light,10.0,20.0,0.05083783537605657,0.6014701602089979,88.00164564980969,1e-15,0.02,Gaussian Fitting,0.07318878141527664,36.59438841502193,True,False,True
12_low_light_10_020,147511608,low_light,10.0,20.0,0.05083783537605657,0.6014701602089979,88.00164564980969,1e-15,0.02,PSF Fitting,0.07305231785368735,36.52615668090239,True,False,True
12_low_light_10_021,760906777,low_light,10.0,20.0,0.05083783537605657,0.6014701602089979,91.70463603007025,1e-15,0.02,Intensity-Weighted Centroid,0.5961372271156664,298.06860671508275,True,False,True
12_low_light_10_021,760906777,low_light,10.0,20.0,0.05083783537605657,0.6014701602089979,91.70463603007025,1e-15,0.02,Gaussian Fitting,0.04665954284775291,23.329771398927107,True,False,True
12_low_light_10_021,760906777,low_light,10.0,20.0,0.05083783537605657,0.6014701602089979,91.70463603007025,1e-15,0.02,PSF Fitting,0.046164076232925476,23.082038091861207,True,False,True
12_low_light_10_022,895170945,low_light,10.0,20.0,0.05083783537605657,0.6014701602089979,92.80514288107322,1e-15,0.02,Intensity-Weighted Centroid,0.22773907345511654,113.86953633683022,True,False,True
12_low_light_10_022,895170945,low_light,10.0,20.0,0.05083783537605657,0.6014701602089979,92.80514288107322,1e-15,0.02,Gaussian Fitting,0.05024118305342013,25.120591431961785,True,False,True
12_low_light_10_022,895170945,low_light,10.0,20.0,0.05083783537605657,0.6014701602089979,92.80514288107322,1e-15,0.02,PSF Fitting,0.05063474303505568,25.31737143468492,True,False,True
12_low_light_10_023,568731070,low_light,10.0,20.0,0.05083783537605657,0.6014701602089979,91.94734064773031,1e-15,0.02,Intensity-Weighted Centroid,0.2520740112940981,126.03700472939308,True,False,True
12_low_light_10_023,568731070,low_light,10.0,20.0,0.05083783537605657,0.6014701602089979,91.94734064773031,1e-15,0.02,Gaussian Fitting,0.0802921599666767,40.146079113898914,True,False,True
12_low_light_10_023,568731070,low_light,10.0,20.0,0.05083783537605657,0.6014701602089979,91.94734064773031,1e-15,0.02,PSF Fitting,0.07800073818260214,39.000368206501214,True,False,True
12_low_light_10_024,985541928,low_light,10.0,20.0,0.05083783537605657,0.6014701602089979,87.4259907492805,1e-15,0.02,Intensity-Weighted Centroid,0.21153365189413495,105.76682284475864,True,False,True
12_low_light_10_024,985541928,low_light,10.0,20.0,0.05083783537605657,0.6014701602089979,87.4259907492805,1e-15,0.02,Gaussian Fitting,0.09172659705333766,45.86329688608437,True,False,True
12_low_light_10_024,985541928,low_light,10.0,20.0,0.05083783537605657,0.6014701602089979,87.4259907492805,1e-15,0.02,PSF Fitting,0.08929332470438177,44.646660680582535,True,False,True
12_low_light_10_025,191870921,low_light,10.0,20.0,0.05083783537605657,0.6014701602089979,90.64517631701497,1e-15,0.02,Intensity-Weighted Centroid,0.1965087055697648,98.25435253601535,True,False,True
12_low_light_10_025,191870921,low_light,10.0,20.0,0.05083783537605657,0.6014701602089979,90.64517631701497,1e-15,0.02,Gaussian Fitting,0.0046841718751131,2.3420859209598373,True,False,True
12_low_light_10_025,191870921,low_light,10.0,20.0,0.05083783537605657,0.6014701602089979,90.64517631701497,1e-15,0.02,PSF Fitting,0.006122200762359128,3.061100360064879,True,False,True
12_low_light_10_026,395462788,low_light,10.0,20.0,0.05083783537605657,0.6014701602089979,91.25621005308307,1e-15,0.02,Intensity-Weighted Centroid,0.33995230614489524,169.97613823704285,True,False,True
12_low_light_10_026,395462788,low_light,10.0,20.0,0.05083783537605657,0.6014701602089979,91.25621005308307,1e-15,0.02,Gaussian Fitting,0.09356620062526283,46.783098496666575,True,False,True
12_low_light_10_026,395462788,low_light,10.0,20.0,0.05083783537605657,0.6014701602089979,91.25621005308307,1e-15,0.02,PSF Fitting,0.09390622401779956,46.95311017774305,True,False,True
12_low_light_10_027,732565440,low_light,10.0,20.0,0.05083783537605657,0.6014701602089979,91.12309860835114,1e-15,0.02,Intensity-Weighted Centroid,0.1325800646567189,66.29003161717597,True,False,True
12_low_light_10_027,732565440,low_light,10.0,20.0,0.05083783537605657,0.6014701602089979,91.12309860835114,1e-15,0.02,Gaussian Fitting,0.058578571722551424,29.289285208557235,True,False,True
12_low_light_10_027,732565440,low_light,10.0,20.0,0.05083783537605657,0.6014701602089979,91.12309860835114,1e-15,0.02,PSF Fitting,0.06004531531406819,30.022656987944714,True,False,True
12_low_light_10_028,478681220,low_light,10.0,20.0,0.05083783537605657,0.6014701602089979,90.04737459348769,1e-15,0.02,Intensity-Weighted Centroid,0.20288706378200913,101.44353150926437,True,False,True
12_low_light_10_028,478681220,low_light,10.0,20.0,0.05083783537605657,0.6014701602089979,90.04737459348769,1e-15,0.02,Gaussian Fitting,0.045655022054446534,22.82751079606846,True,False,True
12_low_light_10_028,478681220,low_light,10.0,20.0,0.05083783537605657,0.6014701602089979,90.04737459348769,1e-15,0.02,PSF Fitting,0.046046388214479,23.023193875103562,True,False,True
12_low_light_10_029,791841938,low_light,10.0,20.0,0.05083783537605657,0.6014701602089979,93.07893410922198,1e-15,0.02,Intensity-Weighted Centroid,0.12565803309744086,62.829015435318055,True,False,True
12_low_light_10_029,791841938,low_light,10.0,20.0,0.05083783537605657,0.6014701602089979,93.07893410922198,1e-15,0.02,Gaussian Fitting,0.10182770805357699,50.91385320659883,True,False,True
12_low_light_10_029,791841938,low_light,10.0,20.0,0.05083783537605657,0.6014701602089979,93.07893410922198,1e-15,0.02,PSF Fitting,0.10057721265552819,50.288605521927146,True,False,True
12_low_light_15_000,341640967,low_light,15.0,20.0,0.05083783537605657,0.4664672192889353,70.88799522424141,1e-15,0.02,Intensity-Weighted Centroid,0.276678244869038,138.3391221218781,True,False,True
12_low_light_15_000,341640967,low_light,15.0,20.0,0.05083783537605657,0.4664672192889353,70.88799522424141,1e-15,0.02,Gaussian Fitting,0.08314558874022084,41.572794080685604,True,False,True
12_low_light_15_000,341640967,low_light,15.0,20.0,0.05083783537605657,0.4664672192889353,70.88799522424141,1e-15,0.02,PSF Fitting,0.08258673512939356,41.293367262738776,True,False,True
12_low_light_15_001,34311574,low_light,15.0,20.0,0.05083783537605657,0.4664672192889353,70.78232607047012,1e-15,0.02,Intensity-Weighted Centroid,0.07094263907056951,35.47131924224965,True,False,True
12_low_light_15_001,34311574,low_light,15.0,20.0,0.05083783537605657,0.4664672192889353,70.78232607047012,1e-15,0.02,Gaussian Fitting,0.07276002309322704,36.380011367252955,True,False,True
12_low_light_15_001,34311574,low_light,15.0,20.0,0.05083783537605657,0.4664672192889353,70.78232607047012,1e-15,0.02,PSF Fitting,0.07284747373870877,36.423736693868825,True,False,True
12_low_light_15_002,899310595,low_light,15.0,20.0,0.05083783537605657,0.4664672192889353,65.44226784054221,1e-15,0.02,Intensity-Weighted Centroid,0.2340857953862024,117.04289650458014,True,False,True
12_low_light_15_002,899310595,low_light,15.0,20.0,0.05083783537605657,0.4664672192889353,65.44226784054221,1e-15,0.02,Gaussian Fitting,0.04861085681200663,24.305427937315173,True,False,True
12_low_light_15_002,899310595,low_light,15.0,20.0,0.05083783537605657,0.4664672192889353,65.44226784054221,1e-15,0.02,PSF Fitting,0.043949045388577114,21.97452225794875,True,False,True
12_low_light_15_003,679370796,low_light,15.0,20.0,0.05083783537605657,0.4664672192889353,68.78801511984501,1e-15,0.02,Intensity-Weighted Centroid,0.206048379104908,103.02418860689167,True,False,True
12_low_light_15_003,679370796,low_light,15.0,20.0,0.05083783537605657,0.4664672192889353,68.78801511984501,1e-15,0.02,Gaussian Fitting,0.01272300794087889,6.361503922900241,True,False,True
12_low_light_15_003,679370796,low_light,15.0,20.0,0.05083783537605657,0.4664672192889353,68.78801511984501,1e-15,0.02,PSF Fitting,0.01451087810364483,7.255438995708448,True,False,True
12_low_light_15_004,556538399,low_light,15.0,20.0,0.05083783537605657,0.4664672192889353,73.96186001367809,1e-15,0.02,Intensity-Weighted Centroid,0.4599320105954469,229.9660035377334,True,False,True
12_low_light_15_004,556538399,low_light,15.0,20.0,0.05083783537605657,0.4664672192889353,73.96186001367809,1e-15,0.02,Gaussian Fitting,0.07452084693082027,37.260422291011466,True,False,True
12_low_light_15_004,556538399,low_light,15.0,20.0,0.05083783537605657,0.4664672192889353,73.96186001367809,1e-15,0.02,PSF Fitting,0.0754017015881334,37.700849602796524,True,False,True
12_low_light_15_005,397884125,low_light,15.0,20.0,0.05083783537605657,0.4664672192889353,70.15026540169221,1e-15,0.02,Intensity-Weighted Centroid,0.18257414265196822,91.28707095060612,True,False,True
12_low_light_15_005,397884125,low_light,15.0,20.0,0.05083783537605657,0.4664672192889353,70.15026540169221,1e-15,0.02,Gaussian Fitting,0.0458107822651495,22.905390993289025,True,False,True
12_low_light_15_005,397884125,low_light,15.0,20.0,0.05083783537605657,0.4664672192889353,70.15026540169221,1e-15,0.02,PSF Fitting,0.04606016770775213,23.03008371405928,True,False,True
12_low_light_15_006,498022665,low_light,15.0,20.0,0.05083783537605657,0.4664672192889353,71.03426740062649,1e-15,0.02,Intensity-Weighted Centroid,0.2500313233364616,125.01566077348456,True,False,True
12_low_light_15_006,498022665,low_light,15.0,20.0,0.05083783537605657,0.4664672192889353,71.03426740062649,1e-15,0.02,Gaussian Fitting,0.20977394303111435,104.8869713579817,True,False,True
12_low_light_15_006,498022665,low_light,15.0,20.0,0.05083783537605657,0.4664672192889353,71.03426740062649,1e-15,0.02,PSF Fitting,0.2046363211691637,102.31816044301982,True,False,True
12_low_light_15_007,720871634,low_light,15.0,20.0,0.05083783537605657,0.4664672192889353,70.97881318995935,1e-15,0.02,Intensity-Weighted Centroid,0.17665821908678653,88.32910837282033,True,False,True
12_low_light_15_007,720871634,low_light,15.0,20.0,0.05083783537605657,0.4664672192889353,70.97881318995935,1e-15,0.02,Gaussian Fitting,0.024130351585459467,12.065175702805842,True,False,True
12_low_light_15_007,720871634,low_light,15.0,20.0,0.05083783537605657,0.4664672192889353,70.97881318995935,1e-15,0.02,PSF Fitting,0.02483382577623248,12.416912791476053,True,False,True
12_low_light_15_008,707913418,low_light,15.0,20.0,0.05083783537605657,0.4664672192889353,67.70153042755238,1e-15,0.02,Intensity-Weighted Centroid,0.30644794991431495,153.22397158719173,True,False,True
12_low_light_15_008,707913418,low_light,15.0,20.0,0.05083783537605657,0.4664672192889353,67.70153042755238,1e-15,0.02,Gaussian Fitting,0.04755931628412595,23.77965786966508,True,False,True
12_low_light_15_008,707913418,low_light,15.0,20.0,0.05083783537605657,0.4664672192889353,67.70153042755238,1e-15,0.02,PSF Fitting,0.04829745983548611,24.14872964331464,True,False,True
12_low_light_15_009,186639723,low_light,15.0,20.0,0.05083783537605657,0.4664672192889353,68.86853766377688,1e-15,0.02,Intensity-Weighted Centroid,0.47098831112783457,235.49415051527012,True,False,True
12_low_light_15_009,186639723,low_light,15.0,20.0,0.05083783537605657,0.4664672192889353,68.86853766377688,1e-15,0.02,Gaussian Fitting,0.03816401945313457,19.082009682734153,True,False,True
12_low_light_15_009,186639723,low_light,15.0,20.0,0.05083783537605657,0.4664672192889353,68.86853766377688,1e-15,0.02,PSF Fitting,0.032985927594965506,16.49296375736194,True,False,True
12_low_light_15_010,747099130,low_light,15.0,20.0,0.05083783537605657,0.4664672192889353,67.54605050221376,1e-15,0.02,Intensity-Weighted Centroid,0.1413301422798183,70.66506970151488,True,False,True
12_low_light_15_010,747099130,low_light,15.0,20.0,0.05083783537605657,0.4664672192889353,67.54605050221376,1e-15,0.02,Gaussian Fitting,0.004720016516874271,2.3600081845057375,True,False,True
12_low_light_15_010,747099130,low_light,15.0,20.0,0.05083783537605657,0.4664672192889353,67.54605050221376,1e-15,0.02,PSF Fitting,0.0032608926561240926,1.6304462782670477,True,False,True
12_low_light_15_011,290388109,low_light,15.0,20.0,0.05083783537605657,0.4664672192889353,67.35547038679911,1e-15,0.02,Intensity-Weighted Centroid,0.4087560944706044,204.37801919886584,True,False,True
12_low_light_15_011,290388109,low_light,15.0,20.0,0.05083783537605657,0.4664672192889353,67.35547038679911,1e-15,0.02,Gaussian Fitting,0.06229289415050168,31.146444927921035,True,False,True
12_low_light_15_011,290388109,low_light,15.0,20.0,0.05083783537605657,0.4664672192889353,67.35547038679911,1e-15,0.02,PSF Fitting,0.07029972538959187,35.149860572164386,True,False,True
12_low_light_15_012,401824380,low_light,15.0,20.0,0.05083783537605657,0.4664672192889353,73.70054040644789,1e-15,0.02,Intensity-Weighted Centroid,0.12694845142863714,63.474225002724104,True,False,True
12_low_light_15_012,401824380,low_light,15.0,20.0,0.05083783537605657,0.4664672192889353,73.70054040644789,1e-15,0.02,Gaussian Fitting,0.03970937063310907,19.854685260455422,True,False,True
12_low_light_15_012,401824380,low_light,15.0,20.0,0.05083783537605657,0.4664672192889353,73.70054040644789,1e-15,0.02,PSF Fitting,0.04029525335957183,20.147626621854478,True,False,True
12_low_light_15_013,452431303,low_light,15.0,20.0,0.05083783537605657,0.4664672192889353,67.84209033662245,1e-15,0.02,Intensity-Weighted Centroid,0.3175397411656548,158.76986970630432,True,False,True
12_low_light_15_013,452431303,low_light,15.0,20.0,0.05083783537605657,0.4664672192889353,67.84209033662245,1e-15,0.02,Gaussian Fitting,0.07407948723190451,37.039743108651344,True,False,True
12_low_light_15_013,452431303,low_light,15.0,20.0,0.05083783537605657,0.4664672192889353,67.84209033662245,1e-15,0.02,PSF Fitting,0.07372699296090278,36.86349597613726,True,False,True
12_low_light_15_014,441932738,low_light,15.0,20.0,0.05083783537605657,0.4664672192889353,69.89965827646847,1e-15,0.02,Intensity-Weighted Centroid,0.4666903141555311,233.3451500936327,True,False,True
12_low_light_15_014,441932738,low_light,15.0,20.0,0.05083783537605657,0.4664672192889353,69.89965827646847,1e-15,0.02,Gaussian Fitting,0.08738918241134327,43.69458866432246,True,False,True
12_low_light_15_014,441932738,low_light,15.0,20.0,0.05083783537605657,0.4664672192889353,69.89965827646847,1e-15,0.02,PSF Fitting,0.0934234190448147,46.71170682369101,True,False,True
12_low_light_15_015,538406659,low_light,15.0,20.0,0.05083783537605657,0.4664672192889353,68.40817960520971,1e-15,0.02,Intensity-Weighted Centroid,0.1502335798685389,75.11678863177985,True,False,True
12_low_light_15_015,538406659,low_light,15.0,20.0,0.05083783537605657,0.4664672192889353,68.40817960520971,1e-15,0.02,Gaussian Fitting,0.07358536679641006,36.792683299463675,True,False,True
12_low_light_15_015,538406659,low_light,15.0,20.0,0.05083783537605657,0.4664672192889353,68.40817960520971,1e-15,0.02,PSF Fitting,0.07337820680356946,36.689103307135,True,False,True
12_low_light_15_016,693540248,low_light,15.0,20.0,0.05083783537605657,0.4664672192889353,67.88017721837132,1e-15,0.02,Intensity-Weighted Centroid,0.2783706221844414,139.1853104379814,True,False,True
12_low_light_15_016,693540248,low_light,15.0,20.0,0.05083783537605657,0.4664672192889353,67.88017721837132,1e-15,0.02,Gaussian Fitting,0.04563794111965609,22.81897042373882,True,False,True
12_low_light_15_016,693540248,low_light,15.0,20.0,0.05083783537605657,0.4664672192889353,67.88017721837132,1e-15,0.02,PSF Fitting,0.045685340764997584,22.842670244832767,True,False,True
12_low_light_15_017,876284312,low_light,15.0,20.0,0.05083783537605657,0.4664672192889353,69.304348171711,1e-15,0.02,Intensity-Weighted Centroid,0.1799201679048239,89.96008258583137,True,False,True
12_low_light_15_017,876284312,low_light,15.0,20.0,0.05083783537605657,0.4664672192889353,69.304348171711,1e-15,0.02,Gaussian Fitting,0.12124154962857514,60.620772361970424,True,False,True
12_low_light_15_017,876284312,low_light,15.0,20.0,0.05083783537605657,0.4664672192889353,69.304348171711,1e-15,0.02,PSF Fitting,0.12036671071712646,60.18335295433725,True,False,True
12_low_light_15_018,908040906,low_light,15.0,20.0,0.05083783537605657,0.4664672192889353,71.414974950296,1e-15,0.02,Intensity-Weighted Centroid,0.29927014927590595,149.63507166513347,True,True,True
12_low_light_15_018,908040906,low_light,15.0,20.0,0.05083783537605657,0.4664672192889353,71.414974950296,1e-15,0.02,Gaussian Fitting,0.036174922897444825,18.087461165230344,True,True,True
12_low_light_15_018,908040906,low_light,15.0,20.0,0.05083783537605657,0.4664672192889353,71.414974950296,1e-15,0.02,PSF Fitting,0.040509271221809307,20.254635299649493,True,True,True
12_low_light_15_019,134855713,low_light,15.0,20.0,0.05083783537605657,0.4664672192889353,71.05682071191465,1e-15,0.02,Intensity-Weighted Centroid,0.5493480931000367,274.6740395276883,True,False,True
12_low_light_15_019,134855713,low_light,15.0,20.0,0.05083783537605657,0.4664672192889353,71.05682071191465,1e-15,0.02,Gaussian Fitting,0.1484999666564032,74.24998209133965,True,False,True
12_low_light_15_019,134855713,low_light,15.0,20.0,0.05083783537605657,0.4664672192889353,71.05682071191465,1e-15,0.02,PSF Fitting,0.14587442192042263,72.93720976298606,True,False,True
12_low_light_15_020,820145260,low_light,15.0,20.0,0.05083783537605657,0.4664672192889353,71.11632751023281,1e-15,0.02,Intensity-Weighted Centroid,0.4552455829625727,227.62279057461845,True,False,True
12_low_light_15_020,820145260,low_light,15.0,20.0,0.05083783537605657,0.4664672192889353,71.11632751023281,1e-15,0.02,Gaussian Fitting,0.04902488159497621,24.512440370339164,True,False,True
12_low_light_15_020,820145260,low_light,15.0,20.0,0.05083783537605657,0.4664672192889353,71.11632751023281,1e-15,0.02,PSF Fitting,0.046352168911955115,23.176084054514693,True,False,True
12_low_light_15_021,46953980,low_light,15.0,20.0,0.05083783537605657,0.4664672192889353,70.76148571199421,1e-15,0.02,Intensity-Weighted Centroid,0.2805583128127764,140.2791554443536,True,False,True
12_low_light_15_021,46953980,low_light,15.0,20.0,0.05083783537605657,0.4664672192889353,70.76148571199421,1e-15,0.02,Gaussian Fitting,0.03486151308995661,17.43075623827798,True,False,True
12_low_light_15_021,46953980,low_light,15.0,20.0,0.05083783537605657,0.4664672192889353,70.76148571199421,1e-15,0.02,PSF Fitting,0.035691688057760164,17.845843715062646,True,False,True
12_low_light_15_022,147018637,low_light,15.0,20.0,0.05083783537605657,0.4664672192889353,66.13005423226043,1e-15,0.02,Intensity-Weighted Centroid,0.23616050221726995,118.08024894924708,True,False,True
12_low_light_15_022,147018637,low_light,15.0,20.0,0.05083783537605657,0.4664672192889353,66.13005423226043,1e-15,0.02,Gaussian Fitting,0.057170465317842534,28.585232447959125,True,False,True
12_low_light_15_022,147018637,low_light,15.0,20.0,0.05083783537605657,0.4664672192889353,66.13005423226043,1e-15,0.02,PSF Fitting,0.05812994861767534,29.06497409453639,True,False,True
12_low_light_15_023,341451490,low_light,15.0,20.0,0.05083783537605657,0.4664672192889353,67.38026481431098,1e-15,0.02,Intensity-Weighted Centroid,0.5890778515563705,294.53891736396054,True,False,True
12_low_light_15_023,341451490,low_light,15.0,20.0,0.05083783537605657,0.4664672192889353,67.38026481431098,1e-15,0.02,Gaussian Fitting,0.033708473779688414,16.854236885754105,True,False,True
12_low_light_15_023,341451490,low_light,15.0,20.0,0.05083783537605657,0.4664672192889353,67.38026481431098,1e-15,0.02,PSF Fitting,0.02981721028736941,14.908605140633387,True,False,True
12_low_light_15_024,976330941,low_light,15.0,20.0,0.05083783537605657,0.4664672192889353,66.51141968172779,1e-15,0.02,Intensity-Weighted Centroid,0.5070916170859296,253.5458044047341,True,False,True
12_low_light_15_024,976330941,low_light,15.0,20.0,0.05083783537605657,0.4664672192889353,66.51141968172779,1e-15,0.02,Gaussian Fitting,0.018592329660167016,9.29616479099904,True,False,True
12_low_light_15_024,976330941,low_light,15.0,20.0,0.05083783537605657,0.4664672192889353,66.51141968172779,1e-15,0.02,PSF Fitting,0.01797927438731102,8.989637156551456,True,False,True
12_low_light_15_025,171818024,low_light,15.0,20.0,0.05083783537605657,0.4664672192889353,67.75420132615456,1e-15,0.02,Intensity-Weighted Centroid,0.5435849757413642,271.7924864210808,True,False,True
12_low_light_15_025,171818024,low_light,15.0,20.0,0.05083783537605657,0.4664672192889353,67.75420132615456,1e-15,0.02,Gaussian Fitting,0.03863336446696907,19.31668197617503,True,False,True
12_low_light_15_025,171818024,low_light,15.0,20.0,0.05083783537605657,0.4664672192889353,67.75420132615456,1e-15,0.02,PSF Fitting,0.038994488124914795,19.497243779051875,True,False,True
12_low_light_15_026,593103490,low_light,15.0,20.0,0.05083783537605657,0.4664672192889353,68.50992126414404,1e-15,0.02,Intensity-Weighted Centroid,0.33036653827307744,165.18326830065482,True,True,True
12_low_light_15_026,593103490,low_light,15.0,20.0,0.05083783537605657,0.4664672192889353,68.50992126414404,1e-15,0.02,Gaussian Fitting,0.06912338273463604,34.56169134775064,True,True,True
12_low_light_15_026,593103490,low_light,15.0,20.0,0.05083783537605657,0.4664672192889353,68.50992126414404,1e-15,0.02,PSF Fitting,0.06877358239131479,34.38679117641321,True,True,True
12_low_light_15_027,867499588,low_light,15.0,20.0,0.05083783537605657,0.4664672192889353,73.78755399387165,1e-15,0.02,Intensity-Weighted Centroid,0.4697320072879383,234.86599049836616,True,False,True
12_low_light_15_027,867499588,low_light,15.0,20.0,0.05083783537605657,0.4664672192889353,73.78755399387165,1e-15,0.02,Gaussian Fitting,0.14209496208619748,71.04747479779232,True,False,True
12_low_light_15_027,867499588,low_light,15.0,20.0,0.05083783537605657,0.4664672192889353,73.78755399387165,1e-15,0.02,PSF Fitting,0.1367283771326769,68.36418253297019,True,False,True
12_low_light_15_028,10253580,low_light,15.0,20.0,0.05083783537605657,0.4664672192889353,70.75330178954428,1e-15,0.02,Intensity-Weighted Centroid,0.2603589791382833,130.17947739458762,True,False,True
12_low_light_15_028,10253580,low_light,15.0,20.0,0.05083783537605657,0.4664672192889353,70.75330178954428,1e-15,0.02,Gaussian Fitting,0.05418183932769763,27.09091934053704,True,False,True
12_low_light_15_028,10253580,low_light,15.0,20.0,0.05083783537605657,0.4664672192889353,70.75330178954428,1e-15,0.02,PSF Fitting,0.05282020449371902,26.410101973721396,True,False,True
12_low_light_15_029,650371021,low_light,15.0,20.0,0.05083783537605657,0.4664672192889353,68.73111625248634,1e-15,0.02,Intensity-Weighted Centroid,0.39413177313661774,197.0658858693982,True,False,True
12_low_light_15_029,650371021,low_light,15.0,20.0,0.05083783537605657,0.4664672192889353,68.73111625248634,1e-15,0.02,Gaussian Fitting,0.08898960453198787,44.49480124752368,True,False,True
12_low_light_15_029,650371021,low_light,15.0,20.0,0.05083783537605657,0.4664672192889353,68.73111625248634,1e-15,0.02,PSF Fitting,0.09021380589420104,45.1069019194218,True,False,True
12_low_light_20_000,695890293,low_light,20.0,20.0,0.05083783537605657,0.3617663536218376,53.398731499572385,1e-15,0.02,Intensity-Weighted Centroid,0.3281932778705336,164.0966376337885,True,False,True
12_low_light_20_000,695890293,low_light,20.0,20.0,0.05083783537605657,0.3617663536218376,53.398731499572385,1e-15,0.02,Gaussian Fitting,0.15896152613660328,79.48076193488792,True,False,True
12_low_light_20_000,695890293,low_light,20.0,20.0,0.05083783537605657,0.3617663536218376,53.398731499572385,1e-15,0.02,PSF Fitting,0.15733879236424053,78.66939505350919,True,False,True
12_low_light_20_001,385361351,low_light,20.0,20.0,0.05083783537605657,0.3617663536218376,54.32859976330198,1e-15,0.02,Intensity-Weighted Centroid,0.22442832962362033,112.21416467492801,True,True,True
12_low_light_20_001,385361351,low_light,20.0,20.0,0.05083783537605657,0.3617663536218376,54.32859976330198,1e-15,0.02,Gaussian Fitting,0.048234964243362176,24.117481955073696,True,True,True
12_low_light_20_001,385361351,low_light,20.0,20.0,0.05083783537605657,0.3617663536218376,54.32859976330198,1e-15,0.02,PSF Fitting,0.05151804783495733,25.75902374751964,True,True,True
12_low_light_20_002,843936517,low_light,20.0,20.0,0.05083783537605657,0.3617663536218376,55.1791930257687,1e-15,0.02,Intensity-Weighted Centroid,0.26613742522997924,133.0687116312392,True,False,True
12_low_light_20_002,843936517,low_light,20.0,20.0,0.05083783537605657,0.3617663536218376,55.1791930257687,1e-15,0.02,Gaussian Fitting,0.052403136345675845,26.201568161749883,True,False,True
12_low_light_20_002,843936517,low_light,20.0,20.0,0.05083783537605657,0.3617663536218376,55.1791930257687,1e-15,0.02,PSF Fitting,0.051426535274652116,25.713267613267398,True,False,True
12_low_light_20_003,177015800,low_light,20.0,20.0,0.05083783537605657,0.3617663536218376,53.86357457172815,1e-15,0.02,Intensity-Weighted Centroid,0.40869513887781916,204.3475651286379,True,False,True
12_low_light_20_003,177015800,low_light,20.0,20.0,0.05083783537605657,0.3617663536218376,53.86357457172815,1e-15,0.02,Gaussian Fitting,0.11621567164119198,58.107835740203086,True,False,True
12_low_light_20_003,177015800,low_light,20.0,20.0,0.05083783537605657,0.3617663536218376,53.86357457172815,1e-15,0.02,PSF Fitting,0.11384639110534943,56.923195475972584,True,False,True
12_low_light_20_004,716300106,low_light,20.0,20.0,0.05083783537605657,0.3617663536218376,54.974608989844015,1e-15,0.02,Intensity-Weighted Centroid,0.4291386989581483,214.56934818741877,True,True,True
12_low_light_20_004,716300106,low_light,20.0,20.0,0.05083783537605657,0.3617663536218376,54.974608989844015,1e-15,0.02,Gaussian Fitting,0.029759824100281013,14.879911884802878,True,True,True
12_low_light_20_004,716300106,low_light,20.0,20.0,0.05083783537605657,0.3617663536218376,54.974608989844015,1e-15,0.02,PSF Fitting,0.026402122575236327,13.20106113732627,True,True,True
12_low_light_20_005,757223076,low_light,20.0,20.0,0.05083783537605657,0.3617663536218376,53.98255652374284,1e-15,0.02,Intensity-Weighted Centroid,0.5222496381211207,261.12481750091126,True,True,True
12_low_light_20_005,757223076,low_light,20.0,20.0,0.05083783537605657,0.3617663536218376,53.98255652374284,1e-15,0.02,Gaussian Fitting,0.11480052424330496,57.40026105264376,True,True,True
12_low_light_20_005,757223076,low_light,20.0,20.0,0.05083783537605657,0.3617663536218376,53.98255652374284,1e-15,0.02,PSF Fitting,0.11166663646004406,55.83331722297563,True,True,True
12_low_light_20_006,725356177,low_light,20.0,20.0,0.05083783537605657,0.3617663536218376,54.78966253934249,1e-15,0.02,Intensity-Weighted Centroid,0.2893887916173001,144.69439282528222,True,True,True
12_low_light_20_006,725356177,low_light,20.0,20.0,0.05083783537605657,0.3617663536218376,54.78966253934249,1e-15,0.02,Gaussian Fitting,0.04052209933619011,20.261049471155353,True,True,True
12_low_light_20_006,725356177,low_light,20.0,20.0,0.05083783537605657,0.3617663536218376,54.78966253934249,1e-15,0.02,PSF Fitting,0.03193758469386161,15.968792154702196,True,True,True
12_low_light_20_007,767626638,low_light,20.0,20.0,0.05083783537605657,0.3617663536218376,51.38106115747506,1e-15,0.02,Intensity-Weighted Centroid,0.8097696846602289,404.88478383534317,True,False,True
12_low_light_20_007,767626638,low_light,20.0,20.0,0.05083783537605657,0.3617663536218376,51.38106115747506,1e-15,0.02,Gaussian Fitting,0.16884906823065693,84.42453192023443,True,False,True
12_low_light_20_007,767626638,low_light,20.0,20.0,0.05083783537605657,0.3617663536218376,51.38106115747506,1e-15,0.02,PSF Fitting,0.17757629880456052,88.78814715097829,True,False,True
12_low_light_20_008,917089506,low_light,20.0,20.0,0.05083783537605657,0.3617663536218376,54.935800591610835,1e-15,0.02,Intensity-Weighted Centroid,0.5602176128987947,280.1088044583254,True,True,True
12_low_light_20_008,917089506,low_light,20.0,20.0,0.05083783537605657,0.3617663536218376,54.935800591610835,1e-15,0.02,Gaussian Fitting,0.12881916559499182,64.4095813130441,True,True,True
12_low_light_20_008,917089506,low_light,20.0,20.0,0.05083783537605657,0.3617663536218376,54.935800591610835,1e-15,0.02,PSF Fitting,0.12697222265658112,63.486109878936254,True,True,True
12_low_light_20_009,902700878,low_light,20.0,20.0,0.05083783537605657,0.3617663536218376,54.72564422903453,1e-15,0.02,Intensity-Weighted Centroid,0.5819397343554156,290.96986522731396,True,False,True
12_low_light_20_009,902700878,low_light,20.0,20.0,0.05083783537605657,0.3617663536218376,54.72564422903453,1e-15,0.02,Gaussian Fitting,0.03975379754237443,19.876898415703458,True,False,True
12_low_light_20_009,902700878,low_light,20.0,20.0,0.05083783537605657,0.3617663536218376,54.72564422903453,1e-15,0.02,PSF Fitting,0.0380052951971434,19.002647178897163,True,False,True
12_low_light_20_010,20180721,low_light,20.0,20.0,0.05083783537605657,0.3617663536218376,55.56662766220868,1e-15,0.02,Intensity-Weighted Centroid,0.233658293281388,116.82914588395347,True,False,True
12_low_light_20_010,20180721,low_light,20.0,20.0,0.05083783537605657,0.3617663536218376,55.56662766220868,1e-15,0.02,Gaussian Fitting,0.07409361130370735,37.04680534934561,True,False,True
12_low_light_20_010,20180721,low_light,20.0,20.0,0.05083783537605657,0.3617663536218376,55.56662766220868,1e-15,0.02,PSF Fitting,0.07233956037346519,36.16977989071563,True,False,True
12_low_light_20_011,293491610,low_light,20.0,20.0,0.05083783537605657,0.3617663536218376,54.65778190077581,1e-15,0.02,Intensity-Weighted Centroid,0.4312830935570856,215.64154377792892,True,False,True
12_low_light_20_011,293491610,low_light,20.0,20.0,0.05083783537605657,0.3617663536218376,54.65778190077581,1e-15,0.02,Gaussian Fitting,0.02161435243399197,10.807176190095133,True,False,True
12_low_light_20_011,293491610,low_light,20.0,20.0,0.05083783537605657,0.3617663536218376,54.65778190077581,1e-15,0.02,PSF Fitting,0.021414140418266402,10.707070181493332,True,False,True
12_low_light_20_012,512491903,low_light,20.0,20.0,0.05083783537605657,0.3617663536218376,53.45878474949318,1e-15,0.02,Intensity-Weighted Centroid,0.13177433566312982,65.88716645658019,True,False,True
12_low_light_20_012,512491903,low_light,20.0,20.0,0.05083783537605657,0.3617663536218376,53.45878474949318,1e-15,0.02,Gaussian Fitting,0.05356331916990558,26.78165956829798,True,False,True
12_low_light_20_012,512491903,low_light,20.0,20.0,0.05083783537605657,0.3617663536218376,53.45878474949318,1e-15,0.02,PSF Fitting,0.04046705559045697,20.233527771969904,True,False,True
12_low_light_20_013,229697873,low_light,20.0,20.0,0.05083783537605657,0.3617663536218376,52.068046760362975,1e-15,0.02,Intensity-Weighted Centroid,0.15329929240250548,76.64964605274078,True,False,True
12_low_light_20_013,229697873,low_light,20.0,20.0,0.05083783537605657,0.3617663536218376,52.068046760362975,1e-15,0.02,Gaussian Fitting,0.048706701865303466,24.35335087421273,True,False,True
12_low_light_20_013,229697873,low_light,20.0,20.0,0.05083783537605657,0.3617663536218376,52.068046760362975,1e-15,0.02,PSF Fitting,0.04993269584233358,24.966347888171725,True,False,True
12_low_light_20_014,176089219,low_light,20.0,20.0,0.05083783537605657,0.3617663536218376,56.166781464847865,1e-15,0.02,Intensity-Weighted Centroid,0.601693278419827,300.8466361342795,True,False,True
12_low_light_20_014,176089219,low_light,20.0,20.0,0.05083783537605657,0.3617663536218376,56.166781464847865,1e-15,0.02,Gaussian Fitting,0.05364533963442481,26.822669762120352,True,False,True
12_low_light_20_014,176089219,low_light,20.0,20.0,0.05083783537605657,0.3617663536218376,56.166781464847865,1e-15,0.02,PSF Fitting,0.061343270213645135,30.671635031732823,True,False,True
12_low_light_20_015,364934880,low_light,20.0,20.0,0.05083783537605657,0.3617663536218376,56.39160398312616,1e-15,0.02,Intensity-Weighted Centroid,0.543379545940144,271.68977169790895,True,True,True
12_low_light_20_015,364934880,low_light,20.0,20.0,0.05083783537605657,0.3617663536218376,56.39160398312616,1e-15,0.02,Gaussian Fitting,0.12165001020501291,60.825003545303886,True,True,True
12_low_light_20_015,364934880,low_light,20.0,20.0,0.05083783537605657,0.3617663536218376,56.39160398312616,1e-15,0.02,PSF Fitting,0.11431926425477945,57.15963071287469,True,True,True
12_low_light_20_016,869776803,low_light,20.0,20.0,0.05083783537605657,0.3617663536218376,54.86798092064595,1e-15,0.02,Intensity-Weighted Centroid,0.6168720792095844,308.4360374823192,True,False,True
12_low_light_20_016,869776803,low_light,20.0,20.0,0.05083783537605657,0.3617663536218376,54.86798092064595,1e-15,0.02,Gaussian Fitting,0.06955308729029147,34.7765434957079,True,False,True
12_low_light_20_016,869776803,low_light,20.0,20.0,0.05083783537605657,0.3617663536218376,54.86798092064595,1e-15,0.02,PSF Fitting,0.0740702500107541,37.0351248568402,True,False,True
12_low_light_20_017,297553042,low_light,20.0,20.0,0.05083783537605657,0.3617663536218376,55.532168167330454,1e-15,0.02,Intensity-Weighted Centroid,0.5191011949357789,259.5505955409062,True,False,True
12_low_light_20_017,297553042,low_light,20.0,20.0,0.05083783537605657,0.3617663536218376,55.532168167330454,1e-15,0.02,Gaussian Fitting,0.0798082746040439,39.904137010889066,True,False,True
12_low_light_20_017,297553042,low_light,20.0,20.0,0.05083783537605657,0.3617663536218376,55.532168167330454,1e-15,0.02,PSF Fitting,0.0816678160622215,40.83390773511415,True,False,True
12_low_light_20_018,746948899,low_light,20.0,20.0,0.05083783537605657,0.3617663536218376,54.20086148612704,1e-15,0.02,Intensity-Weighted Centroid,0.4322184338190395,216.10921531146985,True,False,True
12_low_light_20_018,746948899,low_light,20.0,20.0,0.05083783537605657,0.3617663536218376,54.20086148612704,1e-15,0.02,Gaussian Fitting,0.05614049546951883,28.070247517580214,True,False,True
12_low_light_20_018,746948899,low_light,20.0,20.0,0.05083783537605657,0.3617663536218376,54.20086148612704,1e-15,0.02,PSF Fitting,0.058003122439179544,29.001561018000544,True,False,True
12_low_light_20_019,167309016,low_light,20.0,20.0,0.05083783537605657,0.3617663536218376,55.30589538545613,1e-15,0.02,Intensity-Weighted Centroid,0.4626458194120287,231.3229064946422,True,False,True
12_low_light_20_019,167309016,low_light,20.0,20.0,0.05083783537605657,0.3617663536218376,55.30589538545613,1e-15,0.02,Gaussian Fitting,0.12716288835680256,63.58144398762478,True,False,True
12_low_light_20_019,167309016,low_light,20.0,20.0,0.05083783537605657,0.3617663536218376,55.30589538545613,1e-15,0.02,PSF Fitting,0.12483888031762107,62.41943997327126,True,False,True
12_low_light_20_020,252711045,low_light,20.0,20.0,0.05083783537605657,0.3617663536218376,51.40998364771728,1e-15,0.02,Intensity-Weighted Centroid,0.31877752373969903,159.38875833579593,True,True,True
12_low_light_20_020,252711045,low_light,20.0,20.0,0.05083783537605657,0.3617663536218376,51.40998364771728,1e-15,0.02,Gaussian Fitting,0.03316263668907985,16.581317883277922,True,True,True
12_low_light_20_020,252711045,low_light,20.0,20.0,0.05083783537605657,0.3617663536218376,51.40998364771728,1e-15,0.02,PSF Fitting,0.02946676533333074,14.73338236181301,True,True,True
12_low_light_20_021,232975278,low_light,20.0,20.0,0.05083783537605657,0.3617663536218376,53.05836314226346,1e-15,0.02,Intensity-Weighted Centroid,0.42652478043929765,213.2623893811779,True,False,True
12_low_light_20_021,232975278,low_light,20.0,20.0,0.05083783537605657,0.3617663536218376,53.05836314226346,1e-15,0.02,Gaussian Fitting,0.030844390875564016,15.422195390130181,True,False,True
12_low_light_20_021,232975278,low_light,20.0,20.0,0.05083783537605657,0.3617663536218376,53.05836314226346,1e-15,0.02,PSF Fitting,0.03128663416264618,15.643317033043836,True,False,True
12_low_light_20_022,317360140,low_light,20.0,20.0,0.05083783537605657,0.3617663536218376,54.843083818801425,1e-15,0.02,Intensity-Weighted Centroid,0.5063951004271515,253.19752584657763,True,False,True
12_low_light_20_022,317360140,low_light,20.0,20.0,0.05083783537605657,0.3617663536218376,54.843083818801425,1e-15,0.02,Gaussian Fitting,0.08648330907936015,43.241652691113956,True,False,True
12_low_light_20_022,317360140,low_light,20.0,20.0,0.05083783537605657,0.3617663536218376,54.843083818801425,1e-15,0.02,PSF Fitting,0.08321718140811096,41.60858891751003,True,False,True
12_low_light_20_023,28398950,low_light,20.0,20.0,0.05083783537605657,0.3617663536218376,54.1222984624774,1e-15,0.02,Intensity-Weighted Centroid,0.32223686908581917,161.11843232784395,True,False,True
12_low_light_20_023,28398950,low_light,20.0,20.0,0.05083783537605657,0.3617663536218376,54.1222984624774,1e-15,0.02,Gaussian Fitting,0.06106525623778675,30.532627892430273,True,False,True
12_low_light_20_023,28398950,low_light,20.0,20.0,0.05083783537605657,0.3617663536218376,54.1222984624774,1e-15,0.02,PSF Fitting,0.06416858819779327,32.08429385554196,True,False,True
12_low_light_20_024,150665395,low_light,20.0,20.0,0.05083783537605657,0.3617663536218376,53.31803815059085,1e-15,0.02,Intensity-Weighted Centroid,0.5012981826930443,250.64908816166528,True,False,True
12_low_light_20_024,150665395,low_light,20.0,20.0,0.05083783537605657,0.3617663536218376,53.31803815059085,1e-15,0.02,Gaussian Fitting,0.0631040143165471,31.552005997722866,True,False,True
12_low_light_20_024,150665395,low_light,20.0,20.0,0.05083783537605657,0.3617663536218376,53.31803815059085,1e-15,0.02,PSF Fitting,0.06306308280012561,31.531540268370847,True,False,True
12_low_light_20_025,757927834,low_light,20.0,20.0,0.05083783537605657,0.3617663536218376,54.67293084905178,1e-15,0.02,Intensity-Weighted Centroid,0.30883030980024734,154.4151527005611,True,True,True
12_low_light_20_025,757927834,low_light,20.0,20.0,0.05083783537605657,0.3617663536218376,54.67293084905178,1e-15,0.02,Gaussian Fitting,0.12865940380220958,64.3297014377843,True,True,True
12_low_light_20_025,757927834,low_light,20.0,20.0,0.05083783537605657,0.3617663536218376,54.67293084905178,1e-15,0.02,PSF Fitting,0.1254247486624789,62.71237391032744,True,True,True
12_low_light_20_026,785819994,low_light,20.0,20.0,0.05083783537605657,0.3617663536218376,51.284649538927916,1e-15,0.02,Intensity-Weighted Centroid,0.40024461141384177,200.1223036952416,True,False,True
12_low_light_20_026,785819994,low_light,20.0,20.0,0.05083783537605657,0.3617663536218376,51.284649538927916,1e-15,0.02,Gaussian Fitting,0.10381512396321917,51.90756194014157,True,False,True
12_low_light_20_026,785819994,low_light,20.0,20.0,0.05083783537605657,0.3617663536218376,51.284649538927916,1e-15,0.02,PSF Fitting,0.10670087506899867,53.350437491326545,True,False,True
12_low_light_20_027,172551106,low_light,20.0,20.0,0.05083783537605657,0.3617663536218376,54.60392707474141,1e-15,0.02,Intensity-Weighted Centroid,0.11958450171136017,59.792249704342794,True,False,True
12_low_light_20_027,172551106,low_light,20.0,20.0,0.05083783537605657,0.3617663536218376,54.60392707474141,1e-15,0.02,Gaussian Fitting,0.018675972846682768,9.337986359104631,True,False,True
12_low_light_20_027,172551106,low_light,20.0,20.0,0.05083783537605657,0.3617663536218376,54.60392707474141,1e-15,0.02,PSF Fitting,0.01669486496687551,8.347432424722863,True,False,True
12_low_light_20_028,307170487,low_light,20.0,20.0,0.05083783537605657,0.3617663536218376,53.7392518429821,1e-15,0.02,Intensity-Weighted Centroid,0.15875241357801714,79.37620620306996,True,False,True
12_low_light_20_028,307170487,low_light,20.0,20.0,0.05083783537605657,0.3617663536218376,53.7392518429821,1e-15,0.02,Gaussian Fitting,0.1729971977384983,86.49859821725192,True,False,True
12_low_light_20_028,307170487,low_light,20.0,20.0,0.05083783537605657,0.3617663536218376,53.7392518429821,1e-15,0.02,PSF Fitting,0.17392930365691905,86.96465117475033,True,False,True
12_low_light_20_029,759682544,low_light,20.0,20.0,0.05083783537605657,0.3617663536218376,51.684169488421716,1e-15,0.02,Intensity-Weighted Centroid,0.6387956463659639,319.3978175150388,True,False,True
12_low_light_20_029,759682544,low_light,20.0,20.0,0.05083783537605657,0.3617663536218376,51.684169488421716,1e-15,0.02,Gaussian Fitting,0.1255182696731438,62.759134784935924,True,False,True
12_low_light_20_029,759682544,low_light,20.0,20.0,0.05083783537605657,0.3617663536218376,51.684169488421716,1e-15,0.02,PSF Fitting,0.12310867991156053,61.55433990422029,True,False,True
12_turbulence_1_000,807036760,turbulence,1.0,20.0,0.05083783537605657,0.9504327846112633,129.356006728999,1e-13,0.05,Intensity-Weighted Centroid,0.23160160527263676,115.80059790964437,True,False,True
12_turbulence_1_000,807036760,turbulence,1.0,20.0,0.05083783537605657,0.9504327846112633,129.356006728999,1e-13,0.05,Gaussian Fitting,0.07026116532872177,35.130556867583046,True,False,True
12_turbulence_1_000,807036760,turbulence,1.0,20.0,0.05083783537605657,0.9504327846112633,129.356006728999,1e-13,0.05,PSF Fitting,0.06996438499724662,34.98216671826204,True,False,True
12_turbulence_1_001,129713783,turbulence,1.0,20.0,0.05083783537605657,0.9504327846112633,67.61662675878023,1e-13,0.05,Intensity-Weighted Centroid,0.2610846290796549,130.54195735336,True,False,True
12_turbulence_1_001,129713783,turbulence,1.0,20.0,0.05083783537605657,0.9504327846112633,67.61662675878023,1e-13,0.05,Gaussian Fitting,0.08576228927104128,42.881057318974804,True,False,True
12_turbulence_1_001,129713783,turbulence,1.0,20.0,0.05083783537605657,0.9504327846112633,67.61662675878023,1e-13,0.05,PSF Fitting,0.08653481698931313,43.26732068227452,True,False,True
12_turbulence_1_002,747105106,turbulence,1.0,20.0,0.05083783537605657,0.9504327846112633,153.55428760665913,1e-13,0.05,Intensity-Weighted Centroid,0.22654114989658347,113.27052165451951,True,False,True
12_turbulence_1_002,747105106,turbulence,1.0,20.0,0.05083783537605657,0.9504327846112633,153.55428760665913,1e-13,0.05,Gaussian Fitting,0.03416996013814073,17.084965357755923,True,False,True
12_turbulence_1_002,747105106,turbulence,1.0,20.0,0.05083783537605657,0.9504327846112633,153.55428760665913,1e-13,0.05,PSF Fitting,0.03366142568768194,16.830698388974234,True,False,True
12_turbulence_1_003,248019176,turbulence,1.0,20.0,0.05083783537605657,0.9504327846112633,105.48469908151536,1e-13,0.05,Intensity-Weighted Centroid,0.165978073665745,82.9890237571121,True,False,True
12_turbulence_1_003,248019176,turbulence,1.0,20.0,0.05083783537605657,0.9504327846112633,105.48469908151536,1e-13,0.05,Gaussian Fitting,0.022739202800682378,11.369598689723816,True,False,True
12_turbulence_1_003,248019176,turbulence,1.0,20.0,0.05083783537605657,0.9504327846112633,105.48469908151536,1e-13,0.05,PSF Fitting,0.0228720927454863,11.436043654123239,True,False,True
12_turbulence_1_004,193364673,turbulence,1.0,20.0,0.05083783537605657,0.9504327846112633,214.5040605779678,1e-13,0.05,Intensity-Weighted Centroid,0.03464128900840258,17.3206270393041,True,False,True
12_turbulence_1_004,193364673,turbulence,1.0,20.0,0.05083783537605657,0.9504327846112633,214.5040605779678,1e-13,0.05,Gaussian Fitting,0.018749416332832232,9.37469630956385,True,False,True
12_turbulence_1_004,193364673,turbulence,1.0,20.0,0.05083783537605657,0.9504327846112633,214.5040605779678,1e-13,0.05,PSF Fitting,0.018927296172851733,9.463636097872289,True,False,True
12_turbulence_1_005,627063152,turbulence,1.0,20.0,0.05083783537605657,0.9504327846112633,215.46578380439817,1e-13,0.05,Intensity-Weighted Centroid,0.11142280002699875,55.710714442166875,True,False,True
12_turbulence_1_005,627063152,turbulence,1.0,20.0,0.05083783537605657,0.9504327846112633,215.46578380439817,1e-13,0.05,Gaussian Fitting,0.0309493602129234,15.474590442372008,True,False,True
12_turbulence_1_005,627063152,turbulence,1.0,20.0,0.05083783537605657,0.9504327846112633,215.46578380439817,1e-13,0.05,PSF Fitting,0.030969897294169487,15.484858002180221,True,False,True
12_turbulence_1_006,565306280,turbulence,1.0,20.0,0.05083783537605657,0.9504327846112633,125.06149118733705,1e-13,0.05,Intensity-Weighted Centroid,0.2993629757522977,149.68104778372756,True,False,True
12_turbulence_1_006,565306280,turbulence,1.0,20.0,0.05083783537605657,0.9504327846112633,125.06149118733705,1e-13,0.05,Gaussian Fitting,0.08205865200142365,41.02919327608715,True,False,True
12_turbulence_1_006,565306280,turbulence,1.0,20.0,0.05083783537605657,0.9504327846112633,125.06149118733705,1e-13,0.05,PSF Fitting,0.08149581875453363,40.74777729339095,True,False,True
12_turbulence_1_007,594617068,turbulence,1.0,20.0,0.05083783537605657,0.9504327846112633,126.75918853255527,1e-13,0.05,Intensity-Weighted Centroid,0.261257123585702,130.62815001081657,True,False,True
12_turbulence_1_007,594617068,turbulence,1.0,20.0,0.05083783537605657,0.9504327846112633,126.75918853255527,1e-13,0.05,Gaussian Fitting,0.039319785398092146,19.6598307296525,True,False,True
12_turbulence_1_007,594617068,turbulence,1.0,20.0,0.05083783537605657,0.9504327846112633,126.75918853255527,1e-13,0.05,PSF Fitting,0.039506986285922197,19.75343088125654,True,False,True
12_turbulence_1_008,530558899,turbulence,1.0,20.0,0.05083783537605657,0.9504327846112633,63.99255862741103,1e-13,0.05,Intensity-Weighted Centroid,0.12298333306969629,61.49166430072795,True,False,True
12_turbulence_1_008,530558899,turbulence,1.0,20.0,0.05083783537605657,0.9504327846112633,63.99255862741103,1e-13,0.05,Gaussian Fitting,0.141949168493303,70.97457038419203,True,False,True
12_turbulence_1_008,530558899,turbulence,1.0,20.0,0.05083783537605657,0.9504327846112633,63.99255862741103,1e-13,0.05,PSF Fitting,0.14120876488846726,70.6043685667925,True,False,True
12_turbulence_1_009,413308583,turbulence,1.0,20.0,0.05083783537605657,0.9504327846112633,172.12056671323083,1e-13,0.05,Intensity-Weighted Centroid,0.07297277453152379,36.48638242205264,True,False,True
12_turbulence_1_009,413308583,turbulence,1.0,20.0,0.05083783537605657,0.9504327846112633,172.12056671323083,1e-13,0.05,Gaussian Fitting,0.038951604496591845,19.47579936644255,True,False,True
12_turbulence_1_009,413308583,turbulence,1.0,20.0,0.05083783537605657,0.9504327846112633,172.12056671323083,1e-13,0.05,PSF Fitting,0.03876038499554751,19.38018962627184,True,False,True
12_turbulence_1_010,334811788,turbulence,1.0,20.0,0.05083783537605657,0.9504327846112633,99.45610916710042,1e-13,0.05,Intensity-Weighted Centroid,0.3192315693925183,159.6157096544837,True,False,True
12_turbulence_1_010,334811788,turbulence,1.0,20.0,0.05083783537605657,0.9504327846112633,99.45610916710042,1e-13,0.05,Gaussian Fitting,0.030510828255110714,15.255407792418794,True,False,True
12_turbulence_1_010,334811788,turbulence,1.0,20.0,0.05083783537605657,0.9504327846112633,99.45610916710042,1e-13,0.05,PSF Fitting,0.029953371592040874,14.97667968366934,True,False,True
12_turbulence_1_011,585877317,turbulence,1.0,20.0,0.05083783537605657,0.9504327846112633,151.67112896986833,1e-13,0.05,Intensity-Weighted Centroid,0.12265832376995747,61.32916185367944,True,False,True
12_turbulence_1_011,585877317,turbulence,1.0,20.0,0.05083783537605657,0.9504327846112633,151.67112896986833,1e-13,0.05,Gaussian Fitting,0.03562163082349342,17.81081536248517,True,False,True
12_turbulence_1_011,585877317,turbulence,1.0,20.0,0.05083783537605657,0.9504327846112633,151.67112896986833,1e-13,0.05,PSF Fitting,0.03554387705513167,17.771938478495027,True,False,True
12_turbulence_1_012,767038280,turbulence,1.0,20.0,0.05083783537605657,0.9504327846112633,160.64968822467557,1e-13,0.05,Intensity-Weighted Centroid,0.040150661978231146,20.075326990723664,True,False,True
12_turbulence_1_012,767038280,turbulence,1.0,20.0,0.05083783537605657,0.9504327846112633,160.64968822467557,1e-13,0.05,Gaussian Fitting,0.01561680057174317,7.808398564325687,True,False,True
12_turbulence_1_012,767038280,turbulence,1.0,20.0,0.05083783537605657,0.9504327846112633,160.64968822467557,1e-13,0.05,PSF Fitting,0.015613091421125932,7.806543964362829,True,False,True
12_turbulence_1_013,893689659,turbulence,1.0,20.0,0.05083783537605657,0.9504327846112633,171.2454553456532,1e-13,0.05,Intensity-Weighted Centroid,0.12664256128852378,63.32103698538015,True,False,True
12_turbulence_1_013,893689659,turbulence,1.0,20.0,0.05083783537605657,0.9504327846112633,171.2454553456532,1e-13,0.05,Gaussian Fitting,0.010419999957884401,5.209978811327863,True,False,True
12_turbulence_1_013,893689659,turbulence,1.0,20.0,0.05083783537605657,0.9504327846112633,171.2454553456532,1e-13,0.05,PSF Fitting,0.010538841706977706,5.269399283366435,True,False,True
12_turbulence_1_014,867883673,turbulence,1.0,20.0,0.05083783537605657,0.9504327846112633,231.3168157126336,1e-13,0.05,Intensity-Weighted Centroid,0.10706355043735227,53.53145009827935,True,False,True
12_turbulence_1_014,867883673,turbulence,1.0,20.0,0.05083783537605657,0.9504327846112633,231.3168157126336,1e-13,0.05,Gaussian Fitting,0.0034777717556017324,1.7388817813948603,True,False,True
12_turbulence_1_014,867883673,turbulence,1.0,20.0,0.05083783537605657,0.9504327846112633,231.3168157126336,1e-13,0.05,PSF Fitting,0.0031264475999223666,1.5632197793330125,True,False,True
12_turbulence_1_015,677482817,turbulence,1.0,20.0,0.05083783537605657,0.9504327846112633,189.25813014735363,1e-13,0.05,Intensity-Weighted Centroid,0.21146884880379954,105.73432405053396,True,False,True
12_turbulence_1_015,677482817,turbulence,1.0,20.0,0.05083783537605657,0.9504327846112633,189.25813014735363,1e-13,0.05,Gaussian Fitting,0.013857188574964189,6.928591701512927,True,False,True
12_turbulence_1_015,677482817,turbulence,1.0,20.0,0.05083783537605657,0.9504327846112633,189.25813014735363,1e-13,0.05,PSF Fitting,0.01370143654543221,6.850715712396194,True,False,True
12_turbulence_1_016,270211094,turbulence,1.0,20.0,0.05083783537605657,0.9504327846112633,127.33989045493853,1e-13,0.05,Intensity-Weighted Centroid,0.1162990799983354,58.149483899064066,True,False,True
12_turbulence_1_016,270211094,turbulence,1.0,20.0,0.05083783537605657,0.9504327846112633,127.33989045493853,1e-13,0.05,Gaussian Fitting,0.043622529345649495,21.811239197688156,True,False,True
12_turbulence_1_016,270211094,turbulence,1.0,20.0,0.05083783537605657,0.9504327846112633,127.33989045493853,1e-13,0.05,PSF Fitting,0.04264592416070343,21.32293727035219,True,False,True
12_turbulence_1_017,744151257,turbulence,1.0,20.0,0.05083783537605657,0.9504327846112633,168.49442981031223,1e-13,0.05,Intensity-Weighted Centroid,0.13633385323662134,68.16690562782603,True,False,True
12_turbulence_1_017,744151257,turbulence,1.0,20.0,0.05083783537605657,0.9504327846112633,168.49442981031223,1e-13,0.05,Gaussian Fitting,0.05532212113741145,27.661038059625966,True,False,True
12_turbulence_1_017,744151257,turbulence,1.0,20.0,0.05083783537605657,0.9504327846112633,168.49442981031223,1e-13,0.05,PSF Fitting,0.0556995622931682,27.84975845454763,True,False,True
12_turbulence_1_018,395037488,turbulence,1.0,20.0,0.05083783537605657,0.9504327846112633,201.38472087242764,1e-13,0.05,Intensity-Weighted Centroid,0.07066463608236508,35.332178775696164,True,False,True
12_turbulence_1_018,395037488,turbulence,1.0,20.0,0.05083783537605657,0.9504327846112633,201.38472087242764,1e-13,0.05,Gaussian Fitting,0.05470516518422619,27.35234850473889,True,False,True
12_turbulence_1_018,395037488,turbulence,1.0,20.0,0.05083783537605657,0.9504327846112633,201.38472087242764,1e-13,0.05,PSF Fitting,0.05463978333234031,27.319657818352752,True,False,True
12_turbulence_1_019,336298236,turbulence,1.0,20.0,0.05083783537605657,0.9504327846112633,116.66145076193582,1e-13,0.05,Intensity-Weighted Centroid,0.2807282903544892,140.36385605028002,True,False,True
12_turbulence_1_019,336298236,turbulence,1.0,20.0,0.05083783537605657,0.9504327846112633,116.66145076193582,1e-13,0.05,Gaussian Fitting,0.032034767230170166,16.01734899409277,True,False,True
12_turbulence_1_019,336298236,turbulence,1.0,20.0,0.05083783537605657,0.9504327846112633,116.66145076193582,1e-13,0.05,PSF Fitting,0.0321444164303532,16.072173468108378,True,False,True
12_turbulence_1_020,827969007,turbulence,1.0,20.0,0.05083783537605657,0.9504327846112633,160.20750781080662,1e-13,0.05,Intensity-Weighted Centroid,0.035190323386375746,17.59515822064345,True,False,True
12_turbulence_1_020,827969007,turbulence,1.0,20.0,0.05083783537605657,0.9504327846112633,160.20750781080662,1e-13,0.05,Gaussian Fitting,0.017163771863940053,8.581884224451173,True,False,True
12_turbulence_1_020,827969007,turbulence,1.0,20.0,0.05083783537605657,0.9504327846112633,160.20750781080662,1e-13,0.05,PSF Fitting,0.016024288099684487,8.012142455016562,True,False,True
12_turbulence_1_021,147852127,turbulence,1.0,20.0,0.05083783537605657,0.9504327846112633,169.88080867613743,1e-13,0.05,Intensity-Weighted Centroid,0.12278033153977352,61.390160702101795,True,False,True
12_turbulence_1_021,147852127,turbulence,1.0,20.0,0.05083783537605657,0.9504327846112633,169.88080867613743,1e-13,0.05,Gaussian Fitting,0.0366302585482429,18.315124246515005,True,False,True
12_turbulence_1_021,147852127,turbulence,1.0,20.0,0.05083783537605657,0.9504327846112633,169.88080867613743,1e-13,0.05,PSF Fitting,0.036400900456039734,18.200445300325825,True,False,True
12_turbulence_1_022,556262452,turbulence,1.0,20.0,0.05083783537605657,0.9504327846112633,143.85373369346948,1e-13,0.05,Intensity-Weighted Centroid,0.20670842352852134,103.3538873932098,True,False,True
12_turbulence_1_022,556262452,turbulence,1.0,20.0,0.05083783537605657,0.9504327846112633,143.85373369346948,1e-13,0.05,Gaussian Fitting,0.016692450498393994,8.346218842810487,True,False,True
12_turbulence_1_022,556262452,turbulence,1.0,20.0,0.05083783537605657,0.9504327846112633,143.85373369346948,1e-13,0.05,PSF Fitting,0.016897387289100913,8.448687227555627,True,False,True
12_turbulence_1_023,800620477,turbulence,1.0,20.0,0.05083783537605657,0.9504327846112633,212.5255198173092,1e-13,0.05,Intensity-Weighted Centroid,0.07451978782167498,37.259884818750486,True,False,True
12_turbulence_1_023,800620477,turbulence,1.0,20.0,0.05083783537605657,0.9504327846112633,212.5255198173092,1e-13,0.05,Gaussian Fitting,0.021801039548946747,10.900518499179048,True,False,True
12_turbulence_1_023,800620477,turbulence,1.0,20.0,0.05083783537605657,0.9504327846112633,212.5255198173092,1e-13,0.05,PSF Fitting,0.02181725176557056,10.908624609806926,True,False,True
12_turbulence_1_024,411026841,turbulence,1.0,20.0,0.05083783537605657,0.9504327846112633,119.70372496227468,1e-13,0.05,Intensity-Weighted Centroid,0.1455092472153923,72.75448831933662,True,False,True
12_turbulence_1_024,411026841,turbulence,1.0,20.0,0.05083783537605657,0.9504327846112633,119.70372496227468,1e-13,0.05,Gaussian Fitting,0.03796668569139861,18.98328622211297,True,False,True
12_turbulence_1_024,411026841,turbulence,1.0,20.0,0.05083783537605657,0.9504327846112633,119.70372496227468,1e-13,0.05,PSF Fitting,0.03832273319777833,19.1613096891906,True,False,True
12_turbulence_1_025,464890522,turbulence,1.0,20.0,0.05083783537605657,0.9504327846112633,166.28559663951378,1e-13,0.05,Intensity-Weighted Centroid,0.17886241026045993,89.43114547604242,True,False,True
12_turbulence_1_025,464890522,turbulence,1.0,20.0,0.05083783537605657,0.9504327846112633,166.28559663951378,1e-13,0.05,Gaussian Fitting,0.0439435807311196,21.971768716087,True,False,True
12_turbulence_1_025,464890522,turbulence,1.0,20.0,0.05083783537605657,0.9504327846112633,166.28559663951378,1e-13,0.05,PSF Fitting,0.0442746154369347,22.137285922564168,True,False,True
12_turbulence_1_026,930116348,turbulence,1.0,20.0,0.05083783537605657,0.9504327846112633,71.09841338157426,1e-13,0.05,Intensity-Weighted Centroid,0.2600638791320564,130.03114007120266,True,False,True
12_turbulence_1_026,930116348,turbulence,1.0,20.0,0.05083783537605657,0.9504327846112633,71.09841338157426,1e-13,0.05,Gaussian Fitting,0.05875714698035927,29.37846021707196,True,False,True
12_turbulence_1_026,930116348,turbulence,1.0,20.0,0.05083783537605657,0.9504327846112633,71.09841338157426,1e-13,0.05,PSF Fitting,0.05893539322794466,29.467585398819143,True,False,True
12_turbulence_1_027,708117399,turbulence,1.0,20.0,0.05083783537605657,0.9504327846112633,144.7764746183606,1e-13,0.05,Intensity-Weighted Centroid,0.14177026785301117,70.88512617932606,True,False,True
12_turbulence_1_027,708117399,turbulence,1.0,20.0,0.05083783537605657,0.9504327846112633,144.7764746183606,1e-13,0.05,Gaussian Fitting,0.041449421815804084,20.72470845298319,True,False,True
12_turbulence_1_027,708117399,turbulence,1.0,20.0,0.05083783537605657,0.9504327846112633,144.7764746183606,1e-13,0.05,PSF Fitting,0.04045952672969277,20.22976097215115,True,False,True
12_turbulence_1_028,299274029,turbulence,1.0,20.0,0.05083783537605657,0.9504327846112633,156.7780260343973,1e-13,0.05,Intensity-Weighted Centroid,0.05561074630827741,27.805345696093852,True,False,True
12_turbulence_1_028,299274029,turbulence,1.0,20.0,0.05083783537605657,0.9504327846112633,156.7780260343973,1e-13,0.05,Gaussian Fitting,0.01862399376956879,9.31198543076821,True,False,True
12_turbulence_1_028,299274029,turbulence,1.0,20.0,0.05083783537605657,0.9504327846112633,156.7780260343973,1e-13,0.05,PSF Fitting,0.018036371120433842,9.018174015583666,True,False,True
12_turbulence_1_029,690768522,turbulence,1.0,20.0,0.05083783537605657,0.9504327846112633,77.0000872964292,1e-13,0.05,Intensity-Weighted Centroid,0.346108263963449,173.05409147613088,True,False,True
12_turbulence_1_029,690768522,turbulence,1.0,20.0,0.05083783537605657,0.9504327846112633,77.0000872964292,1e-13,0.05,Gaussian Fitting,0.06824906517585756,34.124525205606346,True,False,True
12_turbulence_1_029,690768522,turbulence,1.0,20.0,0.05083783537605657,0.9504327846112633,77.0000872964292,1e-13,0.05,PSF Fitting,0.06855806427594749,34.27902481533909,True,False,True
12_turbulence_2_000,502878453,turbulence,2.0,20.0,0.05083783537605657,0.9033224780639202,130.4602486977869,1e-13,0.05,Intensity-Weighted Centroid,0.31562537922018885,157.8124640680143,True,False,True
12_turbulence_2_000,502878453,turbulence,2.0,20.0,0.05083783537605657,0.9033224780639202,130.4602486977869,1e-13,0.05,Gaussian Fitting,0.042003929820082234,21.001935134912856,True,False,True
12_turbulence_2_000,502878453,turbulence,2.0,20.0,0.05083783537605657,0.9033224780639202,130.4602486977869,1e-13,0.05,PSF Fitting,0.04216483196363294,21.082385962948095,True,False,True
12_turbulence_2_001,143740369,turbulence,2.0,20.0,0.05083783537605657,0.9033224780639202,91.17688916853629,1e-13,0.05,Intensity-Weighted Centroid,0.14238899459076496,71.1944746302314,True,False,True
12_turbulence_2_001,143740369,turbulence,2.0,20.0,0.05083783537605657,0.9033224780639202,91.17688916853629,1e-13,0.05,Gaussian Fitting,0.07196017693740799,35.98003605973587,True,False,True
12_turbulence_2_001,143740369,turbulence,2.0,20.0,0.05083783537605657,0.9033224780639202,91.17688916853629,1e-13,0.05,PSF Fitting,0.07201788246904389,36.00888981048302,True,False,True
12_turbulence_2_002,889184109,turbulence,2.0,20.0,0.05083783537605657,0.9033224780639202,147.36588860996133,1e-13,0.05,Intensity-Weighted Centroid,0.030810141287967732,15.40506494885689,True,False,True
12_turbulence_2_002,889184109,turbulence,2.0,20.0,0.05083783537605657,0.9033224780639202,147.36588860996133,1e-13,0.05,Gaussian Fitting,0.029965019180482902,14.98250281630613,True,False,True
12_turbulence_2_002,889184109,turbulence,2.0,20.0,0.05083783537605657,0.9033224780639202,147.36588860996133,1e-13,0.05,PSF Fitting,0.030222552773628734,15.111269229170045,True,False,True
12_turbulence_2_003,127450410,turbulence,2.0,20.0,0.05083783537605657,0.9033224780639202,80.9750135581554,1e-13,0.05,Intensity-Weighted Centroid,0.36063076756388196,180.31531861939337,True,False,True
12_turbulence_2_003,127450410,turbulence,2.0,20.0,0.05083783537605657,0.9033224780639202,80.9750135581554,1e-13,0.05,Gaussian Fitting,0.05510401441283706,27.551993575462514,True,False,True
12_turbulence_2_003,127450410,turbulence,2.0,20.0,0.05083783537605657,0.9033224780639202,80.9750135581554,1e-13,0.05,PSF Fitting,0.05692984691636102,28.464908948152104,True,False,True
12_turbulence_2_004,33637154,turbulence,2.0,20.0,0.05083783537605657,0.9033224780639202,116.53795285741913,1e-13,0.05,Intensity-Weighted Centroid,0.19560339725421538,97.80145528658092,True,False,True
12_turbulence_2_004,33637154,turbulence,2.0,20.0,0.05083783537605657,0.9033224780639202,116.53795285741913,1e-13,0.05,Gaussian Fitting,0.03642771021590831,18.21379149968628,True,False,True
12_turbulence_2_004,33637154,turbulence,2.0,20.0,0.05083783537605657,0.9033224780639202,116.53795285741913,1e-13,0.05,PSF Fitting,0.036717059258870574,18.358465277055217,True,False,True
12_turbulence_2_005,940950686,turbulence,2.0,20.0,0.05083783537605657,0.9033224780639202,163.05728176808333,1e-13,0.05,Intensity-Weighted Centroid,0.05058160807484684,25.290776401287903,True,False,True
12_turbulence_2_005,940950686,turbulence,2.0,20.0,0.05083783537605657,0.9033224780639202,163.05728176808333,1e-13,0.05,Gaussian Fitting,0.01392159984741426,6.960792029012778,True,False,True
12_turbulence_2_005,940950686,turbulence,2.0,20.0,0.05083783537605657,0.9033224780639202,163.05728176808333,1e-13,0.05,PSF Fitting,0.013524721134898929,6.762352984357433,True,False,True
12_turbulence_2_006,78340321,turbulence,2.0,20.0,0.05083783537605657,0.9033224780639202,133.12021106648524,1e-13,0.05,Intensity-Weighted Centroid,0.0728708178004571,36.43538240089975,True,False,True
12_turbulence_2_006,78340321,turbulence,2.0,20.0,0.05083783537605657,0.9033224780639202,133.12021106648524,1e-13,0.05,Gaussian Fitting,0.006761948308899744,3.380971719047314,True,False,True
12_turbulence_2_006,78340321,turbulence,2.0,20.0,0.05083783537605657,0.9033224780639202,133.12021106648524,1e-13,0.05,PSF Fitting,0.007219447749393447,3.6097213764105893,True,False,True
12_turbulence_2_007,630701430,turbulence,2.0,20.0,0.05083783537605657,0.9033224780639202,65.82265050533336,1e-13,0.05,Intensity-Weighted Centroid,0.4292585660387549,214.6292204248867,True,False,True
12_turbulence_2_007,630701430,turbulence,2.0,20.0,0.05083783537605657,0.9033224780639202,65.82265050533336,1e-13,0.05,Gaussian Fitting,0.015850450544079523,7.925223228405492,True,False,True
12_turbulence_2_007,630701430,turbulence,2.0,20.0,0.05083783537605657,0.9033224780639202,65.82265050533336,1e-13,0.05,PSF Fitting,0.01320014142889325,6.6000690084244376,True,False,True
12_turbulence_2_008,683172472,turbulence,2.0,20.0,0.05083783537605657,0.9033224780639202,97.13188513716702,1e-13,0.05,Intensity-Weighted Centroid,0.06205375945254785,31.026872772152277,True,False,True
12_turbulence_2_008,683172472,turbulence,2.0,20.0,0.05083783537605657,0.9033224780639202,97.13188513716702,1e-13,0.05,Gaussian Fitting,0.11036549940921185,55.18273688697076,True,False,True
12_turbulence_2_008,683172472,turbulence,2.0,20.0,0.05083783537605657,0.9033224780639202,97.13188513716702,1e-13,0.05,PSF Fitting,0.111241389731268,55.62068196900424,True,False,True
12_turbulence_2_009,35777791,turbulence,2.0,20.0,0.05083783537605657,0.9033224780639202,123.64712311234943,1e-13,0.05,Intensity-Weighted Centroid,0.0073634703185960545,3.6817313895381014,True,False,True
12_turbulence_2_009,35777791,turbulence,2.0,20.0,0.05083783537605657,0.9033224780639202,123.64712311234943,1e-13,0.05,Gaussian Fitting,0.038927499446883715,19.463729474517038,True,False,True
12_turbulence_2_009,35777791,turbulence,2.0,20.0,0.05083783537605657,0.9033224780639202,123.64712311234943,1e-13,0.05,PSF Fitting,0.039176000964606196,19.587980102496143,True,False,True
12_turbulence_2_010,326238588,turbulence,2.0,20.0,0.05083783537605657,0.9033224780639202,123.4453560031187,1e-13,0.05,Intensity-Weighted Centroid,0.07131731386529949,35.65862470402884,True,False,True
12_turbulence_2_010,326238588,turbulence,2.0,20.0,0.05083783537605657,0.9033224780639202,123.4453560031187,1e-13,0.05,Gaussian Fitting,0.024860537687360813,12.430259384911825,True,False,True
12_turbulence_2_010,326238588,turbulence,2.0,20.0,0.05083783537605657,0.9033224780639202,123.4453560031187,1e-13,0.05,PSF Fitting,0.02537206815066683,12.686024278593152,True,False,True
12_turbulence_2_011,870275197,turbulence,2.0,20.0,0.05083783537605657,0.9033224780639202,148.09545450800798,1e-13,0.05,Intensity-Weighted Centroid,0.06779084312122192,33.89537861777046,True,False,True
12_turbulence_2_011,870275197,turbulence,2.0,20.0,0.05083783537605657,0.9033224780639202,148.09545450800798,1e-13,0.05,Gaussian Fitting,0.02483763702307983,12.41881611157386,True,False,True
12_turbulence_2_011,870275197,turbulence,2.0,20.0,0.05083783537605657,0.9033224780639202,148.09545450800798,1e-13,0.05,PSF Fitting,0.025016846298664543,12.508420782973403,True,False,True
12_turbulence_2_012,504809294,turbulence,2.0,20.0,0.05083783537605657,0.9033224780639202,152.46634103875496,1e-13,0.05,Intensity-Weighted Centroid,0.10065540172432401,50.32768598494154,True,False,True
12_turbulence_2_012,504809294,turbulence,2.0,20.0,0.05083783537605657,0.9033224780639202,152.46634103875496,1e-13,0.05,Gaussian Fitting,0.02565100399459281,12.825497988276432,True,False,True
12_turbulence_2_012,504809294,turbulence,2.0,20.0,0.05083783537605657,0.9033224780639202,152.46634103875496,1e-13,0.05,PSF Fitting,0.025788219909251422,12.894105930648806,True,False,True
12_turbulence_2_013,572299220,turbulence,2.0,20.0,0.05083783537605657,0.9033224780639202,161.97221850425842,1e-13,0.05,Intensity-Weighted Centroid,0.1758447782830524,87.92236585550559,True,False,True
12_turbulence_2_013,572299220,turbulence,2.0,20.0,0.05083783537605657,0.9033224780639202,161.97221850425842,1e-13,0.05,Gaussian Fitting,0.005883566721197607,2.9417811315380242,True,False,True
12_turbulence_2_013,572299220,turbulence,2.0,20.0,0.05083783537605657,0.9033224780639202,161.97221850425842,1e-13,0.05,PSF Fitting,0.005696413075248266,2.848205702587925,True,False,True
12_turbulence_2_014,688148388,turbulence,2.0,20.0,0.05083783537605657,0.9033224780639202,118.1027814928497,1e-13,0.05,Intensity-Weighted Centroid,0.2542261074695184,127.11291575455348,True,False,True
12_turbulence_2_014,688148388,turbulence,2.0,20.0,0.05083783537605657,0.9033224780639202,118.1027814928497,1e-13,0.05,Gaussian Fitting,0.06651254809846759,33.25622319959555,True,False,True
12_turbulence_2_014,688148388,turbulence,2.0,20.0,0.05083783537605657,0.9033224780639202,118.1027814928497,1e-13,0.05,PSF Fitting,0.06644487577457955,33.22238712432827,True,False,True
12_turbulence_2_015,702191817,turbulence,2.0,20.0,0.05083783537605657,0.9033224780639202,145.73563819857006,1e-13,0.05,Intensity-Weighted Centroid,0.04828626168719556,24.143124651813885,True,False,True
12_turbulence_2_015,702191817,turbulence,2.0,20.0,0.05083783537605657,0.9033224780639202,145.73563819857006,1e-13,0.05,Gaussian Fitting,0.03243976594632007,16.21987903096141,True,False,True
12_turbulence_2_015,702191817,turbulence,2.0,20.0,0.05083783537605657,0.9033224780639202,145.73563819857006,1e-13,0.05,PSF Fitting,0.032295094280979,16.147543234991893,True,False,True
12_turbulence_2_016,860821205,turbulence,2.0,20.0,0.05083783537605657,0.9033224780639202,148.8853145842464,1e-13,0.05,Intensity-Weighted Centroid,0.1548854311109609,77.44219565065995,True,False,True
12_turbulence_2_016,860821205,turbulence,2.0,20.0,0.05083783537605657,0.9033224780639202,148.8853145842464,1e-13,0.05,Gaussian Fitting,0.08712179258163041,43.56069414511311,True,False,True
12_turbulence_2_016,860821205,turbulence,2.0,20.0,0.05083783537605657,0.9033224780639202,148.8853145842464,1e-13,0.05,PSF Fitting,0.0865783482806103,43.28897388788809,True,False,True
12_turbulence_2_017,748363501,turbulence,2.0,20.0,0.05083783537605657,0.9033224780639202,130.0418916113503,1e-13,0.05,Intensity-Weighted Centroid,0.2562485113406755,128.1235826857983,True,False,True
12_turbulence_2_017,748363501,turbulence,2.0,20.0,0.05083783537605657,0.9033224780639202,130.0418916113503,1e-13,0.05,Gaussian Fitting,0.03716190095716406,18.5808868201922,True,False,True
12_turbulence_2_017,748363501,turbulence,2.0,20.0,0.05083783537605657,0.9033224780639202,130.0418916113503,1e-13,0.05,PSF Fitting,0.03725587657734149,18.627874553332674,True,False,True
12_turbulence_2_018,740111002,turbulence,2.0,20.0,0.05083783537605657,0.9033224780639202,118.58169395885729,1e-13,0.05,Intensity-Weighted Centroid,0.3166688568874195,158.3344280578811,True,False,True
12_turbulence_2_018,740111002,turbulence,2.0,20.0,0.05083783537605657,0.9033224780639202,118.58169395885729,1e-13,0.05,Gaussian Fitting,0.0523274018191687,26.163700854346715,True,False,True
12_turbulence_2_018,740111002,turbulence,2.0,20.0,0.05083783537605657,0.9033224780639202,118.58169395885729,1e-13,0.05,PSF Fitting,0.05235899289108798,26.17949638985334,True,False,True
12_turbulence_2_019,97927063,turbulence,2.0,20.0,0.05083783537605657,0.9033224780639202,122.26786012228351,1e-13,0.05,Intensity-Weighted Centroid,0.17751260481496525,88.7562965361965,True,False,True
12_turbulence_2_019,97927063,turbulence,2.0,20.0,0.05083783537605657,0.9033224780639202,122.26786012228351,1e-13,0.05,Gaussian Fitting,0.08474471804824449,42.37235506245182,True,False,True
12_turbulence_2_019,97927063,turbulence,2.0,20.0,0.05083783537605657,0.9033224780639202,122.26786012228351,1e-13,0.05,PSF Fitting,0.08492509761320888,42.462544843275055,True,False,True
12_turbulence_2_020,680159782,turbulence,2.0,20.0,0.05083783537605657,0.9033224780639202,100.41990636798958,1e-13,0.05,Intensity-Weighted Centroid,0.09563018059027478,47.8150779509673,True,False,True
12_turbulence_2_020,680159782,turbulence,2.0,20.0,0.05083783537605657,0.9033224780639202,100.41990636798958,1e-13,0.05,Gaussian Fitting,0.06109560844303353,30.547797764646752,True,False,True
12_turbulence_2_020,680159782,turbulence,2.0,20.0,0.05083783537605657,0.9033224780639202,100.41990636798958,1e-13,0.05,PSF Fitting,0.06137202376766424,30.686005371005407,True,False,True
12_turbulence_2_021,753586827,turbulence,2.0,20.0,0.05083783537605657,0.9033224780639202,142.84353409720453,1e-13,0.05,Intensity-Weighted Centroid,0.05010867887422927,25.054293785126795,True,False,True
12_turbulence_2_021,753586827,turbulence,2.0,20.0,0.05083783537605657,0.9033224780639202,142.84353409720453,1e-13,0.05,Gaussian Fitting,0.009715585726431462,4.857785181858598,True,False,True
12_turbulence_2_021,753586827,turbulence,2.0,20.0,0.05083783537605657,0.9033224780639202,142.84353409720453,1e-13,0.05,PSF Fitting,0.009686101998058166,4.843043236497086,True,False,True
12_turbulence_2_022,131993369,turbulence,2.0,20.0,0.05083783537605657,0.9033224780639202,161.58232865501984,1e-13,0.05,Intensity-Weighted Centroid,0.1520017064475929,76.00059621033581,True,False,True
12_turbulence_2_022,131993369,turbulence,2.0,20.0,0.05083783537605657,0.9033224780639202,161.58232865501984,1e-13,0.05,Gaussian Fitting,0.02758211499799266,13.791003353750785,True,False,True
12_turbulence_2_022,131993369,turbulence,2.0,20.0,0.05083783537605657,0.9033224780639202,161.58232865501984,1e-13,0.05,PSF Fitting,0.027705529745240303,13.852710781877633,True,False,True
12_turbulence_2_023,348643538,turbulence,2.0,20.0,0.05083783537605657,0.9033224780639202,108.92028663201455,1e-13,0.05,Intensity-Weighted Centroid,0.3217921853976928,160.89604590514878,True,False,True
12_turbulence_2_023,348643538,turbulence,2.0,20.0,0.05083783537605657,0.9033224780639202,108.92028663201455,1e-13,0.05,Gaussian Fitting,0.044709506635022996,22.35472452640391,True,False,True
12_turbulence_2_023,348643538,turbulence,2.0,20.0,0.05083783537605657,0.9033224780639202,108.92028663201455,1e-13,0.05,PSF Fitting,0.04406666276251764,22.033302958234444,True,False,True
12_turbulence_2_024,968476188,turbulence,2.0,20.0,0.05083783537605657,0.9033224780639202,172.6472523888726,1e-13,0.05,Intensity-Weighted Centroid,0.20846562679031969,104.23252478164896,True,False,True
12_turbulence_2_024,968476188,turbulence,2.0,20.0,0.05083783537605657,0.9033224780639202,172.6472523888726,1e-13,0.05,Gaussian Fitting,0.041080575136034914,20.54023887151879,True,False,True
12_turbulence_2_024,968476188,turbulence,2.0,20.0,0.05083783537605657,0.9033224780639202,172.6472523888726,1e-13,0.05,PSF Fitting,0.04107070483579968,20.53530370742077,True,False,True
12_turbulence_2_025,714361394,turbulence,2.0,20.0,0.05083783537605657,0.9033224780639202,131.6617117773358,1e-13,0.05,Intensity-Weighted Centroid,0.18419056173160644,92.09476956613834,True,False,True
12_turbulence_2_025,714361394,turbulence,2.0,20.0,0.05083783537605657,0.9033224780639202,131.6617117773358,1e-13,0.05,Gaussian Fitting,0.037140933154890116,18.570438800017275,True,False,True
12_turbulence_2_025,714361394,turbulence,2.0,20.0,0.05083783537605657,0.9033224780639202,131.6617117773358,1e-13,0.05,PSF Fitting,0.037607694247202866,18.803818500399906,True,False,True
12_turbulence_2_026,770437272,turbulence,2.0,20.0,0.05083783537605657,0.9033224780639202,54.74900643105772,1e-13,0.05,Intensity-Weighted Centroid,0.48599988395382543,242.9999075131276,True,False,True
12_turbulence_2_026,770437272,turbulence,2.0,20.0,0.05083783537605657,0.9033224780639202,54.74900643105772,1e-13,0.05,Gaussian Fitting,0.04836564749088439,24.18281567666738,True,False,True
12_turbulence_2_026,770437272,turbulence,2.0,20.0,0.05083783537605657,0.9033224780639202,54.74900643105772,1e-13,0.05,PSF Fitting,0.05329122758001029,26.64560498577563,True,False,True
12_turbulence_2_027,255787579,turbulence,2.0,20.0,0.05083783537605657,0.9033224780639202,125.211848921184,1e-13,0.05,Intensity-Weighted Centroid,0.25606927619667336,128.0344341602644,True,False,True
12_turbulence_2_027,255787579,turbulence,2.0,20.0,0.05083783537605657,0.9033224780639202,125.211848921184,1e-13,0.05,Gaussian Fitting,0.07158829624563848,35.79410043498983,True,False,True
12_turbulence_2_027,255787579,turbulence,2.0,20.0,0.05083783537605657,0.9033224780639202,125.211848921184,1e-13,0.05,PSF Fitting,0.0708223221041604,35.411113576718854,True,False,True
12_turbulence_2_028,214660008,turbulence,2.0,20.0,0.05083783537605657,0.9033224780639202,217.9150178953413,1e-13,0.05,Intensity-Weighted Centroid,0.07208514086748238,36.042143526703335,True,False,True
12_turbulence_2_028,214660008,turbulence,2.0,20.0,0.05083783537605657,0.9033224780639202,217.9150178953413,1e-13,0.05,Gaussian Fitting,0.023472957244989188,11.736346680378647,True,False,True
12_turbulence_2_028,214660008,turbulence,2.0,20.0,0.05083783537605657,0.9033224780639202,217.9150178953413,1e-13,0.05,PSF Fitting,0.02346733222354987,11.733533799940584,True,False,True
12_turbulence_2_029,583522673,turbulence,2.0,20.0,0.05083783537605657,0.9033224780639202,117.90896399900016,1e-13,0.05,Intensity-Weighted Centroid,0.15254427840822837,76.2720740681968,True,False,True
12_turbulence_2_029,583522673,turbulence,2.0,20.0,0.05083783537605657,0.9033224780639202,117.90896399900016,1e-13,0.05,Gaussian Fitting,0.030480527604710206,15.240251992615738,True,False,True
12_turbulence_2_029,583522673,turbulence,2.0,20.0,0.05083783537605657,0.9033224780639202,117.90896399900016,1e-13,0.05,PSF Fitting,0.030730769135464398,15.365372661800663,True,False,True
12_turbulence_5_000,920524654,turbulence,5.0,20.0,0.05083783537605657,0.7755450729706159,170.68696544779837,1e-13,0.05,Intensity-Weighted Centroid,0.14589189778286413,72.9459095125028,True,False,True
12_turbulence_5_000,920524654,turbulence,5.0,20.0,0.05083783537605657,0.7755450729706159,170.68696544779837,1e-13,0.05,Gaussian Fitting,0.03259640149564138,16.298197559945773,True,False,True
12_turbulence_5_000,920524654,turbulence,5.0,20.0,0.05083783537605657,0.7755450729706159,170.68696544779837,1e-13,0.05,PSF Fitting,0.032037839831560125,16.018916798387536,True,False,True
12_turbulence_5_001,63730167,turbulence,5.0,20.0,0.05083783537605657,0.7755450729706159,63.29134745003079,1e-13,0.05,Intensity-Weighted Centroid,0.34595699897133925,172.97808581213394,True,False,True
12_turbulence_5_001,63730167,turbulence,5.0,20.0,0.05083783537605657,0.7755450729706159,63.29134745003079,1e-13,0.05,Gaussian Fitting,0.0655470101604502,32.77343695040875,True,False,True
12_turbulence_5_001,63730167,turbulence,5.0,20.0,0.05083783537605657,0.7755450729706159,63.29134745003079,1e-13,0.05,PSF Fitting,0.06011225792964151,30.05606851823459,True,False,True
12_turbulence_5_002,386871026,turbulence,5.0,20.0,0.05083783537605657,0.7755450729706159,92.23516936900738,1e-13,0.05,Intensity-Weighted Centroid,0.1231584394260812,61.5791827091902,True,False,True
12_turbulence_5_002,386871026,turbulence,5.0,20.0,0.05083783537605657,0.7755450729706159,92.23516936900738,1e-13,0.05,Gaussian Fitting,0.04357107732709952,21.78551213502421,True,False,True
12_turbulence_5_002,386871026,turbulence,5.0,20.0,0.05083783537605657,0.7755450729706159,92.23516936900738,1e-13,0.05,PSF Fitting,0.04299961095649741,21.499779073302008,True,False,True
12_turbulence_5_003,425722397,turbulence,5.0,20.0,0.05083783537605657,0.7755450729706159,91.08122315154628,1e-13,0.05,Intensity-Weighted Centroid,0.2712227484227009,135.61113064581397,True,False,True
12_turbulence_5_003,425722397,turbulence,5.0,20.0,0.05083783537605657,0.7755450729706159,91.08122315154628,1e-13,0.05,Gaussian Fitting,0.04794831866898251,23.97408496252977,True,False,True
12_turbulence_5_003,425722397,turbulence,5.0,20.0,0.05083783537605657,0.7755450729706159,91.08122315154628,1e-13,0.05,PSF Fitting,0.04801910191269187,24.009476139558252,True,False,True
12_turbulence_5_004,975188109,turbulence,5.0,20.0,0.05083783537605657,0.7755450729706159,168.20935542321251,1e-13,0.05,Intensity-Weighted Centroid,0.08003344187732907,40.01666824913906,True,False,True
12_turbulence_5_004,975188109,turbulence,5.0,20.0,0.05083783537605657,0.7755450729706159,168.20935542321251,1e-13,0.05,Gaussian Fitting,0.012143821547453299,6.071893077836875,True,False,True
12_turbulence_5_004,975188109,turbulence,5.0,20.0,0.05083783537605657,0.7755450729706159,168.20935542321251,1e-13,0.05,PSF Fitting,0.012352609806920148,6.1762869260576725,True,False,True
12_turbulence_5_005,973111626,turbulence,5.0,20.0,0.05083783537605657,0.7755450729706159,130.99929633787195,1e-13,0.05,Intensity-Weighted Centroid,0.1536564831083712,76.82822938698355,True,False,True
12_turbulence_5_005,973111626,turbulence,5.0,20.0,0.05083783537605657,0.7755450729706159,130.99929633787195,1e-13,0.05,Gaussian Fitting,0.02988090301283737,14.940450238583356,True,False,True
12_turbulence_5_005,973111626,turbulence,5.0,20.0,0.05083783537605657,0.7755450729706159,130.99929633787195,1e-13,0.05,PSF Fitting,0.029536945287561088,14.768471433801958,True,False,True
12_turbulence_5_006,316554249,turbulence,5.0,20.0,0.05083783537605657,0.7755450729706159,79.95813226582852,1e-13,0.05,Intensity-Weighted Centroid,0.0680088077230327,34.00437744271581,True,False,True
12_turbulence_5_006,316554249,turbulence,5.0,20.0,0.05083783537605657,0.7755450729706159,79.95813226582852,1e-13,0.05,Gaussian Fitting,0.04373677095788559,21.868369162415753,True,False,True
12_turbulence_5_006,316554249,turbulence,5.0,20.0,0.05083783537605657,0.7755450729706159,79.95813226582852,1e-13,0.05,PSF Fitting,0.04511191873654203,22.555942588424735,True,False,True
12_turbulence_5_007,94823177,turbulence,5.0,20.0,0.05083783537605657,0.7755450729706159,106.41808881755122,1e-13,0.05,Intensity-Weighted Centroid,0.19286908878998388,96.43426917014148,True,False,True
12_turbulence_5_007,94823177,turbulence,5.0,20.0,0.05083783537605657,0.7755450729706159,106.41808881755122,1e-13,0.05,Gaussian Fitting,0.065131595413306,32.56576843456827,True,False,True
12_turbulence_5_007,94823177,turbulence,5.0,20.0,0.05083783537605657,0.7755450729706159,106.41808881755122,1e-13,0.05,PSF Fitting,0.06480794677049649,32.40394570716483,True,False,True
12_turbulence_5_008,283856478,turbulence,5.0,20.0,0.05083783537605657,0.7755450729706159,90.69053945156446,1e-13,0.05,Intensity-Weighted Centroid,0.10487491049701783,52.437449639749275,True,False,True
12_turbulence_5_008,283856478,turbulence,5.0,20.0,0.05083783537605657,0.7755450729706159,90.69053945156446,1e-13,0.05,Gaussian Fitting,0.04770554711625186,23.85276942193941,True,False,True
12_turbulence_5_008,283856478,turbulence,5.0,20.0,0.05083783537605657,0.7755450729706159,90.69053945156446,1e-13,0.05,PSF Fitting,0.04888369659687409,24.44184418584939,True,False,True
12_turbulence_5_009,410635878,turbulence,5.0,20.0,0.05083783537605657,0.7755450729706159,105.18339362463166,1e-13,0.05,Intensity-Weighted Centroid,0.17512560089162524,87.56242806759418,True,False,True
12_turbulence_5_009,410635878,turbulence,5.0,20.0,0.05083783537605657,0.7755450729706159,105.18339362463166,1e-13,0.05,Gaussian Fitting,0.053588444769078133,26.7941022796486,True,False,True
12_turbulence_5_009,410635878,turbulence,5.0,20.0,0.05083783537605657,0.7755450729706159,105.18339362463166,1e-13,0.05,PSF Fitting,0.05343482898812253,26.717294752222593,True,False,True
12_turbulence_5_010,642940462,turbulence,5.0,20.0,0.05083783537605657,0.7755450729706159,122.24810046937753,1e-13,0.05,Intensity-Weighted Centroid,0.17436603212717897,87.18292656159304,True,False,True
12_turbulence_5_010,642940462,turbulence,5.0,20.0,0.05083783537605657,0.7755450729706159,122.24810046937753,1e-13,0.05,Gaussian Fitting,0.027573786463875906,13.786879081511305,True,False,True
12_turbulence_5_010,642940462,turbulence,5.0,20.0,0.05083783537605657,0.7755450729706159,122.24810046937753,1e-13,0.05,PSF Fitting,0.0275942287162936,13.79710056006075,True,False,True
12_turbulence_5_011,323581663,turbulence,5.0,20.0,0.05083783537605657,0.7755450729706159,91.60660015822901,1e-13,0.05,Intensity-Weighted Centroid,0.27261626075498113,136.30787908052793,True,False,True
12_turbulence_5_011,323581663,turbulence,5.0,20.0,0.05083783537605657,0.7755450729706159,91.60660015822901,1e-13,0.05,Gaussian Fitting,0.04511443052243582,22.557190183557516,True,False,True
12_turbulence_5_011,323581663,turbulence,5.0,20.0,0.05083783537605657,0.7755450729706159,91.60660015822901,1e-13,0.05,PSF Fitting,0.04472992090284346,22.364941494167077,True,False,True
12_turbulence_5_012,842995806,turbulence,5.0,20.0,0.05083783537605657,0.7755450729706159,130.89413547271255,1e-13,0.05,Intensity-Weighted Centroid,0.033468917611787316,16.734458776061302,True,False,True
12_turbulence_5_012,842995806,turbulence,5.0,20.0,0.05083783537605657,0.7755450729706159,130.89413547271255,1e-13,0.05,Gaussian Fitting,0.03393938087942532,16.96967170191112,True,False,True
12_turbulence_5_012,842995806,turbulence,5.0,20.0,0.05083783537605657,0.7755450729706159,130.89413547271255,1e-13,0.05,PSF Fitting,0.034737600666972845,17.36878098195683,True,False,True
12_turbulence_5_013,800241534,turbulence,5.0,20.0,0.05083783537605657,0.7755450729706159,143.08332097581473,1e-13,0.05,Intensity-Weighted Centroid,0.21987664313312572,109.93738733995976,True,False,True
12_turbulence_5_013,800241534,turbulence,5.0,20.0,0.05083783537605657,0.7755450729706159,143.08332097581473,1e-13,0.05,Gaussian Fitting,0.04758118624119986,23.79045804635656,True,False,True
12_turbulence_5_013,800241534,turbulence,5.0,20.0,0.05083783537605657,0.7755450729706159,143.08332097581473,1e-13,0.05,PSF Fitting,0.04781305601571739,23.906393101229934,True,False,True
12_turbulence_5_014,832828657,turbulence,5.0,20.0,0.05083783537605657,0.7755450729706159,53.670853793774896,1e-13,0.05,Intensity-Weighted Centroid,0.4612484240990175,230.62409050640102,True,False,True
12_turbulence_5_014,832828657,turbulence,5.0,20.0,0.05083783537605657,0.7755450729706159,53.670853793774896,1e-13,0.05,Gaussian Fitting,0.08116401063595002,40.58197781719565,True,False,True
12_turbulence_5_014,832828657,turbulence,5.0,20.0,0.05083783537605657,0.7755450729706159,53.670853793774896,1e-13,0.05,PSF Fitting,0.08195426204980143,40.97710330057752,True,False,True
12_turbulence_5_015,811972328,turbulence,5.0,20.0,0.05083783537605657,0.7755450729706159,155.0213521116218,1e-13,0.05,Intensity-Weighted Centroid,0.12711564088846788,63.55767756575953,True,False,True
12_turbulence_5_015,811972328,turbulence,5.0,20.0,0.05083783537605657,0.7755450729706159,155.0213521116218,1e-13,0.05,Gaussian Fitting,0.053760293473872844,26.880084907875492,True,False,True
12_turbulence_5_015,811972328,turbulence,5.0,20.0,0.05083783537605657,0.7755450729706159,155.0213521116218,1e-13,0.05,PSF Fitting,0.05322406100885057,26.611969313580076,True,False,True
12_turbulence_5_016,625159000,turbulence,5.0,20.0,0.05083783537605657,0.7755450729706159,142.35342663454426,1e-13,0.05,Intensity-Weighted Centroid,0.2160795819971836,108.03958646394823,True,False,True
12_turbulence_5_016,625159000,turbulence,5.0,20.0,0.05083783537605657,0.7755450729706159,142.35342663454426,1e-13,0.05,Gaussian Fitting,0.05364345203962162,26.821688034103165,True,False,True
12_turbulence_5_016,625159000,turbulence,5.0,20.0,0.05083783537605657,0.7755450729706159,142.35342663454426,1e-13,0.05,PSF Fitting,0.05325538879982248,26.627656687477433,True,False,True
12_turbulence_5_017,491303658,turbulence,5.0,20.0,0.05083783537605657,0.7755450729706159,174.4809542012037,1e-13,0.05,Intensity-Weighted Centroid,0.3495957608436966,174.79763063504188,True,False,True
12_turbulence_5_017,491303658,turbulence,5.0,20.0,0.05083783537605657,0.7755450729706159,174.4809542012037,1e-13,0.05,Gaussian Fitting,0.04888850710314412,24.44423589240715,True,False,True
12_turbulence_5_017,491303658,turbulence,5.0,20.0,0.05083783537605657,0.7755450729706159,174.4809542012037,1e-13,0.05,PSF Fitting,0.04905461205038464,24.527288334539342,True,False,True
12_turbulence_5_018,984807119,turbulence,5.0,20.0,0.05083783537605657,0.7755450729706159,123.11714934398385,1e-13,0.05,Intensity-Weighted Centroid,0.1037022673093729,51.851117382148914,True,False,True
12_turbulence_5_018,984807119,turbulence,5.0,20.0,0.05083783537605657,0.7755450729706159,123.11714934398385,1e-13,0.05,Gaussian Fitting,0.031074679035851264,15.537334832118018,True,False,True
12_turbulence_5_018,984807119,turbulence,5.0,20.0,0.05083783537605657,0.7755450729706159,123.11714934398385,1e-13,0.05,PSF Fitting,0.031193591810376228,15.596791100463212,True,False,True
12_turbulence_5_019,293420912,turbulence,5.0,20.0,0.05083783537605657,0.7755450729706159,83.23294871827426,1e-13,0.05,Intensity-Weighted Centroid,0.022861313623910997,11.430644664210368,True,False,True
12_turbulence_5_019,293420912,turbulence,5.0,20.0,0.05083783537605657,0.7755450729706159,83.23294871827426,1e-13,0.05,Gaussian Fitting,0.1201226424844393,60.06098755089797,True,False,True
12_turbulence_5_019,293420912,turbulence,5.0,20.0,0.05083783537605657,0.7755450729706159,83.23294871827426,1e-13,0.05,PSF Fitting,0.12003764463727207,60.01848690050325,True,False,True
12_turbulence_5_020,613491202,turbulence,5.0,20.0,0.05083783537605657,0.7755450729706159,171.08471097024935,1e-13,0.05,Intensity-Weighted Centroid,0.21804972903921002,109.02484285355212,True,False,True
12_turbulence_5_020,613491202,turbulence,5.0,20.0,0.05083783537605657,0.7755450729706159,171.08471097024935,1e-13,0.05,Gaussian Fitting,0.030317223115344735,15.158608339690813,True,False,True
12_turbulence_5_020,613491202,turbulence,5.0,20.0,0.05083783537605657,0.7755450729706159,171.08471097024935,1e-13,0.05,PSF Fitting,0.030439791742666367,15.219892608189136,True,False,True
12_turbulence_5_021,298895135,turbulence,5.0,20.0,0.05083783537605657,0.7755450729706159,107.41882340844457,1e-13,0.05,Intensity-Weighted Centroid,0.14805977592889427,74.02978622985843,True,False,True
12_turbulence_5_021,298895135,turbulence,5.0,20.0,0.05083783537605657,0.7755450729706159,107.41882340844457,1e-13,0.05,Gaussian Fitting,0.017651246085494055,8.825603627883478,True,False,True
12_turbulence_5_021,298895135,turbulence,5.0,20.0,0.05083783537605657,0.7755450729706159,107.41882340844457,1e-13,0.05,PSF Fitting,0.01745064585111937,8.725303670940534,True,False,True
12_turbulence_5_022,75007494,turbulence,5.0,20.0,0.05083783537605657,0.7755450729706159,111.88847831462628,1e-13,0.05,Intensity-Weighted Centroid,0.08803124769671868,44.015497359910576,True,False,True
12_turbulence_5_022,75007494,turbulence,5.0,20.0,0.05083783537605657,0.7755450729706159,111.88847831462628,1e-13,0.05,Gaussian Fitting,0.008769544355593005,4.384766715609919,True,False,True
12_turbulence_5_022,75007494,turbulence,5.0,20.0,0.05083783537605657,0.7755450729706159,111.88847831462628,1e-13,0.05,PSF Fitting,0.008912986329320955,4.456487606029206,True,False,True
12_turbulence_5_023,862490126,turbulence,5.0,20.0,0.05083783537605657,0.7755450729706159,74.0647058189422,1e-13,0.05,Intensity-Weighted Centroid,0.32777609613519526,163.88665394296078,True,False,True
12_turbulence_5_023,862490126,turbulence,5.0,20.0,0.05083783537605657,0.7755450729706159,74.0647058189422,1e-13,0.05,Gaussian Fitting,0.02847577928130154,14.237865964615487,True,False,True
12_turbulence_5_023,862490126,turbulence,5.0,20.0,0.05083783537605657,0.7755450729706159,74.0647058189422,1e-13,0.05,PSF Fitting,0.02850963771658302,14.254795446687925,True,False,True
12_turbulence_5_024,340792820,turbulence,5.0,20.0,0.05083783537605657,0.7755450729706159,129.70812191014946,1e-13,0.05,Intensity-Weighted Centroid,0.13075892459001953,65.37940899875703,True,False,True
12_turbulence_5_024,340792820,turbulence,5.0,20.0,0.05083783537605657,0.7755450729706159,129.70812191014946,1e-13,0.05,Gaussian Fitting,0.056452168643181,28.226060791820675,True,False,True
12_turbulence_5_024,340792820,turbulence,5.0,20.0,0.05083783537605657,0.7755450729706159,129.70812191014946,1e-13,0.05,PSF Fitting,0.055851057470486555,27.925505447126273,True,False,True
12_turbulence_5_025,875796464,turbulence,5.0,20.0,0.05083783537605657,0.7755450729706159,88.60021759540534,1e-13,0.05,Intensity-Weighted Centroid,0.5716475721742539,285.8225244301006,True,False,True
12_turbulence_5_025,875796464,turbulence,5.0,20.0,0.05083783537605657,0.7755450729706159,88.60021759540534,1e-13,0.05,Gaussian Fitting,0.02747310192534537,13.73649634412976,True,False,True
12_turbulence_5_025,875796464,turbulence,5.0,20.0,0.05083783537605657,0.7755450729706159,88.60021759540534,1e-13,0.05,PSF Fitting,0.02934069019930043,14.670288206993103,True,False,True
12_turbulence_5_026,34839290,turbulence,5.0,20.0,0.05083783537605657,0.7755450729706159,66.67981563247515,1e-13,0.05,Intensity-Weighted Centroid,0.6208503605245057,310.4250893947488,True,False,True
12_turbulence_5_026,34839290,turbulence,5.0,20.0,0.05083783537605657,0.7755450729706159,66.67981563247515,1e-13,0.05,Gaussian Fitting,0.01119343736486477,5.596717586708676,True,False,True
12_turbulence_5_026,34839290,turbulence,5.0,20.0,0.05083783537605657,0.7755450729706159,66.67981563247515,1e-13,0.05,PSF Fitting,0.012275116907112114,6.137557231309762,True,False,True
12_turbulence_5_027,894092849,turbulence,5.0,20.0,0.05083783537605657,0.7755450729706159,104.62907281319863,1e-13,0.05,Intensity-Weighted Centroid,0.2835935986986544,141.79666816719413,True,False,True
12_turbulence_5_027,894092849,turbulence,5.0,20.0,0.05083783537605657,0.7755450729706159,104.62907281319863,1e-13,0.05,Gaussian Fitting,0.016860095441564332,8.43003993791205,True,False,True
12_turbulence_5_027,894092849,turbulence,5.0,20.0,0.05083783537605657,0.7755450729706159,104.62907281319863,1e-13,0.05,PSF Fitting,0.016211452905171155,8.105718970346132,True,False,True
12_turbulence_5_028,830449838,turbulence,5.0,20.0,0.05083783537605657,0.7755450729706159,141.34391226934486,1e-13,0.05,Intensity-Weighted Centroid,0.06278524831811207,31.392620132615594,True,False,True
12_turbulence_5_028,830449838,turbulence,5.0,20.0,0.05083783537605657,0.7755450729706159,141.34391226934486,1e-13,0.05,Gaussian Fitting,0.01268618998792413,6.343094327950104,True,False,True
12_turbulence_5_028,830449838,turbulence,5.0,20.0,0.05083783537605657,0.7755450729706159,141.34391226934486,1e-13,0.05,PSF Fitting,0.012523846243815254,6.261922468222934,True,False,True
12_turbulence_5_029,207719783,turbulence,5.0,20.0,0.05083783537605657,0.7755450729706159,120.94190120715506,1e-13,0.05,Intensity-Weighted Centroid,0.36174460473500125,180.8723012378582,True,False,True
12_turbulence_5_029,207719783,turbulence,5.0,20.0,0.05083783537605657,0.7755450729706159,120.94190120715506,1e-13,0.05,Gaussian Fitting,0.047213627444684714,23.6068007953698,True,False,True
12_turbulence_5_029,207719783,turbulence,5.0,20.0,0.05083783537605657,0.7755450729706159,120.94190120715506,1e-13,0.05,PSF Fitting,0.04774222665144858,23.871101320882538,True,False,True
12_turbulence_10_000,640248368,turbulence,10.0,20.0,0.05083783537605657,0.6014701602089979,83.67926698549476,1e-13,0.05,Intensity-Weighted Centroid,0.24574030005311784,122.870054803696,True,False,True
12_turbulence_10_000,640248368,turbulence,10.0,20.0,0.05083783537605657,0.6014701602089979,83.67926698549476,1e-13,0.05,Gaussian Fitting,0.031401098449550434,15.700538819307624,True,False,True
12_turbulence_10_000,640248368,turbulence,10.0,20.0,0.05083783537605657,0.6014701602089979,83.67926698549476,1e-13,0.05,PSF Fitting,0.031160626058079226,15.58030268635897,True,False,True
12_turbulence_10_001,96926131,turbulence,10.0,20.0,0.05083783537605657,0.6014701602089979,134.64439539772795,1e-13,0.05,Intensity-Weighted Centroid,0.1102255175381306,55.11273724832021,True,False,True
12_turbulence_10_001,96926131,turbulence,10.0,20.0,0.05083783537605657,0.6014701602089979,134.64439539772795,1e-13,0.05,Gaussian Fitting,0.023672043110765293,11.83601829556631,True,False,True
12_turbulence_10_001,96926131,turbulence,10.0,20.0,0.05083783537605657,0.6014701602089979,134.64439539772795,1e-13,0.05,PSF Fitting,0.02361373979974631,11.806866627328663,True,False,True
12_turbulence_10_002,687628142,turbulence,10.0,20.0,0.05083783537605657,0.6014701602089979,71.41285522435199,1e-13,0.05,Intensity-Weighted Centroid,0.2588751755453587,129.4372886131925,True,False,True
12_turbulence_10_002,687628142,turbulence,10.0,20.0,0.05083783537605657,0.6014701602089979,71.41285522435199,1e-13,0.05,Gaussian Fitting,0.05871769023377017,29.358780039745096,True,False,True
12_turbulence_10_002,687628142,turbulence,10.0,20.0,0.05083783537605657,0.6014701602089979,71.41285522435199,1e-13,0.05,PSF Fitting,0.06451384049025015,32.256848327094495,True,False,True
12_turbulence_10_003,605722462,turbulence,10.0,20.0,0.05083783537605657,0.6014701602089979,117.57416018589652,1e-13,0.05,Intensity-Weighted Centroid,0.37959489019326037,189.79700441722747,True,False,True
12_turbulence_10_003,605722462,turbulence,10.0,20.0,0.05083783537605657,0.6014701602089979,117.57416018589652,1e-13,0.05,Gaussian Fitting,0.01249932626517207,6.249630326019352,True,False,True
12_turbulence_10_003,605722462,turbulence,10.0,20.0,0.05083783537605657,0.6014701602089979,117.57416018589652,1e-13,0.05,PSF Fitting,0.013317249384028363,6.65859013796107,True,False,True
12_turbulence_10_004,405032658,turbulence,10.0,20.0,0.05083783537605657,0.6014701602089979,66.88517728360101,1e-13,0.05,Intensity-Weighted Centroid,0.3952855499015204,197.64270601017193,True,False,True
12_turbulence_10_004,405032658,turbulence,10.0,20.0,0.05083783537605657,0.6014701602089979,66.88517728360101,1e-13,0.05,Gaussian Fitting,0.11353862082231786,56.76926264728841,True,False,True
12_turbulence_10_004,405032658,turbulence,10.0,20.0,0.05083783537605657,0.6014701602089979,66.88517728360101,1e-13,0.05,PSF Fitting,0.10645430125227749,53.227105984186956,True,False,True
12_turbulence_10_005,808873512,turbulence,10.0,20.0,0.05083783537605657,0.6014701602089979,81.80897200917387,1e-13,0.05,Intensity-Weighted Centroid,0.13051345882974652,65.25672575246936,True,False,True
12_turbulence_10_005,808873512,turbulence,10.0,20.0,0.05083783537605657,0.6014701602089979,81.80897200917387,1e-13,0.05,Gaussian Fitting,0.09056102662059767,45.2805099688611,True,False,True
12_turbulence_10_005,808873512,turbulence,10.0,20.0,0.05083783537605657,0.6014701602089979,81.80897200917387,1e-13,0.05,PSF Fitting,0.09061507277864886,45.30753305284246,True,False,True
12_turbulence_10_006,391552069,turbulence,10.0,20.0,0.05083783537605657,0.6014701602089979,62.63189157072346,1e-13,0.05,Intensity-Weighted Centroid,0.24198523338786262,120.99223422468532,True,False,True
12_turbulence_10_006,391552069,turbulence,10.0,20.0,0.05083783537605657,0.6014701602089979,62.63189157072346,1e-13,0.05,Gaussian Fitting,0.06678422039150574,33.39202825839636,True,False,True
12_turbulence_10_006,391552069,turbulence,10.0,20.0,0.05083783537605657,0.6014701602089979,62.63189157072346,1e-13,0.05,PSF Fitting,0.0675624815912849,33.781158826474105,True,False,True
12_turbulence_10_007,362679957,turbulence,10.0,20.0,0.05083783537605657,0.6014701602089979,137.4068165529882,1e-13,0.05,Intensity-Weighted Centroid,0.26066474386901395,130.33230735514547,True,False,True
12_turbulence_10_007,362679957,turbulence,10.0,20.0,0.05083783537605657,0.6014701602089979,137.4068165529882,1e-13,0.05,Gaussian Fitting,0.028013091301908166,14.006527130423384,True,False,True
12_turbulence_10_007,362679957,turbulence,10.0,20.0,0.05083783537605657,0.6014701602089979,137.4068165529882,1e-13,0.05,PSF Fitting,0.027990987265318203,13.995475352645897,True,False,True
12_turbulence_10_008,933759577,turbulence,10.0,20.0,0.05083783537605657,0.6014701602089979,80.88128333134632,1e-13,0.05,Intensity-Weighted Centroid,0.35809448242425396,179.0471746396366,True,False,True
12_turbulence_10_008,933759577,turbulence,10.0,20.0,0.05083783537605657,0.6014701602089979,80.88128333134632,1e-13,0.05,Gaussian Fitting,0.10515210469708723,52.576029141451315,True,False,True
12_turbulence_10_008,933759577,turbulence,10.0,20.0,0.05083783537605657,0.6014701602089979,80.88128333134632,1e-13,0.05,PSF Fitting,0.1064315213188724,53.21573715177572,True,False,True
12_turbulence_10_009,544549723,turbulence,10.0,20.0,0.05083783537605657,0.6014701602089979,24.3166318053335,1e-13,0.05,Intensity-Weighted Centroid,0.6448276945382074,322.4116281716568,True,False,True
12_turbulence_10_009,544549723,turbulence,10.0,20.0,0.05083783537605657,0.6014701602089979,24.3166318053335,1e-13,0.05,Gaussian Fitting,0.06504761996703079,32.523700134540285,True,False,True
12_turbulence_10_009,544549723,turbulence,10.0,20.0,0.05083783537605657,0.6014701602089979,24.3166318053335,1e-13,0.05,PSF Fitting,0.06667157406392843,33.335648384748765,True,False,True
12_turbulence_10_010,615393230,turbulence,10.0,20.0,0.05083783537605657,0.6014701602089979,98.04530383894651,1e-13,0.05,Intensity-Weighted Centroid,0.21810948071395236,109.05452192791626,True,False,True
12_turbulence_10_010,615393230,turbulence,10.0,20.0,0.05083783537605657,0.6014701602089979,98.04530383894651,1e-13,0.05,Gaussian Fitting,0.06924083406360805,34.62032981315136,True,False,True
12_turbulence_10_010,615393230,turbulence,10.0,20.0,0.05083783537605657,0.6014701602089979,98.04530383894651,1e-13,0.05,PSF Fitting,0.07034325411035575,35.171540056295854,True,False,True
12_turbulence_10_011,294827167,turbulence,10.0,20.0,0.05083783537605657,0.6014701602089979,87.94168938506286,1e-13,0.05,Intensity-Weighted Centroid,0.21632733247165814,108.16365914305287,True,False,True
12_turbulence_10_011,294827167,turbulence,10.0,20.0,0.05083783537605657,0.6014701602089979,87.94168938506286,1e-13,0.05,Gaussian Fitting,0.08135801572347617,40.679004303716574,True,False,True
12_turbulence_10_011,294827167,turbulence,10.0,20.0,0.05083783537605657,0.6014701602089979,87.94168938506286,1e-13,0.05,PSF Fitting,0.08132066106737904,40.66032703989509,True,False,True
12_turbulence_10_012,67469016,turbulence,10.0,20.0,0.05083783537605657,0.6014701602089979,63.94863646298431,1e-13,0.05,Intensity-Weighted Centroid,0.3840029163280987,192.0011746156922,True,False,True
12_turbulence_10_012,67469016,turbulence,10.0,20.0,0.05083783537605657,0.6014701602089979,63.94863646298431,1e-13,0.05,Gaussian Fitting,0.10531647158671767,52.65815110518357,True,False,True
12_turbulence_10_012,67469016,turbulence,10.0,20.0,0.05083783537605657,0.6014701602089979,63.94863646298431,1e-13,0.05,PSF Fitting,0.10314174750148415,51.57079088717233,True,False,True
12_turbulence_10_013,809959352,turbulence,10.0,20.0,0.05083783537605657,0.6014701602089979,68.00347330393475,1e-13,0.05,Intensity-Weighted Centroid,0.37594287343910554,187.97143074665692,True,False,True
12_turbulence_10_013,809959352,turbulence,10.0,20.0,0.05083783537605657,0.6014701602089979,68.00347330393475,1e-13,0.05,Gaussian Fitting,0.006657551819149222,3.328775885976669,True,False,True
12_turbulence_10_013,809959352,turbulence,10.0,20.0,0.05083783537605657,0.6014701602089979,68.00347330393475,1e-13,0.05,PSF Fitting,0.006795993585020148,3.3979967661386086,True,False,True
12_turbulence_10_014,867188623,turbulence,10.0,20.0,0.05083783537605657,0.6014701602089979,98.76242424514237,1e-13,0.05,Intensity-Weighted Centroid,0.059942910656114526,29.971418252254573,True,False,True
12_turbulence_10_014,867188623,turbulence,10.0,20.0,0.05083783537605657,0.6014701602089979,98.76242424514237,1e-13,0.05,Gaussian Fitting,0.029834783853181415,14.917362120891603,True,False,True
12_turbulence_10_014,867188623,turbulence,10.0,20.0,0.05083783537605657,0.6014701602089979,98.76242424514237,1e-13,0.05,PSF Fitting,0.030116141713975496,15.058040854732702,True,False,True
12_turbulence_10_015,100040946,turbulence,10.0,20.0,0.05083783537605657,0.6014701602089979,87.76764151279656,1e-13,0.05,Intensity-Weighted Centroid,0.09449811892395567,47.24905699536706,True,False,True
12_turbulence_10_015,100040946,turbulence,10.0,20.0,0.05083783537605657,0.6014701602089979,87.76764151279656,1e-13,0.05,Gaussian Fitting,0.044152796510661396,22.076383448095147,True,False,True
12_turbulence_10_015,100040946,turbulence,10.0,20.0,0.05083783537605657,0.6014701602089979,87.76764151279656,1e-13,0.05,PSF Fitting,0.043522387677854706,21.761179254560304,True,False,True
12_turbulence_10_016,846649032,turbulence,10.0,20.0,0.05083783537605657,0.6014701602089979,51.50959992461886,1e-13,0.05,Intensity-Weighted Centroid,0.7057888433989383,352.89405890562296,True,False,True
12_turbulence_10_016,846649032,turbulence,10.0,20.0,0.05083783537605657,0.6014701602089979,51.50959992461886,1e-13,0.05,Gaussian Fitting,0.14664200346766706,73.3208752348465,True,False,True
12_turbulence_10_016,846649032,turbulence,10.0,20.0,0.05083783537605657,0.6014701602089979,51.50959992461886,1e-13,0.05,PSF Fitting,0.1426469340792891,71.32334148901404,True,False,True
12_turbulence_10_017,323327072,turbulence,10.0,20.0,0.05083783537605657,0.6014701602089979,69.31494984250942,1e-13,0.05,Intensity-Weighted Centroid,0.29407493393113476,147.0373781879758,True,False,True
12_turbulence_10_017,323327072,turbulence,10.0,20.0,0.05083783537605657,0.6014701602089979,69.31494984250942,1e-13,0.05,Gaussian Fitting,0.06588194406405304,32.94096046142378,True,False,True
12_turbulence_10_017,323327072,turbulence,10.0,20.0,0.05083783537605657,0.6014701602089979,69.31494984250942,1e-13,0.05,PSF Fitting,0.06733567946963945,33.66782755933414,True,False,True
12_turbulence_10_018,920477529,turbulence,10.0,20.0,0.05083783537605657,0.6014701602089979,91.30362458185365,1e-13,0.05,Intensity-Weighted Centroid,0.21373495878298698,106.86628529579293,True,False,True
12_turbulence_10_018,920477529,turbulence,10.0,20.0,0.05083783537605657,0.6014701602089979,91.30362458185365,1e-13,0.05,Gaussian Fitting,0.059424927368499296,29.712190923469475,True,False,True
12_turbulence_10_018,920477529,turbulence,10.0,20.0,0.05083783537605657,0.6014701602089979,91.30362458185365,1e-13,0.05,PSF Fitting,0.05915558843810076,29.577523292121366,True,False,True
12_turbulence_10_019,225438438,turbulence,10.0,20.0,0.05083783537605657,0.6014701602089979,82.84068831861654,1e-13,0.05,Intensity-Weighted Centroid,0.14212924970108606,71.06461069834414,True,False,True
12_turbulence_10_019,225438438,turbulence,10.0,20.0,0.05083783537605657,0.6014701602089979,82.84068831861654,1e-13,0.05,Gaussian Fitting,0.01938555955227349,9.692779355624461,True,False,True
12_turbulence_10_019,225438438,turbulence,10.0,20.0,0.05083783537605657,0.6014701602089979,82.84068831861654,1e-13,0.05,PSF Fitting,0.019263627999643856,9.631813522228482,True,False,True
12_turbulence_10_020,511023926,turbulence,10.0,20.0,0.05083783537605657,0.6014701602089979,114.60646802960048,1e-13,0.05,Intensity-Weighted Centroid,0.12924155131035403,64.62064213767503,True,False,True
12_turbulence_10_020,511023926,turbulence,10.0,20.0,0.05083783537605657,0.6014701602089979,114.60646802960048,1e-13,0.05,Gaussian Fitting,0.06786334012260117,33.93160510819621,True,False,True
12_turbulence_10_020,511023926,turbulence,10.0,20.0,0.05083783537605657,0.6014701602089979,114.60646802960048,1e-13,0.05,PSF Fitting,0.06708872497189997,33.5442983003774,True,False,True
12_turbulence_10_021,179415517,turbulence,10.0,20.0,0.05083783537605657,0.6014701602089979,93.33221368399332,1e-13,0.05,Intensity-Weighted Centroid,0.20652553345589128,103.26274110003735,True,False,True
12_turbulence_10_021,179415517,turbulence,10.0,20.0,0.05083783537605657,0.6014701602089979,93.33221368399332,1e-13,0.05,Gaussian Fitting,0.06855392233143097,34.2769606328002,True,False,True
12_turbulence_10_021,179415517,turbulence,10.0,20.0,0.05083783537605657,0.6014701602089979,93.33221368399332,1e-13,0.05,PSF Fitting,0.06809849465161112,34.04924680003084,True,False,True
12_turbulence_10_022,709692285,turbulence,10.0,20.0,0.05083783537605657,0.6014701602089979,103.32819387890632,1e-13,0.05,Intensity-Weighted Centroid,0.27238869081588174,136.19408781028991,True,False,True
12_turbulence_10_022,709692285,turbulence,10.0,20.0,0.05083783537605657,0.6014701602089979,103.32819387890632,1e-13,0.05,Gaussian Fitting,0.0343077572552312,17.1538451508908,True,False,True
12_turbulence_10_022,709692285,turbulence,10.0,20.0,0.05083783537605657,0.6014701602089979,103.32819387890632,1e-13,0.05,PSF Fitting,0.034253985177287734,17.126959094710422,True,False,True
12_turbulence_10_023,959988164,turbulence,10.0,20.0,0.05083783537605657,0.6014701602089979,96.59205074535748,1e-13,0.05,Intensity-Weighted Centroid,0.044558426437368445,22.27920094276655,True,False,True
12_turbulence_10_023,959988164,turbulence,10.0,20.0,0.05083783537605657,0.6014701602089979,96.59205074535748,1e-13,0.05,Gaussian Fitting,0.036658793157098135,18.329383857567336,True,False,True
12_turbulence_10_023,959988164,turbulence,10.0,20.0,0.05083783537605657,0.6014701602089979,96.59205074535748,1e-13,0.05,PSF Fitting,0.03672723057686872,18.363602540007477,True,False,True
12_turbulence_10_024,237295024,turbulence,10.0,20.0,0.05083783537605657,0.6014701602089979,114.7607047756209,1e-13,0.05,Intensity-Weighted Centroid,0.238077603554584,119.03870680588452,True,False,True
12_turbulence_10_024,237295024,turbulence,10.0,20.0,0.05083783537605657,0.6014701602089979,114.7607047756209,1e-13,0.05,Gaussian Fitting,0.03980145726053816,19.90069628552191,True,False,True
12_turbulence_10_024,237295024,turbulence,10.0,20.0,0.05083783537605657,0.6014701602089979,114.7607047756209,1e-13,0.05,PSF Fitting,0.03988787897382199,19.943907081494594,True,False,True
12_turbulence_10_025,999185656,turbulence,10.0,20.0,0.05083783537605657,0.6014701602089979,62.34434574844337,1e-13,0.05,Intensity-Weighted Centroid,0.35719619041713196,178.59808474102778,True,False,True
12_turbulence_10_025,999185656,turbulence,10.0,20.0,0.05083783537605657,0.6014701602089979,62.34434574844337,1e-13,0.05,Gaussian Fitting,0.08051126267210695,40.25563030977709,True,False,True
12_turbulence_10_025,999185656,turbulence,10.0,20.0,0.05083783537605657,0.6014701602089979,62.34434574844337,1e-13,0.05,PSF Fitting,0.07981278346455857,39.906390705655056,True,False,True
12_turbulence_10_026,462370703,turbulence,10.0,20.0,0.05083783537605657,0.6014701602089979,46.60821009157811,1e-13,0.05,Intensity-Weighted Centroid,0.43808426886401475,219.04179393074318,True,False,True
12_turbulence_10_026,462370703,turbulence,10.0,20.0,0.05083783537605657,0.6014701602089979,46.60821009157811,1e-13,0.05,Gaussian Fitting,0.15175142760589624,75.87565880997323,True,False,True
12_turbulence_10_026,462370703,turbulence,10.0,20.0,0.05083783537605657,0.6014701602089979,46.60821009157811,1e-13,0.05,PSF Fitting,0.15719805060309325,78.59896517855061,True,False,True
12_turbulence_10_027,120628238,turbulence,10.0,20.0,0.05083783537605657,0.6014701602089979,75.310688051121,1e-13,0.05,Intensity-Weighted Centroid,0.32132880948439135,160.66430740221946,True,False,True
12_turbulence_10_027,120628238,turbulence,10.0,20.0,0.05083783537605657,0.6014701602089979,75.310688051121,1e-13,0.05,Gaussian Fitting,0.10858355588656994,54.29170154983152,True,False,True
12_turbulence_10_027,120628238,turbulence,10.0,20.0,0.05083783537605657,0.6014701602089979,75.310688051121,1e-13,0.05,PSF Fitting,0.10952102708834281,54.76043926441932,True,False,True
12_turbulence_10_028,555205559,turbulence,10.0,20.0,0.05083783537605657,0.6014701602089979,89.04160324344866,1e-13,0.05,Intensity-Weighted Centroid,0.35600564195744966,178.00262385135898,True,False,True
12_turbulence_10_028,555205559,turbulence,10.0,20.0,0.05083783537605657,0.6014701602089979,89.04160324344866,1e-13,0.05,Gaussian Fitting,0.051664024127299514,25.831983205105978,True,False,True
12_turbulence_10_028,555205559,turbulence,10.0,20.0,0.05083783537605657,0.6014701602089979,89.04160324344866,1e-13,0.05,PSF Fitting,0.05159816710283435,25.799054748781458,True,False,True
12_turbulence_10_029,864488509,turbulence,10.0,20.0,0.05083783537605657,0.6014701602089979,103.25862464755744,1e-13,0.05,Intensity-Weighted Centroid,0.08374692976923372,41.87335512565899,True,False,True
12_turbulence_10_029,864488509,turbulence,10.0,20.0,0.05083783537605657,0.6014701602089979,103.25862464755744,1e-13,0.05,Gaussian Fitting,0.02362660489248506,11.813289867001322,True,False,True
12_turbulence_10_029,864488509,turbulence,10.0,20.0,0.05083783537605657,0.6014701602089979,103.25862464755744,1e-13,0.05,PSF Fitting,0.023901875728098935,11.950924998579426,True,False,True
12_turbulence_15_000,528542093,turbulence,15.0,20.0,0.05083783537605657,0.4664672192889353,52.02822338050645,1e-13,0.05,Intensity-Weighted Centroid,0.22867761605659587,114.33829509311333,True,False,True
12_turbulence_15_000,528542093,turbulence,15.0,20.0,0.05083783537605657,0.4664672192889353,52.02822338050645,1e-13,0.05,Gaussian Fitting,0.14572862756080898,72.86421009749554,True,False,True
12_turbulence_15_000,528542093,turbulence,15.0,20.0,0.05083783537605657,0.4664672192889353,52.02822338050645,1e-13,0.05,PSF Fitting,0.1470916360909133,73.54571398975928,True,False,True
12_turbulence_15_001,137638357,turbulence,15.0,20.0,0.05083783537605657,0.4664672192889353,59.576762531568406,1e-13,0.05,Intensity-Weighted Centroid,0.1397791326761432,69.88955648432648,True,False,True
12_turbulence_15_001,137638357,turbulence,15.0,20.0,0.05083783537605657,0.4664672192889353,59.576762531568406,1e-13,0.05,Gaussian Fitting,0.1181589743969995,59.07947883308809,True,False,True
12_turbulence_15_001,137638357,turbulence,15.0,20.0,0.05083783537605657,0.4664672192889353,59.576762531568406,1e-13,0.05,PSF Fitting,0.11695538444913416,58.47768366818258,True,False,True
12_turbulence_15_002,321604437,turbulence,15.0,20.0,0.05083783537605657,0.4664672192889353,67.35750638953347,1e-13,0.05,Intensity-Weighted Centroid,0.23907710293410314,119.53835248642102,True,False,True
12_turbulence_15_002,321604437,turbulence,15.0,20.0,0.05083783537605657,0.4664672192889353,67.35750638953347,1e-13,0.05,Gaussian Fitting,0.03194772212337472,15.973818620019516,True,False,True
12_turbulence_15_002,321604437,turbulence,15.0,20.0,0.05083783537605657,0.4664672192889353,67.35750638953347,1e-13,0.05,PSF Fitting,0.033262701851641686,16.63131305764014,True,False,True
12_turbulence_15_003,386235581,turbulence,15.0,20.0,0.05083783537605657,0.4664672192889353,69.55373282931855,1e-13,0.05,Intensity-Weighted Centroid,0.10130839930190319,50.65406863055719,True,False,True
12_turbulence_15_003,386235581,turbulence,15.0,20.0,0.05083783537605657,0.4664672192889353,69.55373282931855,1e-13,0.05,Gaussian Fitting,0.07188809422791559,35.94394363439251,True,False,True
12_turbulence_15_003,386235581,turbulence,15.0,20.0,0.05083783537605657,0.4664672192889353,69.55373282931855,1e-13,0.05,PSF Fitting,0.07320095501885697,36.60037210244814,True,False,True
12_turbulence_15_004,833472850,turbulence,15.0,20.0,0.05083783537605657,0.4664672192889353,62.65282872925639,1e-13,0.05,Intensity-Weighted Centroid,0.2978917869681901,148.94446525684737,True,False,True
12_turbulence_15_004,833472850,turbulence,15.0,20.0,0.05083783537605657,0.4664672192889353,62.65282872925639,1e-13,0.05,Gaussian Fitting,0.008806626210784634,4.403285317627809,True,False,True
12_turbulence_15_004,833472850,turbulence,15.0,20.0,0.05083783537605657,0.4664672192889353,62.65282872925639,1e-13,0.05,PSF Fitting,0.01038869183169698,5.194312391096255,True,False,True
12_turbulence_15_005,778376207,turbulence,15.0,20.0,0.05083783537605657,0.4664672192889353,43.71699854470773,1e-13,0.05,Intensity-Weighted Centroid,0.2703994908408363,135.19959452928435,True,False,True
12_turbulence_15_005,778376207,turbulence,15.0,20.0,0.05083783537605657,0.4664672192889353,43.71699854470773,1e-13,0.05,Gaussian Fitting,0.05468345995869302,27.341702994044976,True,False,True
12_turbulence_15_005,778376207,turbulence,15.0,20.0,0.05083783537605657,0.4664672192889353,43.71699854470773,1e-13,0.05,PSF Fitting,0.05073501237191638,25.367481438928646,True,False,True
12_turbulence_15_006,717158656,turbulence,15.0,20.0,0.05083783537605657,0.4664672192889353,57.960796688914975,1e-13,0.05,Intensity-Weighted Centroid,0.40445587709039377,202.2278789473857,True,False,True
12_turbulence_15_006,717158656,turbulence,15.0,20.0,0.05083783537605657,0.4664672192889353,57.960796688914975,1e-13,0.05,Gaussian Fitting,0.08226577939552326,41.13287678624084,True,False,True
12_turbulence_15_006,717158656,turbulence,15.0,20.0,0.05083783537605657,0.4664672192889353,57.960796688914975,1e-13,0.05,PSF Fitting,0.08262757300874689,41.31377346197489,True,False,True
12_turbulence_15_007,218426790,turbulence,15.0,20.0,0.05083783537605657,0.4664672192889353,99.722668229144,1e-13,0.05,Intensity-Weighted Centroid,0.566076632101635,283.0382143692471,True,False,True
12_turbulence_15_007,218426790,turbulence,15.0,20.0,0.05083783537605657,0.4664672192889353,99.722668229144,1e-13,0.05,Gaussian Fitting,0.02924288323881673,14.621426668943998,True,False,True
12_turbulence_15_007,218426790,turbulence,15.0,20.0,0.05083783537605657,0.4664672192889353,99.722668229144,1e-13,0.05,PSF Fitting,0.029871147996966885,14.935558752206674,True,False,True
12_turbulence_15_008,920168070,turbulence,15.0,20.0,0.05083783537605657,0.4664672192889353,71.95057285527785,1e-13,0.05,Intensity-Weighted Centroid,0.36342192934856865,181.7107390364583,True,False,True
12_turbulence_15_008,920168070,turbulence,15.0,20.0,0.05083783537605657,0.4664672192889353,71.95057285527785,1e-13,0.05,Gaussian Fitting,0.11773903644896476,58.869424158642914,True,False,True
12_turbulence_15_008,920168070,turbulence,15.0,20.0,0.05083783537605657,0.4664672192889353,71.95057285527785,1e-13,0.05,PSF Fitting,0.11696179742135765,58.480805512357485,True,False,True
12_turbulence_15_009,843789012,turbulence,15.0,20.0,0.05083783537605657,0.4664672192889353,87.03127095699372,1e-13,0.05,Intensity-Weighted Centroid,0.13054624779465793,65.27299180928405,True,False,True
12_turbulence_15_009,843789012,turbulence,15.0,20.0,0.05083783537605657,0.4664672192889353,87.03127095699372,1e-13,0.05,Gaussian Fitting,0.06894600033242526,34.472926057065756,True,False,True
12_turbulence_15_009,843789012,turbulence,15.0,20.0,0.05083783537605657,0.4664672192889353,87.03127095699372,1e-13,0.05,PSF Fitting,0.06781602127382501,33.907937777643866,True,False,True
12_turbulence_15_010,256219306,turbulence,15.0,20.0,0.05083783537605657,0.4664672192889353,52.56162025740675,1e-13,0.05,Intensity-Weighted Centroid,0.33844726072210396,169.2236286847831,True,False,True
12_turbulence_15_010,256219306,turbulence,15.0,20.0,0.05083783537605657,0.4664672192889353,52.56162025740675,1e-13,0.05,Gaussian Fitting,0.15550398981262714,77.7519617218942,True,False,True
12_turbulence_15_010,256219306,turbulence,15.0,20.0,0.05083783537605657,0.4664672192889353,52.56162025740675,1e-13,0.05,PSF Fitting,0.15467314591509038,77.33654021662197,True,False,True
12_turbulence_15_011,721415126,turbulence,15.0,20.0,0.05083783537605657,0.4664672192889353,87.30394205159641,1e-13,0.05,Intensity-Weighted Centroid,0.06551432559793209,32.757124425269424,True,False,True
12_turbulence_15_011,721415126,turbulence,15.0,20.0,0.05083783537605657,0.4664672192889353,87.30394205159641,1e-13,0.05,Gaussian Fitting,0.08811382402816771,44.05689261746146,True,False,True
12_turbulence_15_011,721415126,turbulence,15.0,20.0,0.05083783537605657,0.4664672192889353,87.30394205159641,1e-13,0.05,PSF Fitting,0.09198218001937634,45.99106995677051,True,False,True
12_turbulence_15_012,740832627,turbulence,15.0,20.0,0.05083783537605657,0.4664672192889353,89.43898005429693,1e-13,0.05,Intensity-Weighted Centroid,0.24593628693894137,122.96762933916708,True,False,True
12_turbulence_15_012,740832627,turbulence,15.0,20.0,0.05083783537605657,0.4664672192889353,89.43898005429693,1e-13,0.05,Gaussian Fitting,0.054037983616028684,27.018901803692327,True,False,True
12_turbulence_15_012,740832627,turbulence,15.0,20.0,0.05083783537605657,0.4664672192889353,89.43898005429693,1e-13,0.05,PSF Fitting,0.05432635790882016,27.163089501166624,True,False,True
12_turbulence_15_013,695969446,turbulence,15.0,20.0,0.05083783537605657,0.4664672192889353,100.92706272390284,1e-13,0.05,Intensity-Weighted Centroid,0.4176688899911642,208.83432621330965,True,False,True
12_turbulence_15_013,695969446,turbulence,15.0,20.0,0.05083783537605657,0.4664672192889353,100.92706272390284,1e-13,0.05,Gaussian Fitting,0.021301395662020668,10.650692356856917,True,False,True
12_turbulence_15_013,695969446,turbulence,15.0,20.0,0.05083783537605657,0.4664672192889353,100.92706272390284,1e-13,0.05,PSF Fitting,0.02348117864026368,11.74058261213693,True,False,True
12_turbulence_15_014,660585584,turbulence,15.0,20.0,0.05083783537605657,0.4664672192889353,43.68040093874117,1e-13,0.05,Intensity-Weighted Centroid,0.34461909303431243,172.30895105376402,True,False,True
12_turbulence_15_014,660585584,turbulence,15.0,20.0,0.05083783537605657,0.4664672192889353,43.68040093874117,1e-13,0.05,Gaussian Fitting,0.13646492192521492,68.23223020672592,True,False,True
12_turbulence_15_014,660585584,turbulence,15.0,20.0,0.05083783537605657,0.4664672192889353,43.68040093874117,1e-13,0.05,PSF Fitting,0.12687452470156355,63.43704030905351,True,False,True
12_turbulence_15_015,638500707,turbulence,15.0,20.0,0.05083783537605657,0.4664672192889353,88.53219488660638,1e-13,0.05,Intensity-Weighted Centroid,0.09048265391004792,45.24126181333484,True,False,True
12_turbulence_15_015,638500707,turbulence,15.0,20.0,0.05083783537605657,0.4664672192889353,88.53219488660638,1e-13,0.05,Gaussian Fitting,0.054976682845118724,27.488241360950386,True,False,True
12_turbulence_15_015,638500707,turbulence,15.0,20.0,0.05083783537605657,0.4664672192889353,88.53219488660638,1e-13,0.05,PSF Fitting,0.05500336304315145,27.50158242866427,True,False,True
12_turbulence_15_016,247392328,turbulence,15.0,20.0,0.05083783537605657,0.4664672192889353,37.79498803715455,1e-13,0.05,Intensity-Weighted Centroid,0.9085692216497966,454.2842040295247,True,False,True
12_turbulence_15_016,247392328,turbulence,15.0,20.0,0.05083783537605657,0.4664672192889353,37.79498803715455,1e-13,0.05,Gaussian Fitting,0.27549381993613814,137.74679583740937,True,False,True
12_turbulence_15_016,247392328,turbulence,15.0,20.0,0.05083783537605657,0.4664672192889353,37.79498803715455,1e-13,0.05,PSF Fitting,0.2804717837920403,140.23577567166618,True,False,True
12_turbulence_15_017,788974065,turbulence,15.0,20.0,0.05083783537605657,0.4664672192889353,67.35627780893876,1e-13,0.05,Intensity-Weighted Centroid,0.35312255025040784,176.56088051287026,True,False,True
12_turbulence_15_017,788974065,turbulence,15.0,20.0,0.05083783537605657,0.4664672192889353,67.35627780893876,1e-13,0.05,Gaussian Fitting,0.1071291433409649,53.564447339956125,True,False,True
12_turbulence_15_017,788974065,turbulence,15.0,20.0,0.05083783537605657,0.4664672192889353,67.35627780893876,1e-13,0.05,PSF Fitting,0.10708583129791209,53.54279112018595,True,False,True
12_turbulence_15_018,356775419,turbulence,15.0,20.0,0.05083783537605657,0.4664672192889353,71.12415902896737,1e-13,0.05,Intensity-Weighted Centroid,0.1707170462824259,85.35838812649902,True,False,True
12_turbulence_15_018,356775419,turbulence,15.0,20.0,0.05083783537605657,0.4664672192889353,71.12415902896737,1e-13,0.05,Gaussian Fitting,0.08147191111382955,40.735787300005825,True,False,True
12_turbulence_15_018,356775419,turbulence,15.0,20.0,0.05083783537605657,0.4664672192889353,71.12415902896737,1e-13,0.05,PSF Fitting,0.08071239820939992,40.35603320742498,True,False,True
12_turbulence_15_019,398312189,turbulence,15.0,20.0,0.05083783537605657,0.4664672192889353,81.93053166445611,1e-13,0.05,Intensity-Weighted Centroid,0.22912305909230105,114.56147423705343,True,False,True
12_turbulence_15_019,398312189,turbulence,15.0,20.0,0.05083783537605657,0.4664672192889353,81.93053166445611,1e-13,0.05,Gaussian Fitting,0.037387994230407874,18.693992039283845,True,False,True
12_turbulence_15_019,398312189,turbulence,15.0,20.0,0.05083783537605657,0.4664672192889353,81.93053166445611,1e-13,0.05,PSF Fitting,0.038009670929417906,19.004830576117076,True,False,True
12_turbulence_15_020,512133278,turbulence,15.0,20.0,0.05083783537605657,0.4664672192889353,71.81150790613243,1e-13,0.05,Intensity-Weighted Centroid,0.2845603437794586,142.28014875479965,True,False,True
12_turbulence_15_020,512133278,turbulence,15.0,20.0,0.05083783537605657,0.4664672192889353,71.81150790613243,1e-13,0.05,Gaussian Fitting,0.03627457080836409,18.1372828837946,True,False,True
12_turbulence_15_020,512133278,turbulence,15.0,20.0,0.05083783537605657,0.4664672192889353,71.81150790613243,1e-13,0.05,PSF Fitting,0.033129846264716364,16.5649207948684,True,False,True
12_turbulence_15_021,137075303,turbulence,15.0,20.0,0.05083783537605657,0.4664672192889353,84.19655403855485,1e-13,0.05,Intensity-Weighted Centroid,0.5321125748517259,266.05609331671377,True,False,True
12_turbulence_15_021,137075303,turbulence,15.0,20.0,0.05083783537605657,0.4664672192889353,84.19655403855485,1e-13,0.05,Gaussian Fitting,0.035573623423934116,17.786801227163874,True,False,True
12_turbulence_15_021,137075303,turbulence,15.0,20.0,0.05083783537605657,0.4664672192889353,84.19655403855485,1e-13,0.05,PSF Fitting,0.035190310678290024,17.595145272951648,True,False,True
12_turbulence_15_022,58379012,turbulence,15.0,20.0,0.05083783537605657,0.4664672192889353,28.564152550118397,1e-13,0.05,Intensity-Weighted Centroid,0.4072815061399835,203.64046150197768,True,False,True
12_turbulence_15_022,58379012,turbulence,15.0,20.0,0.05083783537605657,0.4664672192889353,28.564152550118397,1e-13,0.05,Gaussian Fitting,0.048706276091811294,24.35310207258376,True,False,True
12_turbulence_15_022,58379012,turbulence,15.0,20.0,0.05083783537605657,0.4664672192889353,28.564152550118397,1e-13,0.05,PSF Fitting,0.06691219992828705,33.45604320999022,True,False,True
12_turbulence_15_023,59341960,turbulence,15.0,20.0,0.05083783537605657,0.4664672192889353,74.71908205405475,1e-13,0.05,Intensity-Weighted Centroid,0.23558130613750777,117.79054387462998,True,False,True
12_turbulence_15_023,59341960,turbulence,15.0,20.0,0.05083783537605657,0.4664672192889353,74.71908205405475,1e-13,0.05,Gaussian Fitting,0.04838435576318501,24.1921585599125,True,False,True
12_turbulence_15_023,59341960,turbulence,15.0,20.0,0.05083783537605657,0.4664672192889353,74.71908205405475,1e-13,0.05,PSF Fitting,0.04821032102990506,24.10514128966173,True,False,True
12_turbulence_15_024,998610489,turbulence,15.0,20.0,0.05083783537605657,0.4664672192889353,66.24007323511664,1e-13,0.05,Intensity-Weighted Centroid,0.3568203028386119,178.41004501462672,True,False,True
12_turbulence_15_024,998610489,turbulence,15.0,20.0,0.05083783537605657,0.4664672192889353,66.24007323511664,1e-13,0.05,Gaussian Fitting,0.05556269711489362,27.78130896638668,True,False,True
12_turbulence_15_024,998610489,turbulence,15.0,20.0,0.05083783537605657,0.4664672192889353,66.24007323511664,1e-13,0.05,PSF Fitting,0.05566064842123793,27.830284543917465,True,False,True
12_turbulence_15_025,213921485,turbulence,15.0,20.0,0.05083783537605657,0.4664672192889353,45.25735169053227,1e-13,0.05,Intensity-Weighted Centroid,0.42410241226281414,212.05105266441873,True,False,True
12_turbulence_15_025,213921485,turbulence,15.0,20.0,0.05083783537605657,0.4664672192889353,45.25735169053227,1e-13,0.05,Gaussian Fitting,0.1046354745124411,52.31765026329811,True,False,True
12_turbulence_15_025,213921485,turbulence,15.0,20.0,0.05083783537605657,0.4664672192889353,45.25735169053227,1e-13,0.05,PSF Fitting,0.1050149499142118,52.507386711580395,True,False,True
12_turbulence_15_026,305929655,turbulence,15.0,20.0,0.05083783537605657,0.4664672192889353,58.54480558017141,1e-13,0.05,Intensity-Weighted Centroid,0.37004250301668035,185.0210753098715,True,False,True
12_turbulence_15_026,305929655,turbulence,15.0,20.0,0.05083783537605657,0.4664672192889353,58.54480558017141,1e-13,0.05,Gaussian Fitting,0.03072808881988631,15.364009140868617,True,False,True
12_turbulence_15_026,305929655,turbulence,15.0,20.0,0.05083783537605657,0.4664672192889353,58.54480558017141,1e-13,0.05,PSF Fitting,0.03070464228235157,15.352284343416809,True,False,True
12_turbulence_15_027,92645782,turbulence,15.0,20.0,0.05083783537605657,0.4664672192889353,93.22205417975447,1e-13,0.05,Intensity-Weighted Centroid,0.2576236190547623,128.81178424210373,True,False,True
12_turbulence_15_027,92645782,turbulence,15.0,20.0,0.05083783537605657,0.4664672192889353,93.22205417975447,1e-13,0.05,Gaussian Fitting,0.09864912003800476,49.324522265219805,True,False,True
12_turbulence_15_027,92645782,turbulence,15.0,20.0,0.05083783537605657,0.4664672192889353,93.22205417975447,1e-13,0.05,PSF Fitting,0.09825470048093596,49.12731245817055,True,False,True
12_turbulence_15_028,156613806,turbulence,15.0,20.0,0.05083783537605657,0.4664672192889353,124.50620271750246,1e-13,0.05,Intensity-Weighted Centroid,0.4450462802759114,222.52305820696796,True,False,True
12_turbulence_15_028,156613806,turbulence,15.0,20.0,0.05083783537605657,0.4664672192889353,124.50620271750246,1e-13,0.05,Gaussian Fitting,0.04482366895171399,22.4118340472594,True,False,True
12_turbulence_15_028,156613806,turbulence,15.0,20.0,0.05083783537605657,0.4664672192889353,124.50620271750246,1e-13,0.05,PSF Fitting,0.04279420055706474,21.397099796203186,True,False,True
12_turbulence_15_029,771837375,turbulence,15.0,20.0,0.05083783537605657,0.4664672192889353,68.17221872411238,1e-13,0.05,Intensity-Weighted Centroid,0.5487427622485993,274.37120165666204,True,False,True
12_turbulence_15_029,771837375,turbulence,15.0,20.0,0.05083783537605657,0.4664672192889353,68.17221872411238,1e-13,0.05,Gaussian Fitting,0.04256348880125039,21.281736910277782,True,False,True
12_turbulence_15_029,771837375,turbulence,15.0,20.0,0.05083783537605657,0.4664672192889353,68.17221872411238,1e-13,0.05,PSF Fitting,0.041427349506964736,20.713667003939474,True,False,True
12_turbulence_20_000,146414710,turbulence,20.0,20.0,0.05083783537605657,0.3617663536218376,59.02137846795806,1e-13,0.05,Intensity-Weighted Centroid,0.13000758684838998,65.0036925968178,True,False,True
12_turbulence_20_000,146414710,turbulence,20.0,20.0,0.05083783537605657,0.3617663536218376,59.02137846795806,1e-13,0.05,Gaussian Fitting,0.06077903413737246,30.389468494226882,True,False,True
12_turbulence_20_000,146414710,turbulence,20.0,20.0,0.05083783537605657,0.3617663536218376,59.02137846795806,1e-13,0.05,PSF Fitting,0.06087038332559483,30.43514303969039,True,False,True
12_turbulence_20_001,462445071,turbulence,20.0,20.0,0.05083783537605657,0.3617663536218376,74.0130758700748,1e-13,0.05,Intensity-Weighted Centroid,0.37829093476511044,189.1448207529553,True,False,True
12_turbulence_20_001,462445071,turbulence,20.0,20.0,0.05083783537605657,0.3617663536218376,74.0130758700748,1e-13,0.05,Gaussian Fitting,0.010233843228081945,5.116912143033405,True,False,True
12_turbulence_20_001,462445071,turbulence,20.0,20.0,0.05083783537605657,0.3617663536218376,74.0130758700748,1e-13,0.05,PSF Fitting,0.009148740913013776,4.57436214921462,True,False,True
12_turbulence_20_002,158623361,turbulence,20.0,20.0,0.05083783537605657,0.3617663536218376,64.15957549581543,1e-13,0.05,Intensity-Weighted Centroid,0.4222459803574367,211.1223215441849,True,False,True
12_turbulence_20_002,158623361,turbulence,20.0,20.0,0.05083783537605657,0.3617663536218376,64.15957549581543,1e-13,0.05,Gaussian Fitting,0.10575866053040348,52.87915155832972,True,False,True
12_turbulence_20_002,158623361,turbulence,20.0,20.0,0.05083783537605657,0.3617663536218376,64.15957549581543,1e-13,0.05,PSF Fitting,0.10162518667171651,50.81242531452161,True,False,True
12_turbulence_20_003,707316367,turbulence,20.0,20.0,0.05083783537605657,0.3617663536218376,33.09357995392004,1e-13,0.05,Intensity-Weighted Centroid,0.6787768395118038,339.3875880026258,True,False,True
12_turbulence_20_003,707316367,turbulence,20.0,20.0,0.05083783537605657,0.3617663536218376,33.09357995392004,1e-13,0.05,Gaussian Fitting,0.1494217337642427,74.71072364568188,True,False,True
12_turbulence_20_003,707316367,turbulence,20.0,20.0,0.05083783537605657,0.3617663536218376,33.09357995392004,1e-13,0.05,PSF Fitting,0.14243191659867477,71.21582447178773,True,False,True
12_turbulence_20_004,235008937,turbulence,20.0,20.0,0.05083783537605657,0.3617663536218376,58.6897300598041,1e-13,0.05,Intensity-Weighted Centroid,0.5708804403996527,285.439158941933,True,False,True
12_turbulence_20_004,235008937,turbulence,20.0,20.0,0.05083783537605657,0.3617663536218376,58.6897300598041,1e-13,0.05,Gaussian Fitting,0.07937296295143165,39.686354367171376,True,False,True
12_turbulence_20_004,235008937,turbulence,20.0,20.0,0.05083783537605657,0.3617663536218376,58.6897300598041,1e-13,0.05,PSF Fitting,0.08492827922264226,42.46400287679196,True,False,True
12_turbulence_20_005,442540127,turbulence,20.0,20.0,0.05083783537605657,0.3617663536218376,36.36031353028969,1e-13,0.05,Intensity-Weighted Centroid,0.2552853691539554,127.64265352974003,True,False,True
12_turbulence_20_005,442540127,turbulence,20.0,20.0,0.05083783537605657,0.3617663536218376,36.36031353028969,1e-13,0.05,Gaussian Fitting,0.12916513232159874,64.58254950409426,True,False,True
12_turbulence_20_005,442540127,turbulence,20.0,20.0,0.05083783537605657,0.3617663536218376,36.36031353028969,1e-13,0.05,PSF Fitting,0.12978281964004623,64.89139420227144,True,False,True
12_turbulence_20_006,14765068,turbulence,20.0,20.0,0.05083783537605657,0.3617663536218376,58.81261236319432,1e-13,0.05,Intensity-Weighted Centroid,0.3431873984669381,171.5935392785694,True,False,True
12_turbulence_20_006,14765068,turbulence,20.0,20.0,0.05083783537605657,0.3617663536218376,58.81261236319432,1e-13,0.05,Gaussian Fitting,0.0950184901712144,47.509199756188096,True,False,True
12_turbulence_20_006,14765068,turbulence,20.0,20.0,0.05083783537605657,0.3617663536218376,58.81261236319432,1e-13,0.05,PSF Fitting,0.09548524949781535,47.74257815734747,True,False,True
12_turbulence_20_007,176958281,turbulence,20.0,20.0,0.05083783537605657,0.3617663536218376,60.38124724940085,1e-13,0.05,Intensity-Weighted Centroid,0.15523175895143285,77.61582273370603,True,False,True
12_turbulence_20_007,176958281,turbulence,20.0,20.0,0.05083783537605657,0.3617663536218376,60.38124724940085,1e-13,0.05,Gaussian Fitting,0.06830191351713681,34.150933041049896,True,False,True
12_turbulence_20_007,176958281,turbulence,20.0,20.0,0.05083783537605657,0.3617663536218376,60.38124724940085,1e-13,0.05,PSF Fitting,0.06599586445924326,32.99790934725023,True,False,True
12_turbulence_20_008,785554486,turbulence,20.0,20.0,0.05083783537605657,0.3617663536218376,61.934523716289696,1e-13,0.05,Intensity-Weighted Centroid,0.31338370726158576,156.69160767286428,True,False,True
12_turbulence_20_008,785554486,turbulence,20.0,20.0,0.05083783537605657,0.3617663536218376,61.934523716289696,1e-13,0.05,Gaussian Fitting,0.038880989443407545,19.440465212443122,True,False,True
12_turbulence_20_008,785554486,turbulence,20.0,20.0,0.05083783537605657,0.3617663536218376,61.934523716289696,1e-13,0.05,PSF Fitting,0.03911113826687781,19.555539433469978,True,False,True
12_turbulence_20_009,421710299,turbulence,20.0,20.0,0.05083783537605657,0.3617663536218376,59.324093750842906,1e-13,0.05,Intensity-Weighted Centroid,0.1446911849008004,72.34558943750092,True,False,True
12_turbulence_20_009,421710299,turbulence,20.0,20.0,0.05083783537605657,0.3617663536218376,59.324093750842906,1e-13,0.05,Gaussian Fitting,0.1015859669921216,50.79295273485636,True,False,True
12_turbulence_20_009,421710299,turbulence,20.0,20.0,0.05083783537605657,0.3617663536218376,59.324093750842906,1e-13,0.05,PSF Fitting,0.10595146082517334,52.975698411599424,True,False,True
12_turbulence_20_010,870941273,turbulence,20.0,20.0,0.05083783537605657,0.3617663536218376,75.5817804162108,1e-13,0.05,Intensity-Weighted Centroid,0.0655493108757152,32.77462615550187,True,False,True
12_turbulence_20_010,870941273,turbulence,20.0,20.0,0.05083783537605657,0.3617663536218376,75.5817804162108,1e-13,0.05,Gaussian Fitting,0.03908506149176799,19.542511767882782,True,False,True
12_turbulence_20_010,870941273,turbulence,20.0,20.0,0.05083783537605657,0.3617663536218376,75.5817804162108,1e-13,0.05,PSF Fitting,0.039028612805825535,19.51428761327716,True,False,True
12_turbulence_20_011,814666356,turbulence,20.0,20.0,0.05083783537605657,0.3617663536218376,50.88469249741039,1e-13,0.05,Intensity-Weighted Centroid,0.26025358712355023,130.12650360781214,True,False,True
12_turbulence_20_011,814666356,turbulence,20.0,20.0,0.05083783537605657,0.3617663536218376,50.88469249741039,1e-13,0.05,Gaussian Fitting,0.0675326101152672,33.76630320658149,True,False,True
12_turbulence_20_011,814666356,turbulence,20.0,20.0,0.05083783537605657,0.3617663536218376,50.88469249741039,1e-13,0.05,PSF Fitting,0.07616065809195571,38.08032604174389,True,False,True
12_turbulence_20_012,852172498,turbulence,20.0,20.0,0.05083783537605657,0.3617663536218376,77.14903661811306,1e-13,0.05,Intensity-Weighted Centroid,0.1766609012458858,88.3302369147705,True,False,True
12_turbulence_20_012,852172498,turbulence,20.0,20.0,0.05083783537605657,0.3617663536218376,77.14903661811306,1e-13,0.05,Gaussian Fitting,0.14071369011094062,70.35682009038429,True,False,True
12_turbulence_20_012,852172498,turbulence,20.0,20.0,0.05083783537605657,0.3617663536218376,77.14903661811306,1e-13,0.05,PSF Fitting,0.13895161128427552,69.47578200546214,True,False,True
12_turbulence_20_013,792148448,turbulence,20.0,20.0,0.05083783537605657,0.3617663536218376,65.62202465843137,1e-13,0.05,Intensity-Weighted Centroid,0.5641415428477649,282.070214629439,True,False,True
12_turbulence_20_013,792148448,turbulence,20.0,20.0,0.05083783537605657,0.3617663536218376,65.62202465843137,1e-13,0.05,Gaussian Fitting,0.09579699207900562,47.89833711515944,True,False,True
12_turbulence_20_013,792148448,turbulence,20.0,20.0,0.05083783537605657,0.3617663536218376,65.62202465843137,1e-13,0.05,PSF Fitting,0.09620636618312356,48.103023493917526,True,False,True
12_turbulence_20_014,239930071,turbulence,20.0,20.0,0.05083783537605657,0.3617663536218376,63.94395103673237,1e-13,0.05,Intensity-Weighted Centroid,0.3248143412833115,162.40715491350656,True,False,True
12_turbulence_20_014,239930071,turbulence,20.0,20.0,0.05083783537605657,0.3617663536218376,63.94395103673237,1e-13,0.05,Gaussian Fitting,0.05794897759261521,28.974488282038383,True,False,True
12_turbulence_20_014,239930071,turbulence,20.0,20.0,0.05083783537605657,0.3617663536218376,63.94395103673237,1e-13,0.05,PSF Fitting,0.06132801056391604,30.664004543237947,True,False,True
12_turbulence_20_015,820558844,turbulence,20.0,20.0,0.05083783537605657,0.3617663536218376,35.08492248900235,1e-13,0.05,Intensity-Weighted Centroid,0.6660475627289414,333.0237505775126,True,False,True
12_turbulence_20_015,820558844,turbulence,20.0,20.0,0.05083783537605657,0.3617663536218376,35.08492248900235,1e-13,0.05,Gaussian Fitting,0.08586413765983796,42.9320666942455,True,False,True
12_turbulence_20_015,820558844,turbulence,20.0,20.0,0.05083783537605657,0.3617663536218376,35.08492248900235,1e-13,0.05,PSF Fitting,0.08346189021524553,41.73094368124185,True,False,True
12_turbulence_20_016,778822749,turbulence,20.0,20.0,0.05083783537605657,0.3617663536218376,48.85616861743459,1e-13,0.05,Intensity-Weighted Centroid,0.3146761706473395,157.33777079902973,True,False,True
12_turbulence_20_016,778822749,turbulence,20.0,20.0,0.05083783537605657,0.3617663536218376,48.85616861743459,1e-13,0.05,Gaussian Fitting,0.15413619294146386,77.06798366064942,True,False,True
12_turbulence_20_016,778822749,turbulence,20.0,20.0,0.05083783537605657,0.3617663536218376,48.85616861743459,1e-13,0.05,PSF Fitting,0.15106269417803053,75.53123621928286,True,False,True
12_turbulence_20_017,757452313,turbulence,20.0,20.0,0.05083783537605657,0.3617663536218376,57.63078763308181,1e-13,0.05,Intensity-Weighted Centroid,0.22260144877613197,111.30066730521145,True,False,True
12_turbulence_20_017,757452313,turbulence,20.0,20.0,0.05083783537605657,0.3617663536218376,57.63078763308181,1e-13,0.05,Gaussian Fitting,0.07764551102711637,38.82272709168336,True,False,True
12_turbulence_20_017,757452313,turbulence,20.0,20.0,0.05083783537605657,0.3617663536218376,57.63078763308181,1e-13,0.05,PSF Fitting,0.08221262466250845,41.10628207993247,True,False,True
12_turbulence_20_018,467228552,turbulence,20.0,20.0,0.05083783537605657,0.3617663536218376,43.76600910672521,1e-13,0.05,Intensity-Weighted Centroid,0.07411205120230738,37.05597583107151,True,False,True
12_turbulence_20_018,467228552,turbulence,20.0,20.0,0.05083783537605657,0.3617663536218376,43.76600910672521,1e-13,0.05,Gaussian Fitting,0.05767676496960322,28.838344255166206,True,False,True
12_turbulence_20_018,467228552,turbulence,20.0,20.0,0.05083783537605657,0.3617663536218376,43.76600910672521,1e-13,0.05,PSF Fitting,0.06302105591543186,31.510489627702608,True,False,True
12_turbulence_20_019,624655452,turbulence,20.0,20.0,0.05083783537605657,0.3617663536218376,50.73161553867065,1e-13,0.05,Intensity-Weighted Centroid,0.1338437481037563,66.92183763389963,True,False,True
12_turbulence_20_019,624655452,turbulence,20.0,20.0,0.05083783537605657,0.3617663536218376,50.73161553867065,1e-13,0.05,Gaussian Fitting,0.11464400179322039,57.32194393335446,True,False,True
12_turbulence_20_019,624655452,turbulence,20.0,20.0,0.05083783537605657,0.3617663536218376,50.73161553867065,1e-13,0.05,PSF Fitting,0.11414728460824897,57.073587100824106,True,False,True
12_turbulence_20_020,504636811,turbulence,20.0,20.0,0.05083783537605657,0.3617663536218376,68.00987292674064,1e-13,0.05,Intensity-Weighted Centroid,0.2586666695038679,129.33307099892147,True,False,True
12_turbulence_20_020,504636811,turbulence,20.0,20.0,0.05083783537605657,0.3617663536218376,68.00987292674064,1e-13,0.05,Gaussian Fitting,0.11404138858908208,57.02060506067446,True,False,True
12_turbulence_20_020,504636811,turbulence,20.0,20.0,0.05083783537605657,0.3617663536218376,68.00987292674064,1e-13,0.05,PSF Fitting,0.11465180495367079,57.32581340047686,True,False,True
12_turbulence_20_021,67774914,turbulence,20.0,20.0,0.05083783537605657,0.3617663536218376,42.69792338431163,1e-13,0.05,Intensity-Weighted Centroid,0.39116499397743887,195.58230975851356,True,False,True
12_turbulence_20_021,67774914,turbulence,20.0,20.0,0.05083783537605657,0.3617663536218376,42.69792338431163,1e-13,0.05,Gaussian Fitting,0.11597605657259176,57.987892475017304,True,False,True
12_turbulence_20_021,67774914,turbulence,20.0,20.0,0.05083783537605657,0.3617663536218376,42.69792338431163,1e-13,0.05,PSF Fitting,0.11919204719084148,59.59588372930299,True,False,True
12_turbulence_20_022,232655870,turbulence,20.0,20.0,0.05083783537605657,0.3617663536218376,57.751533394480006,1e-13,0.05,Intensity-Weighted Centroid,0.05305224572131707,26.526113990982633,True,False,True
12_turbulence_20_022,232655870,turbulence,20.0,20.0,0.05083783537605657,0.3617663536218376,57.751533394480006,1e-13,0.05,Gaussian Fitting,0.10220302788491598,51.10149437145727,True,False,True
12_turbulence_20_022,232655870,turbulence,20.0,20.0,0.05083783537605657,0.3617663536218376,57.751533394480006,1e-13,0.05,PSF Fitting,0.09732169875675974,48.660830815319564,True,False,True
12_turbulence_20_023,168404825,turbulence,20.0,20.0,0.05083783537605657,0.3617663536218376,49.653214097100935,1e-13,0.05,Intensity-Weighted Centroid,0.47557380915241587,237.78677199192558,True,False,True
12_turbulence_20_023,168404825,turbulence,20.0,20.0,0.05083783537605657,0.3617663536218376,49.653214097100935,1e-13,0.05,Gaussian Fitting,0.11427651008498087,57.1382389688426,True,False,True
12_turbulence_20_023,168404825,turbulence,20.0,20.0,0.05083783537605657,0.3617663536218376,49.653214097100935,1e-13,0.05,PSF Fitting,0.11645361672047594,58.226787171977165,True,False,True
12_turbulence_20_024,717996431,turbulence,20.0,20.0,0.05083783537605657,0.3617663536218376,60.21641965214344,1e-13,0.05,Intensity-Weighted Centroid,0.3915950107535694,195.79683697184336,True,False,True
12_turbulence_20_024,717996431,turbulence,20.0,20.0,0.05083783537605657,0.3617663536218376,60.21641965214344,1e-13,0.05,Gaussian Fitting,0.10711500448782213,53.55744092932255,True,False,True
12_turbulence_20_024,717996431,turbulence,20.0,20.0,0.05083783537605657,0.3617663536218376,60.21641965214344,1e-13,0.05,PSF Fitting,0.10931426296771546,54.657069303151,True,False,True
12_turbulence_20_025,509819978,turbulence,20.0,20.0,0.05083783537605657,0.3617663536218376,59.96714575572768,1e-13,0.05,Intensity-Weighted Centroid,0.3356918996661462,167.84592273493124,True,False,True
12_turbulence_20_025,509819978,turbulence,20.0,20.0,0.05083783537605657,0.3617663536218376,59.96714575572768,1e-13,0.05,Gaussian Fitting,0.11050113013577292,55.25055701481327,True,False,True
12_turbulence_20_025,509819978,turbulence,20.0,20.0,0.05083783537605657,0.3617663536218376,59.96714575572768,1e-13,0.05,PSF Fitting,0.10770989205524642,53.85493820249683,True,False,True
12_turbulence_20_026,99100734,turbulence,20.0,20.0,0.05083783537605657,0.3617663536218376,51.47269616299234,1e-13,0.05,Intensity-Weighted Centroid,0.23565107765964827,117.82531350105221,True,False,True
12_turbulence_20_026,99100734,turbulence,20.0,20.0,0.05083783537605657,0.3617663536218376,51.47269616299234,1e-13,0.05,Gaussian Fitting,0.17673332530637545,88.36649404584882,True,False,True
12_turbulence_20_026,99100734,turbulence,20.0,20.0,0.05083783537605657,0.3617663536218376,51.47269616299234,1e-13,0.05,PSF Fitting,0.17590400632861197,87.95183543820502,True,False,True
12_turbulence_20_027,684641299,turbulence,20.0,20.0,0.05083783537605657,0.3617663536218376,60.199214494991324,1e-13,0.05,Intensity-Weighted Centroid,0.6248690282718079,312.4332858608558,True,False,True
12_turbulence_20_027,684641299,turbulence,20.0,20.0,0.05083783537605657,0.3617663536218376,60.199214494991324,1e-13,0.05,Gaussian Fitting,0.15646366328783112,78.23156782304967,True,False,True
12_turbulence_20_027,684641299,turbulence,20.0,20.0,0.05083783537605657,0.3617663536218376,60.199214494991324,1e-13,0.05,PSF Fitting,0.156300988620886,78.15023066254788,True,False,True
12_turbulence_20_028,308531034,turbulence,20.0,20.0,0.05083783537605657,0.3617663536218376,73.93740971130433,1e-13,0.05,Intensity-Weighted Centroid,0.09753080883400915,48.76537283018846,True,False,True
12_turbulence_20_028,308531034,turbulence,20.0,20.0,0.05083783537605657,0.3617663536218376,73.93740971130433,1e-13,0.05,Gaussian Fitting,0.006472751990965028,3.2363748791447047,True,False,True
12_turbulence_20_028,308531034,turbulence,20.0,20.0,0.05083783537605657,0.3617663536218376,73.93740971130433,1e-13,0.05,PSF Fitting,0.004457795172364113,2.2288970480668824,True,False,True
12_turbulence_20_029,2790676,turbulence,20.0,20.0,0.05083783537605657,0.3617663536218376,52.68152946508167,1e-13,0.05,Intensity-Weighted Centroid,0.5797114494970752,289.85508147310316,True,False,True
12_turbulence_20_029,2790676,turbulence,20.0,20.0,0.05083783537605657,0.3617663536218376,52.68152946508167,1e-13,0.05,Gaussian Fitting,0.11392577032441077,56.96278165317248,True,False,True
12_turbulence_20_029,2790676,turbulence,20.0,20.0,0.05083783537605657,0.3617663536218376,52.68152946508167,1e-13,0.05,PSF Fitting,0.11307350588130802,56.536651040777535,True,False,True
12_scattering_halo_1_000,794950562,scattering_halo,1.0,10.0,0.10167567075211315,0.9033224780639202,130.00600956864807,1e-14,0.35,Intensity-Weighted Centroid,0.22185301721266332,110.92650817193679,True,False,True
12_scattering_halo_1_000,794950562,scattering_halo,1.0,10.0,0.10167567075211315,0.9033224780639202,130.00600956864807,1e-14,0.35,Gaussian Fitting,0.0520202243842904,26.010111946243395,True,False,True
12_scattering_halo_1_000,794950562,scattering_halo,1.0,10.0,0.10167567075211315,0.9033224780639202,130.00600956864807,1e-14,0.35,PSF Fitting,0.05134001827233448,25.67000889613174,True,False,True
12_scattering_halo_1_001,179594751,scattering_halo,1.0,10.0,0.10167567075211315,0.9033224780639202,135.42777604438467,1e-14,0.35,Intensity-Weighted Centroid,0.3459408000473402,172.97039962029072,True,False,True
12_scattering_halo_1_001,179594751,scattering_halo,1.0,10.0,0.10167567075211315,0.9033224780639202,135.42777604438467,1e-14,0.35,Gaussian Fitting,0.05609163767490725,28.04581863205367,True,False,True
12_scattering_halo_1_001,179594751,scattering_halo,1.0,10.0,0.10167567075211315,0.9033224780639202,135.42777604438467,1e-14,0.35,PSF Fitting,0.05799558996489857,28.997794758173566,True,False,True
12_scattering_halo_1_002,468468350,scattering_halo,1.0,10.0,0.10167567075211315,0.9033224780639202,135.40018210704713,1e-14,0.35,Intensity-Weighted Centroid,0.43756591889063806,218.78295843573116,True,False,True
12_scattering_halo_1_002,468468350,scattering_halo,1.0,10.0,0.10167567075211315,0.9033224780639202,135.40018210704713,1e-14,0.35,Gaussian Fitting,0.08816293912399195,44.08146948478934,True,False,True
12_scattering_halo_1_002,468468350,scattering_halo,1.0,10.0,0.10167567075211315,0.9033224780639202,135.40018210704713,1e-14,0.35,PSF Fitting,0.08803821582666749,44.01910783770012,True,False,True
12_scattering_halo_1_003,884179336,scattering_halo,1.0,10.0,0.10167567075211315,0.9033224780639202,133.45347310256798,1e-14,0.35,Intensity-Weighted Centroid,0.38142509956173465,190.71254891117627,True,False,True
12_scattering_halo_1_003,884179336,scattering_halo,1.0,10.0,0.10167567075211315,0.9033224780639202,133.45347310256798,1e-14,0.35,Gaussian Fitting,0.14967516264252378,74.83758065960888,True,False,True
12_scattering_halo_1_003,884179336,scattering_halo,1.0,10.0,0.10167567075211315,0.9033224780639202,133.45347310256798,1e-14,0.35,PSF Fitting,0.14782246622834802,73.91123245507822,True,False,True
12_scattering_halo_1_004,171790697,scattering_halo,1.0,10.0,0.10167567075211315,0.9033224780639202,138.0226646894425,1e-14,0.35,Intensity-Weighted Centroid,0.08655401437801029,43.277007146825255,True,False,True
12_scattering_halo_1_004,171790697,scattering_halo,1.0,10.0,0.10167567075211315,0.9033224780639202,138.0226646894425,1e-14,0.35,Gaussian Fitting,0.02890969794105454,14.454848907325163,True,False,True
12_scattering_halo_1_004,171790697,scattering_halo,1.0,10.0,0.10167567075211315,0.9033224780639202,138.0226646894425,1e-14,0.35,PSF Fitting,0.028493328255174352,14.246664067264662,True,False,True
12_scattering_halo_1_005,106857886,scattering_halo,1.0,10.0,0.10167567075211315,0.9033224780639202,132.4550050524864,1e-14,0.35,Intensity-Weighted Centroid,0.10622070674094244,53.11035306144005,True,False,True
12_scattering_halo_1_005,106857886,scattering_halo,1.0,10.0,0.10167567075211315,0.9033224780639202,132.4550050524864,1e-14,0.35,Gaussian Fitting,0.08190117203683804,40.95058544416695,True,False,True
12_scattering_halo_1_005,106857886,scattering_halo,1.0,10.0,0.10167567075211315,0.9033224780639202,132.4550050524864,1e-14,0.35,PSF Fitting,0.08111128439803733,40.555641628691276,True,False,True
12_scattering_halo_1_006,888768426,scattering_halo,1.0,10.0,0.10167567075211315,0.9033224780639202,141.83438580069455,1e-14,0.35,Intensity-Weighted Centroid,0.42138014258604717,210.69006944121875,True,False,True
12_scattering_halo_1_006,888768426,scattering_halo,1.0,10.0,0.10167567075211315,0.9033224780639202,141.83438580069455,1e-14,0.35,Gaussian Fitting,0.0785302904945646,39.26514389446987,True,False,True
12_scattering_halo_1_006,888768426,scattering_halo,1.0,10.0,0.10167567075211315,0.9033224780639202,141.83438580069455,1e-14,0.35,PSF Fitting,0.07830165889745139,39.15082809963043,True,False,True
12_scattering_halo_1_007,580434910,scattering_halo,1.0,10.0,0.10167567075211315,0.9033224780639202,139.62295441339285,1e-14,0.35,Intensity-Weighted Centroid,0.14084132544345812,70.42066263822838,True,False,True
12_scattering_halo_1_007,580434910,scattering_halo,1.0,10.0,0.10167567075211315,0.9033224780639202,139.62295441339285,1e-14,0.35,Gaussian Fitting,0.043625734935612406,21.812867425402935,True,False,True
12_scattering_halo_1_007,580434910,scattering_halo,1.0,10.0,0.10167567075211315,0.9033224780639202,139.62295441339285,1e-14,0.35,PSF Fitting,0.039613148853708514,19.806574388084467,True,False,True
12_scattering_halo_1_008,468142538,scattering_halo,1.0,10.0,0.10167567075211315,0.9033224780639202,130.74250793610827,1e-14,0.35,Intensity-Weighted Centroid,0.13795929340347388,68.97964622990925,True,False,True
12_scattering_halo_1_008,468142538,scattering_halo,1.0,10.0,0.10167567075211315,0.9033224780639202,130.74250793610827,1e-14,0.35,Gaussian Fitting,0.01304879310423073,6.524396540722782,True,False,True
12_scattering_halo_1_008,468142538,scattering_halo,1.0,10.0,0.10167567075211315,0.9033224780639202,130.74250793610827,1e-14,0.35,PSF Fitting,0.011518419399838336,5.759209689075679,True,False,True
12_scattering_halo_1_009,730413938,scattering_halo,1.0,10.0,0.10167567075211315,0.9033224780639202,135.3903040420315,1e-14,0.35,Intensity-Weighted Centroid,0.11291260065902194,56.456300127477625,True,False,True
12_scattering_halo_1_009,730413938,scattering_halo,1.0,10.0,0.10167567075211315,0.9033224780639202,135.3903040420315,1e-14,0.35,Gaussian Fitting,0.1062050128381598,53.10250526317423,True,False,True
12_scattering_halo_1_009,730413938,scattering_halo,1.0,10.0,0.10167567075211315,0.9033224780639202,135.3903040420315,1e-14,0.35,PSF Fitting,0.10540470455251519,52.702351125063,True,False,True
12_scattering_halo_1_010,670407144,scattering_halo,1.0,10.0,0.10167567075211315,0.9033224780639202,134.66588721703067,1e-14,0.35,Intensity-Weighted Centroid,0.4080281955885673,204.0140968485384,True,False,True
12_scattering_halo_1_010,670407144,scattering_halo,1.0,10.0,0.10167567075211315,0.9033224780639202,134.66588721703067,1e-14,0.35,Gaussian Fitting,0.010962106768494476,5.481053353480848,True,False,True
12_scattering_halo_1_010,670407144,scattering_halo,1.0,10.0,0.10167567075211315,0.9033224780639202,134.66588721703067,1e-14,0.35,PSF Fitting,0.008167398300757744,4.083699127884303,True,False,True
12_scattering_halo_1_011,291442797,scattering_halo,1.0,10.0,0.10167567075211315,0.9033224780639202,135.77956261882247,1e-14,0.35,Intensity-Weighted Centroid,0.3281836645114643,164.0918317697782,True,False,True
12_scattering_halo_1_011,291442797,scattering_halo,1.0,10.0,0.10167567075211315,0.9033224780639202,135.77956261882247,1e-14,0.35,Gaussian Fitting,0.025701054512366636,12.850527106541879,True,False,True
12_scattering_halo_1_011,291442797,scattering_halo,1.0,10.0,0.10167567075211315,0.9033224780639202,135.77956261882247,1e-14,0.35,PSF Fitting,0.02671666459466292,13.35833214479094,True,False,True
12_scattering_halo_1_012,214058189,scattering_halo,1.0,10.0,0.10167567075211315,0.9033224780639202,135.59035798157447,1e-14,0.35,Intensity-Weighted Centroid,0.29682731110045796,148.4136552753065,True,False,True
12_scattering_halo_1_012,214058189,scattering_halo,1.0,10.0,0.10167567075211315,0.9033224780639202,135.59035798157447,1e-14,0.35,Gaussian Fitting,0.13329504354962227,66.64752159581798,True,False,True
12_scattering_halo_1_012,214058189,scattering_halo,1.0,10.0,0.10167567075211315,0.9033224780639202,135.59035798157447,1e-14,0.35,PSF Fitting,0.13141459405521913,65.70729684925642,True,False,True
12_scattering_halo_1_013,42160298,scattering_halo,1.0,10.0,0.10167567075211315,0.9033224780639202,132.04103987875837,1e-14,0.35,Intensity-Weighted Centroid,0.3341744739188343,167.08723199994787,True,False,True
12_scattering_halo_1_013,42160298,scattering_halo,1.0,10.0,0.10167567075211315,0.9033224780639202,132.04103987875837,1e-14,0.35,Gaussian Fitting,0.08557090603299569,42.785452935693336,True,False,True
12_scattering_halo_1_013,42160298,scattering_halo,1.0,10.0,0.10167567075211315,0.9033224780639202,132.04103987875837,1e-14,0.35,PSF Fitting,0.08892753113744067,44.463765504333324,True,False,True
12_scattering_halo_1_014,324495968,scattering_halo,1.0,10.0,0.10167567075211315,0.9033224780639202,137.07058207167046,1e-14,0.35,Intensity-Weighted Centroid,0.26186370366565437,130.93185137659157,True,False,True
12_scattering_halo_1_014,324495968,scattering_halo,1.0,10.0,0.10167567075211315,0.9033224780639202,137.07058207167046,1e-14,0.35,Gaussian Fitting,0.09188564710512206,45.94282325574628,True,False,True
12_scattering_halo_1_014,324495968,scattering_halo,1.0,10.0,0.10167567075211315,0.9033224780639202,137.07058207167046,1e-14,0.35,PSF Fitting,0.09316295807497271,46.58147873570551,True,False,True
12_scattering_halo_1_015,868194633,scattering_halo,1.0,10.0,0.10167567075211315,0.9033224780639202,135.35882828002678,1e-14,0.35,Intensity-Weighted Centroid,0.37652632289164056,188.26316085403926,True,False,True
12_scattering_halo_1_015,868194633,scattering_halo,1.0,10.0,0.10167567075211315,0.9033224780639202,135.35882828002678,1e-14,0.35,Gaussian Fitting,0.0418789530857493,20.939476507534355,True,False,True
12_scattering_halo_1_015,868194633,scattering_halo,1.0,10.0,0.10167567075211315,0.9033224780639202,135.35882828002678,1e-14,0.35,PSF Fitting,0.037325351974878754,18.6626759541236,True,False,True
12_scattering_halo_1_016,87313622,scattering_halo,1.0,10.0,0.10167567075211315,0.9033224780639202,132.5078094183402,1e-14,0.35,Intensity-Weighted Centroid,0.30221122755181506,151.10560937083812,True,False,True
12_scattering_halo_1_016,87313622,scattering_halo,1.0,10.0,0.10167567075211315,0.9033224780639202,132.5078094183402,1e-14,0.35,Gaussian Fitting,0.05595783000838191,27.97891494251501,True,False,True
12_scattering_halo_1_016,87313622,scattering_halo,1.0,10.0,0.10167567075211315,0.9033224780639202,132.5078094183402,1e-14,0.35,PSF Fitting,0.05396110976104128,26.980554817074534,True,False,True
12_scattering_halo_1_017,702086157,scattering_halo,1.0,10.0,0.10167567075211315,0.9033224780639202,135.11691946580845,1e-14,0.35,Intensity-Weighted Centroid,0.29277753320768135,146.38876642680205,True,False,True
12_scattering_halo_1_017,702086157,scattering_halo,1.0,10.0,0.10167567075211315,0.9033224780639202,135.11691946580845,1e-14,0.35,Gaussian Fitting,0.07122898082505502,35.6144902683109,True,False,True
12_scattering_halo_1_017,702086157,scattering_halo,1.0,10.0,0.10167567075211315,0.9033224780639202,135.11691946580845,1e-14,0.35,PSF Fitting,0.07186380342215343,35.931901565758814,True,False,True
12_scattering_halo_1_018,140703132,scattering_halo,1.0,10.0,0.10167567075211315,0.9033224780639202,137.08800526551943,1e-14,0.35,Intensity-Weighted Centroid,0.45330357053020237,226.65178383379578,True,False,True
12_scattering_halo_1_018,140703132,scattering_halo,1.0,10.0,0.10167567075211315,0.9033224780639202,137.08800526551943,1e-14,0.35,Gaussian Fitting,0.06813854460006316,34.06927178982969,True,False,True
12_scattering_halo_1_018,140703132,scattering_halo,1.0,10.0,0.10167567075211315,0.9033224780639202,137.08800526551943,1e-14,0.35,PSF Fitting,0.06962946990408729,34.814734448825305,True,False,True
12_scattering_halo_1_019,195735500,scattering_halo,1.0,10.0,0.10167567075211315,0.9033224780639202,131.05624321227555,1e-14,0.35,Intensity-Weighted Centroid,0.07678725433206968,38.39362693205815,True,False,True
12_scattering_halo_1_019,195735500,scattering_halo,1.0,10.0,0.10167567075211315,0.9033224780639202,131.05624321227555,1e-14,0.35,Gaussian Fitting,0.019570231333452034,9.785115637824823,True,False,True
12_scattering_halo_1_019,195735500,scattering_halo,1.0,10.0,0.10167567075211315,0.9033224780639202,131.05624321227555,1e-14,0.35,PSF Fitting,0.019142007006598696,9.571003474919168,True,False,True
12_scattering_halo_1_020,492460681,scattering_halo,1.0,10.0,0.10167567075211315,0.9033224780639202,135.29898558051173,1e-14,0.35,Intensity-Weighted Centroid,0.29020152101203495,145.10075882636366,True,False,True
12_scattering_halo_1_020,492460681,scattering_halo,1.0,10.0,0.10167567075211315,0.9033224780639202,135.29898558051173,1e-14,0.35,Gaussian Fitting,0.034636503058584206,17.318251136363244,True,False,True
12_scattering_halo_1_020,492460681,scattering_halo,1.0,10.0,0.10167567075211315,0.9033224780639202,135.29898558051173,1e-14,0.35,PSF Fitting,0.035160612240478464,17.580305706993006,True,False,True
12_scattering_halo_1_021,417281972,scattering_halo,1.0,10.0,0.10167567075211315,0.9033224780639202,137.8549955782514,1e-14,0.35,Intensity-Weighted Centroid,0.498124749082405,249.06237123354117,True,False,True
12_scattering_halo_1_021,417281972,scattering_halo,1.0,10.0,0.10167567075211315,0.9033224780639202,137.8549955782514,1e-14,0.35,Gaussian Fitting,0.050272033434639665,25.13601641502157,True,False,True
12_scattering_halo_1_021,417281972,scattering_halo,1.0,10.0,0.10167567075211315,0.9033224780639202,137.8549955782514,1e-14,0.35,PSF Fitting,0.050560520035084815,25.28025972574346,True,False,True
12_scattering_halo_1_022,706571569,scattering_halo,1.0,10.0,0.10167567075211315,0.9033224780639202,137.34464212738067,1e-14,0.35,Intensity-Weighted Centroid,0.24176457473299667,120.88227695771275,True,False,True
12_scattering_halo_1_022,706571569,scattering_halo,1.0,10.0,0.10167567075211315,0.9033224780639202,137.34464212738067,1e-14,0.35,Gaussian Fitting,0.13869466396752556,69.34733052155063,True,False,True
12_scattering_halo_1_022,706571569,scattering_halo,1.0,10.0,0.10167567075211315,0.9033224780639202,137.34464212738067,1e-14,0.35,PSF Fitting,0.13483102189182916,67.41550946133246,True,False,True
12_scattering_halo_1_023,312441383,scattering_halo,1.0,10.0,0.10167567075211315,0.9033224780639202,133.23439162591868,1e-14,0.35,Intensity-Weighted Centroid,0.4670178158415468,233.50890425165653,True,False,True
12_scattering_halo_1_023,312441383,scattering_halo,1.0,10.0,0.10167567075211315,0.9033224780639202,133.23439162591868,1e-14,0.35,Gaussian Fitting,0.031662138272360654,15.83106833549998,True,False,True
12_scattering_halo_1_023,312441383,scattering_halo,1.0,10.0,0.10167567075211315,0.9033224780639202,133.23439162591868,1e-14,0.35,PSF Fitting,0.03112595258910258,15.562975504356686,True,False,True
12_scattering_halo_1_024,769676221,scattering_halo,1.0,10.0,0.10167567075211315,0.9033224780639202,136.7129376416276,1e-14,0.35,Intensity-Weighted Centroid,0.13046927020815363,65.23463490749572,True,False,True
12_scattering_halo_1_024,769676221,scattering_halo,1.0,10.0,0.10167567075211315,0.9033224780639202,136.7129376416276,1e-14,0.35,Gaussian Fitting,0.04488313070415633,22.44156535075017,True,False,True
12_scattering_halo_1_024,769676221,scattering_halo,1.0,10.0,0.10167567075211315,0.9033224780639202,136.7129376416276,1e-14,0.35,PSF Fitting,0.05319002970137811,26.595014848189063,True,False,True
12_scattering_halo_1_025,315617861,scattering_halo,1.0,10.0,0.10167567075211315,0.9033224780639202,133.33658658954064,1e-14,0.35,Intensity-Weighted Centroid,0.14318884600568307,71.59442207180751,True,False,True
12_scattering_halo_1_025,315617861,scattering_halo,1.0,10.0,0.10167567075211315,0.9033224780639202,133.33658658954064,1e-14,0.35,Gaussian Fitting,0.042784067318305814,21.392032970329332,True,False,True
12_scattering_halo_1_025,315617861,scattering_halo,1.0,10.0,0.10167567075211315,0.9033224780639202,133.33658658954064,1e-14,0.35,PSF Fitting,0.039157406331834566,19.578702530262234,True,False,True
12_scattering_halo_1_026,627576779,scattering_halo,1.0,10.0,0.10167567075211315,0.9033224780639202,134.25905648075795,1e-14,0.35,Intensity-Weighted Centroid,0.31434126102735555,157.1706296518062,True,False,True
12_scattering_halo_1_026,627576779,scattering_halo,1.0,10.0,0.10167567075211315,0.9033224780639202,134.25905648075795,1e-14,0.35,Gaussian Fitting,0.0797067508634921,39.85337533807622,True,False,True
12_scattering_halo_1_026,627576779,scattering_halo,1.0,10.0,0.10167567075211315,0.9033224780639202,134.25905648075795,1e-14,0.35,PSF Fitting,0.0808569560198498,40.42847792249308,True,False,True
12_scattering_halo_1_027,699759571,scattering_halo,1.0,10.0,0.10167567075211315,0.9033224780639202,132.33463030559844,1e-14,0.35,Intensity-Weighted Centroid,0.19759633342051053,98.79816554106232,True,False,True
12_scattering_halo_1_027,699759571,scattering_halo,1.0,10.0,0.10167567075211315,0.9033224780639202,132.33463030559844,1e-14,0.35,Gaussian Fitting,0.04038777076760812,20.193885235116923,True,False,True
12_scattering_halo_1_027,699759571,scattering_halo,1.0,10.0,0.10167567075211315,0.9033224780639202,132.33463030559844,1e-14,0.35,PSF Fitting,0.03993725894277317,19.968629323023436,True,False,True
12_scattering_halo_1_028,427614427,scattering_halo,1.0,10.0,0.10167567075211315,0.9033224780639202,136.08417391657431,1e-14,0.35,Intensity-Weighted Centroid,0.3537835281772092,176.89176151383225,True,False,True
12_scattering_halo_1_028,427614427,scattering_halo,1.0,10.0,0.10167567075211315,0.9033224780639202,136.08417391657431,1e-14,0.35,Gaussian Fitting,0.033247351639715844,16.623675791320863,True,False,True
12_scattering_halo_1_028,427614427,scattering_halo,1.0,10.0,0.10167567075211315,0.9033224780639202,136.08417391657431,1e-14,0.35,PSF Fitting,0.03527065219402419,17.635326066088627,True,False,True
12_scattering_halo_1_029,748124304,scattering_halo,1.0,10.0,0.10167567075211315,0.9033224780639202,135.28389592752154,1e-14,0.35,Intensity-Weighted Centroid,0.1773603371974879,88.68016302737502,True,False,True
12_scattering_halo_1_029,748124304,scattering_halo,1.0,10.0,0.10167567075211315,0.9033224780639202,135.28389592752154,1e-14,0.35,Gaussian Fitting,0.06444583414733276,32.2229159285145,True,False,True
12_scattering_halo_1_029,748124304,scattering_halo,1.0,10.0,0.10167567075211315,0.9033224780639202,135.28389592752154,1e-14,0.35,PSF Fitting,0.06419592341472243,32.09796057028743,True,False,True
12_scattering_halo_2_000,656341445,scattering_halo,2.0,10.0,0.10167567075211315,0.8159914993755415,124.54473855449481,1e-14,0.35,Intensity-Weighted Centroid,0.34486718104829167,172.43358868287,True,False,True
12_scattering_halo_2_000,656341445,scattering_halo,2.0,10.0,0.10167567075211315,0.8159914993755415,124.54473855449481,1e-14,0.35,Gaussian Fitting,0.06044356943443901,30.22178436078656,True,False,True
12_scattering_halo_2_000,656341445,scattering_halo,2.0,10.0,0.10167567075211315,0.8159914993755415,124.54473855449481,1e-14,0.35,PSF Fitting,0.05748877572655907,28.744387519707992,True,False,True
12_scattering_halo_2_001,152336538,scattering_halo,2.0,10.0,0.10167567075211315,0.8159914993755415,125.20658932097439,1e-14,0.35,Intensity-Weighted Centroid,0.08390174424116313,41.95087210298188,True,False,True
12_scattering_halo_2_001,152336538,scattering_halo,2.0,10.0,0.10167567075211315,0.8159914993755415,125.20658932097439,1e-14,0.35,Gaussian Fitting,0.024647454240329627,12.323727110658659,True,False,True
12_scattering_halo_2_001,152336538,scattering_halo,2.0,10.0,0.10167567075211315,0.8159914993755415,125.20658932097439,1e-14,0.35,PSF Fitting,0.024879060146762427,12.439530063862119,True,False,True
12_scattering_halo_2_002,988443406,scattering_halo,2.0,10.0,0.10167567075211315,0.8159914993755415,123.22027841723147,1e-14,0.35,Intensity-Weighted Centroid,0.43134796803149916,215.67398298806793,True,False,True
12_scattering_halo_2_002,988443406,scattering_halo,2.0,10.0,0.10167567075211315,0.8159914993755415,123.22027841723147,1e-14,0.35,Gaussian Fitting,0.07156789960312518,35.783949528570055,True,False,True
12_scattering_halo_2_002,988443406,scattering_halo,2.0,10.0,0.10167567075211315,0.8159914993755415,123.22027841723147,1e-14,0.35,PSF Fitting,0.07078126510659326,35.39063228198228,True,False,True
12_scattering_halo_2_003,145277881,scattering_halo,2.0,10.0,0.10167567075211315,0.8159914993755415,123.74319495586529,1e-14,0.35,Intensity-Weighted Centroid,0.500732566947284,250.366279238136,True,False,True
12_scattering_halo_2_003,145277881,scattering_halo,2.0,10.0,0.10167567075211315,0.8159914993755415,123.74319495586529,1e-14,0.35,Gaussian Fitting,0.057183148524562265,28.59157289964528,True,False,True
12_scattering_halo_2_003,145277881,scattering_halo,2.0,10.0,0.10167567075211315,0.8159914993755415,123.74319495586529,1e-14,0.35,PSF Fitting,0.05927422764771844,29.637112420254663,True,False,True
12_scattering_halo_2_004,485204648,scattering_halo,2.0,10.0,0.10167567075211315,0.8159914993755415,123.16775211943727,1e-14,0.35,Intensity-Weighted Centroid,0.47676053252446227,238.38024481515305,True,False,True
12_scattering_halo_2_004,485204648,scattering_halo,2.0,10.0,0.10167567075211315,0.8159914993755415,123.16775211943727,1e-14,0.35,Gaussian Fitting,0.030417562261695685,15.208780736497422,True,False,True
12_scattering_halo_2_004,485204648,scattering_halo,2.0,10.0,0.10167567075211315,0.8159914993755415,123.16775211943727,1e-14,0.35,PSF Fitting,0.032047664524872274,16.023831709102446,True,False,True
12_scattering_halo_2_005,842927573,scattering_halo,2.0,10.0,0.10167567075211315,0.8159914993755415,123.41993518465858,1e-14,0.35,Intensity-Weighted Centroid,0.16815702562074009,84.07851238822194,True,False,True
12_scattering_halo_2_005,842927573,scattering_halo,2.0,10.0,0.10167567075211315,0.8159914993755415,123.41993518465858,1e-14,0.35,Gaussian Fitting,0.03097461714737711,15.487308548137054,True,False,True
12_scattering_halo_2_005,842927573,scattering_halo,2.0,10.0,0.10167567075211315,0.8159914993755415,123.41993518465858,1e-14,0.35,PSF Fitting,0.031034717952940133,15.517358947536755,True,False,True
12_scattering_halo_2_006,4846003,scattering_halo,2.0,10.0,0.10167567075211315,0.8159914993755415,122.07278186470784,1e-14,0.35,Intensity-Weighted Centroid,0.3858975616446029,192.94877342203458,True,False,True
12_scattering_halo_2_006,4846003,scattering_halo,2.0,10.0,0.10167567075211315,0.8159914993755415,122.07278186470784,1e-14,0.35,Gaussian Fitting,0.03425341285657088,17.126706179478067,True,False,True
12_scattering_halo_2_006,4846003,scattering_halo,2.0,10.0,0.10167567075211315,0.8159914993755415,122.07278186470784,1e-14,0.35,PSF Fitting,0.0341458007618755,17.07290013430579,True,False,True
12_scattering_halo_2_007,898635293,scattering_halo,2.0,10.0,0.10167567075211315,0.8159914993755415,121.390818152961,1e-14,0.35,Intensity-Weighted Centroid,0.25832383824758753,129.16191851439294,True,False,True
12_scattering_halo_2_007,898635293,scattering_halo,2.0,10.0,0.10167567075211315,0.8159914993755415,121.390818152961,1e-14,0.35,Gaussian Fitting,0.04626571639734552,23.132858074834303,True,False,True
12_scattering_halo_2_007,898635293,scattering_halo,2.0,10.0,0.10167567075211315,0.8159914993755415,121.390818152961,1e-14,0.35,PSF Fitting,0.04659940178921091,23.299700772659126,True,False,True
12_scattering_halo_2_008,929159086,scattering_halo,2.0,10.0,0.10167567075211315,0.8159914993755415,126.27517995151716,1e-14,0.35,Intensity-Weighted Centroid,0.28464305595630107,142.32152632929737,True,False,True
12_scattering_halo_2_008,929159086,scattering_halo,2.0,10.0,0.10167567075211315,0.8159914993755415,126.27517995151716,1e-14,0.35,Gaussian Fitting,0.10991885315683914,54.959425433583625,True,False,True
12_scattering_halo_2_008,929159086,scattering_halo,2.0,10.0,0.10167567075211315,0.8159914993755415,126.27517995151716,1e-14,0.35,PSF Fitting,0.11103820786414778,55.519102768737746,True,False,True
12_scattering_halo_2_009,260200300,scattering_halo,2.0,10.0,0.10167567075211315,0.8159914993755415,128.33043713117982,1e-14,0.35,Intensity-Weighted Centroid,0.11779157163578702,58.89578519467815,True,False,True
12_scattering_halo_2_009,260200300,scattering_halo,2.0,10.0,0.10167567075211315,0.8159914993755415,128.33043713117982,1e-14,0.35,Gaussian Fitting,0.0622561528975826,31.12807576481678,True,False,True
12_scattering_halo_2_009,260200300,scattering_halo,2.0,10.0,0.10167567075211315,0.8159914993755415,128.33043713117982,1e-14,0.35,PSF Fitting,0.06324208158146948,31.621040092201174,True,False,True
12_scattering_halo_2_010,490913461,scattering_halo,2.0,10.0,0.10167567075211315,0.8159914993755415,126.42318353754354,1e-14,0.35,Intensity-Weighted Centroid,0.317543436055839,158.7717171971231,True,False,True
12_scattering_halo_2_010,490913461,scattering_halo,2.0,10.0,0.10167567075211315,0.8159914993755415,126.42318353754354,1e-14,0.35,Gaussian Fitting,0.015702635129888964,7.851317561748085,True,False,True
12_scattering_halo_2_010,490913461,scattering_halo,2.0,10.0,0.10167567075211315,0.8159914993755415,126.42318353754354,1e-14,0.35,PSF Fitting,0.015780370881857336,7.890185437710518,True,False,True
12_scattering_halo_2_011,697173522,scattering_halo,2.0,10.0,0.10167567075211315,0.8159914993755415,123.06746912571573,1e-14,0.35,Intensity-Weighted Centroid,0.43997111127575417,219.98555467961253,True,False,True
12_scattering_halo_2_011,697173522,scattering_halo,2.0,10.0,0.10167567075211315,0.8159914993755415,123.06746912571573,1e-14,0.35,Gaussian Fitting,0.07024978683249511,35.12489265884187,True,False,True
12_scattering_halo_2_011,697173522,scattering_halo,2.0,10.0,0.10167567075211315,0.8159914993755415,123.06746912571573,1e-14,0.35,PSF Fitting,0.07089900672100098,35.449502594176465,True,False,True
12_scattering_halo_2_012,620279032,scattering_halo,2.0,10.0,0.10167567075211315,0.8159914993755415,130.976074857455,1e-14,0.35,Intensity-Weighted Centroid,0.36451198932022116,182.25599267514974,True,False,True
12_scattering_halo_2_012,620279032,scattering_halo,2.0,10.0,0.10167567075211315,0.8159914993755415,130.976074857455,1e-14,0.35,Gaussian Fitting,0.03120062401552579,15.600311814673413,True,False,True
12_scattering_halo_2_012,620279032,scattering_halo,2.0,10.0,0.10167567075211315,0.8159914993755415,130.976074857455,1e-14,0.35,PSF Fitting,0.032877246322652466,16.43862295979409,True,False,True
12_scattering_halo_2_013,116927815,scattering_halo,2.0,10.0,0.10167567075211315,0.8159914993755415,120.11473173414734,1e-14,0.35,Intensity-Weighted Centroid,0.42941642475109804,214.70821059454929,True,False,True
12_scattering_halo_2_013,116927815,scattering_halo,2.0,10.0,0.10167567075211315,0.8159914993755415,120.11473173414734,1e-14,0.35,Gaussian Fitting,0.0967118227392008,48.35591029218129,True,False,True
12_scattering_halo_2_013,116927815,scattering_halo,2.0,10.0,0.10167567075211315,0.8159914993755415,120.11473173414734,1e-14,0.35,PSF Fitting,0.09603281065180845,48.01640425750352,True,False,True
12_scattering_halo_2_014,448067257,scattering_halo,2.0,10.0,0.10167567075211315,0.8159914993755415,121.80728213458875,1e-14,0.35,Intensity-Weighted Centroid,0.3051210673360513,152.56053180399635,True,False,True
12_scattering_halo_2_014,448067257,scattering_halo,2.0,10.0,0.10167567075211315,0.8159914993755415,121.80728213458875,1e-14,0.35,Gaussian Fitting,0.1329099895389574,66.45499440596214,True,False,True
12_scattering_halo_2_014,448067257,scattering_halo,2.0,10.0,0.10167567075211315,0.8159914993755415,121.80728213458875,1e-14,0.35,PSF Fitting,0.13351359341036714,66.7567963223742,True,False,True
12_scattering_halo_2_015,339536182,scattering_halo,2.0,10.0,0.10167567075211315,0.8159914993755415,121.81063399483344,1e-14,0.35,Intensity-Weighted Centroid,0.23128585339602598,115.64292605205746,True,False,True
12_scattering_halo_2_015,339536182,scattering_halo,2.0,10.0,0.10167567075211315,0.8159914993755415,121.81063399483344,1e-14,0.35,Gaussian Fitting,0.06196724306271155,30.983621174135084,True,False,True
12_scattering_halo_2_015,339536182,scattering_halo,2.0,10.0,0.10167567075211315,0.8159914993755415,121.81063399483344,1e-14,0.35,PSF Fitting,0.06351443221713182,31.7572157463318,True,False,True
12_scattering_halo_2_016,968766771,scattering_halo,2.0,10.0,0.10167567075211315,0.8159914993755415,122.74889099068317,1e-14,0.35,Intensity-Weighted Centroid,0.13937833993877105,69.68916851796556,True,False,True
12_scattering_halo_2_016,968766771,scattering_halo,2.0,10.0,0.10167567075211315,0.8159914993755415,122.74889099068317,1e-14,0.35,Gaussian Fitting,0.05033659741896227,25.168297548533953,True,False,True
12_scattering_halo_2_016,968766771,scattering_halo,2.0,10.0,0.10167567075211315,0.8159914993755415,122.74889099068317,1e-14,0.35,PSF Fitting,0.05034933155016603,25.174664640247737,True,False,True
12_scattering_halo_2_017,436058665,scattering_halo,2.0,10.0,0.10167567075211315,0.8159914993755415,122.69800171133102,1e-14,0.35,Intensity-Weighted Centroid,0.36042543032295044,180.21271461615018,True,False,True
12_scattering_halo_2_017,436058665,scattering_halo,2.0,10.0,0.10167567075211315,0.8159914993755415,122.69800171133102,1e-14,0.35,Gaussian Fitting,0.027500546755210346,13.750273293762001,True,False,True
12_scattering_halo_2_017,436058665,scattering_halo,2.0,10.0,0.10167567075211315,0.8159914993755415,122.69800171133102,1e-14,0.35,PSF Fitting,0.02833249957548224,14.166249701451912,True,False,True
12_scattering_halo_2_018,892703235,scattering_halo,2.0,10.0,0.10167567075211315,0.8159914993755415,123.14412421505158,1e-14,0.35,Intensity-Weighted Centroid,0.35573646850516777,177.868233596,True,False,True
12_scattering_halo_2_018,892703235,scattering_halo,2.0,10.0,0.10167567075211315,0.8159914993755415,123.14412421505158,1e-14,0.35,Gaussian Fitting,0.04102859464540483,20.514297247139567,True,False,True
12_scattering_halo_2_018,892703235,scattering_halo,2.0,10.0,0.10167567075211315,0.8159914993755415,123.14412421505158,1e-14,0.35,PSF Fitting,0.04206138714634882,21.03069350164283,True,False,True
12_scattering_halo_2_019,295314917,scattering_halo,2.0,10.0,0.10167567075211315,0.8159914993755415,121.7083214043115,1e-14,0.35,Intensity-Weighted Centroid,0.48991116073149754,244.95557753522417,True,False,True
12_scattering_halo_2_019,295314917,scattering_halo,2.0,10.0,0.10167567075211315,0.8159914993755415,121.7083214043115,1e-14,0.35,Gaussian Fitting,0.07234336943893008,36.171684550603004,True,False,True
12_scattering_halo_2_019,295314917,scattering_halo,2.0,10.0,0.10167567075211315,0.8159914993755415,121.7083214043115,1e-14,0.35,PSF Fitting,0.07451531177478918,37.25765570918133,True,False,True
12_scattering_halo_2_020,412743721,scattering_halo,2.0,10.0,0.10167567075211315,0.8159914993755415,128.317636176005,1e-14,0.35,Intensity-Weighted Centroid,0.18502470853777975,92.51235382499847,True,False,True
12_scattering_halo_2_020,412743721,scattering_halo,2.0,10.0,0.10167567075211315,0.8159914993755415,128.317636176005,1e-14,0.35,Gaussian Fitting,0.14519080184703684,72.59539945459949,True,False,True
12_scattering_halo_2_020,412743721,scattering_halo,2.0,10.0,0.10167567075211315,0.8159914993755415,128.317636176005,1e-14,0.35,PSF Fitting,0.14625854655749584,73.12927179173677,True,False,True
12_scattering_halo_2_021,571238770,scattering_halo,2.0,10.0,0.10167567075211315,0.8159914993755415,120.91224711745804,1e-14,0.35,Intensity-Weighted Centroid,0.28044194766945046,140.22097347697877,True,False,True
12_scattering_halo_2_021,571238770,scattering_halo,2.0,10.0,0.10167567075211315,0.8159914993755415,120.91224711745804,1e-14,0.35,Gaussian Fitting,0.04893557518481592,24.467787548777796,True,False,True
12_scattering_halo_2_021,571238770,scattering_halo,2.0,10.0,0.10167567075211315,0.8159914993755415,120.91224711745804,1e-14,0.35,PSF Fitting,0.04736318449786722,23.681592206375555,True,False,True
12_scattering_halo_2_022,533165747,scattering_halo,2.0,10.0,0.10167567075211315,0.8159914993755415,122.20447050971893,1e-14,0.35,Intensity-Weighted Centroid,0.15045535343792096,75.22767626750593,True,False,True
12_scattering_halo_2_022,533165747,scattering_halo,2.0,10.0,0.10167567075211315,0.8159914993755415,122.20447050971893,1e-14,0.35,Gaussian Fitting,0.03274769677555829,16.37384838004226,True,False,True
12_scattering_halo_2_022,533165747,scattering_halo,2.0,10.0,0.10167567075211315,0.8159914993755415,122.20447050971893,1e-14,0.35,PSF Fitting,0.03609784040261707,18.048920193216873,True,False,True
12_scattering_halo_2_023,912205794,scattering_halo,2.0,10.0,0.10167567075211315,0.8159914993755415,124.71985258462388,1e-14,0.35,Intensity-Weighted Centroid,0.23463314003711258,117.31656789016824,True,False,True
12_scattering_halo_2_023,912205794,scattering_halo,2.0,10.0,0.10167567075211315,0.8159914993755415,124.71985258462388,1e-14,0.35,Gaussian Fitting,0.07236911096730538,36.1845550952584,True,False,True
12_scattering_halo_2_023,912205794,scattering_halo,2.0,10.0,0.10167567075211315,0.8159914993755415,124.71985258462388,1e-14,0.35,PSF Fitting,0.0697878417291637,34.893920487977546,True,False,True
12_scattering_halo_2_024,192679652,scattering_halo,2.0,10.0,0.10167567075211315,0.8159914993755415,122.32192230677566,1e-14,0.35,Intensity-Weighted Centroid,0.11219908906947963,56.09954390200166,True,False,True
12_scattering_halo_2_024,192679652,scattering_halo,2.0,10.0,0.10167567075211315,0.8159914993755415,122.32192230677566,1e-14,0.35,Gaussian Fitting,0.03626279983263309,18.131399855609196,True,False,True
12_scattering_halo_2_024,192679652,scattering_halo,2.0,10.0,0.10167567075211315,0.8159914993755415,122.32192230677566,1e-14,0.35,PSF Fitting,0.03626703842118134,18.13351915519967,True,False,True
12_scattering_halo_2_025,463052281,scattering_halo,2.0,10.0,0.10167567075211315,0.8159914993755415,130.34119458437314,1e-14,0.35,Intensity-Weighted Centroid,0.593510516440475,296.75525409529365,True,False,True
12_scattering_halo_2_025,463052281,scattering_halo,2.0,10.0,0.10167567075211315,0.8159914993755415,130.34119458437314,1e-14,0.35,Gaussian Fitting,0.027335454133614455,13.667726910393396,True,False,True
12_scattering_halo_2_025,463052281,scattering_halo,2.0,10.0,0.10167567075211315,0.8159914993755415,130.34119458437314,1e-14,0.35,PSF Fitting,0.025717158517317696,12.858579114173683,True,False,True
12_scattering_halo_2_026,627355330,scattering_halo,2.0,10.0,0.10167567075211315,0.8159914993755415,122.38808705074109,1e-14,0.35,Intensity-Weighted Centroid,0.07880547506598738,39.40273747310378,True,False,True
12_scattering_halo_2_026,627355330,scattering_halo,2.0,10.0,0.10167567075211315,0.8159914993755415,122.38808705074109,1e-14,0.35,Gaussian Fitting,0.016807288149642902,8.403644010477551,True,False,True
12_scattering_halo_2_026,627355330,scattering_halo,2.0,10.0,0.10167567075211315,0.8159914993755415,122.38808705074109,1e-14,0.35,PSF Fitting,0.01702923780103721,8.51461886267159,True,False,True
12_scattering_halo_2_027,96227746,scattering_halo,2.0,10.0,0.10167567075211315,0.8159914993755415,125.28495493351498,1e-14,0.35,Intensity-Weighted Centroid,0.5327411663576258,266.37058118527455,True,False,True
12_scattering_halo_2_027,96227746,scattering_halo,2.0,10.0,0.10167567075211315,0.8159914993755415,125.28495493351498,1e-14,0.35,Gaussian Fitting,0.0495648957128437,24.782447612002706,True,False,True
12_scattering_halo_2_027,96227746,scattering_halo,2.0,10.0,0.10167567075211315,0.8159914993755415,125.28495493351498,1e-14,0.35,PSF Fitting,0.054209067203348546,27.10453328157457,True,False,True
12_scattering_halo_2_028,857290892,scattering_halo,2.0,10.0,0.10167567075211315,0.8159914993755415,124.72805095668143,1e-14,0.35,Intensity-Weighted Centroid,0.4682879965008713,234.1439953899195,True,False,True
12_scattering_halo_2_028,857290892,scattering_halo,2.0,10.0,0.10167567075211315,0.8159914993755415,124.72805095668143,1e-14,0.35,Gaussian Fitting,0.007413383809051241,3.7066918496545913,True,False,True
12_scattering_halo_2_028,857290892,scattering_halo,2.0,10.0,0.10167567075211315,0.8159914993755415,124.72805095668143,1e-14,0.35,PSF Fitting,0.008290449132350396,4.145224511776439,True,False,True
12_scattering_halo_2_029,352738482,scattering_halo,2.0,10.0,0.10167567075211315,0.8159914993755415,119.90418335753446,1e-14,0.35,Intensity-Weighted Centroid,0.13386421520056527,66.9320981937736,True,False,True
12_scattering_halo_2_029,352738482,scattering_halo,2.0,10.0,0.10167567075211315,0.8159914993755415,119.90418335753446,1e-14,0.35,Gaussian Fitting,0.08129083716623843,40.64541508860915,True,False,True
12_scattering_halo_2_029,352738482,scattering_halo,2.0,10.0,0.10167567075211315,0.8159914993755415,119.90418335753446,1e-14,0.35,PSF Fitting,0.08052892544348149,40.26445934400878,True,False,True
12_scattering_halo_5_000,576890897,scattering_halo,5.0,10.0,0.10167567075211315,0.6014701602089979,87.17067653499733,1e-14,0.35,Intensity-Weighted Centroid,0.4350233026507476,217.5116505302466,True,False,True
12_scattering_halo_5_000,576890897,scattering_halo,5.0,10.0,0.10167567075211315,0.6014701602089979,87.17067653499733,1e-14,0.35,Gaussian Fitting,0.06516744857001033,32.58372405772078,True,False,True
12_scattering_halo_5_000,576890897,scattering_halo,5.0,10.0,0.10167567075211315,0.6014701602089979,87.17067653499733,1e-14,0.35,PSF Fitting,0.06300532828454752,31.50266392157782,True,False,True
12_scattering_halo_5_001,530064246,scattering_halo,5.0,10.0,0.10167567075211315,0.6014701602089979,91.5785748617297,1e-14,0.35,Intensity-Weighted Centroid,0.170035499457932,85.01774936671815,True,False,True
12_scattering_halo_5_001,530064246,scattering_halo,5.0,10.0,0.10167567075211315,0.6014701602089979,91.5785748617297,1e-14,0.35,Gaussian Fitting,0.05239238586404805,26.196192739968765,True,False,True
12_scattering_halo_5_001,530064246,scattering_halo,5.0,10.0,0.10167567075211315,0.6014701602089979,91.5785748617297,1e-14,0.35,PSF Fitting,0.050947599036313886,25.473799330012582,True,False,True
12_scattering_halo_5_002,517401732,scattering_halo,5.0,10.0,0.10167567075211315,0.6014701602089979,89.57934254915426,1e-14,0.35,Intensity-Weighted Centroid,0.03692624914826461,18.463124213682452,True,False,True
12_scattering_halo_5_002,517401732,scattering_halo,5.0,10.0,0.10167567075211315,0.6014701602089979,89.57934254915426,1e-14,0.35,Gaussian Fitting,0.0417116458518347,20.85582252402425,True,False,True
12_scattering_halo_5_002,517401732,scattering_halo,5.0,10.0,0.10167567075211315,0.6014701602089979,89.57934254915426,1e-14,0.35,PSF Fitting,0.039432714854020084,19.71635704257375,True,False,True
12_scattering_halo_5_003,785636673,scattering_halo,5.0,10.0,0.10167567075211315,0.6014701602089979,96.38753088763237,1e-14,0.35,Intensity-Weighted Centroid,0.5657662186581273,282.88310665662374,True,False,True
12_scattering_halo_5_003,785636673,scattering_halo,5.0,10.0,0.10167567075211315,0.6014701602089979,96.38753088763237,1e-14,0.35,Gaussian Fitting,0.05416948075128768,27.084739537550902,True,False,True
12_scattering_halo_5_003,785636673,scattering_halo,5.0,10.0,0.10167567075211315,0.6014701602089979,96.38753088763237,1e-14,0.35,PSF Fitting,0.05468890034112791,27.34444932960786,True,False,True
12_scattering_halo_5_004,248548684,scattering_halo,5.0,10.0,0.10167567075211315,0.6014701602089979,90.46854289151378,1e-14,0.35,Intensity-Weighted Centroid,0.49422073021147067,247.11036412334164,True,False,True
12_scattering_halo_5_004,248548684,scattering_halo,5.0,10.0,0.10167567075211315,0.6014701602089979,90.46854289151378,1e-14,0.35,Gaussian Fitting,0.08353035326263923,41.76517632352257,True,False,True
12_scattering_halo_5_004,248548684,scattering_halo,5.0,10.0,0.10167567075211315,0.6014701602089979,90.46854289151378,1e-14,0.35,PSF Fitting,0.08466794679012189,42.33397308052142,True,False,True
12_scattering_halo_5_005,854465091,scattering_halo,5.0,10.0,0.10167567075211315,0.6014701602089979,89.7555975855568,1e-14,0.35,Intensity-Weighted Centroid,0.23384326283655688,116.92163070491868,True,False,True
12_scattering_halo_5_005,854465091,scattering_halo,5.0,10.0,0.10167567075211315,0.6014701602089979,89.7555975855568,1e-14,0.35,Gaussian Fitting,0.06156350751284369,30.781753350747366,True,False,True
12_scattering_halo_5_005,854465091,scattering_halo,5.0,10.0,0.10167567075211315,0.6014701602089979,89.7555975855568,1e-14,0.35,PSF Fitting,0.05848719767985397,29.24359847162798,True,False,True
12_scattering_halo_5_006,615907401,scattering_halo,5.0,10.0,0.10167567075211315,0.6014701602089979,90.89935009888843,1e-14,0.35,Intensity-Weighted Centroid,0.30048969947953036,150.24484802828653,True,False,True
12_scattering_halo_5_006,615907401,scattering_halo,5.0,10.0,0.10167567075211315,0.6014701602089979,90.89935009888843,1e-14,0.35,Gaussian Fitting,0.04044713506414718,20.223567379967292,True,False,True
12_scattering_halo_5_006,615907401,scattering_halo,5.0,10.0,0.10167567075211315,0.6014701602089979,90.89935009888843,1e-14,0.35,PSF Fitting,0.040211953199735806,20.105976448457966,True,False,True
12_scattering_halo_5_007,773667706,scattering_halo,5.0,10.0,0.10167567075211315,0.6014701602089979,91.63618946067214,1e-14,0.35,Intensity-Weighted Centroid,0.5012523830541363,250.62618724144642,True,False,True
12_scattering_halo_5_007,773667706,scattering_halo,5.0,10.0,0.10167567075211315,0.6014701602089979,91.63618946067214,1e-14,0.35,Gaussian Fitting,0.027759831137107026,13.879915392829279,True,False,True
12_scattering_halo_5_007,773667706,scattering_halo,5.0,10.0,0.10167567075211315,0.6014701602089979,91.63618946067214,1e-14,0.35,PSF Fitting,0.026063448759472772,13.031724213440645,True,False,True
12_scattering_halo_5_008,671790170,scattering_halo,5.0,10.0,0.10167567075211315,0.6014701602089979,91.34124321863065,1e-14,0.35,Intensity-Weighted Centroid,0.28526294993366325,142.6314739455024,True,False,True
12_scattering_halo_5_008,671790170,scattering_halo,5.0,10.0,0.10167567075211315,0.6014701602089979,91.34124321863065,1e-14,0.35,Gaussian Fitting,0.06132419325775068,30.662096614413368,True,False,True
12_scattering_halo_5_008,671790170,scattering_halo,5.0,10.0,0.10167567075211315,0.6014701602089979,91.34124321863065,1e-14,0.35,PSF Fitting,0.06511084884154701,32.555424405262585,True,False,True
12_scattering_halo_5_009,177158224,scattering_halo,5.0,10.0,0.10167567075211315,0.6014701602089979,82.87211094641687,1e-14,0.35,Intensity-Weighted Centroid,0.486599698358475,243.29984595497342,True,False,True
12_scattering_halo_5_009,177158224,scattering_halo,5.0,10.0,0.10167567075211315,0.6014701602089979,82.87211094641687,1e-14,0.35,Gaussian Fitting,0.05175847359548968,25.879236790445233,True,False,True
12_scattering_halo_5_009,177158224,scattering_halo,5.0,10.0,0.10167567075211315,0.6014701602089979,82.87211094641687,1e-14,0.35,PSF Fitting,0.05361638420859978,26.80819209708139,True,False,True
12_scattering_halo_5_010,273753912,scattering_halo,5.0,10.0,0.10167567075211315,0.6014701602089979,95.22077101656683,1e-14,0.35,Intensity-Weighted Centroid,0.35845449405469737,179.22724158331997,True,False,True
12_scattering_halo_5_010,273753912,scattering_halo,5.0,10.0,0.10167567075211315,0.6014701602089979,95.22077101656683,1e-14,0.35,Gaussian Fitting,0.12384545956747939,61.92272728216089,True,False,True
12_scattering_halo_5_010,273753912,scattering_halo,5.0,10.0,0.10167567075211315,0.6014701602089979,95.22077101656683,1e-14,0.35,PSF Fitting,0.1235717926926999,61.785893850988636,True,False,True
12_scattering_halo_5_011,894203182,scattering_halo,5.0,10.0,0.10167567075211315,0.6014701602089979,87.50915496115049,1e-14,0.35,Intensity-Weighted Centroid,0.16367845667916386,81.83922823386735,True,False,True
12_scattering_halo_5_011,894203182,scattering_halo,5.0,10.0,0.10167567075211315,0.6014701602089979,87.50915496115049,1e-14,0.35,Gaussian Fitting,0.004954659877093344,2.4773299334500103,True,False,True
12_scattering_halo_5_011,894203182,scattering_halo,5.0,10.0,0.10167567075211315,0.6014701602089979,87.50915496115049,1e-14,0.35,PSF Fitting,0.006002436976743644,3.0012184829307764,True,False,True
12_scattering_halo_5_012,965309243,scattering_halo,5.0,10.0,0.10167567075211315,0.6014701602089979,91.93152085897516,1e-14,0.35,Intensity-Weighted Centroid,0.6568863777887244,328.44318080715846,True,False,True
12_scattering_halo_5_012,965309243,scattering_halo,5.0,10.0,0.10167567075211315,0.6014701602089979,91.93152085897516,1e-14,0.35,Gaussian Fitting,0.04217220796385868,21.086103832814487,True,False,True
12_scattering_halo_5_012,965309243,scattering_halo,5.0,10.0,0.10167567075211315,0.6014701602089979,91.93152085897516,1e-14,0.35,PSF Fitting,0.04178519777645189,20.89259875915122,True,False,True
12_scattering_halo_5_013,529143095,scattering_halo,5.0,10.0,0.10167567075211315,0.6014701602089979,89.07463963498067,1e-14,0.35,Intensity-Weighted Centroid,0.4345225908788274,217.2612851181866,True,False,True
12_scattering_halo_5_013,529143095,scattering_halo,5.0,10.0,0.10167567075211315,0.6014701602089979,89.07463963498067,1e-14,0.35,Gaussian Fitting,0.13755099715502492,68.77549829878775,True,False,True
12_scattering_halo_5_013,529143095,scattering_halo,5.0,10.0,0.10167567075211315,0.6014701602089979,89.07463963498067,1e-14,0.35,PSF Fitting,0.1398787522544047,69.93937585532711,True,False,True
12_scattering_halo_5_014,367530118,scattering_halo,5.0,10.0,0.10167567075211315,0.6014701602089979,93.80991768845792,1e-14,0.35,Intensity-Weighted Centroid,0.5128088121784091,256.40440360795066,True,False,True
12_scattering_halo_5_014,367530118,scattering_halo,5.0,10.0,0.10167567075211315,0.6014701602089979,93.80991768845792,1e-14,0.35,Gaussian Fitting,0.029107892971096595,14.553946379360305,True,False,True
12_scattering_halo_5_014,367530118,scattering_halo,5.0,10.0,0.10167567075211315,0.6014701602089979,93.80991768845792,1e-14,0.35,PSF Fitting,0.02271041065378886,11.35520516089899,True,False,True
12_scattering_halo_5_015,338295244,scattering_halo,5.0,10.0,0.10167567075211315,0.6014701602089979,93.41572354723414,1e-14,0.35,Intensity-Weighted Centroid,0.0770487734292644,38.52438615006134,True,False,True
12_scattering_halo_5_015,338295244,scattering_halo,5.0,10.0,0.10167567075211315,0.6014701602089979,93.41572354723414,1e-14,0.35,Gaussian Fitting,0.1216321795193785,60.81608871771069,True,False,True
12_scattering_halo_5_015,338295244,scattering_halo,5.0,10.0,0.10167567075211315,0.6014701602089979,93.41572354723414,1e-14,0.35,PSF Fitting,0.1210282596953435,60.5141288099425,True,False,True
12_scattering_halo_5_016,982614886,scattering_halo,5.0,10.0,0.10167567075211315,0.6014701602089979,86.97004315301012,1e-14,0.35,Intensity-Weighted Centroid,0.22771512872012473,113.85756402040111,True,False,True
12_scattering_halo_5_016,982614886,scattering_halo,5.0,10.0,0.10167567075211315,0.6014701602089979,86.97004315301012,1e-14,0.35,Gaussian Fitting,0.03120058500161049,15.600292478157954,True,False,True
12_scattering_halo_5_016,982614886,scattering_halo,5.0,10.0,0.10167567075211315,0.6014701602089979,86.97004315301012,1e-14,0.35,PSF Fitting,0.03234667785852868,16.17333890485131,True,False,True
12_scattering_halo_5_017,754464152,scattering_halo,5.0,10.0,0.10167567075211315,0.6014701602089979,92.9037500759093,1e-14,0.35,Intensity-Weighted Centroid,0.4968770008007481,248.43849852208464,True,False,True
12_scattering_halo_5_017,754464152,scattering_halo,5.0,10.0,0.10167567075211315,0.6014701602089979,92.9037500759093,1e-14,0.35,Gaussian Fitting,0.04562048979985844,22.810244361367335,True,False,True
12_scattering_halo_5_017,754464152,scattering_halo,5.0,10.0,0.10167567075211315,0.6014701602089979,92.9037500759093,1e-14,0.35,PSF Fitting,0.04657494032039768,23.28746960567988,True,False,True
12_scattering_halo_5_018,975188576,scattering_halo,5.0,10.0,0.10167567075211315,0.6014701602089979,90.21696709285439,1e-14,0.35,Intensity-Weighted Centroid,0.17310842438432916,86.55420992186268,True,False,True
12_scattering_halo_5_018,975188576,scattering_halo,5.0,10.0,0.10167567075211315,0.6014701602089979,90.21696709285439,1e-14,0.35,Gaussian Fitting,0.06161682786877935,30.808413352568664,True,False,True
12_scattering_halo_5_018,975188576,scattering_halo,5.0,10.0,0.10167567075211315,0.6014701602089979,90.21696709285439,1e-14,0.35,PSF Fitting,0.0642245368656042,32.112267810994304,True,False,True
12_scattering_halo_5_019,2786484,scattering_halo,5.0,10.0,0.10167567075211315,0.6014701602089979,92.17515921370094,1e-14,0.35,Intensity-Weighted Centroid,0.3249664709723033,162.48322608277812,True,False,True
12_scattering_halo_5_019,2786484,scattering_halo,5.0,10.0,0.10167567075211315,0.6014701602089979,92.17515921370094,1e-14,0.35,Gaussian Fitting,0.08083840808416763,40.41920395390222,True,False,True
12_scattering_halo_5_019,2786484,scattering_halo,5.0,10.0,0.10167567075211315,0.6014701602089979,92.17515921370094,1e-14,0.35,PSF Fitting,0.08727478808070017,43.63739395137644,True,False,True
12_scattering_halo_5_020,749075855,scattering_halo,5.0,10.0,0.10167567075211315,0.6014701602089979,86.71154542972918,1e-14,0.35,Intensity-Weighted Centroid,0.16702894458128506,83.51447209213286,True,False,True
12_scattering_halo_5_020,749075855,scattering_halo,5.0,10.0,0.10167567075211315,0.6014701602089979,86.71154542972918,1e-14,0.35,Gaussian Fitting,0.08903157930819308,44.515789345228235,True,False,True
12_scattering_halo_5_020,749075855,scattering_halo,5.0,10.0,0.10167567075211315,0.6014701602089979,86.71154542972918,1e-14,0.35,PSF Fitting,0.09463475842433669,47.31737887249256,True,False,True
12_scattering_halo_5_021,516930622,scattering_halo,5.0,10.0,0.10167567075211315,0.6014701602089979,92.5370039532603,1e-14,0.35,Intensity-Weighted Centroid,0.420969260623323,210.484629402899,True,False,True
12_scattering_halo_5_021,516930622,scattering_halo,5.0,10.0,0.10167567075211315,0.6014701602089979,92.5370039532603,1e-14,0.35,Gaussian Fitting,0.033340578921157576,16.67028943059704,True,False,True
12_scattering_halo_5_021,516930622,scattering_halo,5.0,10.0,0.10167567075211315,0.6014701602089979,92.5370039532603,1e-14,0.35,PSF Fitting,0.03316950226857506,16.584751103839228,True,False,True
12_scattering_halo_5_022,438884446,scattering_halo,5.0,10.0,0.10167567075211315,0.6014701602089979,88.80436876905748,1e-14,0.35,Intensity-Weighted Centroid,0.6124111646883448,306.20557961330536,True,False,True
12_scattering_halo_5_022,438884446,scattering_halo,5.0,10.0,0.10167567075211315,0.6014701602089979,88.80436876905748,1e-14,0.35,Gaussian Fitting,0.08683106466915413,43.41553168293419,True,False,True
12_scattering_halo_5_022,438884446,scattering_halo,5.0,10.0,0.10167567075211315,0.6014701602089979,88.80436876905748,1e-14,0.35,PSF Fitting,0.08553127694330419,42.76563782579876,True,False,True
12_scattering_halo_5_023,286627139,scattering_halo,5.0,10.0,0.10167567075211315,0.6014701602089979,90.02165697517795,1e-14,0.35,Intensity-Weighted Centroid,0.22449748535297345,112.24873994812428,True,False,True
12_scattering_halo_5_023,286627139,scattering_halo,5.0,10.0,0.10167567075211315,0.6014701602089979,90.02165697517795,1e-14,0.35,Gaussian Fitting,0.11197106932373423,55.98553332903275,True,False,True
12_scattering_halo_5_023,286627139,scattering_halo,5.0,10.0,0.10167567075211315,0.6014701602089979,90.02165697517795,1e-14,0.35,PSF Fitting,0.11890628245854283,59.453139778246886,True,False,True
12_scattering_halo_5_024,929597638,scattering_halo,5.0,10.0,0.10167567075211315,0.6014701602089979,91.2491373066362,1e-14,0.35,Intensity-Weighted Centroid,0.3062499665516256,153.12498278707722,True,False,True
12_scattering_halo_5_024,929597638,scattering_halo,5.0,10.0,0.10167567075211315,0.6014701602089979,91.2491373066362,1e-14,0.35,Gaussian Fitting,0.08154682533347883,40.77341259508043,True,False,True
12_scattering_halo_5_024,929597638,scattering_halo,5.0,10.0,0.10167567075211315,0.6014701602089979,91.2491373066362,1e-14,0.35,PSF Fitting,0.08283372036621581,41.41686010640863,True,False,True
12_scattering_halo_5_025,498808498,scattering_halo,5.0,10.0,0.10167567075211315,0.6014701602089979,86.80854629571633,1e-14,0.35,Intensity-Weighted Centroid,0.15104907807549223,75.52453891567646,True,False,True
12_scattering_halo_5_025,498808498,scattering_halo,5.0,10.0,0.10167567075211315,0.6014701602089979,86.80854629571633,1e-14,0.35,Gaussian Fitting,0.09074353967862364,45.3717663928902,True,False,True
12_scattering_halo_5_025,498808498,scattering_halo,5.0,10.0,0.10167567075211315,0.6014701602089979,86.80854629571633,1e-14,0.35,PSF Fitting,0.08731271571647019,43.656354636680035,True,False,True
12_scattering_halo_5_026,84555437,scattering_halo,5.0,10.0,0.10167567075211315,0.6014701602089979,86.5147222926211,1e-14,0.35,Intensity-Weighted Centroid,0.3312412921055242,165.62064531152708,True,False,True
12_scattering_halo_5_026,84555437,scattering_halo,5.0,10.0,0.10167567075211315,0.6014701602089979,86.5147222926211,1e-14,0.35,Gaussian Fitting,0.028577264396356168,14.28863208763334,True,False,True
12_scattering_halo_5_026,84555437,scattering_halo,5.0,10.0,0.10167567075211315,0.6014701602089979,86.5147222926211,1e-14,0.35,PSF Fitting,0.030718425354507965,15.359212577361708,True,False,True
12_scattering_halo_5_027,677743970,scattering_halo,5.0,10.0,0.10167567075211315,0.6014701602089979,90.29367015797506,1e-14,0.35,Intensity-Weighted Centroid,0.45516652035194477,227.58325746676803,True,False,True
12_scattering_halo_5_027,677743970,scattering_halo,5.0,10.0,0.10167567075211315,0.6014701602089979,90.29367015797506,1e-14,0.35,Gaussian Fitting,0.02602239713904155,13.0111980670153,True,False,True
12_scattering_halo_5_027,677743970,scattering_halo,5.0,10.0,0.10167567075211315,0.6014701602089979,90.29367015797506,1e-14,0.35,PSF Fitting,0.02076220986180086,10.381104540576704,True,False,True
12_scattering_halo_5_028,871493177,scattering_halo,5.0,10.0,0.10167567075211315,0.6014701602089979,85.5165831118519,1e-14,0.35,Intensity-Weighted Centroid,0.575320000402752,287.6599943273832,True,False,True
12_scattering_halo_5_028,871493177,scattering_halo,5.0,10.0,0.10167567075211315,0.6014701602089979,85.5165831118519,1e-14,0.35,Gaussian Fitting,0.03445063889612976,17.22531843062665,True,False,True
12_scattering_halo_5_028,871493177,scattering_halo,5.0,10.0,0.10167567075211315,0.6014701602089979,85.5165831118519,1e-14,0.35,PSF Fitting,0.040661774474321837,20.33088611531027,True,False,True
12_scattering_halo_5_029,632747685,scattering_halo,5.0,10.0,0.10167567075211315,0.6014701602089979,89.46423045450379,1e-14,0.35,Intensity-Weighted Centroid,0.24621390546570007,123.1069521129397,True,False,True
12_scattering_halo_5_029,632747685,scattering_halo,5.0,10.0,0.10167567075211315,0.6014701602089979,89.46423045450379,1e-14,0.35,Gaussian Fitting,0.15624485021774512,78.12242422001326,True,False,True
12_scattering_halo_5_029,632747685,scattering_halo,5.0,10.0,0.10167567075211315,0.6014701602089979,89.46423045450379,1e-14,0.35,PSF Fitting,0.1571782538748351,78.5891259856491,True,False,True
12_scattering_halo_10_000,917424493,scattering_halo,10.0,10.0,0.10167567075211315,0.3617663536218376,54.54135357079509,1e-14,0.35,Intensity-Weighted Centroid,0.9094688571322269,454.7343932935222,True,False,True
12_scattering_halo_10_000,917424493,scattering_halo,10.0,10.0,0.10167567075211315,0.3617663536218376,54.54135357079509,1e-14,0.35,Gaussian Fitting,0.17896988929546917,89.4849439525735,True,False,True
12_scattering_halo_10_000,917424493,scattering_halo,10.0,10.0,0.10167567075211315,0.3617663536218376,54.54135357079509,1e-14,0.35,PSF Fitting,0.15394338258212553,76.97169097139843,True,False,True
12_scattering_halo_10_001,40775618,scattering_halo,10.0,10.0,0.10167567075211315,0.3617663536218376,56.71787653799825,1e-14,0.35,Intensity-Weighted Centroid,0.5071362140961554,253.5681057551069,True,False,True
12_scattering_halo_10_001,40775618,scattering_halo,10.0,10.0,0.10167567075211315,0.3617663536218376,56.71787653799825,1e-14,0.35,Gaussian Fitting,0.0609041713365872,30.452085403620558,True,False,True
12_scattering_halo_10_001,40775618,scattering_halo,10.0,10.0,0.10167567075211315,0.3617663536218376,56.71787653799825,1e-14,0.35,PSF Fitting,0.061646510720369696,30.82325509627666,True,False,True
12_scattering_halo_10_002,466238348,scattering_halo,10.0,10.0,0.10167567075211315,0.3617663536218376,54.546574199839725,1e-14,0.35,Intensity-Weighted Centroid,0.18359820489758094,91.7991023851715,True,False,True
12_scattering_halo_10_002,466238348,scattering_halo,10.0,10.0,0.10167567075211315,0.3617663536218376,54.546574199839725,1e-14,0.35,Gaussian Fitting,0.15874217610736438,79.37108768644502,True,False,True
12_scattering_halo_10_002,466238348,scattering_halo,10.0,10.0,0.10167567075211315,0.3617663536218376,54.546574199839725,1e-14,0.35,PSF Fitting,0.16363839020543147,81.81919467512918,True,False,True
12_scattering_halo_10_003,257143795,scattering_halo,10.0,10.0,0.10167567075211315,0.3617663536218376,53.924211038229735,1e-14,0.35,Intensity-Weighted Centroid,0.1975185170180977,98.75925843825426,True,False,True
12_scattering_halo_10_003,257143795,scattering_halo,10.0,10.0,0.10167567075211315,0.3617663536218376,53.924211038229735,1e-14,0.35,Gaussian Fitting,0.13609296649741398,68.04648317329962,True,False,True
12_scattering_halo_10_003,257143795,scattering_halo,10.0,10.0,0.10167567075211315,0.3617663536218376,53.924211038229735,1e-14,0.35,PSF Fitting,0.1347159679323285,67.35798389387006,True,False,True
12_scattering_halo_10_004,155208523,scattering_halo,10.0,10.0,0.10167567075211315,0.3617663536218376,55.27732445345959,1e-14,0.35,Intensity-Weighted Centroid,0.4897914118893735,244.89570206664447,True,False,True
12_scattering_halo_10_004,155208523,scattering_halo,10.0,10.0,0.10167567075211315,0.3617663536218376,55.27732445345959,1e-14,0.35,Gaussian Fitting,0.09618670224696278,48.09334919742442,True,False,True
12_scattering_halo_10_004,155208523,scattering_halo,10.0,10.0,0.10167567075211315,0.3617663536218376,55.27732445345959,1e-14,0.35,PSF Fitting,0.09085725336498139,45.42862488764319,True,False,True
12_scattering_halo_10_005,713106142,scattering_halo,10.0,10.0,0.10167567075211315,0.3617663536218376,53.53634092156447,1e-14,0.35,Intensity-Weighted Centroid,0.30931812416942706,154.65905986074864,True,False,True
12_scattering_halo_10_005,713106142,scattering_halo,10.0,10.0,0.10167567075211315,0.3617663536218376,53.53634092156447,1e-14,0.35,Gaussian Fitting,0.18110882563059688,90.5544117292621,True,False,True
12_scattering_halo_10_005,713106142,scattering_halo,10.0,10.0,0.10167567075211315,0.3617663536218376,53.53634092156447,1e-14,0.35,PSF Fitting,0.17762198160307305,88.81098971337985,True,False,True
12_scattering_halo_10_006,209740812,scattering_halo,10.0,10.0,0.10167567075211315,0.3617663536218376,55.62319036365449,1e-14,0.35,Intensity-Weighted Centroid,0.31698788165531455,158.49394042213746,True,False,True
12_scattering_halo_10_006,209740812,scattering_halo,10.0,10.0,0.10167567075211315,0.3617663536218376,55.62319036365449,1e-14,0.35,Gaussian Fitting,0.00594870611851321,2.9743530420070594,True,False,True
12_scattering_halo_10_006,209740812,scattering_halo,10.0,10.0,0.10167567075211315,0.3617663536218376,55.62319036365449,1e-14,0.35,PSF Fitting,0.01202550379405048,6.0127518524786225,True,False,True
12_scattering_halo_10_007,637544357,scattering_halo,10.0,10.0,0.10167567075211315,0.3617663536218376,53.31136981598718,1e-14,0.35,Intensity-Weighted Centroid,0.661164684868323,330.58233253070887,True,True,True
12_scattering_halo_10_007,637544357,scattering_halo,10.0,10.0,0.10167567075211315,0.3617663536218376,53.31136981598718,1e-14,0.35,Gaussian Fitting,0.07131330427593395,35.65664963064327,True,True,True
12_scattering_halo_10_007,637544357,scattering_halo,10.0,10.0,0.10167567075211315,0.3617663536218376,53.31136981598718,1e-14,0.35,PSF Fitting,0.07948724194600847,39.74361821464476,True,True,True
12_scattering_halo_10_008,904628864,scattering_halo,10.0,10.0,0.10167567075211315,0.3617663536218376,55.001236649501315,1e-14,0.35,Intensity-Weighted Centroid,0.3004671768153203,150.2335875004654,True,False,True
12_scattering_halo_10_008,904628864,scattering_halo,10.0,10.0,0.10167567075211315,0.3617663536218376,55.001236649501315,1e-14,0.35,Gaussian Fitting,0.10497118432329113,52.485592146989504,True,False,True
12_scattering_halo_10_008,904628864,scattering_halo,10.0,10.0,0.10167567075211315,0.3617663536218376,55.001236649501315,1e-14,0.35,PSF Fitting,0.10344349769633517,51.72174883369147,True,False,True
12_scattering_halo_10_009,449945172,scattering_halo,10.0,10.0,0.10167567075211315,0.3617663536218376,54.47220389507797,1e-14,0.35,Intensity-Weighted Centroid,0.27692194691741606,138.46097311341512,True,False,True
12_scattering_halo_10_009,449945172,scattering_halo,10.0,10.0,0.10167567075211315,0.3617663536218376,54.47220389507797,1e-14,0.35,Gaussian Fitting,0.08211603805999816,41.05801899050633,True,False,True
12_scattering_halo_10_009,449945172,scattering_halo,10.0,10.0,0.10167567075211315,0.3617663536218376,54.47220389507797,1e-14,0.35,PSF Fitting,0.09422092023728183,47.11046007965575,True,False,True
12_scattering_halo_10_010,401020661,scattering_halo,10.0,10.0,0.10167567075211315,0.3617663536218376,50.84948937349668,1e-14,0.35,Intensity-Weighted Centroid,0.5186347977552107,259.31739799581294,True,False,True
12_scattering_halo_10_010,401020661,scattering_halo,10.0,10.0,0.10167567075211315,0.3617663536218376,50.84948937349668,1e-14,0.35,Gaussian Fitting,0.35155907027167044,175.77953476492945,True,False,True
12_scattering_halo_10_010,401020661,scattering_halo,10.0,10.0,0.10167567075211315,0.3617663536218376,50.84948937349668,1e-14,0.35,PSF Fitting,0.35208046807365034,176.04023366561472,True,False,True
12_scattering_halo_10_011,79967350,scattering_halo,10.0,10.0,0.10167567075211315,0.3617663536218376,54.67742732244227,1e-14,0.35,Intensity-Weighted Centroid,0.211944995075848,105.97249647471536,True,False,True
12_scattering_halo_10_011,79967350,scattering_halo,10.0,10.0,0.10167567075211315,0.3617663536218376,54.67742732244227,1e-14,0.35,Gaussian Fitting,0.037749711523874865,18.874855596649926,True,False,True
12_scattering_halo_10_011,79967350,scattering_halo,10.0,10.0,0.10167567075211315,0.3617663536218376,54.67742732244227,1e-14,0.35,PSF Fitting,0.0396626547468811,19.831327238327727,True,False,True
12_scattering_halo_10_012,729726784,scattering_halo,10.0,10.0,0.10167567075211315,0.3617663536218376,54.75529522307275,1e-14,0.35,Intensity-Weighted Centroid,0.3332089691941102,166.6044779079352,True,False,True
12_scattering_halo_10_012,729726784,scattering_halo,10.0,10.0,0.10167567075211315,0.3617663536218376,54.75529522307275,1e-14,0.35,Gaussian Fitting,0.12318499332809114,61.59249553833014,True,False,True
12_scattering_halo_10_012,729726784,scattering_halo,10.0,10.0,0.10167567075211315,0.3617663536218376,54.75529522307275,1e-14,0.35,PSF Fitting,0.09495654529692843,47.47827178208389,True,False,True
12_scattering_halo_10_013,481870654,scattering_halo,10.0,10.0,0.10167567075211315,0.3617663536218376,52.10190930712265,1e-14,0.35,Intensity-Weighted Centroid,0.23243323519437856,116.21661471406178,True,False,True
12_scattering_halo_10_013,481870654,scattering_halo,10.0,10.0,0.10167567075211315,0.3617663536218376,52.10190930712265,1e-14,0.35,Gaussian Fitting,0.04113004350105325,20.565021463044623,True,False,True
12_scattering_halo_10_013,481870654,scattering_halo,10.0,10.0,0.10167567075211315,0.3617663536218376,52.10190930712265,1e-14,0.35,PSF Fitting,0.04528899909405391,22.644499248022896,True,False,True
12_scattering_halo_10_014,366172718,scattering_halo,10.0,10.0,0.10167567075211315,0.3617663536218376,52.870772492737544,1e-14,0.35,Intensity-Weighted Centroid,0.1519336437587357,75.96682108074278,True,False,True
12_scattering_halo_10_014,366172718,scattering_halo,10.0,10.0,0.10167567075211315,0.3617663536218376,52.870772492737544,1e-14,0.35,Gaussian Fitting,0.16510490207321998,82.5524486813882,True,False,True
12_scattering_halo_10_014,366172718,scattering_halo,10.0,10.0,0.10167567075211315,0.3617663536218376,52.870772492737544,1e-14,0.35,PSF Fitting,0.15755401492011706,78.7770052765847,True,False,True
12_scattering_halo_10_015,497735150,scattering_halo,10.0,10.0,0.10167567075211315,0.3617663536218376,57.834791697918924,1e-14,0.35,Intensity-Weighted Centroid,0.35622057348159347,178.1102821219601,True,False,True
12_scattering_halo_10_015,497735150,scattering_halo,10.0,10.0,0.10167567075211315,0.3617663536218376,57.834791697918924,1e-14,0.35,Gaussian Fitting,0.19367169746877527,96.83584803496124,True,False,True
12_scattering_halo_10_015,497735150,scattering_halo,10.0,10.0,0.10167567075211315,0.3617663536218376,57.834791697918924,1e-14,0.35,PSF Fitting,0.19146902359877585,95.73451112740716,True,False,True
12_scattering_halo_10_016,498977916,scattering_halo,10.0,10.0,0.10167567075211315,0.3617663536218376,54.77382111426059,1e-14,0.35,Intensity-Weighted Centroid,0.4120097210307023,206.00485810158105,True,False,True
12_scattering_halo_10_016,498977916,scattering_halo,10.0,10.0,0.10167567075211315,0.3617663536218376,54.77382111426059,1e-14,0.35,Gaussian Fitting,0.12634191338430992,63.170956518316466,True,False,True
12_scattering_halo_10_016,498977916,scattering_halo,10.0,10.0,0.10167567075211315,0.3617663536218376,54.77382111426059,1e-14,0.35,PSF Fitting,0.12824683283854268,64.12341624239194,True,False,True
12_scattering_halo_10_017,742575235,scattering_halo,10.0,10.0,0.10167567075211315,0.3617663536218376,53.41338771402685,1e-14,0.35,Intensity-Weighted Centroid,0.08644105875928014,43.22052918431597,True,False,True
12_scattering_halo_10_017,742575235,scattering_halo,10.0,10.0,0.10167567075211315,0.3617663536218376,53.41338771402685,1e-14,0.35,Gaussian Fitting,0.11421518808438404,57.107593845444214,True,False,True
12_scattering_halo_10_017,742575235,scattering_halo,10.0,10.0,0.10167567075211315,0.3617663536218376,53.41338771402685,1e-14,0.35,PSF Fitting,0.12149192647828011,60.745963063159756,True,False,True
12_scattering_halo_10_018,7880507,scattering_halo,10.0,10.0,0.10167567075211315,0.3617663536218376,54.898486942215705,1e-14,0.35,Intensity-Weighted Centroid,0.2247711353113847,112.38556743221304,True,False,True
12_scattering_halo_10_018,7880507,scattering_halo,10.0,10.0,0.10167567075211315,0.3617663536218376,54.898486942215705,1e-14,0.35,Gaussian Fitting,0.05949000546387533,29.745002507210405,True,False,True
12_scattering_halo_10_018,7880507,scattering_halo,10.0,10.0,0.10167567075211315,0.3617663536218376,54.898486942215705,1e-14,0.35,PSF Fitting,0.061590875503363396,30.795437523527198,True,False,True
12_scattering_halo_10_019,902151054,scattering_halo,10.0,10.0,0.10167567075211315,0.3617663536218376,54.15761991265186,1e-14,0.35,Intensity-Weighted Centroid,0.78211230320088,391.05613761772725,True,False,True
12_scattering_halo_10_019,902151054,scattering_halo,10.0,10.0,0.10167567075211315,0.3617663536218376,54.15761991265186,1e-14,0.35,Gaussian Fitting,0.23017071726694316,115.0853577147187,True,False,True
12_scattering_halo_10_019,902151054,scattering_halo,10.0,10.0,0.10167567075211315,0.3617663536218376,54.15761991265186,1e-14,0.35,PSF Fitting,0.2355552158933758,117.7776070396958,True,False,True
12_scattering_halo_10_020,118498068,scattering_halo,10.0,10.0,0.10167567075211315,0.3617663536218376,55.82350639634796,1e-14,0.35,Intensity-Weighted Centroid,0.45384601505141137,226.92300595707454,True,False,True
12_scattering_halo_10_020,118498068,scattering_halo,10.0,10.0,0.10167567075211315,0.3617663536218376,55.82350639634796,1e-14,0.35,Gaussian Fitting,0.15766172053817726,78.83085921870999,True,False,True
12_scattering_halo_10_020,118498068,scattering_halo,10.0,10.0,0.10167567075211315,0.3617663536218376,55.82350639634796,1e-14,0.35,PSF Fitting,0.16704019217236551,83.52009501340345,True,False,True
12_scattering_halo_10_021,793953859,scattering_halo,10.0,10.0,0.10167567075211315,0.3617663536218376,56.32884457653132,1e-14,0.35,Intensity-Weighted Centroid,0.286278077071839,143.13903814287423,True,False,True
12_scattering_halo_10_021,793953859,scattering_halo,10.0,10.0,0.10167567075211315,0.3617663536218376,56.32884457653132,1e-14,0.35,Gaussian Fitting,0.17282996816858331,86.41498399466641,True,False,True
12_scattering_halo_10_021,793953859,scattering_halo,10.0,10.0,0.10167567075211315,0.3617663536218376,56.32884457653132,1e-14,0.35,PSF Fitting,0.17202868983491962,86.01434482821593,True,False,True
12_scattering_halo_10_022,955199191,scattering_halo,10.0,10.0,0.10167567075211315,0.3617663536218376,52.56041554059608,1e-14,0.35,Intensity-Weighted Centroid,0.19335351896177538,96.67675439267818,True,False,True
12_scattering_halo_10_022,955199191,scattering_halo,10.0,10.0,0.10167567075211315,0.3617663536218376,52.56041554059608,1e-14,0.35,Gaussian Fitting,0.004736165405648708,2.368082659186989,True,False,True
12_scattering_halo_10_022,955199191,scattering_halo,10.0,10.0,0.10167567075211315,0.3617663536218376,52.56041554059608,1e-14,0.35,PSF Fitting,0.022050231137634716,11.02511542105906,True,False,True
12_scattering_halo_10_023,255917411,scattering_halo,10.0,10.0,0.10167567075211315,0.3617663536218376,54.24892132892899,1e-14,0.35,Intensity-Weighted Centroid,0.3156179822191652,157.80899073672006,True,False,True
12_scattering_halo_10_023,255917411,scattering_halo,10.0,10.0,0.10167567075211315,0.3617663536218376,54.24892132892899,1e-14,0.35,Gaussian Fitting,0.2834438224487443,141.7219109251675,True,False,True
12_scattering_halo_10_023,255917411,scattering_halo,10.0,10.0,0.10167567075211315,0.3617663536218376,54.24892132892899,1e-14,0.35,PSF Fitting,0.28246527593555615,141.23263767051353,True,False,True
12_scattering_halo_10_024,939685542,scattering_halo,10.0,10.0,0.10167567075211315,0.3617663536218376,55.72453439101978,1e-14,0.35,Intensity-Weighted Centroid,0.39728171884275904,198.64085810751882,True,False,True
12_scattering_halo_10_024,939685542,scattering_halo,10.0,10.0,0.10167567075211315,0.3617663536218376,55.72453439101978,1e-14,0.35,Gaussian Fitting,0.018706201108970644,9.353100254969595,True,False,True
12_scattering_halo_10_024,939685542,scattering_halo,10.0,10.0,0.10167567075211315,0.3617663536218376,55.72453439101978,1e-14,0.35,PSF Fitting,0.01644557421264108,8.222786861686805,True,False,True
12_scattering_halo_10_025,21499265,scattering_halo,10.0,10.0,0.10167567075211315,0.3617663536218376,53.07039773893792,1e-14,0.35,Intensity-Weighted Centroid,0.18791567892757086,93.95783694025086,True,False,True
12_scattering_halo_10_025,21499265,scattering_halo,10.0,10.0,0.10167567075211315,0.3617663536218376,53.07039773893792,1e-14,0.35,Gaussian Fitting,0.07749041890313041,38.74520807681852,True,False,True
12_scattering_halo_10_025,21499265,scattering_halo,10.0,10.0,0.10167567075211315,0.3617663536218376,53.07039773893792,1e-14,0.35,PSF Fitting,0.08740480353132579,43.70240035439997,True,False,True
12_scattering_halo_10_026,893672671,scattering_halo,10.0,10.0,0.10167567075211315,0.3617663536218376,57.13385306501936,1e-14,0.35,Intensity-Weighted Centroid,0.6451364448178631,322.5682146769899,True,False,True
12_scattering_halo_10_026,893672671,scattering_halo,10.0,10.0,0.10167567075211315,0.3617663536218376,57.13385306501936,1e-14,0.35,Gaussian Fitting,0.031036418617521894,15.518209128935174,True,False,True
12_scattering_halo_10_026,893672671,scattering_halo,10.0,10.0,0.10167567075211315,0.3617663536218376,57.13385306501936,1e-14,0.35,PSF Fitting,0.030786492935338618,15.393246292821187,True,False,True
12_scattering_halo_10_027,263484394,scattering_halo,10.0,10.0,0.10167567075211315,0.3617663536218376,52.7519357853389,1e-14,0.35,Intensity-Weighted Centroid,0.3522097803911319,176.104889717318,True,False,True
12_scattering_halo_10_027,263484394,scattering_halo,10.0,10.0,0.10167567075211315,0.3617663536218376,52.7519357853389,1e-14,0.35,Gaussian Fitting,0.057528541240376804,28.76427006589191,True,False,True
12_scattering_halo_10_027,263484394,scattering_halo,10.0,10.0,0.10167567075211315,0.3617663536218376,52.7519357853389,1e-14,0.35,PSF Fitting,0.05192148372152912,25.960741312896392,True,False,True
12_scattering_halo_10_028,70847546,scattering_halo,10.0,10.0,0.10167567075211315,0.3617663536218376,53.417449949270186,1e-14,0.35,Intensity-Weighted Centroid,0.25269681478029815,126.34840640694202,True,False,True
12_scattering_halo_10_028,70847546,scattering_halo,10.0,10.0,0.10167567075211315,0.3617663536218376,53.417449949270186,1e-14,0.35,Gaussian Fitting,0.0665016724823529,33.25083623237132,True,False,True
12_scattering_halo_10_028,70847546,scattering_halo,10.0,10.0,0.10167567075211315,0.3617663536218376,53.417449949270186,1e-14,0.35,PSF Fitting,0.06299383126560319,31.496915625518856,True,False,True
12_scattering_halo_10_029,680093668,scattering_halo,10.0,10.0,0.10167567075211315,0.3617663536218376,54.3499194594778,1e-14,0.35,Intensity-Weighted Centroid,0.3369080398623008,168.45401730412385,True,False,True
12_scattering_halo_10_029,680093668,scattering_halo,10.0,10.0,0.10167567075211315,0.3617663536218376,54.3499194594778,1e-14,0.35,Gaussian Fitting,0.10194215610494761,50.97107640654098,True,False,True
12_scattering_halo_10_029,680093668,scattering_halo,10.0,10.0,0.10167567075211315,0.3617663536218376,54.3499194594778,1e-14,0.35,PSF Fitting,0.10115994139471321,50.579969060690814,True,False,True
12_scattering_halo_15_000,232965136,scattering_halo,15.0,10.0,0.10167567075211315,0.21759166667115168,33.72481390416412,1e-14,0.35,Intensity-Weighted Centroid,0.7355119997143224,367.75598654397663,True,False,True
12_scattering_halo_15_000,232965136,scattering_halo,15.0,10.0,0.10167567075211315,0.21759166667115168,33.72481390416412,1e-14,0.35,Gaussian Fitting,0.12283972401481891,61.41986116714918,True,False,True
12_scattering_halo_15_000,232965136,scattering_halo,15.0,10.0,0.10167567075211315,0.21759166667115168,33.72481390416412,1e-14,0.35,PSF Fitting,0.11136885177566104,55.68442509336725,True,False,True
12_scattering_halo_15_001,521700749,scattering_halo,15.0,10.0,0.10167567075211315,0.21759166667115168,32.17106685865532,1e-14,0.35,Intensity-Weighted Centroid,0.6167096851564114,308.35480157471835,True,False,True
12_scattering_halo_15_001,521700749,scattering_halo,15.0,10.0,0.10167567075211315,0.21759166667115168,32.17106685865532,1e-14,0.35,Gaussian Fitting,0.20259072556734214,101.29535575628663,True,False,True
12_scattering_halo_15_001,521700749,scattering_halo,15.0,10.0,0.10167567075211315,0.21759166667115168,32.17106685865532,1e-14,0.35,PSF Fitting,0.2063605322210845,103.18025992967874,True,False,True
12_scattering_halo_15_002,812970172,scattering_halo,15.0,10.0,0.10167567075211315,0.21759166667115168,32.994923624751,1e-14,0.35,Intensity-Weighted Centroid,1.0122679221474706,506.1339124244084,True,False,True
12_scattering_halo_15_002,812970172,scattering_halo,15.0,10.0,0.10167567075211315,0.21759166667115168,32.994923624751,1e-14,0.35,Gaussian Fitting,0.35389530228944005,176.94764439630052,True,False,True
12_scattering_halo_15_002,812970172,scattering_halo,15.0,10.0,0.10167567075211315,0.21759166667115168,32.994923624751,1e-14,0.35,PSF Fitting,0.35069107993683535,175.34553325819385,True,False,True
12_scattering_halo_15_003,735552860,scattering_halo,15.0,10.0,0.10167567075211315,0.21759166667115168,34.883463256360486,1e-14,0.35,Intensity-Weighted Centroid,,,False,False,False
12_scattering_halo_15_003,735552860,scattering_halo,15.0,10.0,0.10167567075211315,0.21759166667115168,34.883463256360486,1e-14,0.35,Gaussian Fitting,,,False,False,False
12_scattering_halo_15_003,735552860,scattering_halo,15.0,10.0,0.10167567075211315,0.21759166667115168,34.883463256360486,1e-14,0.35,PSF Fitting,,,False,False,False
12_scattering_halo_15_004,316264379,scattering_halo,15.0,10.0,0.10167567075211315,0.21759166667115168,32.88255410094319,1e-14,0.35,Intensity-Weighted Centroid,0.8160117593687087,408.00584441063177,True,False,True
12_scattering_halo_15_004,316264379,scattering_halo,15.0,10.0,0.10167567075211315,0.21759166667115168,32.88255410094319,1e-14,0.35,Gaussian Fitting,0.4090980135049081,204.5490023590204,True,False,True
12_scattering_halo_15_004,316264379,scattering_halo,15.0,10.0,0.10167567075211315,0.21759166667115168,32.88255410094319,1e-14,0.35,PSF Fitting,0.4238949551702664,211.9474723428239,True,False,True
12_scattering_halo_15_005,424991228,scattering_halo,15.0,10.0,0.10167567075211315,0.21759166667115168,34.68963124319396,1e-14,0.35,Intensity-Weighted Centroid,0.24426304698499998,122.13152080243144,True,False,True
12_scattering_halo_15_005,424991228,scattering_halo,15.0,10.0,0.10167567075211315,0.21759166667115168,34.68963124319396,1e-14,0.35,Gaussian Fitting,0.2732656044913888,136.63279782836855,True,False,True
12_scattering_halo_15_005,424991228,scattering_halo,15.0,10.0,0.10167567075211315,0.21759166667115168,34.68963124319396,1e-14,0.35,PSF Fitting,0.28754172687549584,143.7708589972196,True,False,True
12_scattering_halo_15_006,450308010,scattering_halo,15.0,10.0,0.10167567075211315,0.21759166667115168,34.37970745353513,1e-14,0.35,Intensity-Weighted Centroid,0.9124238257250674,456.2119083984729,True,False,True
12_scattering_halo_15_006,450308010,scattering_halo,15.0,10.0,0.10167567075211315,0.21759166667115168,34.37970745353513,1e-14,0.35,Gaussian Fitting,0.11021856855056741,55.10928315172497,True,False,True
12_scattering_halo_15_006,450308010,scattering_halo,15.0,10.0,0.10167567075211315,0.21759166667115168,34.37970745353513,1e-14,0.35,PSF Fitting,0.10550688825454514,52.75344304564121,True,False,True
12_scattering_halo_15_007,393321087,scattering_halo,15.0,10.0,0.10167567075211315,0.21759166667115168,33.760658334050596,1e-14,0.35,Intensity-Weighted Centroid,1.0947253155533532,547.3625744189088,True,False,True
12_scattering_halo_15_007,393321087,scattering_halo,15.0,10.0,0.10167567075211315,0.21759166667115168,33.760658334050596,1e-14,0.35,Gaussian Fitting,0.27404993855065135,137.0249643125853,True,False,True
12_scattering_halo_15_007,393321087,scattering_halo,15.0,10.0,0.10167567075211315,0.21759166667115168,33.760658334050596,1e-14,0.35,PSF Fitting,0.2818177930516067,140.9088910865658,True,False,True
12_scattering_halo_15_008,246686803,scattering_halo,15.0,10.0,0.10167567075211315,0.21759166667115168,32.006533217970166,1e-14,0.35,Intensity-Weighted Centroid,1.0310583685984622,515.5291452805388,True,False,True
12_scattering_halo_15_008,246686803,scattering_halo,15.0,10.0,0.10167567075211315,0.21759166667115168,32.006533217970166,1e-14,0.35,Gaussian Fitting,0.19199593453861943,95.99796713543441,True,False,True
12_scattering_halo_15_008,246686803,scattering_halo,15.0,10.0,0.10167567075211315,0.21759166667115168,32.006533217970166,1e-14,0.35,PSF Fitting,0.20220918335058663,101.10459151408132,True,False,True
12_scattering_halo_15_009,716432265,scattering_halo,15.0,10.0,0.10167567075211315,0.21759166667115168,32.26429888257158,1e-14,0.35,Intensity-Weighted Centroid,0.21486596659616522,107.43298270266361,True,False,True
12_scattering_halo_15_009,716432265,scattering_halo,15.0,10.0,0.10167567075211315,0.21759166667115168,32.26429888257158,1e-14,0.35,Gaussian Fitting,0.017060254829711196,8.530127396195766,True,False,True
12_scattering_halo_15_009,716432265,scattering_halo,15.0,10.0,0.10167567075211315,0.21759166667115168,32.26429888257158,1e-14,0.35,PSF Fitting,0.030324004856262025,15.16200236975032,True,False,True
12_scattering_halo_15_010,695132908,scattering_halo,15.0,10.0,0.10167567075211315,0.21759166667115168,34.04822029891857,1e-14,0.35,Intensity-Weighted Centroid,0.4603419198674987,230.17095734976522,True,False,True
12_scattering_halo_15_010,695132908,scattering_halo,15.0,10.0,0.10167567075211315,0.21759166667115168,34.04822029891857,1e-14,0.35,Gaussian Fitting,0.23972696354906597,119.8634814204491,True,False,True
12_scattering_halo_15_010,695132908,scattering_halo,15.0,10.0,0.10167567075211315,0.21759166667115168,34.04822029891857,1e-14,0.35,PSF Fitting,0.22687511825107526,113.43755883264033,True,False,True
12_scattering_halo_15_011,945469086,scattering_halo,15.0,10.0,0.10167567075211315,0.21759166667115168,33.34270598923637,1e-14,0.35,Intensity-Weighted Centroid,0.5080737699702121,254.03687876339188,True,False,True
12_scattering_halo_15_011,945469086,scattering_halo,15.0,10.0,0.10167567075211315,0.21759166667115168,33.34270598923637,1e-14,0.35,Gaussian Fitting,0.0799695454741978,39.984772554183174,True,False,True
12_scattering_halo_15_011,945469086,scattering_halo,15.0,10.0,0.10167567075211315,0.21759166667115168,33.34270598923637,1e-14,0.35,PSF Fitting,0.0970638442847786,48.53192189360338,True,False,True
12_scattering_halo_15_012,915713938,scattering_halo,15.0,10.0,0.10167567075211315,0.21759166667115168,33.19403953817364,1e-14,0.35,Intensity-Weighted Centroid,0.9573091300946498,478.6545233038735,True,False,True
12_scattering_halo_15_012,915713938,scattering_halo,15.0,10.0,0.10167567075211315,0.21759166667115168,33.19403953817364,1e-14,0.35,Gaussian Fitting,0.0887866033683955,44.393301158044274,True,False,True
12_scattering_halo_15_012,915713938,scattering_halo,15.0,10.0,0.10167567075211315,0.21759166667115168,33.19403953817364,1e-14,0.35,PSF Fitting,0.09742669787304224,48.71334840846534,True,False,True
12_scattering_halo_15_013,592671195,scattering_halo,15.0,10.0,0.10167567075211315,0.21759166667115168,33.1636983686444,1e-14,0.35,Intensity-Weighted Centroid,0.2411936081206708,120.59680342677548,True,False,True
12_scattering_halo_15_013,592671195,scattering_halo,15.0,10.0,0.10167567075211315,0.21759166667115168,33.1636983686444,1e-14,0.35,Gaussian Fitting,0.22872244123513447,114.36122002805925,True,False,True
12_scattering_halo_15_013,592671195,scattering_halo,15.0,10.0,0.10167567075211315,0.21759166667115168,33.1636983686444,1e-14,0.35,PSF Fitting,0.22694975191567612,113.4748754326649,True,False,True
12_scattering_halo_15_014,546064766,scattering_halo,15.0,10.0,0.10167567075211315,0.21759166667115168,31.988424485701845,1e-14,0.35,Intensity-Weighted Centroid,1.0906243059898388,545.3121229512561,True,False,True
12_scattering_halo_15_014,546064766,scattering_halo,15.0,10.0,0.10167567075211315,0.21759166667115168,31.988424485701845,1e-14,0.35,Gaussian Fitting,0.2739610515809828,136.98052554005733,True,False,True
12_scattering_halo_15_014,546064766,scattering_halo,15.0,10.0,0.10167567075211315,0.21759166667115168,31.988424485701845,1e-14,0.35,PSF Fitting,0.2382609920865306,119.13049589481682,True,False,True
12_scattering_halo_15_015,41826858,scattering_halo,15.0,10.0,0.10167567075211315,0.21759166667115168,31.36001269045547,1e-14,0.35,Intensity-Weighted Centroid,0.7372062443195688,368.60310871937344,True,False,True
12_scattering_halo_15_015,41826858,scattering_halo,15.0,10.0,0.10167567075211315,0.21759166667115168,31.36001269045547,1e-14,0.35,Gaussian Fitting,0.1104730826626165,55.23654081358117,True,False,True
12_scattering_halo_15_015,41826858,scattering_halo,15.0,10.0,0.10167567075211315,0.21759166667115168,31.36001269045547,1e-14,0.35,PSF Fitting,0.11195893201136278,55.97946529732414,True,False,True
12_scattering_halo_15_016,84359045,scattering_halo,15.0,10.0,0.10167567075211315,0.21759166667115168,34.12831735879969,1e-14,0.35,Intensity-Weighted Centroid,0.9548580870516777,477.4290203076062,True,False,True
12_scattering_halo_15_016,84359045,scattering_halo,15.0,10.0,0.10167567075211315,0.21759166667115168,34.12831735879969,1e-14,0.35,Gaussian Fitting,0.21212480785199428,106.0624033838462,True,False,True
12_scattering_halo_15_016,84359045,scattering_halo,15.0,10.0,0.10167567075211315,0.21759166667115168,34.12831735879969,1e-14,0.35,PSF Fitting,0.17819842249717854,89.09921106991435,True,False,True
12_scattering_halo_15_017,161769053,scattering_halo,15.0,10.0,0.10167567075211315,0.21759166667115168,31.58639397751845,1e-14,0.35,Intensity-Weighted Centroid,0.7926723949865788,396.3361424543541,True,False,True
12_scattering_halo_15_017,161769053,scattering_halo,15.0,10.0,0.10167567075211315,0.21759166667115168,31.58639397751845,1e-14,0.35,Gaussian Fitting,0.0698880317617177,34.94401516974358,True,False,True
12_scattering_halo_15_017,161769053,scattering_halo,15.0,10.0,0.10167567075211315,0.21759166667115168,31.58639397751845,1e-14,0.35,PSF Fitting,0.09839877653521378,49.199386050431244,True,False,True
12_scattering_halo_15_018,350351337,scattering_halo,15.0,10.0,0.10167567075211315,0.21759166667115168,31.41142809267534,1e-14,0.35,Intensity-Weighted Centroid,1.2531319016970877,626.5659195423041,True,False,True
12_scattering_halo_15_018,350351337,scattering_halo,15.0,10.0,0.10167567075211315,0.21759166667115168,31.41142809267534,1e-14,0.35,Gaussian Fitting,0.11597260247140792,57.98630015691651,True,False,True
12_scattering_halo_15_018,350351337,scattering_halo,15.0,10.0,0.10167567075211315,0.21759166667115168,31.41142809267534,1e-14,0.35,PSF Fitting,0.16523121175509706,82.61560422980038,True,False,True
12_scattering_halo_15_019,662357879,scattering_halo,15.0,10.0,0.10167567075211315,0.21759166667115168,32.374120361515075,1e-14,0.35,Intensity-Weighted Centroid,0.6482824043670179,324.14119489428765,True,False,True
12_scattering_halo_15_019,662357879,scattering_halo,15.0,10.0,0.10167567075211315,0.21759166667115168,32.374120361515075,1e-14,0.35,Gaussian Fitting,0.06339753355049632,31.698765990131715,True,False,True
12_scattering_halo_15_019,662357879,scattering_halo,15.0,10.0,0.10167567075211315,0.21759166667115168,32.374120361515075,1e-14,0.35,PSF Fitting,0.0798808374452917,39.94041795575507,True,False,True
12_scattering_halo_15_020,358924284,scattering_halo,15.0,10.0,0.10167567075211315,0.21759166667115168,33.85399309861903,1e-14,0.35,Intensity-Weighted Centroid,0.5125218623534434,256.26092010702706,True,False,True
12_scattering_halo_15_020,358924284,scattering_halo,15.0,10.0,0.10167567075211315,0.21759166667115168,33.85399309861903,1e-14,0.35,Gaussian Fitting,0.08778125248613636,43.890626044798296,True,False,True
12_scattering_halo_15_020,358924284,scattering_halo,15.0,10.0,0.10167567075211315,0.21759166667115168,33.85399309861903,1e-14,0.35,PSF Fitting,0.1252973601699296,62.648679820411935,True,False,True
12_scattering_halo_15_021,577511711,scattering_halo,15.0,10.0,0.10167567075211315,0.21759166667115168,31.21759195033073,1e-14,0.35,Intensity-Weighted Centroid,0.22425050567856478,112.12525242478881,True,False,True
12_scattering_halo_15_021,577511711,scattering_halo,15.0,10.0,0.10167567075211315,0.21759166667115168,31.21759195033073,1e-14,0.35,Gaussian Fitting,0.08457799326934595,42.288996162026365,True,False,True
12_scattering_halo_15_021,577511711,scattering_halo,15.0,10.0,0.10167567075211315,0.21759166667115168,31.21759195033073,1e-14,0.35,PSF Fitting,0.12369623926665398,61.8481188554292,True,False,True
12_scattering_halo_15_022,455546911,scattering_halo,15.0,10.0,0.10167567075211315,0.21759166667115168,32.20752717590354,1e-14,0.35,Intensity-Weighted Centroid,1.3228828721770711,661.4413712728481,True,False,True
12_scattering_halo_15_022,455546911,scattering_halo,15.0,10.0,0.10167567075211315,0.21759166667115168,32.20752717590354,1e-14,0.35,Gaussian Fitting,0.5533425420234754,276.6712672197495,True,False,True
12_scattering_halo_15_022,455546911,scattering_halo,15.0,10.0,0.10167567075211315,0.21759166667115168,32.20752717590354,1e-14,0.35,PSF Fitting,0.5198506015181887,259.9252977513387,True,False,True
12_scattering_halo_15_023,491164088,scattering_halo,15.0,10.0,0.10167567075211315,0.21759166667115168,32.34561416579906,1e-14,0.35,Intensity-Weighted Centroid,0.6029247024938772,301.46234882862103,True,False,True
12_scattering_halo_15_023,491164088,scattering_halo,15.0,10.0,0.10167567075211315,0.21759166667115168,32.34561416579906,1e-14,0.35,Gaussian Fitting,0.1284631696731817,64.23158399512597,True,False,True
12_scattering_halo_15_023,491164088,scattering_halo,15.0,10.0,0.10167567075211315,0.21759166667115168,32.34561416579906,1e-14,0.35,PSF Fitting,0.12435335718416378,62.176677717808005,True,False,True
12_scattering_halo_15_024,886929264,scattering_halo,15.0,10.0,0.10167567075211315,0.21759166667115168,33.40976593130708,1e-14,0.35,Intensity-Weighted Centroid,0.40758738597577565,203.7936819829118,True,False,True
12_scattering_halo_15_024,886929264,scattering_halo,15.0,10.0,0.10167567075211315,0.21759166667115168,33.40976593130708,1e-14,0.35,Gaussian Fitting,0.4096148113326884,204.80739375010245,True,False,True
12_scattering_halo_15_024,886929264,scattering_halo,15.0,10.0,0.10167567075211315,0.21759166667115168,33.40976593130708,1e-14,0.35,PSF Fitting,0.4165564630794221,208.27821812920857,True,False,True
12_scattering_halo_15_025,588316923,scattering_halo,15.0,10.0,0.10167567075211315,0.21759166667115168,33.02695085523966,1e-14,0.35,Intensity-Weighted Centroid,0.40000310515971566,200.00154057307626,True,False,True
12_scattering_halo_15_025,588316923,scattering_halo,15.0,10.0,0.10167567075211315,0.21759166667115168,33.02695085523966,1e-14,0.35,Gaussian Fitting,0.41217514023437907,206.0875684018123,True,False,True
12_scattering_halo_15_025,588316923,scattering_halo,15.0,10.0,0.10167567075211315,0.21759166667115168,33.02695085523966,1e-14,0.35,PSF Fitting,0.37756373713667996,188.78186695795702,True,False,True
12_scattering_halo_15_026,410334914,scattering_halo,15.0,10.0,0.10167567075211315,0.21759166667115168,32.533805763153175,1e-14,0.35,Intensity-Weighted Centroid,0.5805830849523465,290.2915314587849,True,False,True
12_scattering_halo_15_026,410334914,scattering_halo,15.0,10.0,0.10167567075211315,0.21759166667115168,32.533805763153175,1e-14,0.35,Gaussian Fitting,0.16040456563307343,80.20228108724925,True,False,True
12_scattering_halo_15_026,410334914,scattering_halo,15.0,10.0,0.10167567075211315,0.21759166667115168,32.533805763153175,1e-14,0.35,PSF Fitting,0.1627801993587214,81.39009795169848,True,False,True
12_scattering_halo_15_027,629957546,scattering_halo,15.0,10.0,0.10167567075211315,0.21759166667115168,32.79670640812923,1e-14,0.35,Intensity-Weighted Centroid,0.20208331216790273,101.04165600201986,True,False,True
12_scattering_halo_15_027,629957546,scattering_halo,15.0,10.0,0.10167567075211315,0.21759166667115168,32.79670640812923,1e-14,0.35,Gaussian Fitting,0.32085575748139045,160.4278774019082,True,False,True
12_scattering_halo_15_027,629957546,scattering_halo,15.0,10.0,0.10167567075211315,0.21759166667115168,32.79670640812923,1e-14,0.35,PSF Fitting,0.3505970258311809,175.29851117877016,True,False,True
12_scattering_halo_15_028,869348728,scattering_halo,15.0,10.0,0.10167567075211315,0.21759166667115168,32.235764722391885,1e-14,0.35,Intensity-Weighted Centroid,0.7444166021515053,372.20828747207605,True,False,True
12_scattering_halo_15_028,869348728,scattering_halo,15.0,10.0,0.10167567075211315,0.21759166667115168,32.235764722391885,1e-14,0.35,Gaussian Fitting,0.1270557611987919,63.527880580987095,True,False,True
12_scattering_halo_15_028,869348728,scattering_halo,15.0,10.0,0.10167567075211315,0.21759166667115168,32.235764722391885,1e-14,0.35,PSF Fitting,0.16003663046116556,80.01831518332428,True,False,True
12_scattering_halo_15_029,422708500,scattering_halo,15.0,10.0,0.10167567075211315,0.21759166667115168,32.48492870059304,1e-14,0.35,Intensity-Weighted Centroid,0.585325126210873,292.6625492797476,True,False,True
12_scattering_halo_15_029,422708500,scattering_halo,15.0,10.0,0.10167567075211315,0.21759166667115168,32.48492870059304,1e-14,0.35,Gaussian Fitting,0.2570415366418027,128.52076719451858,True,False,True
12_scattering_halo_15_029,422708500,scattering_halo,15.0,10.0,0.10167567075211315,0.21759166667115168,32.48492870059304,1e-14,0.35,PSF Fitting,0.2503546266203483,125.177312169539,True,False,True
12_scattering_halo_20_000,315937920,scattering_halo,20.0,10.0,0.10167567075211315,0.13087489461284046,19.40256838645867,1e-14,0.35,Intensity-Weighted Centroid,,,False,False,False
12_scattering_halo_20_000,315937920,scattering_halo,20.0,10.0,0.10167567075211315,0.13087489461284046,19.40256838645867,1e-14,0.35,Gaussian Fitting,,,False,False,False
12_scattering_halo_20_000,315937920,scattering_halo,20.0,10.0,0.10167567075211315,0.13087489461284046,19.40256838645867,1e-14,0.35,PSF Fitting,,,False,False,False
12_scattering_halo_20_001,798053640,scattering_halo,20.0,10.0,0.10167567075211315,0.13087489461284046,19.392505264820652,1e-14,0.35,Intensity-Weighted Centroid,,,False,False,False
12_scattering_halo_20_001,798053640,scattering_halo,20.0,10.0,0.10167567075211315,0.13087489461284046,19.392505264820652,1e-14,0.35,Gaussian Fitting,,,False,False,False
12_scattering_halo_20_001,798053640,scattering_halo,20.0,10.0,0.10167567075211315,0.13087489461284046,19.392505264820652,1e-14,0.35,PSF Fitting,,,False,False,False
12_scattering_halo_20_002,362942218,scattering_halo,20.0,10.0,0.10167567075211315,0.13087489461284046,19.840612583576927,1e-14,0.35,Intensity-Weighted Centroid,,,False,False,False
12_scattering_halo_20_002,362942218,scattering_halo,20.0,10.0,0.10167567075211315,0.13087489461284046,19.840612583576927,1e-14,0.35,Gaussian Fitting,,,False,False,False
12_scattering_halo_20_002,362942218,scattering_halo,20.0,10.0,0.10167567075211315,0.13087489461284046,19.840612583576927,1e-14,0.35,PSF Fitting,,,False,False,False
12_scattering_halo_20_003,603685747,scattering_halo,20.0,10.0,0.10167567075211315,0.13087489461284046,19.789972464588118,1e-14,0.35,Intensity-Weighted Centroid,,,False,False,False
12_scattering_halo_20_003,603685747,scattering_halo,20.0,10.0,0.10167567075211315,0.13087489461284046,19.789972464588118,1e-14,0.35,Gaussian Fitting,,,False,False,False
12_scattering_halo_20_003,603685747,scattering_halo,20.0,10.0,0.10167567075211315,0.13087489461284046,19.789972464588118,1e-14,0.35,PSF Fitting,,,False,False,False
12_scattering_halo_20_004,333980298,scattering_halo,20.0,10.0,0.10167567075211315,0.13087489461284046,18.895586783770234,1e-14,0.35,Intensity-Weighted Centroid,,,False,False,False
12_scattering_halo_20_004,333980298,scattering_halo,20.0,10.0,0.10167567075211315,0.13087489461284046,18.895586783770234,1e-14,0.35,Gaussian Fitting,,,False,False,False
12_scattering_halo_20_004,333980298,scattering_halo,20.0,10.0,0.10167567075211315,0.13087489461284046,18.895586783770234,1e-14,0.35,PSF Fitting,,,False,False,False
12_scattering_halo_20_005,784209212,scattering_halo,20.0,10.0,0.10167567075211315,0.13087489461284046,19.466917633397273,1e-14,0.35,Intensity-Weighted Centroid,,,False,False,False
12_scattering_halo_20_005,784209212,scattering_halo,20.0,10.0,0.10167567075211315,0.13087489461284046,19.466917633397273,1e-14,0.35,Gaussian Fitting,,,False,False,False
12_scattering_halo_20_005,784209212,scattering_halo,20.0,10.0,0.10167567075211315,0.13087489461284046,19.466917633397273,1e-14,0.35,PSF Fitting,,,False,False,False
12_scattering_halo_20_006,245505853,scattering_halo,20.0,10.0,0.10167567075211315,0.13087489461284046,19.322420684091256,1e-14,0.35,Intensity-Weighted Centroid,,,False,False,False
12_scattering_halo_20_006,245505853,scattering_halo,20.0,10.0,0.10167567075211315,0.13087489461284046,19.322420684091256,1e-14,0.35,Gaussian Fitting,,,False,False,False
12_scattering_halo_20_006,245505853,scattering_halo,20.0,10.0,0.10167567075211315,0.13087489461284046,19.322420684091256,1e-14,0.35,PSF Fitting,,,False,False,False
12_scattering_halo_20_007,14115277,scattering_halo,20.0,10.0,0.10167567075211315,0.13087489461284046,19.66706318262774,1e-14,0.35,Intensity-Weighted Centroid,,,False,False,False
12_scattering_halo_20_007,14115277,scattering_halo,20.0,10.0,0.10167567075211315,0.13087489461284046,19.66706318262774,1e-14,0.35,Gaussian Fitting,,,False,False,False
12_scattering_halo_20_007,14115277,scattering_halo,20.0,10.0,0.10167567075211315,0.13087489461284046,19.66706318262774,1e-14,0.35,PSF Fitting,,,False,False,False
12_scattering_halo_20_008,53994232,scattering_halo,20.0,10.0,0.10167567075211315,0.13087489461284046,19.455741708008198,1e-14,0.35,Intensity-Weighted Centroid,,,False,False,False
12_scattering_halo_20_008,53994232,scattering_halo,20.0,10.0,0.10167567075211315,0.13087489461284046,19.455741708008198,1e-14,0.35,Gaussian Fitting,,,False,False,False
12_scattering_halo_20_008,53994232,scattering_halo,20.0,10.0,0.10167567075211315,0.13087489461284046,19.455741708008198,1e-14,0.35,PSF Fitting,,,False,False,False
12_scattering_halo_20_009,682761866,scattering_halo,20.0,10.0,0.10167567075211315,0.13087489461284046,19.773173988281656,1e-14,0.35,Intensity-Weighted Centroid,,,False,False,False
12_scattering_halo_20_009,682761866,scattering_halo,20.0,10.0,0.10167567075211315,0.13087489461284046,19.773173988281656,1e-14,0.35,Gaussian Fitting,,,False,False,False
12_scattering_halo_20_009,682761866,scattering_halo,20.0,10.0,0.10167567075211315,0.13087489461284046,19.773173988281656,1e-14,0.35,PSF Fitting,,,False,False,False
12_scattering_halo_20_010,167095667,scattering_halo,20.0,10.0,0.10167567075211315,0.13087489461284046,19.919310119715057,1e-14,0.35,Intensity-Weighted Centroid,,,False,False,False
12_scattering_halo_20_010,167095667,scattering_halo,20.0,10.0,0.10167567075211315,0.13087489461284046,19.919310119715057,1e-14,0.35,Gaussian Fitting,,,False,False,False
12_scattering_halo_20_010,167095667,scattering_halo,20.0,10.0,0.10167567075211315,0.13087489461284046,19.919310119715057,1e-14,0.35,PSF Fitting,,,False,False,False
12_scattering_halo_20_011,510317104,scattering_halo,20.0,10.0,0.10167567075211315,0.13087489461284046,19.149544413617523,1e-14,0.35,Intensity-Weighted Centroid,,,False,False,False
12_scattering_halo_20_011,510317104,scattering_halo,20.0,10.0,0.10167567075211315,0.13087489461284046,19.149544413617523,1e-14,0.35,Gaussian Fitting,,,False,False,False
12_scattering_halo_20_011,510317104,scattering_halo,20.0,10.0,0.10167567075211315,0.13087489461284046,19.149544413617523,1e-14,0.35,PSF Fitting,,,False,False,False
12_scattering_halo_20_012,948086643,scattering_halo,20.0,10.0,0.10167567075211315,0.13087489461284046,19.00814600495321,1e-14,0.35,Intensity-Weighted Centroid,,,False,False,False
12_scattering_halo_20_012,948086643,scattering_halo,20.0,10.0,0.10167567075211315,0.13087489461284046,19.00814600495321,1e-14,0.35,Gaussian Fitting,,,False,False,False
12_scattering_halo_20_012,948086643,scattering_halo,20.0,10.0,0.10167567075211315,0.13087489461284046,19.00814600495321,1e-14,0.35,PSF Fitting,,,False,False,False
12_scattering_halo_20_013,701703611,scattering_halo,20.0,10.0,0.10167567075211315,0.13087489461284046,19.581719869666365,1e-14,0.35,Intensity-Weighted Centroid,,,False,False,False
12_scattering_halo_20_013,701703611,scattering_halo,20.0,10.0,0.10167567075211315,0.13087489461284046,19.581719869666365,1e-14,0.35,Gaussian Fitting,,,False,False,False
12_scattering_halo_20_013,701703611,scattering_halo,20.0,10.0,0.10167567075211315,0.13087489461284046,19.581719869666365,1e-14,0.35,PSF Fitting,,,False,False,False
12_scattering_halo_20_014,937334772,scattering_halo,20.0,10.0,0.10167567075211315,0.13087489461284046,18.99178644587838,1e-14,0.35,Intensity-Weighted Centroid,,,False,False,False
12_scattering_halo_20_014,937334772,scattering_halo,20.0,10.0,0.10167567075211315,0.13087489461284046,18.99178644587838,1e-14,0.35,Gaussian Fitting,,,False,False,False
12_scattering_halo_20_014,937334772,scattering_halo,20.0,10.0,0.10167567075211315,0.13087489461284046,18.99178644587838,1e-14,0.35,PSF Fitting,,,False,False,False
12_scattering_halo_20_015,793745651,scattering_halo,20.0,10.0,0.10167567075211315,0.13087489461284046,20.627752133278406,1e-14,0.35,Intensity-Weighted Centroid,,,False,False,False
12_scattering_halo_20_015,793745651,scattering_halo,20.0,10.0,0.10167567075211315,0.13087489461284046,20.627752133278406,1e-14,0.35,Gaussian Fitting,,,False,False,False
12_scattering_halo_20_015,793745651,scattering_halo,20.0,10.0,0.10167567075211315,0.13087489461284046,20.627752133278406,1e-14,0.35,PSF Fitting,,,False,False,False
12_scattering_halo_20_016,826668115,scattering_halo,20.0,10.0,0.10167567075211315,0.13087489461284046,19.722702871417543,1e-14,0.35,Intensity-Weighted Centroid,,,False,False,False
12_scattering_halo_20_016,826668115,scattering_halo,20.0,10.0,0.10167567075211315,0.13087489461284046,19.722702871417543,1e-14,0.35,Gaussian Fitting,,,False,False,False
12_scattering_halo_20_016,826668115,scattering_halo,20.0,10.0,0.10167567075211315,0.13087489461284046,19.722702871417543,1e-14,0.35,PSF Fitting,,,False,False,False
12_scattering_halo_20_017,526317041,scattering_halo,20.0,10.0,0.10167567075211315,0.13087489461284046,20.39593201858688,1e-14,0.35,Intensity-Weighted Centroid,,,False,False,False
12_scattering_halo_20_017,526317041,scattering_halo,20.0,10.0,0.10167567075211315,0.13087489461284046,20.39593201858688,1e-14,0.35,Gaussian Fitting,,,False,False,False
12_scattering_halo_20_017,526317041,scattering_halo,20.0,10.0,0.10167567075211315,0.13087489461284046,20.39593201858688,1e-14,0.35,PSF Fitting,,,False,False,False
12_scattering_halo_20_018,57882093,scattering_halo,20.0,10.0,0.10167567075211315,0.13087489461284046,20.038103122126707,1e-14,0.35,Intensity-Weighted Centroid,,,False,False,False
12_scattering_halo_20_018,57882093,scattering_halo,20.0,10.0,0.10167567075211315,0.13087489461284046,20.038103122126707,1e-14,0.35,Gaussian Fitting,,,False,False,False
12_scattering_halo_20_018,57882093,scattering_halo,20.0,10.0,0.10167567075211315,0.13087489461284046,20.038103122126707,1e-14,0.35,PSF Fitting,,,False,False,False
12_scattering_halo_20_019,136408553,scattering_halo,20.0,10.0,0.10167567075211315,0.13087489461284046,19.67294588084588,1e-14,0.35,Intensity-Weighted Centroid,,,False,False,False
12_scattering_halo_20_019,136408553,scattering_halo,20.0,10.0,0.10167567075211315,0.13087489461284046,19.67294588084588,1e-14,0.35,Gaussian Fitting,,,False,False,False
12_scattering_halo_20_019,136408553,scattering_halo,20.0,10.0,0.10167567075211315,0.13087489461284046,19.67294588084588,1e-14,0.35,PSF Fitting,,,False,False,False
12_scattering_halo_20_020,632107545,scattering_halo,20.0,10.0,0.10167567075211315,0.13087489461284046,18.990761069662852,1e-14,0.35,Intensity-Weighted Centroid,,,False,False,False
12_scattering_halo_20_020,632107545,scattering_halo,20.0,10.0,0.10167567075211315,0.13087489461284046,18.990761069662852,1e-14,0.35,Gaussian Fitting,,,False,False,False
12_scattering_halo_20_020,632107545,scattering_halo,20.0,10.0,0.10167567075211315,0.13087489461284046,18.990761069662852,1e-14,0.35,PSF Fitting,,,False,False,False
12_scattering_halo_20_021,621697842,scattering_halo,20.0,10.0,0.10167567075211315,0.13087489461284046,19.38624939529162,1e-14,0.35,Intensity-Weighted Centroid,,,False,False,False
12_scattering_halo_20_021,621697842,scattering_halo,20.0,10.0,0.10167567075211315,0.13087489461284046,19.38624939529162,1e-14,0.35,Gaussian Fitting,,,False,False,False
12_scattering_halo_20_021,621697842,scattering_halo,20.0,10.0,0.10167567075211315,0.13087489461284046,19.38624939529162,1e-14,0.35,PSF Fitting,,,False,False,False
12_scattering_halo_20_022,427299171,scattering_halo,20.0,10.0,0.10167567075211315,0.13087489461284046,19.492614873025452,1e-14,0.35,Intensity-Weighted Centroid,,,False,False,False
12_scattering_halo_20_022,427299171,scattering_halo,20.0,10.0,0.10167567075211315,0.13087489461284046,19.492614873025452,1e-14,0.35,Gaussian Fitting,,,False,False,False
12_scattering_halo_20_022,427299171,scattering_halo,20.0,10.0,0.10167567075211315,0.13087489461284046,19.492614873025452,1e-14,0.35,PSF Fitting,,,False,False,False
12_scattering_halo_20_023,973903763,scattering_halo,20.0,10.0,0.10167567075211315,0.13087489461284046,19.48455749148043,1e-14,0.35,Intensity-Weighted Centroid,,,False,False,False
12_scattering_halo_20_023,973903763,scattering_halo,20.0,10.0,0.10167567075211315,0.13087489461284046,19.48455749148043,1e-14,0.35,Gaussian Fitting,,,False,False,False
12_scattering_halo_20_023,973903763,scattering_halo,20.0,10.0,0.10167567075211315,0.13087489461284046,19.48455749148043,1e-14,0.35,PSF Fitting,,,False,False,False
12_scattering_halo_20_024,112909429,scattering_halo,20.0,10.0,0.10167567075211315,0.13087489461284046,19.4920922965844,1e-14,0.35,Intensity-Weighted Centroid,,,False,False,False
12_scattering_halo_20_024,112909429,scattering_halo,20.0,10.0,0.10167567075211315,0.13087489461284046,19.4920922965844,1e-14,0.35,Gaussian Fitting,,,False,False,False
12_scattering_halo_20_024,112909429,scattering_halo,20.0,10.0,0.10167567075211315,0.13087489461284046,19.4920922965844,1e-14,0.35,PSF Fitting,,,False,False,False
12_scattering_halo_20_025,349637415,scattering_halo,20.0,10.0,0.10167567075211315,0.13087489461284046,19.704362143482868,1e-14,0.35,Intensity-Weighted Centroid,,,False,False,False
12_scattering_halo_20_025,349637415,scattering_halo,20.0,10.0,0.10167567075211315,0.13087489461284046,19.704362143482868,1e-14,0.35,Gaussian Fitting,,,False,False,False
12_scattering_halo_20_025,349637415,scattering_halo,20.0,10.0,0.10167567075211315,0.13087489461284046,19.704362143482868,1e-14,0.35,PSF Fitting,,,False,False,False
12_scattering_halo_20_026,448011108,scattering_halo,20.0,10.0,0.10167567075211315,0.13087489461284046,20.452531218936432,1e-14,0.35,Intensity-Weighted Centroid,,,False,False,False
12_scattering_halo_20_026,448011108,scattering_halo,20.0,10.0,0.10167567075211315,0.13087489461284046,20.452531218936432,1e-14,0.35,Gaussian Fitting,,,False,False,False
12_scattering_halo_20_026,448011108,scattering_halo,20.0,10.0,0.10167567075211315,0.13087489461284046,20.452531218936432,1e-14,0.35,PSF Fitting,,,False,False,False
12_scattering_halo_20_027,237558225,scattering_halo,20.0,10.0,0.10167567075211315,0.13087489461284046,19.740961500903985,1e-14,0.35,Intensity-Weighted Centroid,,,False,False,False
12_scattering_halo_20_027,237558225,scattering_halo,20.0,10.0,0.10167567075211315,0.13087489461284046,19.740961500903985,1e-14,0.35,Gaussian Fitting,,,False,False,False
12_scattering_halo_20_027,237558225,scattering_halo,20.0,10.0,0.10167567075211315,0.13087489461284046,19.740961500903985,1e-14,0.35,PSF Fitting,,,False,False,False
12_scattering_halo_20_028,555709909,scattering_halo,20.0,10.0,0.10167567075211315,0.13087489461284046,19.968423712781263,1e-14,0.35,Intensity-Weighted Centroid,,,False,False,False
12_scattering_halo_20_028,555709909,scattering_halo,20.0,10.0,0.10167567075211315,0.13087489461284046,19.968423712781263,1e-14,0.35,Gaussian Fitting,,,False,False,False
12_scattering_halo_20_028,555709909,scattering_halo,20.0,10.0,0.10167567075211315,0.13087489461284046,19.968423712781263,1e-14,0.35,PSF Fitting,,,False,False,False
12_scattering_halo_20_029,158824839,scattering_halo,20.0,10.0,0.10167567075211315,0.13087489461284046,19.714376252623335,1e-14,0.35,Intensity-Weighted Centroid,,,False,False,False
12_scattering_halo_20_029,158824839,scattering_halo,20.0,10.0,0.10167567075211315,0.13087489461284046,19.714376252623335,1e-14,0.35,Gaussian Fitting,,,False,False,False
12_scattering_halo_20_029,158824839,scattering_halo,20.0,10.0,0.10167567075211315,0.13087489461284046,19.714376252623335,1e-14,0.35,PSF Fitting,,,False,False,False
