eval_category,roi_provider_label,psf_condition,estimator_name,snr_db,total_trials,success_count,success_rate,mean_radial_error,median_radial_error,std_radial_error,rmse_x,rmse_y,radial_rmse,p95_radial_error,max_radial_error,bias_x,bias_y,bias_magnitude,angular_rmse_urad,mean_latency_ms,median_latency_ms,p95_latency_ms,rmse_ci_lower,rmse_ci_upper,avg_roi_offset_px
End-to-End Benchmark,End-to-End (Detector ROI),asymmetric,Binary Centroid,5.0,30,30,1.0,768.4486069146352,713.2763837426473,428.6399121355032,788.8265405232344,389.86936877718585,879.9121750178113,1439.0827642322226,1527.4861730302393,204.60793824799575,-19.550642732518597,205.53986480814427,427446.04087971593,0.11236666650802363,0.10709999969549244,0.1721899996937281,711.1773180201297,1019.8179429182064,768.8709949614214
End-to-End Benchmark,End-to-End (Detector ROI),asymmetric,Binary Centroid,15.0,30,30,1.0,0.9821949068017926,1.0232829241040307,0.4577359241660512,0.8228600795016888,0.7050746774505559,1.0836184804715776,1.7715809056767289,1.9668614986704378,0.36671126590481246,0.05426422815255592,0.3707044091975475,530.5240155684711,0.1055166666446894,0.10204999989582575,0.14070999995965394,0.9245769180474741,1.2249112506829178,0.9899247466942408
End-to-End Benchmark,End-to-End (Detector ROI),asymmetric,Binary Centroid,30.0,30,30,1.0,0.392617732777346,0.35814993229074793,0.17275511044004283,0.36707367019271614,0.22192325909111899,0.42894406660353146,0.7619288239366997,0.907868447185672,0.32102325188576514,0.17434711239183495,0.36531198153178956,204.49254140549806,0.11564666659372354,0.10935000000245054,0.1595049996922171,0.35623425644211726,0.5003195701083327,1.0645610061399413
End-to-End Benchmark,End-to-End (Detector ROI),asymmetric,Bounding Box Center,5.0,30,30,1.0,768.3377947342117,712.2127992210851,428.8929556628705,789.0162202755035,389.5452969507172,879.9387104987849,1439.8227401318998,1528.1627822658268,204.93424119742565,-19.69247158884743,205.87820829908685,427447.44748887024,0.206500000028124,0.20240000003468595,0.2959949997602962,711.1823933950335,1020.0001782063513,768.8709949614214
End-to-End Benchmark,End-to-End (Detector ROI),asymmetric,Bounding Box Center,15.0,30,30,1.0,2.809151897287409,2.059574853621501,1.5508044737825715,2.5666098917930222,1.9258355488690362,3.2087893196558555,5.72525736232277,6.038110349085601,0.24868872438791717,0.12232647193727833,0.277145895467191,1566.9476179005696,0.2029633334132086,0.20375000030981028,0.26493499999560294,2.5706205109163505,3.7995737500503535,0.9899247466942408
End-to-End Benchmark,End-to-End (Detector ROI),asymmetric,Bounding Box Center,30.0,30,30,1.0,1.9771021301563239,0.8386322672925384,2.023230662143321,1.787817453171174,2.192282805534475,2.828850498931602,5.757464920039103,6.929315146221254,0.2972278700623728,0.633590212665473,0.6998435284599651,1373.8417856958977,0.20671999985400666,0.21039999955974054,0.2733050001552328,1.8781266459779478,3.570369963481012,1.0645610061399413
End-to-End Benchmark,End-to-End (Detector ROI),asymmetric,Gaussian Fitting,5.0,30,27,0.9,779.0965257998737,715.0074959184041,437.3232507733566,798.5987902660455,400.60328801199057,893.4444706753796,1464.2223981924242,1526.3719024139089,184.2194559980561,-18.56882707347167,185.15293491355794,434087.77627283044,103.04252333335171,29.421849999835104,487.4917299996467,706.0246396538671,1039.2240625168085,768.8709949614214
End-to-End Benchmark,End-to-End (Detector ROI),asymmetric,Gaussian Fitting,15.0,30,30,1.0,0.3228423049558483,0.29823012353218736,0.12118614574492628,0.3205291344058812,0.12717825988246584,0.344837984841745,0.5329357717471676,0.6648975725699618,0.2982995566684451,0.07083991542684202,0.3065956932611302,166.8638179309544,4.8800200000490195,5.058800000369956,5.923470000107044,0.2936224646599311,0.3889151268213331,0.9899247466942408
End-to-End Benchmark,End-to-End (Detector ROI),asymmetric,Gaussian Fitting,30.0,30,30,1.0,0.341407889737284,0.34090027409889256,0.022209607648735547,0.32362621806495934,0.11098957080621419,0.3421295278791005,0.3798248557165934,0.3887399850235545,0.3228951418804437,0.109040019963291,0.3408093288095072,163.2486852259336,4.566290000063115,4.5342000003074645,5.6073349997404875,0.33380232449315117,0.3502368138317172,1.0645610061399413
End-to-End Benchmark,End-to-End (Detector ROI),asymmetric,Intensity-Weighted Centroid,5.0,30,30,1.0,768.826003332038,714.0046111579109,428.67527708190437,789.1831601024259,389.9305789387529,880.259005396004,1440.4701596584719,1526.0745822983338,204.5532008334899,-19.059895656779233,205.43926497549919,427607.00242177956,0.20943333341468437,0.19790000033026445,0.2924300000358925,711.5256987444337,1020.3035236779588,768.8709949614214
End-to-End Benchmark,End-to-End (Detector ROI),asymmetric,Intensity-Weighted Centroid,15.0,30,30,1.0,0.5641678177568312,0.5296329785442893,0.27861310777060067,0.49938099204162906,0.3827913468217586,0.6292142643123227,0.987456562403366,1.324306410975754,0.3426527351323519,-0.05083196188210195,0.3464026345778351,308.4768960766827,0.19316333333942262,0.18759999966277974,0.25168500033032615,0.5275959818688213,0.735484515865363,0.9899247466942408
End-to-End Benchmark,End-to-End (Detector ROI),asymmetric,Intensity-Weighted Centroid,30.0,30,30,1.0,0.3841743419083467,0.38583807322908126,0.13562597525097173,0.36139799721898036,0.18808460263827667,0.40741174522034646,0.6189344665635786,0.7050533963021633,0.33474231857781167,0.11792626790439252,0.35490706460805727,195.8008206203384,0.20418999999189205,0.1982000003408757,0.28291999969951576,0.35744808186832716,0.45710270008416115,1.0645610061399413
End-to-End Benchmark,End-to-End (Detector ROI),asymmetric,PSF Fitting (Estimated Width),5.0,30,27,0.9,779.0965257998737,715.0074959184041,437.3232507733566,798.5987902660455,400.60328801199057,893.4444706753796,1464.2223981924242,1526.3719024139089,184.2194559980561,-18.56882707347167,185.15293491355794,434087.77627283044,102.57844333324708,28.14635000004273,494.22728000026825,706.0246396538671,1039.2240625168085,768.8709949614214
End-to-End Benchmark,End-to-End (Detector ROI),asymmetric,PSF Fitting (Estimated Width),15.0,30,30,1.0,0.3228423049558483,0.29823012353218736,0.12118614574492628,0.3205291344058812,0.12717825988246584,0.344837984841745,0.5329357717471676,0.6648975725699618,0.2982995566684451,0.07083991542684202,0.3065956932611302,166.8638179309544,3.83821666661485,3.7044000000605593,5.161605000193955,0.2936224646599311,0.3889151268213331,0.9899247466942408
End-to-End Benchmark,End-to-End (Detector ROI),asymmetric,PSF Fitting (Estimated Width),30.0,30,30,1.0,0.341407889737284,0.34090027409889256,0.022209607648735547,0.32362621806495934,0.11098957080621419,0.3421295278791005,0.3798248557165934,0.3887399850235545,0.3228951418804437,0.109040019963291,0.3408093288095072,163.2486852259336,3.448563333373992,3.2956499999272637,5.157259999805319,0.33380232449315117,0.3502368138317172,1.0645610061399413
End-to-End Benchmark,End-to-End (Detector ROI),asymmetric,PSF Fitting (Known PSF),5.0,30,30,1.0,768.7662155433432,713.0186572527352,428.7696039067557,789.1540197630471,389.97538446293544,880.2527292744909,1439.9100870820987,1526.788754429706,204.5521762618729,-19.167410778539306,205.44824761827874,427601.67705601297,6.234629999956572,5.113450000408193,12.229924999792251,711.4663782565377,1020.2258095201961,768.8709949614214
End-to-End Benchmark,End-to-End (Detector ROI),asymmetric,PSF Fitting (Known PSF),15.0,30,30,1.0,0.32598873735294814,0.3135812582140974,0.11794531852266245,0.3223792098646946,0.12748097932396368,0.34666951847888455,0.5323312325374294,0.6505647379282986,0.3013600420233094,0.06845651783253856,0.30903748925016766,167.63649629371758,2.9346633333868035,2.8177500003039313,3.746539999974629,0.2976419225982794,0.3895890326662083,0.9899247466942408
End-to-End Benchmark,End-to-End (Detector ROI),asymmetric,PSF Fitting (Known PSF),30.0,30,30,1.0,0.3403744137459212,0.3397562215421003,0.02263116899534904,0.322644145593478,0.11075949917379652,0.3411259464522974,0.3796707229031346,0.38851176711187746,0.3218915303474432,0.10879568670542122,0.3397803095459228,162.77404998830218,2.9386766666902986,2.784100000098988,4.117984999993494,0.33253407796039103,0.34938339109523175,1.0645610061399413
End-to-End Benchmark,End-to-End (Detector ROI),defocused,Binary Centroid,5.0,30,30,1.0,680.4266898207716,637.7878131285077,403.93564078141407,708.8023797559755,351.7721827635182,791.2929180233727,1375.897159570833,1661.7273690050915,23.579741626147744,-50.293852419309346,55.547059385093945,382615.3512758735,0.11159666670816175,0.10285000007570488,0.1735049999751936,627.6275807110801,941.3514126261952,679.908908836435
End-to-End Benchmark,End-to-End (Detector ROI),defocused,Binary Centroid,15.0,30,30,1.0,193.89937720682798,0.5761852613120668,393.5836324325232,410.1685482429341,155.7780672375261,438.753967731319,882.9688695700129,1670.9474199175415,11.488703527589852,-20.05385753601171,23.111631504926454,210479.61775391313,0.1111266666763792,0.11309999990771757,0.17696499962767112,226.17677763037457,652.2296198187993,194.03111426189267
End-to-End Benchmark,End-to-End (Detector ROI),defocused,Binary Centroid,30.0,30,30,1.0,0.16787267022002006,0.18020266553379938,0.0887875859605321,0.13382634234144036,0.1347404131024174,0.1899064738957008,0.27963075424650846,0.4177395623748399,0.03366287650253431,0.0025652661906614563,0.033760477559623275,91.61976179878054,0.11841333334814408,0.12345000004643225,0.1638900001580623,0.1566688380564339,0.2259349848527864,0.7926952118574025
End-to-End Benchmark,End-to-End (Detector ROI),defocused,Bounding Box Center,5.0,30,30,1.0,680.0050968603072,638.0080518712068,403.9712651644491,708.3100218801877,351.98952788207976,790.9486170634358,1376.1510855213498,1661.0540078944023,23.79081813784143,-50.383883945324335,55.71838824915663,382458.6629528645,0.1936533334022291,0.1807499997994455,0.27492000017446117,627.3305477095718,941.1681379715793,679.908908836435
End-to-End Benchmark,End-to-End (Detector ROI),defocused,Bounding Box Center,15.0,30,30,1.0,195.6762603552956,3.141830360018411,392.945269014523,410.6201057891446,155.19765471565933,438.97059503744595,882.926060974245,1672.829153010887,11.037072832195111,-20.099617423080666,22.93058213952248,210568.45271470165,0.211946666725756,0.21070000002509914,0.3077549997215101,226.09464811045208,652.6622539236823,194.03111426189267
End-to-End Benchmark,End-to-End (Detector ROI),defocused,Bounding Box Center,30.0,30,30,1.0,1.6323231547740302,1.1840670713177235,1.406325613993817,1.7030361146057456,1.319810064568041,2.1545836289609483,4.341140346285174,4.557287805907327,0.07236686010108144,0.0745091493580342,0.10386806910185314,1046.1393879889677,0.20895333336738986,0.20404999986567418,0.26589499993860954,1.5582275495410534,2.6551683850955023,0.7926952118574025
End-to-End Benchmark,End-to-End (Detector ROI),defocused,Gaussian Fitting,5.0,30,26,0.8666666666666667,686.7136229240994,685.1407058600585,412.8327013026953,715.0151344922824,361.60724083099564,801.2530431607873,1383.5278778406725,1660.7157567056997,-12.992391915020606,-29.738676290954217,32.45290611350015,387158.405104264,101.78425666666347,27.24050000006173,491.2926399999832,623.2645299928638,956.911660747483,679.908908836435
End-to-End Benchmark,End-to-End (Detector ROI),defocused,Gaussian Fitting,15.0,30,30,1.0,193.50629117970558,0.2055641319849164,393.3428814446392,410.13718488323644,154.76044935754874,438.3643542868153,881.051553065951,1669.616338812651,11.69818967444371,-19.96871007139117,23.14296920394055,210304.30351661722,20.738866666639904,5.296950000229117,118.96058499992243,225.65051585465798,651.5984897004743,194.03111426189267
End-to-End Benchmark,End-to-End (Detector ROI),defocused,Gaussian Fitting,30.0,30,30,1.0,0.030074332038330532,0.029967359423608196,0.016505041027323034,0.025889401504893463,0.02250823663870164,0.03430571128639327,0.05879364525420867,0.06270121068516059,0.003070219332088679,-0.004371929941329237,0.005342285855232956,16.679296489024285,4.68496333329919,4.645949999940058,6.056115000046701,0.02799090911513413,0.039597287533391236,0.7926952118574025
End-to-End Benchmark,End-to-End (Detector ROI),defocused,Intensity-Weighted Centroid,5.0,30,30,1.0,679.8917201419983,637.214911602299,403.9433860976979,708.4841233251082,351.3876168648694,790.8369049871909,1376.7186237818678,1661.3423664279662,23.09760846536222,-50.34904161560426,55.39427324578798,382403.9045650403,0.20123666675620674,0.1901499999803491,0.30970500038165477,627.001125210946,941.1063304878597,679.908908836435
End-to-End Benchmark,End-to-End (Detector ROI),defocused,Intensity-Weighted Centroid,15.0,30,30,1.0,193.75872746100777,0.5370230637296982,393.3156242743672,410.1101043511401,155.07845457942017,438.45139384616436,880.922157297503,1670.2797103434084,11.703778626262329,-19.94296023317918,23.123583134858684,210338.36333614355,0.1917900000383573,0.19064999969486962,0.28149499989922333,225.6971758206267,651.7480276113221,194.03111426189267
End-to-End Benchmark,End-to-End (Detector ROI),defocused,Intensity-Weighted Centroid,30.0,30,30,1.0,0.11004151270441216,0.10514142760516036,0.05649455523227185,0.08405530349110155,0.09074951925044193,0.12369627839659332,0.1758784758463558,0.3163339836348587,0.03413054769077822,-0.010255122164795693,0.03563792665528356,60.03890328237009,0.2073433334165505,0.19505000000208383,0.2924950001670368,0.09975370190955946,0.14994048409316035,0.7926952118574025
End-to-End Benchmark,End-to-End (Detector ROI),defocused,PSF Fitting (Estimated Width),5.0,30,26,0.8666666666666667,686.7136229240994,685.1407058600585,412.8327013026953,715.0151344922824,361.60724083099564,801.2530431607873,1383.5278778406725,1660.7157567056997,-12.992391915020606,-29.738676290954217,32.45290611350015,387158.405104264,102.91545666677848,24.48530000037863,506.49021500021263,623.2645299928638,956.911660747483,679.908908836435
End-to-End Benchmark,End-to-End (Detector ROI),defocused,PSF Fitting (Estimated Width),15.0,30,30,1.0,193.50629117970558,0.2055641319849164,393.3428814446392,410.13718488323644,154.76044935754874,438.3643542868153,881.051553065951,1669.616338812651,11.69818967444371,-19.96871007139117,23.14296920394055,210304.30351661722,19.910233333333355,3.96130000035555,122.2875249995467,225.65051585465798,651.5984897004743,194.03111426189267
End-to-End Benchmark,End-to-End (Detector ROI),defocused,PSF Fitting (Estimated Width),30.0,30,30,1.0,0.030074332038330532,0.029967359423608196,0.016505041027323034,0.025889401504893463,0.02250823663870164,0.03430571128639327,0.05879364525420867,0.06270121068516059,0.003070219332088679,-0.004371929941329237,0.005342285855232956,16.679296489024285,3.6904733333661475,3.6093499998059997,4.415625000183353,0.02799090911513413,0.039597287533391236,0.7926952118574025
End-to-End Benchmark,End-to-End (Detector ROI),defocused,PSF Fitting (Known PSF),5.0,30,30,1.0,679.873100267223,636.8659279838951,403.7633481943478,708.2530280507322,351.6104692255965,790.7289509130644,1376.2084301213508,1660.6828788522619,22.878636765443087,-50.527064969909546,55.465451541644775,382368.5294756429,5.852249999982935,5.0796999998965475,11.128074999896842,627.0508192956053,940.83634946546,679.908908836435
End-to-End Benchmark,End-to-End (Detector ROI),defocused,PSF Fitting (Known PSF),15.0,30,30,1.0,193.55776198549444,0.23625809820165272,393.4155359766676,410.18367145943097,154.88623838386545,438.4522678384068,881.4958666294152,1669.8105050742672,11.678541017731742,-19.959356733053326,23.12497008646982,210346.52716671728,5.5167733333291835,5.0632500001484,8.394384999382957,225.6436224383072,651.7378780567975,194.03111426189267
End-to-End Benchmark,End-to-End (Detector ROI),defocused,PSF Fitting (Known PSF),30.0,30,30,1.0,0.04051180588147889,0.037117769866918164,0.018816169886346316,0.03466367164761897,0.02817240729644045,0.04466827358394854,0.06796578639134301,0.07513947883422899,0.0024691645958900684,-0.004441942129406584,0.00508208851581651,21.647365060324965,5.424346666707909,5.333399999926769,6.910684999547811,0.037708777091501035,0.05044199371609537,0.7926952118574025
End-to-End Benchmark,End-to-End (Detector ROI),elliptical,Binary Centroid,5.0,30,30,1.0,773.7027510767417,712.9429075340852,374.48250856023986,780.4353284405232,360.24130019088796,859.5656439395938,1468.3032608792444,1532.3517260871793,-137.5974971615984,44.36797221459084,144.5738156913996,417480.1822545668,0.11431333347597199,0.101200000699464,0.17129999969256457,723.486413535479,984.042871189628,773.9925000737422
End-to-End Benchmark,End-to-End (Detector ROI),elliptical,Binary Centroid,15.0,30,30,1.0,422.328655853296,276.7150962596881,453.1840566347477,566.5620574131342,250.48895752622388,619.4653200484897,1227.2721868846106,1540.2661541292389,163.68513319360753,10.9199079916533,164.0489781106704,300090.7003478113,0.127389999973578,0.09984999996959232,0.2184249992751574,458.6211648065649,801.7406393708469,422.834234184322
End-to-End Benchmark,End-to-End (Detector ROI),elliptical,Binary Centroid,30.0,30,30,1.0,0.17596808776554437,0.1615273031906539,0.11372717722488782,0.10715118136643596,0.1800479466230607,0.20952001992984673,0.39648831236414417,0.41833382204763814,-0.013870533295609751,-0.0237898324223058,0.027538115777700024,102.39133374173744,0.10464333339162597,0.1044499999807158,0.1553250002416462,0.16404373079457674,0.2499700842055769,0.7566133379181615
End-to-End Benchmark,End-to-End (Detector ROI),elliptical,Bounding Box Center,5.0,30,30,1.0,774.1712825751381,711.8753374365249,374.55065521699487,780.7898114600389,360.5504658265073,860.01707429999,1467.8969355355027,1534.4599745271134,-137.3485117105871,44.47316512286225,144.36923524476623,417696.6899721859,0.20482333338804892,0.19695000037245336,0.2823849996275385,724.116275352879,984.832451598229,773.9925000737422
End-to-End Benchmark,End-to-End (Detector ROI),elliptical,Bounding Box Center,15.0,30,30,1.0,422.64269754972156,273.86998244010385,452.5991200292225,566.2265384400284,250.71960515594895,619.2518173112873,1226.1904300154,1540.611231793037,163.4613803166562,10.545147126410589,163.80116905243432,300004.2248278957,0.20009666665525097,0.17529999968246557,0.3434400005517087,458.18460308842816,801.492051040196,422.834234184322
End-to-End Benchmark,End-to-End (Detector ROI),elliptical,Bounding Box Center,30.0,30,30,1.0,1.4709137013986848,0.6718843649225454,1.4995277770391335,1.6731053753340739,1.2699956984582792,2.1005167628643924,4.384951053875302,6.107051489138965,-0.15308513036675322,-0.2270496074913448,0.2738367787595004,1022.7202882501929,0.20467999993343255,0.19949999978052801,0.2809249999700114,1.3846293143294408,2.7790346892164406,0.7566133379181615
End-to-End Benchmark,End-to-End (Detector ROI),elliptical,Gaussian Fitting,5.0,30,27,0.9,782.9743375879196,686.2294646951806,391.9076422663234,797.7585618748399,360.8624257849205,875.5800439639942,1473.22867248837,1534.336070996974,-164.41800308262742,41.915972386002295,169.67683542175988,425316.4699830069,103.04679666657346,24.788100000023405,480.3688199998758,730.5257815820049,1017.9610334878367,773.9925000737422
End-to-End Benchmark,End-to-End (Detector ROI),elliptical,Gaussian Fitting,15.0,30,30,1.0,422.29043304062185,273.9616601166482,453.4879676254829,566.8782684208012,250.25901664267974,619.6616388148672,1227.1788513119443,1539.416737525608,163.70436147430908,11.351188928713356,164.09743281296815,300190.0041219581,37.81445666660753,13.502949999747216,180.4250149999454,458.536182509717,801.8961595984175,422.834234184322
End-to-End Benchmark,End-to-End (Detector ROI),elliptical,Gaussian Fitting,30.0,30,30,1.0,0.04555841157979293,0.04425695092579903,0.026391424988593152,0.026971982050523646,0.04521712466387687,0.05265050976583561,0.08552150416656838,0.10421253888042206,-0.006313478229907332,-0.007631638587412226,0.009904641078221517,25.907574669879207,7.099463333330884,6.845750000138651,10.036949999630448,0.043107156680037464,0.06097104711098149,0.7566133379181615
End-to-End Benchmark,End-to-End (Detector ROI),elliptical,Intensity-Weighted Centroid,5.0,30,30,1.0,773.9124170909846,712.6962852359195,374.5281534082858,780.5885933961273,360.40701281035876,859.7742535241624,1467.357734101504,1533.0644377001913,-137.44225227506203,44.00107369430616,144.31378034232753,417589.96748971555,0.2058266666911853,0.19979999979113927,0.313710000455103,724.2096829613542,984.1639777248544,773.9925000737422
End-to-End Benchmark,End-to-End (Detector ROI),elliptical,Intensity-Weighted Centroid,15.0,30,30,1.0,422.5523966070017,276.0895953333722,453.36193528386775,566.7760592742763,250.70395065929196,619.7479909145771,1227.7884812977481,1538.9040129090447,163.54272969494252,11.235857517562367,163.92824323534978,300233.81855541567,0.20663666664404445,0.18545000011727097,0.31180499977381243,458.77031354180673,801.9852114039538,422.834234184322
End-to-End Benchmark,End-to-End (Detector ROI),elliptical,Intensity-Weighted Centroid,30.0,30,30,1.0,0.16658264124389294,0.14488024377890657,0.09457650326923371,0.11532269697701153,0.15295478709859092,0.19155806256701102,0.3282754513630406,0.3530481970701697,0.0021155801488153734,-0.06876871416449148,0.0688012480061488,93.32193588376197,0.18925666669626176,0.17690000004222384,0.26335499965171033,0.15770045085007287,0.22090013797882235,0.7566133379181615
End-to-End Benchmark,End-to-End (Detector ROI),elliptical,PSF Fitting (Estimated Width),5.0,30,27,0.9,782.9743375879196,686.2294646951806,391.9076422663234,797.7585618748399,360.8624257849205,875.5800439639942,1473.22867248837,1534.336070996974,-164.41800308262742,41.915972386002295,169.67683542175988,425316.4699830069,102.58050333335025,22.719149999829824,486.2665500000729,730.5257815820049,1017.9610334878367,773.9925000737422
End-to-End Benchmark,End-to-End (Detector ROI),elliptical,PSF Fitting (Estimated Width),15.0,30,30,1.0,422.29043304062185,273.9616601166482,453.4879676254829,566.8782684208012,250.25901664267974,619.6616388148672,1227.1788513119443,1539.416737525608,163.70436147430908,11.351188928713356,164.09743281296815,300190.0041219581,37.04348999996606,11.428750000050059,185.1319150000101,458.536182509717,801.8961595984175,422.834234184322
End-to-End Benchmark,End-to-End (Detector ROI),elliptical,PSF Fitting (Estimated Width),30.0,30,30,1.0,0.04555841157979293,0.04425695092579903,0.026391424988593152,0.026971982050523646,0.04521712466387687,0.05265050976583561,0.08552150416656838,0.10421253888042206,-0.006313478229907332,-0.007631638587412226,0.009904641078221517,25.907574669879207,6.008440000005066,5.708649999633053,8.02590500015867,0.043107156680037464,0.06097104711098149,0.7566133379181615
End-to-End Benchmark,End-to-End (Detector ROI),elliptical,PSF Fitting (Known PSF),5.0,30,30,1.0,773.859193007073,712.3871672194952,374.3020392477167,780.4542983081212,360.3486581616972,859.6278655247035,1467.1899169716098,1532.7307676160956,-137.55996811353666,44.03143402342144,144.4351481099948,417519.44417044625,5.362566666735802,4.97010000026421,8.221855000010688,724.1274713033393,984.0386774266966,773.9925000737422
End-to-End Benchmark,End-to-End (Detector ROI),elliptical,PSF Fitting (Known PSF),15.0,30,30,1.0,422.32850881060926,274.11886927357,453.5065894351409,566.9298929019965,250.24006983178577,619.701215115225,1227.2415134860041,1539.2522452400106,163.6335740323755,10.79470084107504,163.98924390598677,300207.54489139374,6.383310000061708,5.152199999884033,12.18834999976933,458.45547958437277,801.9477105088242,422.834234184322
End-to-End Benchmark,End-to-End (Detector ROI),elliptical,PSF Fitting (Known PSF),30.0,30,30,1.0,0.04842970718476566,0.043668409074528694,0.027413028855995992,0.03005887461789489,0.046833478898833526,0.05564989388185579,0.10589875551056509,0.10903332648494622,-0.005640651743462399,-0.0050654281491631535,0.007581260741153799,27.41391858249703,5.914443333282786,5.711699999665143,8.431915000392108,0.04441804411596854,0.06501879979756298,0.7566133379181615
End-to-End Benchmark,End-to-End (Detector ROI),nominal,Binary Centroid,5.0,30,30,1.0,760.0092622239266,740.3201610007525,397.18321155855494,774.193616554486,368.77205194592796,857.536344541807,1366.668742518235,1667.5978752652827,-49.47298430598721,-41.97393250126183,64.87979027217136,414988.8885686271,0.10821333335115924,0.1071000001502398,0.15101000030881545,709.9858557071253,994.9224716489693,759.8977239978266
End-to-End Benchmark,End-to-End (Detector ROI),nominal,Binary Centroid,15.0,30,30,1.0,26.14062884279676,0.7150065558044381,136.22500821326076,118.00585654895487,72.90543984605877,138.71043702259684,1.8895780274695317,759.7303342382552,-21.578044804134297,-13.573104419942178,25.49198268404953,68762.02026214414,0.11315666664207431,0.1165500002571207,0.15575500024169736,0.8152376513119458,240.24993552774487,26.101217953923477
End-to-End Benchmark,End-to-End (Detector ROI),nominal,Binary Centroid,30.0,30,30,1.0,0.19037309419523657,0.18072186207909324,0.09538151032934616,0.15783817333040398,0.14292186167936988,0.2129308514663283,0.3895954052154529,0.41779119221501504,-0.039019043412112826,-0.003961390586206903,0.039219617083454984,103.32268180259013,0.10831666662246182,0.10240000028716167,0.17222500055140696,0.17446372231304327,0.24963961109666674,0.7998966959818389
End-to-End Benchmark,End-to-End (Detector ROI),nominal,Bounding Box Center,5.0,30,30,1.0,759.6515687757095,740.6922891130355,397.1341898761,773.83794968417,368.72875985003213,857.1966347997072,1366.312292186969,1670.0083300329616,-49.67419993496177,-42.043846416869634,65.0784999881211,414838.13035364886,0.19640333339339122,0.1922500000546279,0.26608499993017176,709.4204353079433,994.6866168788521,759.8977239978266
End-to-End Benchmark,End-to-End (Detector ROI),nominal,Bounding Box Center,15.0,30,30,1.0,28.37350050232766,2.8006598525463,136.29524900077925,118.41714994185126,73.204023322418,139.21727777449178,6.9518055552118225,762.2869004851848,-21.183790382990953,-13.809225273808755,25.28730269628017,69007.21264612974,0.19733999997697538,0.19840000004478497,0.25910500044119544,3.016314235152165,241.0857795345601,26.101217953923477
End-to-End Benchmark,End-to-End (Detector ROI),nominal,Bounding Box Center,30.0,30,30,1.0,2.497413318482671,2.0468922201591986,2.216705149569014,2.2515477437897897,2.4660469908125267,3.3392895956266524,5.964572447063591,6.350062023902099,-0.11569517256321736,0.06875712067007006,0.134584228634975,1632.4256536893165,0.19770000002002538,0.20175000008748611,0.29450000042743335,2.5935899028142804,4.038302492619197,0.7998966959818389
End-to-End Benchmark,End-to-End (Detector ROI),nominal,Gaussian Fitting,5.0,30,24,0.8,770.8308392342506,837.3518915070513,391.77840259546053,780.9442576013462,371.20959844043915,864.6794200481644,1254.064999369927,1670.1761355431483,1.4497048053073247,-99.1099690716952,99.12057109104502,418092.44883136265,145.7107733332426,28.70554999981323,506.93965499954174,713.7742778063958,1022.45368551126,759.8977239978266
End-to-End Benchmark,End-to-End (Detector ROI),nominal,Gaussian Fitting,15.0,30,29,0.9666666666666667,0.17656814632212653,0.15961400579694268,0.08803676259543912,0.1295577900454436,0.148800406257706,0.19729871227131104,0.34631373178208347,0.3818595035491276,-0.01362256989776844,0.0079628058641341,0.015779121897288053,96.73049658701518,22.499766666805954,5.163949999769102,7.933520000324278,0.16160869745667517,0.2312588720934683,26.101217953923477
End-to-End Benchmark,End-to-End (Detector ROI),nominal,Gaussian Fitting,30.0,30,30,1.0,0.03798529757299988,0.036876825588168044,0.01847210628155704,0.029362768651874965,0.03036328966503725,0.04223862618725293,0.06461567109498541,0.07339978834237826,0.001580627164949533,-0.004194915993074725,0.004482823041737261,20.441308747205326,4.520949999853959,4.557299999760289,5.512314999668886,0.035501445862491175,0.048132120823001424,0.7998966959818389
End-to-End Benchmark,End-to-End (Detector ROI),nominal,Intensity-Weighted Centroid,5.0,30,30,1.0,760.1198229015785,739.8745040836109,397.131441830106,774.2458804171939,368.83443970837374,857.610358646621,1366.3897177756585,1670.7005091428314,-49.15690986457287,-41.795616616082455,64.52344810805053,415021.9999011557,0.18519333337584007,0.1733999997668434,0.2443499999117193,710.184392071477,994.9494909879259,759.8977239978266
End-to-End Benchmark,End-to-End (Detector ROI),nominal,Intensity-Weighted Centroid,15.0,30,30,1.0,25.892429115505582,0.5398782827883716,136.60167961056885,118.28493037773389,73.06922747275097,139.03394102854875,1.188433518592293,761.5136940137886,-21.660422910764314,-13.374697421263848,25.456952916315917,68918.36992218033,0.19045000002127685,0.18869999985327013,0.23758500046824335,0.5157518825386982,240.81253665857753,26.101217953923477
End-to-End Benchmark,End-to-End (Detector ROI),nominal,Intensity-Weighted Centroid,30.0,30,30,1.0,0.22224755970750376,0.2263999160876931,0.11578172537757796,0.17065380841610217,0.18351202522022808,0.2505980561124713,0.4521560256482797,0.47274274885842466,0.003698088456178539,-0.039909373589526356,0.040080343792663564,121.8662346952424,0.1837166665609402,0.17705000027490314,0.2636099993196694,0.2051382903895132,0.29728321529863394,0.7998966959818389
End-to-End Benchmark,End-to-End (Detector ROI),nominal,PSF Fitting (Estimated Width),5.0,30,24,0.8,770.8308392342506,837.3518915070513,391.77840259546053,780.9442576013462,371.20959844043915,864.6794200481644,1254.064999369927,1670.1761355431483,1.4497048053073247,-99.1099690716952,99.12057109104502,418092.44883136265,141.7271633332954,27.847199999541772,491.91890000042804,713.7742778063958,1022.45368551126,759.8977239978266
End-to-End Benchmark,End-to-End (Detector ROI),nominal,PSF Fitting (Estimated Width),15.0,30,29,0.9666666666666667,0.17656814632212653,0.15961400579694268,0.08803676259543912,0.1295577900454436,0.148800406257706,0.19729871227131104,0.34631373178208347,0.3818595035491276,-0.01362256989776844,0.0079628058641341,0.015779121897288053,96.73049658701518,21.663256666609715,3.9028500000313215,5.5009699998663555,0.16160869745667517,0.2312588720934683,26.101217953923477
End-to-End Benchmark,End-to-End (Detector ROI),nominal,PSF Fitting (Estimated Width),30.0,30,30,1.0,0.03798529757299988,0.036876825588168044,0.01847210628155704,0.029362768651874965,0.03036328966503725,0.04223862618725293,0.06461567109498541,0.07339978834237826,0.001580627164949533,-0.004194915993074725,0.004482823041737261,20.441308747205326,3.2879233333612015,3.3082500003729365,3.627745000358118,0.035501445862491175,0.048132120823001424,0.7998966959818389
End-to-End Benchmark,End-to-End (Detector ROI),nominal,PSF Fitting (Known PSF),5.0,30,30,1.0,759.965401877579,740.3413028384573,397.31104058884415,774.2296750107048,368.74365805740854,857.5566891026742,1365.5020144376845,1670.545871932787,-49.16653953291627,-41.574722061219866,64.38793461596279,414993.0595198967,5.971859999984493,4.908949999844481,6.903755000121235,710.1242959562413,994.9595918282688,759.8977239978266
End-to-End Benchmark,End-to-End (Detector ROI),nominal,PSF Fitting (Known PSF),15.0,30,30,1.0,25.542745106564414,0.16004200687839854,136.62573013129585,118.28136502856903,72.99685368882012,138.99288457143626,0.3778719802829725,761.2946764827863,-21.60076060687395,-13.316721074124866,25.375734845744248,68898.21229227877,3.3981300001263057,3.195000000687287,4.307294999989607,0.16695915532482408,240.7426002762518,26.101217953923477
End-to-End Benchmark,End-to-End (Detector ROI),nominal,PSF Fitting (Known PSF),30.0,30,30,1.0,0.03795006068496811,0.03674543181654802,0.018474825168251913,0.02934012709285504,0.030342762121556285,0.04220813038965641,0.06513889211915089,0.07352533459032665,0.0016777996322379825,-0.004238300765342729,0.004558311637376571,20.427453109967146,2.752060000117732,2.7478500005599926,3.1522150000910187,0.03548568454823775,0.04805387799046628,0.7998966959818389
End-to-End Benchmark,End-to-End (Detector ROI),turbulence,Binary Centroid,5.0,30,30,1.0,785.4691480593673,784.17054377367,372.45070297043003,739.2847428354947,457.3175895446535,869.2993205428586,1348.53584698737,1581.1555465673907,176.1006110151588,-110.04198227835356,207.65515419478936,421627.8270306826,0.11318666674924316,0.1067000002876739,0.18068500003209917,740.7167990421517,987.7685545597482,785.4320930426726
End-to-End Benchmark,End-to-End (Detector ROI),turbulence,Binary Centroid,15.0,30,30,1.0,52.0244868008658,0.7578018425427159,192.45900333059657,140.52236715759045,141.42305158045275,199.36653477928544,385.25730769365424,839.184377734212,25.649617211033803,-12.029796402832979,28.330528843743362,98126.72748516218,0.11503999994602054,0.11150000045745401,0.17276000003221262,0.8615697751497753,331.9183528310045,52.1241939694557
End-to-End Benchmark,End-to-End (Detector ROI),turbulence,Binary Centroid,30.0,30,30,1.0,0.1779421848900468,0.18651194658270004,0.09650468884064983,0.12646696985480824,0.15805910814444463,0.20242671792941325,0.3652271466922446,0.38043660636417403,-0.004403488998217616,-0.07343430404894206,0.07356621321306332,99.3749952578916,0.11941333335319844,0.11690000019370927,0.17175999996652536,0.16767705533760313,0.23539403981837387,0.8376591342264842
End-to-End Benchmark,End-to-End (Detector ROI),turbulence,Bounding Box Center,5.0,30,30,1.0,785.0541257825898,782.316880299211,372.4234766128972,739.0284620739378,456.99689122064456,868.9126689953964,1350.8442230229402,1577.9703167464497,176.3656112414929,-110.39668980547079,208.0679166728757,421459.6750152742,0.20903999990575053,0.1990499999919848,0.291614999923695,740.1664309450058,987.5282380677237,785.4320930426726
End-to-End Benchmark,End-to-End (Detector ROI),turbulence,Bounding Box Center,15.0,30,30,1.0,53.11800401863432,1.955883110897001,191.93612846954073,140.29296075324726,141.34668346263922,199.15069611427347,386.34732180345685,838.5389554558417,25.857813504051983,-11.641784422488477,28.357673807102522,98023.50266559939,0.2071566666927538,0.20249999988664058,0.27550500039978937,2.0509999068392246,331.62370101831306,52.1241939694557
End-to-End Benchmark,End-to-End (Detector ROI),turbulence,Bounding Box Center,30.0,30,30,1.0,1.9059587185772344,0.9553586449297347,2.017819092194343,1.840368039987781,2.077815680741703,2.775657134039536,6.131608921532988,6.494760146807565,0.13638557140895008,-0.0225847488395857,0.13824288397126627,1347.698249530064,0.2204533334709898,0.21694999986721086,0.32276000001729677,1.8962844830416405,3.56502869616627,0.8376591342264842
End-to-End Benchmark,End-to-End (Detector ROI),turbulence,Gaussian Fitting,5.0,30,26,0.8666666666666667,793.9238383406616,784.3110090592893,396.69351295920967,779.8544148442189,423.6837216101991,887.5138333059873,1362.8759349279578,1578.446056157438,184.96350863791142,-33.45507035574115,187.96473408635546,430260.0385749128,117.75949000008647,30.048750000332802,533.7242649995915,737.8310710575811,1029.2575326535816,785.4320930426726
End-to-End Benchmark,End-to-End (Detector ROI),turbulence,Gaussian Fitting,15.0,30,30,1.0,51.468284162178605,0.2518953959155536,192.57498240860326,140.81091399674372,141.090023118838,199.33416195994252,383.31920373724813,840.7293736147149,25.640332350021133,-11.91172345078691,28.2721735738087,98115.39549249345,6.420943333281078,5.403300000125455,9.155495000186415,0.2377841966393414,332.2900556588609,52.1241939694557
End-to-End Benchmark,End-to-End (Detector ROI),turbulence,Gaussian Fitting,30.0,30,30,1.0,0.16360723396326546,0.16095388467971744,0.025707772368497278,0.02763685597337464,0.16329243937539825,0.1656146628932993,0.20171838569039954,0.21590887369762862,-0.0038361345705377895,0.16119211367451952,0.16123775438557342,81.82613382009123,5.258390000168826,5.084750000150962,6.86378000032164,0.15613606775148703,0.17421101158202304,0.8376591342264842
End-to-End Benchmark,End-to-End (Detector ROI),turbulence,Intensity-Weighted Centroid,5.0,30,30,1.0,785.3748092285175,782.8414279677572,372.475083725254,739.3342506436625,457.09533446759156,869.2245273615241,1349.6437371437437,1579.5121713584276,176.6898958880205,-110.46113043262241,208.37701563601573,421593.3128019936,0.18814666676310784,0.18925000040326267,0.2580500000021857,740.4585075456221,987.6611876726673,785.4320930426726
End-to-End Benchmark,End-to-End (Detector ROI),turbulence,Intensity-Weighted Centroid,15.0,30,30,1.0,51.78098737447474,0.6299936608724657,192.5014454833283,140.75421580975762,141.16064571411712,199.3441174618562,383.93796521242535,840.3840580069934,25.731753043692787,-11.962625543319565,28.3765312290152,98119.16958386014,0.19448333344674515,0.17530000013721292,0.3100049999829933,0.5817449097101666,332.2086198657436,52.1241939694557
End-to-End Benchmark,End-to-End (Detector ROI),turbulence,Intensity-Weighted Centroid,30.0,30,30,1.0,0.20455103304880498,0.18327587325038208,0.09415964103484013,0.16065616202316269,0.15778707401156325,0.22518251069109083,0.38137253826324125,0.39294127838508164,0.02372596216281598,0.049054276394996536,0.0544907635584976,109.6052615026297,0.210253333352739,0.20910000012008823,0.28561500034811615,0.18714265843690905,0.25592739473874393,0.8376591342264842
End-to-End Benchmark,End-to-End (Detector ROI),turbulence,PSF Fitting (Estimated Width),5.0,30,26,0.8666666666666667,793.9238383406616,784.3110090592893,396.69351295920967,779.8544148442189,423.6837216101991,887.5138333059873,1362.8759349279578,1578.446056157438,184.96350863791142,-33.45507035574115,187.96473408635546,430260.0385749128,115.74029666668746,29.94554999986576,534.7480699999778,737.8310710575811,1029.2575326535816,785.4320930426726
End-to-End Benchmark,End-to-End (Detector ROI),turbulence,PSF Fitting (Estimated Width),15.0,30,30,1.0,51.468284162178605,0.2518953959155536,192.57498240860326,140.81091399674372,141.090023118838,199.33416195994252,383.31920373724813,840.7293736147149,25.640332350021133,-11.91172345078691,28.2721735738087,98115.39549249345,5.194086666688236,3.931050000119285,8.790214999680751,0.2377841966393414,332.2900556588609,52.1241939694557
End-to-End Benchmark,End-to-End (Detector ROI),turbulence,PSF Fitting (Estimated Width),30.0,30,30,1.0,0.16360723396326546,0.16095388467971744,0.025707772368497278,0.02763685597337464,0.16329243937539825,0.1656146628932993,0.20171838569039954,0.21590887369762862,-0.0038361345705377895,0.16119211367451952,0.16123775438557342,81.82613382009123,3.9281699998658346,3.868850000344537,5.060784999432141,0.15613606775148703,0.17421101158202304,0.8376591342264842
End-to-End Benchmark,End-to-End (Detector ROI),turbulence,PSF Fitting (Known PSF),5.0,30,30,1.0,785.3361123093102,783.2661366903922,372.5158746783671,739.3491945410203,457.0379138715245,869.2070444862322,1350.3261775497053,1578.217229945334,176.75625447039755,-110.11786162199368,208.25157128483926,421588.3349294022,6.0495866666618285,5.153800000243791,12.37865499933832,740.4874855058262,987.5673404701132,785.4320930426726
End-to-End Benchmark,End-to-End (Detector ROI),turbulence,PSF Fitting (Known PSF),15.0,30,30,1.0,51.48185636891713,0.2708664228806922,192.56796808501505,140.75943861071175,141.1367574715334,199.33089039981027,383.2547803231324,840.8065532860192,25.656773946983726,-11.86247988150597,28.266384245349755,98114.59152008168,3.555073333427572,3.339800000503601,5.021225000018602,0.2580138391244017,332.30761732979346,52.1241939694557
End-to-End Benchmark,End-to-End (Detector ROI),turbulence,PSF Fitting (Known PSF),30.0,30,30,1.0,0.19887608496945497,0.19357563520806692,0.024914941053959815,0.02875534051156256,0.19835720771518298,0.2004306649704585,0.23873374861925623,0.24773426380617888,-0.003923575418261294,0.19675370941279954,0.19679282662678318,99.0655913267223,3.5665899999609487,3.492949999326811,4.73145999967528,0.19151116301408222,0.20920742877371012,0.8376591342264842
End-to-End Benchmark,End-to-End (Detector ROI),unknown_width,Binary Centroid,5.0,30,30,1.0,694.4565741028541,626.8149401744364,469.1015020122083,772.3120442778519,325.36173525500493,838.0490155741386,1476.0003394919813,1607.4106633318866,241.25396017678474,-36.875168121148114,244.05583649022734,404263.5339322776,0.1106166667038148,0.10769999971671496,0.15436500034411438,651.8020315185356,981.5690277117676,694.4253571437624
End-to-End Benchmark,End-to-End (Detector ROI),unknown_width,Binary Centroid,15.0,30,30,1.0,255.94095419421046,0.5915337823671378,408.6786480015426,396.63739435484615,274.2312651132435,482.2074339599212,1140.9385862496617,1358.0780417368449,-10.342017612644264,-7.237519451591443,12.622955918183692,233142.46819205623,0.12063333336603439,0.11139999969600467,0.22882000021127147,282.85220184241166,668.3591357908829,256.09120807135315
End-to-End Benchmark,End-to-End (Detector ROI),unknown_width,Binary Centroid,30.0,30,30,1.0,0.15721665618127634,0.15684880477582203,0.06651805746690398,0.11300890499457092,0.1279481001887876,0.17070948699469515,0.2583859386406914,0.32579395169398134,-0.006649790217586353,-0.005788563978334575,0.008816302108547537,82.0443134719404,0.10169999992892069,0.10194999958912376,0.14386000034392055,0.14805516955520565,0.19425244326201693,0.765534797177364
End-to-End Benchmark,End-to-End (Detector ROI),unknown_width,Bounding Box Center,5.0,30,30,1.0,694.3912645528619,626.3784728646281,468.91847547518,772.2075284660216,325.2065465357179,837.8924542739895,1475.4065848619682,1606.1357163098878,241.46959066263403,-36.81412825842599,244.25978640416412,404186.8736131431,0.20714333325789389,0.20865000033154502,0.28294999992795045,651.6711213261602,981.4371018858955,694.4253571437624
End-to-End Benchmark,End-to-End (Detector ROI),unknown_width,Bounding Box Center,15.0,30,30,1.0,257.41749603874524,4.918307839558542,407.7122548669213,396.8070035286325,273.9292828197721,482.17533121835135,1140.656068343543,1358.2160437160667,-10.509203591131437,-6.85643214025673,12.54806844951825,233126.76048560307,0.20991333337102938,0.18530000033933902,0.3480899998066888,283.22566225973384,668.4888834932382,256.09120807135315
End-to-End Benchmark,End-to-End (Detector ROI),unknown_width,Bounding Box Center,30.0,30,30,1.0,1.5208732653543917,0.6011545931338236,1.545304022144132,1.1848652808631273,1.8157957694437183,2.168183573898798,4.361019817116614,4.832425329519288,0.2635058905137271,0.15812344429282538,0.30730827839558533,1059.7368425902157,0.19138333333709548,0.1861999994616781,0.2526199999920209,1.6079119477019221,2.6645338411695145,0.765534797177364
End-to-End Benchmark,End-to-End (Detector ROI),unknown_width,Gaussian Fitting,5.0,30,23,0.7666666666666667,609.1668305765357,484.2436145153341,454.9864442021227,688.0603386568087,323.5272202610324,760.3268322782992,1459.931669002323,1485.3726801391892,232.14843065265023,-39.85831604052324,235.54528059817838,366841.0463229306,182.294603333321,32.54335000019637,550.184974999911,540.7759133289065,954.2126022191255,694.4253571437624
End-to-End Benchmark,End-to-End (Detector ROI),unknown_width,Gaussian Fitting,15.0,30,30,1.0,255.49841726074104,0.22879074667933358,408.63273213829933,396.6954469433244,273.66562329235086,481.9337620436597,1138.9164277040431,1361.3195259029142,-9.695697027682575,-7.415342113304065,12.206303269620722,232979.8901853936,32.58329333336102,5.557800000588031,105.47959000027707,282.54450457557726,668.7189237512165,256.09120807135315
End-to-End Benchmark,End-to-End (Detector ROI),unknown_width,Gaussian Fitting,30.0,30,30,1.0,0.03551140266385176,0.0327848164647574,0.016328557944845636,0.029296796713254476,0.025872364137330798,0.039085566692992936,0.05888938482604136,0.06933654941976178,0.004702184374290634,-0.0044248084440103716,0.006456738159164307,18.733594919528343,4.453386666834073,4.618800000571355,5.42275500006326,0.032729021685904705,0.04455780691750136,0.765534797177364
End-to-End Benchmark,End-to-End (Detector ROI),unknown_width,Intensity-Weighted Centroid,5.0,30,30,1.0,694.3641546782138,625.671866275627,469.487598766518,772.4534659506195,325.385659853683,838.1886331235598,1475.8906474677424,1606.0245426494696,241.40777717058873,-37.22870100414002,244.26152185086434,404316.7653752283,0.19884333338874663,0.1920000004247413,0.2903950005020306,651.8947417625745,981.8608979294819,694.4253571437624
End-to-End Benchmark,End-to-End (Detector ROI),unknown_width,Intensity-Weighted Centroid,15.0,30,30,1.0,255.79193036028926,0.7780992866238916,408.42792260030285,396.5420700752443,273.85628759895604,481.9158428574869,1139.292025943268,1360.5865739928283,-9.634458849883579,-7.255326811292499,12.060786229295328,232980.62954155557,0.19876666680526492,0.18275000047651702,0.31202500049403165,282.49524911091424,668.71021960363,256.09120807135315
End-to-End Benchmark,End-to-End (Detector ROI),unknown_width,Intensity-Weighted Centroid,30.0,30,30,1.0,0.13645529873471157,0.12629104240376826,0.054022882495341894,0.12147947965512941,0.08234838437154608,0.14676007762973176,0.23376916255776667,0.2592454145560556,0.014600971939673475,-0.005349423812477502,0.015550071276641582,70.90720712332184,0.19463666655307557,0.18084999965140014,0.29476000036083855,0.12494659411797854,0.16574845232871716,0.765534797177364
End-to-End Benchmark,End-to-End (Detector ROI),unknown_width,PSF Fitting (Estimated Width),5.0,30,23,0.7666666666666667,609.1668305765357,484.2436145153341,454.9864442021227,688.0603386568087,323.5272202610324,760.3268322782992,1459.931669002323,1485.3726801391892,232.14843065265023,-39.85831604052324,235.54528059817838,366841.0463229306,177.51497000005352,31.1983000001419,531.0178199996699,540.7759133289065,954.2126022191255,694.4253571437624
End-to-End Benchmark,End-to-End (Detector ROI),unknown_width,PSF Fitting (Estimated Width),15.0,30,30,1.0,255.49841726074104,0.22879074667933358,408.63273213829933,396.6954469433244,273.66562329235086,481.9337620436597,1138.9164277040431,1361.3195259029142,-9.695697027682575,-7.415342113304065,12.206303269620722,232979.8901853936,31.021710000004532,4.910699999982171,108.09340000009772,282.54450457557726,668.7189237512165,256.09120807135315
End-to-End Benchmark,End-to-End (Detector ROI),unknown_width,PSF Fitting (Estimated Width),30.0,30,30,1.0,0.03551140266385176,0.0327848164647574,0.016328557944845636,0.029296796713254476,0.025872364137330798,0.039085566692992936,0.05888938482604136,0.06933654941976178,0.004702184374290634,-0.0044248084440103716,0.006456738159164307,18.733594919528343,3.571349999947415,3.4880499997598235,4.212740000093617,0.032729021685904705,0.04455780691750136,0.765534797177364
End-to-End Benchmark,End-to-End (Detector ROI),unknown_width,PSF Fitting (Known PSF),5.0,30,30,1.0,694.3589724996084,625.7616747702705,469.59981123167864,772.477710644982,325.47895777796055,838.2471982652492,1475.848449869109,1605.7179542112026,241.28327205376704,-37.18880122769974,244.13239094746424,404342.9516420426,8.307410000027934,5.256250000002183,22.51954500047759,651.9196842007577,981.8940370699071,694.4253571437624
End-to-End Benchmark,End-to-End (Detector ROI),unknown_width,PSF Fitting (Known PSF),15.0,30,30,1.0,255.55133771961985,0.27982464197271417,408.65641854686567,396.6435988023942,273.82551042392606,481.98190280324656,1139.1985678142637,1361.1926872672727,-9.605321398632835,-7.499225371746788,12.186081418868191,233003.85234415618,6.959523333262041,5.348550000235264,13.554684999871823,282.518137281482,668.8041027631966,256.09120807135315
End-to-End Benchmark,End-to-End (Detector ROI),unknown_width,PSF Fitting (Known PSF),30.0,30,30,1.0,0.03896067775723951,0.040608831706394184,0.017243370560088556,0.029686969290071537,0.03056062980284169,0.04260596483564228,0.06143609231441515,0.07513003320846304,0.004473654727050302,-0.0051606608479270715,0.0068297882107856665,20.517939815623457,5.18348666661647,5.073499999980413,6.394069999896598,0.03629785947800862,0.04774646682581448,0.765534797177364
End-to-End Benchmark,End-to-End (Predicted State ROI),asymmetric,Binary Centroid,5.0,30,30,1.0,2.743639924502359,2.3578750408513036,1.7417799673474221,2.064366753553283,2.509929759335901,3.2498242244737012,4.818421694626593,10.059371495372261,-0.16363780530754943,-0.6043365877698846,0.6260990677546318,1589.0782595632365,0.14719333330504014,0.1527499998701387,0.2041400003690796,2.41147999985805,4.331971399351973,3.1414238661619582
End-to-End Benchmark,End-to-End (Predicted State ROI),asymmetric,Binary Centroid,15.0,30,30,1.0,1.1707856531148098,1.0618293903210425,0.8102296632123824,0.9582628168796604,1.0530638757808481,1.4238016549676866,2.5426676818366682,4.2137193997956075,-0.023185955317222805,0.21460427206839558,0.21585314941871522,692.2087061254895,0.14686666669755746,0.13605000049210503,0.21619499998450917,1.029567094048484,1.871857984676062,3.257066158702358
End-to-End Benchmark,End-to-End (Predicted State ROI),asymmetric,Binary Centroid,30.0,30,30,1.0,0.4479228677395295,0.42513584861237824,0.12062647402346231,0.4179971524813788,0.201156710543785,0.4638810641525876,0.6457320761090534,0.7531101314695464,0.39308072092659835,0.12406110630499351,0.41219365747399994,224.46264548572225,0.1614700000876231,0.14860000010230578,0.2551350002704566,0.42104150792576955,0.5067125673501829,3.064123983602997
End-to-End Benchmark,End-to-End (Predicted State ROI),asymmetric,Bounding Box Center,5.0,30,30,1.0,3.3596964880691975,3.1654382623925255,1.7934573579584254,2.4828786842195116,2.8877955651687146,3.8084182788606227,5.354542937341317,9.737986790753753,-0.26626733811808,-0.5037663742018423,0.5698059802467491,1852.9677852061636,0.30083333325213363,0.2976999999191321,0.41426500001762157,3.1085158078038027,4.697185252816482,3.1414238661619582
End-to-End Benchmark,End-to-End (Predicted State ROI),asymmetric,Bounding Box Center,15.0,30,30,1.0,4.374723206900663,3.7346543271805603,2.2352858612149853,3.7354574013430573,3.190777964869102,4.912708623391259,8.82938643243346,9.23403381413256,-0.38484438064013204,0.7197616575199229,0.8161875035468955,2383.3548420973234,0.2957633332395441,0.28019999990647193,0.4335999996783357,3.995447353226022,5.738760577515202,3.257066158702358
End-to-End Benchmark,End-to-End (Predicted State ROI),asymmetric,Bounding Box Center,30.0,30,30,1.0,2.2235843074584047,0.7709851583665586,2.377732264074569,2.0604840856114057,2.5203855310127814,3.2554474180973116,6.517280909861616,8.708702193659382,0.795920552018787,0.42230295244198335,0.9010157095007315,1579.1677233416435,0.30224666664556327,0.30569999989893404,0.40640000029270595,2.1492765670977634,4.12230650360119,3.064123983602997
End-to-End Benchmark,End-to-End (Predicted State ROI),asymmetric,Gaussian Fitting,5.0,30,29,0.9666666666666667,0.6048832633104188,0.5510095633605084,0.29621935211059996,0.5622431952902422,0.37082645017272403,0.6735203536626678,1.1748532754132235,1.250334331303037,0.29641001752909407,0.030278050354816097,0.2979524438981607,322.8805487893079,36.26511333332019,10.92735000020184,17.851625000139386,0.5443964623029143,0.7846151416781579,3.1414238661619582
End-to-End Benchmark,End-to-End (Predicted State ROI),asymmetric,Gaussian Fitting,15.0,30,30,1.0,0.3283597924076029,0.31373084475189383,0.08132750518397883,0.30325566492535216,0.14990102754850176,0.33828141593858535,0.4500838995112787,0.6150003355858769,0.28832748334877467,0.10213504406450416,0.30588282867839467,163.46521207357821,7.798833333466367,6.973250000100961,12.645585000473144,0.30767866342903727,0.3749792408247544,3.257066158702358
End-to-End Benchmark,End-to-End (Predicted State ROI),asymmetric,Gaussian Fitting,30.0,30,30,1.0,0.3416649361035205,0.3394195402575037,0.01676457775353278,0.3247122407516673,0.10760083798887526,0.34207598516978205,0.36629801929692724,0.37040955759411326,0.3243522499269081,0.10506929319883132,0.3409456531559677,163.60824446330625,7.052986666712968,6.845999999768537,9.09555000007458,0.33652879775650274,0.34801051854838444,3.064123983602997
End-to-End Benchmark,End-to-End (Predicted State ROI),asymmetric,Intensity-Weighted Centroid,5.0,30,30,1.0,2.898766778386595,2.5788665961360007,1.4363454214538167,2.139552475515599,2.4265721109672826,3.235110045301264,5.0946269808517455,6.736456495142425,-0.12418194831114798,-0.29391294269034823,0.3190704846381949,1568.6402013240051,0.24539000002429626,0.23804999955245876,0.34347000009802275,2.684398197617729,3.8132536326874726,3.1414238661619582
End-to-End Benchmark,End-to-End (Predicted State ROI),asymmetric,Intensity-Weighted Centroid,15.0,30,30,1.0,2.1733815651195427,1.836548712204555,1.2641317809266635,1.781184687045701,1.7745415458039298,2.514282519358215,4.273392289450518,5.707695156032294,-0.22310354384326558,0.434187324370446,0.4881534839775199,1230.5221154474746,0.2472033333106083,0.24739999980738503,0.321935000238227,1.946472059143745,3.0351358276009757,3.257066158702358
End-to-End Benchmark,End-to-End (Predicted State ROI),asymmetric,Intensity-Weighted Centroid,30.0,30,30,1.0,0.8592969027662843,0.8580065813048006,0.3400954072020623,0.7372964894327539,0.5571803476198731,0.9241515314620572,1.4149695015494757,1.497500504511688,0.12220173850368402,0.10798740971982473,0.1630783417603946,445.18819152002925,0.2671399998992759,0.24655000015627593,0.3878550001900294,0.8125436635698201,1.0411357116979358,3.064123983602997
End-to-End Benchmark,End-to-End (Predicted State ROI),asymmetric,PSF Fitting (Estimated Width),5.0,30,29,0.9666666666666667,0.6048832633104188,0.5510095633605084,0.29621935211059996,0.5622431952902422,0.37082645017272403,0.6735203536626678,1.1748532754132235,1.250334331303037,0.29641001752909407,0.030278050354816097,0.2979524438981607,322.8805487893079,34.578056666669,9.466599999996106,15.046850000044287,0.5443964623029143,0.7846151416781579,3.1414238661619582
End-to-End Benchmark,End-to-End (Predicted State ROI),asymmetric,PSF Fitting (Estimated Width),15.0,30,30,1.0,0.3283597924076029,0.31373084475189383,0.08132750518397883,0.30325566492535216,0.14990102754850176,0.33828141593858535,0.4500838995112787,0.6150003355858769,0.28832748334877467,0.10213504406450416,0.30588282867839467,163.46521207357821,7.151736666704285,6.594099999801983,11.860335000210396,0.30767866342903727,0.3749792408247544,3.257066158702358
End-to-End Benchmark,End-to-End (Predicted State ROI),asymmetric,PSF Fitting (Estimated Width),30.0,30,30,1.0,0.3416649361035205,0.3394195402575037,0.01676457775353278,0.3247122407516673,0.10760083798887526,0.34207598516978205,0.36629801929692724,0.37040955759411326,0.3243522499269081,0.10506929319883132,0.3409456531559677,163.60824446330625,6.241170000096948,6.120550000559888,8.385035000355854,0.33652879775650274,0.34801051854838444,3.064123983602997
End-to-End Benchmark,End-to-End (Predicted State ROI),asymmetric,PSF Fitting (Known PSF),5.0,30,30,1.0,0.5317070942540084,0.531562930532369,0.27863624264001197,0.5070929889937507,0.3212589147494096,0.600292087064776,1.037514691343819,1.248762332016294,0.2710726774999083,0.023335888511815027,0.2720752840292649,288.70929621117455,5.923750000026,5.477250000240019,9.339695000198837,0.4958648761135263,0.7058734186067419,3.1414238661619582
End-to-End Benchmark,End-to-End (Predicted State ROI),asymmetric,PSF Fitting (Known PSF),15.0,30,30,1.0,0.3284349765987148,0.32167508364230113,0.0807529733724687,0.30217492867334056,0.1519239580946814,0.33821675972945664,0.4485269369638568,0.6089289027008224,0.28761777428190577,0.10400062040264023,0.30584328197135763,163.46418060801838,4.99106666672257,4.5729499997833045,7.454924999592548,0.3083836678078537,0.3739244082265303,3.257066158702358
End-to-End Benchmark,End-to-End (Predicted State ROI),asymmetric,PSF Fitting (Known PSF),30.0,30,30,1.0,0.34033264481532843,0.3389637338452064,0.01686654014721044,0.32345417459082754,0.10718295686955293,0.3407503328003275,0.36502104150966075,0.3689660500495236,0.32308880960824143,0.10466922355768228,0.33962041348281546,162.9621960409803,4.618433333325811,4.626499999631051,5.658934999928533,0.33525266135201276,0.34685240682605123,3.064123983602997
End-to-End Benchmark,End-to-End (Predicted State ROI),defocused,Binary Centroid,5.0,30,30,1.0,2.1639325997855106,1.8434686322735967,1.3854636245379073,2.016878779671648,1.5919528069143243,2.5694578710950275,4.524067529527639,4.971344015238872,-0.4604726816424081,0.4174786198318202,0.6215492647856902,1238.7427321327093,0.13864000008349345,0.1341500001217355,0.18729500029621696,2.041224132055451,3.0591080582695,3.3934318168713564
End-to-End Benchmark,End-to-End (Predicted State ROI),defocused,Binary Centroid,15.0,30,30,1.0,0.5576107642221507,0.4720295184679155,0.3351578802904161,0.5013484062999046,0.41462072379190296,0.6505847900905581,1.1466410048064117,1.4332854620472477,0.01508910186478829,-0.05792150424741938,0.05985467107394191,313.4698762258289,0.13892333342179577,0.13480000006893533,0.216585000134728,0.5196425149622197,0.7814503707722783,3.1798949279778332
End-to-End Benchmark,End-to-End (Predicted State ROI),defocused,Binary Centroid,30.0,30,30,1.0,0.16662362296025754,0.1467043122920899,0.08439800464006725,0.1307048320288774,0.1334267656803905,0.1867791608173323,0.3199653451058585,0.34936976567763317,-0.017412635268362918,-0.0060793633700474935,0.018443387052656877,90.49210925007067,0.14179666656370196,0.14299999975264654,0.22394499960682876,0.15630328168769891,0.21599335689468574,3.2292647993393993
End-to-End Benchmark,End-to-End (Predicted State ROI),defocused,Bounding Box Center,5.0,30,30,1.0,4.13656638592321,3.9354966814024843,1.9368728066880323,3.3236409987094673,3.1330605238544167,4.5675658434703905,7.774069297977201,8.496085677834566,-0.2688579124008536,0.6250597610559576,0.6804294834528233,2214.567730048157,0.2758966666381942,0.2783499999168271,0.3943200001231162,3.8567390387301943,5.314103145193305,3.3934318168713564
End-to-End Benchmark,End-to-End (Predicted State ROI),defocused,Bounding Box Center,15.0,30,30,1.0,4.185665561994598,4.3431091952047485,1.484617795038497,3.2437497803025486,3.0334754914123976,4.441158204141406,6.381055478585675,7.035349660582387,0.22696673569551726,-0.11177939238995502,0.25299907445551323,2160.6237878470633,0.29624333340810455,0.2859500000340631,0.45215500013000565,3.985500977102786,4.938764732078412,3.1798949279778332
End-to-End Benchmark,End-to-End (Predicted State ROI),defocused,Bounding Box Center,30.0,30,30,1.0,1.693068066961673,0.7142167051992602,1.80062945567581,1.6982158815384856,1.7957752464334629,2.471587731805751,5.423065935839564,7.301614008734325,-0.02155310208564174,-0.18947508285641562,0.1906969932457239,1211.5190780432993,0.2894733333657011,0.27050000016970444,0.40060500014078565,1.5730538414779405,3.2548036908127704,3.2292647993393993
End-to-End Benchmark,End-to-End (Predicted State ROI),defocused,Gaussian Fitting,5.0,30,30,1.0,0.621512982482814,0.5802965390684001,0.33127716661024087,0.5590475347579164,0.42835592956452484,0.7042889666266197,1.1773272512275306,1.4710927277812258,0.07379492683161477,0.15180939289673745,0.16879509174664817,341.76641825360247,10.213530000025154,9.270800000194868,12.614054999630751,0.5842415959035198,0.821341295142902,3.3934318168713564
End-to-End Benchmark,End-to-End (Predicted State ROI),defocused,Gaussian Fitting,15.0,30,30,1.0,0.18752807057932255,0.16807534062301108,0.110562490227792,0.1598915030172603,0.14773472429816703,0.21769437636414493,0.3515651322016432,0.5786248278328121,0.0026963243061279246,0.002773465945704364,0.003868110406360971,104.75390212980584,6.973783333311682,6.858050000118965,8.291385000165974,0.16852521269756346,0.27007941903819543,3.1798949279778332
End-to-End Benchmark,End-to-End (Predicted State ROI),defocused,Gaussian Fitting,30.0,30,30,1.0,0.029855393002100952,0.02804150557779136,0.01654455735423554,0.026173924603501278,0.021908732053857394,0.03413307588479961,0.056510313604390704,0.08848019187293692,-0.0038233722556924475,0.0038200443256585005,0.005404712208396897,16.27298750387814,6.396466666653093,6.278250000377739,8.183245000054738,0.027226393860913838,0.04295020406186201,3.2292647993393993
End-to-End Benchmark,End-to-End (Predicted State ROI),defocused,Intensity-Weighted Centroid,5.0,30,30,1.0,2.6751270524204513,2.5787230283770084,1.4114283923952577,2.1286833137232093,2.1487536395146773,3.0246379706423037,4.939805679709103,6.016902831861911,0.06400818407992119,0.676111555737459,0.6791346578042797,1473.442011520942,0.24335333340180418,0.23230000033436227,0.3131750000648026,2.534078821062836,3.5458899503495656,3.3934318168713564
End-to-End Benchmark,End-to-End (Predicted State ROI),defocused,Intensity-Weighted Centroid,15.0,30,30,1.0,1.6617741170139857,1.6169820593925983,0.7917472637802209,1.4693605374338408,1.1087545069641036,1.840749017568956,2.7516840648411294,3.82923748053545,-0.2638644470270426,-0.0958811805248312,0.28074480793724793,889.535605336219,0.24074666662272648,0.23359999977401458,0.32243999971797166,1.5423563351596816,2.141001550816786,3.1798949279778332
End-to-End Benchmark,End-to-End (Predicted State ROI),defocused,Intensity-Weighted Centroid,30.0,30,30,1.0,0.553464314643814,0.5063154439521578,0.27124375829526964,0.4195036132348594,0.4515668748714712,0.6163569777314843,1.04569620006461,1.1201546998759095,-0.11042948910386391,-0.1322455331893944,0.17228915552723453,302.12892135934027,0.24292000004303796,0.2266000001327484,0.34899000020232046,0.5097869751296056,0.7205070192532882,3.2292647993393993
End-to-End Benchmark,End-to-End (Predicted State ROI),defocused,PSF Fitting (Estimated Width),5.0,30,30,1.0,0.621512982482814,0.5802965390684001,0.33127716661024087,0.5590475347579164,0.42835592956452484,0.7042889666266197,1.1773272512275306,1.4710927277812258,0.07379492683161477,0.15180939289673745,0.16879509174664817,341.76641825360247,9.265820000049038,8.33215000011478,11.541294999915406,0.5842415959035198,0.821341295142902,3.3934318168713564
End-to-End Benchmark,End-to-End (Predicted State ROI),defocused,PSF Fitting (Estimated Width),15.0,30,30,1.0,0.18752807057932255,0.16807534062301108,0.110562490227792,0.1598915030172603,0.14773472429816703,0.21769437636414493,0.3515651322016432,0.5786248278328121,0.0026963243061279246,0.002773465945704364,0.003868110406360971,104.75390212980584,6.211563333302668,5.982999999559979,7.717145000196978,0.16852521269756346,0.27007941903819543,3.1798949279778332
End-to-End Benchmark,End-to-End (Predicted State ROI),defocused,PSF Fitting (Estimated Width),30.0,30,30,1.0,0.029855393002100952,0.02804150557779136,0.01654455735423554,0.026173924603501278,0.021908732053857394,0.03413307588479961,0.056510313604390704,0.08848019187293692,-0.0038233722556924475,0.0038200443256585005,0.005404712208396897,16.27298750387814,5.753046666692778,5.470049999985349,7.718124999792051,0.027226393860913838,0.04295020406186201,3.2292647993393993
End-to-End Benchmark,End-to-End (Predicted State ROI),defocused,PSF Fitting (Known PSF),5.0,30,30,1.0,0.6956703955806224,0.6994710142146341,0.2889277004306724,0.548793465427153,0.5160060539062619,0.7532838212542838,1.2139112750652876,1.3843350458869874,0.014635293124963292,0.20612938934388106,0.20664829289431574,367.23745264642486,6.7854733333054655,6.550550000156363,8.973984999965978,0.6296189710797138,0.8663608881263756,3.3934318168713564
End-to-End Benchmark,End-to-End (Predicted State ROI),defocused,PSF Fitting (Known PSF),15.0,30,30,1.0,0.23470434964619769,0.2409730132804443,0.13333784056102366,0.19607215449828708,0.1855284929565306,0.2699353838760706,0.4456898138673931,0.7120788839370978,0.00747154211752464,0.014975482545059057,0.016735860272818755,129.80812810806358,7.044333333427251,7.021700000677811,8.953315000189832,0.21088717924298003,0.33705571343340035,3.1798949279778332
End-to-End Benchmark,End-to-End (Predicted State ROI),defocused,PSF Fitting (Known PSF),30.0,30,30,1.0,0.0361992869925204,0.03414800687630368,0.02026429381860903,0.030967469003382184,0.02760517788854723,0.04148529839272912,0.07544050041136131,0.10048510340208971,-0.0007441192554409782,0.004375422765191198,0.0044382471585606206,19.811982882442916,7.414073333408548,7.439450000674697,8.178685000120822,0.032347913985426115,0.05227089917450723,3.2292647993393993
End-to-End Benchmark,End-to-End (Predicted State ROI),elliptical,Binary Centroid,5.0,30,30,1.0,3.378770100437622,2.9868394295020986,1.7438458775817802,2.2788351719578097,3.043681339335353,3.8022474717422363,6.774202272215263,7.55797230950082,-0.514086346356954,-0.4590076516146648,0.6891827012856979,1845.9463928052485,0.1368766666322093,0.1270999996449973,0.20821499992962333,3.1406133524217634,4.417500433485255,3.2429734116382023
End-to-End Benchmark,End-to-End (Predicted State ROI),elliptical,Binary Centroid,15.0,30,30,1.0,0.9069080535453792,0.8135621609370729,0.4459584460064639,0.7096445084119593,0.7195594658057922,1.0106241403954137,1.7125410426705452,1.8851466405864317,-0.08196837098157252,-0.199933758978158,0.21608406193078858,493.5142351068443,0.15249333324997374,0.1527499998701387,0.22001000033924353,0.8512101381745549,1.1768802368304963,3.235548499138823
End-to-End Benchmark,End-to-End (Predicted State ROI),elliptical,Binary Centroid,30.0,30,30,1.0,0.2118059612952018,0.1852049158535201,0.10424114058921298,0.13513871379772846,0.1935600905781463,0.23606774585174603,0.4047080082783557,0.449990624694282,-0.0038859331230308197,-0.007932306262092462,0.008833003955184179,115.83183243078633,0.16702000008687415,0.1548499999444175,0.22645499993814155,0.19663490399040912,0.277243730352318,3.0795762713187593
End-to-End Benchmark,End-to-End (Predicted State ROI),elliptical,Bounding Box Center,5.0,30,30,1.0,3.7679236222864683,3.499750788813216,1.8894033336363605,2.678599176305757,3.254565997676909,4.2151030094815685,6.712193386886694,7.022800870733914,-0.15835620720029056,-0.6745898969889065,0.6929272815226464,2044.9624613050642,0.29782000010527554,0.28084999985367176,0.41210500021406915,3.612455998562912,4.805851353446812,3.2429734116382023
End-to-End Benchmark,End-to-End (Predicted State ROI),elliptical,Bounding Box Center,15.0,30,30,1.0,3.9069037106715934,3.8177203320765205,1.9605984306120607,3.1447437600342374,3.0361866698712165,4.371251858515811,7.130428947278698,8.490988047804557,-0.5430833465877488,-0.6594437480665334,0.8542865902055272,2136.3832353335843,0.300366666700332,0.291650000235677,0.3823050003575189,3.6345089962779213,5.0135180212500705,3.235548499138823
End-to-End Benchmark,End-to-End (Predicted State ROI),elliptical,Bounding Box Center,30.0,30,30,1.0,1.676030345108559,0.399685978376876,1.9832774813343579,1.6823346873004408,1.977932578628098,2.5966261351401108,5.163233301001502,5.835111778679932,-0.3786437180459785,0.05624534058345034,0.38279838499271496,1263.1246038329934,0.32685333329330507,0.3248000002713525,0.46005999993212743,1.7476207676554107,3.2561464874931745,3.0795762713187593
End-to-End Benchmark,End-to-End (Predicted State ROI),elliptical,Gaussian Fitting,5.0,30,28,0.9333333333333333,1.0904903809150757,0.7617953207335999,1.1497186023864325,0.7220812965382901,1.4105391652596182,1.5846205020577384,3.343112954463478,5.355203358524864,0.12726895746934122,0.12607838632924637,0.1791456028897156,773.9080396698058,59.364876666677446,13.015550000091025,356.9251799999149,0.9045150469251587,2.1974327100353177,3.2429734116382023
End-to-End Benchmark,End-to-End (Predicted State ROI),elliptical,Gaussian Fitting,15.0,30,30,1.0,0.23114199807493685,0.2003003049746232,0.126342566570194,0.15202778733931574,0.21512001133862418,0.26341804684117226,0.46579855862580866,0.5355286790876739,-0.020078315961637828,0.03391014897480413,0.03940859012130185,128.67016921083604,7.9670466666963575,7.6435000000856235,11.153169999988675,0.21415359050451355,0.30784637341230997,3.235548499138823
End-to-End Benchmark,End-to-End (Predicted State ROI),elliptical,Gaussian Fitting,30.0,30,30,1.0,0.0384191904537748,0.036290346487861294,0.022726253487998477,0.025822598817898022,0.03641030325353079,0.04463761634232034,0.07488130312325741,0.08746504844815184,0.0007997300036597228,0.0018435429979613597,0.0020095320012594817,21.82356869924982,8.512680000148976,8.653200000480865,10.867465000592347,0.0353483209458265,0.05148837260671542,3.0795762713187593
End-to-End Benchmark,End-to-End (Predicted State ROI),elliptical,Intensity-Weighted Centroid,5.0,30,30,1.0,2.9954956918751683,2.6694986112262598,1.6268111163708447,2.527239423958952,2.2874810911520265,3.408740067589555,5.778779923054305,6.5354817639426965,0.0034307653722208896,-0.3370576889490593,0.3370751486400622,1647.9151337074434,0.25117999997140333,0.2312999999958265,0.3615649999574088,2.8100589685708184,3.9738112454177936,3.2429734116382023
End-to-End Benchmark,End-to-End (Predicted State ROI),elliptical,Intensity-Weighted Centroid,15.0,30,30,1.0,2.1281612229518405,2.0011484935432233,1.1100751390086852,1.312917063382776,2.009374477243944,2.4002785265716615,3.8486125220455523,4.707015326580827,-0.16536974917684877,-0.5039596592724422,0.5303984277095946,1178.5829187700308,0.29916000000109005,0.29894999988755444,0.4131850002067949,1.9353462346084522,2.820848415369812,3.235548499138823
End-to-End Benchmark,End-to-End (Predicted State ROI),elliptical,Intensity-Weighted Centroid,30.0,30,30,1.0,0.8492724139359712,0.8616446239990887,0.38879337755666815,0.5408204497773406,0.7615360560125753,0.9340363609113691,1.4689727260106804,1.6578915726552625,-0.10736929890274118,-0.003934244345238843,0.10744135435405783,454.3445114210937,0.2869066665880382,0.27664999970511417,0.3901550002410658,0.7993254557613567,1.058561578169621,3.0795762713187593
End-to-End Benchmark,End-to-End (Predicted State ROI),elliptical,PSF Fitting (Estimated Width),5.0,30,28,0.9333333333333333,1.0904903809150757,0.7617953207335999,1.1497186023864325,0.7220812965382901,1.4105391652596182,1.5846205020577384,3.343112954463478,5.355203358524864,0.12726895746934122,0.12607838632924637,0.1791456028897156,773.9080396698058,74.27490333345001,12.186150000161433,442.0594199999848,0.9045150469251587,2.1974327100353177,3.2429734116382023
End-to-End Benchmark,End-to-End (Predicted State ROI),elliptical,PSF Fitting (Estimated Width),15.0,30,30,1.0,0.23114199807493685,0.2003003049746232,0.126342566570194,0.15202778733931574,0.21512001133862418,0.26341804684117226,0.46579855862580866,0.5355286790876739,-0.020078315961637828,0.03391014897480413,0.03940859012130185,128.67016921083604,6.61465333344798,6.608400000004622,8.893265000142492,0.21415359050451355,0.30784637341230997,3.235548499138823
End-to-End Benchmark,End-to-End (Predicted State ROI),elliptical,PSF Fitting (Estimated Width),30.0,30,30,1.0,0.0384191904537748,0.036290346487861294,0.022726253487998477,0.025822598817898022,0.03641030325353079,0.04463761634232034,0.07488130312325741,0.08746504844815184,0.0007997300036597228,0.0018435429979613597,0.0020095320012594817,21.82356869924982,7.225193333336695,7.06960000024992,8.847154999830307,0.0353483209458265,0.05148837260671542,3.0795762713187593
End-to-End Benchmark,End-to-End (Predicted State ROI),elliptical,PSF Fitting (Known PSF),5.0,30,30,1.0,1.274072076785297,0.8152830065952044,1.8070861620095096,0.7493594152299413,2.080211652831629,2.2110676275885948,3.1074230960152764,10.115558664545341,-0.09374656401215872,0.4444336575657862,0.45421326955670094,1075.267091551945,8.405326666737286,8.024050000130956,15.719475000287273,0.9817458085180591,3.423898684024887,3.2429734116382023
End-to-End Benchmark,End-to-End (Predicted State ROI),elliptical,PSF Fitting (Known PSF),15.0,30,30,1.0,0.2518951963923561,0.24957114135876424,0.13530161320121337,0.16417555381725776,0.23410276382219655,0.28593306297172844,0.5068823317968434,0.6175931425477734,-0.03321289121672445,0.05782400512314893,0.06668366900115745,139.9943127388433,5.952970000059092,5.820449999646371,7.603365000159098,0.2331826667349727,0.33912078260717016,3.235548499138823
End-to-End Benchmark,End-to-End (Predicted State ROI),elliptical,PSF Fitting (Known PSF),30.0,30,30,1.0,0.04005986430980037,0.03815485883050612,0.022609327243087146,0.026987947706687936,0.03725084006416093,0.04599972181333948,0.07834329108679429,0.10328489459682746,0.0006622100868033461,0.002157588904074714,0.0022569253594326997,22.48008351625359,6.875716666763765,6.75100000034945,9.397099999614511,0.0367770279234307,0.05501369838464648,3.0795762713187593
End-to-End Benchmark,End-to-End (Predicted State ROI),nominal,Binary Centroid,5.0,30,30,1.0,2.5291999496108377,2.1678165745265017,1.3264266549521775,2.0226247574257776,2.016246301106936,2.855916675268921,4.957039295387196,5.912218178067968,-0.1306074236618855,-0.014151825422156131,0.13137188922434828,1376.7800303758227,0.1860366666430006,0.18460000001141452,0.2804900002502107,2.3079012037076088,3.3555702433916568,3.1231727061985897
End-to-End Benchmark,End-to-End (Predicted State ROI),nominal,Binary Centroid,15.0,30,30,1.0,1.2423200432433208,1.365717359206402,0.6312151235248903,0.9278104857372598,1.0396919373384694,1.3934818341157627,2.16241336075885,2.597130256607237,-0.18290122202724318,-0.20295653267284497,0.2732109279908886,678.3518412111295,0.1556566665688782,0.14699999974254752,0.23226999974212956,1.152935095170767,1.627374889582472,3.3210512790314315
End-to-End Benchmark,End-to-End (Predicted State ROI),nominal,Binary Centroid,30.0,30,30,1.0,0.22766090586651253,0.2044205044729841,0.11473118882120333,0.2015206334256192,0.15614790441125015,0.2549367249893348,0.45777320890629236,0.48276444469789626,-0.005417399281900733,0.015217245437324323,0.016152794608961834,122.26469140590847,0.1630499999616101,0.16439999990325305,0.23720500012132098,0.21106147459812813,0.3018609461802325,3.5277144685160127
End-to-End Benchmark,End-to-End (Predicted State ROI),nominal,Bounding Box Center,5.0,30,30,1.0,3.323221055307115,3.0603501504877277,2.0208752426792205,2.73010780069349,2.7702430083844427,3.889438896410424,6.565009938940755,10.901808211125934,-0.14671237811357968,0.3583310958788663,0.3872023969004986,1855.5221511649497,0.31746333337044536,0.30385000036403653,0.4153300000780291,2.953290443524466,4.955117217991521,3.1231727061985897
End-to-End Benchmark,End-to-End (Predicted State ROI),nominal,Bounding Box Center,15.0,30,30,1.0,4.086751018652971,3.9560050234391677,1.971861227958119,3.2618028180835186,3.154427518065363,4.537595243164113,7.395273849249546,8.285338143207252,-0.11619985654664902,0.07248750911241472,0.13695563383367704,2219.9682867581287,0.28759666662760236,0.28684999961114954,0.34083000000464375,3.7617958673994534,5.263086680997718,3.3210512790314315
End-to-End Benchmark,End-to-End (Predicted State ROI),nominal,Bounding Box Center,30.0,30,30,1.0,2.3392546496721396,1.3403039677635942,2.2261835584663983,2.649325653253758,1.84636917625116,3.2292422566290746,6.031505893257328,6.259510903929702,-0.10338315901738895,-0.4788520457125126,0.4898850469768117,1551.5606166521109,0.3117566666939335,0.30634999984613387,0.40040999988377735,2.4065029586607185,3.982295846616844,3.5277144685160127
End-to-End Benchmark,End-to-End (Predicted State ROI),nominal,Gaussian Fitting,5.0,30,30,1.0,0.8848104570562356,0.497063095549215,1.2676517592133185,1.3947950069325445,0.666616393579342,1.5459076710957498,2.3395676680809463,7.0060302902629195,0.25900171687400664,0.1961644405887455,0.3249036427853319,725.0806657963687,10.937326666741379,9.667799999988347,22.065405000239437,0.6693312030576004,2.382583855858242,3.1231727061985897
End-to-End Benchmark,End-to-End (Predicted State ROI),nominal,Gaussian Fitting,15.0,30,30,1.0,0.45909305528527045,0.1941621982442095,1.4283435017979864,1.1991522020464822,0.9016460441141919,1.5003104987100835,0.3660674058023776,8.139684949499873,0.2561392670086036,0.16192608761308425,0.30303033173823535,699.6069140883004,11.807846666639913,5.981300000712508,10.117600000103266,0.189809410389729,2.58249765104015,3.3210512790314315
End-to-End Benchmark,End-to-End (Predicted State ROI),nominal,Gaussian Fitting,30.0,30,30,1.0,0.03051288091250137,0.029153092656496175,0.016184131014368452,0.025084616957394758,0.023742872411979064,0.03453928195939709,0.055182650160013814,0.0582175886489179,0.003913640389204905,-0.0013967234122162608,0.004155408209339842,16.792863082596334,6.125079999916731,5.758399999649555,8.038274999898931,0.028093356140123985,0.039452092761701904,3.5277144685160127
End-to-End Benchmark,End-to-End (Predicted State ROI),nominal,Intensity-Weighted Centroid,5.0,30,30,1.0,2.6920945576397037,2.624966442615085,1.3032775888932249,2.1826812585032624,2.044946968692162,2.9909706753802605,4.593762426533846,5.261525469933864,-0.040432125734345924,-0.08182648651682503,0.09127064526498159,1430.071309886795,0.29216000008697546,0.2952499999082647,0.3954949996568757,2.499623728112924,3.388382875758412,3.1231727061985897
End-to-End Benchmark,End-to-End (Predicted State ROI),nominal,Intensity-Weighted Centroid,15.0,30,30,1.0,2.431327772340978,2.3960054602407204,1.1798218953170023,1.9938787558379754,1.8242209154167575,2.7024682128058317,4.810140896894339,5.314755121778208,-0.10598419513258174,0.000561809884923529,0.10598568416653242,1319.9572633016885,0.2890500000224468,0.2806000002237852,0.3839950007204606,2.252022268855289,3.17874085232638,3.3210512790314315
End-to-End Benchmark,End-to-End (Predicted State ROI),nominal,Intensity-Weighted Centroid,30.0,30,30,1.0,1.2151553029048128,1.213284912325399,0.5500850961598679,1.0318210537195551,0.8453054692216095,1.3338650693360623,2.049183992528278,2.2786914373470575,-0.10122940670488845,-0.2508567441733826,0.2705115503617057,644.5088400339687,0.2809233334119199,0.2762000003713183,0.3622699997322343,1.1327741947730166,1.5082721011397633,3.5277144685160127
End-to-End Benchmark,End-to-End (Predicted State ROI),nominal,PSF Fitting (Estimated Width),5.0,30,30,1.0,0.8848104570562356,0.497063095549215,1.2676517592133185,1.3947950069325445,0.666616393579342,1.5459076710957498,2.3395676680809463,7.0060302902629195,0.25900171687400664,0.1961644405887455,0.3249036427853319,725.0806657963687,9.569873333293799,8.050500000081229,21.23717499989648,0.6693312030576004,2.382583855858242,3.1231727061985897
End-to-End Benchmark,End-to-End (Predicted State ROI),nominal,PSF Fitting (Estimated Width),15.0,30,30,1.0,0.45909305528527045,0.1941621982442095,1.4283435017979864,1.1991522020464822,0.9016460441141919,1.5003104987100835,0.3660674058023776,8.139684949499873,0.2561392670086036,0.16192608761308425,0.30303033173823535,699.6069140883004,10.639499999918675,5.0149500002589775,10.315874999696456,0.189809410389729,2.58249765104015,3.3210512790314315
End-to-End Benchmark,End-to-End (Predicted State ROI),nominal,PSF Fitting (Estimated Width),30.0,30,30,1.0,0.03051288091250137,0.029153092656496175,0.016184131014368452,0.025084616957394758,0.023742872411979064,0.03453928195939709,0.055182650160013814,0.0582175886489179,0.003913640389204905,-0.0013967234122162608,0.004155408209339842,16.792863082596334,4.800740000033936,4.367999999885797,6.692329999623325,0.028093356140123985,0.039452092761701904,3.5277144685160127
End-to-End Benchmark,End-to-End (Predicted State ROI),nominal,PSF Fitting (Known PSF),5.0,30,30,1.0,0.5638459670204442,0.4686200214706546,0.33910804862199906,0.3995018102905472,0.5227952244808816,0.6579639375873421,1.1197221729241398,1.61839297828233,0.016614244333069905,0.07447753643806626,0.076308168295684,316.0931961629271,4.668719999911748,4.455899999811663,6.546490000209814,0.5189557568520579,0.7969883135754843,3.1231727061985897
End-to-End Benchmark,End-to-End (Predicted State ROI),nominal,PSF Fitting (Known PSF),15.0,30,30,1.0,0.20120995978991182,0.1977915325243998,0.07971325018214982,0.16343534384388603,0.14187508081368863,0.21642469862116004,0.3392282102801706,0.39128448726016957,0.04465692955895406,-0.008602335155008708,0.04547792352067631,106.13022987369132,3.944420000031338,3.5530000000107975,6.372990000045316,0.18644589993028,0.2445002112076979,3.3210512790314315
End-to-End Benchmark,End-to-End (Predicted State ROI),nominal,PSF Fitting (Known PSF),30.0,30,30,1.0,0.030417199703846178,0.029319550367661346,0.016292975271117713,0.025101652497140137,0.023676446585620306,0.034506044122862206,0.055577371860949173,0.05843137306255606,0.004087913882426619,-0.0012262409169788195,0.004267869104905788,16.776840329259862,3.601516666731186,3.5818500000459608,4.544945000088774,0.02799937572440735,0.039438030193920205,3.5277144685160127
End-to-End Benchmark,End-to-End (Predicted State ROI),turbulence,Binary Centroid,5.0,30,30,1.0,2.87720126731725,2.8426124348778847,1.6518314871242203,2.0941783000182213,2.5731792868433785,3.31765495410644,5.912547619409041,7.16526081651003,0.22866094741654308,0.3970165795279134,0.4581571709506194,1624.4445594723054,0.16163666671976293,0.15100000018719584,0.2503800000795309,2.69536777110579,3.9758694635960694,3.457886733939662
End-to-End Benchmark,End-to-End (Predicted State ROI),turbulence,Binary Centroid,15.0,30,30,1.0,0.982272423421493,0.8627242994525242,0.5769721525044783,0.6367112375831964,0.9446453188976582,1.139190931573801,2.0306473034082417,2.7317100394576603,0.07504901484560568,0.1347390846006893,0.15423026793832542,559.6462370555537,0.1622766666817673,0.14714999997522682,0.2612200003113685,0.8948084543799436,1.4002997871436906,3.0297769571857764
End-to-End Benchmark,End-to-End (Predicted State ROI),turbulence,Binary Centroid,30.0,30,30,1.0,0.21623342042941204,0.18127338165242884,0.1130795692480725,0.16361453461827546,0.18103636417465313,0.24401614924412784,0.4084042723224903,0.4440172972872966,-0.005828297186319749,-0.10624473696521099,0.10640447913926807,119.66072583554062,0.14741333331282172,0.13865000028090435,0.24144000021806272,0.20371436213297905,0.28509622818445074,3.6428852936857417
End-to-End Benchmark,End-to-End (Predicted State ROI),turbulence,Bounding Box Center,5.0,30,30,1.0,3.3201657514421608,3.2172189588877265,1.9310719958412452,2.440782078990137,2.9656571806350716,3.840903496597093,6.3081657955995505,8.98993797489998,0.26479178987636753,0.49800405489146443,0.5640236969084464,1880.6690774660403,0.31054666660566,0.28465000013966346,0.5008899999666027,3.1280010772281677,4.571895031822848,3.457886733939662
End-to-End Benchmark,End-to-End (Predicted State ROI),turbulence,Bounding Box Center,15.0,30,30,1.0,3.812546265326538,3.870408733905598,2.5300507284406284,2.8749736908330092,3.5596617803881747,4.575660139667094,7.68205749312477,7.794918000900856,0.3317113314496718,0.4573223415151309,0.5649567518500828,2246.7814765280104,0.2912099999169489,0.2822000001287961,0.3918400002930865,3.580288687906116,5.325301635031636,3.0297769571857764
End-to-End Benchmark,End-to-End (Predicted State ROI),turbulence,Bounding Box Center,30.0,30,30,1.0,2.2522497001830475,0.9693223340264501,2.292043466042308,2.3909508905667125,2.14696199339907,3.21342371345608,6.137023207358999,7.153759969069905,0.5298655799662991,-0.19056599513275974,0.5630922937973504,1563.7585778942912,0.292146666682432,0.27980000004390604,0.4095749995485676,2.4050784784655757,4.030871092044987,3.6428852936857417
End-to-End Benchmark,End-to-End (Predicted State ROI),turbulence,Gaussian Fitting,5.0,30,30,1.0,0.9091117912304024,0.5948753523360819,1.7211686132295183,1.4059849384173204,1.346147093398124,1.9465111466725726,1.2985400724311875,10.05960558077211,0.3297702268715009,0.32146907208741027,0.46053313327015005,962.5760585787741,13.391523333333074,11.682599999858212,27.71861499982147,0.5590437421531324,3.245126669145218,3.457886733939662
End-to-End Benchmark,End-to-End (Predicted State ROI),turbulence,Gaussian Fitting,15.0,30,30,1.0,0.2250560131435529,0.23568492209415362,0.10913861204938512,0.13985707604889633,0.20736789522775811,0.25012286119452826,0.4254189037278403,0.45206313801094383,-0.029088918577616595,0.17696458741427723,0.17933942785322077,121.99076762403064,7.9283366667975015,7.773000000270258,10.712590000275666,0.21115607119149815,0.2856589975798482,3.0297769571857764
End-to-End Benchmark,End-to-End (Predicted State ROI),turbulence,Gaussian Fitting,30.0,30,30,1.0,0.1614932648868012,0.15932267612611928,0.024023632768843263,0.02388173889986314,0.161514309218501,0.16327035718467325,0.19989567781201664,0.2042702824956846,-0.0029717907493126933,0.15971618685027617,0.1597438320632444,80.81692886254243,8.185343333479977,8.059949999733362,10.670359999721768,0.15562190694124575,0.17198218568726512,3.6428852936857417
End-to-End Benchmark,End-to-End (Predicted State ROI),turbulence,Intensity-Weighted Centroid,5.0,30,30,1.0,2.853179116770191,2.5817051883570254,1.394554279123715,1.9790250714501227,2.48372149734378,3.175753880544869,5.4979840237838875,6.38988276966422,0.7227967240926271,0.3514048364439759,0.803691771411933,1554.872230841425,0.2580000000610501,0.24750000011408702,0.3214999996998813,2.6041127382555636,3.6353971286760363,3.457886733939662
End-to-End Benchmark,End-to-End (Predicted State ROI),turbulence,Intensity-Weighted Centroid,15.0,30,30,1.0,1.9471571779048709,1.6445762502274557,1.049666608822459,1.614021859494801,1.5126647025088702,2.2120626268583137,3.7211622241838738,4.586817146151853,-0.009521053824019531,0.17002511761079403,0.1702914885849678,1084.0385562352963,0.2545499999844954,0.2399999998488056,0.35142999986419443,1.7784745751713373,2.5929764289650334,3.0297769571857764
End-to-End Benchmark,End-to-End (Predicted State ROI),turbulence,Intensity-Weighted Centroid,30.0,30,30,1.0,1.0034995808244485,0.9470312843056798,0.5331665770122836,0.7170735930259176,0.8815233801452685,1.1363441413400428,1.8116051370084412,2.083803179889543,-0.030904051752372652,0.013730447495295077,0.03381694254562914,556.7722062027691,0.23052000002887021,0.22059999992052326,0.3017649999037529,0.9741601162025687,1.2882919158214785,3.6428852936857417
End-to-End Benchmark,End-to-End (Predicted State ROI),turbulence,PSF Fitting (Estimated Width),5.0,30,30,1.0,0.9091117912304024,0.5948753523360819,1.7211686132295183,1.4059849384173204,1.346147093398124,1.9465111466725726,1.2985400724311875,10.05960558077211,0.3297702268715009,0.32146907208741027,0.46053313327015005,962.5760585787741,12.048823333285933,9.864099999958853,26.91374999999421,0.5590437421531324,3.245126669145218,3.457886733939662
End-to-End Benchmark,End-to-End (Predicted State ROI),turbulence,PSF Fitting (Estimated Width),15.0,30,30,1.0,0.2250560131435529,0.23568492209415362,0.10913861204938512,0.13985707604889633,0.20736789522775811,0.25012286119452826,0.4254189037278403,0.45206313801094383,-0.029088918577616595,0.17696458741427723,0.17933942785322077,121.99076762403064,6.910496666599404,6.59559999985504,9.853820000125777,0.21115607119149815,0.2856589975798482,3.0297769571857764
End-to-End Benchmark,End-to-End (Predicted State ROI),turbulence,PSF Fitting (Estimated Width),30.0,30,30,1.0,0.1614932648868012,0.15932267612611928,0.024023632768843263,0.02388173889986314,0.161514309218501,0.16327035718467325,0.19989567781201664,0.2042702824956846,-0.0029717907493126933,0.15971618685027617,0.1597438320632444,80.81692886254243,7.570003333421482,7.174050000230636,10.025215000405296,0.15562190694124575,0.17198218568726512,3.6428852936857417
End-to-End Benchmark,End-to-End (Predicted State ROI),turbulence,PSF Fitting (Known PSF),5.0,30,30,1.0,0.5588835755810623,0.5534709631562856,0.28195836744505265,0.5182522182158468,0.3510925951097614,0.6259803287856196,1.0018530311330471,1.3479619504214577,0.11309557590448378,0.10805840326977052,0.15642003646073993,302.0575417937474,5.9692600000137945,5.836199999976088,8.173419999820908,0.522001109313109,0.7290514042735281,3.457886733939662
End-to-End Benchmark,End-to-End (Predicted State ROI),turbulence,PSF Fitting (Known PSF),15.0,30,30,1.0,0.23633297145485171,0.24336864014401594,0.11239369815087173,0.13841230929729517,0.22209828773698134,0.2616975673954748,0.4330982323484223,0.45970201490582707,-0.030175011803595452,0.19386227818900276,0.19619662138267674,127.83664929693487,4.69102666662972,4.526400000031572,6.052569999746993,0.22259294885617462,0.29798491772193225,3.0297769571857764
End-to-End Benchmark,End-to-End (Predicted State ROI),turbulence,PSF Fitting (Known PSF),30.0,30,30,1.0,0.19634774753882592,0.19402265960812215,0.02436675815382559,0.024248583043081345,0.19636237696386832,0.1978539281047954,0.2312754346428136,0.23737069753063605,-0.0025783239811318025,0.19486333437160017,0.19488039110431232,97.94290706853002,5.044046666807844,4.623150000043097,6.1240049999014445,0.19019733153447932,0.20626018412874148,3.6428852936857417
End-to-End Benchmark,End-to-End (Predicted State ROI),unknown_width,Binary Centroid,5.0,30,30,1.0,2.338797291590652,2.0618688261392166,0.9964947471550805,1.905569683259273,1.6827889750359641,2.5422380990496225,4.056243067346295,4.620292091253666,0.24318538262199638,0.0025350506014783984,0.24319859539594146,1242.9813644695816,0.17459333339502336,0.17294999997830018,0.24625499995636344,2.1741513664290917,2.9035335292033717,3.020951840098353
End-to-End Benchmark,End-to-End (Predicted State ROI),unknown_width,Binary Centroid,15.0,30,30,1.0,0.7353060897471622,0.6543918034202261,0.4628512155793718,0.5843470259033583,0.6429967703655001,0.8688534360768586,1.5273970167509308,2.1529152355454206,-0.049969567926661775,-0.23044677795865975,0.2358021950498025,421.86916989984945,0.16755666668662647,0.17230000003110035,0.20695500006695508,0.6788968642073299,1.0585794586952095,3.42282621706278
End-to-End Benchmark,End-to-End (Predicted State ROI),unknown_width,Binary Centroid,30.0,30,30,1.0,0.1412978476199186,0.1377592576606297,0.07410759974951685,0.11592696746174914,0.1096264397751696,0.15955255586375397,0.2466452643658714,0.3258231190694862,0.04858543035418563,-0.000658187666653968,0.048589888389519456,77.87691753674574,0.14975333339558952,0.15649999977540574,0.19978499999524496,0.13310498393109452,0.18851552184218257,3.247456721821048
End-to-End Benchmark,End-to-End (Predicted State ROI),unknown_width,Bounding Box Center,5.0,30,30,1.0,3.068167244231965,2.925916714556897,1.892256614810514,2.786696090781782,2.286615453567489,3.604758706886235,6.124480673881314,7.874948013194859,0.30444663072204986,-0.03027469352599231,0.3059482113464646,1766.8391688995741,0.3175399999842436,0.32134999992194935,0.39799000005586993,2.883989393084032,4.228250258944744,3.020951840098353
End-to-End Benchmark,End-to-End (Predicted State ROI),unknown_width,Bounding Box Center,15.0,30,30,1.0,3.714683973702129,3.5770186381884903,1.8404621573989317,2.8519699811128536,3.0087281705278928,4.145621542941055,6.458941262513205,7.018575710364241,-0.2095190343513811,-0.6179331019442809,0.6524871985211789,2010.867737962436,0.314889999966302,0.3068499995606544,0.4188399996110092,3.534392816381064,4.770603911106732,3.42282621706278
End-to-End Benchmark,End-to-End (Predicted State ROI),unknown_width,Bounding Box Center,30.0,30,30,1.0,1.25965150689481,0.7245891997067141,1.297736723008589,1.5047706505463452,1.003248628367747,1.8085470746064192,3.9927095794842202,5.341180105606443,0.39661438188383896,-0.08445252856618121,0.40550610044526,865.9352724019035,0.30582333329221,0.3021000002263463,0.3673699997762014,1.1209581478320427,2.485739421131616,3.247456721821048
End-to-End Benchmark,End-to-End (Predicted State ROI),unknown_width,Gaussian Fitting,5.0,30,30,1.0,0.5802332262678827,0.4687312195167037,0.23089577436048825,0.46736418926085316,0.41419098261467596,0.6244865534843528,1.0000290363760576,1.032643009910096,0.12374146087295419,0.01902056646638073,0.12519477260522846,302.6430772132982,7.8326933333300985,7.3308999999426305,12.06094000003759,0.5289515091228524,0.703354158232582,3.020951840098353
End-to-End Benchmark,End-to-End (Predicted State ROI),unknown_width,Gaussian Fitting,15.0,30,30,1.0,0.19964348689103797,0.19024665119951295,0.10382842946891253,0.14424837056879958,0.172714423868533,0.22502858623737787,0.379679612371282,0.4585646392466101,-0.04573428837727438,-0.04031625908403195,0.060967416542826246,110.27646043387442,6.050676666594275,5.953799999588227,7.248840000147537,0.18812895713629887,0.2581176802631897,3.42282621706278
End-to-End Benchmark,End-to-End (Predicted State ROI),unknown_width,Gaussian Fitting,30.0,30,30,1.0,0.03480990274930467,0.03202148137900623,0.016391292855866293,0.026979505120284037,0.027431917803306973,0.03847601604769941,0.06606231421933141,0.07699614094950008,-0.0055402938199999125,0.0032057891280771857,0.006400932709037574,18.747907944281565,5.321966666633671,5.216599999585014,6.9478449999223795,0.03183668314823124,0.04503154863305827,3.247456721821048
End-to-End Benchmark,End-to-End (Predicted State ROI),unknown_width,Intensity-Weighted Centroid,5.0,30,30,1.0,2.365660016447607,2.5222924443545756,1.259749204243122,2.014481483224677,1.7678177860726987,2.6801707727326023,4.711135262782605,5.753347076593039,0.22712638293208726,0.15126605826838974,0.27288791510044746,1314.2088314197379,0.29496666669122834,0.2893500000027416,0.4601799996635235,2.178889040933948,3.1788602908205488,3.020951840098353
End-to-End Benchmark,End-to-End (Predicted State ROI),unknown_width,Intensity-Weighted Centroid,15.0,30,30,1.0,1.7997270707810655,1.7481457661120294,0.7690407745479911,1.4998880706644881,1.257289552051526,1.9571513079523433,3.2371028489221234,3.3600363153755404,-0.28823875371440977,-0.5009101909470814,0.5779209275822064,955.1210861217295,0.28928000007605686,0.28149999934612424,0.38609000043834385,1.6730000538418743,2.2024021393508737,3.42282621706278
End-to-End Benchmark,End-to-End (Predicted State ROI),unknown_width,Intensity-Weighted Centroid,30.0,30,30,1.0,0.519120733653021,0.512430715583027,0.2564081844584883,0.3647595713793558,0.4496464702996096,0.5789917902403704,0.9118088188507092,1.2012760855613167,0.004142912085377285,-0.07722866114242113,0.07733970404907219,281.1225469727994,0.2794799999719544,0.28509999992820667,0.33549999998285784,0.48102863151946323,0.6698917024589948,3.247456721821048
End-to-End Benchmark,End-to-End (Predicted State ROI),unknown_width,PSF Fitting (Estimated Width),5.0,30,30,1.0,0.5802332262678827,0.4687312195167037,0.23089577436048825,0.46736418926085316,0.41419098261467596,0.6244865534843528,1.0000290363760576,1.032643009910096,0.12374146087295419,0.01902056646638073,0.12519477260522846,302.6430772132982,6.114253333422918,5.877550000150222,9.154115000046659,0.5289515091228524,0.703354158232582,3.020951840098353
End-to-End Benchmark,End-to-End (Predicted State ROI),unknown_width,PSF Fitting (Estimated Width),15.0,30,30,1.0,0.19964348689103797,0.19024665119951295,0.10382842946891253,0.14424837056879958,0.172714423868533,0.22502858623737787,0.379679612371282,0.4585646392466101,-0.04573428837727438,-0.04031625908403195,0.060967416542826246,110.27646043387442,4.859419999987343,4.79654999980994,6.062454999619148,0.18812895713629887,0.2581176802631897,3.42282621706278
End-to-End Benchmark,End-to-End (Predicted State ROI),unknown_width,PSF Fitting (Estimated Width),30.0,30,30,1.0,0.03480990274930467,0.03202148137900623,0.016391292855866293,0.026979505120284037,0.027431917803306973,0.03847601604769941,0.06606231421933141,0.07699614094950008,-0.0055402938199999125,0.0032057891280771857,0.006400932709037574,18.747907944281565,4.5825033333130705,4.302350000216393,6.641235000188316,0.03183668314823124,0.04503154863305827,3.247456721821048
End-to-End Benchmark,End-to-End (Predicted State ROI),unknown_width,PSF Fitting (Known PSF),5.0,30,30,1.0,0.7525092257036103,0.7560712881421525,0.4861478951335102,0.6335142464737795,0.6334584518550124,0.8958849874352118,1.2042772236257897,2.8340093444583734,0.1697387573189483,0.12865250809781134,0.21298524262501908,435.42264631801254,5.455756666682039,4.9514500001350825,9.01819499995326,0.6698884181832299,1.1974878349476812,3.020951840098353
End-to-End Benchmark,End-to-End (Predicted State ROI),unknown_width,PSF Fitting (Known PSF),15.0,30,30,1.0,0.2458023982173264,0.2215210234158968,0.12761481123025406,0.18143063748272922,0.20925411058646606,0.2769555181156759,0.4577190154035625,0.49956612427336994,-0.05312489758932675,-0.05028228662227055,0.07314754330693973,134.82415024155208,5.369213333354613,5.368400000406837,6.404495000060705,0.23378718657784223,0.3198069567516895,3.42282621706278
End-to-End Benchmark,End-to-End (Predicted State ROI),unknown_width,PSF Fitting (Known PSF),30.0,30,30,1.0,0.04491697015263734,0.04601567502679602,0.020749648097337477,0.03299177143709951,0.036873094815846955,0.049478097213375684,0.07430562826600678,0.10381555617470348,-0.008376085072534541,0.004365609901389196,0.009445493685003624,24.0379459905185,5.724323333379289,5.672599999797967,7.215570000334988,0.04188442644536842,0.05822337322084535,3.247456721821048
End-to-End Benchmark,End-to-End (Previous Track State ROI),asymmetric,Binary Centroid,5.0,30,30,1.0,2.3022711487235825,2.179199970903504,1.374798893548317,1.7479111195423722,2.033551365991725,2.681515325323851,4.244085385395615,7.127071858147746,-0.2370289738482209,-0.4612822401660708,0.5186174308063404,1309.9378911173221,0.16827333326242902,0.1603499995326274,0.24509999971087382,2.089967731130115,3.3069392222367373,1.9651995430564257
End-to-End Benchmark,End-to-End (Previous Track State ROI),asymmetric,Binary Centroid,15.0,30,30,1.0,1.1020941054207378,1.1239771698333754,0.567011438000791,0.9257147905771989,0.8241149886596377,1.2394004147275657,2.1031127337644255,2.408411625397844,0.09922112633917474,0.049725912607540106,0.11098422544067779,606.2035311953663,0.15246666668341882,0.14210000017556013,0.2503850003449769,1.0258933673829929,1.4455438269483396,2.0952492610686915
End-to-End Benchmark,End-to-End (Previous Track State ROI),asymmetric,Binary Centroid,30.0,30,30,1.0,0.39789275556106246,0.3753723763577468,0.15212628765081485,0.3729702727271538,0.205801428528148,0.42598245541617547,0.6854928718156121,0.7364665713366615,0.34326752611062356,0.14328209662178798,0.3719709043654396,203.45126039234987,0.1690333332286779,0.16869999990376527,0.2432000001135748,0.37242669170192466,0.48726239715937303,2.2350038532116345
End-to-End Benchmark,End-to-End (Previous Track State ROI),asymmetric,Bounding Box Center,5.0,30,30,1.0,2.661949719602558,2.2720594226532276,1.5047384070922167,2.0874710125995235,2.234430297643512,3.057811960122884,5.177431789929468,7.139466047290388,-0.49277918145325544,-0.5345847387025799,0.7270571948116917,1496.1195843438852,0.3108666667685611,0.31160000025920453,0.4036100001485465,2.4139795246297515,3.816519142638258,1.9651995430564257
End-to-End Benchmark,End-to-End (Previous Track State ROI),asymmetric,Bounding Box Center,15.0,30,30,1.0,3.579777237316944,3.3437731352709026,1.452782700038503,2.866605910797431,2.589971659019636,3.8633382769754574,6.332107781784044,6.76577712534123,0.10201718133175935,0.25215876873270704,0.27201387820416795,1880.6666394192378,0.3006666666806268,0.2915000000029977,0.39438999992853485,3.3060393184795545,4.345026950166856,2.0952492610686915
End-to-End Benchmark,End-to-End (Previous Track State ROI),asymmetric,Bounding Box Center,30.0,30,30,1.0,2.392780859580588,0.7223618624976845,2.354015597234504,2.353477114821945,2.393310498871366,3.35660388994569,6.353656246778388,7.69225310071155,-0.09730907366905892,0.18735362583696827,0.2111171166262675,1605.2800062558906,0.3037999999529954,0.31304999993153615,0.38414999976339453,2.3949629919449547,4.206679020461448,2.2350038532116345
End-to-End Benchmark,End-to-End (Previous Track State ROI),asymmetric,Gaussian Fitting,5.0,30,30,1.0,0.6604327559824456,0.5591215639018895,0.3621229851291425,0.6324130809724099,0.40909433697912934,0.7531961773226212,1.308314017738072,1.3649385583923912,0.43099957171350334,0.16047733482784848,0.4599060836852158,361.27816099269234,7.632326666710772,7.479249999960302,11.188085000139836,0.617617959841323,0.8759296355027808,1.9651995430564257
End-to-End Benchmark,End-to-End (Previous Track State ROI),asymmetric,Gaussian Fitting,15.0,30,30,1.0,0.3202732993726815,0.3045062101145394,0.12872076019177223,0.32159525332597555,0.1253814716519654,0.34517245022656573,0.5452154605613204,0.6067740788186344,0.2946728601041931,0.08035314170645999,0.3054320249484061,167.8149270112243,5.774636666743997,5.730200000471086,8.052400000542546,0.29335693952379116,0.39044176050554913,2.0952492610686915
End-to-End Benchmark,End-to-End (Previous Track State ROI),asymmetric,Gaussian Fitting,30.0,30,30,1.0,0.3442164902878026,0.3414862859062754,0.024042421162238967,0.325909110125386,0.11334144051790775,0.34505511183200194,0.38609854070292876,0.40028071513426144,0.3250134970429154,0.11159814562826303,0.3436392285053209,164.66466732573588,5.115383333365268,5.076449999705801,6.29819499968107,0.33655340045007315,0.353132061257691,2.2350038532116345
End-to-End Benchmark,End-to-End (Previous Track State ROI),asymmetric,Intensity-Weighted Centroid,5.0,30,30,1.0,1.9923020386730064,1.7539529947957417,1.0623124024566881,1.406425916851666,1.766278911758239,2.257825293000749,4.019199107744299,4.5395007566064525,-0.2672856280189838,-0.5372269342052818,0.600045319772689,1099.5556367523295,0.29034333341163193,0.28119999979026034,0.37153999978727364,1.8268566812741354,2.63533540378183,1.9651995430564257
End-to-End Benchmark,End-to-End (Previous Track State ROI),asymmetric,Intensity-Weighted Centroid,15.0,30,30,1.0,1.4596219056760125,1.412804742853662,0.7301921477528974,1.0631146760937635,1.238331080787087,1.6320774124315496,2.605250502977378,2.8579660143804775,0.0008681545514927317,-0.27609796181637214,0.27609932671319604,795.0284171547254,0.2745233333068124,0.24555000027248752,0.42272499954378867,1.3719674454387256,1.861514667729206,2.0952492610686915
End-to-End Benchmark,End-to-End (Previous Track State ROI),asymmetric,Intensity-Weighted Centroid,30.0,30,30,1.0,0.6743211767224959,0.7293941729994465,0.2639677817836151,0.5510546707218835,0.4698156969193029,0.7241464211029244,1.052634795717537,1.2811273883425789,0.2144532723603267,0.04524674980075171,0.21917452952746197,350.35148365401204,0.2991333334042186,0.2990999996654864,0.40550000007897324,0.6420724390927119,0.8174748117302474,2.2350038532116345
End-to-End Benchmark,End-to-End (Previous Track State ROI),asymmetric,PSF Fitting (Estimated Width),5.0,30,30,1.0,0.6604327559824456,0.5591215639018895,0.3621229851291425,0.6324130809724099,0.40909433697912934,0.7531961773226212,1.308314017738072,1.3649385583923912,0.43099957171350334,0.16047733482784848,0.4599060836852158,361.27816099269234,6.380659999952816,5.796399999780988,9.768284999972819,0.617617959841323,0.8759296355027808,1.9651995430564257
End-to-End Benchmark,End-to-End (Previous Track State ROI),asymmetric,PSF Fitting (Estimated Width),15.0,30,30,1.0,0.3202732993726815,0.3045062101145394,0.12872076019177223,0.32159525332597555,0.1253814716519654,0.34517245022656573,0.5452154605613204,0.6067740788186344,0.2946728601041931,0.08035314170645999,0.3054320249484061,167.8149270112243,4.555639999974422,4.425800000262825,5.936734999659166,0.29335693952379116,0.39044176050554913,2.0952492610686915
End-to-End Benchmark,End-to-End (Previous Track State ROI),asymmetric,PSF Fitting (Estimated Width),30.0,30,30,1.0,0.3442164902878026,0.3414862859062754,0.024042421162238967,0.325909110125386,0.11334144051790775,0.34505511183200194,0.38609854070292876,0.40028071513426144,0.3250134970429154,0.11159814562826303,0.3436392285053209,164.66466732573588,4.190216666696263,4.065000000537111,5.800659999886191,0.33655340045007315,0.353132061257691,2.2350038532116345
End-to-End Benchmark,End-to-End (Previous Track State ROI),asymmetric,PSF Fitting (Known PSF),5.0,30,30,1.0,0.6251135907050767,0.5427562495953224,0.364224575666066,0.6113839430426186,0.3868284076861215,0.723482233923764,1.2464831785075754,1.2623455538338693,0.41234417779821514,0.16819524750683948,0.4453283757498202,346.98249347277516,3.990300000047379,3.5344000002623943,5.736374999878533,0.5819925487540417,0.8428484194571496,1.9651995430564257
End-to-End Benchmark,End-to-End (Previous Track State ROI),asymmetric,PSF Fitting (Known PSF),15.0,30,30,1.0,0.3180601598685064,0.3052247742875578,0.12886444376898135,0.31952088414191954,0.12519870111400822,0.3431738774491274,0.5430742038844045,0.6191244764128329,0.2921897810318114,0.08068786432275393,0.30312604571099633,166.89491129428316,3.5425166666148775,3.3375000002706656,4.61925999975392,0.2920057434561558,0.38966409306669575,2.0952492610686915
End-to-End Benchmark,End-to-End (Previous Track State ROI),asymmetric,PSF Fitting (Known PSF),30.0,30,30,1.0,0.34314376583204514,0.3404764210579372,0.02439480047609121,0.3249149673722546,0.11301776098097334,0.3440098113712249,0.38535619650578257,0.4001369990638762,0.32399617450207546,0.11126555950482289,0.34256903804036437,164.16053060405068,3.3599333334071466,3.3322999997835723,4.32367499997781,0.33521571546467405,0.3522298240627177,2.2350038532116345
End-to-End Benchmark,End-to-End (Previous Track State ROI),defocused,Binary Centroid,5.0,30,30,1.0,2.5366735808430674,2.3588714444434924,1.0999978899412186,2.1364863089168766,1.7550311864559738,2.764906546996177,4.6732778465615565,4.81221596530475,-0.33974324185528154,-0.11071661643340557,0.3573284756926016,1328.6938918789635,0.15741000012591636,0.16505000030520023,0.2081250000173895,2.3325800630046056,3.149834920717834,2.196816996308276
End-to-End Benchmark,End-to-End (Previous Track State ROI),defocused,Binary Centroid,15.0,30,30,1.0,0.5683474409441404,0.46237203978234587,0.288977901757739,0.5304856782377712,0.35371172798858436,0.6375947312612129,1.1570119277886761,1.3201911207000339,-0.016785013182093658,-0.04718495345224483,0.050081498577953604,306.4171410220123,0.16425000000405512,0.15204999999696156,0.2646499999627849,0.5239473226507305,0.7405790843000678,1.9783467170055193
End-to-End Benchmark,End-to-End (Previous Track State ROI),defocused,Binary Centroid,30.0,30,30,1.0,0.1414745468841508,0.14373975874712272,0.06425931350405838,0.10321363150952195,0.1161518534449849,0.15538438399044038,0.23544612143483598,0.31539615386913,-0.00020489021254661567,-0.0035131712006413332,0.0035191407877794637,75.20159273729716,0.15911666666094484,0.1662499998928979,0.20665500014729332,0.13207075513377653,0.18195735743805802,2.415526835585267
End-to-End Benchmark,End-to-End (Previous Track State ROI),defocused,Bounding Box Center,5.0,30,30,1.0,2.9003602086474602,2.7512137063661246,1.5146281529391015,2.4438933040169353,2.175677664582334,3.272031140069002,5.331756921486674,6.536623163512234,-0.432351919579375,-0.11033387932022834,0.44620818828190617,1571.4557854247328,0.3119366666699837,0.3163999999742373,0.3858149996176507,2.726099566176756,3.83416492906975,2.196816996308276
End-to-End Benchmark,End-to-End (Previous Track State ROI),defocused,Bounding Box Center,15.0,30,30,1.0,3.0192960668815263,2.8689927528005787,1.6679939997221784,2.6552007008768297,2.201876917690596,3.449398892937065,6.023788389118017,6.580316956105136,-0.3333316818356915,0.37130212442665617,0.49897422550584586,1674.6342122953658,0.2942499999032104,0.2884499999709078,0.395709999884275,2.8222316827256795,4.063746906036309,1.9783467170055193
End-to-End Benchmark,End-to-End (Previous Track State ROI),defocused,Bounding Box Center,30.0,30,30,1.0,1.543556909927705,0.8414814811475282,1.4529990413556442,1.370391292638032,1.6173440739149625,2.119852388343581,4.394798109000119,5.480282180828981,0.14186882895784264,-0.3301003885855465,0.359295186683872,1038.072914063879,0.31069666671707336,0.30390000029001385,0.38453500001196517,1.4435948755856838,2.6897122882820064,2.415526835585267
End-to-End Benchmark,End-to-End (Previous Track State ROI),defocused,Gaussian Fitting,5.0,30,30,1.0,0.5911951317495574,0.568514366441631,0.23341439981704465,0.4796213972755028,0.41708186381311524,0.6356051965224386,0.9462328274609645,1.1738035760451764,0.15658394368226614,-0.012939054788953777,0.15711763286761496,304.4605091680938,7.237166666679211,6.850199999917095,9.94796999975733,0.5482599435550882,0.7040877926284705,2.196816996308276
End-to-End Benchmark,End-to-End (Previous Track State ROI),defocused,Gaussian Fitting,15.0,30,30,1.0,0.17150368979777147,0.16451584599013838,0.08125530671521866,0.13910457652277863,0.12909631007140718,0.1897786618238059,0.2853303386810169,0.411968471638313,-0.006280641521464266,-0.01981470179856236,0.02078626626614533,92.43998022036219,5.538799999855352,5.273949999718752,7.2774249996200515,0.1589858894344159,0.22119212213244868,1.9783467170055193
End-to-End Benchmark,End-to-End (Previous Track State ROI),defocused,Gaussian Fitting,30.0,30,30,1.0,0.02636463844459994,0.02358186632559528,0.01342845030676269,0.022154400543223093,0.01961122062815337,0.029587454063431544,0.04489159796826676,0.06731492888595739,-0.0010996393756547225,0.0003823929670962419,0.0011642298474850124,14.38019827733656,5.4163799999514595,5.189149999750953,7.57902499949523,0.023552636704011153,0.03492045711523591,2.415526835585267
End-to-End Benchmark,End-to-End (Previous Track State ROI),defocused,Intensity-Weighted Centroid,5.0,30,30,1.0,1.9781571607401738,1.855639888761711,0.998574467116715,1.5701081356253792,1.5636550647147383,2.215909907682408,3.56741416431258,4.567224048891293,0.021228949683386608,-0.1422563182555943,0.1438315973223432,1069.3418330548498,0.27334000002762576,0.26955000021189335,0.334029999703489,1.8528425539964952,2.5794088025824085,2.196816996308276
End-to-End Benchmark,End-to-End (Previous Track State ROI),defocused,Intensity-Weighted Centroid,15.0,30,30,1.0,0.9772551333872712,0.9469905494806852,0.5340921218289745,0.8731534423439045,0.6912923089797394,1.1136794827649243,1.9488088726424666,1.9744137841257445,-0.20518740857420806,0.09843450703589933,0.2275768547387882,538.3245941850912,0.26881999995869893,0.276150000445341,0.33370000060131133,0.9167789888655299,1.2905590564787306,1.9783467170055193
End-to-End Benchmark,End-to-End (Previous Track State ROI),defocused,Intensity-Weighted Centroid,30.0,30,30,1.0,0.3712118171986791,0.3426801536484707,0.20694772738883163,0.2638965704286045,0.3331428750781986,0.4250006765869293,0.7209887410495703,0.775186091237685,0.08833898851357844,0.07162404540801504,0.11372678124439971,206.3004290071768,0.29147333331517683,0.28830000019297586,0.3883149998728186,0.35365817139104194,0.48604018804335386,2.415526835585267
End-to-End Benchmark,End-to-End (Previous Track State ROI),defocused,PSF Fitting (Estimated Width),5.0,30,30,1.0,0.5911951317495574,0.568514366441631,0.23341439981704465,0.4796213972755028,0.41708186381311524,0.6356051965224386,0.9462328274609645,1.1738035760451764,0.15658394368226614,-0.012939054788953777,0.15711763286761496,304.4605091680938,5.899640000037228,5.522349999864673,8.504685000207246,0.5482599435550882,0.7040877926284705,2.196816996308276
End-to-End Benchmark,End-to-End (Previous Track State ROI),defocused,PSF Fitting (Estimated Width),15.0,30,30,1.0,0.17150368979777147,0.16451584599013838,0.08125530671521866,0.13910457652277863,0.12909631007140718,0.1897786618238059,0.2853303386810169,0.411968471638313,-0.006280641521464266,-0.01981470179856236,0.02078626626614533,92.43998022036219,4.149666666762641,4.108700000415411,4.886180000266904,0.1589858894344159,0.22119212213244868,1.9783467170055193
End-to-End Benchmark,End-to-End (Previous Track State ROI),defocused,PSF Fitting (Estimated Width),30.0,30,30,1.0,0.02636463844459994,0.02358186632559528,0.01342845030676269,0.022154400543223093,0.01961122062815337,0.029587454063431544,0.04489159796826676,0.06731492888595739,-0.0010996393756547225,0.0003823929670962419,0.0011642298474850124,14.38019827733656,4.135996666567128,3.9969000004020927,4.936135000070862,0.023552636704011153,0.03492045711523591,2.415526835585267
End-to-End Benchmark,End-to-End (Previous Track State ROI),defocused,PSF Fitting (Known PSF),5.0,30,30,1.0,0.6918698126057155,0.6482743967369407,0.33509904645009414,0.522272243499707,0.5640983178459346,0.7687491193665397,1.375752048015096,1.7133289530083866,0.09539115019628638,0.0805611817575927,0.12485822176352808,370.4340680538988,5.507513333244181,5.29934999985926,7.282069999428129,0.6177769396820126,0.8911201654380776,2.196816996308276
End-to-End Benchmark,End-to-End (Previous Track State ROI),defocused,PSF Fitting (Known PSF),15.0,30,30,1.0,0.23062527595404775,0.23202092652043338,0.11204164714288666,0.16177622687818716,0.1989215951585677,0.2564007578057674,0.3961943895541024,0.46081899264212756,-0.021902220580930512,-0.02738013294259171,0.03506250057154697,125.06672647095796,5.3603666666276695,5.232449999766686,7.0270649998747095,0.21425599720866254,0.2919762491204214,1.9783467170055193
End-to-End Benchmark,End-to-End (Previous Track State ROI),defocused,PSF Fitting (Known PSF),30.0,30,30,1.0,0.031983224240612645,0.026658139687127012,0.018648259672184975,0.02591488216263406,0.026440557938957034,0.03702275275592771,0.07113994747875713,0.08520099580935304,0.00083960179521038,0.0020241543886461008,0.0021913767735366194,18.028678535526712,5.900800000017625,5.866900000000896,7.219580000219137,0.029330421621354262,0.04533332064059091,2.415526835585267
End-to-End Benchmark,End-to-End (Previous Track State ROI),elliptical,Binary Centroid,5.0,30,30,1.0,2.7056565961937715,2.334446034503916,1.504645083668035,2.1089029246938567,2.2665089672337393,3.095889927683679,5.529224014768326,6.934914014403868,-0.262285614147883,-0.4863894725761772,0.5526015403723229,1512.384276046706,0.15371666671247416,0.15110000003915047,0.22550000021510636,2.487839213634835,3.6484794495486814,2.04628397753175
End-to-End Benchmark,End-to-End (Previous Track State ROI),elliptical,Binary Centroid,15.0,30,30,1.0,0.861148759327101,0.7812705623390448,0.4910105239058147,0.7666414269069538,0.6284341197189548,0.9912963836698224,1.7070174025051472,2.0755173375231237,0.31378605331232545,-0.08933366254852236,0.326254793861575,475.44364112520196,0.16094333326085083,0.16210000012506498,0.21742500043728788,0.8101915635484247,1.1746606216176665,1.8541854053714462
End-to-End Benchmark,End-to-End (Previous Track State ROI),elliptical,Binary Centroid,30.0,30,30,1.0,0.18580655737014296,0.1612074297979288,0.1243574070226652,0.1322005678338583,0.18031043039034225,0.22358184506606313,0.39545545402050963,0.5336835138277498,-0.03132723505552046,0.010556990644502662,0.03305821694665256,109.056545082021,0.1731800001228597,0.17204999994646641,0.29294500000105456,0.16987098525522284,0.2747625871452356,1.818628187071915
End-to-End Benchmark,End-to-End (Previous Track State ROI),elliptical,Bounding Box Center,5.0,30,30,1.0,3.084521476082535,2.8026157810363843,1.6633455121845655,2.458675283483437,2.497179785219029,3.504424493311122,6.5418820149254175,7.444551022289196,-0.3507147765511045,-0.7687712047672316,0.8449911359124141,1713.4443982133805,0.2949166666439851,0.29815000016242266,0.35152000023117574,2.81684597037887,4.180570371847808,2.04628397753175
End-to-End Benchmark,End-to-End (Previous Track State ROI),elliptical,Bounding Box Center,15.0,30,30,1.0,2.8940323852765055,2.7041011903411607,1.465066012995321,2.5905090329017906,1.952205117275707,3.2437388719598297,5.353618306090028,6.208541705073345,0.6919115914244837,-0.2587428962266396,0.7387080185670866,1559.6458906000346,0.30973999992056633,0.2993500002048677,0.4185299997971015,2.7063955676630096,3.77723928634792,1.8541854053714462
End-to-End Benchmark,End-to-End (Previous Track State ROI),elliptical,Bounding Box Center,30.0,30,30,1.0,1.1714764376054843,0.5167805418227042,1.6383414308618378,1.6170749485246523,1.200661608779611,2.014080357866401,5.114529737549282,6.382639458822231,-0.13346775490085463,-0.0005588315382624387,0.13346892481384107,970.3126956960839,0.31699000007089734,0.3102000000581029,0.408605000211537,1.0074251431997798,2.8519047236321886,1.818628187071915
End-to-End Benchmark,End-to-End (Previous Track State ROI),elliptical,Gaussian Fitting,5.0,30,30,1.0,0.7780508143875711,0.6505027106557117,0.6167970115057133,0.5519162242624385,0.8253424165565678,0.9928754318501095,1.8266671158715753,2.909423166436445,-0.09615439441389526,0.314614504660103,0.32898017281840086,480.5487657776233,9.259986666711484,9.17939999999362,13.860295000313265,0.7281985844078863,1.2996541253566967,2.04628397753175
End-to-End Benchmark,End-to-End (Previous Track State ROI),elliptical,Gaussian Fitting,15.0,30,30,1.0,0.22809301767677753,0.19454202047888164,0.13537725088430685,0.14750171974668955,0.22044651832510384,0.26524220020556927,0.5053348844732558,0.5858006774844945,0.05519694215290182,-0.03160663115259865,0.06360567235590872,129.16818802747247,7.519273333309684,7.470000000012078,9.552534999602356,0.2084082664183883,0.330024813534338,1.8541854053714462
End-to-End Benchmark,End-to-End (Previous Track State ROI),elliptical,Gaussian Fitting,30.0,30,30,1.0,0.04486438038999507,0.038633192232738034,0.025876404486736507,0.030502922429334715,0.04185657248520668,0.05179190030245437,0.09675643734469122,0.09832403730957,-0.009665565507306913,0.006609233568584235,0.011709189764460299,25.241950904827075,7.534379999954884,7.189049999851704,9.235000000262517,0.0408382312410574,0.061370587951053775,1.818628187071915
End-to-End Benchmark,End-to-End (Previous Track State ROI),elliptical,Intensity-Weighted Centroid,5.0,30,30,1.0,1.9123434358185274,1.7859230833770134,1.150435264391023,1.4551015055082708,1.6921106118514286,2.2317165398124943,4.037762400495868,5.18684239697352,-0.268120663221228,-0.3470321311997954,0.4385430311055726,1093.136606336494,0.27787666670822847,0.2632999999150343,0.3905150003447488,1.8196459649303867,2.7141111306606986,2.04628397753175
End-to-End Benchmark,End-to-End (Previous Track State ROI),elliptical,Intensity-Weighted Centroid,15.0,30,30,1.0,1.068960062744115,1.0468483097677916,0.5480376684595353,0.9187166463534154,0.7739383861171371,1.201258049626501,1.8943628046836913,2.4777408889677752,0.3619597009932543,0.11389763528783022,0.37945684401165525,583.7113478562893,0.29032999991613906,0.2815499997268489,0.40364499977840745,1.0026863950196072,1.3671874870641445,1.8541854053714462
End-to-End Benchmark,End-to-End (Previous Track State ROI),elliptical,Intensity-Weighted Centroid,30.0,30,30,1.0,0.503908972980786,0.4173153064150449,0.3138732871694348,0.35687732095353814,0.47442520088853024,0.5936671571251831,1.0400145792739306,1.3760797512438303,-0.07998828448110279,0.034514881917046596,0.08711717814517123,292.0341617746509,0.2862099999826266,0.2889500001401757,0.401595000130328,0.4629827295728247,0.7080439100530763,1.818628187071915
End-to-End Benchmark,End-to-End (Previous Track State ROI),elliptical,PSF Fitting (Estimated Width),5.0,30,30,1.0,0.7780508143875711,0.6505027106557117,0.6167970115057133,0.5519162242624385,0.8253424165565678,0.9928754318501095,1.8266671158715753,2.909423166436445,-0.09615439441389526,0.314614504660103,0.32898017281840086,480.5487657776233,8.254946666662969,8.417800000188436,12.01546499992218,0.7281985844078863,1.2996541253566967,2.04628397753175
End-to-End Benchmark,End-to-End (Previous Track State ROI),elliptical,PSF Fitting (Estimated Width),15.0,30,30,1.0,0.22809301767677753,0.19454202047888164,0.13537725088430685,0.14750171974668955,0.22044651832510384,0.26524220020556927,0.5053348844732558,0.5858006774844945,0.05519694215290182,-0.03160663115259865,0.06360567235590872,129.16818802747247,6.209196666592713,6.030599999576225,8.32593499981158,0.2084082664183883,0.330024813534338,1.8541854053714462
End-to-End Benchmark,End-to-End (Previous Track State ROI),elliptical,PSF Fitting (Estimated Width),30.0,30,30,1.0,0.04486438038999507,0.038633192232738034,0.025876404486736507,0.030502922429334715,0.04185657248520668,0.05179190030245437,0.09675643734469122,0.09832403730957,-0.009665565507306913,0.006609233568584235,0.011709189764460299,25.241950904827075,6.25097333334755,6.054649999896355,8.432940000238887,0.0408382312410574,0.061370587951053775,1.818628187071915
End-to-End Benchmark,End-to-End (Previous Track State ROI),elliptical,PSF Fitting (Known PSF),5.0,30,30,1.0,0.7215303589618355,0.6128032552539082,0.42744845805832077,0.46018212271158065,0.7011067373351185,0.8386407116280673,1.3074842578736832,2.091924257820658,-0.05526852899091826,0.25212196105657747,0.25810868552575744,409.8137351051125,5.5734599998989625,5.564649999996618,8.527754999795429,0.6607585763439985,1.0284577162550117,2.04628397753175
End-to-End Benchmark,End-to-End (Previous Track State ROI),elliptical,PSF Fitting (Known PSF),15.0,30,30,1.0,0.23543121463359828,0.18576938895376716,0.16099356061230174,0.16124948880757425,0.23525600043734118,0.28521357503190187,0.46444696622922566,0.7997242994823442,0.06594205106185598,-0.045085021862705806,0.07988124494901842,138.6946258291765,5.825246666669652,5.544499999814434,7.585115000165385,0.21223902305258624,0.3715890184570352,1.8541854053714462
End-to-End Benchmark,End-to-End (Previous Track State ROI),elliptical,PSF Fitting (Known PSF),30.0,30,30,1.0,0.05258811941826772,0.04408064264016774,0.030467223090539355,0.03484353591431355,0.049796485737315065,0.060776327519838524,0.10691513005903772,0.11673352263260406,-0.010547520311775808,0.008406816373427736,0.013487948185838197,29.657118301916395,6.324256666569757,6.217799999831186,7.749839999632968,0.048773519595045556,0.07169384134107604,1.818628187071915
End-to-End Benchmark,End-to-End (Previous Track State ROI),nominal,Binary Centroid,5.0,30,30,1.0,2.8997260644336063,2.893870508497753,1.2704747162920709,2.313035102673249,2.161570231867191,3.165835948607102,4.761112419208132,5.7405431867243975,0.13768127334650443,-0.34309086011402506,0.36968563851480135,1542.349918681138,0.15220999994198792,0.15504999964832678,0.23576499975206383,2.7065123237650757,3.5558512481737377,1.9113207114268191
End-to-End Benchmark,End-to-End (Previous Track State ROI),nominal,Binary Centroid,15.0,30,30,1.0,1.1921650006984044,1.0748503658727657,0.6263927843034433,0.9900845258703345,0.91288440711284,1.3467090662491459,2.3138053460462253,2.432471295241424,-0.1652668923413368,0.00035068066285740923,0.1652672643964627,646.275886643131,0.16374666665797122,0.16280000045298948,0.2391199999237869,1.12252803789506,1.585281229139051,1.7410343560151291
End-to-End Benchmark,End-to-End (Previous Track State ROI),nominal,Binary Centroid,30.0,30,30,1.0,0.19412710841168304,0.16581136488528275,0.12590106576611448,0.19536149562238034,0.12397700839071524,0.2313793693943451,0.4510646305659042,0.48832406771361203,-0.019966398793891928,0.025141120896531297,0.03210503139276975,113.95179720474854,0.14951666668518251,0.1504499996372033,0.2210000001014123,0.17244283069618396,0.27544265607737656,2.0246395450615586
End-to-End Benchmark,End-to-End (Previous Track State ROI),nominal,Bounding Box Center,5.0,30,30,1.0,2.4376121905297703,2.1345335367989158,1.412305895260461,2.006770136177424,1.977229059505559,2.8171902905566735,4.9605764461142945,7.159662821400477,0.26595699007493373,-0.2853483754670094,0.3900728341622623,1361.8660177770362,0.308733333319348,0.3046500000891683,0.3957550002269272,2.2093709376711224,3.4562071878819407,1.9113207114268191
End-to-End Benchmark,End-to-End (Previous Track State ROI),nominal,Bounding Box Center,15.0,30,30,1.0,3.1963284535572614,2.6819305581852473,1.9244172060576994,2.9530653841613628,2.280197799064497,3.730937840006273,6.80407574222203,7.203598827973958,0.010868495293333542,-0.23072355615813175,0.23097940071832335,1760.0797981237001,0.2980066667078063,0.29744999983449816,0.3723950003404752,2.9728791287542147,4.428290817563925,1.7410343560151291
End-to-End Benchmark,End-to-End (Previous Track State ROI),nominal,Bounding Box Center,30.0,30,30,1.0,2.140014494982473,1.1064654845550133,2.008409045604228,2.2268059555972006,1.9117280584112408,2.9348541587615515,5.419834215956374,6.859034764727373,-0.13869331650383857,0.17653228151941297,0.22449829055314255,1454.1377133880824,0.2854700001080346,0.2813499995681923,0.3678900000522844,2.131119931328704,3.585774640693801,2.0246395450615586
End-to-End Benchmark,End-to-End (Previous Track State ROI),nominal,Gaussian Fitting,5.0,30,30,1.0,0.718655292980969,0.6852406708389748,0.40445690026272757,0.5971155123980412,0.568774014133312,0.8246519352428007,1.33378042732477,2.0107591673722522,-0.05438720953326784,-0.04949275997587961,0.07353571819765964,404.48989451341515,10.139883333461816,8.90690000005634,16.708865000100552,0.6676224363778778,1.0052691005423655,1.9113207114268191
End-to-End Benchmark,End-to-End (Previous Track State ROI),nominal,Gaussian Fitting,15.0,30,30,1.0,0.18344490945647324,0.1695496023566207,0.08684351796253909,0.12773860836290188,0.15772342676696022,0.20296263552093396,0.3380366678098027,0.34704168531005186,0.0006272243451415231,-0.027402404101836926,0.027409581553528094,98.97196618308028,5.717210000026777,5.530550000003132,7.9676500001824015,0.1708090234096157,0.23388747583149366,1.7410343560151291
End-to-End Benchmark,End-to-End (Previous Track State ROI),nominal,Gaussian Fitting,30.0,30,30,1.0,0.029420060530605883,0.027138851755717175,0.015153777873814146,0.021584860887408297,0.025085269102496092,0.03309345774429462,0.05693588622779441,0.06509132580782628,0.005708407584873498,-0.0033520990086496265,0.006619855354826954,16.132666553725425,5.152273333290698,5.114349999530532,6.602864999922529,0.027309222760555616,0.03885473025141982,2.0246395450615586
End-to-End Benchmark,End-to-End (Previous Track State ROI),nominal,Intensity-Weighted Centroid,5.0,30,30,1.0,1.6536686985216087,1.587809913402146,0.9958419650183316,1.5106982545441985,1.2017121816303744,1.9303681990132664,3.478734473122011,4.036225266842661,-0.01104405498198749,-0.35187687250560107,0.352050144943541,929.2681581539318,0.2734966666442536,0.27060000002165907,0.3796550003244192,1.5765284028615751,2.2974613940794537,1.9113207114268191
End-to-End Benchmark,End-to-End (Previous Track State ROI),nominal,Intensity-Weighted Centroid,15.0,30,30,1.0,1.3566906576896292,1.3054723841444065,0.7913267348101741,1.2017226098236868,1.0112716306345186,1.5706073799290678,2.6780222834676333,3.281595697547477,-0.4592456510071675,0.15300176966060994,0.48406209259585226,752.2210732081805,0.293000000056054,0.29184999993958627,0.40158499991775887,1.2500831472094764,1.8646777482847074,1.7410343560151291
End-to-End Benchmark,End-to-End (Previous Track State ROI),nominal,Intensity-Weighted Centroid,30.0,30,30,1.0,0.6213980581150852,0.5037703112316716,0.34825554473956394,0.508542882006578,0.4988001686361913,0.7123324161310148,1.1352126782271639,1.828653167488721,0.13497573653567846,0.1265411241941801,0.18501650079297197,346.6271061608303,0.27703000002172,0.2663999998731015,0.37828000013178087,0.5590279321516207,0.8749704066171665,2.0246395450615586
End-to-End Benchmark,End-to-End (Previous Track State ROI),nominal,PSF Fitting (Estimated Width),5.0,30,30,1.0,0.718655292980969,0.6852406708389748,0.40445690026272757,0.5971155123980412,0.568774014133312,0.8246519352428007,1.33378042732477,2.0107591673722522,-0.05438720953326784,-0.04949275997587961,0.07353571819765964,404.48989451341515,9.322696666761962,8.19660000024669,17.799635000073977,0.6676224363778778,1.0052691005423655,1.9113207114268191
End-to-End Benchmark,End-to-End (Previous Track State ROI),nominal,PSF Fitting (Estimated Width),15.0,30,30,1.0,0.18344490945647324,0.1695496023566207,0.08684351796253909,0.12773860836290188,0.15772342676696022,0.20296263552093396,0.3380366678098027,0.34704168531005186,0.0006272243451415231,-0.027402404101836926,0.027409581553528094,98.97196618308028,4.6900833335409216,4.3475000006765185,6.6436750001230385,0.1708090234096157,0.23388747583149366,1.7410343560151291
End-to-End Benchmark,End-to-End (Previous Track State ROI),nominal,PSF Fitting (Estimated Width),30.0,30,30,1.0,0.029420060530605883,0.027138851755717175,0.015153777873814146,0.021584860887408297,0.025085269102496092,0.03309345774429462,0.05693588622779441,0.06509132580782628,0.005708407584873498,-0.0033520990086496265,0.006619855354826954,16.132666553725425,4.1378466666477225,4.075100000591192,5.5499099999451555,0.027309222760555616,0.03885473025141982,2.0246395450615586
End-to-End Benchmark,End-to-End (Previous Track State ROI),nominal,PSF Fitting (Known PSF),5.0,30,30,1.0,0.6092733163279268,0.5038542482699444,0.3363856674304952,0.5080265878039708,0.4756871632976278,0.69596644404877,1.2306752999558535,1.437175947844203,-0.0169085549692511,-0.03562230143651656,0.0394315557743064,341.6063942845657,4.819423333447048,4.573100000015984,8.054820000461403,0.5744037118818813,0.8192634118774099,1.9113207114268191
End-to-End Benchmark,End-to-End (Previous Track State ROI),nominal,PSF Fitting (Known PSF),15.0,30,30,1.0,0.1870394725008075,0.17018267505531862,0.08409723108631931,0.13178146934718013,0.15712973266210423,0.2050758604754985,0.32431511542358094,0.3483140126739921,0.0020637245172972977,-0.025869199545403867,0.025951386167278573,100.0501376030426,3.501796666720717,3.3797999999478634,4.80749000034848,0.17383317094448553,0.23398406705536864,1.7410343560151291
End-to-End Benchmark,End-to-End (Previous Track State ROI),nominal,PSF Fitting (Known PSF),30.0,30,30,1.0,0.029279384793404046,0.026033308262089924,0.01507134361916874,0.021484405391107693,0.024956924837764394,0.032930650955717206,0.05644028214800855,0.0649452999626735,0.005648732237404867,-0.003243213701263888,0.006513571293995545,16.04683366707113,3.1834833333959978,3.0985500002316257,3.987415000347027,0.027246045900001133,0.038683635041429854,2.0246395450615586
End-to-End Benchmark,End-to-End (Previous Track State ROI),turbulence,Binary Centroid,5.0,30,30,1.0,2.5262703364747896,2.316876428019718,1.611427928080636,1.846404078959078,2.35998596554174,2.9964548687324997,5.36053101192027,6.729392843590745,0.013999119031975244,0.4746920607048736,0.47489843948986693,1472.512359069817,0.16933000006247312,0.1689000000624219,0.24550499997531003,2.4113082494328233,3.657748651388829,2.1386588889295854
End-to-End Benchmark,End-to-End (Previous Track State ROI),turbulence,Binary Centroid,15.0,30,30,1.0,0.9289804894542422,0.8261908677951841,0.5471257862908977,0.7914206317036689,0.7321234592094708,1.0781240076220715,1.8151669867946663,2.5912444900042764,-0.03156814594413599,0.02458024984066943,0.040009205447996576,522.8594734746351,0.14975333339558952,0.15435000022989698,0.19549999974515228,0.8656740879823276,1.3385677038335948,1.9393635671987655
End-to-End Benchmark,End-to-End (Previous Track State ROI),turbulence,Binary Centroid,30.0,30,30,1.0,0.23935853452141548,0.22379604438580536,0.127741545667382,0.1837740700001879,0.19959334090419337,0.27131238552217163,0.49113952795199173,0.5878295231597505,0.02570349934917999,-0.09213782206211457,0.09565588394418392,132.11314755442197,0.14006999999764957,0.14839999994364916,0.20422500056156415,0.21742860104487377,0.32028989308067574,2.3359640973830564
End-to-End Benchmark,End-to-End (Previous Track State ROI),turbulence,Bounding Box Center,5.0,30,30,1.0,2.7426762322625424,2.795518830883511,1.7053358156106178,2.3283436500892116,2.2381373966116196,3.2296196616663995,5.365553577766947,8.030890238738415,0.052595939937106095,-0.08355581308247224,0.09873148838005387,1572.5650662464536,0.3119433333267807,0.3050000000257569,0.4011999998056126,2.5543859347296416,3.963493755110277,2.1386588889295854
End-to-End Benchmark,End-to-End (Previous Track State ROI),turbulence,Bounding Box Center,15.0,30,30,1.0,3.2944385616525067,2.944348580064509,1.8651581373524302,2.4407852479833676,2.893908721273323,3.7857813346566953,6.166107750614943,9.479947210767833,0.06741599610923478,0.05457406074861145,0.08673663953597402,1853.2545426409124,0.28752333328156965,0.28575000033015385,0.3385550000075454,3.002770028266146,4.64443941663263,1.9393635671987655
End-to-End Benchmark,End-to-End (Previous Track State ROI),turbulence,Bounding Box Center,30.0,30,30,1.0,2.135461768366356,1.1923340279925938,2.0277909025117804,2.3028217424011475,1.8355230674629104,2.9448485374402376,5.695058411191036,7.667613404125389,0.3234439296936747,-0.25454514994531224,0.41159349972560094,1420.6140522409485,0.2987466665823983,0.2908999999817752,0.3871500004606787,2.097745859713329,3.71517672173553,2.3359640973830564
End-to-End Benchmark,End-to-End (Previous Track State ROI),turbulence,Gaussian Fitting,5.0,30,30,1.0,0.6715520787866033,0.5969524102074715,0.28891356389104106,0.4930636873798497,0.5397605414535382,0.7310630902479147,1.1764471937422711,1.2144915566124068,0.05392107916881817,0.27061839466264154,0.2759380334577225,359.15958968241944,9.34423999997307,8.366150000256312,15.435910000041977,0.63334805089993,0.838534579275419,2.1386588889295854
End-to-End Benchmark,End-to-End (Previous Track State ROI),turbulence,Gaussian Fitting,15.0,30,30,1.0,0.28391688933582365,0.27942614493405865,0.10893961472873769,0.10816762513078138,0.2842119008432668,0.3040997200054222,0.4690271877880281,0.5112940269085119,0.024750090943956592,0.25331412637071743,0.2545203599335305,149.8752492849895,5.924250000043685,5.828299999848241,7.210580000355548,0.2646872609751625,0.3434685424565836,1.9393635671987655
End-to-End Benchmark,End-to-End (Previous Track State ROI),turbulence,Gaussian Fitting,30.0,30,30,1.0,0.15975800335298232,0.157967402356725,0.02456727834638682,0.026411443124604878,0.15946349573728816,0.1616359205148421,0.20094473420761597,0.20812250268741406,-0.003142001811013036,0.1575784956232089,0.15760981713793742,79.63483867926746,5.853190000076817,5.685500000254251,7.802509999737593,0.15246713555074265,0.1710001870127685,2.3359640973830564
End-to-End Benchmark,End-to-End (Previous Track State ROI),turbulence,Intensity-Weighted Centroid,5.0,30,30,1.0,1.7524362978271426,1.3560936450350942,0.9187347356250923,1.227873659305205,1.5515903999350649,1.9786628041144885,3.2138813038309655,3.3050835910911807,0.19744009674755414,0.3191552718030967,0.3752901268663913,962.8215787664087,0.2655899999808753,0.2593499998511106,0.3402549999464099,1.654752997319606,2.2886342881433124,2.1386588889295854
End-to-End Benchmark,End-to-End (Previous Track State ROI),turbulence,Intensity-Weighted Centroid,15.0,30,30,1.0,1.3061351185368069,1.2348119141428908,0.6968655387278928,1.263030517311455,0.7722463591896256,1.4804089053169311,2.5820607983671584,2.9003779387203728,0.031188108966444854,0.031319373486588614,0.04419956217537983,716.965026083077,0.2778500000204076,0.2702500000850705,0.39425499971912353,1.2072503524562452,1.7391226154153274,1.9393635671987655
End-to-End Benchmark,End-to-End (Previous Track State ROI),turbulence,Intensity-Weighted Centroid,30.0,30,30,1.0,0.6473629100780997,0.7102627937287596,0.31386918259666824,0.5047462250566932,0.5126634855533445,0.7194390878515612,1.0536870886862353,1.550324508051022,0.09007251327728057,0.011967749008400119,0.09086409997580973,349.1061086347572,0.257903333416228,0.25844999981927685,0.3213200001482619,0.6130055597628559,0.8232720346447931,2.3359640973830564
End-to-End Benchmark,End-to-End (Previous Track State ROI),turbulence,PSF Fitting (Estimated Width),5.0,30,30,1.0,0.6715520787866033,0.5969524102074715,0.28891356389104106,0.4930636873798497,0.5397605414535382,0.7310630902479147,1.1764471937422711,1.2144915566124068,0.05392107916881817,0.27061839466264154,0.2759380334577225,359.15958968241944,8.004916666808034,7.378500000413624,13.904195000486643,0.63334805089993,0.838534579275419,2.1386588889295854
End-to-End Benchmark,End-to-End (Previous Track State ROI),turbulence,PSF Fitting (Estimated Width),15.0,30,30,1.0,0.28391688933582365,0.27942614493405865,0.10893961472873769,0.10816762513078138,0.2842119008432668,0.3040997200054222,0.4690271877880281,0.5112940269085119,0.024750090943956592,0.25331412637071743,0.2545203599335305,149.8752492849895,4.6079633334557,4.44450000031793,6.151845000204047,0.2646872609751625,0.3434685424565836,1.9393635671987655
End-to-End Benchmark,End-to-End (Previous Track State ROI),turbulence,PSF Fitting (Estimated Width),30.0,30,30,1.0,0.15975800335298232,0.157967402356725,0.02456727834638682,0.026411443124604878,0.15946349573728816,0.1616359205148421,0.20094473420761597,0.20812250268741406,-0.003142001811013036,0.1575784956232089,0.15760981713793742,79.63483867926746,4.708663333409883,4.569849999825237,6.304205000151341,0.15246713555074265,0.1710001870127685,2.3359640973830564
End-to-End Benchmark,End-to-End (Previous Track State ROI),turbulence,PSF Fitting (Known PSF),5.0,30,30,1.0,0.6114514415086328,0.5789965075214105,0.2571371139251055,0.4656110298220115,0.47243912791893494,0.6633191996925144,1.120469545197753,1.2516124608394852,0.04071537511067997,0.24993181210386695,0.2532264845388926,325.1681644024539,4.181639999903079,3.793100000166305,5.523654999979044,0.5627358963973831,0.7652702538036825,2.1386588889295854
End-to-End Benchmark,End-to-End (Previous Track State ROI),turbulence,PSF Fitting (Known PSF),15.0,30,30,1.0,0.2947366997517307,0.2979072715627318,0.11122963960832197,0.10749223495093464,0.29612020250768456,0.3150265939693649,0.48073644206890315,0.5024275940669611,0.024662281819738043,0.26769494311250713,0.2688285898347953,155.31235606937548,3.498900000067806,3.401349999876402,4.91126499969141,0.2746086675340158,0.3534136005620552,1.9393635671987655
End-to-End Benchmark,End-to-End (Previous Track State ROI),turbulence,PSF Fitting (Known PSF),30.0,30,30,1.0,0.19559089762059548,0.19275294392947487,0.024227261475904496,0.024998750681530204,0.19549378991419342,0.197085665208437,0.23330845838467357,0.23801914139874505,-0.0035197677897504795,0.1940010513058534,0.1940329783131469,97.16686572510527,3.635103333484343,3.333500000735512,5.072934999952849,0.1880087311268752,0.20587174206142222,2.3359640973830564
End-to-End Benchmark,End-to-End (Previous Track State ROI),unknown_width,Binary Centroid,5.0,30,30,1.0,2.0293121084830146,1.769101927847046,1.1871959087108315,1.6966880914000932,1.6275107618067004,2.351072470022036,4.132829697194064,4.378179619456257,-0.3168742266969,-0.18100004893635838,0.3649250515650063,1147.1115606637366,0.15367333329171137,0.156699999479315,0.21438999970087025,1.8833567671417772,2.748668537980687,2.1578212884417525
End-to-End Benchmark,End-to-End (Previous Track State ROI),unknown_width,Binary Centroid,15.0,30,30,1.0,0.5378087117161562,0.46602798248568533,0.33934070092206936,0.4703183852008319,0.4280081053463296,0.6359169141484388,1.1474282098513204,1.3118756852998619,0.07008496240110465,-1.8408200381259122e-05,0.0700849648186121,308.13989405340584,0.16099666672744206,0.15799999982846202,0.23900500018498855,0.5006591202180956,0.7542021635371156,2.0935047711979045
End-to-End Benchmark,End-to-End (Previous Track State ROI),unknown_width,Binary Centroid,30.0,30,30,1.0,0.15017423443577418,0.11997887160820062,0.09313848824288147,0.1365878843754551,0.11211970621785247,0.17671185212243185,0.2942218210704164,0.42499838822726765,-0.012694136347892026,0.008101879388539146,0.015059267819031207,86.31819176811779,0.16784666668172576,0.15884999993431848,0.24840999963089408,0.13969596581617716,0.21656723207747333,1.9982784945575496
End-to-End Benchmark,End-to-End (Previous Track State ROI),unknown_width,Bounding Box Center,5.0,30,30,1.0,2.678860534007372,2.5385286076084816,1.283027293943738,2.0633383514316193,2.1366065723895677,2.97026140224507,5.0983135208902866,5.935240549923466,-0.13058432228502473,0.21285965380759062,0.24972284125751598,1448.6444336751345,0.3079799999795796,0.29434999987643096,0.4165900003044952,2.4961601752242855,3.4684951816591765,2.1578212884417525
End-to-End Benchmark,End-to-End (Previous Track State ROI),unknown_width,Bounding Box Center,15.0,30,30,1.0,2.7723515353942454,2.1037998697906612,1.7416136360329846,2.333994542453292,2.296000994951246,3.274011468064653,5.7442129772806405,6.985709239684236,0.16825963361906132,0.6935295695139634,0.7136487708220649,1585.5934847625088,0.3012833334044747,0.2860000004147878,0.3894050002145377,2.552066054985472,3.9004162162240448,2.0935047711979045
End-to-End Benchmark,End-to-End (Previous Track State ROI),unknown_width,Bounding Box Center,30.0,30,30,1.0,2.0285027134648392,1.098560634316561,1.8562198459735364,2.097757927736243,1.777578986076281,2.749613677431838,4.907838104725811,6.020142902988889,-0.7193071738328531,6.423264197981856e-06,0.7193071738615324,1327.9343991400738,0.3113666666043476,0.2990000002682791,0.3773400004320137,2.0986686712469216,3.305116628429852,1.9982784945575496
End-to-End Benchmark,End-to-End (Previous Track State ROI),unknown_width,Gaussian Fitting,5.0,30,30,1.0,0.6321063494893215,0.5482852248651171,0.36659677155524084,0.5501834678291709,0.4808843745713823,0.7307199394976449,1.2888267660687023,1.625206894298556,-0.16532675641963407,-0.06785105809687574,0.17870842865713588,353.5769145343083,7.198129999869707,7.210249999843654,9.969249999903694,0.5829035281452725,0.8635761221064356,2.1578212884417525
End-to-End Benchmark,End-to-End (Previous Track State ROI),unknown_width,Gaussian Fitting,15.0,30,30,1.0,0.16510899910698731,0.13706378764650884,0.1121060567711408,0.1378551826960299,0.14430765106095245,0.19957141466373732,0.374429333201306,0.49248027385485205,0.01983772973352321,-0.03550987578073072,0.04067538320585606,97.15915026241451,5.628716666675852,5.5090000005293405,7.446485000036771,0.1539610851691906,0.250094576279326,2.0935047711979045
End-to-End Benchmark,End-to-End (Previous Track State ROI),unknown_width,Gaussian Fitting,30.0,30,30,1.0,0.027395308229233698,0.026143402707562196,0.013187318665496443,0.021829291590842112,0.021163419270100483,0.03040408338628334,0.04762007128756152,0.06858516800001853,-0.0048316954917197565,-0.004813410366476963,0.006820132013444674,14.878334538847144,5.049303333332015,4.84569999980522,7.038109999803055,0.025393943145422797,0.03641609789311114,1.9982784945575496
End-to-End Benchmark,End-to-End (Previous Track State ROI),unknown_width,Intensity-Weighted Centroid,5.0,30,30,1.0,1.4998775979423165,1.4000062168674003,0.8155338119761933,1.181143011291121,1.2327324909175457,1.7072575105371874,2.895628118734504,4.202395191102794,0.266797491990701,-0.06845622103055007,0.2754399316190586,838.8010924888946,0.2757566666332423,0.27360000012777164,0.36301000009189005,1.3448553129166911,2.027747213464048,2.1578212884417525
End-to-End Benchmark,End-to-End (Previous Track State ROI),unknown_width,Intensity-Weighted Centroid,15.0,30,30,1.0,1.0853753782394135,1.1096662191238909,0.4905276186253132,0.7940192332151034,0.887800942558111,1.1910739088413327,1.869374062141763,2.006554449000342,-0.02276236504391136,-0.1343096628447455,0.13622485381112173,577.7340621376504,0.2735466667218134,0.2843500001290522,0.3691450001952034,1.0305729681962517,1.3445880882427892,2.0935047711979045
End-to-End Benchmark,End-to-End (Previous Track State ROI),unknown_width,Intensity-Weighted Centroid,30.0,30,30,1.0,0.33958851190979356,0.34711024657039535,0.15622976311335832,0.30139735391389977,0.22110570177465688,0.3738022154877684,0.603188081596094,0.6774431286391708,-0.10107071959359169,0.028828285441013197,0.10510166697362594,179.09582831555463,0.2874633332794474,0.27329999966241303,0.3887499996835684,0.3126390112196656,0.42538924397104466,1.9982784945575496
End-to-End Benchmark,End-to-End (Previous Track State ROI),unknown_width,PSF Fitting (Estimated Width),5.0,30,30,1.0,0.6321063494893215,0.5482852248651171,0.36659677155524084,0.5501834678291709,0.4808843745713823,0.7307199394976449,1.2888267660687023,1.625206894298556,-0.16532675641963407,-0.06785105809687574,0.17870842865713588,353.5769145343083,5.808060000102462,5.373900000449794,8.082150000018371,0.5829035281452725,0.8635761221064356,2.1578212884417525
End-to-End Benchmark,End-to-End (Previous Track State ROI),unknown_width,PSF Fitting (Estimated Width),15.0,30,30,1.0,0.16510899910698731,0.13706378764650884,0.1121060567711408,0.1378551826960299,0.14430765106095245,0.19957141466373732,0.374429333201306,0.49248027385485205,0.01983772973352321,-0.03550987578073072,0.04067538320585606,97.15915026241451,4.479779999898407,4.26484999979948,6.726210000260833,0.1539610851691906,0.250094576279326,2.0935047711979045
End-to-End Benchmark,End-to-End (Previous Track State ROI),unknown_width,PSF Fitting (Estimated Width),30.0,30,30,1.0,0.027395308229233698,0.026143402707562196,0.013187318665496443,0.021829291590842112,0.021163419270100483,0.03040408338628334,0.04762007128756152,0.06858516800001853,-0.0048316954917197565,-0.004813410366476963,0.006820132013444674,14.878334538847144,3.8305400000050818,3.780300000016723,4.363904999672741,0.025393943145422797,0.03641609789311114,1.9982784945575496
End-to-End Benchmark,End-to-End (Previous Track State ROI),unknown_width,PSF Fitting (Known PSF),5.0,30,30,1.0,0.7988064088369341,0.7122607715631465,0.4043991820090986,0.5799325791358287,0.6821353097923115,0.8953381356831547,1.586738123667869,1.6721057657504592,-0.09831065564684707,-0.0816549972782686,0.1277987620997441,434.43613155816377,5.331403333457274,5.0631000003704685,8.107319999817264,0.73904950802092,1.0281218055046066,2.1578212884417525
End-to-End Benchmark,End-to-End (Previous Track State ROI),unknown_width,PSF Fitting (Known PSF),15.0,30,30,1.0,0.2069182451911214,0.20212678694887332,0.12355691754972196,0.1578409128315331,0.18212006562669084,0.24100097939087678,0.34803773878592104,0.602300940482785,-0.002738399628727469,-0.037969060601638675,0.03806768177204287,117.30397821587636,5.564866666736634,5.364349999581464,7.64140500018584,0.1960264675453631,0.29476952444485705,2.0935047711979045
End-to-End Benchmark,End-to-End (Previous Track State ROI),unknown_width,PSF Fitting (Known PSF),30.0,30,30,1.0,0.03978514736238702,0.03622774677538057,0.0198698462993451,0.0304968713753923,0.03236679747703234,0.04447098765044969,0.06006689011037902,0.11124330368759387,-0.007522390303150436,-0.009327683011849785,0.011982989036233105,21.807962166549252,5.684189999919909,5.508050000116782,6.7319299994778685,0.03594784833627253,0.05489820330319216,1.9982784945575496
Estimator-Only Benchmark,Estimator-Only (Ground-Truth ROI),asymmetric,Binary Centroid,5.0,30,30,1.0,1.8987359138754356,1.855286213917026,0.8685285530159703,1.5150237139403298,1.4367473905467343,2.0879511292279807,3.8144241908065633,4.011474871966943,-0.0811596065254965,-0.27760300453661935,0.28922363295403736,1025.0691959781511,0.17239333340815696,0.17479999996794504,0.22551000042767555,1.7531910156789041,2.4419192017861544,0.7627693582327602
Estimator-Only Benchmark,Estimator-Only (Ground-Truth ROI),asymmetric,Binary Centroid,15.0,30,30,1.0,0.8503174554070697,0.7490381460334881,0.4953804710380788,0.604257049151547,0.7767335480114963,0.9840942973393672,1.672394297689379,2.4293572798976197,0.24084883299247223,0.16735485810101333,0.2932845186569623,479.4115372185772,0.15003666664294238,0.15110000049389782,0.22484499968413726,0.769959661501841,1.2117148837272513,0.6958624548680133
Estimator-Only Benchmark,Estimator-Only (Ground-Truth ROI),asymmetric,Binary Centroid,30.0,30,30,1.0,0.45326778013281466,0.4469723090586153,0.14912607747477444,0.4127471017279703,0.2394370428833069,0.477169013547131,0.7542909276181585,0.7967570487845176,0.3766693457913088,0.18714106884887846,0.4205966900829739,231.55344435401204,0.17486666662686426,0.16785000025265617,0.2502199998616561,0.42156350688468014,0.5333885400824593,0.7768430688658812
Estimator-Only Benchmark,Estimator-Only (Ground-Truth ROI),asymmetric,Bounding Box Center,5.0,30,30,1.0,1.5723963053828232,1.3101467717253144,1.021091251896029,1.4067428388277208,1.2394079519218346,1.8748486567934364,3.337774851743718,4.4997551145221895,-0.23818757143290745,-0.2647957158455796,0.3561602031604308,922.0570913135879,0.3161433333843888,0.3081499999098014,0.39609499963262346,1.4375096280524253,2.3159320821555855,0.7627693582327602
Estimator-Only Benchmark,Estimator-Only (Ground-Truth ROI),asymmetric,Bounding Box Center,15.0,30,30,1.0,3.1622049396705068,3.3339489617838955,1.9438709222666837,2.268989726356549,2.9376623128942017,3.7118963135990852,6.264950410803504,6.668065721523824,-0.012576191056356833,0.37503162432975046,0.3752424280766996,1800.9625615920475,0.293973333282338,0.2930999999080086,0.38992000013422495,3.0620998605219203,4.344707665747198,0.6958624548680133
Estimator-Only Benchmark,Estimator-Only (Ground-Truth ROI),asymmetric,Bounding Box Center,30.0,30,30,1.0,1.639248659269532,0.7805758238090705,1.9173245351146941,1.6233768923410898,1.9307814493833118,2.5225521877395787,5.937170502864021,7.321984983406299,0.26299010724433175,0.6057261139046413,0.6603543908950735,1246.0024235760918,0.31296999998933944,0.30504999949698686,0.4073449999850707,1.5774371172376558,3.534002387617504,0.7768430688658812
Estimator-Only Benchmark,Estimator-Only (Ground-Truth ROI),asymmetric,Gaussian Fitting,5.0,30,30,1.0,0.5943363162431282,0.5965311781709548,0.27818113885770485,0.4918520230006816,0.4343984234452956,0.6562167346400285,1.0378022472556203,1.1858370797991593,0.21579857368710312,-0.026063561362560488,0.2173668181583565,316.7904897522743,6.840396666636177,6.455999999616324,9.141950000230278,0.5613406874054109,0.7473313492811915,0.7627693582327602
Estimator-Only Benchmark,Estimator-Only (Ground-Truth ROI),asymmetric,Gaussian Fitting,15.0,30,30,1.0,0.36582764801888573,0.35542134683957105,0.10489545074750958,0.3448949440342446,0.16087386743087978,0.38056921005587546,0.5543895152609921,0.5960386740271583,0.3257598216558108,0.12723412415782037,0.3497255835014552,182.78586566321476,4.49305333340817,4.437549999693147,5.796409999720709,0.3407464947354987,0.4196243935223384,0.6958624548680133
Estimator-Only Benchmark,Estimator-Only (Ground-Truth ROI),asymmetric,Gaussian Fitting,30.0,30,30,1.0,0.3418201587764555,0.3438937882732097,0.02196015325938013,0.32498329759258987,0.10820871297165909,0.3425248447589411,0.3725960674101022,0.38203531408405367,0.32417002227637115,0.10722353599078739,0.3414426599196864,163.95687302012055,4.310930000065127,4.100000000107684,5.467580000049566,0.3333483962485564,0.34932842877613773,0.7768430688658812
Estimator-Only Benchmark,Estimator-Only (Ground-Truth ROI),asymmetric,Intensity-Weighted Centroid,5.0,30,30,1.0,0.7374317073026329,0.7277802692234896,0.34462952010043646,0.5071711181003685,0.6366729820125518,0.8139871184852577,1.3522570488863113,1.5110362708520904,0.13710856192853574,0.02403766605043245,0.13919973830170526,396.53695963738863,0.2964933332805231,0.2905999999711639,0.3853499999877385,0.6806436851739585,0.9330852311104693,0.7627693582327602
Estimator-Only Benchmark,Estimator-Only (Ground-Truth ROI),asymmetric,Intensity-Weighted Centroid,15.0,30,30,1.0,0.450214540315267,0.43537390938242,0.20495735428726217,0.28805338559299987,0.40215158390354744,0.49467226462347924,0.7770214155790685,0.9962645380861362,0.08648596879376196,-0.09619268520213212,0.1293555390564782,242.75697737582576,0.28406666666948394,0.27580000005400507,0.36370999987411773,0.4124344227116539,0.5758936830257104,0.6958624548680133
Estimator-Only Benchmark,Estimator-Only (Ground-Truth ROI),asymmetric,Intensity-Weighted Centroid,30.0,30,30,1.0,0.33752339607067455,0.3244478717838297,0.13972414609503983,0.3242475926520682,0.1682509392437615,0.3653010811605537,0.5559259926664684,0.5826789858068429,0.2816491718616277,0.07944105933490751,0.2926382372804227,176.03659208650086,0.33157666666738805,0.30395000021599117,0.5136549999406269,0.32156468478090516,0.4089253532144994,0.7768430688658812
Estimator-Only Benchmark,Estimator-Only (Ground-Truth ROI),asymmetric,PSF Fitting (Estimated Width),5.0,30,30,1.0,0.5943363162431282,0.5965311781709548,0.27818113885770485,0.4918520230006816,0.4343984234452956,0.6562167346400285,1.0378022472556203,1.1858370797991593,0.21579857368710312,-0.026063561362560488,0.2173668181583565,316.7904897522743,5.526333333333848,5.086549999759882,7.323784999971394,0.5613406874054109,0.7473313492811915,0.7627693582327602
Estimator-Only Benchmark,Estimator-Only (Ground-Truth ROI),asymmetric,PSF Fitting (Estimated Width),15.0,30,30,1.0,0.36582764801888573,0.35542134683957105,0.10489545074750958,0.3448949440342446,0.16087386743087978,0.38056921005587546,0.5543895152609921,0.5960386740271583,0.3257598216558108,0.12723412415782037,0.3497255835014552,182.78586566321476,3.520086666685529,3.3333999999740627,4.861380000193093,0.3407464947354987,0.4196243935223384,0.6958624548680133
Estimator-Only Benchmark,Estimator-Only (Ground-Truth ROI),asymmetric,PSF Fitting (Estimated Width),30.0,30,30,1.0,0.3418201587764555,0.3438937882732097,0.02196015325938013,0.32498329759258987,0.10820871297165909,0.3425248447589411,0.3725960674101022,0.38203531408405367,0.32417002227637115,0.10722353599078739,0.3414426599196864,163.95687302012055,3.2330966666449967,2.9933999999229854,4.287839999778952,0.3333483962485564,0.34932842877613773,0.7768430688658812
Estimator-Only Benchmark,Estimator-Only (Ground-Truth ROI),asymmetric,PSF Fitting (Known PSF),5.0,30,30,1.0,0.5845248248075454,0.5572389918418454,0.25069486931761586,0.4896893506124745,0.40585900041172107,0.6360166572649403,1.039531540340697,1.0785093911733141,0.21163742374169298,-0.02224295829696909,0.21280307404222715,307.4384447984725,3.5025333333275435,3.3444999994571845,4.492245000483307,0.5501417620108763,0.716354523634728,0.7627693582327602
Estimator-Only Benchmark,Estimator-Only (Ground-Truth ROI),asymmetric,PSF Fitting (Known PSF),15.0,30,30,1.0,0.36660527337193094,0.36106281406224183,0.10355257903496515,0.3461414148291611,0.15908703287498785,0.38094955451988766,0.5546031877022227,0.5924187423407152,0.32704050518336014,0.1268799735070142,0.3507905638806837,182.90518179064424,2.738880000106292,2.6307500002076267,3.4426799999437208,0.34212582277849907,0.41818536005417517,0.6958624548680133
Estimator-Only Benchmark,Estimator-Only (Ground-Truth ROI),asymmetric,PSF Fitting (Known PSF),30.0,30,30,1.0,0.3404812472262085,0.342523505595543,0.021745992654409078,0.32370500337679153,0.10777494466744786,0.34117498136475377,0.37037528288062727,0.381593029118844,0.3229033140696553,0.1067862737771757,0.3401027175786462,163.30503517819275,2.8528633333735343,2.7032000002691348,3.648680000333115,0.33217836132274675,0.34799298819155994,0.7768430688658812
Estimator-Only Benchmark,Estimator-Only (Ground-Truth ROI),defocused,Binary Centroid,5.0,30,30,1.0,1.8633543255611575,1.7463048740016764,0.9513907046065762,1.2062014405191508,1.7094770253761238,2.0921839344090363,3.7277812884782167,3.8903469863614206,0.24388395424756862,0.35197583752759365,0.4282129999692689,1012.5923083484656,0.16738666666545518,0.16319999986080802,0.23334499965130814,1.7090569933231379,2.421240151656406,0.7694624999808978
Estimator-Only Benchmark,Estimator-Only (Ground-Truth ROI),defocused,Binary Centroid,15.0,30,30,1.0,0.5785632067512122,0.552315350689994,0.2509515211595732,0.4288709052099651,0.4623654364709098,0.6306441549547176,1.0099099009984858,1.1858356677761666,-0.0941437699474856,-0.016830769679098505,0.095636416850047,304.7775556833477,0.17211666657506916,0.16560000040044542,0.22058999961700465,0.5324292882978747,0.7313004241521153,0.7875917143601873
Estimator-Only Benchmark,Estimator-Only (Ground-Truth ROI),defocused,Binary Centroid,30.0,30,30,1.0,0.15313006954756597,0.1268298034841029,0.08576873451411107,0.10647330768273978,0.13952966985874754,0.17551380008362436,0.3052313865038545,0.3417260434438949,-0.0006434754799878799,0.0200464718390748,0.02005679670057421,85.58766023793682,0.17232333336020625,0.15854999992370722,0.23633499995412421,0.14019631495047877,0.21114556629795267,0.7194022539687404
Estimator-Only Benchmark,Estimator-Only (Ground-Truth ROI),defocused,Bounding Box Center,5.0,30,30,1.0,2.304577248004916,1.8416762426777171,1.5285047057936172,1.6118996051835093,2.24703862682963,2.7653938105910236,5.263518414543967,6.171047999548467,0.09579684205427838,0.5828632855759461,0.5906832015725174,1332.7024273922061,0.30728666664193344,0.3050000000257569,0.37732499972662475,2.1550652371303096,3.4090949670297146,0.7694624999808978
Estimator-Only Benchmark,Estimator-Only (Ground-Truth ROI),defocused,Bounding Box Center,15.0,30,30,1.0,2.5923872681701545,2.2171088030980175,1.566517898966647,1.7509092980645626,2.471591937578826,3.0289354690969557,5.301822026896719,5.774351137254304,0.35447819152432203,-0.2878895034384669,0.45665649503363137,1479.3399421601068,0.3290566667904689,0.3062000000682019,0.48080499996103754,2.477268453656871,3.5768804708217936,0.7875917143601873
Estimator-Only Benchmark,Estimator-Only (Ground-Truth ROI),defocused,Bounding Box Center,30.0,30,30,1.0,1.2631580454667717,0.4750640466818521,1.5124992423557106,1.4413354723305447,1.3437910038974508,1.9705893042321208,4.508217654039632,5.318684249339485,-0.1953521818894321,0.03479922911602671,0.19842747117279774,963.1207903353106,0.3087866666949897,0.295549999918876,0.4124199998386756,1.237886150399569,2.569217994243029,0.7194022539687404
Estimator-Only Benchmark,Estimator-Only (Ground-Truth ROI),defocused,Gaussian Fitting,5.0,30,30,1.0,0.6193199590113011,0.6936915431304114,0.3182337196698159,0.4875101459390297,0.4971556794115425,0.6962972870582267,1.0903991421405728,1.3477837917212112,0.07652404929095553,-0.04389511819285966,0.08821967762948191,334.51538171383356,7.374489999923147,6.437300000015966,11.496570000417705,0.5865927717549017,0.8001898668677082,0.7694624999808978
Estimator-Only Benchmark,Estimator-Only (Ground-Truth ROI),defocused,Gaussian Fitting,15.0,30,30,1.0,0.1707764668386672,0.1399235036628922,0.11163596940257321,0.15124286336101392,0.13694081777436679,0.20402742778937996,0.3828165749135764,0.4690068993530479,-0.0380987353685479,0.022561565298137035,0.044277961395989586,98.68336455586262,5.452169999959248,5.195649999677698,7.4330949999875875,0.15737661152934002,0.2487420488385011,0.7875917143601873
Estimator-Only Benchmark,Estimator-Only (Ground-Truth ROI),defocused,Gaussian Fitting,30.0,30,30,1.0,0.029302973758665196,0.02794020732365947,0.01542759397475355,0.023177171757721184,0.023653617826116254,0.03311608260273055,0.05472631741805729,0.05876175960139162,-0.004097503114721235,-0.004130388473282664,0.005818044406445908,15.940819397526603,4.981056666777779,4.772199999933946,6.2423300000318696,0.02733619875928397,0.03787774119296413,0.7194022539687404
Estimator-Only Benchmark,Estimator-Only (Ground-Truth ROI),defocused,Intensity-Weighted Centroid,5.0,30,30,1.0,0.6966379468727434,0.682113148925451,0.2913806455049215,0.5303704170506529,0.5375075165199577,0.7551205927518703,1.1761267524393442,1.2584834983442301,0.10342619631598779,-0.018709465407071472,0.10510481520944534,365.9007180547486,0.2825233333472473,0.2784499997687817,0.374975000431732,0.6561043084079436,0.8554145650470018,0.7694624999808978
Estimator-Only Benchmark,Estimator-Only (Ground-Truth ROI),defocused,Intensity-Weighted Centroid,15.0,30,30,1.0,0.34690632461801646,0.34533041256892194,0.1635047741448024,0.28932023179054017,0.2517371897531065,0.3835072479473151,0.6444511759704322,0.670503234850607,-0.0795478457366149,0.012524106681315554,0.08052771578469896,187.222456850851,0.2853866667768064,0.29114999961166177,0.3664300000764342,0.32347028067704525,0.4432416400429997,0.7875917143601873
Estimator-Only Benchmark,Estimator-Only (Ground-Truth ROI),defocused,Intensity-Weighted Centroid,30.0,30,30,1.0,0.12475219288269772,0.11538485019077155,0.07101779987935795,0.11132249008586918,0.0906307934966251,0.14355012200881737,0.25910022726610854,0.27068932026654813,-0.01500343490604621,-0.009976271269859656,0.01801746506670106,69.50560030236872,0.30741999995977193,0.3049499996450322,0.3954550001253665,0.1179882399068697,0.1717053707438432,0.7194022539687404
Estimator-Only Benchmark,Estimator-Only (Ground-Truth ROI),defocused,PSF Fitting (Estimated Width),5.0,30,30,1.0,0.6193199590113011,0.6936915431304114,0.3182337196698159,0.4875101459390297,0.4971556794115425,0.6962972870582267,1.0903991421405728,1.3477837917212112,0.07652404929095553,-0.04389511819285966,0.08821967762948191,334.51538171383356,6.030579999999948,5.127449999690725,10.400965000144424,0.5865927717549017,0.8001898668677082,0.7694624999808978
Estimator-Only Benchmark,Estimator-Only (Ground-Truth ROI),defocused,PSF Fitting (Estimated Width),15.0,30,30,1.0,0.1707764668386672,0.1399235036628922,0.11163596940257321,0.15124286336101392,0.13694081777436679,0.20402742778937996,0.3828165749135764,0.4690068993530479,-0.0380987353685479,0.022561565298137035,0.044277961395989586,98.68336455586262,4.193233333262469,3.817600000274979,6.033414999683371,0.15737661152934002,0.2487420488385011,0.7875917143601873
Estimator-Only Benchmark,Estimator-Only (Ground-Truth ROI),defocused,PSF Fitting (Estimated Width),30.0,30,30,1.0,0.029302973758665196,0.02794020732365947,0.01542759397475355,0.023177171757721184,0.023653617826116254,0.03311608260273055,0.05472631741805729,0.05876175960139162,-0.004097503114721235,-0.004130388473282664,0.005818044406445908,15.940819397526603,3.867099999964315,3.469650000170077,5.470980000200143,0.02733619875928397,0.03787774119296413,0.7194022539687404
Estimator-Only Benchmark,Estimator-Only (Ground-Truth ROI),defocused,PSF Fitting (Known PSF),5.0,30,30,1.0,0.7639365540302553,0.7375829153486446,0.33444438769160895,0.5562303918540246,0.6213371534199085,0.8339377117279422,1.187153145494604,1.9024779182456824,0.0009905581968297384,-0.16131147155893188,0.16131451286864862,403.54068432736085,5.141376666688302,4.89530000004379,7.829650000076067,0.7107524923605,0.9668637106221979,0.7694624999808978
Estimator-Only Benchmark,Estimator-Only (Ground-Truth ROI),defocused,PSF Fitting (Known PSF),15.0,30,30,1.0,0.239217320674734,0.21111230667269726,0.13664444325828545,0.19513371871407578,0.1944722659018022,0.2754934307459351,0.4487223235146992,0.459805704378989,-0.033897567320733894,0.0643520435805802,0.07273397131506419,133.93929402950565,5.352176666625989,5.146050000348623,7.485185000086857,0.22568272116898014,0.31860304063432326,0.7875917143601873
Estimator-Only Benchmark,Estimator-Only (Ground-Truth ROI),defocused,PSF Fitting (Known PSF),30.0,30,30,1.0,0.03718893737473321,0.03588620220563248,0.01811970910924374,0.03227657324411918,0.025875929758801885,0.04136835652120397,0.06942370190100741,0.07659253416279331,-0.00852428202996407,-0.009329438854071745,0.01263731828586397,19.841918599280447,5.837576666635869,5.221899999469315,8.787519999532377,0.03526562968433904,0.04782096847962057,0.7194022539687404
Estimator-Only Benchmark,Estimator-Only (Ground-Truth ROI),elliptical,Binary Centroid,5.0,30,30,1.0,2.2461898547597925,2.175514793128872,0.8784794730169807,1.8250910663511077,1.5767490756817921,2.4118654705721068,3.9751639203053863,4.312765667696041,-0.015079830744861055,-0.0025123901224105793,0.015287687837630744,1164.1717678281154,0.17660666671872605,0.17225000010512304,0.24979999989227505,2.0837715035547033,2.7193308982114197,0.7277498368049993
Estimator-Only Benchmark,Estimator-Only (Ground-Truth ROI),elliptical,Binary Centroid,15.0,30,30,1.0,0.8239151685221795,0.7827931286998775,0.4471813621749015,0.5981019967447009,0.7218596657852092,0.9374472655021892,1.635583463725594,2.1287758931243017,-0.09717352908842258,-0.03620197428954365,0.10369801202510726,456.33897931373633,0.16281666648865212,0.16169999980775174,0.23488499973609575,0.7513964681505513,1.1272066346536052,0.7475086795108641
Estimator-Only Benchmark,Estimator-Only (Ground-Truth ROI),elliptical,Binary Centroid,30.0,30,30,1.0,0.20055002765958233,0.18730493898203526,0.0961569069094874,0.16124419082687197,0.15318869170159516,0.22241057605397063,0.39536297465918335,0.44580396822422247,0.04852669060836471,-0.03985231902175599,0.06279368624958855,107.77728448638804,0.1714499999252439,0.17514999990453362,0.2809600000091449,0.18313757594300903,0.25890423703778437,0.7699758951637458
Estimator-Only Benchmark,Estimator-Only (Ground-Truth ROI),elliptical,Bounding Box Center,5.0,30,30,1.0,2.112249699699846,1.6600019871083211,1.426233192147653,1.5390490597579947,2.0315186201272697,2.5486741479180446,4.450650782081243,5.150646636911915,0.20152640480473943,-0.09689969977418969,0.2236122618503999,1236.4961761751433,0.31617333330965874,0.3180499998052255,0.3730050002559437,1.982515952851728,3.015922865734862,0.7277498368049993
Estimator-Only Benchmark,Estimator-Only (Ground-Truth ROI),elliptical,Bounding Box Center,15.0,30,30,1.0,2.4030497910705493,1.6539433898176974,1.6404993909309267,2.4197409174844813,1.615778587016276,2.9096196572763513,5.99421982065151,6.5714396921432545,-0.10386241579245734,0.031403111773769865,0.10850602215232652,1386.2345675941083,0.3029600000445498,0.29534999976021936,0.4044650002470007,2.1894231414284833,3.5288750001335405,0.7475086795108641
Estimator-Only Benchmark,Estimator-Only (Ground-Truth ROI),elliptical,Bounding Box Center,30.0,30,30,1.0,1.992258488674277,0.9209105277024714,1.9745067931236777,2.360059769840317,1.515878901682958,2.8049547165304225,5.440003149595132,5.76401321877312,0.7920901458778312,-0.10581918330776621,0.7991273357561275,1356.928541705475,0.33078333332620485,0.32610000016575214,0.44366500001160597,2.0755462940379332,3.433455237185399,0.7699758951637458
Estimator-Only Benchmark,Estimator-Only (Ground-Truth ROI),elliptical,Gaussian Fitting,5.0,30,30,1.0,0.8600874295367351,0.7274254820444372,0.47173836762914395,0.6128033250750019,0.7660023229191536,0.9809625242283814,1.6025070206172802,2.155107688403486,0.08780393948524458,-0.040540430633543185,0.09671121085521378,476.56090505160824,10.044479999911951,9.438150000278256,15.239149999888467,0.7920010939938975,1.1585300112104127,0.7277498368049993
Estimator-Only Benchmark,Estimator-Only (Ground-Truth ROI),elliptical,Gaussian Fitting,15.0,30,30,1.0,0.2377897233124381,0.23989009583336823,0.12374358681435757,0.1719448977674877,0.2056486808185662,0.26806049278229777,0.43767876124915284,0.557563112682367,0.04264758435917315,-0.048512743669325196,0.06459336459729004,131.3589709995141,6.852210000003349,6.678600000213919,8.564885000032518,0.2182385455995081,0.3122745114975198,0.7475086795108641
Estimator-Only Benchmark,Estimator-Only (Ground-Truth ROI),elliptical,Gaussian Fitting,30.0,30,30,1.0,0.053548654177523185,0.04561574135788,0.033014438048307275,0.03490114277527671,0.05233852994543542,0.06290796041733898,0.11259059181029187,0.14652164449563537,-0.00464811836525314,0.0029430317448969844,0.0055014943596149325,30.473889946453976,7.345859999986715,7.01519999984157,9.788204999904337,0.049356058800173935,0.0763215779754121,0.7699758951637458
Estimator-Only Benchmark,Estimator-Only (Ground-Truth ROI),elliptical,Intensity-Weighted Centroid,5.0,30,30,1.0,0.57806491028877,0.6220178199905124,0.32884302258255865,0.5471545735017003,0.3780458261964673,0.665053963230351,1.2187801816216512,1.5684940401468366,0.10129205105268965,0.026752424462716817,0.10476531783512164,322.66127506513743,0.2856766665900068,0.29334999999264255,0.3356349999194208,0.5226745360447042,0.7923274579847625,0.7277498368049993
Estimator-Only Benchmark,Estimator-Only (Ground-Truth ROI),elliptical,Intensity-Weighted Centroid,15.0,30,30,1.0,0.45573221071122333,0.38168103098108885,0.23756401621744652,0.36967801757317903,0.35702475124879834,0.5139343437454847,0.9131235634875364,0.9844372267252212,-0.023556748247055264,-0.027906860041557024,0.036520038682265846,249.8574756985394,0.2827433333247124,0.2843500001290522,0.38232000033531194,0.4145290732349515,0.6024385347747849,0.7475086795108641
Estimator-Only Benchmark,Estimator-Only (Ground-Truth ROI),elliptical,Intensity-Weighted Centroid,30.0,30,30,1.0,0.16771169365188518,0.15510051952134504,0.0901916134134462,0.15064252014260007,0.11648420683848364,0.19042515410970343,0.3354453747655836,0.3825860982821806,-0.044322569862609386,-0.0033119605163723993,0.044446139108902355,90.92710715296069,0.2957333334052237,0.29505000020435546,0.37115499985702627,0.15356505484852334,0.22254222521349445,0.7699758951637458
Estimator-Only Benchmark,Estimator-Only (Ground-Truth ROI),elliptical,PSF Fitting (Estimated Width),5.0,30,30,1.0,0.8600874295367351,0.7274254820444372,0.47173836762914395,0.6128033250750019,0.7660023229191536,0.9809625242283814,1.6025070206172802,2.155107688403486,0.08780393948524458,-0.040540430633543185,0.09671121085521378,476.56090505160824,8.223126666598546,7.34554999962711,13.84201500004564,0.7920010939938975,1.1585300112104127,0.7277498368049993
Estimator-Only Benchmark,Estimator-Only (Ground-Truth ROI),elliptical,PSF Fitting (Estimated Width),15.0,30,30,1.0,0.2377897233124381,0.23989009583336823,0.12374358681435757,0.1719448977674877,0.2056486808185662,0.26806049278229777,0.43767876124915284,0.557563112682367,0.04264758435917315,-0.048512743669325196,0.06459336459729004,131.3589709995141,5.6450199998532,5.508199999894714,7.08383999972284,0.2182385455995081,0.3122745114975198,0.7475086795108641
Estimator-Only Benchmark,Estimator-Only (Ground-Truth ROI),elliptical,PSF Fitting (Estimated Width),30.0,30,30,1.0,0.053548654177523185,0.04561574135788,0.033014438048307275,0.03490114277527671,0.05233852994543542,0.06290796041733898,0.11259059181029187,0.14652164449563537,-0.00464811836525314,0.0029430317448969844,0.0055014943596149325,30.473889946453976,5.943406666695712,5.520300000171119,8.062280000194733,0.049356058800173935,0.0763215779754121,0.7699758951637458
Estimator-Only Benchmark,Estimator-Only (Ground-Truth ROI),elliptical,PSF Fitting (Known PSF),5.0,30,30,1.0,0.6872991760683952,0.5644918971015125,0.43293339104395306,0.43030795432705604,0.6889459651873835,0.8122878052175296,1.5632558727911223,1.7614290896460993,0.11651233127111596,-0.13708100789668076,0.17990643697266676,396.11884773584575,5.952106666639641,5.334550000043237,10.251265000033523,0.6312811350719323,0.9965026467192071,0.7277498368049993
Estimator-Only Benchmark,Estimator-Only (Ground-Truth ROI),elliptical,PSF Fitting (Known PSF),15.0,30,30,1.0,0.25605377587197226,0.24604211257126685,0.14272630695173763,0.1808489405554614,0.23071193192885153,0.2931455864146275,0.4927494132601641,0.5499425795052484,0.03680303682635895,-0.02168807683058276,0.04271810150570357,143.43343165783142,5.456853333362233,5.360600000130944,7.2588000002724575,0.23612611405708378,0.3416870980566987,0.7475086795108641
Estimator-Only Benchmark,Estimator-Only (Ground-Truth ROI),elliptical,PSF Fitting (Known PSF),30.0,30,30,1.0,0.05511491275155742,0.04667602101474201,0.03408000211104587,0.03809430111367894,0.05242064835693122,0.06480046413028749,0.11567874522951098,0.16022287812229505,-0.00578268171395564,0.007084381651175893,0.00914482756449976,31.33047251740994,5.886553333342211,5.6048500000542845,8.638740000060352,0.04888061913308859,0.0800045669924798,0.7699758951637458
Estimator-Only Benchmark,Estimator-Only (Ground-Truth ROI),nominal,Binary Centroid,5.0,30,30,1.0,2.2060847466708378,1.8576452994401333,1.1790615520912193,1.922729438800559,1.6000336116104485,2.50139881928362,4.278926217448845,4.967228955998112,-0.3442588733563421,-0.03309672816512356,0.345846158428591,1194.6463015553388,0.18939333346376466,0.1625499999136082,0.3025649999017331,2.034841653649189,2.9047117612604887,0.7575545148664204
Estimator-Only Benchmark,Estimator-Only (Ground-Truth ROI),nominal,Binary Centroid,15.0,30,30,1.0,1.063127970108041,0.9488829266861012,0.494950989571118,0.7764992101653682,0.878786970497419,1.1726967054202342,1.8406956780948849,2.467153364589812,0.05929988974456061,-0.07341042479765084,0.09436931382970098,573.7970393710318,0.18118666663819263,0.17319999960818677,0.2790800003822368,0.9839782851510698,1.3836554483235717,0.7174631904963676
Estimator-Only Benchmark,Estimator-Only (Ground-Truth ROI),nominal,Binary Centroid,30.0,30,30,1.0,0.1959737224014316,0.15001451696160636,0.12537011966791592,0.16351616795504884,0.1654866447624013,0.23264429238092418,0.39347158754421807,0.6955445144755751,-0.03227210205850118,0.028808495030372683,0.043259888548045564,114.69360418763833,0.19090333338075047,0.1731500001369568,0.3067200000259617,0.16863020545458607,0.3057833290099716,0.7376160527678727
Estimator-Only Benchmark,Estimator-Only (Ground-Truth ROI),nominal,Bounding Box Center,5.0,30,30,1.0,1.8127022256757042,1.5302849359537514,1.2353265794850197,1.7246909707582962,1.3554933317197162,2.1936091531883726,4.298238930649489,5.637402191984599,-0.15226786175632204,0.384559999549676,0.41360838359188173,1054.2640156259072,0.36821000003328663,0.33259999963775044,0.6712400001561032,1.6177445790327332,2.8069894497155605,0.7575545148664204
Estimator-Only Benchmark,Estimator-Only (Ground-Truth ROI),nominal,Bounding Box Center,15.0,30,30,1.0,2.942512213318475,2.8169342713489645,1.4870787350269843,2.452468555015274,2.2034471349136444,3.296935135803835,5.69488390915661,6.603765306294938,0.3572741338247321,-0.23258549997651984,0.42631071004554916,1600.0139009178888,0.34768000008019345,0.30240000023695757,0.47636500007683935,2.705013401983907,3.854099503605751,0.7174631904963676
Estimator-Only Benchmark,Estimator-Only (Ground-Truth ROI),nominal,Bounding Box Center,30.0,30,30,1.0,2.1977862716581003,0.7040940629545157,2.070813573594689,2.041419257318361,2.2251158999752287,3.01969093658156,5.850702993658089,6.3069786183369105,-0.6104139522874751,0.9188398465859005,1.1031191489686039,1486.6182257243934,0.33367666674166685,0.3204999998160929,0.4777250000643106,2.270791720684119,3.697465715317923,0.7376160527678727
Estimator-Only Benchmark,Estimator-Only (Ground-Truth ROI),nominal,Gaussian Fitting,5.0,30,30,1.0,0.6487089418505302,0.5318138219911932,0.3422320844581052,0.4590440990311662,0.5720354936662926,0.7334480832815463,1.2580889409963738,1.274626213112463,0.11439685460885775,-0.0776118458092867,0.13823978788440264,357.0966642320891,9.169253333311644,9.254299999611248,12.521149999975016,0.5943642075086578,0.855732665711342,0.7575545148664204
Estimator-Only Benchmark,Estimator-Only (Ground-Truth ROI),nominal,Gaussian Fitting,15.0,30,30,1.0,0.1966369919095042,0.19418590453779733,0.083186776513803,0.1542130744002867,0.14766338089718611,0.21350912480260847,0.3264152484976969,0.4716789318721518,0.04935634059596718,0.016635930208414605,0.05208457094883627,104.02287856427526,5.976693333377625,6.100200000219047,7.933314999900174,0.1804980089866771,0.24890423887078375,0.7174631904963676
Estimator-Only Benchmark,Estimator-Only (Ground-Truth ROI),nominal,Gaussian Fitting,30.0,30,30,1.0,0.02768025865471146,0.026577702925770844,0.014386393232010821,0.022695391614662445,0.02140290234699223,0.031195593108927673,0.05564100175122426,0.057313853953232415,0.0006407950313956689,-0.002105002635180616,0.0022003759602346852,15.136130778380371,5.152116666643754,5.132450000019162,6.548755000085293,0.025724921838508656,0.03649081124185896,0.7376160527678727
Estimator-Only Benchmark,Estimator-Only (Ground-Truth ROI),nominal,Intensity-Weighted Centroid,5.0,30,30,1.0,0.6575944583410415,0.6163186355053558,0.2950848745419407,0.4968615954106283,0.5221437635654436,0.7207673375120994,1.1105742976623343,1.3177748131939027,-0.0819446384022361,0.030304173332222226,0.08736856805638167,346.9459587841757,0.3198500001417415,0.282599999991362,0.4391399998894485,0.6187659177085226,0.8147321522494221,0.7575545148664204
Estimator-Only Benchmark,Estimator-Only (Ground-Truth ROI),nominal,Intensity-Weighted Centroid,15.0,30,30,1.0,0.5457506088370859,0.5266897974314237,0.30176497288783405,0.36784567464022405,0.5035825508856752,0.6236231441407906,0.9545497116701852,1.3573372923055633,0.03907608619433821,-0.16845595507703023,0.1729287405643775,303.25372698562154,0.30085999993995455,0.28350000002319575,0.44506500012175804,0.5191861168543048,0.7312835801427743,0.7174631904963676
Estimator-Only Benchmark,Estimator-Only (Ground-Truth ROI),nominal,Intensity-Weighted Centroid,30.0,30,30,1.0,0.19891559249904464,0.1868763732162687,0.11289279758367088,0.13472746833205296,0.18482615064527358,0.22871859715710413,0.3852358036695937,0.4849059365312474,-0.008600686992017851,-0.03702264558478987,0.038008526712194804,111.46622973179102,0.29797333327223896,0.2955999998448533,0.4162650002399459,0.1890039899208734,0.27098437349809257,0.7376160527678727
Estimator-Only Benchmark,Estimator-Only (Ground-Truth ROI),nominal,PSF Fitting (Estimated Width),5.0,30,30,1.0,0.6487089418505302,0.5318138219911932,0.3422320844581052,0.4590440990311662,0.5720354936662926,0.7334480832815463,1.2580889409963738,1.274626213112463,0.11439685460885775,-0.0776118458092867,0.13823978788440264,357.0966642320891,7.883880000069136,8.002449999821692,11.22221500022533,0.5943642075086578,0.855732665711342,0.7575545148664204
Estimator-Only Benchmark,Estimator-Only (Ground-Truth ROI),nominal,PSF Fitting (Estimated Width),15.0,30,30,1.0,0.1966369919095042,0.19418590453779733,0.083186776513803,0.1542130744002867,0.14766338089718611,0.21350912480260847,0.3264152484976969,0.4716789318721518,0.04935634059596718,0.016635930208414605,0.05208457094883627,104.02287856427526,4.7266900000067835,4.719900000054622,6.523595000362545,0.1804980089866771,0.24890423887078375,0.7174631904963676
Estimator-Only Benchmark,Estimator-Only (Ground-Truth ROI),nominal,PSF Fitting (Estimated Width),30.0,30,30,1.0,0.02768025865471146,0.026577702925770844,0.014386393232010821,0.022695391614662445,0.02140290234699223,0.031195593108927673,0.05564100175122426,0.057313853953232415,0.0006407950313956689,-0.002105002635180616,0.0022003759602346852,15.136130778380371,3.877170000153759,3.842300000087562,5.422165000118184,0.025724921838508656,0.03649081124185896,0.7376160527678727
Estimator-Only Benchmark,Estimator-Only (Ground-Truth ROI),nominal,PSF Fitting (Known PSF),5.0,30,30,1.0,0.6080344279099403,0.4887462089661281,0.38966179302751414,0.4431246239346487,0.5702479689853897,0.7221787718212059,1.324508034756024,1.6567575997197586,0.1331572888201843,-0.02313714540748132,0.1351524733904227,352.3962275751571,4.469370000030419,4.124900000533671,6.748919999472487,0.5440560149991915,0.8920453053224654,0.7575545148664204
Estimator-Only Benchmark,Estimator-Only (Ground-Truth ROI),nominal,PSF Fitting (Known PSF),15.0,30,30,1.0,0.19484699365284455,0.1860490588358158,0.08026242836148967,0.15553233747375744,0.14218685010219523,0.2107306535415171,0.33860649501880896,0.45506167884484977,0.052498413864826905,0.015747196084177517,0.05480928427589787,102.68457129345927,3.649586666627632,3.5849499995492806,4.949980000037611,0.17761121653265155,0.24605075350457792,0.7174631904963676
Estimator-Only Benchmark,Estimator-Only (Ground-Truth ROI),nominal,PSF Fitting (Known PSF),30.0,30,30,1.0,0.02771469180778325,0.026743722303103235,0.01435316436575741,0.022680392011429,0.02144101880785435,0.031210854991666863,0.05566455989545255,0.057024448865214745,0.0006365340547337913,-0.00208638004840509,0.002181320084081808,15.143219052964248,3.243286666717419,3.099550000115414,4.2431399999713895,0.025784233588681975,0.03648827716787149,0.7376160527678727
Estimator-Only Benchmark,Estimator-Only (Ground-Truth ROI),turbulence,Binary Centroid,5.0,30,30,1.0,2.320862012442093,2.063827923700012,1.3660898513770203,1.774182435701142,2.026050011150173,2.6930655325914468,4.597394864793441,6.780102431434036,0.09972266512714517,0.4992977911497339,0.5091590067818343,1302.545737325339,0.1642000000780778,0.16224999990299693,0.23156500042205153,2.1193684226049387,3.2430703503054255,0.754636043866874
Estimator-Only Benchmark,Estimator-Only (Ground-Truth ROI),turbulence,Binary Centroid,15.0,30,30,1.0,0.9275804578572177,0.7697155136319295,0.5234640274516543,0.8005079407466102,0.7025717974955539,1.0650915894112167,1.8872959040074986,2.4444927088642747,0.004236313846128799,-0.032309212285110786,0.0325857569113755,516.9602855885965,0.1724100000501494,0.16539999978704145,0.2694750001410283,0.8681699286546393,1.2830920495502505,0.7245157665133972
Estimator-Only Benchmark,Estimator-Only (Ground-Truth ROI),turbulence,Binary Centroid,30.0,30,30,1.0,0.19458084786882404,0.16845829686143077,0.10675518685015778,0.1517374264216037,0.1619695332453327,0.2219422814083935,0.37533975346765336,0.47987571967958104,-0.018856105550383025,-0.09874551393727225,0.10052974305777974,107.21086713513283,0.1849166667246512,0.17655000010563526,0.25327499974991946,0.18133658161011587,0.25918003015695923,0.761916941559027
Estimator-Only Benchmark,Estimator-Only (Ground-Truth ROI),turbulence,Bounding Box Center,5.0,30,30,1.0,1.8309181049750534,1.4626364536009886,1.364088718251201,1.5492229293143804,1.6771724579399148,2.2831993207746106,4.307504123424744,6.0861528309882,-0.02333443443592955,0.3434678049420228,0.3442595370678002,1107.5566700018728,0.311263333272412,0.3074999999626016,0.4327099998135963,1.6203239522641095,2.808346417577128,0.754636043866874
Estimator-Only Benchmark,Estimator-Only (Ground-Truth ROI),turbulence,Bounding Box Center,15.0,30,30,1.0,2.576229412550645,2.3531113177428207,1.380070112905602,1.970840923830268,2.158086549604111,2.92259328381941,4.678955052237337,6.395331855356491,0.5529281620355978,-0.3574598057095841,0.6584125341076048,1425.5152749611354,0.31948000002254656,0.31470000021727174,0.40877500000533473,2.4152064360216636,3.4505831897542802,0.7245157665133972
Estimator-Only Benchmark,Estimator-Only (Ground-Truth ROI),turbulence,Bounding Box Center,30.0,30,30,1.0,1.8192052045054055,0.9499030611280008,1.827524373289267,2.0539021757884495,1.5591147370727272,2.5786339234303663,5.130801472461954,6.0157251596444565,-0.3621856801570194,-0.2694013678461128,0.4513929152170638,1235.578170745686,0.32516999996611656,0.3144500001326378,0.4114249998565355,1.8535276622211871,3.1424510359484206,0.761916941559027
Estimator-Only Benchmark,Estimator-Only (Ground-Truth ROI),turbulence,Gaussian Fitting,5.0,30,30,1.0,0.6369958751980959,0.6113193679171502,0.3347477336557022,0.47962949584085585,0.5364469563027304,0.71959696372832,1.2376969474638808,1.2522452320385442,0.07263427853492885,0.2999975209439327,0.30866527338007266,350.1052145940306,7.916703333345747,7.45325000025332,11.84013000006416,0.6059673388180796,0.8360287491277735,0.754636043866874
Estimator-Only Benchmark,Estimator-Only (Ground-Truth ROI),turbulence,Gaussian Fitting,15.0,30,30,1.0,0.2316325670259646,0.20282045396759923,0.1142846553039195,0.13986783918074513,0.21714422881551076,0.2582917508264127,0.4445821087413212,0.4602579698564457,-0.0381119912778568,0.15903414280414171,0.16353709810502196,126.26497544285363,5.129810000016732,5.057050000232266,6.182535000198185,0.2189152649106146,0.29974641947981906,0.7245157665133972
Estimator-Only Benchmark,Estimator-Only (Ground-Truth ROI),turbulence,Gaussian Fitting,30.0,30,30,1.0,0.15745054383509732,0.16386785551867647,0.02097693055301434,0.020084517716329037,0.15756686681373203,0.1588417620444759,0.1846713740224404,0.18976124349663626,0.0011942159410599136,0.15619362879970708,0.15619819406553512,78.27223993571644,5.04338000006707,4.904000000351516,6.330955000203172,0.15026379826166952,0.16601101468786347,0.761916941559027
Estimator-Only Benchmark,Estimator-Only (Ground-Truth ROI),turbulence,Intensity-Weighted Centroid,5.0,30,30,1.0,0.7332008518333939,0.6940830976971746,0.3839583559307762,0.621461496298726,0.5466197186677659,0.8276518037304571,1.3743105803385982,1.545687693665783,-0.014764147073711343,0.058704792386989384,0.060532905828265884,399.2694832562243,0.30103666683013824,0.2941500001725217,0.4446050001661205,0.6576430335657062,0.9629371688048626,0.754636043866874
Estimator-Only Benchmark,Estimator-Only (Ground-Truth ROI),turbulence,Intensity-Weighted Centroid,15.0,30,30,1.0,0.44824412798714175,0.49604619523158,0.2599012248149199,0.4068251876034486,0.3208811488178566,0.5181423018199234,0.9253969404766952,0.969396762705513,0.11758028882451109,-0.13927181315300932,0.18226837975628737,250.70905988340232,0.284903333310164,0.283699999727105,0.37856000030842546,0.4308410556335228,0.6012728984455643,0.7245157665133972
Estimator-Only Benchmark,Estimator-Only (Ground-Truth ROI),turbulence,Intensity-Weighted Centroid,30.0,30,30,1.0,0.19102467359979244,0.1721444188391485,0.06883888640579532,0.1324216662991781,0.15392764696456046,0.2030497924290917,0.2996352934772779,0.31106277743743616,0.007909918778720264,0.05641826696242352,0.05697005934812812,98.35566064358521,0.2824966666594264,0.28090000023439643,0.356399999873247,0.17805528028613793,0.22631038759736435,0.761916941559027
Estimator-Only Benchmark,Estimator-Only (Ground-Truth ROI),turbulence,PSF Fitting (Estimated Width),5.0,30,30,1.0,0.6369958751980959,0.6113193679171502,0.3347477336557022,0.47962949584085585,0.5364469563027304,0.71959696372832,1.2376969474638808,1.2522452320385442,0.07263427853492885,0.2999975209439327,0.30866527338007266,350.1052145940306,6.879053333280656,6.25434999983554,12.596950000215653,0.6059673388180796,0.8360287491277735,0.754636043866874
Estimator-Only Benchmark,Estimator-Only (Ground-Truth ROI),turbulence,PSF Fitting (Estimated Width),15.0,30,30,1.0,0.2316325670259646,0.20282045396759923,0.1142846553039195,0.13986783918074513,0.21714422881551076,0.2582917508264127,0.4445821087413212,0.4602579698564457,-0.0381119912778568,0.15903414280414171,0.16353709810502196,126.26497544285363,3.914270000071459,3.8784000003033725,4.853700000103345,0.2189152649106146,0.29974641947981906,0.7245157665133972
Estimator-Only Benchmark,Estimator-Only (Ground-Truth ROI),turbulence,PSF Fitting (Estimated Width),30.0,30,30,1.0,0.15745054383509732,0.16386785551867647,0.02097693055301434,0.020084517716329037,0.15756686681373203,0.1588417620444759,0.1846713740224404,0.18976124349663626,0.0011942159410599136,0.15619362879970708,0.15619819406553512,78.27223993571644,4.024313333472189,3.7411000002975925,5.3510699997787015,0.15026379826166952,0.16601101468786347,0.761916941559027
Estimator-Only Benchmark,Estimator-Only (Ground-Truth ROI),turbulence,PSF Fitting (Known PSF),5.0,30,30,1.0,0.6446312735989276,0.5784571419941076,0.3307170680817723,0.4726011814778435,0.5491551522913406,0.7245158783783687,1.1808622852927366,1.2293271466135416,0.031775969248773586,0.28042733193171426,0.2822218997810745,351.9481814467304,3.7673899999390414,3.8128499995764287,4.63782000010724,0.6183565155355347,0.8379418733980453,0.754636043866874
Estimator-Only Benchmark,Estimator-Only (Ground-Truth ROI),turbulence,PSF Fitting (Known PSF),15.0,30,30,1.0,0.2505886487290636,0.23236622721663974,0.1187241011008328,0.1436897479669132,0.2371567822839224,0.2772906111898829,0.4529686498069406,0.48388889396899637,-0.03371777700408055,0.18784187516643935,0.19084406868472775,135.72830612807502,3.159053333244325,3.1884499999250693,3.956039999866333,0.23463596071549972,0.31879686306424343,0.7245157665133972
Estimator-Only Benchmark,Estimator-Only (Ground-Truth ROI),turbulence,PSF Fitting (Known PSF),30.0,30,30,1.0,0.1928202850257741,0.20187671160874035,0.019759031943004497,0.02108730559823084,0.19267954536834533,0.19383003291736145,0.21807937290814644,0.2281196465090731,0.0010306501597047676,0.19169222861347351,0.19169499928415423,95.55038953223934,3.459563333187058,3.3813000000009197,4.458724999949481,0.18592917573535783,0.200491240064215,0.761916941559027
Estimator-Only Benchmark,Estimator-Only (Ground-Truth ROI),unknown_width,Binary Centroid,5.0,30,30,1.0,1.8349300730692846,1.712827541021375,1.0885208639105257,1.3860619559135368,1.621936588955224,2.1335055763279756,3.6783179146992153,5.370153295409395,-0.007623636923577237,-0.4773038890654419,0.4773647686590813,1043.7980696241611,0.1659099999415048,0.1721500002531684,0.2317600000424136,1.6590811194044557,2.581564408611406,0.772886906003157
Estimator-Only Benchmark,Estimator-Only (Ground-Truth ROI),unknown_width,Binary Centroid,15.0,30,30,1.0,0.5578033850489877,0.4658948575704476,0.342036397732745,0.40881994459027954,0.5108813625992854,0.6543191222531264,1.293213632365429,1.4324829467892328,0.06493255093374443,-0.002684735612176799,0.0649880294829025,314.4044648345883,0.15653333333223904,0.16019999975469545,0.23163500018199548,0.5105766351526481,0.8107583645134241,0.7533544864680699
Estimator-Only Benchmark,Estimator-Only (Ground-Truth ROI),unknown_width,Binary Centroid,30.0,30,30,1.0,0.13575075776413478,0.13397913284564555,0.07839984910081593,0.10096836644314952,0.11991744472915267,0.15676353074796287,0.2886350499031941,0.3280196227467898,0.007495417200828077,-0.000449115832087917,0.0075088603692638626,75.85750893707397,0.15205666662344205,0.15450000000782893,0.2075799995964189,0.12726115060731186,0.1860573704959281,0.7231154802344313
Estimator-Only Benchmark,Estimator-Only (Ground-Truth ROI),unknown_width,Bounding Box Center,5.0,30,30,1.0,2.0347564060506467,1.6702122445451342,1.3816700281073138,1.6793128816341096,1.7969846811010806,2.4595214368925937,4.433081540361998,6.613641913228492,-0.05685661481064509,-0.38603230118913906,0.3901968890305358,1206.9470265133239,0.2995800001068953,0.3030000002581801,0.37990000037098065,1.8376250302505512,3.0798502201775646,0.772886906003157
Estimator-Only Benchmark,Estimator-Only (Ground-Truth ROI),unknown_width,Bounding Box Center,15.0,30,30,1.0,2.837477783560852,2.594857855517456,1.5370962887337194,2.202546237291425,2.358545154461488,3.227064482318316,5.049307498491718,5.692231794054034,-0.0006393710513549422,-0.1851052182208908,0.1851063224418467,1541.829720310109,0.30841333324739634,0.3127499999209249,0.3662549997898168,2.662043156313117,3.659148830928953,0.7533544864680699
Estimator-Only Benchmark,Estimator-Only (Ground-Truth ROI),unknown_width,Bounding Box Center,30.0,30,30,1.0,1.3882256728122637,1.0171899385586607,1.1205404487345791,1.1239173858172355,1.3854930984177094,1.7840351498514129,3.5599854087721394,3.6438590238984947,0.25161280328084673,-0.4669639557965174,0.5304378745790858,869.1269719744013,0.3008766667335294,0.295549999918876,0.39352500034510735,1.3874815629876776,2.2324174202476543,0.7231154802344313
Estimator-Only Benchmark,Estimator-Only (Ground-Truth ROI),unknown_width,Gaussian Fitting,5.0,30,30,1.0,0.5375390509364092,0.49779319337379424,0.2755184705490384,0.4120125909090932,0.4417061057169949,0.6040353126227779,0.9836348651213433,1.1653089587063705,0.13410637436299927,0.060546563078405786,0.1471407691477664,294.1978290827547,8.543179999954495,7.802899999205692,14.616289999548805,0.5024119228646178,0.6966965778839024,0.772886906003157
Estimator-Only Benchmark,Estimator-Only (Ground-Truth ROI),unknown_width,Gaussian Fitting,15.0,30,30,1.0,0.20520628296379598,0.19784149020731245,0.1124153798198855,0.18001128554932083,0.14947499209816836,0.23398041838552774,0.4070383318206641,0.47534335618483436,0.03369359657249049,-0.02969574002826505,0.04491208552067078,111.79771696805726,4.891223333349141,4.903850000118837,5.761194999513464,0.19719380602645256,0.277655350560011,0.7533544864680699
Estimator-Only Benchmark,Estimator-Only (Ground-Truth ROI),unknown_width,Gaussian Fitting,30.0,30,30,1.0,0.028725936330325087,0.026573446983771024,0.013735536358004662,0.024867919042319078,0.01988544642698832,0.03184092299378205,0.0490822840469205,0.06705632713393925,-0.001204727115030361,-0.002018861707032708,0.0023509934099891464,15.358053108466548,4.766183333261627,4.626399999779096,6.425665000051595,0.02633183572135406,0.03738379991514361,0.7231154802344313
Estimator-Only Benchmark,Estimator-Only (Ground-Truth ROI),unknown_width,Intensity-Weighted Centroid,5.0,30,30,1.0,0.6217776505668522,0.5458667514370938,0.31680505497937544,0.5408530230743281,0.44096586833481777,0.697834428503581,1.1536033292658137,1.192797964903987,0.03009554408735274,0.05240898622491936,0.06043544995313247,338.35742360301697,0.2906466666293757,0.27960000033999677,0.43947999974989205,0.5806576335605933,0.7959051704890144,0.772886906003157
Estimator-Only Benchmark,Estimator-Only (Ground-Truth ROI),unknown_width,Intensity-Weighted Centroid,15.0,30,30,1.0,0.3855560854965095,0.3280213844821189,0.24129646748880876,0.25747241324324005,0.37494724522880774,0.4548378615352613,0.79519240019034,0.9804000694901353,0.03773254155354664,-0.003794352987857034,0.037922840171677324,221.46547879459195,0.27053666663050535,0.27044999978897977,0.38750500007154176,0.36212815241916974,0.5365628271559478,0.7533544864680699
Estimator-Only Benchmark,Estimator-Only (Ground-Truth ROI),unknown_width,Intensity-Weighted Centroid,30.0,30,30,1.0,0.0916285005728463,0.07799398297045257,0.05966391251908068,0.0928624714701701,0.0577245698707617,0.10934150435361956,0.19414688088563548,0.27446044182840496,0.009350316630174878,-0.005905560001896977,0.011059116602176247,52.70544433636923,0.26429999995040515,0.24849999999787542,0.3647800000180723,0.08580224892820947,0.13609930807027532,0.7231154802344313
Estimator-Only Benchmark,Estimator-Only (Ground-Truth ROI),unknown_width,PSF Fitting (Estimated Width),5.0,30,30,1.0,0.5375390509364092,0.49779319337379424,0.2755184705490384,0.4120125909090932,0.4417061057169949,0.6040353126227779,0.9836348651213433,1.1653089587063705,0.13410637436299927,0.060546563078405786,0.1471407691477664,294.1978290827547,6.820896666643724,6.32080000013957,10.046799999872743,0.5024119228646178,0.6966965778839024,0.772886906003157
Estimator-Only Benchmark,Estimator-Only (Ground-Truth ROI),unknown_width,PSF Fitting (Estimated Width),15.0,30,30,1.0,0.20520628296379598,0.19784149020731245,0.1124153798198855,0.18001128554932083,0.14947499209816836,0.23398041838552774,0.4070383318206641,0.47534335618483436,0.03369359657249049,-0.02969574002826505,0.04491208552067078,111.79771696805726,3.9303400000790134,3.8509000000885862,5.015289999755621,0.19719380602645256,0.277655350560011,0.7533544864680699
Estimator-Only Benchmark,Estimator-Only (Ground-Truth ROI),unknown_width,PSF Fitting (Estimated Width),30.0,30,30,1.0,0.028725936330325087,0.026573446983771024,0.013735536358004662,0.024867919042319078,0.01988544642698832,0.03184092299378205,0.0490822840469205,0.06705632713393925,-0.001204727115030361,-0.002018861707032708,0.0023509934099891464,15.358053108466548,3.6472766666217162,3.4438499997122562,4.744815000003655,0.02633183572135406,0.03738379991514361,0.7231154802344313
Estimator-Only Benchmark,Estimator-Only (Ground-Truth ROI),unknown_width,PSF Fitting (Known PSF),5.0,30,30,1.0,0.6214836149443506,0.5690741794686209,0.32422543817458566,0.38435065410084124,0.5862069541519065,0.7009736217603341,1.2392258329967552,1.6255369314005135,0.08561302928137403,0.045308918325868794,0.09686324825543306,342.292582998557,5.08609666673389,4.582099999879574,7.366704999640204,0.5575687353303608,0.8515546097783341,0.772886906003157
Estimator-Only Benchmark,Estimator-Only (Ground-Truth ROI),unknown_width,PSF Fitting (Known PSF),15.0,30,30,1.0,0.2595139180867151,0.2203665553161503,0.16143238025848108,0.2271682684524861,0.20445651098689985,0.30562703917787953,0.5240444060036109,0.5629681728716824,0.03365802959202332,-0.061697567566132726,0.07028124073744736,145.94502426495865,5.0350966667186485,4.960800000390009,6.67288500021641,0.2531321645740825,0.3620132772000038,0.7533544864680699
Estimator-Only Benchmark,Estimator-Only (Ground-Truth ROI),unknown_width,PSF Fitting (Known PSF),30.0,30,30,1.0,0.03968465426064316,0.03143400282580175,0.021512915564352926,0.03675755029267821,0.026202286471737432,0.045140639338247766,0.07528799401339353,0.0761654826599108,0.0005932829573832047,-0.009412169824443595,0.009430849668597625,21.648044092724906,5.417616666818503,5.189949999930832,7.014415000094232,0.03703969433162525,0.05211285238231193,0.7231154802344313
