trial_id,seed,scenario_id,experiment_sub_id,method,method_name,psf_sigma_px,snr_db,noise_sigma,background_level,background_type,beacon_x_true,beacon_y_true,phase_x,phase_y,beacon_x_estimated,beacon_y_estimated,error_x_px,error_y_px,radial_error_px,error_x,error_y,radial_error,angular_error_x_urad,angular_error_y_urad,angular_error_urad,success,failure_reason,latency_ms,runtime_ms,saturated_pixel_fraction,beacon_amplitude,roi_size,bit_depth
9A_sig_0.5_00003,373910953,9A_primary_sig_0.5px,9A_primary,Gaussian Fitting,Gaussian Fitting,0.5,15.0,26.660857388726804,10.0,uniform,777.4539722493018,216.0333522907873,0.45397224930184166,0.03335229078729185,,,,,,,,,,,,False,Curve fit non-convergence / optimizer error: Optimal parameters not found: The maximum number of function evaluations is exceeded.,714.7251999704167,714.7251999704167,0.0,150.0,31,8
9A_sig_0.5_00010,251273815,9A_primary_sig_0.5px,9A_primary,Gaussian Fitting,Gaussian Fitting,0.5,15.0,26.660857388726804,10.0,uniform,952.957878301759,783.400112101385,0.957878301759024,0.40011210138504794,,,,,,,,,,,,False,Curve fit non-convergence / optimizer error: Optimal parameters not found: The maximum number of function evaluations is exceeded.,756.1969999223948,756.1969999223948,0.0,150.0,31,8
9A_sig_0.5_00016,551750004,9A_primary_sig_0.5px,9A_primary,Gaussian Fitting,Gaussian Fitting,0.5,15.0,26.660857388726804,10.0,uniform,1654.9049189845155,785.2873768431791,0.9049189845154615,0.2873768431791177,,,,,,,,,,,,False,Curve fit non-convergence / optimizer error: Optimal parameters not found: The maximum number of function evaluations is exceeded.,680.0694001140073,680.0694001140073,0.0,150.0,31,8
9A_sig_0.5_00018,320877285,9A_primary_sig_0.5px,9A_primary,Gaussian Fitting,Gaussian Fitting,0.5,15.0,26.660857388726804,10.0,uniform,1602.81892909371,294.4928762836757,0.8189290937100395,0.4928762836756846,,,,,,,,,,,,False,Curve fit non-convergence / optimizer error: Optimal parameters not found: The maximum number of function evaluations is exceeded.,726.3184000039473,726.3184000039473,0.0,150.0,31,8
9A_sig_0.5_00021,961847733,9A_primary_sig_0.5px,9A_primary,Gaussian Fitting,Gaussian Fitting,0.5,15.0,26.660857388726804,10.0,uniform,803.9162262060065,497.6110311411285,0.9162262060065132,0.6110311411284783,,,,,,,,,,,,False,Curve fit non-convergence / optimizer error: Optimal parameters not found: The maximum number of function evaluations is exceeded.,718.5115999309346,718.5115999309346,0.0,150.0,31,8
9A_sig_0.5_00026,527574983,9A_primary_sig_0.5px,9A_primary,Gaussian Fitting,Gaussian Fitting,0.5,15.0,26.660857388726804,10.0,uniform,1622.8554491048217,318.42528736741303,0.8554491048216732,0.4252873674130342,,,,,,,,,,,,False,Curve fit non-convergence / optimizer error: Optimal parameters not found: The maximum number of function evaluations is exceeded.,708.3150000544265,708.3150000544265,0.0,150.0,31,8
9A_sig_0.5_00044,222030290,9A_primary_sig_0.5px,9A_primary,Gaussian Fitting,Gaussian Fitting,0.5,15.0,26.660857388726804,10.0,uniform,697.8321758203798,718.4865803888637,0.8321758203798026,0.48658038886367194,,,,,,,,,,,,False,Curve fit non-convergence / optimizer error: Optimal parameters not found: The maximum number of function evaluations is exceeded.,727.6535000419244,727.6535000419244,0.0,150.0,31,8
9B_sig_0.5_snr_15_0003,962639475,9B_snr_sig_0.5_snr_15dB,9B_snr,Gaussian Fitting,Gaussian Fitting,0.5,15.0,26.660857388726804,10.0,uniform,796.0091197692226,749.4096263997388,0.009119769222593277,0.4096263997388405,,,,,,,,,,,,False,Curve fit non-convergence / optimizer error: Optimal parameters not found: The maximum number of function evaluations is exceeded.,576.4243999728933,576.4243999728933,0.0,150.0,31,8
9B_sig_0.5_snr_15_0018,267317715,9B_snr_sig_0.5_snr_15dB,9B_snr,Gaussian Fitting,Gaussian Fitting,0.5,15.0,26.660857388726804,10.0,uniform,1628.6670132166428,405.6919534356782,0.667013216642772,0.6919534356782151,,,,,,,,,,,,False,Curve fit non-convergence / optimizer error: Optimal parameters not found: The maximum number of function evaluations is exceeded.,627.3007999407127,627.3007999407127,0.0,150.0,31,8
9B_sig_0.5_snr_15_0033,564268984,9B_snr_sig_0.5_snr_15dB,9B_snr,Gaussian Fitting,Gaussian Fitting,0.5,15.0,26.660857388726804,10.0,uniform,928.0906619115808,408.10860881414254,0.09066191158080983,0.10860881414254209,,,,,,,,,,,,False,Curve fit non-convergence / optimizer error: Optimal parameters not found: The maximum number of function evaluations is exceeded.,672.8369999909773,672.8369999909773,0.0,150.0,31,8
9B_sig_0.5_snr_15_0049,807678879,9B_snr_sig_0.5_snr_15dB,9B_snr,Gaussian Fitting,Gaussian Fitting,0.5,15.0,26.660857388726804,10.0,uniform,1646.2687758624222,250.87963813956083,0.26877586242221696,0.879638139560825,,,,,,,,,,,,False,Curve fit non-convergence / optimizer error: Optimal parameters not found: The maximum number of function evaluations is exceeded.,674.88730000332,674.88730000332,0.0,150.0,31,8
9B_sig_0.5_snr_10_0008,128919473,9B_snr_sig_0.5_snr_10dB,9B_snr,Gaussian Fitting,Gaussian Fitting,0.5,10.0,47.41045374835696,10.0,uniform,1100.926965077008,228.3634436758379,0.9269650770079352,0.3634436758379138,,,,,,,,,,,,False,Curve fit non-convergence / optimizer error: Optimal parameters not found: The maximum number of function evaluations is exceeded.,670.8450999576598,670.8450999576598,4.822530864197531e-07,150.0,31,8
9B_sig_0.5_snr_10_0016,854785116,9B_snr_sig_0.5_snr_10dB,9B_snr,Gaussian Fitting,Gaussian Fitting,0.5,10.0,47.41045374835696,10.0,uniform,1436.9296605250863,280.0763874609657,0.9296605250863195,0.07638746096569093,,,,,,,,,,,,False,Curve fit non-convergence / optimizer error: Optimal parameters not found: The maximum number of function evaluations is exceeded.,655.9906000038609,655.9906000038609,4.822530864197531e-07,150.0,31,8
9B_sig_0.5_snr_10_0019,746436195,9B_snr_sig_0.5_snr_10dB,9B_snr,Gaussian Fitting,Gaussian Fitting,0.5,10.0,47.41045374835696,10.0,uniform,1310.0816936596523,694.6919215379368,0.08169365965227371,0.6919215379367643,,,,,,,,,,,,False,Curve fit non-convergence / optimizer error: Optimal parameters not found: The maximum number of function evaluations is exceeded.,642.9841000353917,642.9841000353917,0.0,150.0,31,8
9B_sig_0.5_snr_10_0023,292161878,9B_snr_sig_0.5_snr_10dB,9B_snr,Gaussian Fitting,Gaussian Fitting,0.5,10.0,47.41045374835696,10.0,uniform,1463.8672131216115,773.6804757542784,0.8672131216114849,0.6804757542784046,,,,,,,,,,,,False,Fitted center shifted beyond acceptable ROI boundary,47.828700044192374,47.828700044192374,0.0,150.0,31,8
9B_sig_0.5_snr_10_0028,122554763,9B_snr_sig_0.5_snr_10dB,9B_snr,Gaussian Fitting,Gaussian Fitting,0.5,10.0,47.41045374835696,10.0,uniform,412.7739524562249,444.28145105670967,0.7739524562248903,0.2814510567096704,,,,,,,,,,,,False,Curve fit non-convergence / optimizer error: Optimal parameters not found: The maximum number of function evaluations is exceeded.,744.6335999993607,744.6335999993607,4.822530864197531e-07,150.0,31,8
9B_sig_0.5_snr_10_0039,489930276,9B_snr_sig_0.5_snr_10dB,9B_snr,Gaussian Fitting,Gaussian Fitting,0.5,10.0,47.41045374835696,10.0,uniform,762.9673623020965,856.1253369004677,0.9673623020964897,0.12533690046768697,,,,,,,,,,,,False,Curve fit non-convergence / optimizer error: Optimal parameters not found: The maximum number of function evaluations is exceeded.,680.6358000030741,680.6358000030741,0.0,150.0,31,8
9B_sig_0.5_snr_7_0000,237744245,9B_snr_sig_0.5_snr_7dB,9B_snr,Gaussian Fitting,Gaussian Fitting,0.5,7.0,66.9690459271548,10.0,uniform,1457.4970916763564,596.1147220414775,0.4970916763563764,0.11472204147753473,,,,,,,,,,,,False,Curve fit non-convergence / optimizer error: Optimal parameters not found: The maximum number of function evaluations is exceeded.,656.0514000011608,656.0514000011608,0.00012008101851851852,150.0,31,8
9B_sig_0.5_snr_7_0003,48419223,9B_snr_sig_0.5_snr_7dB,9B_snr,Gaussian Fitting,Gaussian Fitting,0.5,7.0,66.9690459271548,10.0,uniform,822.5729956721468,597.9714960228829,0.572995672146817,0.9714960228828886,,,,,,,,,,,,False,Curve fit non-convergence / optimizer error: Optimal parameters not found: The maximum number of function evaluations is exceeded.,656.8830000469461,656.8830000469461,0.0001273148148148148,150.0,31,8
9B_sig_0.5_snr_7_0003,48419223,9B_snr_sig_0.5_snr_7dB,9B_snr,PSF Fitting,PSF Fitting,0.5,7.0,66.9690459271548,10.0,uniform,822.5729956721468,597.9714960228829,0.572995672146817,0.9714960228828886,,,,,,,,,,,,False,PSF fit non-convergence: Optimal parameters not found: The maximum number of function evaluations is exceeded.,530.1244000438601,530.1244000438601,0.0001273148148148148,150.0,31,8
9B_sig_0.5_snr_7_0006,275140059,9B_snr_sig_0.5_snr_7dB,9B_snr,Gaussian Fitting,Gaussian Fitting,0.5,7.0,66.9690459271548,10.0,uniform,1617.4665508340506,581.8867105362698,0.46655083405062214,0.8867105362697885,,,,,,,,,,,,False,Curve fit non-convergence / optimizer error: Optimal parameters not found: The maximum number of function evaluations is exceeded.,657.7505000168458,657.7505000168458,0.00012586805555555555,150.0,31,8
9B_sig_0.5_snr_7_0008,505369275,9B_snr_sig_0.5_snr_7dB,9B_snr,Gaussian Fitting,Gaussian Fitting,0.5,7.0,66.9690459271548,10.0,uniform,627.1354583975918,540.08827936012,0.1354583975918331,0.08827936012005466,,,,,,,,,,,,False,Curve fit non-convergence / optimizer error: Optimal parameters not found: The maximum number of function evaluations is exceeded.,646.5324000455439,646.5324000455439,0.00013840663580246915,150.0,31,8
9B_sig_0.5_snr_7_0009,166423440,9B_snr_sig_0.5_snr_7dB,9B_snr,Gaussian Fitting,Gaussian Fitting,0.5,7.0,66.9690459271548,10.0,uniform,238.06006870533574,868.3794363949249,0.060068705335737604,0.3794363949249373,,,,,,,,,,,,False,Curve fit non-convergence / optimizer error: Optimal parameters not found: The maximum number of function evaluations is exceeded.,677.0595000125468,677.0595000125468,0.0001234567901234568,150.0,31,8
9B_sig_0.5_snr_7_0013,27551053,9B_snr_sig_0.5_snr_7dB,9B_snr,Gaussian Fitting,Gaussian Fitting,0.5,7.0,66.9690459271548,10.0,uniform,1009.6440930656914,469.5290138096405,0.6440930656914361,0.529013809640503,,,,,,,,,,,,False,Curve fit non-convergence / optimizer error: Optimal parameters not found: The maximum number of function evaluations is exceeded.,646.6285999631509,646.6285999631509,0.0001306905864197531,150.0,31,8
9B_sig_0.5_snr_7_0014,354295039,9B_snr_sig_0.5_snr_7dB,9B_snr,Gaussian Fitting,Gaussian Fitting,0.5,7.0,66.9690459271548,10.0,uniform,1051.3988233196017,545.6097961037484,0.39882331960166084,0.6097961037484083,,,,,,,,,,,,False,Curve fit non-convergence / optimizer error: Optimal parameters not found: The maximum number of function evaluations is exceeded.,642.9491000017151,642.9491000017151,0.00013792438271604938,150.0,31,8
9B_sig_0.5_snr_7_0017,702422180,9B_snr_sig_0.5_snr_7dB,9B_snr,Gaussian Fitting,Gaussian Fitting,0.5,7.0,66.9690459271548,10.0,uniform,1087.277887372261,414.99668415930944,0.27788737226092053,0.9966841593094387,,,,,,,,,,,,False,Curve fit non-convergence / optimizer error: Optimal parameters not found: The maximum number of function evaluations is exceeded.,684.2402999754995,684.2402999754995,0.00013744212962962964,150.0,31,8
9B_sig_0.5_snr_7_0025,407040022,9B_snr_sig_0.5_snr_7dB,9B_snr,PSF Fitting,PSF Fitting,0.5,7.0,66.9690459271548,10.0,uniform,1356.291257153965,225.96179273797932,0.2912571539650344,0.961792737979323,,,,,,,,,,,,False,PSF fit non-convergence: Optimal parameters not found: The maximum number of function evaluations is exceeded.,530.5493000196293,530.5493000196293,0.00013165509259259258,150.0,31,8
9B_sig_0.5_snr_7_0028,839972334,9B_snr_sig_0.5_snr_7dB,9B_snr,Gaussian Fitting,Gaussian Fitting,0.5,7.0,66.9690459271548,10.0,uniform,739.2324276987729,873.329257175994,0.23242769877288083,0.32925717599403015,,,,,,,,,,,,False,Curve fit non-convergence / optimizer error: Optimal parameters not found: The maximum number of function evaluations is exceeded.,655.5391000583768,655.5391000583768,0.0001244212962962963,150.0,31,8
9B_sig_0.5_snr_7_0030,161711037,9B_snr_sig_0.5_snr_7dB,9B_snr,Gaussian Fitting,Gaussian Fitting,0.5,7.0,66.9690459271548,10.0,uniform,1437.3577152938892,752.9621073704759,0.3577152938892141,0.9621073704759056,,,,,,,,,,,,False,Curve fit non-convergence / optimizer error: Optimal parameters not found: The maximum number of function evaluations is exceeded.,687.4104000162333,687.4104000162333,0.00012056327160493826,150.0,31,8
9B_sig_0.5_snr_7_0032,925275341,9B_snr_sig_0.5_snr_7dB,9B_snr,Gaussian Fitting,Gaussian Fitting,0.5,7.0,66.9690459271548,10.0,uniform,1373.6015856897147,711.887302091196,0.6015856897147387,0.8873020911960339,,,,,,,,,,,,False,Curve fit non-convergence / optimizer error: Optimal parameters not found: The maximum number of function evaluations is exceeded.,613.9827000442892,613.9827000442892,0.00013503086419753085,150.0,31,8
9B_sig_0.5_snr_7_0039,960877464,9B_snr_sig_0.5_snr_7dB,9B_snr,Gaussian Fitting,Gaussian Fitting,0.5,7.0,66.9690459271548,10.0,uniform,581.2223338930042,275.1317678790748,0.22233389300424733,0.13176787907480048,,,,,,,,,,,,False,Curve fit non-convergence / optimizer error: Optimal parameters not found: The maximum number of function evaluations is exceeded.,707.2783000767231,707.2783000767231,0.0001282793209876543,150.0,31,8
9B_sig_0.5_snr_7_0041,960837294,9B_snr_sig_0.5_snr_7dB,9B_snr,PSF Fitting,PSF Fitting,0.5,7.0,66.9690459271548,10.0,uniform,1148.6538366181135,205.93402598961737,0.6538366181134734,0.9340259896173677,,,,,,,,,,,,False,PSF fit non-convergence: Optimal parameters not found: The maximum number of function evaluations is exceeded.,516.7487000580877,516.7487000580877,0.00011959876543209877,150.0,31,8
9B_sig_0.5_snr_7_0044,554029257,9B_snr_sig_0.5_snr_7dB,9B_snr,Gaussian Fitting,Gaussian Fitting,0.5,7.0,66.9690459271548,10.0,uniform,471.27821001293273,455.63860185197836,0.27821001293273184,0.6386018519783647,,,,,,,,,,,,False,Curve fit non-convergence / optimizer error: Optimal parameters not found: The maximum number of function evaluations is exceeded.,665.322000044398,665.322000044398,0.0001234567901234568,150.0,31,8
9B_sig_0.5_snr_7_0047,202820626,9B_snr_sig_0.5_snr_7dB,9B_snr,Gaussian Fitting,Gaussian Fitting,0.5,7.0,66.9690459271548,10.0,uniform,1590.185529266,280.23344574162024,0.1855292660000032,0.233445741620244,,,,,,,,,,,,False,Curve fit non-convergence / optimizer error: Optimal parameters not found: The maximum number of function evaluations is exceeded.,655.1139999646693,655.1139999646693,0.00012683256172839506,150.0,31,8
9B_sig_0.5_snr_7_0049,443644837,9B_snr_sig_0.5_snr_7dB,9B_snr,Gaussian Fitting,Gaussian Fitting,0.5,7.0,66.9690459271548,10.0,uniform,629.9944333447385,516.9396726866216,0.9944333447384679,0.9396726866216341,,,,,,,,,,,,False,Curve fit non-convergence / optimizer error: Optimal parameters not found: The maximum number of function evaluations is exceeded.,696.6541000874713,696.6541000874713,0.0001273148148148148,150.0,31,8
9B_sig_0.5_snr_5_0001,323653175,9B_snr_sig_0.5_snr_5dB,9B_snr,Gaussian Fitting,Gaussian Fitting,0.5,5.0,84.30903372130584,10.0,uniform,641.4770034841162,595.1584346066,0.47700348411615323,0.15843460660005348,,,,,,,,,,,,False,Curve fit non-convergence / optimizer error: Optimal parameters not found: The maximum number of function evaluations is exceeded.,651.027699932456,651.027699932456,0.0019048996913580247,150.0,31,8
9B_sig_0.5_snr_5_0004,900499399,9B_snr_sig_0.5_snr_5dB,9B_snr,Gaussian Fitting,Gaussian Fitting,0.5,5.0,84.30903372130584,10.0,uniform,713.909666588687,467.77729903018286,0.9096665886869459,0.77729903018286,,,,,,,,,,,,False,Curve fit non-convergence / optimizer error: Optimal parameters not found: The maximum number of function evaluations is exceeded.,645.0653000501916,645.0653000501916,0.001851851851851852,150.0,31,8
9B_sig_0.5_snr_5_0007,373672176,9B_snr_sig_0.5_snr_5dB,9B_snr,Gaussian Fitting,Gaussian Fitting,0.5,5.0,84.30903372130584,10.0,uniform,1406.4481881452275,753.723494238758,0.4481881452275047,0.7234942387580077,,,,,,,,,,,,False,Curve fit non-convergence / optimizer error: Optimal parameters not found: The maximum number of function evaluations is exceeded.,634.9663999862969,634.9663999862969,0.0018359375,150.0,31,8
9B_sig_0.5_snr_5_0008,262593059,9B_snr_sig_0.5_snr_5dB,9B_snr,Gaussian Fitting,Gaussian Fitting,0.5,5.0,84.30903372130584,10.0,uniform,676.8617361799144,296.35359370577066,0.8617361799143737,0.3535937057706633,,,,,,,,,,,,False,Curve fit non-convergence / optimizer error: Optimal parameters not found: The maximum number of function evaluations is exceeded.,654.0874000638723,654.0874000638723,0.0018764467592592593,150.0,31,8
9B_sig_0.5_snr_5_0013,374970970,9B_snr_sig_0.5_snr_5dB,9B_snr,Gaussian Fitting,Gaussian Fitting,0.5,5.0,84.30903372130584,10.0,uniform,407.8038220362975,313.5632249846424,0.8038220362975039,0.5632249846423747,,,,,,,,,,,,False,Curve fit non-convergence / optimizer error: Optimal parameters not found: The maximum number of function evaluations is exceeded.,643.6195999849588,643.6195999849588,0.001890914351851852,150.0,31,8
9B_sig_0.5_snr_5_0013,374970970,9B_snr_sig_0.5_snr_5dB,9B_snr,PSF Fitting,PSF Fitting,0.5,5.0,84.30903372130584,10.0,uniform,407.8038220362975,313.5632249846424,0.8038220362975039,0.5632249846423747,,,,,,,,,,,,False,PSF fit non-convergence: Optimal parameters not found: The maximum number of function evaluations is exceeded.,508.1076000351459,508.1076000351459,0.001890914351851852,150.0,31,8
9B_sig_0.5_snr_5_0020,298132514,9B_snr_sig_0.5_snr_5dB,9B_snr,Gaussian Fitting,Gaussian Fitting,0.5,5.0,84.30903372130584,10.0,uniform,1068.719722588574,672.293777349947,0.7197225885740863,0.2937773499470495,,,,,,,,,,,,False,Fitted center shifted beyond acceptable ROI boundary,19.3229999858886,19.3229999858886,0.0018831983024691359,150.0,31,8
9B_sig_0.5_snr_5_0027,282272378,9B_snr_sig_0.5_snr_5dB,9B_snr,Gaussian Fitting,Gaussian Fitting,0.5,5.0,84.30903372130584,10.0,uniform,341.5169676679681,486.20245158848957,0.5169676679681174,0.20245158848956635,,,,,,,,,,,,False,Curve fit non-convergence / optimizer error: Optimal parameters not found: The maximum number of function evaluations is exceeded.,666.2458999780938,666.2458999780938,0.0018470293209876542,150.0,31,8
9B_sig_0.5_snr_5_0030,591347235,9B_snr_sig_0.5_snr_5dB,9B_snr,Gaussian Fitting,Gaussian Fitting,0.5,5.0,84.30903372130584,10.0,uniform,1651.8179107398823,429.8641665487135,0.8179107398823362,0.8641665487135128,,,,,,,,,,,,False,Curve fit non-convergence / optimizer error: Optimal parameters not found: The maximum number of function evaluations is exceeded.,647.679999936372,647.679999936372,0.0018774112654320987,150.0,31,8
9B_sig_0.5_snr_5_0030,591347235,9B_snr_sig_0.5_snr_5dB,9B_snr,PSF Fitting,PSF Fitting,0.5,5.0,84.30903372130584,10.0,uniform,1651.8179107398823,429.8641665487135,0.8179107398823362,0.8641665487135128,,,,,,,,,,,,False,PSF fit non-convergence: Optimal parameters not found: The maximum number of function evaluations is exceeded.,542.7481000078842,542.7481000078842,0.0018774112654320987,150.0,31,8
9B_sig_0.5_snr_5_0031,195461547,9B_snr_sig_0.5_snr_5dB,9B_snr,Gaussian Fitting,Gaussian Fitting,0.5,5.0,84.30903372130584,10.0,uniform,1684.7478636240428,559.2960558242096,0.7478636240427932,0.29605582420958854,,,,,,,,,,,,False,Curve fit non-convergence / optimizer error: Optimal parameters not found: The maximum number of function evaluations is exceeded.,705.9198999777436,705.9198999777436,0.0018586033950617285,150.0,31,8
9B_sig_0.5_snr_5_0034,29455279,9B_snr_sig_0.5_snr_5dB,9B_snr,PSF Fitting,PSF Fitting,0.5,5.0,84.30903372130584,10.0,uniform,1223.4281644360456,518.1557142252364,0.428164436045563,0.15571422523635192,,,,,,,,,,,,False,PSF fit non-convergence: Optimal parameters not found: The maximum number of function evaluations is exceeded.,536.1972999526188,536.1972999526188,0.0018817515432098765,150.0,31,8
9B_sig_0.5_snr_5_0036,54236353,9B_snr_sig_0.5_snr_5dB,9B_snr,PSF Fitting,PSF Fitting,0.5,5.0,84.30903372130584,10.0,uniform,1398.6170108391927,709.173932246924,0.6170108391927442,0.17393224692398235,,,,,,,,,,,,False,PSF fit non-convergence: Optimal parameters not found: The maximum number of function evaluations is exceeded.,543.6104000546038,543.6104000546038,0.0018465470679012346,150.0,31,8
9B_sig_0.5_snr_5_0038,654536387,9B_snr_sig_0.5_snr_5dB,9B_snr,Gaussian Fitting,Gaussian Fitting,0.5,5.0,84.30903372130584,10.0,uniform,1083.1645201896695,722.8053855505852,0.16452018966947435,0.8053855505852425,,,,,,,,,,,,False,Curve fit non-convergence / optimizer error: Optimal parameters not found: The maximum number of function evaluations is exceeded.,701.8042000709102,701.8042000709102,0.001873070987654321,150.0,31,8
9B_sig_0.5_snr_5_0039,319963816,9B_snr_sig_0.5_snr_5dB,9B_snr,Gaussian Fitting,Gaussian Fitting,0.5,5.0,84.30903372130584,10.0,uniform,765.097095656257,712.0937974444203,0.09709565625701089,0.09379744442026094,,,,,,,,,,,,False,Curve fit non-convergence / optimizer error: Optimal parameters not found: The maximum number of function evaluations is exceeded.,632.0336000062525,632.0336000062525,0.001851369598765432,150.0,31,8
9B_sig_0.5_snr_5_0042,25799682,9B_snr_sig_0.5_snr_5dB,9B_snr,PSF Fitting,PSF Fitting,0.5,5.0,84.30903372130584,10.0,uniform,439.37696396504765,607.1300020757417,0.3769639650476506,0.13000207574168599,,,,,,,,,,,,False,PSF fit non-convergence: Optimal parameters not found: The maximum number of function evaluations is exceeded.,525.5139999790117,525.5139999790117,0.0018648726851851851,150.0,31,8
9B_sig_0.5_snr_5_0047,345748504,9B_snr_sig_0.5_snr_5dB,9B_snr,Gaussian Fitting,Gaussian Fitting,0.5,5.0,84.30903372130584,10.0,uniform,973.7958270775979,440.9708566859572,0.7958270775978917,0.9708566859571874,,,,,,,,,,,,False,Curve fit non-convergence / optimizer error: Optimal parameters not found: The maximum number of function evaluations is exceeded.,687.0788000524044,687.0788000524044,0.0018441358024691358,150.0,31,8
9B_sig_0.5_snr_5_0048,396658939,9B_snr_sig_0.5_snr_5dB,9B_snr,Gaussian Fitting,Gaussian Fitting,0.5,5.0,84.30903372130584,10.0,uniform,266.26658067433266,329.92992953336466,0.2665806743326584,0.9299295333646569,,,,,,,,,,,,False,Curve fit non-convergence / optimizer error: Optimal parameters not found: The maximum number of function evaluations is exceeded.,674.6930999215692,674.6930999215692,0.0018851273148148147,150.0,31,8
9B_sig_0.5_snr_5_0048,396658939,9B_snr_sig_0.5_snr_5dB,9B_snr,PSF Fitting,PSF Fitting,0.5,5.0,84.30903372130584,10.0,uniform,266.26658067433266,329.92992953336466,0.2665806743326584,0.9299295333646569,,,,,,,,,,,,False,PSF fit non-convergence: Optimal parameters not found: The maximum number of function evaluations is exceeded.,531.1629000352696,531.1629000352696,0.0018851273148148147,150.0,31,8
9B_sig_0.5_snr_3_0001,589398801,9B_snr_sig_0.5_snr_3dB,9B_snr,Gaussian Fitting,Gaussian Fitting,0.5,3.0,106.13878499556328,10.0,uniform,349.2509170376317,671.4454219570779,0.2509170376317229,0.44542195707788323,,,,,,,,,,,,False,Curve fit non-convergence / optimizer error: Optimal parameters not found: The maximum number of function evaluations is exceeded.,646.3344999356195,646.3344999356195,0.010569540895061728,150.0,31,8
9B_sig_0.5_snr_3_0001,589398801,9B_snr_sig_0.5_snr_3dB,9B_snr,PSF Fitting,PSF Fitting,0.5,3.0,106.13878499556328,10.0,uniform,349.2509170376317,671.4454219570779,0.2509170376317229,0.44542195707788323,,,,,,,,,,,,False,PSF fit non-convergence: Optimal parameters not found: The maximum number of function evaluations is exceeded.,539.8483999306336,539.8483999306336,0.010569540895061728,150.0,31,8
9B_sig_0.5_snr_3_0002,283571611,9B_snr_sig_0.5_snr_3dB,9B_snr,Gaussian Fitting,Gaussian Fitting,0.5,3.0,106.13878499556328,10.0,uniform,1669.8749753457416,496.6096420194525,0.8749753457416318,0.6096420194525081,,,,,,,,,,,,False,Curve fit non-convergence / optimizer error: Optimal parameters not found: The maximum number of function evaluations is exceeded.,679.0787000209093,679.0787000209093,0.010632716049382715,150.0,31,8
9B_sig_0.5_snr_3_0004,986692842,9B_snr_sig_0.5_snr_3dB,9B_snr,PSF Fitting,PSF Fitting,0.5,3.0,106.13878499556328,10.0,uniform,1118.9455579444834,572.2380293180099,0.9455579444834257,0.23802931800992155,,,,,,,,,,,,False,PSF fit non-convergence: Optimal parameters not found: The maximum number of function evaluations is exceeded.,532.2266999864951,532.2266999864951,0.010675636574074074,150.0,31,8
9B_sig_0.5_snr_3_0008,289596587,9B_snr_sig_0.5_snr_3dB,9B_snr,Gaussian Fitting,Gaussian Fitting,0.5,3.0,106.13878499556328,10.0,uniform,1431.0577091577802,862.5863589040276,0.05770915778020935,0.5863589040276338,,,,,,,,,,,,False,Curve fit non-convergence / optimizer error: Optimal parameters not found: The maximum number of function evaluations is exceeded.,721.3483999948949,721.3483999948949,0.010608603395061728,150.0,31,8
9B_sig_0.5_snr_3_0009,258831544,9B_snr_sig_0.5_snr_3dB,9B_snr,Gaussian Fitting,Gaussian Fitting,0.5,3.0,106.13878499556328,10.0,uniform,935.2254679172198,667.3229365350959,0.22546791721981663,0.3229365350958915,,,,,,,,,,,,False,Curve fit non-convergence / optimizer error: Optimal parameters not found: The maximum number of function evaluations is exceeded.,629.3121000053361,629.3121000053361,0.01056471836419753,150.0,31,8
9B_sig_0.5_snr_3_0009,258831544,9B_snr_sig_0.5_snr_3dB,9B_snr,PSF Fitting,PSF Fitting,0.5,3.0,106.13878499556328,10.0,uniform,935.2254679172198,667.3229365350959,0.22546791721981663,0.3229365350958915,,,,,,,,,,,,False,PSF fit non-convergence: Optimal parameters not found: The maximum number of function evaluations is exceeded.,542.9067999357358,542.9067999357358,0.01056471836419753,150.0,31,8
9B_sig_0.5_snr_3_0013,420425683,9B_snr_sig_0.5_snr_3dB,9B_snr,Gaussian Fitting,Gaussian Fitting,0.5,3.0,106.13878499556328,10.0,uniform,749.5632466172713,770.8694954620178,0.5632466172712611,0.8694954620177668,,,,,,,,,,,,False,Curve fit non-convergence / optimizer error: Optimal parameters not found: The maximum number of function evaluations is exceeded.,697.1072000451386,697.1072000451386,0.010589313271604938,150.0,31,8
9B_sig_0.5_snr_3_0015,594772742,9B_snr_sig_0.5_snr_3dB,9B_snr,Gaussian Fitting,Gaussian Fitting,0.5,3.0,106.13878499556328,10.0,uniform,573.6734693505466,835.8594722160705,0.6734693505466112,0.8594722160704578,,,,,,,,,,,,False,Curve fit non-convergence / optimizer error: Optimal parameters not found: The maximum number of function evaluations is exceeded.,586.4004999166355,586.4004999166355,0.010602334104938271,150.0,31,8
9B_sig_0.5_snr_3_0016,435058670,9B_snr_sig_0.5_snr_3dB,9B_snr,Gaussian Fitting,Gaussian Fitting,0.5,3.0,106.13878499556328,10.0,uniform,900.6376426983637,538.9043026942285,0.6376426983637202,0.9043026942284769,,,,,,,,,,,,False,Curve fit non-convergence / optimizer error: Optimal parameters not found: The maximum number of function evaluations is exceeded.,664.0389999374747,664.0389999374747,0.010522762345679013,150.0,31,8
9B_sig_0.5_snr_3_0020,552171330,9B_snr_sig_0.5_snr_3dB,9B_snr,PSF Fitting,PSF Fitting,0.5,3.0,106.13878499556328,10.0,uniform,888.3072026627952,856.610012934803,0.3072026627952482,0.6100129348029668,,,,,,,,,,,,False,PSF fit non-convergence: Optimal parameters not found: The maximum number of function evaluations is exceeded.,527.6105999946594,527.6105999946594,0.01062596450617284,150.0,31,8
9B_sig_0.5_snr_3_0026,21827343,9B_snr_sig_0.5_snr_3dB,9B_snr,PSF Fitting,PSF Fitting,0.5,3.0,106.13878499556328,10.0,uniform,1013.063569212276,297.6472677434126,0.06356921227597923,0.6472677434126126,,,,,,,,,,,,False,PSF fit non-convergence: Optimal parameters not found: The maximum number of function evaluations is exceeded.,587.4491999857128,587.4491999857128,0.010610050154320988,150.0,31,8
9B_sig_0.5_snr_3_0031,620624502,9B_snr_sig_0.5_snr_3dB,9B_snr,Gaussian Fitting,Gaussian Fitting,0.5,3.0,106.13878499556328,10.0,uniform,1107.884799245147,598.2801203818433,0.8847992451469509,0.2801203818432896,,,,,,,,,,,,False,Curve fit non-convergence / optimizer error: Optimal parameters not found: The maximum number of function evaluations is exceeded.,650.510200066492,650.510200066492,0.01068335262345679,150.0,31,8
9B_sig_0.5_snr_3_0032,659393021,9B_snr_sig_0.5_snr_3dB,9B_snr,Gaussian Fitting,Gaussian Fitting,0.5,3.0,106.13878499556328,10.0,uniform,1501.0253460996216,485.3640678746809,0.025346099621629037,0.36406787468092716,,,,,,,,,,,,False,Curve fit non-convergence / optimizer error: Optimal parameters not found: The maximum number of function evaluations is exceeded.,679.668299970217,679.668299970217,0.010686728395061728,150.0,31,8
9B_sig_0.5_snr_3_0032,659393021,9B_snr_sig_0.5_snr_3dB,9B_snr,PSF Fitting,PSF Fitting,0.5,3.0,106.13878499556328,10.0,uniform,1501.0253460996216,485.3640678746809,0.025346099621629037,0.36406787468092716,,,,,,,,,,,,False,PSF fit non-convergence: Optimal parameters not found: The maximum number of function evaluations is exceeded.,562.4582000309601,562.4582000309601,0.010686728395061728,150.0,31,8
9B_sig_0.5_snr_3_0034,337712292,9B_snr_sig_0.5_snr_3dB,9B_snr,Gaussian Fitting,Gaussian Fitting,0.5,3.0,106.13878499556328,10.0,uniform,218.16962054339774,592.1007267336402,0.16962054339774113,0.10072673364015827,,,,,,,,,,,,False,Curve fit non-convergence / optimizer error: Optimal parameters not found: The maximum number of function evaluations is exceeded.,671.7089000158012,671.7089000158012,0.010498649691358025,150.0,31,8
9B_sig_0.5_snr_3_0036,175934722,9B_snr_sig_0.5_snr_3dB,9B_snr,Gaussian Fitting,Gaussian Fitting,0.5,3.0,106.13878499556328,10.0,uniform,1207.7948339479544,861.9463007844073,0.7948339479544302,0.946300784407299,,,,,,,,,,,,False,Curve fit non-convergence / optimizer error: Optimal parameters not found: The maximum number of function evaluations is exceeded.,671.1528999730945,671.1528999730945,0.010661651234567901,150.0,31,8
9B_sig_0.5_snr_3_0036,175934722,9B_snr_sig_0.5_snr_3dB,9B_snr,PSF Fitting,PSF Fitting,0.5,3.0,106.13878499556328,10.0,uniform,1207.7948339479544,861.9463007844073,0.7948339479544302,0.946300784407299,,,,,,,,,,,,False,PSF fit non-convergence: Optimal parameters not found: The maximum number of function evaluations is exceeded.,579.6931999502704,579.6931999502704,0.010661651234567901,150.0,31,8
9B_sig_0.5_snr_3_0037,301630822,9B_snr_sig_0.5_snr_3dB,9B_snr,Gaussian Fitting,Gaussian Fitting,0.5,3.0,106.13878499556328,10.0,uniform,637.40931662867,630.7955347503213,0.4093166286700125,0.7955347503212806,,,,,,,,,,,,False,Curve fit non-convergence / optimizer error: Optimal parameters not found: The maximum number of function evaluations is exceeded.,718.4030000353232,718.4030000353232,0.010615837191358024,150.0,31,8
9B_sig_0.5_snr_3_0037,301630822,9B_snr_sig_0.5_snr_3dB,9B_snr,PSF Fitting,PSF Fitting,0.5,3.0,106.13878499556328,10.0,uniform,637.40931662867,630.7955347503213,0.4093166286700125,0.7955347503212806,,,,,,,,,,,,False,PSF fit non-convergence: Optimal parameters not found: The maximum number of function evaluations is exceeded.,523.5380000667647,523.5380000667647,0.010615837191358024,150.0,31,8
9B_sig_0.5_snr_3_0040,325599451,9B_snr_sig_0.5_snr_3dB,9B_snr,Gaussian Fitting,Gaussian Fitting,0.5,3.0,106.13878499556328,10.0,uniform,1080.7810267359803,566.9698769033173,0.7810267359802765,0.9698769033172994,,,,,,,,,,,,False,Curve fit non-convergence / optimizer error: Optimal parameters not found: The maximum number of function evaluations is exceeded.,678.291599964723,678.291599964723,0.010510223765432099,150.0,31,8
9B_sig_0.5_snr_3_0040,325599451,9B_snr_sig_0.5_snr_3dB,9B_snr,PSF Fitting,PSF Fitting,0.5,3.0,106.13878499556328,10.0,uniform,1080.7810267359803,566.9698769033173,0.7810267359802765,0.9698769033172994,,,,,,,,,,,,False,PSF fit non-convergence: Optimal parameters not found: The maximum number of function evaluations is exceeded.,557.1149999741465,557.1149999741465,0.010510223765432099,150.0,31,8
9B_sig_0.5_snr_3_0041,162347410,9B_snr_sig_0.5_snr_3dB,9B_snr,Gaussian Fitting,Gaussian Fitting,0.5,3.0,106.13878499556328,10.0,uniform,376.88157982822884,703.1326440746468,0.881579828228837,0.13264407464680517,,,,,,,,,,,,False,Curve fit non-convergence / optimizer error: Optimal parameters not found: The maximum number of function evaluations is exceeded.,651.809300063178,651.809300063178,0.010660204475308643,150.0,31,8
9B_sig_0.5_snr_3_0042,376896043,9B_snr_sig_0.5_snr_3dB,9B_snr,Gaussian Fitting,Gaussian Fitting,0.5,3.0,106.13878499556328,10.0,uniform,246.73361096126743,595.2356710931018,0.7336109612674306,0.23567109310181422,,,,,,,,,,,,False,Curve fit non-convergence / optimizer error: Optimal parameters not found: The maximum number of function evaluations is exceeded.,677.1152000874281,677.1152000874281,0.010600887345679013,150.0,31,8
9B_sig_0.5_snr_3_0044,18251967,9B_snr_sig_0.5_snr_3dB,9B_snr,Gaussian Fitting,Gaussian Fitting,0.5,3.0,106.13878499556328,10.0,uniform,1215.674398504465,837.7333414991976,0.674398504464989,0.7333414991976497,,,,,,,,,,,,False,Curve fit non-convergence / optimizer error: Optimal parameters not found: The maximum number of function evaluations is exceeded.,663.168300059624,663.168300059624,0.010558449074074074,150.0,31,8
9B_sig_0.5_snr_3_0045,689075152,9B_snr_sig_0.5_snr_3dB,9B_snr,PSF Fitting,PSF Fitting,0.5,3.0,106.13878499556328,10.0,uniform,1518.7731051489898,554.6975506417905,0.7731051489897709,0.6975506417904853,,,,,,,,,,,,False,PSF fit non-convergence: Optimal parameters not found: The maximum number of function evaluations is exceeded.,557.090500020422,557.090500020422,0.010622588734567902,150.0,31,8
9B_sig_0.5_snr_3_0046,830970080,9B_snr_sig_0.5_snr_3dB,9B_snr,Gaussian Fitting,Gaussian Fitting,0.5,3.0,106.13878499556328,10.0,uniform,1337.285588536893,252.0798822886549,0.28558853689310126,0.07988228865488622,,,,,,,,,,,,False,Curve fit non-convergence / optimizer error: Optimal parameters not found: The maximum number of function evaluations is exceeded.,659.0928999939933,659.0928999939933,0.01070167824074074,150.0,31,8
9B_sig_0.5_snr_0_0001,859698203,9B_snr_sig_0.5_snr_0dB,9B_snr,PSF Fitting,PSF Fitting,0.5,0.0,149.9250187468754,10.0,uniform,367.65674011004256,383.3862260637471,0.6567401100425627,0.386226063747074,,,,,,,,,,,,False,PSF fit non-convergence: Optimal parameters not found: The maximum number of function evaluations is exceeded.,567.9736000020057,567.9736000020057,0.051432291666666664,150.0,31,8
9B_sig_0.5_snr_0_0003,845121963,9B_snr_sig_0.5_snr_0dB,9B_snr,Gaussian Fitting,Gaussian Fitting,0.5,0.0,149.9250187468754,10.0,uniform,1062.9813177535596,522.518235819937,0.9813177535595514,0.5182358199369901,,,,,,,,,,,,False,Curve fit non-convergence / optimizer error: Optimal parameters not found: The maximum number of function evaluations is exceeded.,631.6329999826849,631.6329999826849,0.05172019675925926,150.0,31,8
9B_sig_0.5_snr_0_0003,845121963,9B_snr_sig_0.5_snr_0dB,9B_snr,PSF Fitting,PSF Fitting,0.5,0.0,149.9250187468754,10.0,uniform,1062.9813177535596,522.518235819937,0.9813177535595514,0.5182358199369901,,,,,,,,,,,,False,PSF fit non-convergence: Optimal parameters not found: The maximum number of function evaluations is exceeded.,520.2853999799117,520.2853999799117,0.05172019675925926,150.0,31,8
9B_sig_0.5_snr_0_0005,165888685,9B_snr_sig_0.5_snr_0dB,9B_snr,Gaussian Fitting,Gaussian Fitting,0.5,0.0,149.9250187468754,10.0,uniform,762.942098598459,423.0097753175109,0.9420985984589834,0.00977531751090055,,,,,,,,,,,,False,Curve fit non-convergence / optimizer error: Optimal parameters not found: The maximum number of function evaluations is exceeded.,669.242300093174,669.242300093174,0.05140094521604938,150.0,31,8
9B_sig_0.5_snr_0_0005,165888685,9B_snr_sig_0.5_snr_0dB,9B_snr,PSF Fitting,PSF Fitting,0.5,0.0,149.9250187468754,10.0,uniform,762.942098598459,423.0097753175109,0.9420985984589834,0.00977531751090055,,,,,,,,,,,,False,PSF fit non-convergence: Optimal parameters not found: The maximum number of function evaluations is exceeded.,561.6264999844134,561.6264999844134,0.05140094521604938,150.0,31,8
9B_sig_0.5_snr_0_0006,865244557,9B_snr_sig_0.5_snr_0dB,9B_snr,Gaussian Fitting,Gaussian Fitting,0.5,0.0,149.9250187468754,10.0,uniform,658.6618431040505,301.99964460569345,0.6618431040504902,0.9996446056934474,,,,,,,,,,,,False,Curve fit non-convergence / optimizer error: Optimal parameters not found: The maximum number of function evaluations is exceeded.,665.9247000934556,665.9247000934556,0.0515552662037037,150.0,31,8
9B_sig_0.5_snr_0_0007,582749289,9B_snr_sig_0.5_snr_0dB,9B_snr,Gaussian Fitting,Gaussian Fitting,0.5,0.0,149.9250187468754,10.0,uniform,1499.2934037977982,509.7276853968791,0.2934037977981916,0.7276853968791102,,,,,,,,,,,,False,Curve fit non-convergence / optimizer error: Optimal parameters not found: The maximum number of function evaluations is exceeded.,675.0890000257641,675.0890000257641,0.05146846064814815,150.0,31,8
9B_sig_0.5_snr_0_0008,605844102,9B_snr_sig_0.5_snr_0dB,9B_snr,Gaussian Fitting,Gaussian Fitting,0.5,0.0,149.9250187468754,10.0,uniform,1339.4571000421058,559.9274335125322,0.45710004210582156,0.9274335125321613,,,,,,,,,,,,False,Curve fit non-convergence / optimizer error: Optimal parameters not found: The maximum number of function evaluations is exceeded.,670.9728999994695,670.9728999994695,0.05148003472222222,150.0,31,8
9B_sig_0.5_snr_0_0012,866274030,9B_snr_sig_0.5_snr_0dB,9B_snr,PSF Fitting,PSF Fitting,0.5,0.0,149.9250187468754,10.0,uniform,1074.7137689368467,555.7716426543793,0.7137689368466908,0.7716426543793204,,,,,,,,,,,,False,PSF fit non-convergence: Optimal parameters not found: The maximum number of function evaluations is exceeded.,529.8854999709874,529.8854999709874,0.0511742862654321,150.0,31,8
9B_sig_0.5_snr_0_0013,876497787,9B_snr_sig_0.5_snr_0dB,9B_snr,Gaussian Fitting,Gaussian Fitting,0.5,0.0,149.9250187468754,10.0,uniform,582.3311972582662,402.46753766532913,0.33119725826622926,0.4675376653291323,,,,,,,,,,,,False,Curve fit non-convergence / optimizer error: Optimal parameters not found: The maximum number of function evaluations is exceeded.,664.291900000535,664.291900000535,0.051258680555555554,150.0,31,8
9B_sig_0.5_snr_0_0017,531675292,9B_snr_sig_0.5_snr_0dB,9B_snr,PSF Fitting,PSF Fitting,0.5,0.0,149.9250187468754,10.0,uniform,953.4636791308498,734.4776714962115,0.463679130849755,0.47767149621154203,,,,,,,,,,,,False,PSF fit non-convergence: Optimal parameters not found: The maximum number of function evaluations is exceeded.,527.7667000191286,527.7667000191286,0.05149209104938272,150.0,31,8
9B_sig_0.5_snr_0_0018,107285759,9B_snr_sig_0.5_snr_0dB,9B_snr,PSF Fitting,PSF Fitting,0.5,0.0,149.9250187468754,10.0,uniform,1244.391549269267,824.1797370137169,0.39154926926698863,0.17973701371693096,,,,,,,,,,,,False,PSF fit non-convergence: Optimal parameters not found: The maximum number of function evaluations is exceeded.,516.5334999328479,516.5334999328479,0.05150655864197531,150.0,31,8
9B_sig_0.5_snr_0_0019,836352059,9B_snr_sig_0.5_snr_0dB,9B_snr,Gaussian Fitting,Gaussian Fitting,0.5,0.0,149.9250187468754,10.0,uniform,214.6265482455479,239.33148606535477,0.6265482455478946,0.3314860653547669,,,,,,,,,,,,False,Curve fit non-convergence / optimizer error: Optimal parameters not found: The maximum number of function evaluations is exceeded.,692.1079000458121,692.1079000458121,0.051648823302469136,150.0,31,8
9B_sig_0.5_snr_0_0024,774791009,9B_snr_sig_0.5_snr_0dB,9B_snr,Gaussian Fitting,Gaussian Fitting,0.5,0.0,149.9250187468754,10.0,uniform,686.1101029834384,640.6462829123268,0.11010298343842351,0.6462829123267966,,,,,,,,,,,,False,Curve fit non-convergence / optimizer error: Optimal parameters not found: The maximum number of function evaluations is exceeded.,657.078200019896,657.078200019896,0.05185715663580247,150.0,31,8
9B_sig_0.5_snr_0_0024,774791009,9B_snr_sig_0.5_snr_0dB,9B_snr,PSF Fitting,PSF Fitting,0.5,0.0,149.9250187468754,10.0,uniform,686.1101029834384,640.6462829123268,0.11010298343842351,0.6462829123267966,,,,,,,,,,,,False,PSF fit non-convergence: Optimal parameters not found: The maximum number of function evaluations is exceeded.,563.492999994196,563.492999994196,0.05185715663580247,150.0,31,8
9B_sig_0.5_snr_0_0026,278011551,9B_snr_sig_0.5_snr_0dB,9B_snr,Gaussian Fitting,Gaussian Fitting,0.5,0.0,149.9250187468754,10.0,uniform,769.4309379355282,563.1302080885928,0.4309379355281635,0.13020808859278077,,,,,,,,,,,,False,Curve fit non-convergence / optimizer error: Optimal parameters not found: The maximum number of function evaluations is exceeded.,682.2862999979407,682.2862999979407,0.05120466820987654,150.0,31,8
9B_sig_0.5_snr_0_0028,47777049,9B_snr_sig_0.5_snr_0dB,9B_snr,Gaussian Fitting,Gaussian Fitting,0.5,0.0,149.9250187468754,10.0,uniform,1476.633205051099,607.3890482852067,0.633205051098912,0.38904828520674073,,,,,,,,,,,,False,Curve fit non-convergence / optimizer error: Optimal parameters not found: The maximum number of function evaluations is exceeded.,697.5896999938414,697.5896999938414,0.0518262924382716,150.0,31,8
9B_sig_0.5_snr_0_0033,302847858,9B_snr_sig_0.5_snr_0dB,9B_snr,Gaussian Fitting,Gaussian Fitting,0.5,0.0,149.9250187468754,10.0,uniform,1536.65088504602,674.299028624768,0.6508850460199938,0.29902862476797054,,,,,,,,,,,,False,Curve fit non-convergence / optimizer error: Optimal parameters not found: The maximum number of function evaluations is exceeded.,706.5854000393301,706.5854000393301,0.05140480324074074,150.0,31,8
9B_sig_0.5_snr_0_0033,302847858,9B_snr_sig_0.5_snr_0dB,9B_snr,PSF Fitting,PSF Fitting,0.5,0.0,149.9250187468754,10.0,uniform,1536.65088504602,674.299028624768,0.6508850460199938,0.29902862476797054,,,,,,,,,,,,False,PSF fit non-convergence: Optimal parameters not found: The maximum number of function evaluations is exceeded.,534.016799996607,534.016799996607,0.05140480324074074,150.0,31,8
9B_sig_0.5_snr_0_0035,819921060,9B_snr_sig_0.5_snr_0dB,9B_snr,Gaussian Fitting,Gaussian Fitting,0.5,0.0,149.9250187468754,10.0,uniform,1506.866580605292,631.2584161993753,0.8665806052920288,0.2584161993753469,,,,,,,,,,,,False,Curve fit non-convergence / optimizer error: Optimal parameters not found: The maximum number of function evaluations is exceeded.,679.8434999072924,679.8434999072924,0.051305941358024694,150.0,31,8
9B_sig_0.5_snr_0_0035,819921060,9B_snr_sig_0.5_snr_0dB,9B_snr,PSF Fitting,PSF Fitting,0.5,0.0,149.9250187468754,10.0,uniform,1506.866580605292,631.2584161993753,0.8665806052920288,0.2584161993753469,,,,,,,,,,,,False,PSF fit non-convergence: Optimal parameters not found: The maximum number of function evaluations is exceeded.,590.666800038889,590.666800038889,0.051305941358024694,150.0,31,8
9B_sig_0.5_snr_0_0037,985567039,9B_snr_sig_0.5_snr_0dB,9B_snr,PSF Fitting,PSF Fitting,0.5,0.0,149.9250187468754,10.0,uniform,1233.6124294866304,669.9616111730634,0.6124294866303899,0.9616111730633747,,,,,,,,,,,,False,PSF fit non-convergence: Optimal parameters not found: The maximum number of function evaluations is exceeded.,628.5499000223354,628.5499000223354,0.05150173611111111,150.0,31,8
9B_sig_0.5_snr_0_0039,353164953,9B_snr_sig_0.5_snr_0dB,9B_snr,PSF Fitting,PSF Fitting,0.5,0.0,149.9250187468754,10.0,uniform,1330.2708718556396,806.709719663398,0.2708718556395979,0.7097196633980047,,,,,,,,,,,,False,PSF fit non-convergence: Optimal parameters not found: The maximum number of function evaluations is exceeded.,559.3857999192551,559.3857999192551,0.05123456790123457,150.0,31,8
9B_sig_0.5_snr_0_0046,727160284,9B_snr_sig_0.5_snr_0dB,9B_snr,Gaussian Fitting,Gaussian Fitting,0.5,0.0,149.9250187468754,10.0,uniform,289.57703505398416,322.90252758283486,0.5770350539841616,0.902527582834864,,,,,,,,,,,,False,Curve fit non-convergence / optimizer error: Optimal parameters not found: The maximum number of function evaluations is exceeded.,648.3595999889076,648.3595999889076,0.0517554012345679,150.0,31,8
9B_sig_0.5_snr_0_0046,727160284,9B_snr_sig_0.5_snr_0dB,9B_snr,PSF Fitting,PSF Fitting,0.5,0.0,149.9250187468754,10.0,uniform,289.57703505398416,322.90252758283486,0.5770350539841616,0.902527582834864,,,,,,,,,,,,False,PSF fit non-convergence: Optimal parameters not found: The maximum number of function evaluations is exceeded.,529.9434000626206,529.9434000626206,0.0517554012345679,150.0,31,8
9B_sig_0.5_snr_0_0047,269471722,9B_snr_sig_0.5_snr_0dB,9B_snr,Gaussian Fitting,Gaussian Fitting,0.5,0.0,149.9250187468754,10.0,uniform,574.0048807221581,704.4904108697108,0.004880722158077333,0.49041086971078585,,,,,,,,,,,,False,Curve fit non-convergence / optimizer error: Optimal parameters not found: The maximum number of function evaluations is exceeded.,741.6436000494286,741.6436000494286,0.051553337191358024,150.0,31,8
9B_sig_0.5_snr_0_0047,269471722,9B_snr_sig_0.5_snr_0dB,9B_snr,PSF Fitting,PSF Fitting,0.5,0.0,149.9250187468754,10.0,uniform,574.0048807221581,704.4904108697108,0.004880722158077333,0.49041086971078585,,,,,,,,,,,,False,PSF fit non-convergence: Optimal parameters not found: The maximum number of function evaluations is exceeded.,532.0356999291107,532.0356999291107,0.051553337191358024,150.0,31,8
9B_sig_0.5_snr_0_0048,382112095,9B_snr_sig_0.5_snr_0dB,9B_snr,Gaussian Fitting,Gaussian Fitting,0.5,0.0,149.9250187468754,10.0,uniform,1572.7830102480941,492.8340584321836,0.783010248094115,0.8340584321836104,,,,,,,,,,,,False,Curve fit non-convergence / optimizer error: Optimal parameters not found: The maximum number of function evaluations is exceeded.,684.7151999827474,684.7151999827474,0.05142746913580247,150.0,31,8
9B_sig_0.5_snr_0_0049,152082561,9B_snr_sig_0.5_snr_0dB,9B_snr,PSF Fitting,PSF Fitting,0.5,0.0,149.9250187468754,10.0,uniform,1230.4092073035924,738.1830757048454,0.4092073035924386,0.18307570484535063,,,,,,,,,,,,False,PSF fit non-convergence: Optimal parameters not found: The maximum number of function evaluations is exceeded.,538.8539000414312,538.8539000414312,0.05139853395061728,150.0,31,8
9B_sig_1_snr_5_0015,303818284,9B_snr_sig_1_snr_5dB,9B_snr,Gaussian Fitting,Gaussian Fitting,1.0,5.0,84.30903372130584,10.0,uniform,1142.101566009083,397.82082019412303,0.10156600908294422,0.82082019412303,,,,,,,,,,,,False,Curve fit non-convergence / optimizer error: Optimal parameters not found: The maximum number of function evaluations is exceeded.,659.8618000280112,659.8618000280112,0.0018986304012345678,150.0,31,8
9B_sig_1_snr_5_0022,231235730,9B_snr_sig_1_snr_5dB,9B_snr,Gaussian Fitting,Gaussian Fitting,1.0,5.0,84.30903372130584,10.0,uniform,1059.3247573313602,278.29555360366413,0.3247573313601606,0.29555360366413197,,,,,,,,,,,,False,Curve fit non-convergence / optimizer error: Optimal parameters not found: The maximum number of function evaluations is exceeded.,642.703999998048,642.703999998048,0.0018504050925925925,150.0,31,8
9B_sig_1_snr_3_0000,299967355,9B_snr_sig_1_snr_3dB,9B_snr,Gaussian Fitting,Gaussian Fitting,1.0,3.0,106.13878499556328,10.0,uniform,435.6987528947804,302.40511077275653,0.698752894780398,0.4051107727565295,,,,,,,,,,,,False,Curve fit non-convergence / optimizer error: Optimal parameters not found: The maximum number of function evaluations is exceeded.,632.7893999405205,632.7893999405205,0.010713252314814814,150.0,31,8
9B_sig_1_snr_3_0014,693426106,9B_snr_sig_1_snr_3dB,9B_snr,Gaussian Fitting,Gaussian Fitting,1.0,3.0,106.13878499556328,10.0,uniform,1012.3556258422182,575.8780352328043,0.35562584221815996,0.8780352328043364,,,,,,,,,,,,False,Curve fit non-convergence / optimizer error: Optimal parameters not found: The maximum number of function evaluations is exceeded.,637.1537999948487,637.1537999948487,0.010540123456790123,150.0,31,8
9B_sig_1_snr_3_0033,891879329,9B_snr_sig_1_snr_3dB,9B_snr,Gaussian Fitting,Gaussian Fitting,1.0,3.0,106.13878499556328,10.0,uniform,1126.525998082437,511.06738989709896,0.5259980824368995,0.06738989709896259,,,,,,,,,,,,False,Curve fit non-convergence / optimizer error: Optimal parameters not found: The maximum number of function evaluations is exceeded.,630.0582999829203,630.0582999829203,0.01052854938271605,150.0,31,8
9B_sig_1_snr_3_0036,697028393,9B_snr_sig_1_snr_3dB,9B_snr,Gaussian Fitting,Gaussian Fitting,1.0,3.0,106.13878499556328,10.0,uniform,1569.2197075991846,560.4696693429881,0.21970759918463045,0.46966934298814067,,,,,,,,,,,,False,Curve fit non-convergence / optimizer error: Optimal parameters not found: The maximum number of function evaluations is exceeded.,658.8181999977678,658.8181999977678,0.01062210648148148,150.0,31,8
9B_sig_1_snr_3_0040,202077494,9B_snr_sig_1_snr_3dB,9B_snr,Gaussian Fitting,Gaussian Fitting,1.0,3.0,106.13878499556328,10.0,uniform,614.8859260432558,213.31461925366543,0.8859260432558358,0.31461925366542687,,,,,,,,,,,,False,Curve fit non-convergence / optimizer error: Optimal parameters not found: The maximum number of function evaluations is exceeded.,605.8084000833333,605.8084000833333,0.010519868827160495,150.0,31,8
9B_sig_1_snr_3_0047,429310070,9B_snr_sig_1_snr_3dB,9B_snr,Gaussian Fitting,Gaussian Fitting,1.0,3.0,106.13878499556328,10.0,uniform,448.33871060878835,437.4773258148649,0.3387106087883467,0.477325814864912,,,,,,,,,,,,False,Curve fit non-convergence / optimizer error: Optimal parameters not found: The maximum number of function evaluations is exceeded.,638.8470999663696,638.8470999663696,0.010609567901234568,150.0,31,8
9B_sig_1_snr_0_0005,621108129,9B_snr_sig_1_snr_0dB,9B_snr,Gaussian Fitting,Gaussian Fitting,1.0,0.0,149.9250187468754,10.0,uniform,1703.0841913473087,544.8592331125664,0.08419134730866062,0.8592331125663577,,,,,,,,,,,,False,Curve fit non-convergence / optimizer error: Optimal parameters not found: The maximum number of function evaluations is exceeded.,679.1548000182956,679.1548000182956,0.05152729552469136,150.0,31,8
9B_sig_1_snr_0_0016,110697414,9B_snr_sig_1_snr_0dB,9B_snr,Gaussian Fitting,Gaussian Fitting,1.0,0.0,149.9250187468754,10.0,uniform,771.9178767371989,290.6151727606771,0.917876737198867,0.615172760677126,,,,,,,,,,,,False,Curve fit non-convergence / optimizer error: Optimal parameters not found: The maximum number of function evaluations is exceeded.,661.0285000642762,661.0285000642762,0.05128279320987654,150.0,31,8
9B_sig_1_snr_0_0020,4404005,9B_snr_sig_1_snr_0dB,9B_snr,Gaussian Fitting,Gaussian Fitting,1.0,0.0,149.9250187468754,10.0,uniform,1456.1506694474385,348.44665104809616,0.15066944743853128,0.4466510480961574,,,,,,,,,,,,False,Curve fit non-convergence / optimizer error: Optimal parameters not found: The maximum number of function evaluations is exceeded.,646.4491999940947,646.4491999940947,0.051382137345679015,150.0,31,8
9B_sig_1_snr_0_0040,938506397,9B_snr_sig_1_snr_0dB,9B_snr,Gaussian Fitting,Gaussian Fitting,1.0,0.0,149.9250187468754,10.0,uniform,1601.150533619474,433.97732054506355,0.1505336194738902,0.9773205450635487,,,,,,,,,,,,False,Curve fit non-convergence / optimizer error: Optimal parameters not found: The maximum number of function evaluations is exceeded.,668.9079999923706,668.9079999923706,0.051323784722222224,150.0,31,8
9B_sig_1_snr_0_0042,318758614,9B_snr_sig_1_snr_0dB,9B_snr,Gaussian Fitting,Gaussian Fitting,1.0,0.0,149.9250187468754,10.0,uniform,1230.1912607118138,296.8769049293679,0.1912607118138112,0.8769049293679245,,,,,,,,,,,,False,Curve fit non-convergence / optimizer error: Optimal parameters not found: The maximum number of function evaluations is exceeded.,653.2964000944048,653.2964000944048,0.051598186728395064,150.0,31,8
9B_sig_1_snr_0_0049,372278739,9B_snr_sig_1_snr_0dB,9B_snr,Gaussian Fitting,Gaussian Fitting,1.0,0.0,149.9250187468754,10.0,uniform,220.57365431403647,844.3726277176588,0.5736543140364745,0.3726277176588155,,,,,,,,,,,,False,Curve fit non-convergence / optimizer error: Optimal parameters not found: The maximum number of function evaluations is exceeded.,622.172600007616,622.172600007616,0.051556712962962964,150.0,31,8
9B_sig_1.5_snr_0_0013,499702883,9B_snr_sig_1.5_snr_0dB,9B_snr,Gaussian Fitting,Gaussian Fitting,1.5,0.0,149.9250187468754,10.0,uniform,722.7956610552831,486.4424979147617,0.7956610552830625,0.4424979147617023,,,,,,,,,,,,False,Curve fit non-convergence / optimizer error: Optimal parameters not found: The maximum number of function evaluations is exceeded.,630.143899936229,630.143899936229,0.05112943672839506,150.0,31,8
9B_sig_1.5_snr_0_0033,671875950,9B_snr_sig_1.5_snr_0dB,9B_snr,Gaussian Fitting,Gaussian Fitting,1.5,0.0,149.9250187468754,10.0,uniform,957.4024254428256,601.5502632776124,0.40242544282557446,0.5502632776124301,,,,,,,,,,,,False,Curve fit non-convergence / optimizer error: Optimal parameters not found: The maximum number of function evaluations is exceeded.,604.1421999689192,604.1421999689192,0.05152006172839506,150.0,31,8
9B_sig_1.5_snr_0_0037,243157731,9B_snr_sig_1.5_snr_0dB,9B_snr,Gaussian Fitting,Gaussian Fitting,1.5,0.0,149.9250187468754,10.0,uniform,589.9057889646624,522.3915658865297,0.9057889646624062,0.39156588652974733,,,,,,,,,,,,False,Curve fit non-convergence / optimizer error: Optimal parameters not found: The maximum number of function evaluations is exceeded.,645.2134000137448,645.2134000137448,0.05164930555555555,150.0,31,8
9B_sig_2.5_snr_0_0039,237676581,9B_snr_sig_2.5_snr_0dB,9B_snr,Gaussian Fitting,Gaussian Fitting,2.5,0.0,149.9250187468754,10.0,uniform,1697.4172822234186,708.0847199509657,0.4172822234186242,0.08471995096567753,,,,,,,,,,,,False,Curve fit non-convergence / optimizer error: Optimal parameters not found: The maximum number of function evaluations is exceeded.,651.232699980028,651.232699980028,0.0515967399691358,150.0,31,8
9C_sig_0.5_bg_0_0001,575185833,9C_bg_sig_0.5_bg_0,9C_background,Gaussian Fitting,Gaussian Fitting,0.5,15.0,26.660857388726804,0.0,uniform,411.12453812032606,328.2781706560658,0.12453812032606493,0.2781706560658108,,,,,,,,,,,,False,Curve fit non-convergence / optimizer error: Optimal parameters not found: The maximum number of function evaluations is exceeded.,701.9890999654308,701.9890999654308,0.0,150.0,31,8
9C_sig_0.5_bg_0_0013,469553862,9C_bg_sig_0.5_bg_0,9C_background,Gaussian Fitting,Gaussian Fitting,0.5,15.0,26.660857388726804,0.0,uniform,1103.874131165332,502.2310409917733,0.8741311653320736,0.23104099177328408,,,,,,,,,,,,False,Curve fit non-convergence / optimizer error: Optimal parameters not found: The maximum number of function evaluations is exceeded.,659.5851000165567,659.5851000165567,0.0,150.0,31,8
9C_sig_0.5_bg_0_0014,263738183,9C_bg_sig_0.5_bg_0,9C_background,Gaussian Fitting,Gaussian Fitting,0.5,15.0,26.660857388726804,0.0,uniform,1233.7291753708978,665.9781484590402,0.7291753708977922,0.9781484590401988,,,,,,,,,,,,False,Curve fit non-convergence / optimizer error: Optimal parameters not found: The maximum number of function evaluations is exceeded.,631.8534000311047,631.8534000311047,0.0,150.0,31,8
9C_sig_0.5_bg_0_0019,475955743,9C_bg_sig_0.5_bg_0,9C_background,Gaussian Fitting,Gaussian Fitting,0.5,15.0,26.660857388726804,0.0,uniform,1001.9355335708104,211.86975437287785,0.9355335708104349,0.8697543728778498,,,,,,,,,,,,False,Curve fit non-convergence / optimizer error: Optimal parameters not found: The maximum number of function evaluations is exceeded.,655.3114000707865,655.3114000707865,0.0,150.0,31,8
9C_sig_0.5_bg_0_0039,49802154,9C_bg_sig_0.5_bg_0,9C_background,Gaussian Fitting,Gaussian Fitting,0.5,15.0,26.660857388726804,0.0,uniform,884.0601114161732,803.1735113899738,0.06011141617318572,0.17351138997378257,,,,,,,,,,,,False,Curve fit non-convergence / optimizer error: Optimal parameters not found: The maximum number of function evaluations is exceeded.,657.2758000111207,657.2758000111207,0.0,150.0,31,8
9C_sig_0.5_bg_10_0012,521925801,9C_bg_sig_0.5_bg_10,9C_background,Gaussian Fitting,Gaussian Fitting,0.5,15.0,26.660857388726804,10.0,uniform,1396.5697037055595,706.0634985198618,0.5697037055595047,0.06349851986180965,,,,,,,,,,,,False,Curve fit non-convergence / optimizer error: Optimal parameters not found: The maximum number of function evaluations is exceeded.,653.4790999721736,653.4790999721736,0.0,150.0,31,8
9C_sig_0.5_bg_10_0013,442807375,9C_bg_sig_0.5_bg_10,9C_background,Gaussian Fitting,Gaussian Fitting,0.5,15.0,26.660857388726804,10.0,uniform,485.11895879354324,727.0820152799013,0.11895879354324279,0.08201527990127033,,,,,,,,,,,,False,Curve fit non-convergence / optimizer error: Optimal parameters not found: The maximum number of function evaluations is exceeded.,651.4473999850452,651.4473999850452,0.0,150.0,31,8
9C_sig_0.5_bg_10_0015,618017668,9C_bg_sig_0.5_bg_10,9C_background,Gaussian Fitting,Gaussian Fitting,0.5,15.0,26.660857388726804,10.0,uniform,1295.881872483516,388.021242194635,0.8818724835159628,0.02124219463502186,,,,,,,,,,,,False,Curve fit non-convergence / optimizer error: Optimal parameters not found: The maximum number of function evaluations is exceeded.,648.78609997686,648.78609997686,0.0,150.0,31,8
9C_sig_0.5_bg_10_0026,963778279,9C_bg_sig_0.5_bg_10,9C_background,Gaussian Fitting,Gaussian Fitting,0.5,15.0,26.660857388726804,10.0,uniform,1320.412314015464,216.74095429037789,0.4123140154640623,0.7409542903778856,,,,,,,,,,,,False,Curve fit non-convergence / optimizer error: Optimal parameters not found: The maximum number of function evaluations is exceeded.,678.1252000946552,678.1252000946552,0.0,150.0,31,8
9C_sig_0.5_bg_50_0034,897720673,9C_bg_sig_0.5_bg_50,9C_background,Gaussian Fitting,Gaussian Fitting,0.5,15.0,26.660857388726804,50.0,uniform,945.4506734513003,645.8926614913617,0.4506734513003039,0.8926614913616504,,,,,,,,,,,,False,Curve fit non-convergence / optimizer error: Optimal parameters not found: The maximum number of function evaluations is exceeded.,665.3157999971882,665.3157999971882,0.0,150.0,31,8
9C_sig_0.5_bg_100_0029,137192743,9C_bg_sig_0.5_bg_100,9C_background,Gaussian Fitting,Gaussian Fitting,0.5,15.0,26.660857388726804,100.0,uniform,640.408190364744,280.8019088031079,0.4081903647439731,0.8019088031078923,,,,,,,,,,,,False,Curve fit non-convergence / optimizer error: Optimal parameters not found: The maximum number of function evaluations is exceeded.,649.0927999839187,649.0927999839187,0.0,150.0,31,8
9C_sig_0.5_bg_100_0042,40548863,9C_bg_sig_0.5_bg_100,9C_background,Gaussian Fitting,Gaussian Fitting,0.5,15.0,26.660857388726804,100.0,uniform,857.073283027495,847.8806693271413,0.07328302749499471,0.8806693271412769,,,,,,,,,,,,False,Curve fit non-convergence / optimizer error: Optimal parameters not found: The maximum number of function evaluations is exceeded.,647.3070000065491,647.3070000065491,0.0,150.0,31,8
9C_sig_0.5_bg_100_0048,33102226,9C_bg_sig_0.5_bg_100,9C_background,Gaussian Fitting,Gaussian Fitting,0.5,15.0,26.660857388726804,100.0,uniform,884.3754366422831,500.08995007376114,0.3754366422831481,0.08995007376114472,,,,,,,,,,,,False,Curve fit non-convergence / optimizer error: Optimal parameters not found: The maximum number of function evaluations is exceeded.,656.1638000421226,656.1638000421226,0.0,150.0,31,8
9C_sig_0.5_bg_500_0000,763861061,9C_bg_sig_0.5_bg_500,9C_background,Intensity-Weighted Centroid,Intensity-Weighted Centroid,0.5,15.0,26.660857388726804,500.0,uniform,1384.4689672971288,864.9500359568057,0.4689672971287564,0.9500359568056638,,,,,,,,,,,,False,Total effective weight is zero or nonfinite,0.23600005079060793,0.23600005079060793,1.0,150.0,31,8
9C_sig_0.5_bg_500_0001,442245118,9C_bg_sig_0.5_bg_500,9C_background,Intensity-Weighted Centroid,Intensity-Weighted Centroid,0.5,15.0,26.660857388726804,500.0,uniform,1642.6664098408241,577.3223468746926,0.6664098408241443,0.3223468746925846,,,,,,,,,,,,False,Total effective weight is zero or nonfinite,0.18149998504668474,0.18149998504668474,1.0,150.0,31,8
9C_sig_0.5_bg_500_0002,843959214,9C_bg_sig_0.5_bg_500,9C_background,Intensity-Weighted Centroid,Intensity-Weighted Centroid,0.5,15.0,26.660857388726804,500.0,uniform,1195.2903574293998,565.7431528895855,0.290357429399819,0.7431528895855308,,,,,,,,,,,,False,Total effective weight is zero or nonfinite,0.18800003454089165,0.18800003454089165,1.0,150.0,31,8
9C_sig_0.5_bg_500_0003,89216669,9C_bg_sig_0.5_bg_500,9C_background,Intensity-Weighted Centroid,Intensity-Weighted Centroid,0.5,15.0,26.660857388726804,500.0,uniform,917.572083971614,241.65646788087497,0.5720839716140063,0.6564678808749704,,,,,,,,,,,,False,Total effective weight is zero or nonfinite,0.18639990594238043,0.18639990594238043,1.0,150.0,31,8
9C_sig_0.5_bg_500_0004,497078005,9C_bg_sig_0.5_bg_500,9C_background,Intensity-Weighted Centroid,Intensity-Weighted Centroid,0.5,15.0,26.660857388726804,500.0,uniform,583.3842951430371,248.09116041218053,0.3842951430370931,0.09116041218052828,,,,,,,,,,,,False,Total effective weight is zero or nonfinite,0.18530001398175955,0.18530001398175955,1.0,150.0,31,8
9C_sig_0.5_bg_500_0005,342965501,9C_bg_sig_0.5_bg_500,9C_background,Intensity-Weighted Centroid,Intensity-Weighted Centroid,0.5,15.0,26.660857388726804,500.0,uniform,475.1018837293904,515.062713160997,0.10188372939040846,0.06271316099696378,,,,,,,,,,,,False,Total effective weight is zero or nonfinite,0.1799999736249447,0.1799999736249447,1.0,150.0,31,8
9C_sig_0.5_bg_500_0006,225161578,9C_bg_sig_0.5_bg_500,9C_background,Intensity-Weighted Centroid,Intensity-Weighted Centroid,0.5,15.0,26.660857388726804,500.0,uniform,469.1023966689744,297.9939995652417,0.10239666897439292,0.9939995652417224,,,,,,,,,,,,False,Total effective weight is zero or nonfinite,0.18049997743219137,0.18049997743219137,1.0,150.0,31,8
9C_sig_0.5_bg_500_0007,348665525,9C_bg_sig_0.5_bg_500,9C_background,Intensity-Weighted Centroid,Intensity-Weighted Centroid,0.5,15.0,26.660857388726804,500.0,uniform,850.8830020698157,781.8295792778596,0.8830020698156886,0.8295792778595796,,,,,,,,,,,,False,Total effective weight is zero or nonfinite,0.18780003301799297,0.18780003301799297,1.0,150.0,31,8
9C_sig_0.5_bg_500_0008,43890620,9C_bg_sig_0.5_bg_500,9C_background,Intensity-Weighted Centroid,Intensity-Weighted Centroid,0.5,15.0,26.660857388726804,500.0,uniform,1562.638093096137,855.8066980660091,0.6380930961370268,0.8066980660090621,,,,,,,,,,,,False,Total effective weight is zero or nonfinite,0.17959997057914734,0.17959997057914734,1.0,150.0,31,8
9C_sig_0.5_bg_500_0009,367422135,9C_bg_sig_0.5_bg_500,9C_background,Intensity-Weighted Centroid,Intensity-Weighted Centroid,0.5,15.0,26.660857388726804,500.0,uniform,581.4470990914666,568.5461984875326,0.44709909146661175,0.5461984875325925,,,,,,,,,,,,False,Total effective weight is zero or nonfinite,0.17180002760142088,0.17180002760142088,1.0,150.0,31,8
9C_sig_0.5_bg_500_0010,897611133,9C_bg_sig_0.5_bg_500,9C_background,Intensity-Weighted Centroid,Intensity-Weighted Centroid,0.5,15.0,26.660857388726804,500.0,uniform,1374.791951088576,684.1020868554843,0.7919510885760701,0.1020868554843446,,,,,,,,,,,,False,Total effective weight is zero or nonfinite,0.18780003301799297,0.18780003301799297,1.0,150.0,31,8
9C_sig_0.5_bg_500_0011,389808377,9C_bg_sig_0.5_bg_500,9C_background,Intensity-Weighted Centroid,Intensity-Weighted Centroid,0.5,15.0,26.660857388726804,500.0,uniform,969.6240796037234,259.1616148041501,0.6240796037234304,0.16161480415007645,,,,,,,,,,,,False,Total effective weight is zero or nonfinite,0.17660006415098906,0.17660006415098906,1.0,150.0,31,8
9C_sig_0.5_bg_500_0012,970983900,9C_bg_sig_0.5_bg_500,9C_background,Intensity-Weighted Centroid,Intensity-Weighted Centroid,0.5,15.0,26.660857388726804,500.0,uniform,1108.236423338079,707.2194565657857,0.23642333807902105,0.21945656578566286,,,,,,,,,,,,False,Total effective weight is zero or nonfinite,0.24979992303997278,0.24979992303997278,1.0,150.0,31,8
9C_sig_0.5_bg_500_0013,456311969,9C_bg_sig_0.5_bg_500,9C_background,Intensity-Weighted Centroid,Intensity-Weighted Centroid,0.5,15.0,26.660857388726804,500.0,uniform,419.4635456118798,816.0297564851641,0.4635456118797947,0.029756485164057267,,,,,,,,,,,,False,Total effective weight is zero or nonfinite,0.19170006271451712,0.19170006271451712,1.0,150.0,31,8
9C_sig_0.5_bg_500_0014,311682972,9C_bg_sig_0.5_bg_500,9C_background,Intensity-Weighted Centroid,Intensity-Weighted Centroid,0.5,15.0,26.660857388726804,500.0,uniform,337.4599242210498,204.55659562058386,0.45992422104978914,0.5565956205838631,,,,,,,,,,,,False,Total effective weight is zero or nonfinite,0.19070005510002375,0.19070005510002375,1.0,150.0,31,8
9C_sig_0.5_bg_500_0015,52172545,9C_bg_sig_0.5_bg_500,9C_background,Intensity-Weighted Centroid,Intensity-Weighted Centroid,0.5,15.0,26.660857388726804,500.0,uniform,724.2880200841097,658.5595039178525,0.2880200841096894,0.559503917852453,,,,,,,,,,,,False,Total effective weight is zero or nonfinite,0.1802000915631652,0.1802000915631652,1.0,150.0,31,8
9C_sig_0.5_bg_500_0016,498298337,9C_bg_sig_0.5_bg_500,9C_background,Intensity-Weighted Centroid,Intensity-Weighted Centroid,0.5,15.0,26.660857388726804,500.0,uniform,722.9897777556652,444.2051240688676,0.989777755665159,0.20512406886757617,,,,,,,,,,,,False,Total effective weight is zero or nonfinite,0.23390003480017185,0.23390003480017185,1.0,150.0,31,8
9C_sig_0.5_bg_500_0017,180331219,9C_bg_sig_0.5_bg_500,9C_background,Intensity-Weighted Centroid,Intensity-Weighted Centroid,0.5,15.0,26.660857388726804,500.0,uniform,528.3590829274879,691.0519182050865,0.3590829274878615,0.05191820508650835,,,,,,,,,,,,False,Total effective weight is zero or nonfinite,0.18099998123943806,0.18099998123943806,1.0,150.0,31,8
9C_sig_0.5_bg_500_0018,508934711,9C_bg_sig_0.5_bg_500,9C_background,Intensity-Weighted Centroid,Intensity-Weighted Centroid,0.5,15.0,26.660857388726804,500.0,uniform,448.6467404661665,441.02060145703126,0.6467404661664773,0.020601457031261816,,,,,,,,,,,,False,Total effective weight is zero or nonfinite,0.18859992269426584,0.18859992269426584,1.0,150.0,31,8
9C_sig_0.5_bg_500_0019,973334951,9C_bg_sig_0.5_bg_500,9C_background,Intensity-Weighted Centroid,Intensity-Weighted Centroid,0.5,15.0,26.660857388726804,500.0,uniform,1563.3713596637967,391.19899925300194,0.37135966379673846,0.19899925300194354,,,,,,,,,,,,False,Total effective weight is zero or nonfinite,0.18309999722987413,0.18309999722987413,1.0,150.0,31,8
9C_sig_0.5_bg_500_0020,679806533,9C_bg_sig_0.5_bg_500,9C_background,Intensity-Weighted Centroid,Intensity-Weighted Centroid,0.5,15.0,26.660857388726804,500.0,uniform,818.4782828643645,235.719445089197,0.4782828643644734,0.719445089196995,,,,,,,,,,,,False,Total effective weight is zero or nonfinite,0.17630006186664104,0.17630006186664104,1.0,150.0,31,8
9C_sig_0.5_bg_500_0021,9979488,9C_bg_sig_0.5_bg_500,9C_background,Intensity-Weighted Centroid,Intensity-Weighted Centroid,0.5,15.0,26.660857388726804,500.0,uniform,1178.6320513734793,251.46445693061162,0.6320513734792712,0.4644569306116182,,,,,,,,,,,,False,Total effective weight is zero or nonfinite,0.2191000385209918,0.2191000385209918,1.0,150.0,31,8
9C_sig_0.5_bg_500_0022,425111224,9C_bg_sig_0.5_bg_500,9C_background,Intensity-Weighted Centroid,Intensity-Weighted Centroid,0.5,15.0,26.660857388726804,500.0,uniform,1075.7682523479973,553.7093006892042,0.7682523479973042,0.7093006892041558,,,,,,,,,,,,False,Total effective weight is zero or nonfinite,0.17919996753335,0.17919996753335,1.0,150.0,31,8
9C_sig_0.5_bg_500_0023,282253858,9C_bg_sig_0.5_bg_500,9C_background,Intensity-Weighted Centroid,Intensity-Weighted Centroid,0.5,15.0,26.660857388726804,500.0,uniform,353.0722338477137,584.3388734803701,0.07223384771367591,0.33887348037012544,,,,,,,,,,,,False,Total effective weight is zero or nonfinite,0.23520004469901323,0.23520004469901323,1.0,150.0,31,8
9C_sig_0.5_bg_500_0024,159247451,9C_bg_sig_0.5_bg_500,9C_background,Intensity-Weighted Centroid,Intensity-Weighted Centroid,0.5,15.0,26.660857388726804,500.0,uniform,654.0071812296519,324.69769332171376,0.007181229651905596,0.6976933217137571,,,,,,,,,,,,False,Total effective weight is zero or nonfinite,0.18889992497861385,0.18889992497861385,1.0,150.0,31,8
9C_sig_0.5_bg_500_0025,127595514,9C_bg_sig_0.5_bg_500,9C_background,Intensity-Weighted Centroid,Intensity-Weighted Centroid,0.5,15.0,26.660857388726804,500.0,uniform,1454.223020455412,311.5786161372562,0.22302045541209736,0.5786161372561764,,,,,,,,,,,,False,Total effective weight is zero or nonfinite,0.22600009106099606,0.22600009106099606,1.0,150.0,31,8
9C_sig_0.5_bg_500_0026,348075543,9C_bg_sig_0.5_bg_500,9C_background,Intensity-Weighted Centroid,Intensity-Weighted Centroid,0.5,15.0,26.660857388726804,500.0,uniform,1632.398459125357,486.776876881716,0.39845912535702155,0.7768768817160208,,,,,,,,,,,,False,Total effective weight is zero or nonfinite,0.21740002557635307,0.21740002557635307,1.0,150.0,31,8
9C_sig_0.5_bg_500_0027,413880343,9C_bg_sig_0.5_bg_500,9C_background,Intensity-Weighted Centroid,Intensity-Weighted Centroid,0.5,15.0,26.660857388726804,500.0,uniform,1171.916863604357,414.17015634740585,0.9168636043571041,0.17015634740585028,,,,,,,,,,,,False,Total effective weight is zero or nonfinite,0.1962999813258648,0.1962999813258648,1.0,150.0,31,8
9C_sig_0.5_bg_500_0028,623609417,9C_bg_sig_0.5_bg_500,9C_background,Intensity-Weighted Centroid,Intensity-Weighted Centroid,0.5,15.0,26.660857388726804,500.0,uniform,895.7609913415446,654.2600569835683,0.7609913415445817,0.2600569835683473,,,,,,,,,,,,False,Total effective weight is zero or nonfinite,0.18810003530234098,0.18810003530234098,1.0,150.0,31,8
9C_sig_0.5_bg_500_0029,215482476,9C_bg_sig_0.5_bg_500,9C_background,Intensity-Weighted Centroid,Intensity-Weighted Centroid,0.5,15.0,26.660857388726804,500.0,uniform,355.8841321904566,795.5221455338599,0.8841321904566257,0.5221455338598844,,,,,,,,,,,,False,Total effective weight is zero or nonfinite,0.18350000027567148,0.18350000027567148,1.0,150.0,31,8
9C_sig_0.5_bg_500_0030,57307147,9C_bg_sig_0.5_bg_500,9C_background,Intensity-Weighted Centroid,Intensity-Weighted Centroid,0.5,15.0,26.660857388726804,500.0,uniform,1019.3613111097292,334.44963882569544,0.36131110972917213,0.44963882569544467,,,,,,,,,,,,False,Total effective weight is zero or nonfinite,0.18560001626610756,0.18560001626610756,1.0,150.0,31,8
9C_sig_0.5_bg_500_0031,885691881,9C_bg_sig_0.5_bg_500,9C_background,Intensity-Weighted Centroid,Intensity-Weighted Centroid,0.5,15.0,26.660857388726804,500.0,uniform,892.0411665137511,770.1773342541543,0.041166513751136335,0.17733425415428883,,,,,,,,,,,,False,Total effective weight is zero or nonfinite,0.2001000102609396,0.2001000102609396,1.0,150.0,31,8
9C_sig_0.5_bg_500_0032,286255580,9C_bg_sig_0.5_bg_500,9C_background,Intensity-Weighted Centroid,Intensity-Weighted Centroid,0.5,15.0,26.660857388726804,500.0,uniform,812.2845723520768,249.22877557010665,0.2845723520767933,0.22877557010664873,,,,,,,,,,,,False,Total effective weight is zero or nonfinite,0.18339999951422215,0.18339999951422215,1.0,150.0,31,8
9C_sig_0.5_bg_500_0033,771544102,9C_bg_sig_0.5_bg_500,9C_background,Intensity-Weighted Centroid,Intensity-Weighted Centroid,0.5,15.0,26.660857388726804,500.0,uniform,1314.6108194228655,746.284872728833,0.6108194228654611,0.28487272883296555,,,,,,,,,,,,False,Total effective weight is zero or nonfinite,0.18610002007335424,0.18610002007335424,1.0,150.0,31,8
9C_sig_0.5_bg_500_0034,329748047,9C_bg_sig_0.5_bg_500,9C_background,Intensity-Weighted Centroid,Intensity-Weighted Centroid,0.5,15.0,26.660857388726804,500.0,uniform,1132.6659383727836,758.1810688833085,0.6659383727835575,0.18106888330851234,,,,,,,,,,,,False,Total effective weight is zero or nonfinite,0.179499969817698,0.179499969817698,1.0,150.0,31,8
9C_sig_0.5_bg_500_0035,992171313,9C_bg_sig_0.5_bg_500,9C_background,Intensity-Weighted Centroid,Intensity-Weighted Centroid,0.5,15.0,26.660857388726804,500.0,uniform,455.2638433227717,802.005318860832,0.26384332277172007,0.0053188608319487685,,,,,,,,,,,,False,Total effective weight is zero or nonfinite,0.18480001017451286,0.18480001017451286,1.0,150.0,31,8
9C_sig_0.5_bg_500_0036,993506534,9C_bg_sig_0.5_bg_500,9C_background,Intensity-Weighted Centroid,Intensity-Weighted Centroid,0.5,15.0,26.660857388726804,500.0,uniform,1489.0495621248278,607.4625655136849,0.049562124827843945,0.4625655136849218,,,,,,,,,,,,False,Total effective weight is zero or nonfinite,0.211200094781816,0.211200094781816,1.0,150.0,31,8
9C_sig_0.5_bg_500_0037,37199788,9C_bg_sig_0.5_bg_500,9C_background,Intensity-Weighted Centroid,Intensity-Weighted Centroid,0.5,15.0,26.660857388726804,500.0,uniform,555.7856320983674,819.4506685354014,0.7856320983673868,0.4506685354014053,,,,,,,,,,,,False,Total effective weight is zero or nonfinite,0.20400003995746374,0.20400003995746374,1.0,150.0,31,8
9C_sig_0.5_bg_500_0038,415272903,9C_bg_sig_0.5_bg_500,9C_background,Intensity-Weighted Centroid,Intensity-Weighted Centroid,0.5,15.0,26.660857388726804,500.0,uniform,242.537153811103,567.0010626651592,0.5371538111029963,0.0010626651592247072,,,,,,,,,,,,False,Total effective weight is zero or nonfinite,0.18229999113827944,0.18229999113827944,1.0,150.0,31,8
9C_sig_0.5_bg_500_0039,520426262,9C_bg_sig_0.5_bg_500,9C_background,Intensity-Weighted Centroid,Intensity-Weighted Centroid,0.5,15.0,26.660857388726804,500.0,uniform,553.4125827398813,357.56182481970865,0.41258273988125893,0.5618248197086473,,,,,,,,,,,,False,Total effective weight is zero or nonfinite,0.17659994773566723,0.17659994773566723,1.0,150.0,31,8
9C_sig_0.5_bg_500_0040,943476322,9C_bg_sig_0.5_bg_500,9C_background,Intensity-Weighted Centroid,Intensity-Weighted Centroid,0.5,15.0,26.660857388726804,500.0,uniform,591.6342137496463,467.7107444402421,0.6342137496462783,0.710744440242081,,,,,,,,,,,,False,Total effective weight is zero or nonfinite,0.18660002388060093,0.18660002388060093,1.0,150.0,31,8
9C_sig_0.5_bg_500_0041,913385201,9C_bg_sig_0.5_bg_500,9C_background,Intensity-Weighted Centroid,Intensity-Weighted Centroid,0.5,15.0,26.660857388726804,500.0,uniform,1394.858647740157,609.1919911242682,0.8586477401570392,0.19199112426815645,,,,,,,,,,,,False,Total effective weight is zero or nonfinite,0.18209998961538076,0.18209998961538076,1.0,150.0,31,8
9C_sig_0.5_bg_500_0042,448587594,9C_bg_sig_0.5_bg_500,9C_background,Intensity-Weighted Centroid,Intensity-Weighted Centroid,0.5,15.0,26.660857388726804,500.0,uniform,810.9072104244998,353.95200334697427,0.9072104244997945,0.9520033469742657,,,,,,,,,,,,False,Total effective weight is zero or nonfinite,0.2025000285357237,0.2025000285357237,1.0,150.0,31,8
9C_sig_0.5_bg_500_0043,337628747,9C_bg_sig_0.5_bg_500,9C_background,Intensity-Weighted Centroid,Intensity-Weighted Centroid,0.5,15.0,26.660857388726804,500.0,uniform,368.51130792627316,389.4307466423163,0.5113079262731617,0.43074664231630777,,,,,,,,,,,,False,Total effective weight is zero or nonfinite,0.18510001245886087,0.18510001245886087,1.0,150.0,31,8
9C_sig_0.5_bg_500_0044,429557275,9C_bg_sig_0.5_bg_500,9C_background,Intensity-Weighted Centroid,Intensity-Weighted Centroid,0.5,15.0,26.660857388726804,500.0,uniform,765.4948909962678,260.39894231296233,0.4948909962678272,0.3989423129623333,,,,,,,,,,,,False,Total effective weight is zero or nonfinite,0.18670002464205027,0.18670002464205027,1.0,150.0,31,8
9C_sig_0.5_bg_500_0045,98810945,9C_bg_sig_0.5_bg_500,9C_background,Intensity-Weighted Centroid,Intensity-Weighted Centroid,0.5,15.0,26.660857388726804,500.0,uniform,1518.0329306786964,447.4729164740464,0.03293067869640254,0.4729164740463716,,,,,,,,,,,,False,Total effective weight is zero or nonfinite,0.1829999964684248,0.1829999964684248,1.0,150.0,31,8
9C_sig_0.5_bg_500_0046,909019050,9C_bg_sig_0.5_bg_500,9C_background,Intensity-Weighted Centroid,Intensity-Weighted Centroid,0.5,15.0,26.660857388726804,500.0,uniform,1421.8029864816056,802.283015130936,0.8029864816055579,0.28301513093595076,,,,,,,,,,,,False,Total effective weight is zero or nonfinite,0.17959997057914734,0.17959997057914734,1.0,150.0,31,8
9C_sig_0.5_bg_500_0047,112779126,9C_bg_sig_0.5_bg_500,9C_background,Intensity-Weighted Centroid,Intensity-Weighted Centroid,0.5,15.0,26.660857388726804,500.0,uniform,445.700530642347,560.833697586797,0.7005306423470188,0.8336975867970295,,,,,,,,,,,,False,Total effective weight is zero or nonfinite,0.2025000285357237,0.2025000285357237,1.0,150.0,31,8
9C_sig_0.5_bg_500_0048,601148998,9C_bg_sig_0.5_bg_500,9C_background,Intensity-Weighted Centroid,Intensity-Weighted Centroid,0.5,15.0,26.660857388726804,500.0,uniform,1572.50721314793,770.9815856168191,0.5072131479300879,0.9815856168190749,,,,,,,,,,,,False,Total effective weight is zero or nonfinite,0.19099994096904993,0.19099994096904993,1.0,150.0,31,8
9C_sig_0.5_bg_500_0049,770912126,9C_bg_sig_0.5_bg_500,9C_background,Intensity-Weighted Centroid,Intensity-Weighted Centroid,0.5,15.0,26.660857388726804,500.0,uniform,1289.727574056144,541.0183197671882,0.7275740561440216,0.01831976718824535,,,,,,,,,,,,False,Total effective weight is zero or nonfinite,0.19370007794350386,0.19370007794350386,1.0,150.0,31,8
9C_grad_horizontal_sig_0.5_0005,677180731,9C_grad_horizontal_sig_0.5,9C_background,Gaussian Fitting,Gaussian Fitting,0.5,15.0,26.660857388726804,10.0,gradient,1701.3707480175303,711.2251383412628,0.3707480175303317,0.22513834126277743,,,,,,,,,,,,False,Curve fit non-convergence / optimizer error: Optimal parameters not found: The maximum number of function evaluations is exceeded.,644.502800074406,644.502800074406,0.0,150.0,31,8
9C_grad_horizontal_sig_0.5_0029,398095945,9C_grad_horizontal_sig_0.5,9C_background,Gaussian Fitting,Gaussian Fitting,0.5,15.0,26.660857388726804,10.0,gradient,536.3834088441416,455.76467240548016,0.383408844141627,0.7646724054801552,,,,,,,,,,,,False,Curve fit non-convergence / optimizer error: Optimal parameters not found: The maximum number of function evaluations is exceeded.,658.330800011754,658.330800011754,0.0,150.0,31,8
9C_grad_horizontal_sig_0.5_0037,777464722,9C_grad_horizontal_sig_0.5,9C_background,Gaussian Fitting,Gaussian Fitting,0.5,15.0,26.660857388726804,10.0,gradient,212.1812095993574,430.6237485591115,0.18120959935740188,0.6237485591115046,,,,,,,,,,,,False,Curve fit non-convergence / optimizer error: Optimal parameters not found: The maximum number of function evaluations is exceeded.,635.9691000543535,635.9691000543535,0.0,150.0,31,8
9C_grad_horizontal_sig_0.5_0040,40615104,9C_grad_horizontal_sig_0.5,9C_background,Gaussian Fitting,Gaussian Fitting,0.5,15.0,26.660857388726804,10.0,gradient,324.1002266857038,238.4531338616602,0.10022668570377391,0.45313386166020564,,,,,,,,,,,,False,Curve fit non-convergence / optimizer error: Optimal parameters not found: The maximum number of function evaluations is exceeded.,672.38390003331,672.38390003331,0.0,150.0,31,8
9C_grad_vertical_sig_0.5_0009,895888638,9C_grad_vertical_sig_0.5,9C_background,Gaussian Fitting,Gaussian Fitting,0.5,15.0,26.660857388726804,10.0,gradient,273.29772093945644,236.7920196969096,0.29772093945643974,0.7920196969095912,,,,,,,,,,,,False,Curve fit non-convergence / optimizer error: Optimal parameters not found: The maximum number of function evaluations is exceeded.,646.3186000473797,646.3186000473797,0.0,150.0,31,8
9C_grad_vertical_sig_0.5_0015,876361309,9C_grad_vertical_sig_0.5,9C_background,Gaussian Fitting,Gaussian Fitting,0.5,15.0,26.660857388726804,10.0,gradient,1408.9265990691124,379.12917289669315,0.9265990691123989,0.1291728966931487,,,,,,,,,,,,False,Curve fit non-convergence / optimizer error: Optimal parameters not found: The maximum number of function evaluations is exceeded.,699.8802000889555,699.8802000889555,0.0,150.0,31,8
9C_grad_vertical_sig_0.5_0023,14577175,9C_grad_vertical_sig_0.5,9C_background,Gaussian Fitting,Gaussian Fitting,0.5,15.0,26.660857388726804,10.0,gradient,1038.2038115470293,485.68006837606754,0.2038115470293178,0.6800683760675383,,,,,,,,,,,,False,Curve fit non-convergence / optimizer error: Optimal parameters not found: The maximum number of function evaluations is exceeded.,676.4870999613777,676.4870999613777,0.0,150.0,31,8
9C_grad_vertical_sig_0.5_0024,488717983,9C_grad_vertical_sig_0.5,9C_background,Gaussian Fitting,Gaussian Fitting,0.5,15.0,26.660857388726804,10.0,gradient,602.843000633497,539.1475692412666,0.843000633497013,0.14756924126663762,,,,,,,,,,,,False,Curve fit non-convergence / optimizer error: Optimal parameters not found: The maximum number of function evaluations is exceeded.,640.8704000059515,640.8704000059515,0.0,150.0,31,8
9C_grad_vertical_sig_0.5_0035,945073489,9C_grad_vertical_sig_0.5,9C_background,Gaussian Fitting,Gaussian Fitting,0.5,15.0,26.660857388726804,10.0,gradient,353.9708606007546,658.1097596557717,0.9708606007545768,0.10975965577165425,,,,,,,,,,,,False,Curve fit non-convergence / optimizer error: Optimal parameters not found: The maximum number of function evaluations is exceeded.,676.5437999274582,676.5437999274582,4.822530864197531e-07,150.0,31,8
9C_grad_vertical_sig_0.5_0042,540370053,9C_grad_vertical_sig_0.5,9C_background,Gaussian Fitting,Gaussian Fitting,0.5,15.0,26.660857388726804,10.0,gradient,502.2776479648477,768.0210509746902,0.27764796484768794,0.021050974690183466,,,,,,,,,,,,False,Curve fit non-convergence / optimizer error: Optimal parameters not found: The maximum number of function evaluations is exceeded.,681.0584999620914,681.0584999620914,0.0,150.0,31,8
9C_grad_twod_sig_0.5_0030,46800273,9C_grad_twod_sig_0.5,9C_background,Gaussian Fitting,Gaussian Fitting,0.5,15.0,26.660857388726804,10.0,gradient,568.5354686092336,756.4041792024695,0.5354686092335896,0.40417920246954964,,,,,,,,,,,,False,Curve fit non-convergence / optimizer error: Optimal parameters not found: The maximum number of function evaluations is exceeded.,635.0442999973893,635.0442999973893,1.9290123456790124e-06,150.0,31,8
9C_grad_twod_sig_0.5_0033,503636952,9C_grad_twod_sig_0.5,9C_background,Gaussian Fitting,Gaussian Fitting,0.5,15.0,26.660857388726804,10.0,gradient,291.18690062226955,741.7608451225664,0.1869006222695475,0.7608451225663657,,,,,,,,,,,,False,Curve fit non-convergence / optimizer error: Optimal parameters not found: The maximum number of function evaluations is exceeded.,685.7238999800757,685.7238999800757,4.822530864197531e-07,150.0,31,8
9C_grad_twod_sig_0.5_0033,503636952,9C_grad_twod_sig_0.5,9C_background,PSF Fitting,PSF Fitting,0.5,15.0,26.660857388726804,10.0,gradient,291.18690062226955,741.7608451225664,0.1869006222695475,0.7608451225663657,,,,,,,,,,,,False,PSF fit non-convergence: Optimal parameters not found: The maximum number of function evaluations is exceeded.,533.819800009951,533.819800009951,4.822530864197531e-07,150.0,31,8
9C_grad_twod_sig_0.5_0040,327233708,9C_grad_twod_sig_0.5,9C_background,Gaussian Fitting,Gaussian Fitting,0.5,15.0,26.660857388726804,10.0,gradient,913.7365947587676,491.39922133698104,0.7365947587676374,0.3992213369810429,,,,,,,,,,,,False,Curve fit non-convergence / optimizer error: Optimal parameters not found: The maximum number of function evaluations is exceeded.,658.4072998957708,658.4072998957708,1.4467592592592592e-06,150.0,31,8
9C_grad_twod_sig_0.5_0045,819672945,9C_grad_twod_sig_0.5,9C_background,Gaussian Fitting,Gaussian Fitting,0.5,15.0,26.660857388726804,10.0,gradient,254.57028792561735,761.5023742935203,0.5702879256173503,0.5023742935203472,,,,,,,,,,,,False,Curve fit non-convergence / optimizer error: Optimal parameters not found: The maximum number of function evaluations is exceeded.,667.6062999758869,667.6062999758869,1.4467592592592592e-06,150.0,31,8
9C_grad_twod_sig_0.5_0047,369857291,9C_grad_twod_sig_0.5,9C_background,Gaussian Fitting,Gaussian Fitting,0.5,15.0,26.660857388726804,10.0,gradient,658.9073448044924,817.0978116777501,0.907344804492368,0.09781167775008726,,,,,,,,,,,,False,Curve fit non-convergence / optimizer error: Optimal parameters not found: The maximum number of function evaluations is exceeded.,665.4002999421209,665.4002999421209,1.4467592592592592e-06,150.0,31,8
9C_sig_1_bg_500_0000,506663407,9C_bg_sig_1_bg_500,9C_background,Intensity-Weighted Centroid,Intensity-Weighted Centroid,1.0,15.0,26.660857388726804,500.0,uniform,1141.9660816832047,252.24568530529152,0.9660816832047203,0.24568530529151644,,,,,,,,,,,,False,Total effective weight is zero or nonfinite,0.23450003936886787,0.23450003936886787,1.0,150.0,31,8
9C_sig_1_bg_500_0001,505417686,9C_bg_sig_1_bg_500,9C_background,Intensity-Weighted Centroid,Intensity-Weighted Centroid,1.0,15.0,26.660857388726804,500.0,uniform,1039.0244800457313,676.3396251755619,0.024480045731252176,0.33962517556187777,,,,,,,,,,,,False,Total effective weight is zero or nonfinite,0.17739995382726192,0.17739995382726192,1.0,150.0,31,8
9C_sig_1_bg_500_0002,536843877,9C_bg_sig_1_bg_500,9C_background,Intensity-Weighted Centroid,Intensity-Weighted Centroid,1.0,15.0,26.660857388726804,500.0,uniform,1240.3080934013983,586.1920916938859,0.30809340139830965,0.19209169388591363,,,,,,,,,,,,False,Total effective weight is zero or nonfinite,0.18590001855045557,0.18590001855045557,1.0,150.0,31,8
9C_sig_1_bg_500_0003,276001636,9C_bg_sig_1_bg_500,9C_background,Intensity-Weighted Centroid,Intensity-Weighted Centroid,1.0,15.0,26.660857388726804,500.0,uniform,324.11977877807516,813.4265551938024,0.11977877807515824,0.4265551938024146,,,,,,,,,,,,False,Total effective weight is zero or nonfinite,0.31889998354017735,0.31889998354017735,1.0,150.0,31,8
9C_sig_1_bg_500_0004,55731215,9C_bg_sig_1_bg_500,9C_background,Intensity-Weighted Centroid,Intensity-Weighted Centroid,1.0,15.0,26.660857388726804,500.0,uniform,646.618762284101,588.7573232706392,0.618762284100967,0.7573232706391764,,,,,,,,,,,,False,Total effective weight is zero or nonfinite,0.18209998961538076,0.18209998961538076,1.0,150.0,31,8
9C_sig_1_bg_500_0005,863569970,9C_bg_sig_1_bg_500,9C_background,Intensity-Weighted Centroid,Intensity-Weighted Centroid,1.0,15.0,26.660857388726804,500.0,uniform,413.26974689743,274.90655983144524,0.269746897430025,0.9065598314452359,,,,,,,,,,,,False,Total effective weight is zero or nonfinite,0.18589990213513374,0.18589990213513374,1.0,150.0,31,8
9C_sig_1_bg_500_0006,293228169,9C_bg_sig_1_bg_500,9C_background,Intensity-Weighted Centroid,Intensity-Weighted Centroid,1.0,15.0,26.660857388726804,500.0,uniform,648.6670497557319,618.8627910968585,0.6670497557319095,0.8627910968584729,,,,,,,,,,,,False,Total effective weight is zero or nonfinite,0.1943999668583274,0.1943999668583274,1.0,150.0,31,8
9C_sig_1_bg_500_0007,285600895,9C_bg_sig_1_bg_500,9C_background,Intensity-Weighted Centroid,Intensity-Weighted Centroid,1.0,15.0,26.660857388726804,500.0,uniform,1030.3788222022017,328.789338513488,0.37882220220171803,0.7893385134880191,,,,,,,,,,,,False,Total effective weight is zero or nonfinite,0.1854998990893364,0.1854998990893364,1.0,150.0,31,8
9C_sig_1_bg_500_0008,777050297,9C_bg_sig_1_bg_500,9C_background,Intensity-Weighted Centroid,Intensity-Weighted Centroid,1.0,15.0,26.660857388726804,500.0,uniform,1248.2727346201896,672.119335565704,0.27273462018956707,0.11933556570397741,,,,,,,,,,,,False,Total effective weight is zero or nonfinite,0.2680000616237521,0.2680000616237521,1.0,150.0,31,8
9C_sig_1_bg_500_0009,751440329,9C_bg_sig_1_bg_500,9C_background,Intensity-Weighted Centroid,Intensity-Weighted Centroid,1.0,15.0,26.660857388726804,500.0,uniform,1086.9415470117333,811.9937637417498,0.9415470117332916,0.9937637417498308,,,,,,,,,,,,False,Total effective weight is zero or nonfinite,0.21580001339316368,0.21580001339316368,1.0,150.0,31,8
9C_sig_1_bg_500_0010,761630189,9C_bg_sig_1_bg_500,9C_background,Intensity-Weighted Centroid,Intensity-Weighted Centroid,1.0,15.0,26.660857388726804,500.0,uniform,1423.340758540793,415.4636604702388,0.34075854079310375,0.46366047023877854,,,,,,,,,,,,False,Total effective weight is zero or nonfinite,0.1914000604301691,0.1914000604301691,1.0,150.0,31,8
9C_sig_1_bg_500_0011,914184106,9C_bg_sig_1_bg_500,9C_background,Intensity-Weighted Centroid,Intensity-Weighted Centroid,1.0,15.0,26.660857388726804,500.0,uniform,454.814081653366,838.9448740980097,0.8140816533659745,0.9448740980096773,,,,,,,,,,,,False,Total effective weight is zero or nonfinite,0.1919000642374158,0.1919000642374158,1.0,150.0,31,8
9C_sig_1_bg_500_0012,26173851,9C_bg_sig_1_bg_500,9C_background,Intensity-Weighted Centroid,Intensity-Weighted Centroid,1.0,15.0,26.660857388726804,500.0,uniform,473.7878001314856,345.9676430968413,0.7878001314855965,0.9676430968413001,,,,,,,,,,,,False,Total effective weight is zero or nonfinite,0.22689998149871826,0.22689998149871826,1.0,150.0,31,8
9C_sig_1_bg_500_0013,628183024,9C_bg_sig_1_bg_500,9C_background,Intensity-Weighted Centroid,Intensity-Weighted Centroid,1.0,15.0,26.660857388726804,500.0,uniform,1050.240059746402,404.1177104626052,0.2400597464020393,0.11771046260520279,,,,,,,,,,,,False,Total effective weight is zero or nonfinite,0.18530001398175955,0.18530001398175955,1.0,150.0,31,8
9C_sig_1_bg_500_0014,412684388,9C_bg_sig_1_bg_500,9C_background,Intensity-Weighted Centroid,Intensity-Weighted Centroid,1.0,15.0,26.660857388726804,500.0,uniform,689.6051430853588,812.6264972165977,0.6051430853588045,0.626497216597727,,,,,,,,,,,,False,Total effective weight is zero or nonfinite,0.18279999494552612,0.18279999494552612,1.0,150.0,31,8
9C_sig_1_bg_500_0015,924168667,9C_bg_sig_1_bg_500,9C_background,Intensity-Weighted Centroid,Intensity-Weighted Centroid,1.0,15.0,26.660857388726804,500.0,uniform,1138.2922712968345,284.544655627976,0.2922712968345422,0.5446556279759989,,,,,,,,,,,,False,Total effective weight is zero or nonfinite,0.18289999570697546,0.18289999570697546,1.0,150.0,31,8
9C_sig_1_bg_500_0016,840838367,9C_bg_sig_1_bg_500,9C_background,Intensity-Weighted Centroid,Intensity-Weighted Centroid,1.0,15.0,26.660857388726804,500.0,uniform,1192.871777965052,610.736850615535,0.8717779650519333,0.7368506155349905,,,,,,,,,,,,False,Total effective weight is zero or nonfinite,0.17509993631392717,0.17509993631392717,1.0,150.0,31,8
9C_sig_1_bg_500_0017,258930323,9C_bg_sig_1_bg_500,9C_background,Intensity-Weighted Centroid,Intensity-Weighted Centroid,1.0,15.0,26.660857388726804,500.0,uniform,818.0552861935826,313.9648529535257,0.05528619358256037,0.9648529535256785,,,,,,,,,,,,False,Total effective weight is zero or nonfinite,0.19409996457397938,0.19409996457397938,1.0,150.0,31,8
9C_sig_1_bg_500_0018,423243432,9C_bg_sig_1_bg_500,9C_background,Intensity-Weighted Centroid,Intensity-Weighted Centroid,1.0,15.0,26.660857388726804,500.0,uniform,1035.2797658668571,520.6946652115735,0.279765866857133,0.6946652115734651,,,,,,,,,,,,False,Total effective weight is zero or nonfinite,0.2114999806508422,0.2114999806508422,1.0,150.0,31,8
9C_sig_1_bg_500_0019,697620903,9C_bg_sig_1_bg_500,9C_background,Intensity-Weighted Centroid,Intensity-Weighted Centroid,1.0,15.0,26.660857388726804,500.0,uniform,898.1668630833736,204.01862835007276,0.16686308337364153,0.01862835007275976,,,,,,,,,,,,False,Total effective weight is zero or nonfinite,0.1802999759092927,0.1802999759092927,1.0,150.0,31,8
9C_sig_1_bg_500_0020,945763462,9C_bg_sig_1_bg_500,9C_background,Intensity-Weighted Centroid,Intensity-Weighted Centroid,1.0,15.0,26.660857388726804,500.0,uniform,360.62399428394394,499.21994824150437,0.6239942839439436,0.21994824150436898,,,,,,,,,,,,False,Total effective weight is zero or nonfinite,0.19339995924383402,0.19339995924383402,1.0,150.0,31,8
9C_sig_1_bg_500_0021,622241098,9C_bg_sig_1_bg_500,9C_background,Intensity-Weighted Centroid,Intensity-Weighted Centroid,1.0,15.0,26.660857388726804,500.0,uniform,1091.3830956862073,842.2941995499098,0.38309568620729806,0.29419954990976294,,,,,,,,,,,,False,Total effective weight is zero or nonfinite,0.18169998656958342,0.18169998656958342,1.0,150.0,31,8
9C_sig_1_bg_500_0022,368560969,9C_bg_sig_1_bg_500,9C_background,Intensity-Weighted Centroid,Intensity-Weighted Centroid,1.0,15.0,26.660857388726804,500.0,uniform,1000.7787998439036,407.958874827245,0.7787998439035846,0.9588748272449834,,,,,,,,,,,,False,Total effective weight is zero or nonfinite,0.19779999274760485,0.19779999274760485,1.0,150.0,31,8
9C_sig_1_bg_500_0023,109654835,9C_bg_sig_1_bg_500,9C_background,Intensity-Weighted Centroid,Intensity-Weighted Centroid,1.0,15.0,26.660857388726804,500.0,uniform,1295.3077231522716,612.169393835518,0.30772315227159197,0.16939383551800802,,,,,,,,,,,,False,Total effective weight is zero or nonfinite,0.17539993859827518,0.17539993859827518,1.0,150.0,31,8
9C_sig_1_bg_500_0024,14686217,9C_bg_sig_1_bg_500,9C_background,Intensity-Weighted Centroid,Intensity-Weighted Centroid,1.0,15.0,26.660857388726804,500.0,uniform,1456.1544601250785,736.8520798974317,0.15446012507845808,0.8520798974317358,,,,,,,,,,,,False,Total effective weight is zero or nonfinite,0.20029989536851645,0.20029989536851645,1.0,150.0,31,8
9C_sig_1_bg_500_0025,100125076,9C_bg_sig_1_bg_500,9C_background,Intensity-Weighted Centroid,Intensity-Weighted Centroid,1.0,15.0,26.660857388726804,500.0,uniform,1675.0770733838062,722.2486770232005,0.07707338380623696,0.24867702320045737,,,,,,,,,,,,False,Total effective weight is zero or nonfinite,0.19070005510002375,0.19070005510002375,1.0,150.0,31,8
9C_sig_1_bg_500_0026,851195479,9C_bg_sig_1_bg_500,9C_background,Intensity-Weighted Centroid,Intensity-Weighted Centroid,1.0,15.0,26.660857388726804,500.0,uniform,330.8118725573052,632.9880710375257,0.8118725573052075,0.9880710375257422,,,,,,,,,,,,False,Total effective weight is zero or nonfinite,0.21710002329200506,0.21710002329200506,1.0,150.0,31,8
9C_sig_1_bg_500_0027,310384580,9C_bg_sig_1_bg_500,9C_background,Intensity-Weighted Centroid,Intensity-Weighted Centroid,1.0,15.0,26.660857388726804,500.0,uniform,379.1439365765619,354.2969655449531,0.14393657656188452,0.2969655449530819,,,,,,,,,,,,False,Total effective weight is zero or nonfinite,0.3018999705091119,0.3018999705091119,1.0,150.0,31,8
9C_sig_1_bg_500_0028,930380757,9C_bg_sig_1_bg_500,9C_background,Intensity-Weighted Centroid,Intensity-Weighted Centroid,1.0,15.0,26.660857388726804,500.0,uniform,461.1933926763031,601.2610732483718,0.19339267630311952,0.2610732483717584,,,,,,,,,,,,False,Total effective weight is zero or nonfinite,0.1772999530658126,0.1772999530658126,1.0,150.0,31,8
9C_sig_1_bg_500_0029,962948907,9C_bg_sig_1_bg_500,9C_background,Intensity-Weighted Centroid,Intensity-Weighted Centroid,1.0,15.0,26.660857388726804,500.0,uniform,561.6749811990602,466.17584948747043,0.6749811990601984,0.17584948747042972,,,,,,,,,,,,False,Total effective weight is zero or nonfinite,0.18049997743219137,0.18049997743219137,1.0,150.0,31,8
9C_sig_1_bg_500_0030,597614587,9C_bg_sig_1_bg_500,9C_background,Intensity-Weighted Centroid,Intensity-Weighted Centroid,1.0,15.0,26.660857388726804,500.0,uniform,1088.4042416197997,785.5474216818545,0.4042416197996772,0.5474216818545301,,,,,,,,,,,,False,Total effective weight is zero or nonfinite,0.1857000170275569,0.1857000170275569,1.0,150.0,31,8
9C_sig_1_bg_500_0031,405331741,9C_bg_sig_1_bg_500,9C_background,Intensity-Weighted Centroid,Intensity-Weighted Centroid,1.0,15.0,26.660857388726804,500.0,uniform,1424.2523456850947,685.3698765527809,0.2523456850947241,0.36987655278085185,,,,,,,,,,,,False,Total effective weight is zero or nonfinite,0.19180006347596645,0.19180006347596645,1.0,150.0,31,8
9C_sig_1_bg_500_0032,558667122,9C_bg_sig_1_bg_500,9C_background,Intensity-Weighted Centroid,Intensity-Weighted Centroid,1.0,15.0,26.660857388726804,500.0,uniform,208.76206393440097,705.3379015468722,0.7620639344009703,0.3379015468722173,,,,,,,,,,,,False,Total effective weight is zero or nonfinite,0.18750003073364496,0.18750003073364496,1.0,150.0,31,8
9C_sig_1_bg_500_0033,7850057,9C_bg_sig_1_bg_500,9C_background,Intensity-Weighted Centroid,Intensity-Weighted Centroid,1.0,15.0,26.660857388726804,500.0,uniform,251.59556471175452,668.4374459595437,0.5955647117545197,0.43744595954365195,,,,,,,,,,,,False,Total effective weight is zero or nonfinite,0.18209998961538076,0.18209998961538076,1.0,150.0,31,8
9C_sig_1_bg_500_0034,973658517,9C_bg_sig_1_bg_500,9C_background,Intensity-Weighted Centroid,Intensity-Weighted Centroid,1.0,15.0,26.660857388726804,500.0,uniform,903.2877474263745,587.5402718159689,0.28774742637449435,0.5402718159689357,,,,,,,,,,,,False,Total effective weight is zero or nonfinite,0.20860007498413324,0.20860007498413324,1.0,150.0,31,8
9C_sig_1_bg_500_0035,168272310,9C_bg_sig_1_bg_500,9C_background,Intensity-Weighted Centroid,Intensity-Weighted Centroid,1.0,15.0,26.660857388726804,500.0,uniform,1392.3304477013594,274.12517129404665,0.3304477013593896,0.12517129404665184,,,,,,,,,,,,False,Total effective weight is zero or nonfinite,0.18009997438639402,0.18009997438639402,1.0,150.0,31,8
9C_sig_1_bg_500_0036,670220862,9C_bg_sig_1_bg_500,9C_background,Intensity-Weighted Centroid,Intensity-Weighted Centroid,1.0,15.0,26.660857388726804,500.0,uniform,449.3551189979526,740.9492532386762,0.3551189979526157,0.9492532386761923,,,,,,,,,,,,False,Total effective weight is zero or nonfinite,0.21009996999055147,0.21009996999055147,1.0,150.0,31,8
9C_sig_1_bg_500_0037,981270345,9C_bg_sig_1_bg_500,9C_background,Intensity-Weighted Centroid,Intensity-Weighted Centroid,1.0,15.0,26.660857388726804,500.0,uniform,1043.2715043869784,239.90874697292492,0.2715043869784495,0.9087469729249165,,,,,,,,,,,,False,Total effective weight is zero or nonfinite,0.17449993174523115,0.17449993174523115,1.0,150.0,31,8
9C_sig_1_bg_500_0038,97791658,9C_bg_sig_1_bg_500,9C_background,Intensity-Weighted Centroid,Intensity-Weighted Centroid,1.0,15.0,26.660857388726804,500.0,uniform,1356.5831146173111,653.2578135449426,0.5831146173111392,0.2578135449425645,,,,,,,,,,,,False,Total effective weight is zero or nonfinite,0.20330003462731838,0.20330003462731838,1.0,150.0,31,8
9C_sig_1_bg_500_0039,718721772,9C_bg_sig_1_bg_500,9C_background,Intensity-Weighted Centroid,Intensity-Weighted Centroid,1.0,15.0,26.660857388726804,500.0,uniform,502.6907833790531,558.379398059708,0.6907833790530731,0.37939805970802354,,,,,,,,,,,,False,Total effective weight is zero or nonfinite,0.18859992269426584,0.18859992269426584,1.0,150.0,31,8
9C_sig_1_bg_500_0040,781215833,9C_bg_sig_1_bg_500,9C_background,Intensity-Weighted Centroid,Intensity-Weighted Centroid,1.0,15.0,26.660857388726804,500.0,uniform,1365.510553637223,728.6733126505653,0.5105536372229835,0.6733126505653217,,,,,,,,,,,,False,Total effective weight is zero or nonfinite,0.17760007176548243,0.17760007176548243,1.0,150.0,31,8
9C_sig_1_bg_500_0041,940266716,9C_bg_sig_1_bg_500,9C_background,Intensity-Weighted Centroid,Intensity-Weighted Centroid,1.0,15.0,26.660857388726804,500.0,uniform,962.4577993604854,234.59595287395595,0.45779936048541003,0.5959528739559516,,,,,,,,,,,,False,Total effective weight is zero or nonfinite,0.18390000332146883,0.18390000332146883,1.0,150.0,31,8
9C_sig_1_bg_500_0042,793412002,9C_bg_sig_1_bg_500,9C_background,Intensity-Weighted Centroid,Intensity-Weighted Centroid,1.0,15.0,26.660857388726804,500.0,uniform,591.0095012360719,324.8055527242835,0.009501236071855601,0.8055527242834728,,,,,,,,,,,,False,Total effective weight is zero or nonfinite,0.17760007176548243,0.17760007176548243,1.0,150.0,31,8
9C_sig_1_bg_500_0043,318677176,9C_bg_sig_1_bg_500,9C_background,Intensity-Weighted Centroid,Intensity-Weighted Centroid,1.0,15.0,26.660857388726804,500.0,uniform,729.325320724933,826.7221563755759,0.32532072493302167,0.722156375575878,,,,,,,,,,,,False,Total effective weight is zero or nonfinite,0.1818999880924821,0.1818999880924821,1.0,150.0,31,8
9C_sig_1_bg_500_0044,351724328,9C_bg_sig_1_bg_500,9C_background,Intensity-Weighted Centroid,Intensity-Weighted Centroid,1.0,15.0,26.660857388726804,500.0,uniform,1283.7143357055072,645.9216421478873,0.7143357055072102,0.921642147887269,,,,,,,,,,,,False,Total effective weight is zero or nonfinite,0.1868000254034996,0.1868000254034996,1.0,150.0,31,8
9C_sig_1_bg_500_0045,24555953,9C_bg_sig_1_bg_500,9C_background,Intensity-Weighted Centroid,Intensity-Weighted Centroid,1.0,15.0,26.660857388726804,500.0,uniform,1599.4540838869043,485.8786669030623,0.4540838869043,0.8786669030623102,,,,,,,,,,,,False,Total effective weight is zero or nonfinite,0.18430000636726618,0.18430000636726618,1.0,150.0,31,8
9C_sig_1_bg_500_0046,348834121,9C_bg_sig_1_bg_500,9C_background,Intensity-Weighted Centroid,Intensity-Weighted Centroid,1.0,15.0,26.660857388726804,500.0,uniform,1062.4408184063216,528.207838274148,0.44081840632156855,0.2078382741480027,,,,,,,,,,,,False,Total effective weight is zero or nonfinite,0.19349996000528336,0.19349996000528336,1.0,150.0,31,8
9C_sig_1_bg_500_0047,131421005,9C_bg_sig_1_bg_500,9C_background,Intensity-Weighted Centroid,Intensity-Weighted Centroid,1.0,15.0,26.660857388726804,500.0,uniform,353.05632531748535,817.1023708089091,0.05632531748534575,0.10237080890908601,,,,,,,,,,,,False,Total effective weight is zero or nonfinite,0.18949992954730988,0.18949992954730988,1.0,150.0,31,8
9C_sig_1_bg_500_0048,28502937,9C_bg_sig_1_bg_500,9C_background,Intensity-Weighted Centroid,Intensity-Weighted Centroid,1.0,15.0,26.660857388726804,500.0,uniform,1098.3537452772714,787.9621153203227,0.3537452772714005,0.9621153203227095,,,,,,,,,,,,False,Total effective weight is zero or nonfinite,0.19789999350905418,0.19789999350905418,1.0,150.0,31,8
9C_sig_1_bg_500_0049,64510594,9C_bg_sig_1_bg_500,9C_background,Intensity-Weighted Centroid,Intensity-Weighted Centroid,1.0,15.0,26.660857388726804,500.0,uniform,1719.6160201146895,535.3677192035988,0.6160201146894906,0.3677192035987673,,,,,,,,,,,,False,Total effective weight is zero or nonfinite,0.18560001626610756,0.18560001626610756,1.0,150.0,31,8
9C_sig_1.5_bg_500_0000,819364586,9C_bg_sig_1.5_bg_500,9C_background,Intensity-Weighted Centroid,Intensity-Weighted Centroid,1.5,15.0,26.660857388726804,500.0,uniform,665.628536458799,410.6171272277521,0.6285364587989761,0.6171272277521211,,,,,,,,,,,,False,Total effective weight is zero or nonfinite,0.188700039871037,0.188700039871037,1.0,150.0,31,8
9C_sig_1.5_bg_500_0001,672761607,9C_bg_sig_1.5_bg_500,9C_background,Intensity-Weighted Centroid,Intensity-Weighted Centroid,1.5,15.0,26.660857388726804,500.0,uniform,1480.5715388926565,559.1179058377113,0.5715388926564628,0.11790583771130514,,,,,,,,,,,,False,Total effective weight is zero or nonfinite,0.18400000408291817,0.18400000408291817,1.0,150.0,31,8
9C_sig_1.5_bg_500_0002,997170521,9C_bg_sig_1.5_bg_500,9C_background,Intensity-Weighted Centroid,Intensity-Weighted Centroid,1.5,15.0,26.660857388726804,500.0,uniform,1359.0113203485296,665.1477814025507,0.01132034852957986,0.1477814025506632,,,,,,,,,,,,False,Total effective weight is zero or nonfinite,0.2391999587416649,0.2391999587416649,1.0,150.0,31,8
9C_sig_1.5_bg_500_0003,70354075,9C_bg_sig_1.5_bg_500,9C_background,Intensity-Weighted Centroid,Intensity-Weighted Centroid,1.5,15.0,26.660857388726804,500.0,uniform,759.8754992580662,728.1362035627649,0.8754992580661565,0.13620356276487655,,,,,,,,,,,,False,Total effective weight is zero or nonfinite,0.18260010983794928,0.18260010983794928,1.0,150.0,31,8
9C_sig_1.5_bg_500_0004,673535707,9C_bg_sig_1.5_bg_500,9C_background,Intensity-Weighted Centroid,Intensity-Weighted Centroid,1.5,15.0,26.660857388726804,500.0,uniform,1658.0055922902475,210.45446071879832,0.005592290247477649,0.45446071879831607,,,,,,,,,,,,False,Total effective weight is zero or nonfinite,0.19139994401484728,0.19139994401484728,1.0,150.0,31,8
9C_sig_1.5_bg_500_0005,301529580,9C_bg_sig_1.5_bg_500,9C_background,Intensity-Weighted Centroid,Intensity-Weighted Centroid,1.5,15.0,26.660857388726804,500.0,uniform,310.0063256991223,826.3263609204953,0.006325699122328388,0.32636092049529,,,,,,,,,,,,False,Total effective weight is zero or nonfinite,0.35889993887394667,0.35889993887394667,1.0,150.0,31,8
9C_sig_1.5_bg_500_0006,662000416,9C_bg_sig_1.5_bg_500,9C_background,Intensity-Weighted Centroid,Intensity-Weighted Centroid,1.5,15.0,26.660857388726804,500.0,uniform,263.1248292611489,762.2379503553502,0.12482926114887505,0.2379503553502218,,,,,,,,,,,,False,Total effective weight is zero or nonfinite,0.18740002997219563,0.18740002997219563,1.0,150.0,31,8
9C_sig_1.5_bg_500_0007,814289768,9C_bg_sig_1.5_bg_500,9C_background,Intensity-Weighted Centroid,Intensity-Weighted Centroid,1.5,15.0,26.660857388726804,500.0,uniform,872.0443396695288,364.74118125849424,0.044339669528767445,0.7411812584942368,,,,,,,,,,,,False,Total effective weight is zero or nonfinite,0.2031000331044197,0.2031000331044197,1.0,150.0,31,8
9C_sig_1.5_bg_500_0008,303622758,9C_bg_sig_1.5_bg_500,9C_background,Intensity-Weighted Centroid,Intensity-Weighted Centroid,1.5,15.0,26.660857388726804,500.0,uniform,278.05320717995386,802.711221453248,0.053207179953858486,0.7112214532479584,,,,,,,,,,,,False,Total effective weight is zero or nonfinite,0.17609994392842054,0.17609994392842054,1.0,150.0,31,8
9C_sig_1.5_bg_500_0009,10875919,9C_bg_sig_1.5_bg_500,9C_background,Intensity-Weighted Centroid,Intensity-Weighted Centroid,1.5,15.0,26.660857388726804,500.0,uniform,618.217676156662,240.2794008807457,0.2176761566620371,0.2794008807456976,,,,,,,,,,,,False,Total effective weight is zero or nonfinite,0.18319999799132347,0.18319999799132347,1.0,150.0,31,8
9C_sig_1.5_bg_500_0010,430341372,9C_bg_sig_1.5_bg_500,9C_background,Intensity-Weighted Centroid,Intensity-Weighted Centroid,1.5,15.0,26.660857388726804,500.0,uniform,1596.8063675879412,233.34859582119432,0.8063675879411676,0.34859582119432275,,,,,,,,,,,,False,Total effective weight is zero or nonfinite,0.20599993877112865,0.20599993877112865,1.0,150.0,31,8
9C_sig_1.5_bg_500_0011,620624895,9C_bg_sig_1.5_bg_500,9C_background,Intensity-Weighted Centroid,Intensity-Weighted Centroid,1.5,15.0,26.660857388726804,500.0,uniform,1144.6348367377193,297.114253904624,0.6348367377192972,0.114253904623979,,,,,,,,,,,,False,Total effective weight is zero or nonfinite,0.18470000941306353,0.18470000941306353,1.0,150.0,31,8
9C_sig_1.5_bg_500_0012,609300723,9C_bg_sig_1.5_bg_500,9C_background,Intensity-Weighted Centroid,Intensity-Weighted Centroid,1.5,15.0,26.660857388726804,500.0,uniform,1234.5629272340814,508.6176285921453,0.5629272340813714,0.6176285921453086,,,,,,,,,,,,False,Total effective weight is zero or nonfinite,0.1873000292107463,0.1873000292107463,1.0,150.0,31,8
9C_sig_1.5_bg_500_0013,43211397,9C_bg_sig_1.5_bg_500,9C_background,Intensity-Weighted Centroid,Intensity-Weighted Centroid,1.5,15.0,26.660857388726804,500.0,uniform,1687.163795297068,450.9341036193189,0.16379529706796347,0.9341036193188756,,,,,,,,,,,,False,Total effective weight is zero or nonfinite,0.17439993098378181,0.17439993098378181,1.0,150.0,31,8
9C_sig_1.5_bg_500_0014,304430636,9C_bg_sig_1.5_bg_500,9C_background,Intensity-Weighted Centroid,Intensity-Weighted Centroid,1.5,15.0,26.660857388726804,500.0,uniform,627.140484038388,333.5565238513337,0.1404840383879673,0.5565238513336794,,,,,,,,,,,,False,Total effective weight is zero or nonfinite,0.1778999576345086,0.1778999576345086,1.0,150.0,31,8
9C_sig_1.5_bg_500_0015,540384097,9C_bg_sig_1.5_bg_500,9C_background,Intensity-Weighted Centroid,Intensity-Weighted Centroid,1.5,15.0,26.660857388726804,500.0,uniform,1608.7907694826647,418.2234600378062,0.7907694826647003,0.2234600378062055,,,,,,,,,,,,False,Total effective weight is zero or nonfinite,0.17879996448755264,0.17879996448755264,1.0,150.0,31,8
9C_sig_1.5_bg_500_0016,985750751,9C_bg_sig_1.5_bg_500,9C_background,Intensity-Weighted Centroid,Intensity-Weighted Centroid,1.5,15.0,26.660857388726804,500.0,uniform,309.8781953397514,851.2508308871512,0.8781953397514144,0.25083088715120994,,,,,,,,,,,,False,Total effective weight is zero or nonfinite,0.18530001398175955,0.18530001398175955,1.0,150.0,31,8
9C_sig_1.5_bg_500_0017,372374687,9C_bg_sig_1.5_bg_500,9C_background,Intensity-Weighted Centroid,Intensity-Weighted Centroid,1.5,15.0,26.660857388726804,500.0,uniform,847.5669270513567,840.3656128104037,0.5669270513567426,0.36561281040371796,,,,,,,,,,,,False,Total effective weight is zero or nonfinite,0.19260006956756115,0.19260006956756115,1.0,150.0,31,8
9C_sig_1.5_bg_500_0018,524587544,9C_bg_sig_1.5_bg_500,9C_background,Intensity-Weighted Centroid,Intensity-Weighted Centroid,1.5,15.0,26.660857388726804,500.0,uniform,1181.9704796062485,687.7531500019275,0.9704796062485457,0.7531500019274517,,,,,,,,,,,,False,Total effective weight is zero or nonfinite,0.18480001017451286,0.18480001017451286,1.0,150.0,31,8
9C_sig_1.5_bg_500_0019,483007561,9C_bg_sig_1.5_bg_500,9C_background,Intensity-Weighted Centroid,Intensity-Weighted Centroid,1.5,15.0,26.660857388726804,500.0,uniform,1623.2723336296092,219.21453239550578,0.27233362960919294,0.21453239550578473,,,,,,,,,,,,False,Total effective weight is zero or nonfinite,0.1846000086516142,0.1846000086516142,1.0,150.0,31,8
9C_sig_1.5_bg_500_0020,347968778,9C_bg_sig_1.5_bg_500,9C_background,Intensity-Weighted Centroid,Intensity-Weighted Centroid,1.5,15.0,26.660857388726804,500.0,uniform,400.63093085030124,452.97414251108387,0.6309308503012403,0.9741425110838691,,,,,,,,,,,,False,Total effective weight is zero or nonfinite,0.18590001855045557,0.18590001855045557,1.0,150.0,31,8
9C_sig_1.5_bg_500_0021,836067575,9C_bg_sig_1.5_bg_500,9C_background,Intensity-Weighted Centroid,Intensity-Weighted Centroid,1.5,15.0,26.660857388726804,500.0,uniform,1546.0733341305715,738.9073604920312,0.07333413057153848,0.9073604920312164,,,,,,,,,,,,False,Total effective weight is zero or nonfinite,0.1849000109359622,0.1849000109359622,1.0,150.0,31,8
9C_sig_1.5_bg_500_0022,551543369,9C_bg_sig_1.5_bg_500,9C_background,Intensity-Weighted Centroid,Intensity-Weighted Centroid,1.5,15.0,26.660857388726804,500.0,uniform,864.9923275635663,540.4675874612354,0.9923275635662776,0.46758746123543915,,,,,,,,,,,,False,Total effective weight is zero or nonfinite,0.20730006508529186,0.20730006508529186,1.0,150.0,31,8
9C_sig_1.5_bg_500_0023,471391009,9C_bg_sig_1.5_bg_500,9C_background,Intensity-Weighted Centroid,Intensity-Weighted Centroid,1.5,15.0,26.660857388726804,500.0,uniform,260.86935417297184,575.3972006043235,0.869354172971839,0.39720060432352966,,,,,,,,,,,,False,Total effective weight is zero or nonfinite,0.19260006956756115,0.19260006956756115,1.0,150.0,31,8
9C_sig_1.5_bg_500_0024,358082291,9C_bg_sig_1.5_bg_500,9C_background,Intensity-Weighted Centroid,Intensity-Weighted Centroid,1.5,15.0,26.660857388726804,500.0,uniform,1531.1116107656126,266.2384704749472,0.11161076561256777,0.238470474947178,,,,,,,,,,,,False,Total effective weight is zero or nonfinite,0.19990000873804092,0.19990000873804092,1.0,150.0,31,8
9C_sig_1.5_bg_500_0025,260443529,9C_bg_sig_1.5_bg_500,9C_background,Intensity-Weighted Centroid,Intensity-Weighted Centroid,1.5,15.0,26.660857388726804,500.0,uniform,994.054304043478,664.6250476016897,0.054304043478055064,0.6250476016897437,,,,,,,,,,,,False,Total effective weight is zero or nonfinite,0.17889996524900198,0.17889996524900198,1.0,150.0,31,8
9C_sig_1.5_bg_500_0026,936373808,9C_bg_sig_1.5_bg_500,9C_background,Intensity-Weighted Centroid,Intensity-Weighted Centroid,1.5,15.0,26.660857388726804,500.0,uniform,1279.3224863035289,756.2087642850867,0.3224863035288763,0.20876428508665867,,,,,,,,,,,,False,Total effective weight is zero or nonfinite,0.31589996069669724,0.31589996069669724,1.0,150.0,31,8
9C_sig_1.5_bg_500_0027,783431024,9C_bg_sig_1.5_bg_500,9C_background,Intensity-Weighted Centroid,Intensity-Weighted Centroid,1.5,15.0,26.660857388726804,500.0,uniform,970.4795926696428,304.8317636115582,0.47959266964278413,0.8317636115581877,,,,,,,,,,,,False,Total effective weight is zero or nonfinite,0.21849991753697395,0.21849991753697395,1.0,150.0,31,8
9C_sig_1.5_bg_500_0028,170966731,9C_bg_sig_1.5_bg_500,9C_background,Intensity-Weighted Centroid,Intensity-Weighted Centroid,1.5,15.0,26.660857388726804,500.0,uniform,416.26783006480974,646.6191107536681,0.26783006480974336,0.6191107536681102,,,,,,,,,,,,False,Total effective weight is zero or nonfinite,0.21500000730156898,0.21500000730156898,1.0,150.0,31,8
9C_sig_1.5_bg_500_0029,584933499,9C_bg_sig_1.5_bg_500,9C_background,Intensity-Weighted Centroid,Intensity-Weighted Centroid,1.5,15.0,26.660857388726804,500.0,uniform,458.71993276920153,708.3060685039497,0.7199327692015345,0.3060685039497457,,,,,,,,,,,,False,Total effective weight is zero or nonfinite,0.19639998208731413,0.19639998208731413,1.0,150.0,31,8
9C_sig_1.5_bg_500_0030,699331330,9C_bg_sig_1.5_bg_500,9C_background,Intensity-Weighted Centroid,Intensity-Weighted Centroid,1.5,15.0,26.660857388726804,500.0,uniform,646.8009475451586,290.72347881427686,0.8009475451585786,0.7234788142768593,,,,,,,,,,,,False,Total effective weight is zero or nonfinite,0.18470000941306353,0.18470000941306353,1.0,150.0,31,8
9C_sig_1.5_bg_500_0031,144830130,9C_bg_sig_1.5_bg_500,9C_background,Intensity-Weighted Centroid,Intensity-Weighted Centroid,1.5,15.0,26.660857388726804,500.0,uniform,577.3038665410586,767.1584679978987,0.30386654105859634,0.15846799789869692,,,,,,,,,,,,False,Total effective weight is zero or nonfinite,0.18039997667074203,0.18039997667074203,1.0,150.0,31,8
9C_sig_1.5_bg_500_0032,948702484,9C_bg_sig_1.5_bg_500,9C_background,Intensity-Weighted Centroid,Intensity-Weighted Centroid,1.5,15.0,26.660857388726804,500.0,uniform,743.3684739858081,238.6881482360003,0.36847398580812296,0.688148236000302,,,,,,,,,,,,False,Total effective weight is zero or nonfinite,0.18780003301799297,0.18780003301799297,1.0,150.0,31,8
9C_sig_1.5_bg_500_0033,165734176,9C_bg_sig_1.5_bg_500,9C_background,Intensity-Weighted Centroid,Intensity-Weighted Centroid,1.5,15.0,26.660857388726804,500.0,uniform,946.0108809276854,752.2466173089118,0.010880927685434472,0.24661730891182287,,,,,,,,,,,,False,Total effective weight is zero or nonfinite,0.20469992887228727,0.20469992887228727,1.0,150.0,31,8
9C_sig_1.5_bg_500_0034,786036502,9C_bg_sig_1.5_bg_500,9C_background,Intensity-Weighted Centroid,Intensity-Weighted Centroid,1.5,15.0,26.660857388726804,500.0,uniform,347.27913127944464,316.3075339147858,0.2791312794446412,0.30753391478577896,,,,,,,,,,,,False,Total effective weight is zero or nonfinite,0.17919996753335,0.17919996753335,1.0,150.0,31,8
9C_sig_1.5_bg_500_0035,653107823,9C_bg_sig_1.5_bg_500,9C_background,Intensity-Weighted Centroid,Intensity-Weighted Centroid,1.5,15.0,26.660857388726804,500.0,uniform,1562.3278398330535,335.2313683555929,0.32783983305353104,0.23136835559290603,,,,,,,,,,,,False,Total effective weight is zero or nonfinite,0.1852000132203102,0.1852000132203102,1.0,150.0,31,8
9C_sig_1.5_bg_500_0036,539343675,9C_bg_sig_1.5_bg_500,9C_background,Intensity-Weighted Centroid,Intensity-Weighted Centroid,1.5,15.0,26.660857388726804,500.0,uniform,914.5665836246962,451.35099591519423,0.5665836246962499,0.35099591519423257,,,,,,,,,,,,False,Total effective weight is zero or nonfinite,0.17989997286349535,0.17989997286349535,1.0,150.0,31,8
9C_sig_1.5_bg_500_0037,113343651,9C_bg_sig_1.5_bg_500,9C_background,Intensity-Weighted Centroid,Intensity-Weighted Centroid,1.5,15.0,26.660857388726804,500.0,uniform,987.1781243456046,737.5552703093834,0.17812434560460133,0.5552703093834452,,,,,,,,,,,,False,Total effective weight is zero or nonfinite,0.20589993800967932,0.20589993800967932,1.0,150.0,31,8
9C_sig_1.5_bg_500_0038,338187048,9C_bg_sig_1.5_bg_500,9C_background,Intensity-Weighted Centroid,Intensity-Weighted Centroid,1.5,15.0,26.660857388726804,500.0,uniform,1701.3374639373267,876.0864804655504,0.33746393732667457,0.08648046555038036,,,,,,,,,,,,False,Total effective weight is zero or nonfinite,0.1762000611051917,0.1762000611051917,1.0,150.0,31,8
9C_sig_1.5_bg_500_0039,406440592,9C_bg_sig_1.5_bg_500,9C_background,Intensity-Weighted Centroid,Intensity-Weighted Centroid,1.5,15.0,26.660857388726804,500.0,uniform,1108.1197998845964,674.0918948562957,0.1197998845964321,0.09189485629565297,,,,,,,,,,,,False,Total effective weight is zero or nonfinite,0.25029992684721947,0.25029992684721947,1.0,150.0,31,8
9C_sig_1.5_bg_500_0040,748618809,9C_bg_sig_1.5_bg_500,9C_background,Intensity-Weighted Centroid,Intensity-Weighted Centroid,1.5,15.0,26.660857388726804,500.0,uniform,1180.7434188272634,541.0593158167467,0.7434188272634401,0.05931581674667541,,,,,,,,,,,,False,Total effective weight is zero or nonfinite,0.22089993581175804,0.22089993581175804,1.0,150.0,31,8
9C_sig_1.5_bg_500_0041,441460059,9C_bg_sig_1.5_bg_500,9C_background,Intensity-Weighted Centroid,Intensity-Weighted Centroid,1.5,15.0,26.660857388726804,500.0,uniform,1432.6786576275651,591.7512953172956,0.6786576275651441,0.7512953172955577,,,,,,,,,,,,False,Total effective weight is zero or nonfinite,0.18630002159625292,0.18630002159625292,1.0,150.0,31,8
9C_sig_1.5_bg_500_0042,349933723,9C_bg_sig_1.5_bg_500,9C_background,Intensity-Weighted Centroid,Intensity-Weighted Centroid,1.5,15.0,26.660857388726804,500.0,uniform,295.1471317406096,319.495683256356,0.1471317406096091,0.49568325635601695,,,,,,,,,,,,False,Total effective weight is zero or nonfinite,0.19789999350905418,0.19789999350905418,1.0,150.0,31,8
9C_sig_1.5_bg_500_0043,747851252,9C_bg_sig_1.5_bg_500,9C_background,Intensity-Weighted Centroid,Intensity-Weighted Centroid,1.5,15.0,26.660857388726804,500.0,uniform,560.9271078806498,374.0713593519305,0.9271078806498281,0.07135935193048226,,,,,,,,,,,,False,Total effective weight is zero or nonfinite,0.18620002083480358,0.18620002083480358,1.0,150.0,31,8
9C_sig_1.5_bg_500_0044,631044538,9C_bg_sig_1.5_bg_500,9C_background,Intensity-Weighted Centroid,Intensity-Weighted Centroid,1.5,15.0,26.660857388726804,500.0,uniform,935.0277145305232,382.4482440077198,0.02771453052321249,0.44824400771977935,,,,,,,,,,,,False,Total effective weight is zero or nonfinite,0.17639994621276855,0.17639994621276855,1.0,150.0,31,8
9C_sig_1.5_bg_500_0045,66026876,9C_bg_sig_1.5_bg_500,9C_background,Intensity-Weighted Centroid,Intensity-Weighted Centroid,1.5,15.0,26.660857388726804,500.0,uniform,1056.8271078215562,728.3136316651209,0.8271078215561829,0.3136316651208517,,,,,,,,,,,,False,Total effective weight is zero or nonfinite,0.1810999820008874,0.1810999820008874,1.0,150.0,31,8
9C_sig_1.5_bg_500_0046,408124830,9C_bg_sig_1.5_bg_500,9C_background,Intensity-Weighted Centroid,Intensity-Weighted Centroid,1.5,15.0,26.660857388726804,500.0,uniform,207.48094075809493,630.0598993058279,0.4809407580949312,0.05989930582791203,,,,,,,,,,,,False,Total effective weight is zero or nonfinite,0.18940004520118237,0.18940004520118237,1.0,150.0,31,8
9C_sig_1.5_bg_500_0047,310458323,9C_bg_sig_1.5_bg_500,9C_background,Intensity-Weighted Centroid,Intensity-Weighted Centroid,1.5,15.0,26.660857388726804,500.0,uniform,856.9962309350693,234.5997603725706,0.9962309350693204,0.5997603725706142,,,,,,,,,,,,False,Total effective weight is zero or nonfinite,0.18619990441948175,0.18619990441948175,1.0,150.0,31,8
9C_sig_1.5_bg_500_0048,585250621,9C_bg_sig_1.5_bg_500,9C_background,Intensity-Weighted Centroid,Intensity-Weighted Centroid,1.5,15.0,26.660857388726804,500.0,uniform,785.5262417884452,438.4716983118766,0.5262417884451907,0.47169831187659383,,,,,,,,,,,,False,Total effective weight is zero or nonfinite,0.17829996068030596,0.17829996068030596,1.0,150.0,31,8
9C_sig_1.5_bg_500_0049,42885731,9C_bg_sig_1.5_bg_500,9C_background,Intensity-Weighted Centroid,Intensity-Weighted Centroid,1.5,15.0,26.660857388726804,500.0,uniform,669.0590598072537,550.792356779732,0.05905980725367499,0.7923567797320175,,,,,,,,,,,,False,Total effective weight is zero or nonfinite,0.19569997675716877,0.19569997675716877,1.0,150.0,31,8
9C_sig_2_bg_500_0000,744404594,9C_bg_sig_2_bg_500,9C_background,Intensity-Weighted Centroid,Intensity-Weighted Centroid,2.0,15.0,26.660857388726804,500.0,uniform,1380.1873108753061,206.17917640490523,0.18731087530613877,0.17917640490523468,,,,,,,,,,,,False,Total effective weight is zero or nonfinite,0.17380004283040762,0.17380004283040762,1.0,150.0,31,8
9C_sig_2_bg_500_0001,174995297,9C_bg_sig_2_bg_500,9C_background,Intensity-Weighted Centroid,Intensity-Weighted Centroid,2.0,15.0,26.660857388726804,500.0,uniform,429.9733268791791,566.3984592281101,0.9733268791791261,0.39845922811014134,,,,,,,,,,,,False,Total effective weight is zero or nonfinite,0.18759991507977247,0.18759991507977247,1.0,150.0,31,8
9C_sig_2_bg_500_0002,733525123,9C_bg_sig_2_bg_500,9C_background,Intensity-Weighted Centroid,Intensity-Weighted Centroid,2.0,15.0,26.660857388726804,500.0,uniform,1369.6330873524614,475.2385648749244,0.6330873524614162,0.23856487492440692,,,,,,,,,,,,False,Total effective weight is zero or nonfinite,0.1857000170275569,0.1857000170275569,1.0,150.0,31,8
9C_sig_2_bg_500_0003,200128274,9C_bg_sig_2_bg_500,9C_background,Intensity-Weighted Centroid,Intensity-Weighted Centroid,2.0,15.0,26.660857388726804,500.0,uniform,1495.3365824804127,797.2726464765384,0.3365824804127442,0.272646476538398,,,,,,,,,,,,False,Total effective weight is zero or nonfinite,0.18909992650151253,0.18909992650151253,1.0,150.0,31,8
9C_sig_2_bg_500_0004,707883668,9C_bg_sig_2_bg_500,9C_background,Intensity-Weighted Centroid,Intensity-Weighted Centroid,2.0,15.0,26.660857388726804,500.0,uniform,305.16125709725884,374.18851538748936,0.16125709725884008,0.18851538748936036,,,,,,,,,,,,False,Total effective weight is zero or nonfinite,0.18430000636726618,0.18430000636726618,1.0,150.0,31,8
9C_sig_2_bg_500_0005,276457998,9C_bg_sig_2_bg_500,9C_background,Intensity-Weighted Centroid,Intensity-Weighted Centroid,2.0,15.0,26.660857388726804,500.0,uniform,1521.1508039591797,321.67608442714385,0.15080395917971146,0.6760844271438486,,,,,,,,,,,,False,Total effective weight is zero or nonfinite,0.22519996855407953,0.22519996855407953,1.0,150.0,31,8
9C_sig_2_bg_500_0006,279200239,9C_bg_sig_2_bg_500,9C_background,Intensity-Weighted Centroid,Intensity-Weighted Centroid,2.0,15.0,26.660857388726804,500.0,uniform,1568.859901809888,220.23777136694792,0.8599018098880151,0.2377713669479249,,,,,,,,,,,,False,Total effective weight is zero or nonfinite,0.18149998504668474,0.18149998504668474,1.0,150.0,31,8
9C_sig_2_bg_500_0007,269637602,9C_bg_sig_2_bg_500,9C_background,Intensity-Weighted Centroid,Intensity-Weighted Centroid,2.0,15.0,26.660857388726804,500.0,uniform,844.9346870799858,748.2486052399804,0.9346870799857925,0.24860523998040662,,,,,,,,,,,,False,Total effective weight is zero or nonfinite,0.20380003843456507,0.20380003843456507,1.0,150.0,31,8
9C_sig_2_bg_500_0008,597536378,9C_bg_sig_2_bg_500,9C_background,Intensity-Weighted Centroid,Intensity-Weighted Centroid,2.0,15.0,26.660857388726804,500.0,uniform,906.9328553826952,775.0853302662111,0.932855382695152,0.08533026621114459,,,,,,,,,,,,False,Total effective weight is zero or nonfinite,0.1797000877559185,0.1797000877559185,1.0,150.0,31,8
9C_sig_2_bg_500_0009,879608890,9C_bg_sig_2_bg_500,9C_background,Intensity-Weighted Centroid,Intensity-Weighted Centroid,2.0,15.0,26.660857388726804,500.0,uniform,1703.2780966967177,445.3848749779717,0.2780966967177392,0.38487497797171955,,,,,,,,,,,,False,Total effective weight is zero or nonfinite,0.18989993259310722,0.18989993259310722,1.0,150.0,31,8
9C_sig_2_bg_500_0010,790398957,9C_bg_sig_2_bg_500,9C_background,Intensity-Weighted Centroid,Intensity-Weighted Centroid,2.0,15.0,26.660857388726804,500.0,uniform,760.2546021671144,472.1760458367573,0.254602167114399,0.17604583675728236,,,,,,,,,,,,False,Total effective weight is zero or nonfinite,0.1759999431669712,0.1759999431669712,1.0,150.0,31,8
9C_sig_2_bg_500_0011,287076569,9C_bg_sig_2_bg_500,9C_background,Intensity-Weighted Centroid,Intensity-Weighted Centroid,2.0,15.0,26.660857388726804,500.0,uniform,1678.9123781168785,626.6811353968449,0.9123781168784717,0.6811353968448657,,,,,,,,,,,,False,Total effective weight is zero or nonfinite,0.1783999614417553,0.1783999614417553,1.0,150.0,31,8
9C_sig_2_bg_500_0012,187370274,9C_bg_sig_2_bg_500,9C_background,Intensity-Weighted Centroid,Intensity-Weighted Centroid,2.0,15.0,26.660857388726804,500.0,uniform,428.11558830442783,389.6846026520268,0.11558830442783119,0.6846026520267969,,,,,,,,,,,,False,Total effective weight is zero or nonfinite,0.18540001474320889,0.18540001474320889,1.0,150.0,31,8
9C_sig_2_bg_500_0013,555894132,9C_bg_sig_2_bg_500,9C_background,Intensity-Weighted Centroid,Intensity-Weighted Centroid,2.0,15.0,26.660857388726804,500.0,uniform,1643.5492391586909,693.8101259308527,0.5492391586908525,0.8101259308526778,,,,,,,,,,,,False,Total effective weight is zero or nonfinite,0.1846000086516142,0.1846000086516142,1.0,150.0,31,8
9C_sig_2_bg_500_0014,888775001,9C_bg_sig_2_bg_500,9C_background,Intensity-Weighted Centroid,Intensity-Weighted Centroid,2.0,15.0,26.660857388726804,500.0,uniform,524.2895194306595,558.5802247650371,0.28951943065953856,0.5802247650370873,,,,,,,,,,,,False,Total effective weight is zero or nonfinite,0.179799972102046,0.179799972102046,1.0,150.0,31,8
9C_sig_2_bg_500_0015,926308727,9C_bg_sig_2_bg_500,9C_background,Intensity-Weighted Centroid,Intensity-Weighted Centroid,2.0,15.0,26.660857388726804,500.0,uniform,1422.4242282840557,623.1840017527886,0.42422828405574364,0.18400175278861752,,,,,,,,,,,,False,Total effective weight is zero or nonfinite,0.17820007633417845,0.17820007633417845,1.0,150.0,31,8
9C_sig_2_bg_500_0016,508443009,9C_bg_sig_2_bg_500,9C_background,Intensity-Weighted Centroid,Intensity-Weighted Centroid,2.0,15.0,26.660857388726804,500.0,uniform,674.7341487434912,285.3081885605835,0.7341487434912324,0.30818856058351685,,,,,,,,,,,,False,Total effective weight is zero or nonfinite,0.17820007633417845,0.17820007633417845,1.0,150.0,31,8
9C_sig_2_bg_500_0017,871513054,9C_bg_sig_2_bg_500,9C_background,Intensity-Weighted Centroid,Intensity-Weighted Centroid,2.0,15.0,26.660857388726804,500.0,uniform,1086.3027116973706,542.4563868685487,0.3027116973705688,0.45638686854874777,,,,,,,,,,,,False,Total effective weight is zero or nonfinite,0.1775999553501606,0.1775999553501606,1.0,150.0,31,8
9C_sig_2_bg_500_0018,709534486,9C_bg_sig_2_bg_500,9C_background,Intensity-Weighted Centroid,Intensity-Weighted Centroid,2.0,15.0,26.660857388726804,500.0,uniform,1355.679967492724,777.4172174262097,0.6799674927240176,0.41721742620973146,,,,,,,,,,,,False,Total effective weight is zero or nonfinite,0.175100052729249,0.175100052729249,1.0,150.0,31,8
9C_sig_2_bg_500_0019,115916855,9C_bg_sig_2_bg_500,9C_background,Intensity-Weighted Centroid,Intensity-Weighted Centroid,2.0,15.0,26.660857388726804,500.0,uniform,1359.6342935185282,804.4640684978539,0.6342935185282386,0.46406849785387294,,,,,,,,,,,,False,Total effective weight is zero or nonfinite,0.19400008022785187,0.19400008022785187,1.0,150.0,31,8
9C_sig_2_bg_500_0020,616054954,9C_bg_sig_2_bg_500,9C_background,Intensity-Weighted Centroid,Intensity-Weighted Centroid,2.0,15.0,26.660857388726804,500.0,uniform,1459.6961331364207,678.8355102256537,0.6961331364207126,0.8355102256537066,,,,,,,,,,,,False,Total effective weight is zero or nonfinite,0.18690002616494894,0.18690002616494894,1.0,150.0,31,8
9C_sig_2_bg_500_0021,103595789,9C_bg_sig_2_bg_500,9C_background,Intensity-Weighted Centroid,Intensity-Weighted Centroid,2.0,15.0,26.660857388726804,500.0,uniform,1583.0085321353652,255.91870066259767,0.008532135365157956,0.9187006625976721,,,,,,,,,,,,False,Total effective weight is zero or nonfinite,0.18169998656958342,0.18169998656958342,1.0,150.0,31,8
9C_sig_2_bg_500_0022,390951232,9C_bg_sig_2_bg_500,9C_background,Intensity-Weighted Centroid,Intensity-Weighted Centroid,2.0,15.0,26.660857388726804,500.0,uniform,796.5469151658514,703.2362580284241,0.5469151658513738,0.23625802842411758,,,,,,,,,,,,False,Total effective weight is zero or nonfinite,0.17889996524900198,0.17889996524900198,1.0,150.0,31,8
9C_sig_2_bg_500_0023,159549810,9C_bg_sig_2_bg_500,9C_background,Intensity-Weighted Centroid,Intensity-Weighted Centroid,2.0,15.0,26.660857388726804,500.0,uniform,1469.41270074442,697.0795342793143,0.412700744419908,0.07953427931431634,,,,,,,,,,,,False,Total effective weight is zero or nonfinite,0.1813000999391079,0.1813000999391079,1.0,150.0,31,8
9C_sig_2_bg_500_0024,211307774,9C_bg_sig_2_bg_500,9C_background,Intensity-Weighted Centroid,Intensity-Weighted Centroid,2.0,15.0,26.660857388726804,500.0,uniform,1062.7916164485896,610.2990890039671,0.7916164485895933,0.29908900396708304,,,,,,,,,,,,False,Total effective weight is zero or nonfinite,0.18100009765475988,0.18100009765475988,1.0,150.0,31,8
9C_sig_2_bg_500_0025,637725807,9C_bg_sig_2_bg_500,9C_background,Intensity-Weighted Centroid,Intensity-Weighted Centroid,2.0,15.0,26.660857388726804,500.0,uniform,1214.8388088119286,316.1150672199809,0.8388088119286294,0.11506721998091507,,,,,,,,,,,,False,Total effective weight is zero or nonfinite,0.17609994392842054,0.17609994392842054,1.0,150.0,31,8
9C_sig_2_bg_500_0026,949156943,9C_bg_sig_2_bg_500,9C_background,Intensity-Weighted Centroid,Intensity-Weighted Centroid,2.0,15.0,26.660857388726804,500.0,uniform,1262.0323697766753,413.8804256947766,0.032369776675295725,0.8804256947765907,,,,,,,,,,,,False,Total effective weight is zero or nonfinite,0.1721000298857689,0.1721000298857689,1.0,150.0,31,8
9C_sig_2_bg_500_0027,655241969,9C_bg_sig_2_bg_500,9C_background,Intensity-Weighted Centroid,Intensity-Weighted Centroid,2.0,15.0,26.660857388726804,500.0,uniform,714.3102316173923,566.1256699106829,0.31023161739233274,0.12566991068285915,,,,,,,,,,,,False,Total effective weight is zero or nonfinite,0.29479991644620895,0.29479991644620895,1.0,150.0,31,8
9C_sig_2_bg_500_0028,153029640,9C_bg_sig_2_bg_500,9C_background,Intensity-Weighted Centroid,Intensity-Weighted Centroid,2.0,15.0,26.660857388726804,500.0,uniform,257.9769822169212,835.7280671406603,0.9769822169212148,0.7280671406603005,,,,,,,,,,,,False,Total effective weight is zero or nonfinite,0.19379996228963137,0.19379996228963137,1.0,150.0,31,8
9C_sig_2_bg_500_0029,894494425,9C_bg_sig_2_bg_500,9C_background,Intensity-Weighted Centroid,Intensity-Weighted Centroid,2.0,15.0,26.660857388726804,500.0,uniform,952.8486811135642,399.7043667833865,0.8486811135642256,0.7043667833864902,,,,,,,,,,,,False,Total effective weight is zero or nonfinite,0.18169998656958342,0.18169998656958342,1.0,150.0,31,8
9C_sig_2_bg_500_0030,420837783,9C_bg_sig_2_bg_500,9C_background,Intensity-Weighted Centroid,Intensity-Weighted Centroid,2.0,15.0,26.660857388726804,500.0,uniform,848.4397899991504,734.4526975311694,0.4397899991504346,0.4526975311694059,,,,,,,,,,,,False,Total effective weight is zero or nonfinite,0.17819995991885662,0.17819995991885662,1.0,150.0,31,8
9C_sig_2_bg_500_0031,156784555,9C_bg_sig_2_bg_500,9C_background,Intensity-Weighted Centroid,Intensity-Weighted Centroid,2.0,15.0,26.660857388726804,500.0,uniform,374.6418042515143,643.896549536349,0.6418042515143156,0.8965495363489708,,,,,,,,,,,,False,Total effective weight is zero or nonfinite,0.28000003658235073,0.28000003658235073,1.0,150.0,31,8
9C_sig_2_bg_500_0032,443758601,9C_bg_sig_2_bg_500,9C_background,Intensity-Weighted Centroid,Intensity-Weighted Centroid,2.0,15.0,26.660857388726804,500.0,uniform,604.8073965358255,663.601552851408,0.8073965358255464,0.6015528514079733,,,,,,,,,,,,False,Total effective weight is zero or nonfinite,0.18209998961538076,0.18209998961538076,1.0,150.0,31,8
9C_sig_2_bg_500_0033,513634374,9C_bg_sig_2_bg_500,9C_background,Intensity-Weighted Centroid,Intensity-Weighted Centroid,2.0,15.0,26.660857388726804,500.0,uniform,640.7711504993844,590.8502015251829,0.7711504993843619,0.8502015251829107,,,,,,,,,,,,False,Total effective weight is zero or nonfinite,0.18400000408291817,0.18400000408291817,1.0,150.0,31,8
9C_sig_2_bg_500_0034,819366105,9C_bg_sig_2_bg_500,9C_background,Intensity-Weighted Centroid,Intensity-Weighted Centroid,2.0,15.0,26.660857388726804,500.0,uniform,1532.9914177980072,588.0809953199343,0.9914177980072054,0.08099531993434539,,,,,,,,,,,,False,Total effective weight is zero or nonfinite,0.2970000496134162,0.2970000496134162,1.0,150.0,31,8
9C_sig_2_bg_500_0035,539429506,9C_bg_sig_2_bg_500,9C_background,Intensity-Weighted Centroid,Intensity-Weighted Centroid,2.0,15.0,26.660857388726804,500.0,uniform,1186.423406290213,399.73650009295665,0.42340629021305176,0.7365000929566463,,,,,,,,,,,,False,Total effective weight is zero or nonfinite,0.18470000941306353,0.18470000941306353,1.0,150.0,31,8
9C_sig_2_bg_500_0036,809672961,9C_bg_sig_2_bg_500,9C_background,Intensity-Weighted Centroid,Intensity-Weighted Centroid,2.0,15.0,26.660857388726804,500.0,uniform,352.7117078934648,477.4303628608134,0.7117078934647907,0.43036286081337494,,,,,,,,,,,,False,Total effective weight is zero or nonfinite,0.2799000358209014,0.2799000358209014,1.0,150.0,31,8
9C_sig_2_bg_500_0037,122207675,9C_bg_sig_2_bg_500,9C_background,Intensity-Weighted Centroid,Intensity-Weighted Centroid,2.0,15.0,26.660857388726804,500.0,uniform,1125.4723594835964,594.1916839222253,0.47235948359639224,0.191683922225252,,,,,,,,,,,,False,Total effective weight is zero or nonfinite,0.19049993716180325,0.19049993716180325,1.0,150.0,31,8
9C_sig_2_bg_500_0038,347278652,9C_bg_sig_2_bg_500,9C_background,Intensity-Weighted Centroid,Intensity-Weighted Centroid,2.0,15.0,26.660857388726804,500.0,uniform,496.3647291584304,357.07879101380445,0.3647291584304071,0.07879101380444808,,,,,,,,,,,,False,Total effective weight is zero or nonfinite,0.1911999424919486,0.1911999424919486,1.0,150.0,31,8
9C_sig_2_bg_500_0039,633373596,9C_bg_sig_2_bg_500,9C_background,Intensity-Weighted Centroid,Intensity-Weighted Centroid,2.0,15.0,26.660857388726804,500.0,uniform,616.0646271815892,307.98126629577763,0.06462718158923053,0.9812662957776297,,,,,,,,,,,,False,Total effective weight is zero or nonfinite,0.1873000292107463,0.1873000292107463,1.0,150.0,31,8
9C_sig_2_bg_500_0040,784627013,9C_bg_sig_2_bg_500,9C_background,Intensity-Weighted Centroid,Intensity-Weighted Centroid,2.0,15.0,26.660857388726804,500.0,uniform,390.6383006976731,575.0854932639016,0.6383006976731167,0.0854932639016397,,,,,,,,,,,,False,Total effective weight is zero or nonfinite,0.19609997980296612,0.19609997980296612,1.0,150.0,31,8
9C_sig_2_bg_500_0041,930912069,9C_bg_sig_2_bg_500,9C_background,Intensity-Weighted Centroid,Intensity-Weighted Centroid,2.0,15.0,26.660857388726804,500.0,uniform,536.7309664308319,811.8027869842233,0.730966430831927,0.8027869842233031,,,,,,,,,,,,False,Total effective weight is zero or nonfinite,0.18670002464205027,0.18670002464205027,1.0,150.0,31,8
9C_sig_2_bg_500_0042,220102206,9C_bg_sig_2_bg_500,9C_background,Intensity-Weighted Centroid,Intensity-Weighted Centroid,2.0,15.0,26.660857388726804,500.0,uniform,990.5891990057796,702.4866118285163,0.5891990057796193,0.48661182851628837,,,,,,,,,,,,False,Total effective weight is zero or nonfinite,0.20180002320557833,0.20180002320557833,1.0,150.0,31,8
9C_sig_2_bg_500_0043,387404935,9C_bg_sig_2_bg_500,9C_background,Intensity-Weighted Centroid,Intensity-Weighted Centroid,2.0,15.0,26.660857388726804,500.0,uniform,1361.9958447528047,583.5762748571556,0.9958447528047145,0.5762748571555676,,,,,,,,,,,,False,Total effective weight is zero or nonfinite,0.1916999462991953,0.1916999462991953,1.0,150.0,31,8
9C_sig_2_bg_500_0044,580825220,9C_bg_sig_2_bg_500,9C_background,Intensity-Weighted Centroid,Intensity-Weighted Centroid,2.0,15.0,26.660857388726804,500.0,uniform,1331.3869787285248,211.92873216892642,0.3869787285248094,0.9287321689264161,,,,,,,,,,,,False,Total effective weight is zero or nonfinite,0.188400037586689,0.188400037586689,1.0,150.0,31,8
9C_sig_2_bg_500_0045,328974385,9C_bg_sig_2_bg_500,9C_background,Intensity-Weighted Centroid,Intensity-Weighted Centroid,2.0,15.0,26.660857388726804,500.0,uniform,1383.7537624705947,679.2163705202398,0.7537624705946655,0.2163705202398205,,,,,,,,,,,,False,Total effective weight is zero or nonfinite,0.19080005586147308,0.19080005586147308,1.0,150.0,31,8
9C_sig_2_bg_500_0046,633201355,9C_bg_sig_2_bg_500,9C_background,Intensity-Weighted Centroid,Intensity-Weighted Centroid,2.0,15.0,26.660857388726804,500.0,uniform,366.2957599519457,361.95980422176547,0.2957599519456835,0.9598042217654665,,,,,,,,,,,,False,Total effective weight is zero or nonfinite,0.17859996296465397,0.17859996296465397,1.0,150.0,31,8
9C_sig_2_bg_500_0047,15425487,9C_bg_sig_2_bg_500,9C_background,Intensity-Weighted Centroid,Intensity-Weighted Centroid,2.0,15.0,26.660857388726804,500.0,uniform,444.6362224676877,322.7332959702102,0.6362224676876735,0.7332959702101789,,,,,,,,,,,,False,Total effective weight is zero or nonfinite,0.18259999342262745,0.18259999342262745,1.0,150.0,31,8
9C_sig_2_bg_500_0048,806018654,9C_bg_sig_2_bg_500,9C_background,Intensity-Weighted Centroid,Intensity-Weighted Centroid,2.0,15.0,26.660857388726804,500.0,uniform,540.4152870285427,660.9931410400746,0.41528702854270705,0.9931410400746472,,,,,,,,,,,,False,Total effective weight is zero or nonfinite,0.17429993022233248,0.17429993022233248,1.0,150.0,31,8
9C_sig_2_bg_500_0049,247017742,9C_bg_sig_2_bg_500,9C_background,Intensity-Weighted Centroid,Intensity-Weighted Centroid,2.0,15.0,26.660857388726804,500.0,uniform,298.9850194059332,566.0457711896595,0.9850194059332011,0.04577118965949012,,,,,,,,,,,,False,Total effective weight is zero or nonfinite,0.2514999359846115,0.2514999359846115,1.0,150.0,31,8
9C_sig_2.5_bg_500_0000,979392299,9C_bg_sig_2.5_bg_500,9C_background,Intensity-Weighted Centroid,Intensity-Weighted Centroid,2.5,15.0,26.660857388726804,500.0,uniform,1494.0661407818573,680.3897154557288,0.06614078185725702,0.38971545572883315,,,,,,,,,,,,False,Total effective weight is zero or nonfinite,0.18700002692639828,0.18700002692639828,1.0,150.0,31,8
9C_sig_2.5_bg_500_0001,448783542,9C_bg_sig_2.5_bg_500,9C_background,Intensity-Weighted Centroid,Intensity-Weighted Centroid,2.5,15.0,26.660857388726804,500.0,uniform,1473.2417168892202,502.37191911573456,0.2417168892202426,0.37191911573455627,,,,,,,,,,,,False,Total effective weight is zero or nonfinite,0.18810003530234098,0.18810003530234098,1.0,150.0,31,8
9C_sig_2.5_bg_500_0002,848695811,9C_bg_sig_2.5_bg_500,9C_background,Intensity-Weighted Centroid,Intensity-Weighted Centroid,2.5,15.0,26.660857388726804,500.0,uniform,737.2113570381073,760.8206719121578,0.21135703810728046,0.8206719121577635,,,,,,,,,,,,False,Total effective weight is zero or nonfinite,0.1919999485835433,0.1919999485835433,1.0,150.0,31,8
9C_sig_2.5_bg_500_0003,760098724,9C_bg_sig_2.5_bg_500,9C_background,Intensity-Weighted Centroid,Intensity-Weighted Centroid,2.5,15.0,26.660857388726804,500.0,uniform,904.313194477651,804.1368844979162,0.3131944776509954,0.13688449791618496,,,,,,,,,,,,False,Total effective weight is zero or nonfinite,0.1898000482469797,0.1898000482469797,1.0,150.0,31,8
9C_sig_2.5_bg_500_0004,581308844,9C_bg_sig_2.5_bg_500,9C_background,Intensity-Weighted Centroid,Intensity-Weighted Centroid,2.5,15.0,26.660857388726804,500.0,uniform,1597.2973172801587,861.7203690719423,0.2973172801587225,0.7203690719422866,,,,,,,,,,,,False,Total effective weight is zero or nonfinite,0.20760006736963987,0.20760006736963987,1.0,150.0,31,8
9C_sig_2.5_bg_500_0005,410438763,9C_bg_sig_2.5_bg_500,9C_background,Intensity-Weighted Centroid,Intensity-Weighted Centroid,2.5,15.0,26.660857388726804,500.0,uniform,560.2617404516606,470.59119607203127,0.2617404516605575,0.5911960720312663,,,,,,,,,,,,False,Total effective weight is zero or nonfinite,0.18090009689331055,0.18090009689331055,1.0,150.0,31,8
9C_sig_2.5_bg_500_0006,534123418,9C_bg_sig_2.5_bg_500,9C_background,Intensity-Weighted Centroid,Intensity-Weighted Centroid,2.5,15.0,26.660857388726804,500.0,uniform,1209.680678962322,370.5543468356658,0.6806789623219629,0.5543468356657968,,,,,,,,,,,,False,Total effective weight is zero or nonfinite,0.19290007185190916,0.19290007185190916,1.0,150.0,31,8
9C_sig_2.5_bg_500_0007,608299208,9C_bg_sig_2.5_bg_500,9C_background,Intensity-Weighted Centroid,Intensity-Weighted Centroid,2.5,15.0,26.660857388726804,500.0,uniform,1700.1645163399398,404.54670761927247,0.16451633993983705,0.5467076192724676,,,,,,,,,,,,False,Total effective weight is zero or nonfinite,0.17440004739910364,0.17440004739910364,1.0,150.0,31,8
9C_sig_2.5_bg_500_0008,845322065,9C_bg_sig_2.5_bg_500,9C_background,Intensity-Weighted Centroid,Intensity-Weighted Centroid,2.5,15.0,26.660857388726804,500.0,uniform,1142.3166368426266,815.4500130546028,0.31663684262662173,0.45001305460277763,,,,,,,,,,,,False,Total effective weight is zero or nonfinite,0.18039997667074203,0.18039997667074203,1.0,150.0,31,8
9C_sig_2.5_bg_500_0009,528378986,9C_bg_sig_2.5_bg_500,9C_background,Intensity-Weighted Centroid,Intensity-Weighted Centroid,2.5,15.0,26.660857388726804,500.0,uniform,800.1885165122897,511.33995499892677,0.18851651228965238,0.33995499892677117,,,,,,,,,,,,False,Total effective weight is zero or nonfinite,0.1821999903768301,0.1821999903768301,1.0,150.0,31,8
9C_sig_2.5_bg_500_0010,820941959,9C_bg_sig_2.5_bg_500,9C_background,Intensity-Weighted Centroid,Intensity-Weighted Centroid,2.5,15.0,26.660857388726804,500.0,uniform,716.4231492478623,822.7882775396798,0.42314924786228403,0.7882775396798252,,,,,,,,,,,,False,Total effective weight is zero or nonfinite,0.17699995078146458,0.17699995078146458,1.0,150.0,31,8
9C_sig_2.5_bg_500_0011,449540483,9C_bg_sig_2.5_bg_500,9C_background,Intensity-Weighted Centroid,Intensity-Weighted Centroid,2.5,15.0,26.660857388726804,500.0,uniform,1186.22107399049,644.0446552575454,0.22107399048991283,0.04465525754540067,,,,,,,,,,,,False,Total effective weight is zero or nonfinite,0.18120009917765856,0.18120009917765856,1.0,150.0,31,8
9C_sig_2.5_bg_500_0012,518624874,9C_bg_sig_2.5_bg_500,9C_background,Intensity-Weighted Centroid,Intensity-Weighted Centroid,2.5,15.0,26.660857388726804,500.0,uniform,1328.8184158186205,232.9500047411698,0.8184158186204513,0.9500047411698063,,,,,,,,,,,,False,Total effective weight is zero or nonfinite,0.20030001178383827,0.20030001178383827,1.0,150.0,31,8
9C_sig_2.5_bg_500_0013,149400849,9C_bg_sig_2.5_bg_500,9C_background,Intensity-Weighted Centroid,Intensity-Weighted Centroid,2.5,15.0,26.660857388726804,500.0,uniform,1533.5063383368229,843.3531127092291,0.5063383368228642,0.35311270922909443,,,,,,,,,,,,False,Total effective weight is zero or nonfinite,0.18969993107020855,0.18969993107020855,1.0,150.0,31,8
9C_sig_2.5_bg_500_0014,988513878,9C_bg_sig_2.5_bg_500,9C_background,Intensity-Weighted Centroid,Intensity-Weighted Centroid,2.5,15.0,26.660857388726804,500.0,uniform,884.3685744526329,587.600384067112,0.36857445263285626,0.6003840671120315,,,,,,,,,,,,False,Total effective weight is zero or nonfinite,0.1876000314950943,0.1876000314950943,1.0,150.0,31,8
9C_sig_2.5_bg_500_0015,988869103,9C_bg_sig_2.5_bg_500,9C_background,Intensity-Weighted Centroid,Intensity-Weighted Centroid,2.5,15.0,26.660857388726804,500.0,uniform,987.9451301905625,322.0289889984052,0.9451301905625087,0.028988998405225175,,,,,,,,,,,,False,Total effective weight is zero or nonfinite,0.17779995687305927,0.17779995687305927,1.0,150.0,31,8
9C_sig_2.5_bg_500_0016,442614148,9C_bg_sig_2.5_bg_500,9C_background,Intensity-Weighted Centroid,Intensity-Weighted Centroid,2.5,15.0,26.660857388726804,500.0,uniform,426.2285645310519,422.47689101052214,0.22856453105191576,0.476891010522138,,,,,,,,,,,,False,Total effective weight is zero or nonfinite,0.19559997599571943,0.19559997599571943,1.0,150.0,31,8
9C_sig_2.5_bg_500_0017,21763646,9C_bg_sig_2.5_bg_500,9C_background,Intensity-Weighted Centroid,Intensity-Weighted Centroid,2.5,15.0,26.660857388726804,500.0,uniform,812.2977263803543,709.6711850151187,0.29772638035433374,0.6711850151186809,,,,,,,,,,,,False,Total effective weight is zero or nonfinite,0.2009000163525343,0.2009000163525343,1.0,150.0,31,8
9C_sig_2.5_bg_500_0018,694200664,9C_bg_sig_2.5_bg_500,9C_background,Intensity-Weighted Centroid,Intensity-Weighted Centroid,2.5,15.0,26.660857388726804,500.0,uniform,1610.5069445482447,560.8789415155042,0.5069445482447463,0.8789415155041524,,,,,,,,,,,,False,Total effective weight is zero or nonfinite,0.17919996753335,0.17919996753335,1.0,150.0,31,8
9C_sig_2.5_bg_500_0019,328824756,9C_bg_sig_2.5_bg_500,9C_background,Intensity-Weighted Centroid,Intensity-Weighted Centroid,2.5,15.0,26.660857388726804,500.0,uniform,1636.086308989503,375.41177125709004,0.08630898950309529,0.41177125709003803,,,,,,,,,,,,False,Total effective weight is zero or nonfinite,0.1849000109359622,0.1849000109359622,1.0,150.0,31,8
9C_sig_2.5_bg_500_0020,192534822,9C_bg_sig_2.5_bg_500,9C_background,Intensity-Weighted Centroid,Intensity-Weighted Centroid,2.5,15.0,26.660857388726804,500.0,uniform,901.9265897517495,812.5622280264201,0.926589751749475,0.5622280264201436,,,,,,,,,,,,False,Total effective weight is zero or nonfinite,0.179799972102046,0.179799972102046,1.0,150.0,31,8
9C_sig_2.5_bg_500_0021,696211192,9C_bg_sig_2.5_bg_500,9C_background,Intensity-Weighted Centroid,Intensity-Weighted Centroid,2.5,15.0,26.660857388726804,500.0,uniform,811.9679865712346,352.18853209813403,0.9679865712346327,0.18853209813403282,,,,,,,,,,,,False,Total effective weight is zero or nonfinite,0.19689998589456081,0.19689998589456081,1.0,150.0,31,8
9C_sig_2.5_bg_500_0022,156453642,9C_bg_sig_2.5_bg_500,9C_background,Intensity-Weighted Centroid,Intensity-Weighted Centroid,2.5,15.0,26.660857388726804,500.0,uniform,1464.2724154970344,801.8947733834893,0.27241549703444434,0.894773383489337,,,,,,,,,,,,False,Total effective weight is zero or nonfinite,0.17770007252693176,0.17770007252693176,1.0,150.0,31,8
9C_sig_2.5_bg_500_0023,130375392,9C_bg_sig_2.5_bg_500,9C_background,Intensity-Weighted Centroid,Intensity-Weighted Centroid,2.5,15.0,26.660857388726804,500.0,uniform,619.8348244143451,813.5639104475904,0.8348244143451211,0.5639104475903878,,,,,,,,,,,,False,Total effective weight is zero or nonfinite,0.26789994444698095,0.26789994444698095,1.0,150.0,31,8
9C_sig_2.5_bg_500_0024,603318097,9C_bg_sig_2.5_bg_500,9C_background,Intensity-Weighted Centroid,Intensity-Weighted Centroid,2.5,15.0,26.660857388726804,500.0,uniform,703.5693116804896,613.528860749673,0.5693116804895908,0.5288607496729583,,,,,,,,,,,,False,Total effective weight is zero or nonfinite,0.19230006728321314,0.19230006728321314,1.0,150.0,31,8
9C_sig_2.5_bg_500_0025,132265028,9C_bg_sig_2.5_bg_500,9C_background,Intensity-Weighted Centroid,Intensity-Weighted Centroid,2.5,15.0,26.660857388726804,500.0,uniform,985.2927135969971,440.904320891042,0.29271359699714594,0.9043208910420049,,,,,,,,,,,,False,Total effective weight is zero or nonfinite,0.1829999964684248,0.1829999964684248,1.0,150.0,31,8
9C_sig_2.5_bg_500_0026,520697958,9C_bg_sig_2.5_bg_500,9C_background,Intensity-Weighted Centroid,Intensity-Weighted Centroid,2.5,15.0,26.660857388726804,500.0,uniform,293.37748930239957,378.4064562158967,0.37748930239956735,0.40645621589669645,,,,,,,,,,,,False,Total effective weight is zero or nonfinite,0.19369996152818203,0.19369996152818203,1.0,150.0,31,8
9C_sig_2.5_bg_500_0027,595161979,9C_bg_sig_2.5_bg_500,9C_background,Intensity-Weighted Centroid,Intensity-Weighted Centroid,2.5,15.0,26.660857388726804,500.0,uniform,923.4135089527649,641.8463921594122,0.4135089527649143,0.8463921594121757,,,,,,,,,,,,False,Total effective weight is zero or nonfinite,0.1873000292107463,0.1873000292107463,1.0,150.0,31,8
9C_sig_2.5_bg_500_0028,94713780,9C_bg_sig_2.5_bg_500,9C_background,Intensity-Weighted Centroid,Intensity-Weighted Centroid,2.5,15.0,26.660857388726804,500.0,uniform,619.1206388956867,367.44717041597045,0.12063889568673858,0.44717041597044727,,,,,,,,,,,,False,Total effective weight is zero or nonfinite,0.20300003234297037,0.20300003234297037,1.0,150.0,31,8
9C_sig_2.5_bg_500_0029,45245335,9C_bg_sig_2.5_bg_500,9C_background,Intensity-Weighted Centroid,Intensity-Weighted Centroid,2.5,15.0,26.660857388726804,500.0,uniform,1473.1290350823965,267.40987982728905,0.12903508239651273,0.40987982728904626,,,,,,,,,,,,False,Total effective weight is zero or nonfinite,0.17749995458871126,0.17749995458871126,1.0,150.0,31,8
9C_sig_2.5_bg_500_0030,598470453,9C_bg_sig_2.5_bg_500,9C_background,Intensity-Weighted Centroid,Intensity-Weighted Centroid,2.5,15.0,26.660857388726804,500.0,uniform,1391.7467465975242,637.5874746013063,0.7467465975241794,0.5874746013063259,,,,,,,,,,,,False,Total effective weight is zero or nonfinite,0.18159998580813408,0.18159998580813408,1.0,150.0,31,8
9C_sig_2.5_bg_500_0031,366252982,9C_bg_sig_2.5_bg_500,9C_background,Intensity-Weighted Centroid,Intensity-Weighted Centroid,2.5,15.0,26.660857388726804,500.0,uniform,1319.3489632934197,230.5517719944025,0.34896329341972887,0.5517719944024861,,,,,,,,,,,,False,Total effective weight is zero or nonfinite,0.31219993252307177,0.31219993252307177,1.0,150.0,31,8
9C_sig_2.5_bg_500_0032,164531801,9C_bg_sig_2.5_bg_500,9C_background,Intensity-Weighted Centroid,Intensity-Weighted Centroid,2.5,15.0,26.660857388726804,500.0,uniform,968.8989543360475,503.98785921509744,0.8989543360474954,0.9878592150974441,,,,,,,,,,,,False,Total effective weight is zero or nonfinite,0.17849996220320463,0.17849996220320463,1.0,150.0,31,8
9C_sig_2.5_bg_500_0033,42026993,9C_bg_sig_2.5_bg_500,9C_background,Intensity-Weighted Centroid,Intensity-Weighted Centroid,2.5,15.0,26.660857388726804,500.0,uniform,222.47814683864365,735.3121146922156,0.4781468386436529,0.3121146922155731,,,,,,,,,,,,False,Total effective weight is zero or nonfinite,0.27760001830756664,0.27760001830756664,1.0,150.0,31,8
9C_sig_2.5_bg_500_0034,404439375,9C_bg_sig_2.5_bg_500,9C_background,Intensity-Weighted Centroid,Intensity-Weighted Centroid,2.5,15.0,26.660857388726804,500.0,uniform,1621.4390823234926,476.0205829825196,0.4390823234925847,0.020582982519613324,,,,,,,,,,,,False,Total effective weight is zero or nonfinite,0.22059993352741003,0.22059993352741003,1.0,150.0,31,8
9C_sig_2.5_bg_500_0035,195809990,9C_bg_sig_2.5_bg_500,9C_background,Intensity-Weighted Centroid,Intensity-Weighted Centroid,2.5,15.0,26.660857388726804,500.0,uniform,601.3711892069833,586.9537801218577,0.37118920698333113,0.953780121857676,,,,,,,,,,,,False,Total effective weight is zero or nonfinite,0.18429988995194435,0.18429988995194435,1.0,150.0,31,8
9C_sig_2.5_bg_500_0036,271977182,9C_bg_sig_2.5_bg_500,9C_background,Intensity-Weighted Centroid,Intensity-Weighted Centroid,2.5,15.0,26.660857388726804,500.0,uniform,1421.2459794316414,858.6066565796089,0.24597943164144453,0.6066565796088526,,,,,,,,,,,,False,Total effective weight is zero or nonfinite,0.19539997447282076,0.19539997447282076,1.0,150.0,31,8
9C_sig_2.5_bg_500_0037,346597375,9C_bg_sig_2.5_bg_500,9C_background,Intensity-Weighted Centroid,Intensity-Weighted Centroid,2.5,15.0,26.660857388726804,500.0,uniform,1653.406650160423,693.8968050574834,0.40665016042294155,0.8968050574834479,,,,,,,,,,,,False,Total effective weight is zero or nonfinite,0.2343000378459692,0.2343000378459692,1.0,150.0,31,8
9C_sig_2.5_bg_500_0038,59860664,9C_bg_sig_2.5_bg_500,9C_background,Intensity-Weighted Centroid,Intensity-Weighted Centroid,2.5,15.0,26.660857388726804,500.0,uniform,1001.5582265583417,499.17767397927565,0.5582265583417438,0.17767397927565298,,,,,,,,,,,,False,Total effective weight is zero or nonfinite,0.1799999736249447,0.1799999736249447,1.0,150.0,31,8
9C_sig_2.5_bg_500_0039,492052753,9C_bg_sig_2.5_bg_500,9C_background,Intensity-Weighted Centroid,Intensity-Weighted Centroid,2.5,15.0,26.660857388726804,500.0,uniform,1118.7146304323805,588.887268359487,0.7146304323805452,0.8872683594870523,,,,,,,,,,,,False,Total effective weight is zero or nonfinite,0.291300006210804,0.291300006210804,1.0,150.0,31,8
9C_sig_2.5_bg_500_0040,587141665,9C_bg_sig_2.5_bg_500,9C_background,Intensity-Weighted Centroid,Intensity-Weighted Centroid,2.5,15.0,26.660857388726804,500.0,uniform,650.1833770595044,603.2260728024088,0.18337705950443706,0.2260728024087939,,,,,,,,,,,,False,Total effective weight is zero or nonfinite,0.17910008318722248,0.17910008318722248,1.0,150.0,31,8
9C_sig_2.5_bg_500_0041,468364928,9C_bg_sig_2.5_bg_500,9C_background,Intensity-Weighted Centroid,Intensity-Weighted Centroid,2.5,15.0,26.660857388726804,500.0,uniform,1100.5442223899415,435.4129958479839,0.5442223899415239,0.4129958479838933,,,,,,,,,,,,False,Total effective weight is zero or nonfinite,0.8024999406188726,0.8024999406188726,1.0,150.0,31,8
9C_sig_2.5_bg_500_0042,286862288,9C_bg_sig_2.5_bg_500,9C_background,Intensity-Weighted Centroid,Intensity-Weighted Centroid,2.5,15.0,26.660857388726804,500.0,uniform,658.4184844723814,355.8828892319532,0.4184844723813512,0.882889231953186,,,,,,,,,,,,False,Total effective weight is zero or nonfinite,0.18719991203397512,0.18719991203397512,1.0,150.0,31,8
9C_sig_2.5_bg_500_0043,286300941,9C_bg_sig_2.5_bg_500,9C_background,Intensity-Weighted Centroid,Intensity-Weighted Centroid,2.5,15.0,26.660857388726804,500.0,uniform,436.6527136342959,831.3049806776041,0.6527136342958784,0.30498067760413505,,,,,,,,,,,,False,Total effective weight is zero or nonfinite,0.19940000493079424,0.19940000493079424,1.0,150.0,31,8
9C_sig_2.5_bg_500_0044,770966548,9C_bg_sig_2.5_bg_500,9C_background,Intensity-Weighted Centroid,Intensity-Weighted Centroid,2.5,15.0,26.660857388726804,500.0,uniform,1716.9165693072596,815.5642754632453,0.9165693072595786,0.5642754632452807,,,,,,,,,,,,False,Total effective weight is zero or nonfinite,0.17899996601045132,0.17899996601045132,1.0,150.0,31,8
9C_sig_2.5_bg_500_0045,692670314,9C_bg_sig_2.5_bg_500,9C_background,Intensity-Weighted Centroid,Intensity-Weighted Centroid,2.5,15.0,26.660857388726804,500.0,uniform,1242.6450240531567,842.2305661018155,0.6450240531567033,0.23056610181549786,,,,,,,,,,,,False,Total effective weight is zero or nonfinite,0.18339999951422215,0.18339999951422215,1.0,150.0,31,8
9C_sig_2.5_bg_500_0046,903687982,9C_bg_sig_2.5_bg_500,9C_background,Intensity-Weighted Centroid,Intensity-Weighted Centroid,2.5,15.0,26.660857388726804,500.0,uniform,1636.9197511191117,498.38685740407834,0.9197511191116519,0.38685740407834146,,,,,,,,,,,,False,Total effective weight is zero or nonfinite,0.2012000186368823,0.2012000186368823,1.0,150.0,31,8
9C_sig_2.5_bg_500_0047,16294229,9C_bg_sig_2.5_bg_500,9C_background,Intensity-Weighted Centroid,Intensity-Weighted Centroid,2.5,15.0,26.660857388726804,500.0,uniform,1261.4496344648248,583.9253078883967,0.4496344648248396,0.9253078883966737,,,,,,,,,,,,False,Total effective weight is zero or nonfinite,0.21059997379779816,0.21059997379779816,1.0,150.0,31,8
9C_sig_2.5_bg_500_0048,100803581,9C_bg_sig_2.5_bg_500,9C_background,Intensity-Weighted Centroid,Intensity-Weighted Centroid,2.5,15.0,26.660857388726804,500.0,uniform,554.7144897051735,581.0357332496487,0.7144897051734915,0.035733249648728815,,,,,,,,,,,,False,Total effective weight is zero or nonfinite,0.21059997379779816,0.21059997379779816,1.0,150.0,31,8
9C_sig_2.5_bg_500_0049,689730655,9C_bg_sig_2.5_bg_500,9C_background,Intensity-Weighted Centroid,Intensity-Weighted Centroid,2.5,15.0,26.660857388726804,500.0,uniform,925.9529833549777,809.1976537085225,0.9529833549777322,0.19765370852246633,,,,,,,,,,,,False,Total effective weight is zero or nonfinite,0.23030000738799572,0.23030000738799572,1.0,150.0,31,8
9C_sig_3_bg_500_0000,70920295,9C_bg_sig_3_bg_500,9C_background,Intensity-Weighted Centroid,Intensity-Weighted Centroid,3.0,15.0,26.660857388726804,500.0,uniform,1090.256651130016,450.9705781619294,0.2566511300160528,0.9705781619293816,,,,,,,,,,,,False,Total effective weight is zero or nonfinite,0.1818999880924821,0.1818999880924821,1.0,150.0,31,8
9C_sig_3_bg_500_0001,539692608,9C_bg_sig_3_bg_500,9C_background,Intensity-Weighted Centroid,Intensity-Weighted Centroid,3.0,15.0,26.660857388726804,500.0,uniform,885.7070927729537,607.9763166698042,0.7070927729537289,0.9763166698041914,,,,,,,,,,,,False,Total effective weight is zero or nonfinite,0.18850003834813833,0.18850003834813833,1.0,150.0,31,8
9C_sig_3_bg_500_0002,245778530,9C_bg_sig_3_bg_500,9C_background,Intensity-Weighted Centroid,Intensity-Weighted Centroid,3.0,15.0,26.660857388726804,500.0,uniform,459.79326255767916,377.6887112432211,0.7932625576791565,0.6887112432211211,,,,,,,,,,,,False,Total effective weight is zero or nonfinite,0.18209998961538076,0.18209998961538076,1.0,150.0,31,8
9C_sig_3_bg_500_0003,46759231,9C_bg_sig_3_bg_500,9C_background,Intensity-Weighted Centroid,Intensity-Weighted Centroid,3.0,15.0,26.660857388726804,500.0,uniform,1458.8947827530437,201.71862272840463,0.894782753043728,0.7186227284046254,,,,,,,,,,,,False,Total effective weight is zero or nonfinite,0.21770002786070108,0.21770002786070108,1.0,150.0,31,8
9C_sig_3_bg_500_0004,732635746,9C_bg_sig_3_bg_500,9C_background,Intensity-Weighted Centroid,Intensity-Weighted Centroid,3.0,15.0,26.660857388726804,500.0,uniform,214.10360399212723,262.196064850209,0.10360399212723337,0.1960648502089839,,,,,,,,,,,,False,Total effective weight is zero or nonfinite,0.26320002507418394,0.26320002507418394,1.0,150.0,31,8
9C_sig_3_bg_500_0005,305772426,9C_bg_sig_3_bg_500,9C_background,Intensity-Weighted Centroid,Intensity-Weighted Centroid,3.0,15.0,26.660857388726804,500.0,uniform,1137.6589479519503,812.5713736104524,0.6589479519502675,0.5713736104523832,,,,,,,,,,,,False,Total effective weight is zero or nonfinite,0.1965999836102128,0.1965999836102128,1.0,150.0,31,8
9C_sig_3_bg_500_0006,248058919,9C_bg_sig_3_bg_500,9C_background,Intensity-Weighted Centroid,Intensity-Weighted Centroid,3.0,15.0,26.660857388726804,500.0,uniform,515.638788855438,512.2051215533909,0.6387888554379515,0.20512155339088167,,,,,,,,,,,,False,Total effective weight is zero or nonfinite,0.18199998885393143,0.18199998885393143,1.0,150.0,31,8
9C_sig_3_bg_500_0007,804715485,9C_bg_sig_3_bg_500,9C_background,Intensity-Weighted Centroid,Intensity-Weighted Centroid,3.0,15.0,26.660857388726804,500.0,uniform,242.70062688658464,466.45929446946275,0.7006268865846437,0.45929446946274766,,,,,,,,,,,,False,Total effective weight is zero or nonfinite,0.18940004520118237,0.18940004520118237,1.0,150.0,31,8
9C_sig_3_bg_500_0008,617503954,9C_bg_sig_3_bg_500,9C_background,Intensity-Weighted Centroid,Intensity-Weighted Centroid,3.0,15.0,26.660857388726804,500.0,uniform,396.4217352800098,439.28005515923905,0.4217352800097842,0.2800551592390548,,,,,,,,,,,,False,Total effective weight is zero or nonfinite,0.188400037586689,0.188400037586689,1.0,150.0,31,8
9C_sig_3_bg_500_0009,397359786,9C_bg_sig_3_bg_500,9C_background,Intensity-Weighted Centroid,Intensity-Weighted Centroid,3.0,15.0,26.660857388726804,500.0,uniform,1476.244538869896,581.8854645559393,0.244538869895905,0.8854645559392793,,,,,,,,,,,,False,Total effective weight is zero or nonfinite,0.23200002033263445,0.23200002033263445,1.0,150.0,31,8
9C_sig_3_bg_500_0010,416126788,9C_bg_sig_3_bg_500,9C_background,Intensity-Weighted Centroid,Intensity-Weighted Centroid,3.0,15.0,26.660857388726804,500.0,uniform,723.3554307836669,466.91635723805047,0.3554307836668613,0.9163572380504661,,,,,,,,,,,,False,Total effective weight is zero or nonfinite,0.19149994477629662,0.19149994477629662,1.0,150.0,31,8
9C_sig_3_bg_500_0011,484116917,9C_bg_sig_3_bg_500,9C_background,Intensity-Weighted Centroid,Intensity-Weighted Centroid,3.0,15.0,26.660857388726804,500.0,uniform,224.53338320546342,409.1430625401498,0.5333832054634229,0.14306254014979913,,,,,,,,,,,,False,Total effective weight is zero or nonfinite,0.19310007337480783,0.19310007337480783,1.0,150.0,31,8
9C_sig_3_bg_500_0012,569892004,9C_bg_sig_3_bg_500,9C_background,Intensity-Weighted Centroid,Intensity-Weighted Centroid,3.0,15.0,26.660857388726804,500.0,uniform,1029.451956387768,611.03356245295,0.4519563877679502,0.03356245295003646,,,,,,,,,,,,False,Total effective weight is zero or nonfinite,0.19230006728321314,0.19230006728321314,1.0,150.0,31,8
9C_sig_3_bg_500_0013,172747097,9C_bg_sig_3_bg_500,9C_background,Intensity-Weighted Centroid,Intensity-Weighted Centroid,3.0,15.0,26.660857388726804,500.0,uniform,731.0814586550051,809.6739244097141,0.08145865500512173,0.6739244097141182,,,,,,,,,,,,False,Total effective weight is zero or nonfinite,0.23969996254891157,0.23969996254891157,1.0,150.0,31,8
9C_sig_3_bg_500_0014,64254456,9C_bg_sig_3_bg_500,9C_background,Intensity-Weighted Centroid,Intensity-Weighted Centroid,3.0,15.0,26.660857388726804,500.0,uniform,760.911141778594,524.6062030635602,0.9111417785940148,0.6062030635602014,,,,,,,,,,,,False,Total effective weight is zero or nonfinite,0.1865000231191516,0.1865000231191516,1.0,150.0,31,8
9C_sig_3_bg_500_0015,260484876,9C_bg_sig_3_bg_500,9C_background,Intensity-Weighted Centroid,Intensity-Weighted Centroid,3.0,15.0,26.660857388726804,500.0,uniform,1578.131767489121,333.1654612436974,0.1317674891211027,0.16546124369739346,,,,,,,,,,,,False,Total effective weight is zero or nonfinite,0.18450000789016485,0.18450000789016485,1.0,150.0,31,8
9C_sig_3_bg_500_0016,823379762,9C_bg_sig_3_bg_500,9C_background,Intensity-Weighted Centroid,Intensity-Weighted Centroid,3.0,15.0,26.660857388726804,500.0,uniform,731.1996197674068,740.9582294508134,0.19961976740682985,0.9582294508134055,,,,,,,,,,,,False,Total effective weight is zero or nonfinite,0.20210002548992634,0.20210002548992634,1.0,150.0,31,8
9C_sig_3_bg_500_0017,45970904,9C_bg_sig_3_bg_500,9C_background,Intensity-Weighted Centroid,Intensity-Weighted Centroid,3.0,15.0,26.660857388726804,500.0,uniform,797.6134611589601,278.57267165496324,0.6134611589601491,0.5726716549632442,,,,,,,,,,,,False,Total effective weight is zero or nonfinite,0.18319999799132347,0.18319999799132347,1.0,150.0,31,8
9C_sig_3_bg_500_0018,208989089,9C_bg_sig_3_bg_500,9C_background,Intensity-Weighted Centroid,Intensity-Weighted Centroid,3.0,15.0,26.660857388726804,500.0,uniform,1651.0272757607083,254.55205328783114,0.02727576070833493,0.5520532878311428,,,,,,,,,,,,False,Total effective weight is zero or nonfinite,0.18079997971653938,0.18079997971653938,1.0,150.0,31,8
9C_sig_3_bg_500_0019,316147164,9C_bg_sig_3_bg_500,9C_background,Intensity-Weighted Centroid,Intensity-Weighted Centroid,3.0,15.0,26.660857388726804,500.0,uniform,871.179467430432,383.351924861934,0.17946743043205515,0.35192486193398054,,,,,,,,,,,,False,Total effective weight is zero or nonfinite,0.1846000086516142,0.1846000086516142,1.0,150.0,31,8
9C_sig_3_bg_500_0020,643074253,9C_bg_sig_3_bg_500,9C_background,Intensity-Weighted Centroid,Intensity-Weighted Centroid,3.0,15.0,26.660857388726804,500.0,uniform,428.7350505465861,433.11397364526886,0.7350505465860806,0.11397364526885667,,,,,,,,,,,,False,Total effective weight is zero or nonfinite,0.2391999587416649,0.2391999587416649,1.0,150.0,31,8
9C_sig_3_bg_500_0021,885367445,9C_bg_sig_3_bg_500,9C_background,Intensity-Weighted Centroid,Intensity-Weighted Centroid,3.0,15.0,26.660857388726804,500.0,uniform,488.985736204838,398.5132774491778,0.9857362048380196,0.5132774491777923,,,,,,,,,,,,False,Total effective weight is zero or nonfinite,0.20790006965398788,0.20790006965398788,1.0,150.0,31,8
9C_sig_3_bg_500_0022,124864925,9C_bg_sig_3_bg_500,9C_background,Intensity-Weighted Centroid,Intensity-Weighted Centroid,3.0,15.0,26.660857388726804,500.0,uniform,1289.30789609918,376.38471607412225,0.3078960991799704,0.3847160741222524,,,,,,,,,,,,False,Total effective weight is zero or nonfinite,0.21079997532069683,0.21079997532069683,1.0,150.0,31,8
9C_sig_3_bg_500_0023,247187960,9C_bg_sig_3_bg_500,9C_background,Intensity-Weighted Centroid,Intensity-Weighted Centroid,3.0,15.0,26.660857388726804,500.0,uniform,1502.9982192207583,874.557437745668,0.9982192207583012,0.5574377456680395,,,,,,,,,,,,False,Total effective weight is zero or nonfinite,0.18919992726296186,0.18919992726296186,1.0,150.0,31,8
9C_sig_3_bg_500_0024,813711350,9C_bg_sig_3_bg_500,9C_background,Intensity-Weighted Centroid,Intensity-Weighted Centroid,3.0,15.0,26.660857388726804,500.0,uniform,690.6030187834006,869.9009927271984,0.6030187834005574,0.9009927271983997,,,,,,,,,,,,False,Total effective weight is zero or nonfinite,0.1960000954568386,0.1960000954568386,1.0,150.0,31,8
9C_sig_3_bg_500_0025,496575770,9C_bg_sig_3_bg_500,9C_background,Intensity-Weighted Centroid,Intensity-Weighted Centroid,3.0,15.0,26.660857388726804,500.0,uniform,1639.6011796291898,388.7312121756675,0.6011796291898008,0.7312121756675083,,,,,,,,,,,,False,Total effective weight is zero or nonfinite,0.1860000193119049,0.1860000193119049,1.0,150.0,31,8
9C_sig_3_bg_500_0026,904968078,9C_bg_sig_3_bg_500,9C_background,Intensity-Weighted Centroid,Intensity-Weighted Centroid,3.0,15.0,26.660857388726804,500.0,uniform,1363.6801502643975,768.7154297082495,0.6801502643975255,0.7154297082495304,,,,,,,,,,,,False,Total effective weight is zero or nonfinite,0.1984999980777502,0.1984999980777502,1.0,150.0,31,8
9C_sig_3_bg_500_0027,548239569,9C_bg_sig_3_bg_500,9C_background,Intensity-Weighted Centroid,Intensity-Weighted Centroid,3.0,15.0,26.660857388726804,500.0,uniform,699.4329257199461,241.14582011336907,0.4329257199460699,0.1458201133690693,,,,,,,,,,,,False,Total effective weight is zero or nonfinite,0.21860003471374512,0.21860003471374512,1.0,150.0,31,8
9C_sig_3_bg_500_0028,918149955,9C_bg_sig_3_bg_500,9C_background,Intensity-Weighted Centroid,Intensity-Weighted Centroid,3.0,15.0,26.660857388726804,500.0,uniform,988.687589625688,467.71615507883104,0.6875896256880196,0.7161550788310365,,,,,,,,,,,,False,Total effective weight is zero or nonfinite,0.22229994647204876,0.22229994647204876,1.0,150.0,31,8
9C_sig_3_bg_500_0029,465745430,9C_bg_sig_3_bg_500,9C_background,Intensity-Weighted Centroid,Intensity-Weighted Centroid,3.0,15.0,26.660857388726804,500.0,uniform,311.8325013146892,821.565036744486,0.832501314689182,0.5650367444859512,,,,,,,,,,,,False,Total effective weight is zero or nonfinite,0.18860003910958767,0.18860003910958767,1.0,150.0,31,8
9C_sig_3_bg_500_0030,575542309,9C_bg_sig_3_bg_500,9C_background,Intensity-Weighted Centroid,Intensity-Weighted Centroid,3.0,15.0,26.660857388726804,500.0,uniform,492.4906607601185,449.3461393075802,0.49066076011848736,0.34613930758018796,,,,,,,,,,,,False,Total effective weight is zero or nonfinite,0.1786000793799758,0.1786000793799758,1.0,150.0,31,8
9C_sig_3_bg_500_0031,329894514,9C_bg_sig_3_bg_500,9C_background,Intensity-Weighted Centroid,Intensity-Weighted Centroid,3.0,15.0,26.660857388726804,500.0,uniform,1008.0496569126217,824.9366117583874,0.04965691262168548,0.9366117583873574,,,,,,,,,,,,False,Total effective weight is zero or nonfinite,0.17460004892200232,0.17460004892200232,1.0,150.0,31,8
9C_sig_3_bg_500_0032,196468990,9C_bg_sig_3_bg_500,9C_background,Intensity-Weighted Centroid,Intensity-Weighted Centroid,3.0,15.0,26.660857388726804,500.0,uniform,578.5379427943157,545.060470564854,0.5379427943156543,0.060470564853972064,,,,,,,,,,,,False,Total effective weight is zero or nonfinite,0.1922999508678913,0.1922999508678913,1.0,150.0,31,8
9C_sig_3_bg_500_0033,467641630,9C_bg_sig_3_bg_500,9C_background,Intensity-Weighted Centroid,Intensity-Weighted Centroid,3.0,15.0,26.660857388726804,500.0,uniform,1154.8539897305034,290.3358334380811,0.8539897305033719,0.3358334380811243,,,,,,,,,,,,False,Total effective weight is zero or nonfinite,0.19019993487745523,0.19019993487745523,1.0,150.0,31,8
9C_sig_3_bg_500_0034,551086000,9C_bg_sig_3_bg_500,9C_background,Intensity-Weighted Centroid,Intensity-Weighted Centroid,3.0,15.0,26.660857388726804,500.0,uniform,874.6211461542093,645.614713115868,0.6211461542093275,0.6147131158679713,,,,,,,,,,,,False,Total effective weight is zero or nonfinite,0.19259995315223932,0.19259995315223932,1.0,150.0,31,8
9C_sig_3_bg_500_0035,517836845,9C_bg_sig_3_bg_500,9C_background,Intensity-Weighted Centroid,Intensity-Weighted Centroid,3.0,15.0,26.660857388726804,500.0,uniform,202.3094343041385,764.1401734708976,0.3094343041385059,0.1401734708975937,,,,,,,,,,,,False,Total effective weight is zero or nonfinite,0.19090005662292242,0.19090005662292242,1.0,150.0,31,8
9C_sig_3_bg_500_0036,269352921,9C_bg_sig_3_bg_500,9C_background,Intensity-Weighted Centroid,Intensity-Weighted Centroid,3.0,15.0,26.660857388726804,500.0,uniform,444.6502422048107,484.5405098705607,0.6502422048106951,0.5405098705606974,,,,,,,,,,,,False,Total effective weight is zero or nonfinite,0.313800061121583,0.313800061121583,1.0,150.0,31,8
9C_sig_3_bg_500_0037,430431673,9C_bg_sig_3_bg_500,9C_background,Intensity-Weighted Centroid,Intensity-Weighted Centroid,3.0,15.0,26.660857388726804,500.0,uniform,206.55491468098307,863.1088383869389,0.5549146809830745,0.10883838693894177,,,,,,,,,,,,False,Total effective weight is zero or nonfinite,0.2185999182984233,0.2185999182984233,1.0,150.0,31,8
9C_sig_3_bg_500_0038,460041277,9C_bg_sig_3_bg_500,9C_background,Intensity-Weighted Centroid,Intensity-Weighted Centroid,3.0,15.0,26.660857388726804,500.0,uniform,1362.434611412568,512.7234064783398,0.43461141256807423,0.7234064783398253,,,,,,,,,,,,False,Total effective weight is zero or nonfinite,0.26620004791766405,0.26620004791766405,1.0,150.0,31,8
9C_sig_3_bg_500_0039,191959336,9C_bg_sig_3_bg_500,9C_background,Intensity-Weighted Centroid,Intensity-Weighted Centroid,3.0,15.0,26.660857388726804,500.0,uniform,1359.4238209989676,650.1208166799722,0.4238209989675852,0.12081667997222212,,,,,,,,,,,,False,Total effective weight is zero or nonfinite,0.23929995950311422,0.23929995950311422,1.0,150.0,31,8
9C_sig_3_bg_500_0040,263921095,9C_bg_sig_3_bg_500,9C_background,Intensity-Weighted Centroid,Intensity-Weighted Centroid,3.0,15.0,26.660857388726804,500.0,uniform,279.3319691398317,463.68972351509916,0.33196913983169907,0.6897235150991605,,,,,,,,,,,,False,Total effective weight is zero or nonfinite,0.18939992878586054,0.18939992878586054,1.0,150.0,31,8
9C_sig_3_bg_500_0041,681631831,9C_bg_sig_3_bg_500,9C_background,Intensity-Weighted Centroid,Intensity-Weighted Centroid,3.0,15.0,26.660857388726804,500.0,uniform,886.3996867286667,498.20318395028414,0.39968672866666566,0.20318395028414216,,,,,,,,,,,,False,Total effective weight is zero or nonfinite,0.1794000854715705,0.1794000854715705,1.0,150.0,31,8
9C_sig_3_bg_500_0042,286491818,9C_bg_sig_3_bg_500,9C_background,Intensity-Weighted Centroid,Intensity-Weighted Centroid,3.0,15.0,26.660857388726804,500.0,uniform,564.0942240923702,425.85515155117304,0.09422409237015472,0.8551515511730372,,,,,,,,,,,,False,Total effective weight is zero or nonfinite,0.18370000179857016,0.18370000179857016,1.0,150.0,31,8
9C_sig_3_bg_500_0043,103564189,9C_bg_sig_3_bg_500,9C_background,Intensity-Weighted Centroid,Intensity-Weighted Centroid,3.0,15.0,26.660857388726804,500.0,uniform,1593.7244938693495,638.1339255983036,0.7244938693495442,0.13392559830356277,,,,,,,,,,,,False,Total effective weight is zero or nonfinite,0.26380002964287996,0.26380002964287996,1.0,150.0,31,8
9C_sig_3_bg_500_0044,220948153,9C_bg_sig_3_bg_500,9C_background,Intensity-Weighted Centroid,Intensity-Weighted Centroid,3.0,15.0,26.660857388726804,500.0,uniform,593.8375386941082,425.27761169683794,0.8375386941081615,0.27761169683793696,,,,,,,,,,,,False,Total effective weight is zero or nonfinite,0.19269995391368866,0.19269995391368866,1.0,150.0,31,8
9C_sig_3_bg_500_0045,646714838,9C_bg_sig_3_bg_500,9C_background,Intensity-Weighted Centroid,Intensity-Weighted Centroid,3.0,15.0,26.660857388726804,500.0,uniform,1187.39864821946,211.2572598405777,0.3986482194600285,0.2572598405776887,,,,,,,,,,,,False,Total effective weight is zero or nonfinite,0.17779995687305927,0.17779995687305927,1.0,150.0,31,8
9C_sig_3_bg_500_0046,956677981,9C_bg_sig_3_bg_500,9C_background,Intensity-Weighted Centroid,Intensity-Weighted Centroid,3.0,15.0,26.660857388726804,500.0,uniform,345.96949807694455,364.0943159935421,0.9694980769445465,0.09431599354212494,,,,,,,,,,,,False,Total effective weight is zero or nonfinite,0.17950008623301983,0.17950008623301983,1.0,150.0,31,8
9C_sig_3_bg_500_0047,951957168,9C_bg_sig_3_bg_500,9C_background,Intensity-Weighted Centroid,Intensity-Weighted Centroid,3.0,15.0,26.660857388726804,500.0,uniform,289.9837499565098,674.4735405378492,0.9837499565098256,0.47354053784920325,,,,,,,,,,,,False,Total effective weight is zero or nonfinite,0.18740002997219563,0.18740002997219563,1.0,150.0,31,8
9C_sig_3_bg_500_0048,737574719,9C_bg_sig_3_bg_500,9C_background,Intensity-Weighted Centroid,Intensity-Weighted Centroid,3.0,15.0,26.660857388726804,500.0,uniform,929.2909318674729,342.77899084645924,0.2909318674728638,0.7789908464592372,,,,,,,,,,,,False,Total effective weight is zero or nonfinite,0.19500008784234524,0.19500008784234524,1.0,150.0,31,8
9C_sig_3_bg_500_0049,20098250,9C_bg_sig_3_bg_500,9C_background,Intensity-Weighted Centroid,Intensity-Weighted Centroid,3.0,15.0,26.660857388726804,500.0,uniform,342.4647865961341,389.70107036429783,0.464786596134104,0.7010703642978342,,,,,,,,,,,,False,Total effective weight is zero or nonfinite,0.19319995772093534,0.19319995772093534,1.0,150.0,31,8
9C_sig_4_bg_500_0000,929605240,9C_bg_sig_4_bg_500,9C_background,Intensity-Weighted Centroid,Intensity-Weighted Centroid,4.0,15.0,26.660857388726804,500.0,uniform,1327.3394345720526,490.35546168565054,0.3394345720525962,0.35546168565053904,,,,,,,,,,,,False,Total effective weight is zero or nonfinite,0.23779994808137417,0.23779994808137417,1.0,150.0,31,8
9C_sig_4_bg_500_0001,347442247,9C_bg_sig_4_bg_500,9C_background,Intensity-Weighted Centroid,Intensity-Weighted Centroid,4.0,15.0,26.660857388726804,500.0,uniform,417.99699513516003,732.2128004126569,0.9969951351600344,0.21280041265686123,,,,,,,,,,,,False,Total effective weight is zero or nonfinite,0.20920007955282927,0.20920007955282927,1.0,150.0,31,8
9C_sig_4_bg_500_0002,157427512,9C_bg_sig_4_bg_500,9C_background,Intensity-Weighted Centroid,Intensity-Weighted Centroid,4.0,15.0,26.660857388726804,500.0,uniform,632.3266755038925,783.92552157662,0.32667550389248845,0.9255215766199854,,,,,,,,,,,,False,Total effective weight is zero or nonfinite,0.6120998878031969,0.6120998878031969,1.0,150.0,31,8
9C_sig_4_bg_500_0003,270154820,9C_bg_sig_4_bg_500,9C_background,Intensity-Weighted Centroid,Intensity-Weighted Centroid,4.0,15.0,26.660857388726804,500.0,uniform,1482.341390453866,264.47075769477726,0.34139045386609723,0.47075769477726226,,,,,,,,,,,,False,Total effective weight is zero or nonfinite,0.28979999478906393,0.28979999478906393,1.0,150.0,31,8
9C_sig_4_bg_500_0004,389997558,9C_bg_sig_4_bg_500,9C_background,Intensity-Weighted Centroid,Intensity-Weighted Centroid,4.0,15.0,26.660857388726804,500.0,uniform,1293.114993591731,255.25868823694714,0.11499359173103585,0.25868823694713683,,,,,,,,,,,,False,Total effective weight is zero or nonfinite,0.20620005670934916,0.20620005670934916,1.0,150.0,31,8
9C_sig_4_bg_500_0005,927987820,9C_bg_sig_4_bg_500,9C_background,Intensity-Weighted Centroid,Intensity-Weighted Centroid,4.0,15.0,26.660857388726804,500.0,uniform,602.4721215396079,701.6396060250936,0.4721215396078833,0.6396060250935989,,,,,,,,,,,,False,Total effective weight is zero or nonfinite,0.22659997921437025,0.22659997921437025,1.0,150.0,31,8
9C_sig_4_bg_500_0006,43776568,9C_bg_sig_4_bg_500,9C_background,Intensity-Weighted Centroid,Intensity-Weighted Centroid,4.0,15.0,26.660857388726804,500.0,uniform,1209.4273480518377,621.8854834840217,0.4273480518377255,0.8854834840217336,,,,,,,,,,,,False,Total effective weight is zero or nonfinite,0.36949990317225456,0.36949990317225456,1.0,150.0,31,8
9C_sig_4_bg_500_0007,986468577,9C_bg_sig_4_bg_500,9C_background,Intensity-Weighted Centroid,Intensity-Weighted Centroid,4.0,15.0,26.660857388726804,500.0,uniform,854.5782079088644,577.5580674124033,0.5782079088644423,0.5580674124032612,,,,,,,,,,,,False,Total effective weight is zero or nonfinite,0.4559000954031944,0.4559000954031944,1.0,150.0,31,8
9C_sig_4_bg_500_0008,671845681,9C_bg_sig_4_bg_500,9C_background,Intensity-Weighted Centroid,Intensity-Weighted Centroid,4.0,15.0,26.660857388726804,500.0,uniform,473.341689523329,741.9610332401822,0.34168952332902336,0.9610332401822461,,,,,,,,,,,,False,Total effective weight is zero or nonfinite,0.19350007642060518,0.19350007642060518,1.0,150.0,31,8
9C_sig_4_bg_500_0009,466433946,9C_bg_sig_4_bg_500,9C_background,Intensity-Weighted Centroid,Intensity-Weighted Centroid,4.0,15.0,26.660857388726804,500.0,uniform,587.5586903149888,834.9806641696584,0.5586903149887803,0.9806641696584393,,,,,,,,,,,,False,Total effective weight is zero or nonfinite,0.20929996389895678,0.20929996389895678,1.0,150.0,31,8
9C_sig_4_bg_500_0010,489978977,9C_bg_sig_4_bg_500,9C_background,Intensity-Weighted Centroid,Intensity-Weighted Centroid,4.0,15.0,26.660857388726804,500.0,uniform,1335.2641070825393,505.5183735353107,0.2641070825393399,0.5183735353106727,,,,,,,,,,,,False,Total effective weight is zero or nonfinite,0.27219997718930244,0.27219997718930244,1.0,150.0,31,8
9C_sig_4_bg_500_0011,241623665,9C_bg_sig_4_bg_500,9C_background,Intensity-Weighted Centroid,Intensity-Weighted Centroid,4.0,15.0,26.660857388726804,500.0,uniform,412.1429319580673,716.5081473741358,0.14293195806732228,0.508147374135774,,,,,,,,,,,,False,Total effective weight is zero or nonfinite,0.2878999803215265,0.2878999803215265,1.0,150.0,31,8
9C_sig_4_bg_500_0012,244941444,9C_bg_sig_4_bg_500,9C_background,Intensity-Weighted Centroid,Intensity-Weighted Centroid,4.0,15.0,26.660857388726804,500.0,uniform,224.61018878517834,336.5005506082086,0.6101887851783374,0.5005506082085844,,,,,,,,,,,,False,Total effective weight is zero or nonfinite,0.24919991847127676,0.24919991847127676,1.0,150.0,31,8
9C_sig_4_bg_500_0013,380315287,9C_bg_sig_4_bg_500,9C_background,Intensity-Weighted Centroid,Intensity-Weighted Centroid,4.0,15.0,26.660857388726804,500.0,uniform,910.6832254968431,754.6909311750929,0.6832254968430789,0.6909311750929419,,,,,,,,,,,,False,Total effective weight is zero or nonfinite,0.1993000041693449,0.1993000041693449,1.0,150.0,31,8
9C_sig_4_bg_500_0014,646882483,9C_bg_sig_4_bg_500,9C_background,Intensity-Weighted Centroid,Intensity-Weighted Centroid,4.0,15.0,26.660857388726804,500.0,uniform,365.97009179448577,204.2440494880746,0.9700917944857679,0.2440494880746087,,,,,,,,,,,,False,Total effective weight is zero or nonfinite,0.21700002253055573,0.21700002253055573,1.0,150.0,31,8
9C_sig_4_bg_500_0015,927124197,9C_bg_sig_4_bg_500,9C_background,Intensity-Weighted Centroid,Intensity-Weighted Centroid,4.0,15.0,26.660857388726804,500.0,uniform,601.5409952644659,332.08879082332174,0.5409952644658915,0.08879082332174448,,,,,,,,,,,,False,Total effective weight is zero or nonfinite,0.19510008860379457,0.19510008860379457,1.0,150.0,31,8
9C_sig_4_bg_500_0016,88788010,9C_bg_sig_4_bg_500,9C_background,Intensity-Weighted Centroid,Intensity-Weighted Centroid,4.0,15.0,26.660857388726804,500.0,uniform,1521.7016305320733,835.5653424899937,0.7016305320732954,0.5653424899936681,,,,,,,,,,,,False,Total effective weight is zero or nonfinite,0.18169998656958342,0.18169998656958342,1.0,150.0,31,8
9C_sig_4_bg_500_0017,736901197,9C_bg_sig_4_bg_500,9C_background,Intensity-Weighted Centroid,Intensity-Weighted Centroid,4.0,15.0,26.660857388726804,500.0,uniform,461.7796093706053,218.4340011362925,0.7796093706052716,0.43400113629249404,,,,,,,,,,,,False,Total effective weight is zero or nonfinite,0.2044000430032611,0.2044000430032611,1.0,150.0,31,8
9C_sig_4_bg_500_0018,793414330,9C_bg_sig_4_bg_500,9C_background,Intensity-Weighted Centroid,Intensity-Weighted Centroid,4.0,15.0,26.660857388726804,500.0,uniform,1576.9639650806516,250.64402728144816,0.9639650806516329,0.6440272814481602,,,,,,,,,,,,False,Total effective weight is zero or nonfinite,0.2793999155983329,0.2793999155983329,1.0,150.0,31,8
9C_sig_4_bg_500_0019,884986478,9C_bg_sig_4_bg_500,9C_background,Intensity-Weighted Centroid,Intensity-Weighted Centroid,4.0,15.0,26.660857388726804,500.0,uniform,578.5915454038101,524.9915171765585,0.5915454038100734,0.9915171765585455,,,,,,,,,,,,False,Total effective weight is zero or nonfinite,0.291000003926456,0.291000003926456,1.0,150.0,31,8
9C_sig_4_bg_500_0020,597517070,9C_bg_sig_4_bg_500,9C_background,Intensity-Weighted Centroid,Intensity-Weighted Centroid,4.0,15.0,26.660857388726804,500.0,uniform,1484.656766665101,866.4919883551868,0.6567666651010313,0.49198835518677697,,,,,,,,,,,,False,Total effective weight is zero or nonfinite,0.19779999274760485,0.19779999274760485,1.0,150.0,31,8
9C_sig_4_bg_500_0021,757162071,9C_bg_sig_4_bg_500,9C_background,Intensity-Weighted Centroid,Intensity-Weighted Centroid,4.0,15.0,26.660857388726804,500.0,uniform,276.19436047740675,499.59808929501145,0.19436047740674667,0.598089295011448,,,,,,,,,,,,False,Total effective weight is zero or nonfinite,0.19419996533542871,0.19419996533542871,1.0,150.0,31,8
9C_sig_4_bg_500_0022,993975184,9C_bg_sig_4_bg_500,9C_background,Intensity-Weighted Centroid,Intensity-Weighted Centroid,4.0,15.0,26.660857388726804,500.0,uniform,1379.4544300558484,528.2324372611117,0.45443005584843377,0.2324372611117269,,,,,,,,,,,,False,Total effective weight is zero or nonfinite,0.23339991457760334,0.23339991457760334,1.0,150.0,31,8
9C_sig_4_bg_500_0023,3780338,9C_bg_sig_4_bg_500,9C_background,Intensity-Weighted Centroid,Intensity-Weighted Centroid,4.0,15.0,26.660857388726804,500.0,uniform,726.9697430847995,375.86644661053754,0.969743084799461,0.8664466105375368,,,,,,,,,,,,False,Total effective weight is zero or nonfinite,0.17899996601045132,0.17899996601045132,1.0,150.0,31,8
9C_sig_4_bg_500_0024,149391828,9C_bg_sig_4_bg_500,9C_background,Intensity-Weighted Centroid,Intensity-Weighted Centroid,4.0,15.0,26.660857388726804,500.0,uniform,619.1443347057748,389.60171282382413,0.14433470577478147,0.6017128238241298,,,,,,,,,,,,False,Total effective weight is zero or nonfinite,0.18199998885393143,0.18199998885393143,1.0,150.0,31,8
9C_sig_4_bg_500_0025,937461207,9C_bg_sig_4_bg_500,9C_background,Intensity-Weighted Centroid,Intensity-Weighted Centroid,4.0,15.0,26.660857388726804,500.0,uniform,919.4964552845311,426.4357419057322,0.49645528453106635,0.4357419057321863,,,,,,,,,,,,False,Total effective weight is zero or nonfinite,0.17720006871968508,0.17720006871968508,1.0,150.0,31,8
9C_sig_4_bg_500_0026,585144967,9C_bg_sig_4_bg_500,9C_background,Intensity-Weighted Centroid,Intensity-Weighted Centroid,4.0,15.0,26.660857388726804,500.0,uniform,1334.4131218245946,325.262695362887,0.4131218245945547,0.2626953628869728,,,,,,,,,,,,False,Total effective weight is zero or nonfinite,0.2272999845445156,0.2272999845445156,1.0,150.0,31,8
9C_sig_4_bg_500_0027,342884764,9C_bg_sig_4_bg_500,9C_background,Intensity-Weighted Centroid,Intensity-Weighted Centroid,4.0,15.0,26.660857388726804,500.0,uniform,270.33181367196033,551.9577705342698,0.33181367196033307,0.9577705342697982,,,,,,,,,,,,False,Total effective weight is zero or nonfinite,0.1772999530658126,0.1772999530658126,1.0,150.0,31,8
9C_sig_4_bg_500_0028,736217970,9C_bg_sig_4_bg_500,9C_background,Intensity-Weighted Centroid,Intensity-Weighted Centroid,4.0,15.0,26.660857388726804,500.0,uniform,713.6825618302457,361.62649826705785,0.6825618302457315,0.6264982670578547,,,,,,,,,,,,False,Total effective weight is zero or nonfinite,0.1743000466376543,0.1743000466376543,1.0,150.0,31,8
9C_sig_4_bg_500_0029,632337046,9C_bg_sig_4_bg_500,9C_background,Intensity-Weighted Centroid,Intensity-Weighted Centroid,4.0,15.0,26.660857388726804,500.0,uniform,944.7474920136394,800.742013686714,0.7474920136394303,0.7420136867140172,,,,,,,,,,,,False,Total effective weight is zero or nonfinite,0.1737999264150858,0.1737999264150858,1.0,150.0,31,8
9C_sig_4_bg_500_0030,868653090,9C_bg_sig_4_bg_500,9C_background,Intensity-Weighted Centroid,Intensity-Weighted Centroid,4.0,15.0,26.660857388726804,500.0,uniform,355.3342076279884,688.3368019999726,0.3342076279884054,0.3368019999726357,,,,,,,,,,,,False,Total effective weight is zero or nonfinite,0.2712999703362584,0.2712999703362584,1.0,150.0,31,8
9C_sig_4_bg_500_0031,629068775,9C_bg_sig_4_bg_500,9C_background,Intensity-Weighted Centroid,Intensity-Weighted Centroid,4.0,15.0,26.660857388726804,500.0,uniform,1593.9800180300253,372.7333958855467,0.9800180300253487,0.7333958855467131,,,,,,,,,,,,False,Total effective weight is zero or nonfinite,0.22899999748915434,0.22899999748915434,1.0,150.0,31,8
9C_sig_4_bg_500_0032,428877038,9C_bg_sig_4_bg_500,9C_background,Intensity-Weighted Centroid,Intensity-Weighted Centroid,4.0,15.0,26.660857388726804,500.0,uniform,980.7786708843832,504.2801095345478,0.7786708843832457,0.28010953454781884,,,,,,,,,,,,False,Total effective weight is zero or nonfinite,0.2554000820964575,0.2554000820964575,1.0,150.0,31,8
9C_sig_4_bg_500_0033,593362677,9C_bg_sig_4_bg_500,9C_background,Intensity-Weighted Centroid,Intensity-Weighted Centroid,4.0,15.0,26.660857388726804,500.0,uniform,1449.0340806922868,565.7887764257805,0.03408069228680688,0.7887764257804974,,,,,,,,,,,,False,Total effective weight is zero or nonfinite,0.24309998843818903,0.24309998843818903,1.0,150.0,31,8
9C_sig_4_bg_500_0034,369044400,9C_bg_sig_4_bg_500,9C_background,Intensity-Weighted Centroid,Intensity-Weighted Centroid,4.0,15.0,26.660857388726804,500.0,uniform,1394.3160487038454,482.22232023192055,0.3160487038453539,0.2223202319205484,,,,,,,,,,,,False,Total effective weight is zero or nonfinite,0.26819994673132896,0.26819994673132896,1.0,150.0,31,8
9C_sig_4_bg_500_0035,180358569,9C_bg_sig_4_bg_500,9C_background,Intensity-Weighted Centroid,Intensity-Weighted Centroid,4.0,15.0,26.660857388726804,500.0,uniform,1019.8952740467264,272.0877133057267,0.8952740467263993,0.08771330572670877,,,,,,,,,,,,False,Total effective weight is zero or nonfinite,0.18420000560581684,0.18420000560581684,1.0,150.0,31,8
9C_sig_4_bg_500_0036,429083740,9C_bg_sig_4_bg_500,9C_background,Intensity-Weighted Centroid,Intensity-Weighted Centroid,4.0,15.0,26.660857388726804,500.0,uniform,1086.430708087679,834.542650922063,0.43070808767902236,0.5426509220629896,,,,,,,,,,,,False,Total effective weight is zero or nonfinite,0.18199998885393143,0.18199998885393143,1.0,150.0,31,8
9C_sig_4_bg_500_0037,538247783,9C_bg_sig_4_bg_500,9C_background,Intensity-Weighted Centroid,Intensity-Weighted Centroid,4.0,15.0,26.660857388726804,500.0,uniform,1027.9389388764553,759.0619676495727,0.9389388764552677,0.06196764957269352,,,,,,,,,,,,False,Total effective weight is zero or nonfinite,0.1873000292107463,0.1873000292107463,1.0,150.0,31,8
9C_sig_4_bg_500_0038,207333908,9C_bg_sig_4_bg_500,9C_background,Intensity-Weighted Centroid,Intensity-Weighted Centroid,4.0,15.0,26.660857388726804,500.0,uniform,223.9544523687546,842.9855871352142,0.9544523687546018,0.9855871352142458,,,,,,,,,,,,False,Total effective weight is zero or nonfinite,0.17919996753335,0.17919996753335,1.0,150.0,31,8
9C_sig_4_bg_500_0039,106768936,9C_bg_sig_4_bg_500,9C_background,Intensity-Weighted Centroid,Intensity-Weighted Centroid,4.0,15.0,26.660857388726804,500.0,uniform,1632.2697019052462,705.5297935828046,0.26970190524616555,0.5297935828045865,,,,,,,,,,,,False,Total effective weight is zero or nonfinite,0.18039997667074203,0.18039997667074203,1.0,150.0,31,8
9C_sig_4_bg_500_0040,356788655,9C_bg_sig_4_bg_500,9C_background,Intensity-Weighted Centroid,Intensity-Weighted Centroid,4.0,15.0,26.660857388726804,500.0,uniform,916.7478324124229,369.5527168525478,0.7478324124228948,0.5527168525478032,,,,,,,,,,,,False,Total effective weight is zero or nonfinite,0.20410004071891308,0.20410004071891308,1.0,150.0,31,8
9C_sig_4_bg_500_0041,522132162,9C_bg_sig_4_bg_500,9C_background,Intensity-Weighted Centroid,Intensity-Weighted Centroid,4.0,15.0,26.660857388726804,500.0,uniform,549.1889348359633,801.8103999391625,0.18893483596332317,0.8103999391624939,,,,,,,,,,,,False,Total effective weight is zero or nonfinite,0.238100066781044,0.238100066781044,1.0,150.0,31,8
9C_sig_4_bg_500_0042,452779857,9C_bg_sig_4_bg_500,9C_background,Intensity-Weighted Centroid,Intensity-Weighted Centroid,4.0,15.0,26.660857388726804,500.0,uniform,766.4205316090181,206.54470912545605,0.4205316090180986,0.5447091254560519,,,,,,,,,,,,False,Total effective weight is zero or nonfinite,0.18620002083480358,0.18620002083480358,1.0,150.0,31,8
9C_sig_4_bg_500_0043,879854290,9C_bg_sig_4_bg_500,9C_background,Intensity-Weighted Centroid,Intensity-Weighted Centroid,4.0,15.0,26.660857388726804,500.0,uniform,659.7677402039706,762.1376685216247,0.7677402039705612,0.13766852162473242,,,,,,,,,,,,False,Total effective weight is zero or nonfinite,0.17619994468986988,0.17619994468986988,1.0,150.0,31,8
9C_sig_4_bg_500_0044,159366716,9C_bg_sig_4_bg_500,9C_background,Intensity-Weighted Centroid,Intensity-Weighted Centroid,4.0,15.0,26.660857388726804,500.0,uniform,409.55709168170483,823.2849196410207,0.5570916817048328,0.2849196410206787,,,,,,,,,,,,False,Total effective weight is zero or nonfinite,0.17499993555247784,0.17499993555247784,1.0,150.0,31,8
9C_sig_4_bg_500_0045,634396966,9C_bg_sig_4_bg_500,9C_background,Intensity-Weighted Centroid,Intensity-Weighted Centroid,4.0,15.0,26.660857388726804,500.0,uniform,1181.6606391694054,766.8962390918489,0.6606391694053855,0.8962390918488836,,,,,,,,,,,,False,Total effective weight is zero or nonfinite,0.17880008090287447,0.17880008090287447,1.0,150.0,31,8
9C_sig_4_bg_500_0046,546359808,9C_bg_sig_4_bg_500,9C_background,Intensity-Weighted Centroid,Intensity-Weighted Centroid,4.0,15.0,26.660857388726804,500.0,uniform,1523.558287659103,496.2978879503348,0.5582876591029162,0.2978879503348253,,,,,,,,,,,,False,Total effective weight is zero or nonfinite,0.1849000109359622,0.1849000109359622,1.0,150.0,31,8
9C_sig_4_bg_500_0047,892924912,9C_bg_sig_4_bg_500,9C_background,Intensity-Weighted Centroid,Intensity-Weighted Centroid,4.0,15.0,26.660857388726804,500.0,uniform,1551.6099136136004,248.33318564717362,0.6099136136003835,0.33318564717362165,,,,,,,,,,,,False,Total effective weight is zero or nonfinite,0.19149994477629662,0.19149994477629662,1.0,150.0,31,8
9C_sig_4_bg_500_0048,197161962,9C_bg_sig_4_bg_500,9C_background,Intensity-Weighted Centroid,Intensity-Weighted Centroid,4.0,15.0,26.660857388726804,500.0,uniform,291.2258575462213,202.4522015371648,0.22585754622127752,0.4522015371647967,,,,,,,,,,,,False,Total effective weight is zero or nonfinite,0.1919999485835433,0.1919999485835433,1.0,150.0,31,8
9C_sig_4_bg_500_0049,139521763,9C_bg_sig_4_bg_500,9C_background,Intensity-Weighted Centroid,Intensity-Weighted Centroid,4.0,15.0,26.660857388726804,500.0,uniform,729.9931193376472,559.2181455310696,0.9931193376471583,0.218145531069581,,,,,,,,,,,,False,Total effective weight is zero or nonfinite,0.18440000712871552,0.18440000712871552,1.0,150.0,31,8
9E_energy_sig_0.5_0007,426751995,9E_energy_sig_0.5px,9E_fixed_energy,Gaussian Fitting,Gaussian Fitting,0.5,15.0,426.57371821962886,10.0,uniform,425.2668815542951,766.8931906243644,0.2668815542950824,0.8931906243643652,,,,,,,,,,,,False,Curve fit non-convergence / optimizer error: Optimal parameters not found: The maximum number of function evaluations is exceeded.,724.4527000002563,724.4527000002563,0.2831852816358025,2400.0,31,8
9E_energy_sig_0.5_0011,12873635,9E_energy_sig_0.5px,9E_fixed_energy,Gaussian Fitting,Gaussian Fitting,0.5,15.0,426.57371821962886,10.0,uniform,570.2294421566485,392.4468155689687,0.22944215664847434,0.44681556896870234,,,,,,,,,,,,False,Curve fit non-convergence / optimizer error: Optimal parameters not found: The maximum number of function evaluations is exceeded.,604.0361999766901,604.0361999766901,0.28312692901234565,2400.0,31,8
9E_energy_sig_0.5_0014,968605459,9E_energy_sig_0.5px,9E_fixed_energy,Gaussian Fitting,Gaussian Fitting,0.5,15.0,426.57371821962886,10.0,uniform,1631.8277551592346,423.69773069169605,0.8277551592345844,0.6977306916960515,,,,,,,,,,,,False,Curve fit non-convergence / optimizer error: Optimal parameters not found: The maximum number of function evaluations is exceeded.,656.7549000028521,656.7549000028521,0.282680362654321,2400.0,31,8
9E_energy_sig_0.5_0023,70056477,9E_energy_sig_0.5px,9E_fixed_energy,Gaussian Fitting,Gaussian Fitting,0.5,15.0,426.57371821962886,10.0,uniform,1492.1472918512843,260.3943333425842,0.147291851284308,0.39433334258421837,,,,,,,,,,,,False,Curve fit non-convergence / optimizer error: Optimal parameters not found: The maximum number of function evaluations is exceeded.,600.461499998346,600.461499998346,0.2828954475308642,2400.0,31,8
