trial_idx,motion_type,eval_frame,horizon_sec,gt_x_future,gt_y_future,pred_x,pred_y,error_x,error_y,radial_error_px,angular_error_rad,angular_error_mrad,sigma_uu,sigma_uv,sigma_vv,sigma_u_pred,sigma_v_pred
0,linear_cv,60,0.5,1060.0,590.0,1059.9993988956862,590.0055227854551,-0.0006011043137732486,0.005522785455127632,0.005555401477787734,2.777700738886723e-06,0.0027777007388867228,0.026905574491387148,0.0,0.026905574491387148,0.16402918792515905,0.16402918792515905
0,linear_cv,60,1.0,1080.0,600.0,1079.9985459931336,600.0068080438276,-0.0014540068664246064,0.006808043827618349,0.00696158004524707,3.4807900226094773e-06,0.0034807900226094773,0.1819731994633959,0.0,0.1819731994633959,0.4265831682842115,0.4265831682842115
0,linear_cv,60,2.0,1120.0,620.0,1119.996840188028,620.0093785605725,-0.0031598119719546958,0.009378560572486094,0.009896555466923779,4.948277733421503e-06,0.004948277733421503,1.3806867190559946,0.0,1.3806867190559946,1.1750262631345711,1.1750262631345711
0,linear_cv,60,3.0,1160.0,640.0,1159.9951343829223,640.0119490773175,-0.004865617077712159,0.011949077317467527,0.012901731600283009,6.450865800052023e-06,0.006450865800052023,4.597504598180035,0.0,4.597504598180035,2.144179236486548,2.144179236486548
0,linear_cv,60,4.0,1200.0,660.0,1199.9934285778168,660.0145195940623,-0.006571422183242248,0.014519594062335273,0.015937446509570158,7.968723254616407e-06,0.007968723254616407,10.832426836835518,0.0,10.832426836835518,3.2912652334376697,3.2912652334376697
0,linear_cv,60,5.0,1240.0,680.0,1239.9917227727112,680.0170901108073,-0.008277227288772337,0.017090110807316705,0.01898905945528532,9.494529727357363e-06,0.009494529727357363,21.08545343502244,0.0,21.08545343502244,4.591889963296425,4.591889963296425
0,linear_cv,75,0.5,1080.0,600.0,1080.000220926856,599.9953845287064,0.00022092685594543582,-0.0046154712936186115,0.004620755775616733,2.310377887804256e-06,0.002310377887804256,0.026898992663005855,0.0,0.026898992663005855,0.1640091237187915,0.1640091237187915
0,linear_cv,75,1.0,1100.0,610.0,1099.9991629089081,609.9921739667333,-0.0008370910918529262,-0.007826033266724153,0.007870674570069115,3.935337285014242e-06,0.003935337285014242,0.181949164069561,0.0,0.181949164069561,0.42655499536350644,0.42655499536350644
0,linear_cv,75,2.0,1140.0,630.0,1139.997046873012,629.985752842787,-0.0029531269879043975,-0.014247157213048922,0.014549998201375189,7.27499910055925e-06,0.00727499910055925,1.3805941441614513,0.0,1.3805941441614513,1.1749868697825738,1.1749868697825738
0,linear_cv,75,3.0,1180.0,650.0,1179.9949308371163,649.9793317188407,-0.005069162883728495,-0.020668281159260005,0.021280842521385113,1.0640421260290992e-05,0.010640421260290992,4.5972986406250484,0.0,4.5972986406250484,2.144131208817466,2.144131208817466
0,linear_cv,75,4.0,1220.0,670.0,1219.9928148012202,669.9729105948945,-0.007185198779779967,-0.027089405105471087,0.028026111939997572,1.4013055969081559e-05,0.014013055969081558,10.832062653460351,0.0,10.832062653460351,3.291209907231739,3.291209907231739
0,linear_cv,75,5.0,1260.0,690.0,1259.9906987653244,689.9664894709482,-0.009301234675604064,-0.033510529051795857,0.034777413989857175,1.7388706993175995e-05,0.017388706993175997,21.08488618266736,0.0,21.08488618266736,4.5918281961183345,4.5918281961183345
0,linear_cv,90,0.5,1100.0,610.0,1099.9850783721004,609.9888532451962,-0.014921627899639134,-0.01114675480380356,0.018625389172616146,9.312694586038854e-06,0.009312694586038854,0.026894777890408124,0.0,0.026894777890408124,0.16399627401379618,0.16399627401379618
0,linear_cv,90,1.0,1120.0,620.0,1119.9786983249662,619.984247228485,-0.021301675033782885,-0.01575277151505361,0.02649360620320257,1.3246803100826445e-05,0.013246803100826444,0.18193808888525917,0.0,0.18193808888525917,0.4265420130365345,0.4265420130365345
0,linear_cv,90,2.0,1160.0,640.0,1159.9659382306977,639.9750351950623,-0.03406176930229776,-0.024964804937667395,0.04223086091448689,2.111543045410526e-05,0.021115430454105258,1.380559551442633,0.0,1.380559551442633,1.174972149219986,1.174972149219986
0,linear_cv,90,3.0,1200.0,660.0,1199.9531781364292,659.9658231616397,-0.04682186357081264,-0.03417683836028118,0.05796846719164289,2.898423358770503e-05,0.028984233587705032,4.597227468090236,0.0,4.597227468090236,2.144114611696454,2.144114611696454
0,linear_cv,90,4.0,1240.0,680.0,1239.9404180421607,679.9566111282172,-0.059581957839327515,-0.04338887178278128,0.07370619983793789,3.685309990228492e-05,0.03685309990228492,10.831941838828067,0.0,10.831941838828067,3.2911915530439835,3.2911915530439835
0,linear_cv,90,5.0,1280.0,700.0,1279.9276579478922,699.9473990947947,-0.07234205210784239,-0.05260090520528138,0.0894439921492147,4.472199604479183e-05,0.04472199604479183,21.084702663656127,0.0,21.084702663656127,4.59180821285647,4.59180821285647
0,linear_cv,105,0.5,1120.0,620.0,1119.9927312977422,619.9857957903865,-0.007268702257761106,-0.014204209613467356,0.01595598957305061,7.977994786356043e-06,0.007977994786356043,0.02689432630076509,0.0,0.02689432630076509,0.1639948971790436,0.1639948971790436
0,linear_cv,105,1.0,1140.0,630.0,1139.9893943133425,629.9802464258926,-0.010605686657527258,-0.019753574107426175,0.022420621746401893,1.1210310872731343e-05,0.011210310872731343,0.18193717492667874,0.0,0.18193717492667874,0.4265409416769728,0.4265409416769728
0,linear_cv,105,2.0,1180.0,650.0,1179.9827203445427,649.9691476969045,-0.017279655457286935,-0.0308523030954575,0.035361717987345054,1.7680858991830106e-05,0.017680858991830105,1.3805572158828643,0.0,1.3805572158828643,1.174971155340787,1.174971155340787
0,linear_cv,105,3.0,1220.0,670.0,1219.9760463757432,669.9580489679165,-0.02395362425681924,-0.041951032083488826,0.04830802426002111,2.4154012125313272e-05,0.024154012125313273,4.597223048444861,0.0,4.597223048444861,2.144113581050421,2.144113581050421
0,linear_cv,105,4.0,1260.0,690.0,1259.9693724069434,689.9469502389285,-0.030627593056578917,-0.05304976107152015,0.06125623728392707,3.062811863238631e-05,0.03062811863238631,10.831934672612668,0.0,10.831934672612668,3.291190464347615,3.291190464347615
0,linear_cv,105,5.0,1300.0,710.0,1299.962698438144,709.9358515099404,-0.03730156185611122,-0.06414849005955148,0.07420535892929611,3.710267944762276e-05,0.037102679447622765,21.084692088386284,0.0,21.084692088386284,4.591807061319789,4.591807061319789
0,linear_cv,120,0.5,1140.0,630.0,1139.9885548634745,630.0019925043238,-0.011445136525480848,0.0019925043237662976,0.011617281246794502,5.808640623331923e-06,0.005808640623331923,0.02689431924017275,0.0,0.02689431924017275,0.16399487565217624,0.16399487565217624
0,linear_cv,120,1.0,1160.0,640.0,1159.983397051719,640.0052387792252,-0.01660294828093356,0.005238779225237522,0.01740984489850886,8.704922449034555e-06,0.008704922449034555,0.18193715068894867,0.0,0.18193715068894867,0.42654091326500987,0.42654091326500987
0,linear_cv,120,2.0,1200.0,660.0,1199.973081428208,660.0117313290283,-0.02691857179206636,0.011731329028293658,0.029363814263387446,1.4681907130638788e-05,0.014681907130638787,1.38055710781602,0.0,1.38055710781602,1.1749711093537663,1.1749711093537663
0,linear_cv,120,3.0,1240.0,680.0,1239.962765804697,680.0182238788312,-0.037234195302971784,0.018223878831236107,0.041454735067485614,2.0727367530774484e-05,0.020727367530774483,4.5972227905824505,0.0,4.5972227905824505,2.1441135209177826,2.1441135209177826
0,linear_cv,120,4.0,1280.0,700.0,1279.9524501811861,700.0247164286343,-0.04754981881387721,0.024716428634292242,0.053589990797411155,2.6794995392292894e-05,0.026794995392292895,10.83193419898824,0.0,10.83193419898824,3.2911903923942534,3.2911903923942534
0,linear_cv,120,5.0,1320.0,720.0,1319.9421345576752,720.0312089784372,-0.057865442324782634,0.03120897843723469,0.06574503593837733,3.287251795734796e-05,0.032872517957347955,21.084691333033387,0.0,21.084691333033387,4.59180697906972,4.59180697906972
0,linear_cv,135,0.5,1160.0,640.0,1159.983807192251,639.9820053613774,-0.016192807748893756,-0.017994638622553794,0.024207726905864962,1.2103863452341394e-05,0.012103863452341395,0.026894306131107992,0.0,0.026894306131107992,0.16399483568426168,0.16399483568426168
0,linear_cv,135,1.0,1180.0,650.0,1179.9789890207446,649.9741296091883,-0.021010979255379425,-0.025870390811746802,0.03332774174801674,1.6663870872465938e-05,0.016663870872465937,0.1819371114838094,0.0,0.1819371114838094,0.42654086730793966,0.42654086730793966
0,linear_cv,135,2.0,1220.0,670.0,1219.9693526777319,669.9583781048099,-0.03064732226812339,-0.04162189519013282,0.05168791465540676,2.5843957321949567e-05,0.02584395732194957,1.3805569742960409,0.0,1.3805569742960409,1.1749710525353554,1.1749710525353554
0,linear_cv,135,3.0,1260.0,690.0,1259.959716334719,689.9426266004315,-0.04028366528109473,-0.057373399568518835,0.07010335702752182,3.505167849940584e-05,0.035051678499405846,4.597222506584044,0.0,4.597222506584044,2.1441134546903164,2.1441134546903164
0,linear_cv,135,4.0,1300.0,710.0,1299.950079991706,709.9268750960531,-0.049920008294066065,-0.07312490394690485,0.08853958891548845,4.426979442882403e-05,0.044269794428824026,10.831933708347819,0.0,10.831933708347819,3.2911903178558086,3.2911903178558086
0,linear_cv,135,5.0,1340.0,730.0,1339.9404436486932,729.9111235916747,-0.05955635130681003,-0.08887640832529087,0.10698586326138611,5.349293157966982e-05,0.05349293157966982,21.084690579587363,0.0,21.084690579587363,4.591806897027287,4.591806897027287
0,linear_cv,150,0.5,1180.0,650.0,1179.9779168238576,650.0051423755997,-0.022083176142359662,0.0051423755996893306,0.02267400924721438,1.1337004623121484e-05,0.011337004623121484,0.026894302934260268,0.0,0.026894302934260268,0.1639948259374675,0.1639948259374675
0,linear_cv,150,1.0,1200.0,660.0,1199.9723214401608,660.0101297806617,-0.02767855983915979,0.010129780661713994,0.029473973790861387,1.473698689436384e-05,0.01473698689436384,0.18193710398793245,0.0,0.18193710398793245,0.42654085852111806,0.42654085852111806
0,linear_cv,150,2.0,1240.0,680.0,1239.9611306727675,680.0201045907856,-0.03886932723253267,0.020104590785649634,0.04376093200753537,2.1880466000275894e-05,0.021880466000275895,1.3805569527522947,0.0,1.3805569527522947,1.174971043367578,1.174971043367578
0,linear_cv,150,3.0,1280.0,700.0,1279.9499399053743,700.0300794009095,-0.050060094625678175,0.030079400909471588,0.05840191292247689,2.9200956452938597e-05,0.029200956452938596,4.597222463726014,0.0,4.597222463726014,2.144113444695969,2.144113444695969
0,linear_cv,150,4.0,1320.0,720.0,1319.938749137981,720.0400542110334,-0.061250862019051056,0.04005421103340723,0.07318475196094848,3.6592375964141815e-05,0.03659237596414182,10.83193363690909,0.0,10.83193363690909,3.2911903070027857,3.2911903070027857
0,linear_cv,150,5.0,1360.0,740.0,1359.9275583705876,740.0500290211573,-0.07244162941242394,0.05002902115734287,0.08803801809382594,4.401900901848149e-05,0.04401900901848149,21.084690472301524,0.0,21.084690472301524,4.591806885344975,4.591806885344975
0,linear_cv,165,0.5,1200.0,660.0,1199.9886237158585,660.0121311865013,-0.011376284141533688,0.012131186501278535,0.016630860675193974,8.315430337405328e-06,0.008315430337405328,0.02689430280725899,0.0,0.02689430280725899,0.1639948255502563,0.1639948255502563
0,linear_cv,165,1.0,1220.0,670.0,1219.989015124575,670.0158029085852,-0.010984875425037899,0.015802908585214936,0.019245763374214634,9.622881686810291e-06,0.00962288168681029,0.18193710378596373,0.0,0.18193710378596373,0.42654085828436616,0.42654085828436616
0,linear_cv,165,2.0,1260.0,690.0,1259.989797942008,690.023146352753,-0.01020205799204632,0.023146352752974053,0.02529497248542061,1.2647486242035945e-05,0.012647486242035945,1.3805569523176144,0.0,1.3805569523176144,1.174971043182603,1.174971043182603
0,linear_cv,165,3.0,1300.0,710.0,1299.990580759441,710.0304897969208,-0.009419240559054742,0.030489796920846857,0.031911593645316816,1.595579682130436e-05,0.01595579682130436,4.597222462948253,0.0,4.597222462948253,2.144113444514598,2.144113444514598
0,linear_cv,165,4.0,1340.0,730.0,1339.991363576874,730.0378332410886,-0.008636423126063164,0.03783324108860597,0.03880646770424979,1.940323384968988e-05,0.01940323384968988,10.831933635677881,0.0,10.831933635677881,3.2911903068157393,3.2911903068157393
0,linear_cv,165,5.0,1380.0,750.0,1379.992146394307,750.0451766852565,-0.007853605693071586,0.04517668525647878,0.04585424749295526,2.2927123742460393e-05,0.022927123742460392,21.084690470506498,0.0,21.084690470506498,4.5918068851495155,4.5918068851495155
0,linear_cv,180,0.5,1220.0,670.0,1220.0198084433118,669.9869004956187,0.01980844331183107,-0.013099504381330007,0.023748082901036645,1.187404144996027e-05,0.01187404144996027,0.02689430278445734,0.0,0.02689430278445734,0.16399482548073688,0.16399482548073688
0,linear_cv,180,1.0,1240.0,680.0,1240.032366081374,679.9783658711159,0.03236608137399344,-0.02163412888410221,0.038930691697963836,1.9465345846523445e-05,0.019465345846523444,0.18193710370231111,0.0,0.18193710370231111,0.4265408581863068,0.4265408581863068
0,linear_cv,180,2.0,1280.0,700.0,1280.0574813574985,699.9612966221105,0.05748135749854555,-0.03870337788953293,0.06929688246909514,3.4648441220682255e-05,0.03464844122068225,1.3805569519945013,0.0,1.3805569519945013,1.1749710430451048,1.1749710430451048
0,linear_cv,180,3.0,1320.0,720.0,1320.0825966336233,719.9442273731049,0.08259663362332503,-0.05577262689507734,0.09966338242646239,4.983169117198389e-05,0.04983169117198389,4.597222462228669,0.0,4.597222462228669,2.144113444346793,2.144113444346793
0,linear_cv,180,4.0,1360.0,740.0,1360.1077119097479,739.9271581240994,0.10771190974787714,-0.07284187590062174,0.1300299749529177,6.501498738485385e-05,0.06501498738485385,10.831933634404812,0.0,10.831933634404812,3.291190306622334,3.291190306622334
0,linear_cv,180,5.0,1400.0,760.0,1400.1328271858724,759.9100888750938,0.13282718587242925,-0.08991112490616615,0.1603966074724808,8.019830356430144e-05,0.08019830356430144,21.084690468522933,0.0,21.084690468522933,4.5918068849335265,4.5918068849335265
0,linear_cv,195,0.5,1240.0,680.0,1240.0357399326072,679.9816948783172,0.03573993260715724,-0.01830512168282894,0.04015495315135252,2.0077476572978483e-05,0.020077476572978484,0.02689430276953758,0.0,0.02689430276953758,0.16399482543524835,0.16399482543524835
0,linear_cv,195,1.0,1260.0,690.0,1260.0512016336374,689.975533783685,0.05120163363744723,-0.02446621631497692,0.05674683275668001,2.837341637072599e-05,0.02837341637072599,0.18193710366303087,0.0,0.18193710366303087,0.4265408581402617,0.4265408581402617
0,linear_cv,195,2.0,1300.0,710.0,1300.0821250356976,709.9632115944206,0.08212503569757246,-0.03678840557938656,0.08998837854634892,4.4994189242811224e-05,0.044994189242811226,1.3805569518716465,0.0,1.3805569518716465,1.1749710429928248,1.1749710429928248
0,linear_cv,195,3.0,1340.0,730.0,1340.1130484377577,729.9508894051563,0.11304843775769768,-0.04911059484368252,0.12325501939213827,6.162750961804973e-05,0.06162750961804973,4.597222461975768,0.0,4.597222461975768,2.1441134442878176,2.1441134442878176
0,linear_cv,195,4.0,1380.0,750.0,1380.143971839818,749.938567215892,0.14397183981805028,-0.06143278410797848,0.15653075615945838,7.826537791992514e-05,0.07826537791992515,10.831933633975394,0.0,10.831933633975394,3.2911903065570964,3.2911903065570964
0,linear_cv,195,5.0,1420.0,770.0,1420.1748952418784,769.9262450266277,0.17489524187840289,-0.07375497337227443,0.1898108050898314,9.490540225997693e-05,0.09490540225997693,21.084690467870526,0.0,21.084690467870526,4.591806884862486,4.591806884862486
0,linear_cv,210,0.5,1260.0,690.0,1259.9941776444991,689.9998970243081,-0.0058223555008680705,-0.00010297569190242939,0.0058232660570861315,2.9116330285348375e-06,0.0029116330285348375,0.026894302767915317,0.0,0.026894302767915317,0.16399482543030228,0.16399482543030228
0,linear_cv,210,1.0,1280.0,700.0,1279.9884107882456,700.0018776103532,-0.011589211754426287,0.001877610353176351,0.011740325793064154,5.87016289646465e-06,0.005870162896464651,0.18193710365973767,0.0,0.18193710365973767,0.42654085813640136,0.42654085813640136
0,linear_cv,210,2.0,1320.0,720.0,1319.9768770757382,720.0058387824434,-0.023122924261770095,0.005838782443447599,0.02384871080032353,1.1924355399596588e-05,0.011924355399596588,1.3805569518632097,0.0,1.3805569518632097,1.1749710429892346,1.1749710429892346
0,linear_cv,210,3.0,1360.0,740.0,1359.965343363231,740.0097999545337,-0.03465663676888653,0.009799954533718847,0.03601557414499308,1.8007787070550016e-05,0.018007787070550015,4.5972224619597855,0.0,4.5972224619597855,2.1441134442840903,2.1441134442840903
0,linear_cv,210,4.0,1400.0,760.0,1399.953809650724,760.013761126624,-0.04619034927600296,0.013761126623990094,0.048196648972730835,2.409832448170055e-05,0.024098324481700552,10.831933633949463,0.0,10.831933633949463,3.291190306553157,3.291190306553157
0,linear_cv,210,5.0,1440.0,780.0,1439.9422759382167,780.0177222987143,-0.05772406178334677,0.017722298714261342,0.060383335287851926,3.019166763475236e-05,0.03019166763475236,21.084690467832246,0.0,21.084690467832246,4.591806884858317,4.591806884858317
0,linear_cv,225,0.5,1280.0,700.0,1279.9996508274494,700.0189851971631,-0.00034917255061373,0.01898519716314695,0.018988407853047215,9.494203926238339e-06,0.00949420392623834,0.026894302767890305,0.0,0.026894302767890305,0.163994825430226,0.163994825430226
0,linear_cv,225,1.0,1300.0,710.0,1299.9981878990282,710.0270705561429,-0.0018121009718470305,0.027070556142916757,0.027131139301897682,1.3565569650116708e-05,0.013565569650116708,0.18193710365965376,0.0,0.18193710365965376,0.426540858136303,0.426540858136303
0,linear_cv,225,2.0,1340.0,730.0,1339.9952620421857,730.0432412741025,-0.004737957814313631,0.04324127410245637,0.04350006931320891,2.1750034653174736e-05,0.021750034653174734,1.380556951862837,0.0,1.380556951862837,1.1749710429890758,1.1749710429890758
0,linear_cv,225,3.0,1380.0,750.0,1379.992336185343,750.059411992062,-0.007663814657007606,0.05941199206199599,0.05990424739425109,2.9952123688168564e-05,0.029952123688168564,4.5972224619588955,0.0,4.5972224619588955,2.144113444283883,2.144113444283883
0,linear_cv,225,4.0,1420.0,770.0,1419.9894103285005,770.0755827100215,-0.010589671499474207,0.0755827100215356,0.07632094860958108,3.816047428626717e-05,0.03816047428626717,10.831933633947829,0.0,10.831933633947829,3.2911903065529087,3.2911903065529087
0,linear_cv,225,5.0,1460.0,790.0,1459.986484471658,790.0917534279811,-0.013515528341940808,0.09175342798107522,0.09274352296866968,4.6371761451096485e-05,0.046371761451096484,21.084690467829635,0.0,21.084690467829635,4.591806884858033,4.591806884858033
0,linear_cv,240,0.5,1300.0,710.0,1299.987902804574,710.0114774330982,-0.012097195425894824,0.011477433098207257,0.01667553920255996,8.33776960108677e-06,0.00833776960108677,0.02689430276784422,0.0,0.02689430276784422,0.1639948254300855,0.1639948254300855
0,linear_cv,240,1.0,1320.0,720.0,1319.981405019907,720.0140152559218,-0.01859498009298477,0.01401525592177677,0.023285203095773047,1.1642601547360472e-05,0.011642601547360472,0.18193710365951557,0.0,0.18193710365951557,0.426540858136141,0.426540858136141
0,linear_cv,240,2.0,1360.0,740.0,1359.9684094505726,740.0190909015689,-0.031590549427392034,0.019090901568915797,0.036911046257706255,1.8455523126757772e-05,0.018455523126757772,1.3805569518623655,0.0,1.3805569518623655,1.1749710429888753,1.1749710429888753
0,linear_cv,240,3.0,1400.0,760.0,1399.9554138812382,760.024166547216,-0.0445861187617993,0.024166547216054823,0.050714337130510524,2.5357168559820495e-05,0.025357168559820495,4.597222461957892,0.0,4.597222461957892,2.144113444283649,2.144113444283649
0,linear_cv,240,4.0,1440.0,780.0,1439.9424183119038,780.0292421928632,-0.05758168809620656,0.02924219286319385,0.06458139552113318,3.229069774934354e-05,0.03229069774934354,10.831933633946095,0.0,10.831933633946095,3.2911903065526453,3.2911903065526453
0,linear_cv,240,5.0,1480.0,800.0,1479.9294227425694,800.0343178385103,-0.07057725743061383,0.034317838510332876,0.07847842573885144,3.9239212849286646e-05,0.039239212849286643,21.084690467826974,0.0,21.084690467826974,4.591806884857744,4.591806884857744
0,linear_cv,255,0.5,1320.0,720.0,1320.006776330611,720.0102926296997,0.006776330611046433,0.01029262969973388,0.012323022465533722,6.161511232688889e-06,0.006161511232688889,0.026894302767832824,0.0,0.026894302767832824,0.16399482543005076,0.16399482543005076
0,linear_cv,255,1.0,1340.0,730.0,1340.0082000098798,730.0126382834642,0.00820000987982894,0.012638283464184497,0.015065403112773702,7.532701556244378e-06,0.007532701556244378,0.18193710365948879,0.0,0.18193710365948879,0.4265408581361096,0.4265408581361096
0,linear_cv,255,2.0,1380.0,750.0,1380.0110473684172,750.017329590993,0.011047368417166581,0.017329590992972044,0.02055137642417917,1.0275688211727916e-05,0.010275688211727916,1.3805569518622884,0.0,1.3805569518622884,1.1749710429888425,1.1749710429888425
0,linear_cv,255,3.0,1420.0,770.0,1420.0138947269545,770.0220208985218,0.013894726954504222,0.02202089852175959,0.026038114540915973,1.3019057269722429e-05,0.013019057269722429,4.597222461957738,0.0,4.597222461957738,2.144113444283613,2.144113444283613
0,linear_cv,255,4.0,1460.0,790.0,1460.0167420854918,790.0267122060505,0.016742085491841863,0.026712206050547138,0.031525218138865094,1.576260906812709e-05,0.015762609068127088,10.83193363394584,0.0,10.83193363394584,3.2911903065526062,3.2911903065526062
0,linear_cv,255,5.0,1500.0,810.0,1500.019589444029,810.0314035135793,0.01958944402895213,0.031403513579334685,0.037012524670588284,1.8506262333181455e-05,0.018506262333181457,21.08469046782659,0.0,21.08469046782659,4.591806884857702,4.591806884857702
0,linear_cv,270,0.5,1340.0,730.0,1339.99968496635,730.0030283247825,-0.00031503364994023286,0.0030283247824627324,0.0030446670078471015,1.5223335039223747e-06,0.0015223335039223748,0.026894302767832362,0.0,0.026894302767832362,0.16399482543004934,0.16399482543004934
0,linear_cv,270,1.0,1360.0,740.0,1360.0004765110693,740.002314638697,0.0004765110693369934,0.002314638697043847,0.0023631790234879633,1.1815895117434317e-06,0.0011815895117434317,0.18193710365948806,0.0,0.18193710365948806,0.42654085813610876,0.42654085813610876
0,linear_cv,270,2.0,1400.0,760.0,1400.0020596005083,760.0008872665264,0.0020596005083461932,0.00088726652643345,0.002242586930959239,1.1212934654791495e-06,0.0011212934654791496,1.3805569518622869,0.0,1.3805569518622869,1.1749710429888418,1.1749710429888418
0,linear_cv,270,3.0,1440.0,780.0,1440.0036426899471,779.9994598943557,0.0036426899471280194,-0.0005401056442906338,0.0036825132936490717,1.8412566468224551e-06,0.001841256646822455,4.5972224619577355,0.0,4.5972224619577355,2.1441134442836125,2.1441134442836125
0,linear_cv,270,4.0,1480.0,800.0,1480.005225779386,799.9980325221851,0.005225779385909846,-0.001967477814901031,0.005583882085281531,2.791941042633511e-06,0.002791941042633511,10.831933633945834,0.0,10.831933633945834,3.2911903065526054,3.2911903065526054
0,linear_cv,270,5.0,1520.0,820.0,1520.0068088688247,819.9966051500144,0.006808868824691672,-0.0033948499856251146,0.007608265314561329,3.8041326572623137e-06,0.0038041326572623136,21.084690467826583,0.0,21.084690467826583,4.591806884857701,4.591806884857701
0,linear_cv,285,0.5,1360.0,740.0,1359.999513049538,740.0182549344674,-0.0004869504618909559,0.018254934467449857,0.018261428015443497,9.130714007468005e-06,0.009130714007468005,0.026894302767832282,0.0,0.026894302767832282,0.16399482543004912,0.16399482543004912
0,linear_cv,285,1.0,1380.0,750.0,1379.999601627462,750.0245306605364,-0.0003983725380294345,0.024530660536356663,0.024533895064359882,1.226694753156464e-05,0.01226694753156464,0.18193710365948776,0.0,0.18193710365948776,0.4265408581361084,0.4265408581361084
0,linear_cv,285,2.0,1420.0,770.0,1419.99977878331,770.0370821126743,-0.000221216690079018,0.03708211267428396,0.0370827725124789,1.8541386254114712e-05,0.018541386254114712,1.3805569518622858,0.0,1.3805569518622858,1.1749710429888414,1.1749710429888414
0,linear_cv,285,3.0,1460.0,790.0,1459.9999559391576,790.0496335648122,-4.406084235597518e-05,0.04963356481221126,0.049633584369112464,2.4816792179461566e-05,0.024816792179461564,4.597222461957733,0.0,4.597222461957733,2.1441134442836116,2.1441134442836116
0,linear_cv,285,4.0,1500.0,810.0,1500.0001330950056,810.06218501695,0.00013309500559444132,0.062185016950024874,0.06218515938192484,3.1092579680942855e-05,0.031092579680942856,10.83193363394583,0.0,10.83193363394583,3.291190306552605,3.291190306552605
0,linear_cv,285,5.0,1540.0,830.0,1540.0003102508533,830.0747364690878,0.00031025085331748414,0.07473646908783849,0.07473711305174573,3.736855650847893e-05,0.03736855650847893,21.084690467826576,0.0,21.084690467826576,4.5918068848577,4.5918068848577
1,linear_cv,60,0.5,1060.0,590.0,1060.0204723956745,589.9913156591527,0.02047239567446013,-0.008684340847253225,0.02223818249324627,1.1119091246164902e-05,0.011119091246164902,0.026905574491387148,0.0,0.026905574491387148,0.16402918792515905,0.16402918792515905
1,linear_cv,60,1.0,1080.0,600.0,1080.0311367651846,599.9889929390612,0.03113676518455577,-0.011007060938823088,0.033025044082773444,1.6512522039885936e-05,0.016512522039885937,0.1819731994633959,0.0,0.1819731994633959,0.4265831682842115,0.4265831682842115
1,linear_cv,60,2.0,1120.0,620.0,1120.052465504205,619.984347498878,0.05246550420497442,-0.015652501121962814,0.05475061573037545,2.7375307858349305e-05,0.027375307858349306,1.3806867190559946,0.0,1.3806867190559946,1.1750262631345711,1.1750262631345711
1,linear_cv,60,3.0,1160.0,640.0,1160.0737942432256,639.9797020586948,0.07379424322562045,-0.020297941305216227,0.07653493812940619,3.8267469046023475e-05,0.038267469046023475,4.597504598180035,0.0,4.597504598180035,2.144179236486548,2.144179236486548
1,linear_cv,60,4.0,1200.0,660.0,1200.095122982246,659.9750566185116,0.0951229822460391,-0.024943381488355953,0.09833897513933083,4.9169487530040735e-05,0.04916948753004074,10.832426836835518,0.0,10.832426836835518,3.2912652334376697,3.2912652334376697
1,linear_cv,60,5.0,1240.0,680.0,1240.1164517212665,679.9704111783285,0.11645172126645775,-0.02958882167149568,0.12015199438140152,6.0075997118426825e-05,0.06007599711842682,21.08545343502244,0.0,21.08545343502244,4.591889963296425,4.591889963296425
1,linear_cv,75,0.5,1080.0,600.0,1079.994703880168,600.0058272644733,-0.00529611983210998,0.005827264473282412,0.007874382294354776,3.937191147157044e-06,0.003937191147157044,0.026898992663005855,0.0,0.026898992663005855,0.1640091237187915,0.1640091237187915
1,linear_cv,75,1.0,1100.0,610.0,1099.992013990761,610.0095285074718,-0.0079860092389481,0.009528507471827652,0.01243257005631739,6.216285028078625e-06,0.006216285028078626,0.181949164069561,0.0,0.181949164069561,0.42655499536350644,0.42655499536350644
1,linear_cv,75,2.0,1140.0,630.0,1139.9866342119471,630.0169309934688,-0.013365788052851713,0.016930993468804445,0.021570879215146804,1.0785439607155195e-05,0.010785439607155195,1.3805941441614513,0.0,1.3805941441614513,1.1749868697825738,1.1749868697825738
1,linear_cv,75,3.0,1180.0,650.0,1179.9812544331335,650.0243334794657,-0.018745566866527952,0.02433347946566755,0.030716681136697288,1.5358340567141075e-05,0.015358340567141075,4.5972986406250484,0.0,4.5972986406250484,2.144131208817466,2.144131208817466
1,linear_cv,75,4.0,1220.0,670.0,1219.9758746543198,670.0317359654626,-0.02412534568020419,0.031735965462644344,0.03986481917725831,1.9932409585989435e-05,0.019932409585989436,10.832062653460351,0.0,10.832062653460351,3.291209907231739,3.291209907231739
1,linear_cv,75,5.0,1260.0,690.0,1259.9704948755061,690.0391384514596,-0.02950512449388043,0.03913845145962114,0.049013985290491356,2.4506992640339435e-05,0.024506992640339436,21.08488618266736,0.0,21.08488618266736,4.5918281961183345,4.5918281961183345
1,linear_cv,90,0.5,1100.0,610.0,1099.9940254547334,610.0134783806731,-0.005974545266553832,0.013478380673063839,0.014743199676804273,7.3715998382686106e-06,0.00737159983826861,0.026894777890408124,0.0,0.026894777890408124,0.16399627401379618,0.16399627401379618
1,linear_cv,90,1.0,1120.0,620.0,1119.992417237177,620.0184141836186,-0.007582762822949007,0.018414183618574498,0.01991432776589948,9.957163882620671e-06,0.00995716388262067,0.18193808888525917,0.0,0.18193808888525917,0.4265420130365345,0.4265420130365345
1,linear_cv,90,2.0,1160.0,640.0,1159.9892008020647,640.0282857895096,-0.01079919793528461,0.028285789509595816,0.030277195448499123,1.5138597723093089e-05,0.015138597723093089,1.380559551442633,0.0,1.380559551442633,1.174972149219986,1.174972149219986
1,linear_cv,90,3.0,1200.0,660.0,1199.9859843669522,660.0381573954005,-0.014015633047847587,0.03815739540050345,0.04065002821010434,2.0325014102253375e-05,0.020325014102253375,4.597227468090236,0.0,4.597227468090236,2.144114611696454,2.144114611696454
1,linear_cv,90,4.0,1240.0,680.0,1239.9827679318396,680.0480290012915,-0.017232068160410563,0.048029001291524764,0.05102674924141575,2.5513374615172048e-05,0.025513374615172047,10.831941838828067,0.0,10.831941838828067,3.2911915530439835,3.2911915530439835
1,linear_cv,90,5.0,1280.0,700.0,1279.979551496727,700.0579006071825,-0.02044850327297354,0.05790060718254608,0.061405387371242244,3.070269367597377e-05,0.03070269367597377,21.084702663656127,0.0,21.084702663656127,4.59180821285647,4.59180821285647
1,linear_cv,105,0.5,1120.0,620.0,1120.004327167689,620.0113345490303,0.0043271676890981325,0.011334549030266317,0.012132451604234238,6.066225802042709e-06,0.006066225802042709,0.02689432630076509,0.0,0.02689432630076509,0.1639948971790436,0.1639948971790436
1,linear_cv,105,1.0,1140.0,630.0,1140.009306056046,630.0131292021385,0.009306056045943478,0.013129202138543405,0.016092812927669727,8.04640646366121e-06,0.00804640646366121,0.18193717492667874,0.0,0.18193717492667874,0.4265409416769728,0.4265409416769728
1,linear_cv,105,2.0,1180.0,650.0,1180.0192638327594,650.016718508355,0.019263832759406796,0.016718508354983896,0.025506935805738422,1.2753467902177756e-05,0.012753467902177755,1.3805572158828643,0.0,1.3805572158828643,1.174971155340787,1.174971155340787
1,linear_cv,105,3.0,1220.0,670.0,1220.0292216094726,670.0203078145715,0.02922160947264274,0.020307814571538074,0.03558524684252756,1.77926234193862e-05,0.0177926234193862,4.597223048444861,0.0,4.597223048444861,2.144113581050421,2.144113581050421
1,linear_cv,105,4.0,1260.0,690.0,1260.039179386186,690.0238971207881,0.03917938618610606,0.023897120788092252,0.045892229014079376,2.294611450301246e-05,0.022946114503012458,10.831934672612668,0.0,10.831934672612668,3.291190464347615,3.291190464347615
1,linear_cv,105,5.0,1300.0,710.0,1300.0491371628996,710.0274864270045,0.049137162899569375,0.027486427004532743,0.056302437312201005,2.8151218648663972e-05,0.028151218648663972,21.084692088386284,0.0,21.084692088386284,4.591807061319789,4.591807061319789
1,linear_cv,120,0.5,1140.0,630.0,1140.014535182171,629.9995317808182,0.014535182170902772,-0.00046821918181194633,0.01454272154527984,7.271360772511768e-06,0.007271360772511768,0.02689431924017275,0.0,0.02689431924017275,0.16399487565217624,0.16399487565217624
1,linear_cv,120,1.0,1160.0,640.0,1160.020271539233,639.9962898560576,0.020271539232908253,-0.0037101439423850024,0.020608262200985186,1.0304131100127912e-05,0.010304131100127912,0.18193715068894867,0.0,0.18193715068894867,0.42654091326500987,0.42654091326500987
1,linear_cv,120,2.0,1200.0,660.0,1200.031744253357,659.9898060065366,0.031744253356919216,-0.010193993463417428,0.0333408926683206,1.667044633261604e-05,0.01667044633261604,1.38055710781602,0.0,1.38055710781602,1.1749711093537663,1.1749711093537663
1,linear_cv,120,3.0,1240.0,680.0,1240.0432169674807,679.9833221570157,0.043216967480702806,-0.016677842984336166,0.04632339284679281,2.3161696419254595e-05,0.023161696419254595,4.5972227905824505,0.0,4.5972227905824505,2.1441135209177826,2.1441135209177826
1,linear_cv,120,4.0,1280.0,700.0,1280.0546896816047,699.9768383074946,0.05468968160471377,-0.023161692505368592,0.05939213141265613,2.9696065697598845e-05,0.029696065697598844,10.83193419898824,0.0,10.83193419898824,3.2911903923942534,3.2911903923942534
1,linear_cv,120,5.0,1320.0,720.0,1320.0661623957287,719.9703544579736,0.06616239572872473,-0.029645542026401017,0.07250048807148461,3.625024401986373e-05,0.03625024401986373,21.084691333033387,0.0,21.084691333033387,4.59180697906972,4.59180697906972
1,linear_cv,135,0.5,1160.0,640.0,1159.9876253377265,639.9814449845109,-0.012374662273487047,-0.018555015489141624,0.022302934026382025,1.1151467012728765e-05,0.011151467012728766,0.026894306131107992,0.0,0.026894306131107992,0.16399483568426168,0.16399483568426168
1,linear_cv,135,1.0,1180.0,650.0,1179.9805469829282,649.9702861925051,-0.019453017071782597,-0.02971380749488617,0.03551521123459945,1.7757605615433205e-05,0.017757605615433207,0.1819371114838094,0.0,0.1819371114838094,0.42654086730793966,0.42654086730793966
1,linear_cv,135,2.0,1220.0,670.0,1219.9663902733316,669.9479686084939,-0.033609726668373696,-0.052031391506147884,0.06194254942112754,3.0971274700661014e-05,0.030971274700661015,1.3805569742960409,0.0,1.3805569742960409,1.1749710525353554,1.1749710525353554
1,linear_cv,135,3.0,1260.0,690.0,1259.9522335637353,689.9256510244825,-0.04776643626473742,-0.07434897551752329,0.08837082433664688,4.4185412139568294e-05,0.044185412139568295,4.597222506584044,0.0,4.597222506584044,2.1441134546903164,2.1441134546903164
1,linear_cv,135,4.0,1300.0,710.0,1299.9380768541387,709.9033334404711,-0.06192314586132852,-0.09666655952889869,0.11479938904243996,5.7399694458181245e-05,0.057399694458181244,10.831933708347819,0.0,10.831933708347819,3.2911903178558086,3.2911903178558086
1,linear_cv,135,5.0,1340.0,730.0,1339.923920144542,729.8810158564598,-0.07607985545791962,-0.1189841435401604,0.1412280808496789,7.061404030747085e-05,0.07061404030747084,21.084690579587363,0.0,21.084690579587363,4.591806897027287,4.591806897027287
1,linear_cv,150,0.5,1180.0,650.0,1179.9813490310898,649.9939239003462,-0.018650968910151278,-0.006076099653796518,0.019615749496012018,9.80787474769152e-06,0.009807874747691521,0.026894302934260268,0.0,0.026894302934260268,0.1639948259374675,0.1639948259374675
1,linear_cv,150,1.0,1200.0,660.0,1199.9732759757064,659.9917811313974,-0.026724024293571347,-0.008218868602625662,0.02795931464736962,1.3979657322774124e-05,0.013979657322774125,0.18193710398793245,0.0,0.18193710398793245,0.42654085852111806,0.42654085852111806
1,linear_cv,150,2.0,1240.0,680.0,1239.9571298649396,679.9874955934996,-0.042870135060411485,-0.012504406500397636,0.04465656348203597,2.232828173730738e-05,0.02232828173730738,1.3805569527522947,0.0,1.3805569527522947,1.174971043367578,1.174971043367578
1,linear_cv,150,3.0,1280.0,700.0,1279.940983754173,699.983210055602,-0.05901624582702425,-0.016789944398055923,0.06135812500725203,3.067906249400092e-05,0.030679062494000923,4.597222463726014,0.0,4.597222463726014,2.144113444695969,2.144113444695969
1,linear_cv,150,4.0,1320.0,720.0,1319.9248376434061,719.9789245177043,-0.07516235659386439,-0.02107548229571421,0.07806123111212245,3.9030615536241624e-05,0.039030615536241625,10.83193363690909,0.0,10.83193363690909,3.2911903070027857,3.2911903070027857
1,linear_cv,150,5.0,1360.0,740.0,1359.9086915326393,739.9746389798065,-0.09130846736070453,-0.025361020193486183,0.09476506506627459,4.738253249767772e-05,0.04738253249767772,21.084690472301524,0.0,21.084690472301524,4.591806885344975,4.591806885344975
1,linear_cv,165,0.5,1200.0,660.0,1199.9957286174001,660.0017136304978,-0.00427138259988169,0.0017136304977611871,0.004602307985938069,2.3011539929649726e-06,0.0023011539929649726,0.02689430280725899,0.0,0.02689430280725899,0.1639948255502563,0.1639948255502563
1,linear_cv,165,1.0,1220.0,670.0,1219.9969996624272,670.0014323473495,-0.0030003375727574166,0.0014323473494641803,0.0033247021641068736,1.6623510820519055e-06,0.0016623510820519055,0.18193710378596373,0.0,0.18193710378596373,0.42654085828436616,0.42654085828436616
1,linear_cv,165,2.0,1260.0,690.0,1259.9995417524813,690.0008697810529,-0.00045824751873624336,0.0008697810528701666,0.0009831123376094204,4.915561688046706e-07,0.0004915561688046706,1.3805569523176144,0.0,1.3805569523176144,1.174971043182603,1.174971043182603
1,linear_cv,165,3.0,1300.0,710.0,1300.0020838425353,710.0003072147563,0.00208384253528493,0.0003072147562761529,0.002106366686580601,1.0531833432899112e-06,0.001053183343289911,4.597222462948253,0.0,4.597222462948253,2.144113444514598,2.144113444514598
1,linear_cv,165,4.0,1340.0,730.0,1340.004625932589,729.9997446484597,0.0046259325890787295,-0.0002553515403178608,0.004632974932788148,2.31648746638993e-06,0.00231648746638993,10.831933635677881,0.0,10.831933635677881,3.2911903068157393,3.2911903068157393
1,linear_cv,165,5.0,1380.0,750.0,1380.007168022643,749.9991820821631,0.007168022643099903,-0.0008179178369118745,0.007214536589409712,3.6072682946892093e-06,0.003607268294689209,21.084690470506498,0.0,21.084690470506498,4.5918068851495155,4.5918068851495155
1,linear_cv,180,0.5,1220.0,670.0,1220.016380935331,670.0047126742812,0.016380935330971624,0.004712674281222462,0.017045361280957644,8.522680640272472e-06,0.008522680640272472,0.02689430278445734,0.0,0.02689430278445734,0.16399482548073688,0.16399482548073688
1,linear_cv,180,1.0,1240.0,680.0,1240.02497645913,680.004822213479,0.02497645912990265,0.004822213478973936,0.025437713212954016,1.2718856605791166e-05,0.012718856605791166,0.18193710370231111,0.0,0.18193710370231111,0.4265408581863068,0.4265408581863068
1,linear_cv,180,2.0,1280.0,700.0,1280.042167506728,700.0050412918747,0.04216750672799208,0.005041291874704257,0.042467790705677355,2.1233895349647377e-05,0.021233895349647376,1.3805569519945013,0.0,1.3805569519945013,1.1749710430451048,1.1749710430451048
1,linear_cv,180,3.0,1320.0,720.0,1320.0593585543259,720.0052603702703,0.05935855432585413,0.005260370270320891,0.05959118615228474,2.9795593067325083e-05,0.02979559306732508,4.597222462228669,0.0,4.597222462228669,2.144113444346793,2.144113444346793
1,linear_cv,180,4.0,1360.0,740.0,1360.076549601924,740.0054794486659,0.07654960192394356,0.005479448665937525,0.07674546183584322,3.8372730899087426e-05,0.03837273089908742,10.831933634404812,0.0,10.831933634404812,3.291190306622334,3.291190306622334
1,linear_cv,180,5.0,1400.0,760.0,1400.0937406495218,760.0056985270617,0.09374064952180561,0.005698527061667846,0.09391369752832945,4.6956848729652296e-05,0.04695684872965229,21.084690468522933,0.0,21.084690468522933,4.5918068849335265,4.5918068849335265
1,linear_cv,195,0.5,1240.0,680.0,1239.992999575715,679.9984989711679,-0.007000424285024565,-0.0015010288320809195,0.007159541027544985,3.579770513757201e-06,0.0035797705137572008,0.02689430276953758,0.0,0.02689430276953758,0.16399482543524835,0.16399482543524835
1,linear_cv,195,1.0,1260.0,690.0,1259.9880798693348,689.9971473086688,-0.011920130665203033,-0.002852691331213464,0.012256727251052547,6.128363625449553e-06,0.006128363625449553,0.18193710366303087,0.0,0.18193710366303087,0.4265408581402617,0.4265408581402617
1,linear_cv,195,2.0,1300.0,710.0,1299.978240456575,709.9944439836706,-0.02175954342510522,-0.005556016329364866,0.022457672353144904,1.1228836176100515e-05,0.011228836176100515,1.3805569518716465,0.0,1.3805569518716465,1.1749710429928248,1.1749710429928248
1,linear_cv,195,3.0,1340.0,730.0,1339.9684010438148,729.9917406586724,-0.03159895618523478,-0.008259341327629954,0.03266053813339093,1.6330269065243828e-05,0.01633026906524383,4.597222461975768,0.0,4.597222461975768,2.1441134442878176,2.1441134442878176
1,linear_cv,195,4.0,1380.0,750.0,1379.9585616310549,749.9890373336741,-0.04143836894513697,-0.010962666325895043,0.042863953081886945,2.1431976537662026e-05,0.021431976537662024,10.831933633975394,0.0,10.831933633975394,3.2911903065570964,3.2911903065570964
1,linear_cv,195,5.0,1420.0,770.0,1419.9487222182947,769.9863340086758,-0.051277781705266534,-0.013665991324160132,0.053067600430818304,2.6533800209182176e-05,0.026533800209182175,21.084690467870526,0.0,21.084690467870526,4.591806884862486,4.591806884862486
1,linear_cv,210,0.5,1260.0,690.0,1259.9925324153544,690.0090096182112,-0.007467584645610259,0.009009618211166526,0.01170205284342613,5.851026421646296e-06,0.005851026421646296,0.026894302767915317,0.0,0.026894302767915317,0.16399482543030228,0.16399482543030228
1,linear_cv,210,1.0,1280.0,700.0,1279.9890707572386,700.0112660470405,-0.010929242761449132,0.011266047040521698,0.015696246788896254,7.848123394286998e-06,0.007848123394286997,0.18193710365973767,0.0,0.18193710365973767,0.42654085813640136,0.42654085813640136
1,linear_cv,210,2.0,1320.0,720.0,1319.9821474410069,720.0157789046993,-0.017852558993126877,0.01577890469934573,0.02382619768477778,1.1913098841825313e-05,0.011913098841825313,1.3805569518632097,0.0,1.3805569518632097,1.1749710429892346,1.1749710429892346
1,linear_cv,210,3.0,1360.0,740.0,1359.9752241247752,740.0202917623583,-0.024775875224804622,0.02029176235828345,0.03202498419609503,1.601249209667898e-05,0.01601249209667898,4.5972224619597855,0.0,4.5972224619597855,2.1441134442840903,2.1441134442840903
1,linear_cv,210,4.0,1400.0,760.0,1399.9683008085435,760.0248046200171,-0.03169919145648237,0.02480462001710748,0.04025056413502566,2.0125282064795736e-05,0.020125282064795736,10.831933633949463,0.0,10.831933633949463,3.291190306553157,3.291190306553157
1,linear_cv,210,5.0,1440.0,780.0,1439.9613774923118,780.0293174776759,-0.03862250768816011,0.029317477675931514,0.04848930394840423,2.4244651969451754e-05,0.024244651969451754,21.084690467832246,0.0,21.084690467832246,4.591806884858317,4.591806884858317
1,linear_cv,225,0.5,1280.0,700.0,1280.0041861171349,699.9764741465149,0.004186117134850065,-0.02352585348512548,0.02389538363095006,1.194769181490653e-05,0.011947691814906531,0.026894302767890305,0.0,0.026894302767890305,0.163994825430226,0.163994825430226
1,linear_cv,225,1.0,1300.0,710.0,1300.0070615120405,709.9664910479628,0.0070615120405364,-0.03350895203720938,0.03424492398780642,1.7122461992229896e-05,0.017122461992229897,0.18193710365965376,0.0,0.18193710365965376,0.426540858136303,0.426540858136303
1,linear_cv,225,2.0,1340.0,730.0,1340.0128123018515,729.9465248508585,0.012812301851454322,-0.053475149141490874,0.05498860476896529,2.749430237755466e-05,0.02749430237755466,1.380556951862837,0.0,1.380556951862837,1.1749710429890758,1.1749710429890758
1,linear_cv,225,3.0,1380.0,750.0,1380.0185630916626,749.9265586537542,0.018563091662599618,-0.07344134624577237,0.07575103768573403,3.7875518824755516e-05,0.03787551882475552,4.5972224619588955,0.0,4.5972224619588955,2.144113444283883,2.144113444283883
1,linear_cv,225,4.0,1420.0,770.0,1420.0243138814737,769.90659245665,0.024313881473744914,-0.09340754335005386,0.09652012218709374,4.8260061056080434e-05,0.04826006105608043,10.831933633947829,0.0,10.831933633947829,3.2911903065529087,3.2911903065529087
1,linear_cv,225,5.0,1460.0,790.0,1460.0300646712847,789.8866262595457,0.030064671284662836,-0.11337374045433535,0.1172923249154088,5.864616239046907e-05,0.05864616239046907,21.084690467829635,0.0,21.084690467829635,4.591806884858033,4.591806884858033
1,linear_cv,240,0.5,1300.0,710.0,1300.007042417964,709.9831583776559,0.0070424179639303475,-0.016841622344145435,0.018254749901368345,9.127374950430709e-06,0.009127374950430709,0.02689430276784422,0.0,0.02689430276784422,0.1639948254300855,0.1639948254300855
1,linear_cv,240,1.0,1320.0,720.0,1320.0099743516676,719.9817368036042,0.009974351667551673,-0.01826319639576468,0.020809421755019115,1.0404710877134094e-05,0.010404710877134094,0.18193710365951557,0.0,0.18193710365951557,0.426540858136141,0.426540858136141
1,linear_cv,240,2.0,1360.0,740.0,1360.015838219075,739.9788936555009,0.015838219075021698,-0.021106344499116858,0.026388007912379094,1.3194003955423936e-05,0.013194003955423935,1.3805569518623655,0.0,1.3805569518623655,1.1749710429888753,1.1749710429888753
1,linear_cv,240,3.0,1400.0,760.0,1400.0217020864825,759.9760505073974,0.021702086482491723,-0.023949492602582723,0.03231963418132567,1.615981708925618e-05,0.01615981708925618,4.597222461957892,0.0,4.597222461957892,2.144113444283649,2.144113444283649
1,linear_cv,240,4.0,1440.0,780.0,1440.02756595389,779.9732073592941,0.027565953889961747,-0.0267926407059349,0.038441220192142925,1.9220610093704562e-05,0.019220610093704564,10.831933633946095,0.0,10.831933633946095,3.2911903065526453,3.2911903065526453
1,linear_cv,240,5.0,1480.0,800.0,1480.0334298212974,799.9703642111907,0.03342982129743177,-0.029635788809287078,0.04467474600181727,2.23373729971935e-05,0.0223373729971935,21.084690467826974,0.0,21.084690467826974,4.591806884857744,4.591806884857744
1,linear_cv,255,0.5,1320.0,720.0,1319.9997955007373,720.0146102821857,-0.00020449926273613528,0.014610282185685719,0.014611713297687753,7.305856648713891e-06,0.007305856648713891,0.026894302767832824,0.0,0.026894302767832824,0.16399482543005076,0.16399482543005076
1,linear_cv,255,1.0,1340.0,730.0,1339.9979336385786,730.0251717903218,-0.0020663614213844994,0.025171790321792287,0.025256462094443512,1.2628231046550473e-05,0.012628231046550474,0.18193710365948879,0.0,0.18193710365948879,0.4265408581361096,0.4265408581361096
1,linear_cv,255,2.0,1380.0,750.0,1379.994209914261,750.0462948065939,-0.005790085738908601,0.046294806593891735,0.04665548424815409,2.332774211984552e-05,0.02332774211984552,1.3805569518622884,0.0,1.3805569518622884,1.1749710429888425,1.1749710429888425
1,linear_cv,255,3.0,1420.0,770.0,1419.9904861899433,770.067417822866,-0.009513810056660077,0.06741782286599118,0.06808579456674035,3.404289727021919e-05,0.03404289727021919,4.597222461957738,0.0,4.597222461957738,2.144113444283613,2.144113444283613
1,linear_cv,255,4.0,1460.0,790.0,1459.9867624656258,790.0885408391381,-0.013237534374184179,0.08854083913809063,0.08952492676112586,4.476246335066641e-05,0.044762463350666415,10.83193363394584,0.0,10.83193363394584,3.2911903065526062,3.2911903065526062
1,linear_cv,255,5.0,1500.0,810.0,1499.9830387413083,810.1096638554102,-0.01696125869170828,0.10966385541019008,0.11096776775187525,5.548388381900263e-05,0.05548388381900263,21.08469046782659,0.0,21.08469046782659,4.591806884857702,4.591806884857702
1,linear_cv,270,0.5,1340.0,730.0,1339.9899287079286,730.0160926165844,-0.010071292071415883,0.016092616584387542,0.018984289097036776,9.492144548233305e-06,0.009492144548233305,0.026894302767832362,0.0,0.026894302767832362,0.16399482543004934,0.16399482543004934
1,linear_cv,270,1.0,1360.0,740.0,1359.9837597679848,740.0215155704603,-0.016240232015206857,0.021515570460337585,0.026956722874665256,1.347836143651644e-05,0.01347836143651644,0.18193710365948806,0.0,0.18193710365948806,0.42654085813610876,0.42654085813610876
1,linear_cv,270,2.0,1400.0,760.0,1399.9714218880974,760.0323614782124,-0.02857811190256143,0.03236147821235136,0.043173762310039825,2.1586881151666795e-05,0.021586881151666796,1.3805569518622869,0.0,1.3805569518622869,1.1749710429888418,1.1749710429888418
1,linear_cv,270,3.0,1440.0,780.0,1439.95908400821,780.0432073859643,-0.040915991789916006,0.043207385964251444,0.05950627350133989,2.97531367418903e-05,0.0297531367418903,4.5972224619577355,0.0,4.5972224619577355,2.1441134442836125,2.1441134442836125
1,linear_cv,270,4.0,1480.0,800.0,1479.946746128323,800.0540532937162,-0.05325387167704321,0.05405329371615153,0.0758797299030481,3.793986493332008e-05,0.03793986493332008,10.831933633945834,0.0,10.831933633945834,3.2911903065526054,3.2911903065526054
1,linear_cv,270,5.0,1520.0,820.0,1519.9344082484356,820.064899201468,-0.06559175156439778,0.06489920146805161,0.09227233726570727,4.613616860011931e-05,0.046136168600119314,21.084690467826583,0.0,21.084690467826583,4.591806884857701,4.591806884857701
1,linear_cv,285,0.5,1360.0,740.0,1359.9982380185095,740.0147735166931,-0.001761981490517428,0.014773516693139754,0.014878218114256997,7.43910905699127e-06,0.00743910905699127,0.026894302767832282,0.0,0.026894302767832282,0.16399482543004912,0.16399482543004912
1,linear_cv,285,1.0,1380.0,750.0,1379.998592781158,750.0197365561738,-0.001407218841904978,0.019736556173825193,0.01978666001303832,9.89333000619638e-06,0.00989333000619638,0.18193710365948776,0.0,0.18193710365948776,0.4265408581361084,0.4265408581361084
1,linear_cv,285,2.0,1420.0,770.0,1419.9993023064549,770.0296626351353,-0.0006976935451348254,0.029662635135309756,0.029670839210467835,1.4835419604145542e-05,0.014835419604145542,1.3805569518622858,0.0,1.3805569518622858,1.1749710429888414,1.1749710429888414
1,linear_cv,285,3.0,1460.0,790.0,1460.0000118317519,790.0395887140968,1.1831751862700912e-05,0.03958871409679432,0.03958871586485312,1.9794357929841308e-05,0.019794357929841307,4.597222461957733,0.0,4.597222461957733,2.1441134442836116,2.1441134442836116
1,linear_cv,285,4.0,1500.0,810.0,1500.0007213570489,810.0495147930583,0.0007213570488602272,0.04951479305827888,0.049520047330309805,2.476002366009512e-05,0.02476002366009512,10.83193363394583,0.0,10.83193363394583,3.291190306552605,3.291190306552605
1,linear_cv,285,5.0,1540.0,830.0,1540.0014308823456,830.0594408720199,0.0014308823456303799,0.05944087201987713,0.059458091886390445,2.9729045934436884e-05,0.029729045934436885,21.084690467826576,0.0,21.084690467826576,4.5918068848577,4.5918068848577
2,linear_cv,60,0.5,1060.0,590.0,1059.998928908098,590.0175016146313,-0.0010710919020766596,0.017501614631328266,0.017534359200330585,8.767179599940667e-06,0.008767179599940667,0.026905574491387148,0.0,0.026905574491387148,0.16402918792515905,0.16402918792515905
2,linear_cv,60,1.0,1080.0,600.0,1079.996520458212,600.0279852729587,-0.003479541788010465,0.027985272958744645,0.02820075732369532,1.4100378660913178e-05,0.014100378660913177,0.1819731994633959,0.0,0.1819731994633959,0.4265831682842115,0.4265831682842115
2,linear_cv,60,2.0,1120.0,620.0,1119.9917035584403,620.0489525896137,-0.008296441559650702,0.04895258961369109,0.04965064926503133,2.4825324627415742e-05,0.024825324627415744,1.3806867190559946,0.0,1.3806867190559946,1.1750262631345711,1.1750262631345711
2,linear_cv,60,3.0,1160.0,640.0,1159.986886658669,640.0699199062688,-0.013113341331063566,0.06991990626875122,0.07113896972472919,3.55694848473639e-05,0.0355694848473639,4.597504598180035,0.0,4.597504598180035,2.144179236486548,2.144179236486548
2,linear_cv,60,4.0,1200.0,660.0,1199.9820697588973,660.0908872229237,-0.017930241102703803,0.09088722292369766,0.09263898119465155,4.63194905641997e-05,0.0463194905641997,10.832426836835518,0.0,10.832426836835518,3.2912652334376697,3.2912652334376697
2,linear_cv,60,5.0,1240.0,680.0,1239.9772528591257,680.1118545395786,-0.02274714087434404,0.11185453957864411,0.11414407756124588,5.7072038718657585e-05,0.05707203871865758,21.08545343502244,0.0,21.08545343502244,4.591889963296425,4.591889963296425
2,linear_cv,75,0.5,1080.0,600.0,1079.9805627123885,600.0241409133027,-0.019437287611481224,0.024140913302744593,0.030993416152177745,1.5496708074848373e-05,0.015496708074848374,0.026898992663005855,0.0,0.026898992663005855,0.1640091237187915,0.1640091237187915
2,linear_cv,75,1.0,1100.0,610.0,1099.9727926334374,610.0306776917456,-0.027207366562606694,0.03067769174560908,0.041004409105737154,2.0502204549995944e-05,0.020502204549995944,0.181949164069561,0.0,0.181949164069561,0.42655499536350644,0.42655499536350644
2,linear_cv,75,2.0,1140.0,630.0,1139.9572524755354,630.0437512486316,-0.04274752446463026,0.04375124863156543,0.06116798676329979,3.0583993372114006e-05,0.030583993372114007,1.3805941441614513,0.0,1.3805941441614513,1.1749868697825738,1.1749868697825738
2,linear_cv,75,3.0,1180.0,650.0,1179.9417123176336,650.0568248055174,-0.05828768236642645,0.056824805517408095,0.08140339328148842,4.0701696618268355e-05,0.040701696618268356,4.5972986406250484,0.0,4.5972986406250484,2.144131208817466,2.144131208817466
2,linear_cv,75,4.0,1220.0,670.0,1219.9261721597315,670.0698983624034,-0.07382784026845002,0.06989836240336444,0.10166774840319737,5.083387415781237e-05,0.050833874157812375,10.832062653460351,0.0,10.832062653460351,3.291209907231739,3.291209907231739
2,linear_cv,75,5.0,1260.0,690.0,1259.9106320018295,690.0829719192892,-0.08936799817047358,0.08297191928920711,0.12194662146829845,6.0973310658588156e-05,0.06097331065858816,21.08488618266736,0.0,21.08488618266736,4.5918281961183345,4.5918281961183345
2,linear_cv,90,0.5,1100.0,610.0,1100.0067990936382,610.0009625639735,0.006799093638164777,0.0009625639735304503,0.006866891851752981,3.4334459258629983e-06,0.0034334459258629985,0.026894777890408124,0.0,0.026894777890408124,0.16399627401379618,0.16399627401379618
2,linear_cv,90,1.0,1120.0,620.0,1120.0138399376608,619.9978995559801,0.013839937660804935,-0.00210044401990217,0.013998419179882761,6.999209589827086e-06,0.006999209589827086,0.18193808888525917,0.0,0.18193808888525917,0.4265420130365345,0.4265420130365345
2,linear_cv,90,2.0,1160.0,640.0,1160.027921625706,639.9917735399933,0.02792162570608525,-0.008226460006653724,0.029108277625304352,1.4554138811624542e-05,0.014554138811624541,1.380559551442633,0.0,1.380559551442633,1.174972149219986,1.174972149219986
2,linear_cv,90,3.0,1200.0,660.0,1200.0420033137511,659.9856475240065,0.042003313751138194,-0.014352475993518965,0.044387745304544285,2.2193872648628145e-05,0.022193872648628144,4.597227468090236,0.0,4.597227468090236,2.144114611696454,2.144114611696454
2,linear_cv,90,4.0,1240.0,680.0,1240.0560850017964,679.9795215080196,0.05608500179641851,-0.020478491980384206,0.059706750542086344,2.985337526217449e-05,0.029853375262174492,10.831941838828067,0.0,10.831941838828067,3.2911915530439835,3.2911915530439835
2,linear_cv,90,5.0,1280.0,700.0,1280.0701666898417,699.9733954920328,0.07016668984169883,-0.026604507967249447,0.07504108346446366,3.75205417146248e-05,0.037520541714624794,21.084702663656127,0.0,21.084702663656127,4.59180821285647,4.59180821285647
2,linear_cv,105,0.5,1120.0,620.0,1120.023654823984,619.9707334830903,0.02365482398408858,-0.029266516909729035,0.037630834560844754,1.881541727820203e-05,0.018815417278202032,0.02689432630076509,0.0,0.02689432630076509,0.1639948971790436,0.1639948971790436
2,linear_cv,105,1.0,1140.0,630.0,1140.0340361158546,629.9571923281637,0.03403611585463295,-0.042807671836271766,0.0546896146495103,2.7344807317939558e-05,0.02734480731793956,0.18193717492667874,0.0,0.18193717492667874,0.4265409416769728,0.4265409416769728
2,linear_cv,105,2.0,1180.0,650.0,1180.0547986995953,649.9301100183109,0.05479869959526695,-0.06988998168912985,0.08881163785134928,4.440581889648704e-05,0.04440581889648704,1.3805572158828643,0.0,1.3805572158828643,1.174971155340787,1.174971155340787
2,linear_cv,105,3.0,1220.0,670.0,1220.0755612833361,669.9030277084579,0.07556128333612833,-0.09697229154210163,0.12293548253587741,6.146774119052452e-05,0.061467741190524526,4.597223048444861,0.0,4.597223048444861,2.144113581050421,2.144113581050421
2,linear_cv,105,4.0,1260.0,690.0,1260.096323867077,689.875945398605,0.0963238670769897,-0.12405460139495972,0.1570599614667211,7.852998057193019e-05,0.0785299805719302,10.831934672612668,0.0,10.831934672612668,3.291190464347615,3.291190464347615
2,linear_cv,105,5.0,1300.0,710.0,1300.1170864508176,709.8488630887521,0.1170864508176237,-0.1511369112479315,0.19118473502513986,9.559236722139875e-05,0.09559236722139874,21.084692088386284,0.0,21.084692088386284,4.591807061319789,4.591807061319789
2,linear_cv,120,0.5,1140.0,630.0,1140.0153284354149,629.9944494518946,0.015328435414858177,-0.005550548105361486,0.016302438975116892,8.151219487377917e-06,0.008151219487377917,0.02689431924017275,0.0,0.02689431924017275,0.16399487565217624,0.16399487565217624
2,linear_cv,120,1.0,1160.0,640.0,1160.0204193323086,639.9932987495397,0.02041933230862014,-0.006701250460309893,0.02149083268888532,1.0745416344029092e-05,0.010745416344029092,0.18193715068894867,0.0,0.18193715068894867,0.42654091326500987,0.42654091326500987
2,linear_cv,120,2.0,1200.0,660.0,1200.0306011260964,659.9909973448299,0.030601126096371445,-0.009002655170093021,0.0318979108795173,1.5948955438406343e-05,0.015948955438406343,1.38055710781602,0.0,1.38055710781602,1.1749711093537663,1.1749711093537663
2,linear_cv,120,3.0,1240.0,680.0,1240.0407829198841,679.9886959401201,0.04078291988412275,-0.01130405987987615,0.04232054257736543,2.1160271285524495e-05,0.021160271285524494,4.5972227905824505,0.0,4.5972227905824505,2.1441135209177826,2.1441135209177826
2,linear_cv,120,4.0,1280.0,700.0,1280.0509647136719,699.9863945354103,0.05096471367187405,-0.013605464589659277,0.05274950906270672,2.637475452523769e-05,0.02637475452523769,10.83193419898824,0.0,10.83193419898824,3.2911903923942534,3.2911903923942534
2,linear_cv,120,5.0,1320.0,720.0,1320.0611465074596,719.9840931307006,0.061146507459625354,-0.015906869299442405,0.06318167349334428,3.1590836736163125e-05,0.03159083673616313,21.084691333033387,0.0,21.084691333033387,4.59180697906972,4.59180697906972
2,linear_cv,135,0.5,1160.0,640.0,1159.9830068174845,639.9892066838718,-0.0169931825155345,-0.01079331612822898,0.020131168000147314,1.0065583999733722e-05,0.010065583999733722,0.026894306131107992,0.0,0.026894306131107992,0.16399483568426168,0.16399483568426168
2,linear_cv,135,1.0,1180.0,650.0,1179.9770920225767,649.9867745858708,-0.022907977423301418,-0.013225414129237834,0.026451597466246368,1.3225798732352026e-05,0.013225798732352025,0.1819371114838094,0.0,0.1819371114838094,0.42654086730793966,0.42654086730793966
2,linear_cv,135,2.0,1220.0,670.0,1219.9652624327612,669.9819103898685,-0.034737567238835254,-0.018089610131482914,0.039165451259772936,1.9582725627383253e-05,0.01958272562738325,1.3805569742960409,0.0,1.3805569742960409,1.1749710525353554,1.1749710525353554
2,linear_cv,135,3.0,1260.0,690.0,1259.9534328429456,689.9770461938664,-0.04656715705436909,-0.022953806133614307,0.05191702352933791,2.595851175883829e-05,0.02595851175883829,4.597222506584044,0.0,4.597222506584044,2.1441134546903164,2.1441134546903164
2,linear_cv,135,4.0,1300.0,710.0,1299.9416032531303,709.9721819978643,-0.05839674686967555,-0.0278180021357457,0.0646840110675375,3.2342005522492114e-05,0.03234200552249211,10.831933708347819,0.0,10.831933708347819,3.2911903178558086,3.2911903178558086
2,linear_cv,135,5.0,1340.0,730.0,1339.9297736633148,729.967317801862,-0.07022633668520939,-0.03268219813799078,0.0774587918790067,3.8729395920139096e-05,0.0387293959201391,21.084690579587363,0.0,21.084690579587363,4.591806897027287,4.591806897027287
2,linear_cv,150,0.5,1180.0,650.0,1180.000043177112,650.0401408544022,4.3177112047487753e-05,0.0401408544022388,0.04014087762374832,2.0070438809179222e-05,0.020070438809179223,0.026894302934260268,0.0,0.026894302934260268,0.1639948259374675,0.1639948259374675
2,linear_cv,150,1.0,1200.0,660.0,1200.003001216472,660.058341975827,0.003001216472057422,0.05834197582703382,0.05841911882007762,2.9209559401731627e-05,0.029209559401731627,0.18193710398793245,0.0,0.18193710398793245,0.42654085852111806,0.42654085852111806
2,linear_cv,150,2.0,1240.0,680.0,1240.008917295192,680.0947442186766,0.00891729519207729,0.09474421867662386,0.09516293987780414,4.7581469902993975e-05,0.04758146990299397,1.3805569527522947,0.0,1.3805569527522947,1.174971043367578,1.174971043367578
2,linear_cv,150,3.0,1280.0,700.0,1280.014833373912,700.1311464615262,0.014833373912097159,0.1311464615262139,0.13198266307535542,6.599133144188346e-05,0.06599133144188346,4.597222463726014,0.0,4.597222463726014,2.144113444695969,2.144113444695969
2,linear_cv,150,4.0,1320.0,720.0,1320.0207494526321,720.1675487043759,0.020749452632117027,0.16754870437591762,0.16882863537498935,8.44143174869888e-05,0.0844143174869888,10.83193363690909,0.0,10.83193363690909,3.2911903070027857,3.2911903070027857
2,linear_cv,150,5.0,1360.0,740.0,1360.0266655313521,740.2039509472255,0.026665531352136895,0.20395094722550766,0.20568675075578788,0.00010284337501531071,0.10284337501531071,21.084690472301524,0.0,21.084690472301524,4.591806885344975,4.591806885344975
2,linear_cv,165,0.5,1200.0,660.0,1200.0153810734564,660.010740599311,0.015381073456410377,0.01074059931102056,0.018760007841986292,9.380003920718049e-06,0.009380003920718048,0.02689430280725899,0.0,0.02689430280725899,0.1639948255502563,0.1639948255502563
2,linear_cv,165,1.0,1220.0,670.0,1220.0217015272792,670.0118206163273,0.02170152727921959,0.011820616327327116,0.024712006325035295,1.2356003161888848e-05,0.012356003161888849,0.18193710378596373,0.0,0.18193710378596373,0.42654085828436616,0.42654085828436616
2,linear_cv,165,2.0,1260.0,690.0,1260.034342434925,690.0139806503598,0.03434243492506539,0.01398065035982654,0.037079123790430504,1.853956189309114e-05,0.018539561893091142,1.3805569523176144,0.0,1.3805569523176144,1.174971043182603,1.174971043182603
2,linear_cv,165,3.0,1300.0,710.0,1300.0469833425707,710.0161406843923,0.04698334257068382,0.016140684392325966,0.04967852827698205,2.4839264133382508e-05,0.024839264133382506,4.597222462948253,0.0,4.597222462948253,2.144113444514598,2.144113444514598
2,linear_cv,165,4.0,1340.0,730.0,1340.0596242502165,730.0183007184248,0.05962425021652962,0.01830071842482539,0.062369604045144265,3.118480201246315e-05,0.031184802012463146,10.831933635677881,0.0,10.831933635677881,3.2911903068157393,3.2911903068157393
2,linear_cv,165,5.0,1380.0,750.0,1380.0722651578621,750.0204607524573,0.07226515786214804,0.020460752457324816,0.07510589478836598,3.75529473765303e-05,0.0375529473765303,21.084690470506498,0.0,21.084690470506498,4.5918068851495155,4.5918068851495155
2,linear_cv,180,0.5,1220.0,670.0,1220.0002378596555,669.9978932614204,0.00023785965549905086,-0.0021067385796413873,0.0021201237366398067,1.0600618683195063e-06,0.0010600618683195063,0.02689430278445734,0.0,0.02689430278445734,0.16399482548073688,0.16399482548073688
2,linear_cv,180,1.0,1240.0,680.0,1239.9982413135353,679.9942860543983,-0.0017586864646546019,-0.005713945601655723,0.00597847408789568,2.9892370439389368e-06,0.0029892370439389367,0.18193710370231111,0.0,0.18193710370231111,0.4265408581863068,0.4265408581863068
2,linear_cv,180,2.0,1280.0,700.0,1279.994248221295,699.9870716403543,-0.005751778704961907,-0.012928359645684395,0.0141501039359792,7.07505196787155e-06,0.00707505196787155,1.3805569519945013,0.0,1.3805569519945013,1.1749710430451048,1.1749710430451048
2,linear_cv,180,3.0,1320.0,720.0,1319.9902551290547,719.9798572263102,-0.009744870945269213,-0.020142773689826754,0.022376189167495186,1.1188094583280776e-05,0.011188094583280777,4.597222462228669,0.0,4.597222462228669,2.144113444346793,2.144113444346793
2,linear_cv,180,4.0,1360.0,740.0,1359.9862620368144,739.9726428122661,-0.013737963185576518,-0.027357187733855426,0.03061286254491183,1.5306431271260547e-05,0.015306431271260548,10.831933634404812,0.0,10.831933634404812,3.291190306622334,3.291190306622334
2,linear_cv,180,5.0,1400.0,760.0,1399.9822689445741,759.9654283982221,-0.017731055425883824,-0.0345716017778841,0.038853390791594535,1.942669539335341e-05,0.01942669539335341,21.084690468522933,0.0,21.084690468522933,4.5918068849335265,4.5918068849335265
2,linear_cv,195,0.5,1240.0,680.0,1240.0096428362424,680.022566120159,0.00964283624239215,0.022566120159012826,0.024540050322454446,1.2270025160611458e-05,0.012270025160611459,0.02689430276953758,0.0,0.02689430276953758,0.16399482543524835,0.16399482543524835
2,linear_cv,195,1.0,1260.0,690.0,1260.0134241233768,690.0309097814055,0.013424123376807984,0.03090978140551215,0.03369898626030622,1.6849493128558557e-05,0.016849493128558556,0.18193710366303087,0.0,0.18193710366303087,0.4265408581402617,0.4265408581402617
2,linear_cv,195,2.0,1300.0,710.0,1300.0209866976456,710.0475971038987,0.02098669764563965,0.04759710389873817,0.05201851379669332,2.600925689248173e-05,0.026009256892481732,1.3805569518716465,0.0,1.3805569518716465,1.1749710429928248,1.1749710429928248
2,linear_cv,195,3.0,1340.0,730.0,1340.0285492719145,730.0642844263919,0.02854927191447132,0.0642844263918505,0.07033881150101746,3.516940573600854e-05,0.03516940573600854,4.597222461975768,0.0,4.597222461975768,2.1441134442878176,2.1441134442878176
2,linear_cv,195,4.0,1380.0,750.0,1380.0361118461833,750.080971748885,0.03611184618330299,0.08097174888496284,0.08865940193942216,4.4329700940673324e-05,0.044329700940673324,10.831933633975394,0.0,10.831933633975394,3.2911903065570964,3.2911903065570964
2,linear_cv,195,5.0,1420.0,770.0,1420.0436744204521,770.0976590713781,0.043674420452134655,0.09765907137807517,0.10698013471788964,5.349006730792979e-05,0.05349006730792979,21.084690467870526,0.0,21.084690467870526,4.591806884862486,4.591806884862486
2,linear_cv,210,0.5,1260.0,690.0,1260.0210502528118,689.9999760620589,0.021050252811846804,-2.3937941136864538e-05,0.02105026642272468,1.0525133210973687e-05,0.010525133210973687,0.026894302767915317,0.0,0.026894302767915317,0.16399482543030228,0.16399482543030228
2,linear_cv,210,1.0,1280.0,700.0,1280.0286061779632,699.997830796864,0.028606177963183654,-0.002169203135963471,0.028688305281183966,1.434415263960819e-05,0.01434415263960819,0.18193710365973767,0.0,0.18193710365973767,0.42654085813640136,0.42654085813640136
2,linear_cv,210,2.0,1320.0,720.0,1320.0437180282663,719.9935402664745,0.0437180282663121,-0.0064597335255029975,0.04419269343131929,2.2096346712063475e-05,0.022096346712063474,1.3805569518632097,0.0,1.3805569518632097,1.1749710429892346,1.1749710429892346
2,linear_cv,210,3.0,1360.0,740.0,1360.0588298785692,739.9892497360848,0.05882987856921318,-0.01075026391515621,0.05980403654197498,2.9902018262075384e-05,0.029902018262075385,4.5972224619597855,0.0,4.5972224619597855,2.1441134442840903,2.1441134442840903
2,linear_cv,210,4.0,1400.0,760.0,1400.0739417288721,759.9849592056953,0.07394172887211425,-0.015040794304695737,0.07545597896729869,3.772798946574866e-05,0.03772798946574866,10.831933633949463,0.0,10.831933633949463,3.291190306553157,3.291190306553157
2,linear_cv,210,5.0,1440.0,780.0,1440.089053579175,779.9806686753057,0.08905357917501533,-0.01933132469434895,0.09112760327320735,4.5563801605072614e-05,0.04556380160507261,21.084690467832246,0.0,21.084690467832246,4.591806884858317,4.591806884858317
2,linear_cv,225,0.5,1280.0,700.0,1280.0009786380251,700.0061458422175,0.0009786380251171067,0.00614584221750647,0.006223271562987586,3.1116357814837508e-06,0.0031116357814837507,0.026894302767890305,0.0,0.026894302767890305,0.163994825430226,0.163994825430226
2,linear_cv,225,1.0,1300.0,710.0,1299.9984705561376,710.0078916550317,-0.0015294438624096074,0.007891655031698974,0.008038495982931269,4.019247991443992e-06,0.004019247991443992,0.18193710365965376,0.0,0.18193710365965376,0.426540858136303,0.426540858136303
2,linear_cv,225,2.0,1340.0,730.0,1339.9934543923625,730.0113832806602,-0.006545607637463036,0.01138328066019767,0.013131034153197711,6.565517076504518e-06,0.006565517076504518,1.380556951862837,0.0,1.380556951862837,1.1749710429890758,1.1749710429890758
2,linear_cv,225,3.0,1380.0,750.0,1379.9884382285875,750.0148749062886,-0.011561771412516464,0.014874906288582679,0.01883978225164504,9.419891125543898e-06,0.009419891125543898,4.5972224619588955,0.0,4.5972224619588955,2.144113444283883,2.144113444283883
2,linear_cv,225,4.0,1420.0,770.0,1419.9834220648124,770.0183665319171,-0.016577935187569892,0.018366531917081375,0.024741815409230518,1.2370907703984181e-05,0.01237090770398418,10.831933633947829,0.0,10.831933633947829,3.2911903065529087,3.2911903065529087
2,linear_cv,225,5.0,1460.0,790.0,1459.9784059010374,790.0218581575455,-0.02159409896262332,0.021858157545466383,0.030725952569285765,1.5362976283434222e-05,0.015362976283434223,21.084690467829635,0.0,21.084690467829635,4.591806884858033,4.591806884858033
2,linear_cv,240,0.5,1300.0,710.0,1299.9941437952868,710.0128942180895,-0.005856204713154511,0.012894218089513743,0.014161779329671697,7.0808896647175055e-06,0.007080889664717506,0.02689430276784422,0.0,0.02689430276784422,0.1639948254300855,0.1639948254300855
2,linear_cv,240,1.0,1320.0,720.0,1319.9890457788542,720.0188491110376,-0.010954221145766496,0.018849111037638977,0.02180100795421169,1.0900503976674108e-05,0.010900503976674109,0.18193710365951557,0.0,0.18193710365951557,0.426540858136141,0.426540858136141
2,linear_cv,240,2.0,1360.0,740.0,1359.978849745989,740.0307588969339,-0.021150254010990466,0.030758896933889446,0.03732884923646926,1.8664424616067313e-05,0.018664424616067314,1.3805569518623655,0.0,1.3805569518623655,1.1749710429888753,1.1749710429888753
2,linear_cv,240,3.0,1400.0,760.0,1399.9686537131238,760.04266868283,-0.031346286876214435,0.04266868283002623,0.052945313252216276,2.6472656619924113e-05,0.026472656619924113,4.597222461957892,0.0,4.597222461957892,2.144113444283649,2.144113444283649
2,linear_cv,240,4.0,1440.0,780.0,1439.9584576802586,780.0545784687263,-0.041542319741438405,0.0545784687262767,0.06858989413904257,3.4294947056076025e-05,0.034294947056076025,10.831933633946095,0.0,10.831933633946095,3.2911903065526453,3.2911903065526453
2,linear_cv,240,5.0,1480.0,800.0,1479.9482616473933,800.0664882546225,-0.051738352606662374,0.06648825462252717,0.08424692951794345,4.21234647340573e-05,0.0421234647340573,21.084690467826974,0.0,21.084690467826974,4.591806884857744,4.591806884857744
2,linear_cv,255,0.5,1320.0,720.0,1319.997954730223,720.0042467821402,-0.002045269776999703,0.00424678214017149,0.004713627796802369,2.356813898396821e-06,0.0023568138983968206,0.026894302767832824,0.0,0.026894302767832824,0.16399482543005076,0.16399482543005076
2,linear_cv,255,1.0,1340.0,730.0,1339.9950076978103,730.006299107246,-0.004992302189748443,0.006299107246036328,0.008037526562994021,4.018763281475376e-06,0.004018763281475376,0.18193710365948879,0.0,0.18193710365948879,0.4265408581361096,0.4265408581361096
2,linear_cv,255,2.0,1380.0,750.0,1379.9891136329852,750.0104037574578,-0.010886367014791176,0.010403757457766005,0.015058258731365825,7.529129365540643e-06,0.007529129365540643,1.3805569518622884,0.0,1.3805569518622884,1.1749710429888425,1.1749710429888425
2,linear_cv,255,3.0,1420.0,770.0,1419.98321956816,770.0145084076695,-0.016780431840061283,0.014508407669495682,0.02218280383186994,1.1091401915480151e-05,0.01109140191548015,4.597222461957738,0.0,4.597222461957738,2.144113444283613,2.144113444283613
2,linear_cv,255,4.0,1460.0,790.0,1459.9773255033347,790.0186130578812,-0.02267449666533139,0.01861305788122536,0.02933562207821695,1.4667811038056574e-05,0.014667811038056575,10.83193363394584,0.0,10.83193363394584,3.2911903065526062,3.2911903065526062
2,linear_cv,255,5.0,1500.0,810.0,1499.9714314385094,810.0227177080931,-0.028568561490601496,0.022717708093068723,0.03650009543335687,1.8250047714652287e-05,0.018250047714652287,21.08469046782659,0.0,21.08469046782659,4.591806884857702,4.591806884857702
2,linear_cv,270,0.5,1340.0,730.0,1340.008413808577,729.982512306993,0.008413808576960946,-0.01748769300695585,0.019406482975420202,9.703241487405573e-06,0.009703241487405572,0.026894302767832362,0.0,0.026894302767832362,0.16399482543004934,0.16399482543004934
2,linear_cv,270,1.0,1360.0,740.0,1360.0116166377813,739.9763132943677,0.011616637781344252,-0.023686705632258054,0.026381931260849728,1.3190965629659782e-05,0.013190965629659782,0.18193710365948806,0.0,0.18193710365948806,0.42654085813610876,0.42654085813610876
2,linear_cv,270,2.0,1400.0,760.0,1400.0180222961897,759.9639152691173,0.018022296189656117,-0.03608473088274877,0.040334984353884364,2.0167492174207956e-05,0.020167492174207956,1.3805569518622869,0.0,1.3805569518622869,1.1749710429888418,1.1749710429888418
2,linear_cv,270,3.0,1440.0,780.0,1440.0244279545982,779.9515172438666,0.024427954598195356,-0.04848275613335318,0.05428906527227825,2.7144532629472198e-05,0.0271445326294722,4.5972224619577355,0.0,4.5972224619577355,2.1441134442836125,2.1441134442836125
2,linear_cv,270,4.0,1480.0,800.0,1480.0308336130067,799.939119218616,0.030833613006734595,-0.06088078138395758,0.06824354352589194,3.412177174970336e-05,0.034121771749703364,10.831933633945834,0.0,10.831933633945834,3.2911903065526054,3.2911903065526054
2,linear_cv,270,5.0,1520.0,820.0,1520.037239271415,819.9267211933654,0.03723927141504646,-0.07327880663456199,0.0821982167526098,4.109910835316423e-05,0.04109910835316423,21.084690467826583,0.0,21.084690467826583,4.591806884857701,4.591806884857701
2,linear_cv,285,0.5,1360.0,740.0,1359.9815196347292,740.0162582342613,-0.018480365270761467,0.016258234261272264,0.02461410331162145,1.2307051655189369e-05,0.01230705165518937,0.026894302767832282,0.0,0.026894302767832282,0.16399482543004912,0.16399482543004912
2,linear_cv,285,1.0,1380.0,750.0,1379.9747596136137,750.025547576528,-0.02524038638625825,0.025547576527969795,0.03591316988766216,1.795658494190111e-05,0.01795658494190111,0.18193710365948776,0.0,0.18193710365948776,0.4265408581361084,0.4265408581361084
2,linear_cv,285,2.0,1420.0,770.0,1419.9612395713827,770.0441262610615,-0.03876042861725182,0.044126261061478544,0.05873242496150514,2.9366212472311012e-05,0.029366212472311012,1.3805569518622858,0.0,1.3805569518622858,1.1749710429888414,1.1749710429888414
2,linear_cv,285,3.0,1460.0,790.0,1459.9477195291518,790.0627049455949,-0.052280470848245386,0.0627049455948736,0.0816404178956128,4.0820208925133635e-05,0.04082020892513363,4.597222461957733,0.0,4.597222461957733,2.1441134442836116,2.1441134442836116
2,linear_cv,285,4.0,1500.0,810.0,1499.9341994869208,810.0812836301284,-0.06580051307923895,0.08128363012838236,0.1045788508654535,5.228942538507045e-05,0.05228942538507045,10.83193363394583,0.0,10.83193363394583,3.291190306552605,3.291190306552605
2,linear_cv,285,5.0,1540.0,830.0,1539.92067944469,830.0998623146618,-0.07932055531000515,0.09986231466177742,0.12753129962599546,6.376564972657279e-05,0.0637656497265728,21.084690467826576,0.0,21.084690467826576,4.5918068848577,4.5918068848577
3,linear_cv,60,0.5,1060.0,590.0,1060.005257130729,590.0019227363907,0.005257130728978154,0.0019227363907248218,0.0055977083462595565,2.79885417312247e-06,0.00279885417312247,0.026905574491387148,0.0,0.026905574491387148,0.16402918792515905,0.16402918792515905
3,linear_cv,60,1.0,1080.0,600.0,1080.0080047912556,600.0018187001695,0.008004791255643795,0.0018187001694514038,0.008208797314637141,4.104398657295523e-06,0.004104398657295523,0.1819731994633959,0.0,0.1819731994633959,0.4265831682842115,0.4265831682842115
3,linear_cv,60,2.0,1120.0,620.0,1120.013500112309,620.0016106277271,0.013500112308975076,0.0016106277271319414,0.01359585061812414,6.797925308957355e-06,0.006797925308957355,1.3806867190559946,0.0,1.3806867190559946,1.1750262631345711,1.1750262631345711
3,linear_cv,60,3.0,1160.0,640.0,1160.018995433362,640.0014025552848,0.018995433362078984,0.001402555284812479,0.019047142828785075,9.523571414104613e-06,0.009523571414104613,4.597504598180035,0.0,4.597504598180035,2.144179236486548,2.144179236486548
3,linear_cv,60,4.0,1200.0,660.0,1200.0244907544154,660.0011944828424,0.024490754415410265,0.0011944828423793297,0.024519866253645755,1.225993312620863e-05,0.012259933126208631,10.832426836835518,0.0,10.832426836835518,3.2912652334376697,3.2912652334376697
3,linear_cv,60,5.0,1240.0,680.0,1240.0299860754687,680.0009864104,0.029986075468741547,0.0009864103999461804,0.030002295370424335,1.500114768408691e-05,0.01500114768408691,21.08545343502244,0.0,21.08545343502244,4.591889963296425,4.591889963296425
3,linear_cv,75,0.5,1080.0,600.0,1080.0045210557403,600.0125128661542,0.0045210557402697304,0.012512866154224866,0.013304576821536717,6.652288410670231e-06,0.006652288410670231,0.026898992663005855,0.0,0.026898992663005855,0.1640091237187915,0.1640091237187915
3,linear_cv,75,1.0,1100.0,610.0,1100.0074362815358,610.0174285225066,0.007436281535774469,0.01742852250663418,0.01894865905133011,9.474329525381573e-06,0.009474329525381573,0.181949164069561,0.0,0.181949164069561,0.42655499536350644,0.42655499536350644
3,linear_cv,75,2.0,1140.0,630.0,1140.0132667331266,630.0272598352115,0.013266733126556574,0.02725983521145281,0.030316741639015824,1.5158370818346901e-05,0.015158370818346902,1.3805941441614513,0.0,1.3805941441614513,1.1749868697825738,1.1749868697825738
3,linear_cv,75,3.0,1180.0,650.0,1180.0190971847176,650.0370911479162,0.01909718471756605,0.03709114791615775,0.04171876937153266,2.0859384682740928e-05,0.020859384682740928,4.5972986406250484,0.0,4.5972986406250484,2.144131208817466,2.144131208817466
3,linear_cv,75,4.0,1220.0,670.0,1220.0249276363083,670.046922460621,0.024927636308348156,0.04692246062097638,0.053132893414986886,2.6566446701243455e-05,0.026566446701243456,10.832062653460351,0.0,10.832062653460351,3.291209907231739,3.291209907231739
3,linear_cv,75,5.0,1260.0,690.0,1260.0307580878994,690.0567537733258,0.030758087899357633,0.05675377332579501,0.06455269752644216,3.227634875201299e-05,0.03227634875201299,21.08488618266736,0.0,21.08488618266736,4.5918281961183345,4.5918281961183345
3,linear_cv,90,0.5,1100.0,610.0,1099.988859102102,609.9927470127598,-0.011140897898030744,-0.007252987240235598,0.013293811713777439,6.64690585679083e-06,0.00664690585679083,0.026894777890408124,0.0,0.026894777890408124,0.16399627401379618,0.16399627401379618
3,linear_cv,90,1.0,1120.0,620.0,1119.9855024400981,619.9895566939588,-0.014497559901883506,-0.010443306041224787,0.017867341273378717,8.933670636451692e-06,0.008933670636451691,0.18193808888525917,0.0,0.18193808888525917,0.4265420130365345,0.4265420130365345
3,linear_cv,90,2.0,1160.0,640.0,1159.9787891160902,639.9831760563566,-0.021210883909816403,-0.01682394364343054,0.027072987939143978,1.3536493968745194e-05,0.013536493968745194,1.380559551442633,0.0,1.380559551442633,1.174972149219986,1.174972149219986
3,linear_cv,90,3.0,1200.0,660.0,1199.9720757920823,659.9767954187545,-0.0279242079177493,-0.023204581245522604,0.03630721661892787,1.815360830746974e-05,0.018153608307469742,4.597227468090236,0.0,4.597227468090236,2.144114611696454,2.144114611696454
3,linear_cv,90,4.0,1240.0,680.0,1239.965362468074,679.9704147811524,-0.03463753192590957,-0.02958521884761467,0.045552648574804726,2.2776324283463872e-05,0.02277632428346387,10.831941838828067,0.0,10.831941838828067,3.2911915530439835,3.2911915530439835
3,linear_cv,90,5.0,1280.0,700.0,1279.9586491440662,699.9640341435503,-0.04135085593384247,-0.035965856449706735,0.054803614083583085,2.7401807034933246e-05,0.027401807034933248,21.084702663656127,0.0,21.084702663656127,4.59180821285647,4.59180821285647
3,linear_cv,105,0.5,1120.0,620.0,1119.9882492190698,620.0206582025894,-0.0117507809302424,0.020658202589402208,0.023766408788357833,1.1883204393619571e-05,0.01188320439361957,0.02689432630076509,0.0,0.02689432630076509,0.1639948971790436,0.1639948971790436
3,linear_cv,105,1.0,1140.0,630.0,1139.9855302396047,630.0323518730571,-0.014469760395286357,0.032351873057109515,0.035440339391720366,1.7720169694005446e-05,0.017720169694005448,0.18193717492667874,0.0,0.18193717492667874,0.4265409416769728,0.4265409416769728
3,linear_cv,105,2.0,1180.0,650.0,1179.9800922806746,650.0557392139928,-0.019907719325374273,0.0557392139927515,0.05918764453217939,2.9593822257450326e-05,0.029593822257450327,1.3805572158828643,0.0,1.3805572158828643,1.174971155340787,1.174971155340787
3,linear_cv,105,3.0,1220.0,670.0,1219.9746543217445,670.0791265549283,-0.02534567825546219,0.0791265549282798,0.08308679257889,4.154339626554572e-05,0.04154339626554572,4.597223048444861,0.0,4.597223048444861,2.144113581050421,2.144113581050421
3,linear_cv,105,4.0,1260.0,690.0,1259.9692163628142,690.1025138958639,-0.03078363718577748,0.10251389586392179,0.10703612083584019,5.351806036682493e-05,0.053518060366824924,10.831934672612668,0.0,10.831934672612668,3.291190464347615,3.291190464347615
3,linear_cv,105,5.0,1300.0,710.0,1299.9637784038841,710.1259012367995,-0.036221596115865395,0.1259012367994501,0.13100811216414074,6.550405598838251e-05,0.0655040559883825,21.084692088386284,0.0,21.084692088386284,4.591807061319789,4.591807061319789
3,linear_cv,120,0.5,1140.0,630.0,1140.0168511525312,630.0211430649607,0.01685115253121694,0.021143064960710944,0.027036836678191147,1.3518418338272086e-05,0.013518418338272086,0.02689431924017275,0.0,0.02689431924017275,0.16399487565217624,0.16399487565217624
3,linear_cv,120,1.0,1160.0,640.0,1160.0260605278504,640.0294513220227,0.02606052785040447,0.02945132202273726,0.03932596446024783,1.9662982227589796e-05,0.019662982227589797,0.18193715068894867,0.0,0.18193715068894867,0.42654091326500987,0.42654091326500987
3,linear_cv,120,2.0,1200.0,660.0,1200.0444792784888,660.0460678361469,0.04447927848877953,0.046067836146903574,0.06403633142318789,3.2018165700652666e-05,0.03201816570065267,1.38055710781602,0.0,1.38055710781602,1.1749711093537663,1.1749711093537663
3,linear_cv,120,3.0,1240.0,680.0,1240.062898029127,680.0626843502711,0.06289802912692721,0.06268435027106989,0.08880028061305867,4.4400140277352934e-05,0.04440014027735294,4.5972227905824505,0.0,4.5972227905824505,2.1441135209177826,2.1441135209177826
3,linear_cv,120,4.0,1280.0,700.0,1280.0813167797653,700.0793008643952,0.08131677976530227,0.0793008643952362,0.1135827705474308,5.679138521265971e-05,0.05679138521265971,10.83193419898824,0.0,10.83193419898824,3.2911903923942534,3.2911903923942534
3,linear_cv,120,5.0,1320.0,720.0,1320.0997355304037,720.0959173785194,0.09973553040367733,0.09591737851940252,0.13837383974919965,6.918691976420448e-05,0.06918691976420448,21.084691333033387,0.0,21.084691333033387,4.59180697906972,4.59180697906972
3,linear_cv,135,0.5,1160.0,640.0,1159.99570460422,639.975880173332,-0.00429539577999094,-0.0241198266679703,0.02449931557002553,1.2249657784400061e-05,0.012249657784400061,0.026894306131107992,0.0,0.026894306131107992,0.16399483568426168,0.16399483568426168
3,linear_cv,135,1.0,1180.0,650.0,1179.993524191625,649.9610429863812,-0.006475808374943881,-0.03895701361875581,0.039491581434540186,1.9745790714703825e-05,0.019745790714703827,0.1819371114838094,0.0,0.1819371114838094,0.42654086730793966,0.42654086730793966
3,linear_cv,135,2.0,1220.0,670.0,1219.989163366435,669.9313686124798,-0.010836633565077136,-0.06863138752021314,0.06948165211027602,3.474082604116148e-05,0.03474082604116148,1.3805569742960409,0.0,1.3805569742960409,1.1749710525353554,1.1749710525353554
3,linear_cv,135,3.0,1260.0,690.0,1259.984802541245,689.9016942385783,-0.015197458754983018,-0.09830576142167047,0.09947354161435996,4.973677076616793e-05,0.04973677076616793,4.597222506584044,0.0,4.597222506584044,2.1441134546903164,2.1441134546903164
3,linear_cv,135,4.0,1300.0,710.0,1299.980441716055,709.8720198646769,-0.0195582839448889,-0.1279801353231278,0.1294659859121113,6.473299286563746e-05,0.06473299286563745,10.831933708347819,0.0,10.831933708347819,3.2911903178558086,3.2911903178558086
3,linear_cv,135,5.0,1340.0,730.0,1339.9760808908652,729.8423454907754,-0.02391910913479478,-0.15765450922458513,0.15945867195184782,7.972933580698364e-05,0.07972933580698364,21.084690579587363,0.0,21.084690579587363,4.591806897027287,4.591806897027287
3,linear_cv,150,0.5,1180.0,650.0,1179.9781715607965,649.9908911750856,-0.021828439203545713,-0.009108824914392244,0.023652726045509942,1.1826363022203615e-05,0.011826363022203615,0.026894302934260268,0.0,0.026894302934260268,0.1639948259374675,0.1639948259374675
3,linear_cv,150,1.0,1200.0,660.0,1199.9694283269139,659.9870842074375,-0.03057167308611497,-0.012915792562466777,0.03318802333374132,1.659401166534755e-05,0.01659401166534755,0.18193710398793245,0.0,0.18193710398793245,0.42654085852111806,0.42654085852111806
3,linear_cv,150,2.0,1240.0,680.0,1239.9519418591485,679.9794702721412,-0.04805814085148086,-0.020529727858843216,0.05225949318601297,2.612974658705967e-05,0.02612974658705967,1.3805569527522947,0.0,1.3805569527522947,1.174971043367578,1.174971043367578
3,linear_cv,150,3.0,1280.0,700.0,1279.9344553913832,699.9718563368449,-0.06554460861684674,-0.02814366315510597,0.07133135001192456,3.566567499083956e-05,0.03566567499083956,4.597222463726014,0.0,4.597222463726014,2.144113444695969,2.144113444695969
3,linear_cv,150,4.0,1320.0,720.0,1319.9169689236178,719.9642424015485,-0.08303107638221263,-0.03575759845148241,0.09040334889928738,4.520167441885846e-05,0.045201674418858466,10.83193363690909,0.0,10.83193363690909,3.2911903070027857,3.2911903070027857
3,linear_cv,150,5.0,1360.0,740.0,1359.8994824558522,739.9566284662523,-0.10051754414780589,-0.04337153374774516,0.10947541560157652,5.473770774611958e-05,0.05473770774611958,21.084690472301524,0.0,21.084690472301524,4.591806885344975,4.591806885344975
3,linear_cv,165,0.5,1200.0,660.0,1200.0077684451837,659.9972847100449,0.007768445183728545,-0.0027152899550628717,0.008229309819946054,4.114654909949806e-06,0.004114654909949806,0.02689430280725899,0.0,0.02689430280725899,0.1639948255502563,0.1639948255502563
3,linear_cv,165,1.0,1220.0,670.0,1220.013537447999,670.0003683170484,0.013537447998942298,0.00036831704835549317,0.01354245752336614,6.771228761579583e-06,0.006771228761579583,0.18193710378596373,0.0,0.18193710378596373,0.42654085828436616,0.42654085828436616
3,linear_cv,165,2.0,1260.0,690.0,1260.0250754536294,690.0065355310551,0.025075453629369804,0.006535531055078536,0.02591315381983774,1.2956576909193851e-05,0.012956576909193851,1.3805569523176144,0.0,1.3805569523176144,1.174971043182603,1.174971043182603
3,linear_cv,165,3.0,1300.0,710.0,1300.0366134592598,710.0127027450618,0.03661345925979731,0.01270274506180158,0.038754420793942486,1.9377210394546014e-05,0.019377210394546013,4.597222462948253,0.0,4.597222462948253,2.144113444514598,2.144113444514598
3,linear_cv,165,4.0,1340.0,730.0,1340.0481514648902,730.0188699590685,0.048151464890224815,0.018869959068524622,0.051716911415148795,2.5858455701810893e-05,0.025858455701810893,10.831933635677881,0.0,10.831933635677881,3.2911903068157393,3.2911903068157393
3,linear_cv,165,5.0,1380.0,750.0,1380.0596894705209,750.0250371730751,0.059689470520879695,0.02503717307513398,0.06472783733956496,3.2363918658482904e-05,0.032363918658482906,21.084690470506498,0.0,21.084690470506498,4.5918068851495155,4.5918068851495155
3,linear_cv,180,0.5,1220.0,670.0,1220.0099353689002,670.015045339629,0.009935368900187314,0.015045339628954935,0.018029803097466456,9.014901548489018e-06,0.009014901548489017,0.02689430278445734,0.0,0.02689430278445734,0.16399482548073688,0.16399482548073688
3,linear_cv,180,1.0,1240.0,680.0,1240.0169477086545,680.0240654222014,0.01694770865447026,0.02406542220137453,0.029434153196027508,1.471707659695122e-05,0.014717076596951218,0.18193710370231111,0.0,0.18193710370231111,0.4265408581863068,0.4265408581863068
3,linear_cv,180,2.0,1280.0,700.0,1280.030972388163,700.0421055873461,0.030972388163036157,0.04210558734610004,0.05227015701413037,2.613507850111473e-05,0.02613507850111473,1.3805569519945013,0.0,1.3805569519945013,1.1749710430451048,1.1749710430451048
3,linear_cv,180,3.0,1320.0,720.0,1320.0449970676716,720.0601457524909,0.04499706767160205,0.06014575249093923,0.07511489627060705,3.7557448117644486e-05,0.037557448117644485,4.597222462228669,0.0,4.597222462228669,2.144113444346793,2.144113444346793
3,linear_cv,180,4.0,1360.0,740.0,1360.0590217471802,740.0781859176357,0.05902174718016795,0.07818591763566474,0.09796225985924689,4.89811298904524e-05,0.048981129890452405,10.831933634404812,0.0,10.831933634404812,3.291190306622334,3.291190306622334
3,linear_cv,180,5.0,1400.0,760.0,1400.0730464266887,760.0962260827805,0.07304642668873385,0.09622608278050393,0.12081075887218391,6.040537936262271e-05,0.06040537936262271,21.084690468522933,0.0,21.084690468522933,4.5918068849335265,4.5918068849335265
3,linear_cv,195,0.5,1240.0,680.0,1240.014501211385,680.0057597147132,0.014501211385095303,0.005759714713235553,0.015603187021024895,7.801593510354165e-06,0.007801593510354165,0.02689430276953758,0.0,0.02689430276953758,0.16399482543524835,0.16399482543524835
3,linear_cv,195,1.0,1260.0,690.0,1260.0193963562992,690.0096219469227,0.019396356299239415,0.009621946922720781,0.02165180131699671,1.0825900658075422e-05,0.010825900658075422,0.18193710366303087,0.0,0.18193710366303087,0.4265408581402617,0.4265408581402617
3,linear_cv,195,2.0,1300.0,710.0,1300.029186646127,710.0173464113416,0.02918664612707289,0.01734641134157755,0.03395229445233693,1.6976147224537684e-05,0.016976147224537684,1.3805569518716465,0.0,1.3805569518716465,1.1749710429928248,1.1749710429928248
3,linear_cv,195,3.0,1340.0,730.0,1340.0389769359551,730.0250708757605,0.03897693595513374,0.025070875760548006,0.04634382750541253,2.3171913748558973e-05,0.023171913748558974,4.597222461975768,0.0,4.597222461975768,2.1441134442878176,2.1441134442878176
3,linear_cv,195,4.0,1380.0,750.0,1380.048767225783,750.0327953401794,0.048767225782967216,0.032795340179404775,0.05876884079212201,2.9384420387603738e-05,0.02938442038760374,10.831933633975394,0.0,10.831933633975394,3.2911903065570964,3.2911903065570964
3,linear_cv,195,5.0,1420.0,770.0,1420.058557515611,770.0405198045984,0.058557515611028066,0.04051980459837523,0.07120981111635044,3.5604905543129664e-05,0.035604905543129665,21.084690467870526,0.0,21.084690467870526,4.591806884862486,4.591806884862486
3,linear_cv,210,0.5,1260.0,690.0,1260.0149157139385,689.9830369219195,0.014915713938535191,-0.016963078080493688,0.022588150439138182,1.1294075219088881e-05,0.011294075219088881,0.026894302767915317,0.0,0.026894302767915317,0.16399482543030228,0.16399482543030228
3,linear_cv,210,1.0,1280.0,700.0,1280.0195441079413,699.9752557809799,0.019544107941328548,-0.02474421902013546,0.031531706743193194,1.5765853370290332e-05,0.015765853370290333,0.18193710365973767,0.0,0.18193710365973767,0.42654085813640136,0.42654085813640136
3,linear_cv,210,2.0,1320.0,720.0,1320.0288008959467,719.9596934991006,0.028800895946687888,-0.04030650089941901,0.049538930368820115,2.4769465179344486e-05,0.024769465179344488,1.3805569518632097,0.0,1.3805569518632097,1.1749710429892346,1.1749710429892346
3,linear_cv,210,3.0,1360.0,740.0,1360.038057683952,739.9441312172213,0.03805768395204723,-0.05586878277870255,0.06759961684039166,3.379980840732456e-05,0.033799808407324564,4.5972224619597855,0.0,4.5972224619597855,2.1441134442840903,2.1441134442840903
3,linear_cv,210,4.0,1400.0,760.0,1400.0473144719572,759.928568935342,0.047314471957179194,-0.0714310646579861,0.08567996413841504,4.283998204299996e-05,0.04283998204299996,10.831933633949463,0.0,10.831933633949463,3.291190306553157,3.291190306553157
3,linear_cv,210,5.0,1440.0,780.0,1440.0565712599625,779.9130066534627,0.056571259962538534,-0.08699334653726964,0.10376969594010864,5.188484792349567e-05,0.051884847923495674,21.084690467832246,0.0,21.084690467832246,4.591806884858317,4.591806884858317
3,linear_cv,225,0.5,1280.0,700.0,1279.991428238128,699.9870285896202,-0.008571761871962735,-0.012971410379805093,0.0155477518899341,7.773875944810451e-06,0.007773875944810452,0.026894302767890305,0.0,0.026894302767890305,0.163994825430226,0.163994825430226
3,linear_cv,225,1.0,1300.0,710.0,1299.9846850823574,709.9839964349907,-0.015314917642626824,-0.016003565009327758,0.022150864439299478,1.1075432219196883e-05,0.011075432219196884,0.18193710365965376,0.0,0.18193710365965376,0.426540858136303,0.426540858136303
3,linear_cv,225,2.0,1340.0,730.0,1339.9711987708156,729.9779321257317,-0.02880122918440975,-0.022067874268259402,0.036283630982201893,1.8141815489110635e-05,0.018141815489110636,1.380556951862837,0.0,1.380556951862837,1.1749710429890758,1.1749710429890758
3,linear_cv,225,3.0,1380.0,750.0,1379.9577124592738,749.9718678164727,-0.042287540726192674,-0.028132183527304733,0.05079031256729338,2.5395156278187463e-05,0.025395156278187465,4.5972224619588955,0.0,4.5972224619588955,2.144113444283883,2.144113444283883
3,linear_cv,225,4.0,1420.0,770.0,1419.9442261477323,769.9658035072136,-0.055773852267748225,-0.03419649278635006,0.06542264681034768,3.271132339350647e-05,0.03271132339350647,10.831933633947829,0.0,10.831933633947829,3.2911903065529087,3.2911903065529087
3,linear_cv,225,5.0,1460.0,790.0,1459.9307398361907,789.9597391979546,-0.06926016380930378,-0.040260802045395394,0.08011181231397843,4.005590613556631e-05,0.04005590613556631,21.084690467829635,0.0,21.084690467829635,4.591806884858033,4.591806884858033
3,linear_cv,240,0.5,1300.0,710.0,1300.0003708992238,710.0026759990683,0.0003708992237534403,0.002675999068287638,0.0027015805091940553,1.350790254596206e-06,0.001350790254596206,0.02689430276784422,0.0,0.02689430276784422,0.1639948254300855,0.1639948254300855
3,linear_cv,240,1.0,1320.0,720.0,1319.9999011085588,720.0079434581386,-9.88914412118902e-05,0.007943458138583992,0.007944073685243688,3.972036842600955e-06,0.003972036842600955,0.18193710365951557,0.0,0.18193710365951557,0.426540858136141,0.426540858136141
3,linear_cv,240,2.0,1360.0,740.0,1359.998961527229,740.0184783762792,-0.0010384727709151775,0.0184783762791767,0.018507534022953256,9.253767011212488e-06,0.009253767011212487,1.3805569518623655,0.0,1.3805569518623655,1.1749710429888753,1.1749710429888753
3,linear_cv,240,3.0,1400.0,760.0,1399.9980219458992,760.0290132944198,-0.0019780541008458385,0.02901329441976941,0.02908064564472556,1.454032282133807e-05,0.01454032282133807,4.597222461957892,0.0,4.597222461957892,2.144113444283649,2.144113444283649
3,linear_cv,240,4.0,1440.0,780.0,1439.9970823645695,780.0395482125604,-0.002917635430549126,0.03954821256036212,0.03965568954418999,1.9827844769496602e-05,0.019827844769496603,10.831933633946095,0.0,10.831933633946095,3.2911903065526453,3.2911903065526453
3,linear_cv,240,5.0,1480.0,800.0,1479.9961427832395,800.050083130701,-0.003857216760479787,0.050083130700954825,0.05023144534996231,2.5115722669700156e-05,0.025115722669700156,21.084690467826974,0.0,21.084690467826974,4.591806884857744,4.591806884857744
3,linear_cv,255,0.5,1320.0,720.0,1320.0088089092658,720.0112349792141,0.00880890926578104,0.011234979214123086,0.014276611656641111,7.1383058281993105e-06,0.0071383058281993105,0.026894302767832824,0.0,0.026894302767832824,0.16399482543005076,0.16399482543005076
3,linear_cv,255,1.0,1340.0,730.0,1340.0149412938454,730.0158391559836,0.014941293845367909,0.015839155983599085,0.021774322585247325,1.088716129219351e-05,0.01088716129219351,0.18193710365948879,0.0,0.18193710365948879,0.4265408581361096,0.4265408581361096
3,linear_cv,255,2.0,1380.0,750.0,1380.0272060630048,750.0250475095226,0.02720606300476902,0.02504750952255108,0.036980367730753416,1.8490183863269523e-05,0.018490183863269522,1.3805569518622884,0.0,1.3805569518622884,1.1749710429888425,1.1749710429888425
3,linear_cv,255,3.0,1420.0,770.0,1420.039470832164,770.0342558630615,0.03947083216394276,0.03425586306150308,0.05226290028119937,2.6131450134651708e-05,0.026131450134651707,4.597222461957738,0.0,4.597222461957738,2.144113444283613,2.144113444283613
3,linear_cv,255,4.0,1460.0,790.0,1460.0517356013231,790.0434642166005,0.0517356013231165,0.043464216600455075,0.06757004194874922,3.378502096152023e-05,0.03378502096152023,10.83193363394584,0.0,10.83193363394584,3.2911903065526062,3.2911903065526062
3,linear_cv,255,5.0,1500.0,810.0,1500.0640003704825,810.0526725701394,0.06400037048251761,0.05267257013940707,0.08288815999278949,4.144407997266647e-05,0.04144407997266647,21.08469046782659,0.0,21.08469046782659,4.591806884857702,4.591806884857702
3,linear_cv,270,0.5,1340.0,730.0,1339.9963287475355,730.028239757019,-0.003671252464528152,0.028239757019036915,0.028477394037245553,1.4238697017660523e-05,0.014238697017660524,0.026894302767832362,0.0,0.026894302767832362,0.16399482543004934,0.16399482543004934
3,linear_cv,270,1.0,1360.0,740.0,1359.9962632106199,740.0371277859608,-0.0037367893801274477,0.03712778596081989,0.0373153599101481,1.8657679952909083e-05,0.01865767995290908,0.18193710365948806,0.0,0.18193710365948806,0.42654085813610876,0.42654085813610876
3,linear_cv,270,2.0,1400.0,760.0,1399.9961321367891,760.0549038438443,-0.003867863210871292,0.05490384384427216,0.05503991673952854,2.7519958362816872e-05,0.02751995836281687,1.3805569518622869,0.0,1.3805569518622869,1.1749710429888418,1.1749710429888418
3,linear_cv,270,3.0,1440.0,780.0,1439.9960010629582,780.0726799017277,-0.00399893704184251,0.07267990172772443,0.07278983179412012,3.639491588099061e-05,0.03639491588099061,4.5972224619577355,0.0,4.5972224619577355,2.1441134442836125,2.1441134442836125
3,linear_cv,270,4.0,1480.0,800.0,1479.9958699891274,800.0904559596113,-0.004130010872586354,0.09045595961129038,0.09055019392031737,4.5275096929223195e-05,0.04527509692922319,10.831933633945834,0.0,10.831933633945834,3.2911903065526054,3.2911903065526054
3,linear_cv,270,5.0,1520.0,820.0,1519.9957389152964,820.1082320174949,-0.004261084703557572,0.10823201749485634,0.10831586427600427,5.415793208505226e-05,0.054157932085052256,21.084690467826583,0.0,21.084690467826583,4.591806884857701,4.591806884857701
3,linear_cv,285,0.5,1360.0,740.0,1360.000896109372,740.007773896817,0.000896109371979037,0.007773896816956949,0.007825374350613652,3.91268717528686e-06,0.00391268717528686,0.026894302767832282,0.0,0.026894302767832282,0.16399482543004912,0.16399482543004912
3,linear_cv,285,1.0,1380.0,750.0,1380.0019707742385,750.0063482971117,0.0019707742385435267,0.006348297111685497,0.006647166863976053,3.323583431975789e-06,0.003323583431975789,0.18193710365948776,0.0,0.18193710365948776,0.4265408581361084,0.4265408581361084
3,linear_cv,285,2.0,1420.0,770.0,1420.0041201039721,770.0034970977013,0.004120103972127254,0.00349709770125628,0.005404160348589846,2.7020801742883468e-06,0.0027020801742883467,1.3805569518622858,0.0,1.3805569518622858,1.1749710429888414,1.1749710429888414
3,linear_cv,285,3.0,1460.0,790.0,1460.0062694337055,790.0006458982907,0.006269433705483607,0.0006458982907133759,0.006302617201560029,3.151308600769583e-06,0.0031513086007695828,4.597222461957733,0.0,4.597222461957733,2.1441134442836116,2.1441134442836116
3,linear_cv,285,4.0,1500.0,810.0,1500.008418763439,809.9977946988802,0.008418763439067334,-0.002205301119829528,0.0087028116647494,4.351405832347236e-06,0.0043514058323472354,10.83193363394583,0.0,10.83193363394583,3.291190306552605,3.291190306552605
3,linear_cv,285,5.0,1540.0,830.0,1540.0105680931724,829.9949434994697,0.010568093172423687,-0.005056500530258745,0.011715493626541526,5.857746813203763e-06,0.0058577468132037635,21.084690467826576,0.0,21.084690467826576,4.5918068848577,4.5918068848577
4,linear_cv,60,0.5,1060.0,590.0,1060.022894421142,590.0055124509876,0.022894421141927523,0.005512450987566808,0.02354870772068532,1.1774353859798545e-05,0.011774353859798546,0.026905574491387148,0.0,0.026905574491387148,0.16402918792515905,0.16402918792515905
4,linear_cv,60,1.0,1080.0,600.0,1080.0318353591429,600.0079518066735,0.0318353591428604,0.007951806673531792,0.03281343202300134,1.640671601002855e-05,0.01640671601002855,0.1819731994633959,0.0,0.1819731994633959,0.4265831682842115,0.4265831682842115
4,linear_cv,60,2.0,1120.0,620.0,1120.049717235145,620.0128305180455,0.04971723514495352,0.012830518045461758,0.05134613582124288,2.5673067904981015e-05,0.025673067904981015,1.3806867190559946,0.0,1.3806867190559946,1.1750262631345711,1.1750262631345711
4,linear_cv,60,3.0,1160.0,640.0,1160.067599111147,640.0177092294174,0.06759911114704664,0.017709229417391725,0.06988030219188078,3.4940151081721916e-05,0.03494015108172192,4.597504598180035,0.0,4.597504598180035,2.144179236486548,2.144179236486548
4,linear_cv,60,4.0,1200.0,660.0,1200.0854809871491,660.0225879407893,0.08548098714913976,0.022587940789321692,0.08841501135606612,4.420750564923477e-05,0.04420750564923477,10.832426836835518,0.0,10.832426836835518,3.2912652334376697,3.2912652334376697
4,linear_cv,60,5.0,1240.0,680.0,1240.1033628631512,680.0274666521613,0.10336286315123289,0.02746665216125166,0.10694998111158173,5.3474990504818956e-05,0.05347499050481896,21.08545343502244,0.0,21.08545343502244,4.591889963296425,4.591889963296425
4,linear_cv,75,0.5,1080.0,600.0,1079.9921931006868,599.9888236226037,-0.007806899313209215,-0.011176377396282078,0.01363301465526651,6.816507327527679e-06,0.00681650732752768,0.026898992663005855,0.0,0.026898992663005855,0.1640091237187915,0.1640091237187915
4,linear_cv,75,1.0,1100.0,610.0,1099.9881328927663,609.9843067608778,-0.011867107233683782,-0.01569323912224263,0.019675009231094064,9.837504615229685e-06,0.009837504615229685,0.181949164069561,0.0,0.181949164069561,0.42655499536350644,0.42655499536350644
4,linear_cv,75,2.0,1140.0,630.0,1139.9800124769254,629.9752730374261,-0.019987523074632918,-0.024726962573936362,0.0317950272337017,1.5897513615511586e-05,0.015897513615511585,1.3805941441614513,0.0,1.3805941441614513,1.1749868697825738,1.1749868697825738
4,linear_cv,75,3.0,1180.0,650.0,1179.9718920610846,649.9662393139743,-0.02810793891535468,-0.03376068602574378,0.04392994594804507,2.1964972970490128e-05,0.02196497297049013,4.5972986406250484,0.0,4.5972986406250484,2.144131208817466,2.144131208817466
4,linear_cv,75,4.0,1220.0,670.0,1219.9637716452437,669.9572055905226,-0.036228354756303816,-0.04279440947743751,0.05607009158964514,2.8035045787477727e-05,0.028035045787477727,10.832062653460351,0.0,10.832062653460351,3.291209907231739,3.291209907231739
4,linear_cv,75,5.0,1260.0,690.0,1259.9556512294027,689.9481718670708,-0.04434877059725295,-0.05182813292924493,0.06821267342964392,3.4106336701597317e-05,0.034106336701597316,21.08488618266736,0.0,21.08488618266736,4.5918281961183345,4.5918281961183345
4,linear_cv,90,0.5,1100.0,610.0,1099.9954005251957,609.9865591909671,-0.0045994748043085565,-0.013440809032886136,0.014206002813387825,7.103001406574457e-06,0.007103001406574457,0.026894777890408124,0.0,0.026894777890408124,0.16399627401379618,0.16399627401379618
4,linear_cv,90,1.0,1120.0,620.0,1119.9954063000212,619.9815322589832,-0.004593699978840959,-0.018467741016820582,0.019030489687865648,9.515244843645654e-06,0.009515244843645654,0.18193808888525917,0.0,0.18193808888525917,0.4265420130365345,0.4265420130365345
4,linear_cv,90,2.0,1160.0,640.0,1159.9954178496723,639.9714783950155,-0.0045821503276783915,-0.0285216049844621,0.028887333773042062,1.4443666885516621e-05,0.014443666885516621,1.380559551442633,0.0,1.380559551442633,1.174972149219986,1.174972149219986
4,linear_cv,90,3.0,1200.0,660.0,1199.9954293993237,659.9614245310478,-0.00457060067628845,-0.03857546895221731,0.03884529824091417,1.9422649118014756e-05,0.019422649118014754,4.597227468090236,0.0,4.597227468090236,2.144114611696454,2.144114611696454
4,linear_cv,90,4.0,1240.0,680.0,1239.9954409489749,679.9513706670801,-0.004559051025125882,-0.048629332919858825,0.04884257329912263,2.442128664470637e-05,0.02442128664470637,10.831941838828067,0.0,10.831941838828067,3.2911915530439835,3.2911915530439835
4,linear_cv,90,5.0,1280.0,700.0,1279.995452498626,699.9413168031124,-0.004547501373963314,-0.05868319688761403,0.05885913154045574,2.942956576173156e-05,0.02942956576173156,21.084702663656127,0.0,21.084702663656127,4.59180821285647,4.59180821285647
4,linear_cv,105,0.5,1120.0,620.0,1120.0072596958796,619.9927022077203,0.007259695879611172,-0.007297792279700843,0.010293733842591067,5.146866921250086e-06,0.005146866921250086,0.02689432630076509,0.0,0.02689432630076509,0.1639948971790436,0.1639948971790436
4,linear_cv,105,1.0,1140.0,630.0,1140.01096261444,629.9920180117357,0.010962614439904428,-0.007981988264305073,0.013560643495406293,6.780321747599244e-06,0.0067803217475992435,0.18193717492667874,0.0,0.18193717492667874,0.4265409416769728,0.4265409416769728
4,linear_cv,105,2.0,1180.0,650.0,1180.01836845156,649.9906496197665,0.018368451560036192,-0.009350380233513533,0.02061139547009558,1.0305697734682943e-05,0.010305697734682944,1.3805572158828643,0.0,1.3805572158828643,1.174971155340787,1.174971155340787
4,linear_cv,105,3.0,1220.0,670.0,1220.0257742886802,669.9892812277972,0.025774288680167956,-0.01071877220283568,0.02791426220599278,1.39571311020901e-05,0.0139571311020901,4.597223048444861,0.0,4.597223048444861,2.144113581050421,2.144113581050421
4,linear_cv,105,4.0,1260.0,690.0,1260.0331801258005,689.987912835828,0.033180125800527094,-0.01208716417204414,0.03531317439512839,1.7656587195729352e-05,0.01765658719572935,10.831934672612668,0.0,10.831934672612668,3.291190464347615,3.291190464347615
4,linear_cv,105,5.0,1300.0,710.0,1300.0405859629209,709.9865444438587,0.04058596292088623,-0.0134555561412526,0.04275830185222459,2.1379150922855054e-05,0.021379150922855056,21.084692088386284,0.0,21.084692088386284,4.591807061319789,4.591807061319789
4,linear_cv,120,0.5,1140.0,630.0,1139.9886260786998,629.989862449533,-0.011373921300219081,-0.010137550466993162,0.01523601047565965,7.618005237682457e-06,0.007618005237682457,0.02689431924017275,0.0,0.02689431924017275,0.16399487565217624,0.16399487565217624
4,linear_cv,120,1.0,1160.0,640.0,1159.9839548410807,639.9877192282082,-0.016045158919268943,-0.012280771791779443,0.020205555685166427,1.0102777842239496e-05,0.010102777842239495,0.18193715068894867,0.0,0.18193715068894867,0.42654091326500987,0.42654091326500987
4,linear_cv,120,2.0,1200.0,660.0,1199.9746123658422,659.9834327855588,-0.025387634157823413,-0.01656721444123832,0.030315088033410983,1.515754401554467e-05,0.01515754401554467,1.38055710781602,0.0,1.38055710781602,1.1749711093537663,1.1749711093537663
4,linear_cv,120,3.0,1240.0,680.0,1239.9652698906038,679.9791463429092,-0.03473010939615051,-0.020853657090810884,0.04050994338097388,2.025497168771698e-05,0.02025497168771698,4.5972227905824505,0.0,4.5972227905824505,2.1441135209177826,2.1441135209177826
4,linear_cv,120,4.0,1280.0,700.0,1279.9559274153653,699.9748599002597,-0.04407258463470498,-0.02514009974026976,0.050738716295684355,2.5369358142399567e-05,0.025369358142399566,10.83193419898824,0.0,10.83193419898824,3.2911903923942534,3.2911903923942534
4,linear_cv,120,5.0,1320.0,720.0,1319.946584940127,719.9705734576102,-0.05341505987303208,-0.029426542389842325,0.060984342402462526,3.0492171191781002e-05,0.030492171191781003,21.084691333033387,0.0,21.084691333033387,4.59180697906972,4.59180697906972
4,linear_cv,135,0.5,1160.0,640.0,1160.0155524352958,639.9854106921439,0.015552435295830946,-0.01458930785611301,0.021324308836430057,1.0662154417810999e-05,0.010662154417811,0.026894306131107992,0.0,0.026894306131107992,0.16399483568426168,0.16399483568426168
4,linear_cv,135,1.0,1180.0,650.0,1180.0221037885071,649.9805877803485,0.022103788507138233,-0.01941221965148543,0.029417881265750824,1.4708940631814637e-05,0.014708940631814637,0.1819371114838094,0.0,0.1819371114838094,0.42654086730793966,0.42654086730793966
4,linear_cv,135,2.0,1220.0,670.0,1220.03520649493,669.9709419567578,0.03520649492998018,-0.02905804324223027,0.045649393887783926,2.2824696939928325e-05,0.022824696939928325,1.3805569742960409,0.0,1.3805569742960409,1.1749710525353554,1.1749710525353554
4,linear_cv,135,3.0,1260.0,690.0,1260.0483092013526,689.9612961331671,0.048309201352594755,-0.03870386683286142,0.061901278202807844,3.095063909152095e-05,0.03095063909152095,4.597222506584044,0.0,4.597222506584044,2.1441134546903164,2.1441134546903164
4,linear_cv,135,4.0,1300.0,710.0,1300.0614119077754,709.9516503095764,0.0614119077754367,-0.04834969042360626,0.07816082766115841,3.908041381068364e-05,0.03908041381068364,10.831933708347819,0.0,10.831933708347819,3.2911903178558086,3.2911903178558086
4,linear_cv,135,5.0,1340.0,730.0,1340.074514614198,729.9420044859856,0.07451461419805128,-0.0579955140143511,0.09442408260011437,4.7212041264979004e-05,0.04721204126497901,21.084690579587363,0.0,21.084690579587363,4.591806897027287,4.591806897027287
4,linear_cv,150,0.5,1180.0,650.0,1180.0273411075088,650.0106481778847,0.027341107508846108,0.01064817788471828,0.0293414357534679,1.4670717875681424e-05,0.014670717875681425,0.026894302934260268,0.0,0.026894302934260268,0.1639948259374675,0.1639948259374675
4,linear_cv,150,1.0,1200.0,660.0,1200.0376905555167,660.0164510749585,0.037690555516746826,0.01645107495846787,0.041124394736580666,2.0562197365392405e-05,0.020562197365392405,0.18193710398793245,0.0,0.18193710398793245,0.42654085852111806,0.42654085852111806
4,linear_cv,150,2.0,1240.0,680.0,1240.0583894515325,680.028056869106,0.058389451532548264,0.028056869105967053,0.06478052141115546,3.239026069425054e-05,0.03239026069425054,1.3805569527522947,0.0,1.3805569527522947,1.174971043367578,1.174971043367578
4,linear_cv,150,3.0,1280.0,700.0,1280.0790883475481,700.0396626632535,0.07908834754812233,0.039662663253466235,0.08847651425237348,4.42382570973283e-05,0.0442382570973283,4.597222463726014,0.0,4.597222463726014,2.144113444695969,2.144113444695969
4,linear_cv,150,4.0,1320.0,720.0,1320.099787243564,720.0512684574011,0.09978724356392377,0.051268457401079104,0.11218711468957612,5.6093557285955514e-05,0.05609355728595551,10.83193363690909,0.0,10.83193363690909,3.2911903070027857,3.2911903070027857
4,linear_cv,150,5.0,1360.0,740.0,1360.1204861395797,740.0628742515486,0.1204861395797252,0.06287425154857829,0.1359046773978693,6.795233859434422e-05,0.06795233859434421,21.084690472301524,0.0,21.084690472301524,4.591806885344975,4.591806885344975
4,linear_cv,165,0.5,1200.0,660.0,1200.0100896048862,660.0138370657877,0.010089604886161396,0.013837065787697611,0.01712496763126645,8.56248381542397e-06,0.008562483815423969,0.02689430280725899,0.0,0.02689430280725899,0.1639948255502563,0.1639948255502563
4,linear_cv,165,1.0,1220.0,670.0,1220.0111377743672,670.0180640533544,0.011137774367171005,0.018064053354351017,0.02122168799701974,1.0610843998111644e-05,0.010610843998111644,0.18193710378596373,0.0,0.18193710378596373,0.42654085828436616,0.42654085828436616
4,linear_cv,165,2.0,1260.0,690.0,1260.0132341133296,690.0265180284875,0.01323411332964497,0.026518028487544143,0.02963692950506326,1.4818464751446984e-05,0.014818464751446984,1.3805569523176144,0.0,1.3805569523176144,1.174971043182603,1.174971043182603
4,linear_cv,165,3.0,1300.0,710.0,1300.015330452292,710.0349720036209,0.015330452291891561,0.034972003620850955,0.03818460167044794,1.9092300832904153e-05,0.019092300832904155,4.597222462948253,0.0,4.597222462948253,2.144113444514598,2.144113444514598
4,linear_cv,165,4.0,1340.0,730.0,1340.0174267912544,730.0434259787542,0.017426791254365526,0.04342597875415777,0.04679218614448135,2.3396093067971845e-05,0.023396093067971843,10.831933635677881,0.0,10.831933635677881,3.2911903068157393,3.2911903068157393
4,linear_cv,165,5.0,1380.0,750.0,1380.0195231302166,750.0518799538875,0.019523130216612117,0.05187995388746458,0.05543177995356314,2.7715889969684724e-05,0.027715889969684725,21.084690470506498,0.0,21.084690470506498,4.5918068851495155,4.5918068851495155
4,linear_cv,180,0.5,1220.0,670.0,1219.9833602965275,670.0012306508513,-0.01663970347249233,0.0012306508513120207,0.01668515007934625,8.342575039479583e-06,0.008342575039479582,0.02689430278445734,0.0,0.02689430278445734,0.16399482548073688,0.16399482548073688
4,linear_cv,180,1.0,1240.0,680.0,1239.9731175191396,679.9985787849353,-0.02688248086042222,-0.001421215064738135,0.02692002283563678,1.3460011417005531e-05,0.013460011417005532,0.18193710370231111,0.0,0.18193710370231111,0.4265408581863068,0.4265408581863068
4,linear_cv,180,2.0,1280.0,700.0,1279.9526319643635,699.9932750531032,-0.047368035636509376,-0.006724946896838446,0.047843031998682096,2.3921515994778108e-05,0.023921515994778108,1.3805569519945013,0.0,1.3805569519945013,1.1749710430451048,1.1749710430451048
4,linear_cv,180,3.0,1320.0,720.0,1319.9321464095876,719.9879713212711,-0.06785359041236916,-0.012028678728938758,0.06891152910662758,3.4455764539678495e-05,0.034455764539678496,4.597222462228669,0.0,4.597222462228669,2.144113444346793,2.144113444346793
4,linear_cv,180,4.0,1360.0,740.0,1359.9116608548115,739.982667589439,-0.08833914518845631,-0.01733241056103907,0.09002342488754571,4.501171241337413e-05,0.04501171241337413,10.831933634404812,0.0,10.831933634404812,3.291190306622334,3.291190306622334
4,linear_cv,180,5.0,1400.0,760.0,1399.8911753000357,759.9773638576069,-0.1088246999643161,-0.02263614239313938,0.11115399347196618,5.5576996678760964e-05,0.05557699667876097,21.084690468522933,0.0,21.084690468522933,4.5918068849335265,4.5918068849335265
4,linear_cv,195,0.5,1240.0,680.0,1239.9957622812624,680.0013688221094,-0.00423771873761325,0.0013688221093843822,0.004453305970428929,2.226652985210785e-06,0.002226652985210785,0.02689430276953758,0.0,0.02689430276953758,0.16399482543524835,0.16399482543524835
4,linear_cv,195,1.0,1260.0,690.0,1259.991913199658,690.0003163208895,-0.008086800341970957,0.0003163208895102798,0.008092984534523846,4.0464922672398375e-06,0.0040464922672398375,0.18193710366303087,0.0,0.18193710366303087,0.4265408581402617,0.4265408581402617
4,linear_cv,195,2.0,1300.0,710.0,1299.984215036449,709.99821131845,-0.015784963550913744,-0.0017886815500105513,0.01588598300361119,7.942991501638551e-06,0.007942991501638552,1.3805569518716465,0.0,1.3805569518716465,1.1749710429928248,1.1749710429928248
4,linear_cv,195,3.0,1340.0,730.0,1339.9765168732404,729.9961063160104,-0.023483126759629158,-0.0038936839896450692,0.023803739567976066,1.1901869783426049e-05,0.011901869783426049,4.597222461975768,0.0,4.597222461975768,2.1441134442878176,2.1441134442878176
4,linear_cv,195,4.0,1380.0,750.0,1379.9688187100314,749.9940013135708,-0.031181289968571946,-0.0059986864291659,0.031753064151033114,1.5876532074182587e-05,0.015876532074182586,10.831933633975394,0.0,10.831933633975394,3.2911903065570964,3.2911903065570964
4,linear_cv,195,5.0,1420.0,770.0,1419.9611205468227,769.9918963111312,-0.03887945317728736,-0.008103688868800418,0.039715005383950286,1.985750268936507e-05,0.019857502689365068,21.084690467870526,0.0,21.084690467870526,4.591806884862486,4.591806884862486
4,linear_cv,210,0.5,1260.0,690.0,1260.002199506612,690.0115398928777,0.00219950661198709,0.01153989287774948,0.011747636228880604,5.873818114372749e-06,0.005873818114372749,0.026894302767915317,0.0,0.026894302767915317,0.16399482543030228,0.16399482543030228
4,linear_cv,210,1.0,1280.0,700.0,1280.003676144672,700.0157474530679,0.003676144671999282,0.015747453067888273,0.016170847775389283,8.085423887518449e-06,0.008085423887518449,0.18193710365973767,0.0,0.18193710365973767,0.42654085813640136,0.42654085813640136
4,linear_cv,210,2.0,1320.0,720.0,1320.0066294207918,720.0241625734479,0.006629420791796292,0.024162573447938485,0.025055521859696374,1.2527760929192798e-05,0.012527760929192798,1.3805569518632097,0.0,1.3805569518632097,1.1749710429892346,1.1749710429892346
4,linear_cv,210,3.0,1360.0,740.0,1360.0095826969116,740.0325776938281,0.009582696911593303,0.03257769382810238,0.033957829955063974,1.6978914975900404e-05,0.016978914975900403,4.5972224619597855,0.0,4.5972224619597855,2.1441134442840903,2.1441134442840903
4,linear_cv,210,4.0,1400.0,760.0,1400.0125359730314,760.0409928142082,0.012535973031390313,0.040992814208152595,0.042866787103162544,2.1433393548299177e-05,0.021433393548299175,10.831933633949463,0.0,10.831933633949463,3.291190306553157,3.291190306553157
4,linear_cv,210,5.0,1440.0,780.0,1440.0154892491512,780.0494079345883,0.015489249151187323,0.04940793458831649,0.05177896136029496,2.5889480674363206e-05,0.025889480674363207,21.084690467832246,0.0,21.084690467832246,4.591806884858317,4.591806884858317
4,linear_cv,225,0.5,1280.0,700.0,1279.9968388919278,700.0025795756657,-0.003161108072163188,0.0025795756656634694,0.004080050840219812,2.0400254201070762e-06,0.0020400254201070763,0.026894302767890305,0.0,0.026894302767890305,0.163994825430226,0.163994825430226
4,linear_cv,225,1.0,1300.0,710.0,1299.9951184051447,710.0008591718715,-0.004881594855305593,0.0008591718715251773,0.004956626336144991,2.4783131680674212e-06,0.0024783131680674213,0.18193710365965376,0.0,0.18193710365965376,0.426540858136303,0.426540858136303
4,linear_cv,225,2.0,1340.0,730.0,1339.9916774315789,729.9974183642834,-0.008322568421135657,-0.00258163571663772,0.008713781503911147,4.356890751928006e-06,0.0043568907519280055,1.380556951862837,0.0,1.380556951862837,1.1749710429890758,1.1749710429890758
4,linear_cv,225,3.0,1380.0,750.0,1379.9882364580128,749.9939775566952,-0.011763541987193094,-0.006022443304800618,0.013215549305420212,6.607774652613935e-06,0.006607774652613935,4.5972224619588955,0.0,4.5972224619588955,2.144113444283883,2.144113444283883
4,linear_cv,225,4.0,1420.0,770.0,1419.9847954844467,769.990536749107,-0.01520451555325053,-0.009463250892963515,0.017908947782385543,8.95447389095344e-06,0.00895447389095344,10.831933633947829,0.0,10.831933633947829,3.2911903065529087,3.2911903065529087
4,linear_cv,225,5.0,1460.0,790.0,1459.9813545108807,789.9870959415189,-0.018645489119307967,-0.012904058481126413,0.02267529470111827,1.1337647350073347e-05,0.011337647350073346,21.084690467829635,0.0,21.084690467829635,4.591806884858033,4.591806884858033
4,linear_cv,240,0.5,1300.0,710.0,1300.0099906494422,710.0163633957958,0.009990649442215727,0.016363395795792712,0.019172214223897352,9.586107111655042e-06,0.009586107111655041,0.02689430276784422,0.0,0.02689430276784422,0.1639948254300855,0.1639948254300855
4,linear_cv,240,1.0,1320.0,720.0,1320.0143086783557,720.0211837729826,0.014308678355746451,0.02118377298256746,0.025563460526015682,1.2781730262311779e-05,0.01278173026231178,0.18193710365951557,0.0,0.18193710365951557,0.426540858136141,0.426540858136141
4,linear_cv,240,2.0,1360.0,740.0,1360.0229447361833,740.0308245273561,0.02294473618326265,0.03082452735611696,0.038426714733991056,1.9213357364631303e-05,0.0192133573646313,1.3805569518623655,0.0,1.3805569518623655,1.1749710429888753,1.1749710429888753
4,linear_cv,240,3.0,1400.0,760.0,1400.0315807940106,760.0404652817297,0.03158079401055147,0.04046528172966646,0.051330162436896316,2.5665081212812993e-05,0.025665081212812992,4.597222461957892,0.0,4.597222461957892,2.144113444283649,2.144113444283649
4,linear_cv,240,4.0,1440.0,780.0,1440.040216851838,780.0501060361032,0.04021685183806767,0.050106036103215956,0.0642495916387168,3.212479580830744e-05,0.03212479580830744,10.831933633946095,0.0,10.831933633946095,3.2911903065526453,3.2911903065526453
4,linear_cv,240,5.0,1480.0,800.0,1480.0488529096654,800.0597467904769,0.04885290966535649,0.05974679047687914,0.07717697684581573,3.858848840375419e-05,0.038588488403754194,21.084690467826974,0.0,21.084690467826974,4.591806884857744,4.591806884857744
4,linear_cv,255,0.5,1320.0,720.0,1320.0030981848129,719.9980307167782,0.003098184812870386,-0.0019692832217970135,0.0036710796153654763,1.8355398076806767e-06,0.0018355398076806766,0.026894302767832824,0.0,0.026894302767832824,0.16399482543005076,0.16399482543005076
4,linear_cv,255,1.0,1340.0,730.0,1340.002124270712,729.9926157397366,0.002124270712101861,-0.0073842602633931165,0.007683737742519609,3.841868871240903e-06,0.003841868871240903,0.18193710365948879,0.0,0.18193710365948879,0.4265408581361096,0.4265408581361096
4,linear_cv,255,2.0,1380.0,750.0,1380.000176442511,749.9817857856535,0.00017644251101955888,-0.018214214346471636,0.018215068932587328,9.10753446604185e-06,0.00910753446604185,1.3805569518622884,0.0,1.3805569518622884,1.1749710429888425,1.1749710429888425
4,linear_cv,255,3.0,1420.0,770.0,1419.9982286143097,769.9709558315703,-0.001771385690290117,-0.02904416842966384,0.02909813614365096,1.454906807079892e-05,0.01454906807079892,4.597222461957738,0.0,4.597222461957738,2.144113444283613,2.144113444283613
4,linear_cv,255,4.0,1460.0,790.0,1459.9962807861084,789.9601258774871,-0.003719213891599793,-0.03987412251285605,0.04004719962920906,2.002359981192841e-05,0.02002359981192841,10.83193363394584,0.0,10.83193363394584,3.2911903065526062,3.2911903065526062
4,linear_cv,255,5.0,1500.0,810.0,1499.9943329579073,809.949295923404,-0.005667042092682095,-0.05070407659604825,0.051019787823335355,2.5509893906134118e-05,0.025509893906134118,21.08469046782659,0.0,21.08469046782659,4.591806884857702,4.591806884857702
4,linear_cv,270,0.5,1340.0,730.0,1339.9976212310478,729.9935687360211,-0.00237876895221234,-0.006431263978925017,0.006857091081109237,3.4285455405411845e-06,0.0034285455405411846,0.026894302767832362,0.0,0.026894302767832362,0.16399482543004934,0.16399482543004934
4,linear_cv,270,1.0,1360.0,740.0,1359.9952409571283,739.9880874558188,-0.00475904287168305,-0.011912544181200246,0.012827984951798356,6.413992475811222e-06,0.006413992475811222,0.18193710365948806,0.0,0.18193710365948806,0.42654085813610876,0.42654085813610876
4,linear_cv,270,2.0,1400.0,760.0,1399.990480409289,759.9771248954144,-0.009519590711079218,-0.02287510458563702,0.02477686455365766,1.2388432276195066e-05,0.012388432276195066,1.3805569518622869,0.0,1.3805569518622869,1.1749710429888418,1.1749710429888418
4,linear_cv,270,3.0,1440.0,780.0,1439.9857198614495,779.96616233501,-0.014280138550475385,-0.0338376649899601,0.03672750915857955,1.8363754577225523e-05,0.018363754577225524,4.5972224619577355,0.0,4.5972224619577355,2.1441134442836125,2.1441134442836125
4,linear_cv,270,4.0,1480.0,800.0,1479.9809593136104,799.9551997746056,-0.01904068638964418,-0.044800225394396875,0.048678618854457484,2.4339309422422524e-05,0.024339309422422524,10.831933633945834,0.0,10.831933633945834,3.2911903065526054,3.2911903065526054
4,linear_cv,270,5.0,1520.0,820.0,1519.9761987657712,819.9442372142012,-0.023801234228812973,-0.05576278579883365,0.06062991861170046,3.031495929656378e-05,0.03031495929656378,21.084690467826583,0.0,21.084690467826583,4.591806884857701,4.591806884857701
4,linear_cv,285,0.5,1360.0,740.0,1359.9951759055946,740.0085243031708,-0.00482409440542142,0.008524303170815983,0.009794673622964762,4.897336811443228e-06,0.004897336811443228,0.026894302767832282,0.0,0.026894302767832282,0.16399482543004912,0.16399482543004912
4,linear_cv,285,1.0,1380.0,750.0,1379.994368418637,750.0120501118981,-0.0056315813631044875,0.012050111898133764,0.01330112421590035,6.650562107852124e-06,0.0066505621078521236,0.18193710365948776,0.0,0.18193710365948776,0.4265408581361084,0.4265408581361084
4,linear_cv,285,2.0,1420.0,770.0,1419.992753444722,770.0191017293525,-0.007246555278015876,0.019101729352541952,0.02043009122973029,1.0215045614509843e-05,0.010215045614509843,1.3805569518622858,0.0,1.3805569518622858,1.1749710429888414,1.1749710429888414
4,linear_cv,285,3.0,1460.0,790.0,1459.991138470807,790.0261533468071,-0.008861529192927264,0.026153346807063826,0.02761384161698002,1.3806920807612667e-05,0.013806920807612666,4.597222461957733,0.0,4.597222461957733,2.1441134442836116,2.1441134442836116
4,linear_cv,285,4.0,1500.0,810.0,1499.989523496892,810.0332049642616,-0.010476503108066026,0.0332049642615857,0.03481848315171844,1.7409241574100414e-05,0.017409241574100412,10.83193363394583,0.0,10.83193363394583,3.291190306552605,3.291190306552605
4,linear_cv,285,5.0,1540.0,830.0,1539.9879085229768,830.0402565817161,-0.012091477023204789,0.040256581716107576,0.04203327477211758,2.1016637382964445e-05,0.021016637382964446,21.084690467826576,0.0,21.084690467826576,4.5918068848577,4.5918068848577
5,linear_cv,60,0.5,1060.0,590.0,1060.0030339857872,590.0094749466999,0.003033985787169513,0.009474946699924658,0.009948853437615802,4.9744267187668705e-06,0.00497442671876687,0.026905574491387148,0.0,0.026905574491387148,0.16402918792515905,0.16402918792515905
5,linear_cv,60,1.0,1080.0,600.0,1080.0062594158524,600.0159499677,0.006259415852355232,0.01594996769995305,0.01713422762899634,8.567113814288575e-06,0.008567113814288575,0.1819731994633959,0.0,0.1819731994633959,0.4265831682842115,0.4265831682842115
5,linear_cv,60,2.0,1120.0,620.0,1120.0127102759827,620.0289000096999,0.012710275982726671,0.028900009699896145,0.03157153268707697,1.5785766342227265e-05,0.015785766342227264,1.3806867190559946,0.0,1.3806867190559946,1.1750262631345711,1.1750262631345711
5,linear_cv,60,3.0,1160.0,640.0,1160.0191611361129,640.0418500516998,0.019161136112870736,0.04185005169983924,0.04602799109688773,2.301399554438079e-05,0.02301399554438079,4.597504598180035,0.0,4.597504598180035,2.144179236486548,2.144179236486548
5,linear_cv,60,4.0,1200.0,660.0,1200.0256119962432,660.0548000936998,0.025611996243242174,0.05480009369978234,0.06048987205366511,3.0244936017610307e-05,0.030244936017610306,10.832426836835518,0.0,10.832426836835518,3.2912652334376697,3.2912652334376697
5,linear_cv,60,5.0,1240.0,680.0,1240.0320628563736,680.0677501356997,0.03206285637361361,0.06775013569972543,0.07495403689039161,3.747701842764998e-05,0.03747701842764998,21.08545343502244,0.0,21.08545343502244,4.591889963296425,4.591889963296425
5,linear_cv,75,0.5,1080.0,600.0,1079.9997023795527,599.981472140075,-0.0002976204473270627,-0.01852785992502959,0.01853025016917431,9.26512508432204e-06,0.009265125084322041,0.026898992663005855,0.0,0.026898992663005855,0.1640091237187915,0.1640091237187915
5,linear_cv,75,1.0,1100.0,610.0,1099.9999789152737,609.9757269296115,-2.1084726313347346e-05,-0.024273070388517226,0.024273079546106125,1.2136539772457176e-05,0.012136539772457176,0.181949164069561,0.0,0.181949164069561,0.42655499536350644,0.42655499536350644
5,linear_cv,75,2.0,1140.0,630.0,1140.0005319867155,629.9642365086843,0.0005319867154867097,-0.035763491315719875,0.03576744778363457,1.7883723889910713e-05,0.017883723889910712,1.3805941441614513,0.0,1.3805941441614513,1.1749868697825738,1.1749868697825738
5,linear_cv,75,3.0,1180.0,650.0,1180.0010850581575,649.9527460877572,0.0010850581575141405,-0.04725391224280884,0.04726636831253558,2.3633184151867863e-05,0.023633184151867864,4.5972986406250484,0.0,4.5972986406250484,2.144131208817466,2.144131208817466
5,linear_cv,75,4.0,1220.0,670.0,1220.0016381295993,669.9412556668301,0.0016381295993141975,-0.0587443331698978,0.05876716896499357,2.938358447404024e-05,0.029383584474040242,10.832062653460351,0.0,10.832062653460351,3.291209907231739,3.291209907231739
5,linear_cv,75,5.0,1260.0,690.0,1260.0021912010413,689.9297652459029,0.0021912010413416283,-0.07023475409710045,0.07026892659692295,3.513446328400446e-05,0.035134463284004464,21.08488618266736,0.0,21.08488618266736,4.5918281961183345,4.5918281961183345
5,linear_cv,90,0.5,1100.0,610.0,1099.9865980760217,609.999036227817,-0.013401923978335617,-0.000963772183013134,0.013436533151889928,6.718266575843888e-06,0.006718266575843888,0.026894777890408124,0.0,0.026894777890408124,0.16399627401379618,0.16399627401379618
5,linear_cv,90,1.0,1120.0,620.0,1119.9829277148815,620.0000957987356,-0.017072285118501895,9.579873562870489e-05,0.017072553896976553,8.536276948280936e-06,0.008536276948280935,0.18193808888525917,0.0,0.18193808888525917,0.4265420130365345,0.4265420130365345
5,linear_cv,90,2.0,1160.0,640.0,1159.9755869926012,640.0022149405729,-0.024413007398834452,0.0022149405729123828,0.02451327991104167,1.2256639954907085e-05,0.012256639954907085,1.380559551442633,0.0,1.380559551442633,1.174972149219986,1.174972149219986
5,linear_cv,90,3.0,1200.0,660.0,1199.9682462703208,660.0043340824102,-0.03175372967916701,0.004334082410196061,0.0320481453266173,1.6024072661937147e-05,0.016024072661937148,4.597227468090236,0.0,4.597227468090236,2.144114611696454,2.144114611696454
5,linear_cv,90,4.0,1240.0,680.0,1239.9609055480407,680.0064532242475,-0.03909445195927219,0.0064532242474797386,0.039623481386472106,1.9811740690643982e-05,0.01981174069064398,10.831941838828067,0.0,10.831941838828067,3.2911915530439835,3.2911915530439835
5,linear_cv,90,5.0,1280.0,700.0,1279.9535648257604,700.0085723660848,-0.04643517423960475,0.008572366084763416,0.04721981434687831,2.3609907169052216e-05,0.023609907169052216,21.084702663656127,0.0,21.084702663656127,4.59180821285647,4.59180821285647
5,linear_cv,105,0.5,1120.0,620.0,1119.992497139935,619.9941129770375,-0.0075028600649602595,-0.005887022962497213,0.009536768242719592,4.768384121323656e-06,0.004768384121323656,0.02689432630076509,0.0,0.02689432630076509,0.1639948971790436,0.1639948971790436
5,linear_cv,105,1.0,1140.0,630.0,1139.9911883166437,629.9917366136898,-0.008811683356270805,-0.008263386310204623,0.012080120731303023,6.0400603655780594e-06,0.006040060365578059,0.18193717492667874,0.0,0.18193717492667874,0.4265409416769728,0.4265409416769728
5,linear_cv,105,2.0,1180.0,650.0,1179.9885706700607,649.9869838869942,-0.011429329939346644,-0.013016113005846819,0.01732191619433082,8.66095809694885e-06,0.008660958096948852,1.3805572158828643,0.0,1.3805572158828643,1.174971155340787,1.174971155340787
5,linear_cv,105,3.0,1220.0,670.0,1219.9859530234778,669.9822311602986,-0.01404697652219511,-0.017768839701375327,0.02265058969979088,1.1325294849411238e-05,0.011325294849411237,4.597223048444861,0.0,4.597223048444861,2.144113581050421,2.144113581050421
5,linear_cv,105,4.0,1260.0,690.0,1259.9833353768947,689.9774784336031,-0.016664623105270948,-0.022521566396903836,0.028016613218068996,1.4008306608118201e-05,0.014008306608118202,10.831934672612668,0.0,10.831934672612668,3.291190464347615,3.291190464347615
5,linear_cv,105,5.0,1300.0,710.0,1299.9807177303119,709.9727257069075,-0.019282269688119413,-0.02727429309254603,0.033401990779345365,1.670099538811992e-05,0.01670099538811992,21.084692088386284,0.0,21.084692088386284,4.591807061319789,4.591807061319789
5,linear_cv,120,0.5,1140.0,630.0,1139.999744876657,630.0073331652077,-0.0002551233430949651,0.007333165207683123,0.007337601780102693,3.668800890034886e-06,0.003668800890034886,0.02689431924017275,0.0,0.02689431924017275,0.16399487565217624,0.16399487565217624
5,linear_cv,120,1.0,1160.0,640.0,1160.0035944635126,640.0101203721521,0.003594463512627044,0.010120372152073287,0.010739743965293942,5.369871982595357e-06,0.005369871982595357,0.18193715068894867,0.0,0.18193715068894867,0.42654091326500987,0.42654091326500987
5,linear_cv,120,2.0,1200.0,660.0,1200.0112936372238,660.015694786041,0.011293637223843689,0.0156947860409673,0.019335784199652463,9.667892099525019e-06,0.00966789209952502,1.38055710781602,0.0,1.38055710781602,1.1749711093537663,1.1749711093537663
5,linear_cv,120,3.0,1240.0,680.0,1240.018992810935,680.02126919993,0.018992810935060334,0.021269199929975002,0.028515008905420247,1.4257504451744053e-05,0.014257504451744053,4.5972227905824505,0.0,4.5972227905824505,2.1441135209177826,2.1441135209177826
5,linear_cv,120,4.0,1280.0,700.0,1280.0266919846463,700.0268436138189,0.02669198464627698,0.026843613818869017,0.03785553654637141,1.8927768270925346e-05,0.018927768270925346,10.83193419898824,0.0,10.83193419898824,3.2911903923942534,3.2911903923942534
5,linear_cv,120,5.0,1320.0,720.0,1320.0343911583573,720.0324180277078,0.03439115835726625,0.03241802770776303,0.04726182702367584,2.363091350743926e-05,0.02363091350743926,21.084691333033387,0.0,21.084691333033387,4.59180697906972,4.59180697906972
5,linear_cv,135,0.5,1160.0,640.0,1160.0157932031498,639.9939661348886,0.015793203149769397,-0.006033865111362502,0.016906590250905226,8.453295125251262e-06,0.008453295125251262,0.026894306131107992,0.0,0.026894306131107992,0.16399483568426168,0.16399483568426168
5,linear_cv,135,1.0,1180.0,650.0,1180.0239863459683,649.9904897190471,0.02398634596829652,-0.0095102809528953,0.02580291139995287,1.290145569926063e-05,0.01290145569926063,0.1819371114838094,0.0,0.1819371114838094,0.42654086730793966,0.42654086730793966
5,linear_cv,135,2.0,1220.0,670.0,1220.040372631605,669.9835368873639,0.040372631604896014,-0.016463112636074584,0.04360026904014157,2.180013451661731e-05,0.021800134516617307,1.3805569742960409,0.0,1.3805569742960409,1.1749710525353554,1.1749710525353554
5,linear_cv,135,3.0,1260.0,690.0,1260.0567589172417,689.9765840556809,0.056758917241722884,-0.02341594431914018,0.0613993577719655,3.0699678876338234e-05,0.030699678876338236,4.597222506584044,0.0,4.597222506584044,2.1441134546903164,2.1441134546903164
5,linear_cv,135,4.0,1300.0,710.0,1300.0731452028785,709.9696312239978,0.07314520287854975,-0.030368776002205777,0.07919901047371963,3.9599505216160876e-05,0.039599505216160874,10.831933708347819,0.0,10.831933708347819,3.2911903178558086,3.2911903178558086
5,linear_cv,135,5.0,1340.0,730.0,1340.0895314885154,729.9626783923146,0.08953148851537662,-0.03732160768538506,0.09699891667436708,4.8499458299156774e-05,0.04849945829915677,21.084690579587363,0.0,21.084690579587363,4.591806897027287,4.591806897027287
5,linear_cv,150,0.5,1180.0,650.0,1179.9936536369325,649.9947993990339,-0.006346363067450511,-0.005200600966077218,0.008205033491233485,4.102516745593727e-06,0.004102516745593727,0.026894302934260268,0.0,0.026894302934260268,0.1639948259374675,0.1639948259374675
5,linear_cv,150,1.0,1200.0,660.0,1199.9911400922845,659.9912767958408,-0.008859907715532245,-0.00872320415919603,0.012433513402524755,6.216756701182289e-06,0.006216756701182289,0.18193710398793245,0.0,0.18193710398793245,0.42654085852111806,0.42654085852111806
5,linear_cv,150,2.0,1240.0,680.0,1239.9861130029888,679.9842315894547,-0.013886997011240965,-0.015768410545319966,0.021011698101675965,1.0505849050451464e-05,0.010505849050451464,1.3805569527522947,0.0,1.3805569527522947,1.174971043367578,1.174971043367578
5,linear_cv,150,3.0,1280.0,700.0,1279.9810859136928,699.9771863830684,-0.018914086307177058,-0.02281361693155759,0.029634503173415847,1.4817251585623544e-05,0.014817251585623544,4.597222463726014,0.0,4.597222463726014,2.144113444695969,2.144113444695969
5,linear_cv,150,4.0,1320.0,720.0,1319.9760588243971,719.9701411766822,-0.023941175602885778,-0.029858823317795213,0.038271780977262145,1.913589048629533e-05,0.01913589048629533,10.83193363690909,0.0,10.83193363690909,3.2911903070027857,3.2911903070027857
5,linear_cv,150,5.0,1360.0,740.0,1359.9710317351012,739.963095970296,-0.02896826489882187,-0.03690402970403284,0.04691553878667976,2.34577693890372e-05,0.0234577693890372,21.084690472301524,0.0,21.084690472301524,4.591806885344975,4.591806885344975
5,linear_cv,165,0.5,1200.0,660.0,1200.0058660580564,659.9980351122747,0.005866058056426482,-0.0019648877253075625,0.006186389972708668,3.0931949863444694e-06,0.0030931949863444693,0.02689430280725899,0.0,0.02689430280725899,0.1639948255502563,0.1639948255502563
5,linear_cv,165,1.0,1220.0,670.0,1220.0084867769922,669.998273170001,0.008486776992185696,-0.001726829999029178,0.008660676968958003,4.3303384844519346e-06,0.004330338484451935,0.18193710378596373,0.0,0.18193710378596373,0.42654085828436616,0.42654085828436616
5,linear_cv,165,2.0,1260.0,690.0,1260.013728214864,689.9987492854538,0.013728214863931498,-0.0012507145462450353,0.013785070555730162,6.892535277755933e-06,0.006892535277755934,1.3805569523176144,0.0,1.3805569523176144,1.174971043182603,1.174971043182603
5,linear_cv,165,3.0,1300.0,710.0,1300.0189696527357,709.9992254009064,0.0189696527356773,-0.0007745990935745795,0.018985460981181253,9.49273049030549e-06,0.009492730490305488,4.597222462948253,0.0,4.597222462948253,2.144113444514598,2.144113444514598
5,linear_cv,165,4.0,1340.0,730.0,1340.0242110906074,729.9997015163591,0.024211090607423102,-0.0002984836409041236,0.024212930448104346,1.2106465223460704e-05,0.012106465223460705,10.831933635677881,0.0,10.831933635677881,3.2911903068157393,3.2911903068157393
5,linear_cv,165,5.0,1380.0,750.0,1380.0294525284792,750.0001776318119,0.029452528479168905,0.00017763181188001909,0.02945306413392072,1.4726532065895775e-05,0.014726532065895775,21.084690470506498,0.0,21.084690470506498,4.5918068851495155,4.5918068851495155
5,linear_cv,180,0.5,1220.0,670.0,1220.0076967655932,669.9982951160185,0.00769676559320942,-0.0017048839814606254,0.007883326073876012,3.9416630369175925e-06,0.003941663036917593,0.02689430278445734,0.0,0.02689430278445734,0.16399482548073688,0.16399482548073688
5,linear_cv,180,1.0,1240.0,680.0,1240.0088764916034,679.9961736819606,0.008876491603359682,-0.0038263180393869334,0.009666065017526667,4.833032508725703e-06,0.004833032508725703,0.18193710370231111,0.0,0.18193710370231111,0.4265408581863068,0.4265408581863068
5,linear_cv,180,2.0,1280.0,700.0,1280.011235943624,699.9919308138446,0.011235943623887579,-0.008069186155353236,0.013833227907069423,6.916613953424416e-06,0.006916613953424416,1.3805569519945013,0.0,1.3805569519945013,1.1749710430451048,1.1749710430451048
5,linear_cv,180,3.0,1320.0,720.0,1320.0135953956444,719.9876879457287,0.013595395644415476,-0.012312054271319539,0.018341795525741448,9.170897762613618e-06,0.009170897762613617,4.597222462228669,0.0,4.597222462228669,2.144113444346793,2.144113444346793
5,linear_cv,180,4.0,1360.0,740.0,1360.015954847665,739.9834450776127,0.015954847664943372,-0.016554922387285842,0.022991794607220353,1.149589730310376e-05,0.01149589730310376,10.831933634404812,0.0,10.831933634404812,3.291190306622334,3.291190306622334
5,linear_cv,180,5.0,1400.0,760.0,1400.0183142996855,759.9792022094967,0.01831429968547127,-0.020797790503252145,0.027712121224951692,1.3856060611589103e-05,0.013856060611589102,21.084690468522933,0.0,21.084690468522933,4.5918068849335265,4.5918068849335265
5,linear_cv,195,0.5,1240.0,680.0,1239.9879077717303,680.0034374632806,-0.012092228269693805,0.0034374632806475347,0.012571322059838502,6.285661029836469e-06,0.00628566102983647,0.02689430276953758,0.0,0.02689430276953758,0.16399482543524835,0.16399482543524835
5,linear_cv,195,1.0,1260.0,690.0,1259.9804934510312,690.0038996569666,-0.019506548968820425,0.0038996569666096548,0.019892530686924086,9.946265343134054e-06,0.009946265343134053,0.18193710366303087,0.0,0.18193710366303087,0.4265408581402617,0.4265408581402617
5,linear_cv,195,2.0,1300.0,710.0,1299.9656648096334,710.0048240443386,-0.03433519036661892,0.004824044338647582,0.0346724198938176,1.7336209945172034e-05,0.017336209945172033,1.3805569518716465,0.0,1.3805569518716465,1.1749710429928248,1.1749710429928248
5,linear_cv,195,3.0,1340.0,730.0,1339.9508361682354,730.0057484317107,-0.04916383176464478,0.005748431710685509,0.04949875575117732,2.4749377870535402e-05,0.024749377870535404,4.597222461975768,0.0,4.597222461975768,2.1441134442878176,2.1441134442878176
5,linear_cv,195,4.0,1380.0,750.0,1379.9360075268376,750.0066728190827,-0.06399247316244328,0.006672819082723436,0.06433943686384566,3.216971842082545e-05,0.03216971842082545,10.831933633975394,0.0,10.831933633975394,3.2911903065570964,3.2911903065570964
5,linear_cv,195,5.0,1420.0,770.0,1419.9211788854395,770.0075972064549,-0.07882111456046914,0.0075972064548750495,0.07918639811528616,3.959319903695403e-05,0.03959319903695403,21.084690467870526,0.0,21.084690467870526,4.591806884862486,4.591806884862486
5,linear_cv,210,0.5,1260.0,690.0,1259.9753726875258,690.0002701643422,-0.024627312474194696,0.00027016434216875496,0.024628794295974074,1.2314397147364568e-05,0.012314397147364568,0.026894302767915317,0.0,0.026894302767915317,0.16399482543030228,0.16399482543030228
5,linear_cv,210,1.0,1280.0,700.0,1279.9650376983404,699.999714458903,-0.03496230165956149,-0.00028554109701417474,0.034963467663437796,1.748173382993803e-05,0.01748173382993803,0.18193710365973767,0.0,0.18193710365973767,0.42654085813640136,0.42654085813640136
5,linear_cv,210,2.0,1320.0,720.0,1319.94436771997,719.9986030480246,-0.055632280030067705,-0.0013969519753800341,0.05564981631744518,2.7824908151541672e-05,0.027824908151541674,1.3805569518632097,0.0,1.3805569518632097,1.1749710429892346,1.1749710429892346
5,linear_cv,210,3.0,1360.0,740.0,1359.9236977415994,739.9974916371464,-0.07630225840057392,-0.0025083628536322067,0.076343477267108,3.8171738615014214e-05,0.03817173861501422,4.5972224619597855,0.0,4.5972224619597855,2.1441134442840903,2.1441134442840903
5,linear_cv,210,4.0,1400.0,760.0,1399.9030277632287,759.996380226268,-0.09697223677130751,-0.003619773731998066,0.09703977260021474,4.8519886262032533e-05,0.04851988626203253,10.831933633949463,0.0,10.831933633949463,3.291190306553157,3.291190306553157
5,linear_cv,210,5.0,1440.0,780.0,1439.882357784858,779.9952688153896,-0.1176422151420411,-0.0047311846103639255,0.11773731308019403,5.8868656472093536e-05,0.058868656472093536,21.084690467832246,0.0,21.084690467832246,4.591806884858317,4.591806884858317
5,linear_cv,225,0.5,1280.0,700.0,1280.0099759745494,699.9870530385415,0.009975974549433886,-0.012946961458510486,0.01634453667801901,8.172268338827574e-06,0.008172268338827574,0.026894302767890305,0.0,0.026894302767890305,0.163994825430226,0.163994825430226
5,linear_cv,225,1.0,1300.0,710.0,1300.0165642036584,709.9813633036694,0.016564203658390397,-0.018636696330645464,0.024933898470903583,1.24669492348059e-05,0.0124669492348059,0.18193710365965376,0.0,0.18193710365965376,0.426540858136303,0.426540858136303
5,linear_cv,225,2.0,1340.0,730.0,1340.0297406618765,729.969983833925,0.029740661876530794,-0.030016166075029105,0.04225490734456603,2.1127453669139466e-05,0.021127453669139467,1.380556951862837,0.0,1.380556951862837,1.1749710429890758,1.1749710429890758
5,linear_cv,225,3.0,1380.0,750.0,1380.042917120095,749.9586043641807,0.042917120094898564,-0.04139563581929906,0.059627827917206416,2.9813913949769646e-05,0.029813913949769646,4.5972224619588955,0.0,4.5972224619588955,2.144113444283883,2.144113444283883
5,linear_cv,225,4.0,1420.0,770.0,1420.056093578313,769.9472248944364,0.05609357831303896,-0.052775105563569014,0.07701753888048415,3.850876942120687e-05,0.038508769421206866,10.831933633947829,0.0,10.831933633947829,3.2911903065529087,3.2911903065529087
5,linear_cv,225,5.0,1460.0,790.0,1460.0692700365312,789.9358454246922,0.06927003653117936,-0.06415457530783897,0.09441476311446269,4.720738152216355e-05,0.04720738152216355,21.084690467829635,0.0,21.084690467829635,4.591806884858033,4.591806884858033
5,linear_cv,240,0.5,1300.0,710.0,1299.9996933012437,709.9836949911039,-0.00030669875627609144,-0.016305008896097206,0.016307893157269285,8.153946578453934e-06,0.008153946578453933,0.02689430276784422,0.0,0.02689430276784422,0.1639948254300855,0.1639948254300855
5,linear_cv,240,1.0,1320.0,720.0,1320.0005699218364,719.9784528414464,0.0005699218363588443,-0.021547158553630652,0.02155469444540695,1.0777347222286209e-05,0.010777347222286208,0.18193710365951557,0.0,0.18193710365951557,0.426540858136141,0.426540858136141
5,linear_cv,240,2.0,1360.0,740.0,1360.0023231630214,739.9679685421312,0.002323163021401342,-0.03203145786881123,0.03211559402572893,1.6057797011484282e-05,0.01605779701148428,1.3805569518623655,0.0,1.3805569518623655,1.1749710429888753,1.1749710429888753
5,linear_cv,240,3.0,1400.0,760.0,1400.0040764042067,759.9574842428159,0.004076404206671214,-0.042515757184105496,0.04271073261130023,2.135536630240373e-05,0.02135536630240373,4.597222461957892,0.0,4.597222461957892,2.144113444283649,2.144113444283649
5,linear_cv,240,4.0,1440.0,780.0,1440.0058296453917,779.9469999435007,0.005829645391713711,-0.053000056499286075,0.05331970324674215,2.6659851617054935e-05,0.026659851617054933,10.831933633946095,0.0,10.831933633946095,3.2911903065526453,3.2911903065526453
5,linear_cv,240,5.0,1480.0,800.0,1480.007582886577,799.9365156441855,0.007582886576983583,-0.06348435581446665,0.06393562076039619,3.1967810369308354e-05,0.031967810369308354,21.084690467826974,0.0,21.084690467826974,4.591806884857744,4.591806884857744
5,linear_cv,255,0.5,1320.0,720.0,1319.9983668836321,719.9910493017484,-0.001633116367884213,-0.00895069825162409,0.009098465159722152,4.5492325798296935e-06,0.004549232579829693,0.026894302767832824,0.0,0.026894302767832824,0.16399482543005076,0.16399482543005076
5,linear_cv,255,1.0,1340.0,730.0,1339.9991843302578,729.9881383748924,-0.0008156697422236903,-0.011861625107599139,0.011889636971817328,5.944818485838632e-06,0.0059448184858386325,0.18193710365948879,0.0,0.18193710365948879,0.4265408581361096,0.4265408581361096
5,linear_cv,255,2.0,1380.0,750.0,1380.0008192235086,749.9823165211806,0.0008192235086426081,-0.01768347881943555,0.01770244475530254,8.851222377420123e-06,0.008851222377420124,1.3805569518622884,0.0,1.3805569518622884,1.1749710429888425,1.1749710429888425
5,linear_cv,255,3.0,1420.0,770.0,1420.0024541167597,769.9764946674688,0.00245411675973628,-0.023505332531158274,0.023633098537236837,1.1816549268068433e-05,0.011816549268068433,4.597222461957738,0.0,4.597222461957738,2.144113444283613,2.144113444283613
5,linear_cv,255,4.0,1460.0,790.0,1460.0040890100108,789.970672813757,0.004089010010829952,-0.029327186242994685,0.02961087394522432,1.480543697153037e-05,0.01480543697153037,10.83193363394584,0.0,10.83193363394584,3.2911903065526062,3.2911903065526062
5,linear_cv,255,5.0,1500.0,810.0,1500.0057239032617,809.9648509600452,0.00572390326169625,-0.035149039954831096,0.035612049622221545,1.7806024809228946e-05,0.017806024809228948,21.08469046782659,0.0,21.08469046782659,4.591806884857702,4.591806884857702
5,linear_cv,270,0.5,1340.0,730.0,1340.0013667828516,730.0121204038796,0.0013667828516190639,0.012120403879634978,0.0121972245026871,6.098612251267941e-06,0.006098612251267941,0.026894302767832362,0.0,0.026894302767832362,0.16399482543004934,0.16399482543004934
5,linear_cv,270,1.0,1360.0,740.0,1360.000038771954,740.0170331422979,3.8771953995819786e-05,0.017033142297918857,0.017033186425492123,8.516593212540151e-06,0.008516593212540152,0.18193710365948806,0.0,0.18193710365948806,0.42654085813610876,0.42654085813610876
5,linear_cv,270,2.0,1400.0,760.0,1399.997382750159,760.0268586191345,-0.0026172498410232947,0.026858619134486617,0.026985837369660166,1.3492918684011248e-05,0.013492918684011248,1.3805569518622869,0.0,1.3805569518622869,1.1749710429888418,1.1749710429888418
5,linear_cv,270,3.0,1440.0,780.0,1439.994726728364,780.036684095971,-0.005273271636042409,0.036684095971054376,0.0370611695843644,1.8530584790061174e-05,0.018530584790061175,4.5972224619577355,0.0,4.5972224619577355,2.1441134442836125,2.1441134442836125
5,linear_cv,270,4.0,1480.0,800.0,1479.992070706569,800.0465095728077,-0.007929293431061524,0.04650957280773582,0.0471806534193196,2.3590326705283767e-05,0.023590326705283767,10.831933633945834,0.0,10.831933633945834,3.2911903065526054,3.2911903065526054
5,linear_cv,270,5.0,1520.0,820.0,1519.989414684774,820.0563350496443,-0.010585315226080638,0.05633504964430358,0.05732090994446654,2.8660454964385834e-05,0.028660454964385833,21.084690467826583,0.0,21.084690467826583,4.591806884857701,4.591806884857701
5,linear_cv,285,0.5,1360.0,740.0,1359.9953536619014,740.0020705025611,-0.004646338098609704,0.0020705025610823213,0.005086790597423929,2.5433952987064803e-06,0.00254339529870648,0.026894302767832282,0.0,0.026894302767832282,0.16399482543004912,0.16399482543004912
5,linear_cv,285,1.0,1380.0,750.0,1379.9923682098406,750.0010523563095,-0.007631790159393859,0.0010523563095148347,0.007704003818742344,3.85200190935212e-06,0.00385200190935212,0.18193710365948776,0.0,0.18193710365948776,0.4265408581361084,0.4265408581361084
5,linear_cv,285,2.0,1420.0,770.0,1419.9863973057195,769.9990160638065,-0.013602694280507421,-0.0009839361935064517,0.013638233834402505,6.819116917095555e-06,0.006819116917095556,1.3805569518622858,0.0,1.3805569518622858,1.1749710429888414,1.1749710429888414
5,linear_cv,285,3.0,1460.0,790.0,1459.9804264015982,789.9969797713034,-0.019573598401848358,-0.003020228696641425,0.019805240109043287,9.902620054197952e-06,0.009902620054197953,4.597222461957733,0.0,4.597222461957733,2.1441134442836116,2.1441134442836116
5,linear_cv,285,4.0,1500.0,810.0,1499.9744554974768,809.9949434788003,-0.025544502523189294,-0.005056521199662711,0.02604016159319797,1.3020080795863251e-05,0.013020080795863252,10.83193363394583,0.0,10.83193363394583,3.291190306552605,3.291190306552605
5,linear_cv,285,5.0,1540.0,830.0,1539.9684845933557,829.9929071862972,-0.03151540664430286,-0.0070928137027976845,0.032303697345325094,1.615184867125797e-05,0.01615184867125797,21.084690467826576,0.0,21.084690467826576,4.5918068848577,4.5918068848577
6,linear_cv,60,0.5,1060.0,590.0,1060.0161783871415,590.0113627275706,0.01617838714150821,0.011362727570599418,0.019769971885265247,9.884985942310659e-06,0.009884985942310659,0.026905574491387148,0.0,0.026905574491387148,0.16402918792515905,0.16402918792515905
6,linear_cv,60,1.0,1080.0,600.0,1080.025621152776,600.0170298508093,0.025621152776011513,0.0170298508093083,0.030764578465485613,1.538228923152958e-05,0.015382289231529582,0.1819731994633959,0.0,0.1819731994633959,0.4265831682842115,0.4265831682842115
6,linear_cv,60,2.0,1120.0,620.0,1120.0445066840452,620.0283640972867,0.04450668404524549,0.028364097286726064,0.05277657567135415,2.6388287829551987e-05,0.026388287829551986,1.3806867190559946,0.0,1.3806867190559946,1.1750262631345711,1.1750262631345711
6,linear_cv,60,3.0,1160.0,640.0,1160.0633922153143,640.039698343764,0.0633922153142521,0.03969834376403014,0.07479660059157507,3.739830027835204e-05,0.03739830027835204,4.597504598180035,0.0,4.597504598180035,2.144179236486548,2.144179236486548
6,linear_cv,60,4.0,1200.0,660.0,1200.0822777465833,660.0510325902414,0.0822777465832587,0.051032590241447906,0.09681917604261288,4.8409587983490676e-05,0.048409587983490675,10.832426836835518,0.0,10.832426836835518,3.2912652334376697,3.2912652334376697
6,linear_cv,60,5.0,1240.0,680.0,1240.1011632778525,680.0623668367189,0.10116327785249268,0.06236683671886567,0.11884288412933391,5.942144199472974e-05,0.05942144199472974,21.08545343502244,0.0,21.08545343502244,4.591889963296425,4.591889963296425
6,linear_cv,75,0.5,1080.0,600.0,1079.9881771067137,600.0256471951311,-0.01182289328630759,0.02564719513111413,0.02824109459197468,1.4120547295048841e-05,0.014120547295048842,0.026898992663005855,0.0,0.026898992663005855,0.1640091237187915,0.1640091237187915
6,linear_cv,75,1.0,1100.0,610.0,1099.9841557006098,610.0374967786496,-0.015844299390209926,0.03749677864959722,0.040706881878418255,2.0353440936398572e-05,0.020353440936398574,0.181949164069561,0.0,0.181949164069561,0.42655499536350644,0.42655499536350644
6,linear_cv,75,2.0,1140.0,630.0,1139.9761128884024,630.0611959456868,-0.02388711159755985,0.061195945686790765,0.06569275354995346,3.284637676316425e-05,0.03284637676316425,1.3805941441614513,0.0,1.3805941441614513,1.1749868697825738,1.1749868697825738
6,linear_cv,75,3.0,1180.0,650.0,1179.9680700761949,650.0848951127239,-0.03192992380513715,0.08489511272387062,0.09070115875004335,4.535057934393121e-05,0.04535057934393121,4.5972986406250484,0.0,4.5972986406250484,2.144131208817466,2.144131208817466
6,linear_cv,75,4.0,1220.0,670.0,1219.9600272639873,670.108594279761,-0.03997273601271445,0.10859427976095049,0.11571748883008885,5.785874435048112e-05,0.05785874435048112,10.832062653460351,0.0,10.832062653460351,3.291209907231739,3.291209907231739
6,linear_cv,75,5.0,1260.0,690.0,1259.9519844517797,690.132293446798,-0.04801554822029175,0.13229344679803035,0.1407375178713851,7.036875881954277e-05,0.07036875881954277,21.08488618266736,0.0,21.08488618266736,4.5918281961183345,4.5918281961183345
6,linear_cv,90,0.5,1100.0,610.0,1100.016315736557,610.0182439376831,0.016315736557089622,0.018243937683109834,0.024475386035475433,1.2237693017126805e-05,0.012237693017126806,0.026894777890408124,0.0,0.026894777890408124,0.16399627401379618,0.16399627401379618
6,linear_cv,90,1.0,1120.0,620.0,1120.0243155055489,620.0239373829525,0.024315505548884175,0.023937382952453845,0.03412099225858247,1.7060496127636023e-05,0.017060496127636025,0.18193808888525917,0.0,0.18193808888525917,0.4265420130365345,0.4265420130365345
6,linear_cv,90,2.0,1160.0,640.0,1160.0403150435327,640.035324273491,0.040315043532700656,0.03532427349102818,0.05360137155626249,2.6800685771714474e-05,0.026800685771714475,1.380559551442633,0.0,1.380559551442633,1.174972149219986,1.174972149219986
6,linear_cv,90,3.0,1200.0,660.0,1200.0563145815163,660.0467111640296,0.05631458151628976,0.046711164029602514,0.07316600943303711,3.658300470019868e-05,0.03658300470019868,4.597227468090236,0.0,4.597227468090236,2.144114611696454,2.144114611696454
6,linear_cv,90,4.0,1240.0,680.0,1240.0723141194999,680.0580980545682,0.07231411949987887,0.05809805456817685,0.09276160748741699,4.63808037104507e-05,0.046380803710450696,10.831941838828067,0.0,10.831941838828067,3.2911915530439835,3.2911915530439835
6,linear_cv,90,5.0,1280.0,700.0,1280.0883136574837,700.0694849451068,0.08831365748369535,0.06948494510675118,0.11237197023562276,5.6185985058687524e-05,0.05618598505868752,21.084702663656127,0.0,21.084702663656127,4.59180821285647,4.59180821285647
6,linear_cv,105,0.5,1120.0,620.0,1120.0178050624947,620.0085425373866,0.01780506249474456,0.008542537386574622,0.019748296013651016,9.874148006504604e-06,0.009874148006504603,0.02689432630076509,0.0,0.02689432630076509,0.1639948971790436,0.1639948971790436
6,linear_cv,105,1.0,1140.0,630.0,1140.0250833168293,630.0084402001033,0.025083316829295654,0.008440200103336792,0.02646525573167947,1.323262786506738e-05,0.013232627865067379,0.18193717492667874,0.0,0.18193717492667874,0.4265409416769728,0.4265409416769728
6,linear_cv,105,2.0,1180.0,650.0,1180.0396398254986,650.008235525537,0.039639825498625214,0.00823552553697482,0.04048628961057832,2.024314480252405e-05,0.02024314480252405,1.3805572158828643,0.0,1.3805572158828643,1.174971155340787,1.174971155340787
6,linear_cv,105,3.0,1220.0,670.0,1220.0541963341677,670.0080308509706,0.0541963341677274,0.008030850970612846,0.05478811189055679,2.7394055938425914e-05,0.027394055938425914,4.597223048444861,0.0,4.597223048444861,2.144113581050421,2.144113581050421
6,linear_cv,105,4.0,1260.0,690.0,1260.0687528428368,690.0078261764043,0.06875284283682959,0.007826176404250873,0.06919683833280421,3.4598419152596756e-05,0.03459841915259675,10.831934672612668,0.0,10.831934672612668,3.291190464347615,3.291190464347615
6,linear_cv,105,5.0,1300.0,710.0,1300.0833093515062,710.007621501838,0.08330935150615915,0.007621501838002587,0.08365724916971307,4.18286245604616e-05,0.0418286245604616,21.084692088386284,0.0,21.084692088386284,4.591807061319789,4.591807061319789
6,linear_cv,120,0.5,1140.0,630.0,1140.0127733217194,629.9875730559161,0.01277332171935086,-0.012426944083927083,0.01782096201138117,8.910481005454764e-06,0.008910481005454763,0.02689431924017275,0.0,0.02689431924017275,0.16399487565217624,0.16399487565217624
6,linear_cv,120,1.0,1160.0,640.0,1160.0165724838482,639.9796608881493,0.016572483848221964,-0.020339111850717018,0.02623598086170127,1.3117990430098179e-05,0.013117990430098179,0.18193715068894867,0.0,0.18193715068894867,0.42654091326500987,0.42654091326500987
6,linear_cv,120,2.0,1200.0,660.0,1200.0241708081062,659.9638365526158,0.024170808106191544,-0.0361634473841832,0.04349738947586305,2.174869473450244e-05,0.02174869473450244,1.38055710781602,0.0,1.38055710781602,1.1749711093537663,1.1749711093537663
6,linear_cv,120,3.0,1240.0,680.0,1240.031769132364,679.9480122170824,0.03176913236393375,-0.05198778291764938,0.060926245115301335,3.0463122548227388e-05,0.030463122548227386,4.5972227905824505,0.0,4.5972227905824505,2.1441135209177826,2.1441135209177826
6,linear_cv,120,4.0,1280.0,700.0,1280.039367456622,699.9321878815489,0.03936745662190333,-0.06781211845111557,0.07841096893742334,3.920548444862448e-05,0.039205484448624484,10.83193419898824,0.0,10.83193419898824,3.2911903923942534,3.2911903923942534
6,linear_cv,120,5.0,1320.0,720.0,1320.0469657808796,719.9163635460154,0.046965780879645536,-0.08363645398458175,0.09592101442723559,4.796050717684471e-05,0.04796050717684471,21.084691333033387,0.0,21.084691333033387,4.59180697906972,4.59180697906972
6,linear_cv,135,0.5,1160.0,640.0,1159.9978312778387,640.006407703992,-0.002168722161286496,0.006407703991953895,0.006764763577639432,3.3823817888068175e-06,0.0033823817888068174,0.026894306131107992,0.0,0.026894306131107992,0.16399483568426168,0.16399483568426168
6,linear_cv,135,1.0,1180.0,650.0,1179.994406556656,650.0078011261759,-0.005593443343968829,0.007801126175877471,0.009599175904948812,4.799587952437552e-06,0.004799587952437552,0.1819371114838094,0.0,0.1819371114838094,0.42654086730793966,0.42654086730793966
6,linear_cv,135,2.0,1220.0,670.0,1219.9875571142904,670.0105879705438,-0.01244288570956087,0.01058797054383831,0.016338008600144078,8.169004299890326e-06,0.008169004299890327,1.3805569742960409,0.0,1.3805569742960409,1.1749710525353554,1.1749710525353554
6,linear_cv,135,3.0,1260.0,690.0,1259.980707671925,690.0133748149118,-0.019292328074925535,0.013374814911799149,0.02347508458931394,1.1737542294117944e-05,0.011737542294117944,4.597222506584044,0.0,4.597222506584044,2.1441134546903164,2.1441134546903164
6,linear_cv,135,4.0,1300.0,710.0,1299.9738582295597,710.0161616592798,-0.026141770440290202,0.016161659279759988,0.030734205576651605,1.5367102787116164e-05,0.015367102787116164,10.831933708347819,0.0,10.831933708347819,3.2911903178558086,3.2911903178558086
6,linear_cv,135,5.0,1340.0,730.0,1339.9670087871943,730.0189485036477,-0.03299121280565487,0.018948503647720827,0.03804557678463681,1.9022788390023836e-05,0.019022788390023835,21.084690579587363,0.0,21.084690579587363,4.591806897027287,4.591806897027287
6,linear_cv,150,0.5,1180.0,650.0,1179.9868482719737,649.9955892029734,-0.013151728026286946,-0.004410797026594082,0.013871664661720767,6.935832330749166e-06,0.006935832330749166,0.026894302934260268,0.0,0.026894302934260268,0.1639948259374675,0.1639948259374675
6,linear_cv,150,1.0,1200.0,660.0,1199.9803502669638,659.9930336685491,-0.019649733036203543,-0.006966331450939833,0.02084806423336283,1.0424032116303854e-05,0.010424032116303853,0.18193710398793245,0.0,0.18193710398793245,0.42654085852111806,0.42654085852111806
6,linear_cv,150,2.0,1240.0,680.0,1239.9673542569442,679.9879225997003,-0.03264574305580936,-0.012077400299745022,0.034808161940358275,1.7404080968421893e-05,0.017404080968421894,1.3805569527522947,0.0,1.3805569527522947,1.174971043367578,1.174971043367578
6,linear_cv,150,3.0,1280.0,700.0,1279.9543582469244,699.9828115308514,-0.045641753075642555,-0.01718846914855021,0.04877102721379353,2.4385513602063126e-05,0.024385513602063126,4.597222463726014,0.0,4.597222463726014,2.144113444695969,2.144113444695969
6,linear_cv,150,4.0,1320.0,720.0,1319.9413622369048,719.9777004620026,-0.058637763095248374,-0.0222995379973554,0.06273481215170705,3.136740606556591e-05,0.03136740606556591,10.83193363690909,0.0,10.83193363690909,3.2911903070027857,3.2911903070027857
6,linear_cv,150,5.0,1360.0,740.0,1359.928366226885,739.9725893931538,-0.07163377311508157,-0.02741060684616059,0.07669901445506173,3.8349507208730855e-05,0.03834950720873086,21.084690472301524,0.0,21.084690472301524,4.591806885344975,4.591806885344975
6,linear_cv,165,0.5,1200.0,660.0,1200.006125681153,659.9830041630045,0.006125681152980178,-0.016995836995533864,0.018066057809238135,9.033028904373383e-06,0.009033028904373382,0.02689430280725899,0.0,0.02689430280725899,0.1639948255502563,0.1639948255502563
6,linear_cv,165,1.0,1220.0,670.0,1220.0082731325451,669.974498442126,0.008273132545127737,-0.02550155787400854,0.026809964119906216,1.3404982059150178e-05,0.013404982059150177,0.18193710378596373,0.0,0.18193710378596373,0.42654085828436616,0.42654085828436616
6,linear_cv,165,2.0,1260.0,690.0,1260.0125680353294,689.9574870003693,0.012568035329422855,-0.04251299963073052,0.04433182434373882,2.2165912168239168e-05,0.02216591216823917,1.3805569523176144,0.0,1.3805569523176144,1.174971043182603,1.174971043182603
6,linear_cv,165,3.0,1300.0,710.0,1300.0168629381137,709.9404755586124,0.016862938113717973,-0.059524441387566185,0.06186693627721422,3.093346812874058e-05,0.030933468128740583,4.597222462948253,0.0,4.597222462948253,2.144113444514598,2.144113444514598
6,linear_cv,165,4.0,1340.0,730.0,1340.021157840898,729.9234641168556,0.02115784089801309,-0.07653588314440185,0.0794065213956585,3.970326067696719e-05,0.03970326067696719,10.831933635677881,0.0,10.831933635677881,3.2911903068157393,3.2911903068157393
6,linear_cv,165,5.0,1380.0,750.0,1380.0254527436823,749.9064526750988,0.02545274368230821,-0.09354732490123752,0.09694815190159622,4.847407591283102e-05,0.04847407591283102,21.084690470506498,0.0,21.084690470506498,4.5918068851495155,4.5918068851495155
6,linear_cv,180,0.5,1220.0,670.0,1219.9974846807615,669.9963174472068,-0.0025153192384550493,-0.0036825527931796387,0.00445959930328917,2.229799651640889e-06,0.002229799651640889,0.02689430278445734,0.0,0.02689430278445734,0.16399482548073688,0.16399482548073688
6,linear_cv,180,1.0,1240.0,680.0,1239.9940843296456,679.9959149068417,-0.005915670354397662,-0.004085093158323616,0.007189098820720284,3.59454941034466e-06,0.00359454941034466,0.18193710370231111,0.0,0.18193710370231111,0.4265408581863068,0.4265408581863068
6,linear_cv,180,2.0,1280.0,700.0,1279.987283627414,699.9951098261114,-0.012716372586055513,-0.004890173888611571,0.0136242406176727,6.812120308730978e-06,0.006812120308730979,1.3805569519945013,0.0,1.3805569519945013,1.1749710430451048,1.1749710430451048
6,linear_cv,180,3.0,1320.0,720.0,1319.9804829251825,719.994304745381,-0.01951707481748599,-0.0056952546190132125,0.020331063292576147,1.0165531645937913e-05,0.010165531645937913,4.597222462228669,0.0,4.597222462228669,2.144113444346793,2.144113444346793
6,linear_cv,180,4.0,1360.0,740.0,1359.9736822229509,739.9934996646507,-0.026317777049143842,-0.006500335349301167,0.027108665560329905,1.3554332779334885e-05,0.013554332779334885,10.831933634404812,0.0,10.831933634404812,3.291190306622334,3.291190306622334
6,linear_cv,180,5.0,1400.0,760.0,1399.9668815207192,759.9926945839204,-0.033118479280801694,-0.007305416079589122,0.03391463952290825,1.6957319759828764e-05,0.016957319759828764,21.084690468522933,0.0,21.084690468522933,4.5918068849335265,4.5918068849335265
6,linear_cv,195,0.5,1240.0,680.0,1239.9887349212731,679.9876767755845,-0.011265078726864886,-0.012323224415467848,0.016696222887720644,8.348111443666392e-06,0.008348111443666392,0.02689430276953758,0.0,0.02689430276953758,0.16399482543524835,0.16399482543524835
6,linear_cv,195,1.0,1260.0,690.0,1259.9835446389116,689.983684105545,-0.016455361088446807,-0.01631589445503323,0.023172986868743386,1.1586493433853209e-05,0.011586493433853208,0.18193710366303087,0.0,0.18193710366303087,0.4265408581402617,0.4265408581402617
6,linear_cv,195,2.0,1300.0,710.0,1299.9731640741884,709.9756987654661,-0.02683592581161065,-0.024301234533936622,0.036203824577517564,1.8101912286781578e-05,0.01810191228678158,1.3805569518716465,0.0,1.3805569518716465,1.1749710429928248,1.1749710429928248
6,linear_cv,195,3.0,1340.0,730.0,1339.9627835094652,729.967713425387,-0.03721649053477449,-0.0322865746129537,0.04926956533157955,2.4634782660806385e-05,0.024634782660806386,4.597222461975768,0.0,4.597222461975768,2.1441134442878176,2.1441134442878176
6,linear_cv,195,4.0,1380.0,750.0,1379.952402944742,749.959728085308,-0.04759705525793834,-0.04027191469197078,0.06234827008173208,3.117413503076742e-05,0.031174135030767422,10.831933633975394,0.0,10.831933633975394,3.2911903065570964,3.2911903065570964
6,linear_cv,195,5.0,1420.0,770.0,1419.9420223800191,769.951742745229,-0.057977619980874806,-0.048257254770987856,0.07543319598610922,3.771659797517013e-05,0.03771659797517013,21.084690467870526,0.0,21.084690467870526,4.591806884862486,4.591806884862486
6,linear_cv,210,0.5,1260.0,690.0,1259.9988179897427,690.0025537068015,-0.0011820102572528413,0.002553706801450062,0.0028139947896226166,1.40699739481038e-06,0.00140699739481038,0.026894302767915317,0.0,0.026894302767915317,0.16399482543030228,0.16399482543030228
6,linear_cv,210,1.0,1280.0,700.0,1280.000442725339,700.0042693557131,0.0004427253390986152,0.004269355713063305,0.004292249285694654,2.1461246428440322e-06,0.002146124642844032,0.18193710365973767,0.0,0.18193710365973767,0.42654085813640136,0.42654085813640136
6,linear_cv,210,2.0,1320.0,720.0,1320.0036921965318,720.0077006535363,0.003692196531801528,0.007700653536289792,0.008540045674082763,4.270022837015429e-06,0.004270022837015429,1.3805569518632097,0.0,1.3805569518632097,1.1749710429892346,1.1749710429892346
6,linear_cv,210,3.0,1360.0,740.0,1360.0069416677247,740.0111319513595,0.006941667724731815,0.011131951359516279,0.013118959252593923,6.559479626202884e-06,0.006559479626202884,4.5972224619597855,0.0,4.5972224619597855,2.1441134442840903,2.1441134442840903
6,linear_cv,210,4.0,1400.0,760.0,1400.0101911389174,760.0145632491827,0.010191138917434728,0.014563249182742766,0.017774913197906497,8.88745659871925e-06,0.008887456598719251,10.831933633949463,0.0,10.831933633949463,3.291190306553157,3.291190306553157
6,linear_cv,210,5.0,1440.0,780.0,1440.0134406101101,780.0179945470061,0.01344061011013764,0.01799454700608294,0.02246004724142099,1.123002362023841e-05,0.011230023620238411,21.084690467832246,0.0,21.084690467832246,4.591806884858317,4.591806884858317
6,linear_cv,225,0.5,1280.0,700.0,1279.9993145131418,699.9925059735673,-0.0006854868581740448,-0.007494026432709688,0.007525312246470629,3.7626561232175576e-06,0.0037626561232175578,0.026894302767890305,0.0,0.026894302767890305,0.163994825430226,0.163994825430226
6,linear_cv,225,1.0,1300.0,710.0,1299.99852113498,709.9901731010814,-0.00147886502008987,-0.009826898918618099,0.00993755423151909,4.968777115718654e-06,0.004968777115718654,0.18193710365965376,0.0,0.18193710365965376,0.426540858136303,0.426540858136303
6,linear_cv,225,2.0,1340.0,730.0,1339.9969343786559,729.9855073561095,-0.0030656213441488944,-0.014492643890548607,0.01481333052233552,7.40666526103232e-06,0.00740666526103232,1.380556951862837,0.0,1.380556951862837,1.1749710429890758,1.1749710429890758
6,linear_cv,225,3.0,1380.0,750.0,1379.995347622332,749.9808416111376,-0.004652377667980545,-0.019158388862365427,0.01971518404091455,9.857592020137981e-06,0.009857592020137982,4.5972224619588955,0.0,4.5972224619588955,2.144113444283883,2.144113444283883
6,linear_cv,225,4.0,1420.0,770.0,1419.993760866008,769.9761758661658,-0.006239133992039569,-0.02382413383418225,0.02462754851623789,1.231377425749657e-05,0.01231377425749657,10.831933633947829,0.0,10.831933633947829,3.2911903065529087,3.2911903065529087
6,linear_cv,225,5.0,1460.0,790.0,1459.9921741096841,789.9715101211939,-0.00782589031587122,-0.028489878806112756,0.02954518156354839,1.4772590780699589e-05,0.014772590780699589,21.084690467829635,0.0,21.084690467829635,4.591806884858033,4.591806884858033
6,linear_cv,240,0.5,1300.0,710.0,1300.0076968209355,709.9935306588018,0.007696820935507276,-0.006469341198226175,0.010054522766015778,5.027261382965537e-06,0.005027261382965537,0.02689430276784422,0.0,0.02689430276784422,0.1639948254300855,0.1639948254300855
6,linear_cv,240,1.0,1320.0,720.0,1320.0107194974917,719.9919564357746,0.010719497491663788,-0.00804356422543151,0.013401736899462988,6.700868449631201e-06,0.006700868449631201,0.18193710365951557,0.0,0.18193710365951557,0.426540858136141,0.426540858136141
6,linear_cv,240,2.0,1360.0,740.0,1360.0167648506044,739.9888079897202,0.016764850604431558,-0.01119201027984218,0.020157413273855406,1.0078706636586436e-05,0.010078706636586436,1.3805569518623655,0.0,1.3805569518623655,1.1749710429888753,1.1749710429888753
6,linear_cv,240,3.0,1400.0,760.0,1400.022810203717,759.9856595436657,0.022810203716971955,-0.014340456334252849,0.026943535059163522,1.3471767528766772e-05,0.013471767528766772,4.597222461957892,0.0,4.597222461957892,2.144113444283649,2.144113444283649
6,linear_cv,240,4.0,1440.0,780.0,1440.0288555568297,779.9825110976113,0.028855556829739726,-0.01748890238866352,0.0337417377548125,1.6870868875805617e-05,0.016870868875805616,10.831933633946095,0.0,10.831933633946095,3.2911903065526453,3.2911903065526453
6,linear_cv,240,5.0,1480.0,800.0,1480.0349009099423,799.9793626515569,0.03490090994228012,-0.020637348443074188,0.0405459451185936,2.0272972556519448e-05,0.02027297255651945,21.084690467826974,0.0,21.084690467826974,4.591806884857744,4.591806884857744
6,linear_cv,255,0.5,1320.0,720.0,1320.0141256229317,719.9851299262497,0.014125622931715043,-0.014870073750330448,0.020509810251420187,1.0254905125350615e-05,0.010254905125350615,0.026894302767832824,0.0,0.026894302767832824,0.16399482543005076,0.16399482543005076
6,linear_cv,255,1.0,1340.0,730.0,1340.0174929911036,729.9793776226219,0.0174929911036088,-0.020622377378117562,0.02704232213543119,1.3521161066891608e-05,0.013521161066891609,0.18193710365948879,0.0,0.18193710365948879,0.4265408581361096,0.4265408581361096
6,linear_cv,255,2.0,1380.0,750.0,1380.0242277274476,749.9678730153663,0.024227727447623693,-0.03212698463369179,0.040238363770533796,2.011918188255227e-05,0.02011918188255227,1.3805569518622884,0.0,1.3805569518622884,1.1749710429888425,1.1749710429888425
6,linear_cv,255,3.0,1420.0,770.0,1420.0309624637916,769.9563684081107,0.030962463791638584,-0.04363159188926602,0.05350130816008142,2.675065407365981e-05,0.02675065407365981,4.597222461957738,0.0,4.597222461957738,2.144113444283613,2.144113444283613
6,linear_cv,255,4.0,1460.0,790.0,1460.0376972001359,789.944863800855,0.03769720013588085,-0.055136199144953935,0.06679131196672719,3.339565597094854e-05,0.03339565597094854,10.83193363394584,0.0,10.83193363394584,3.2911903065526062,3.2911903065526062
6,linear_cv,255,5.0,1500.0,810.0,1500.04443193648,809.9333591935995,0.04443193647989574,-0.06664080640052816,0.0800949065613174,4.004745325924935e-05,0.040047453259249355,21.08469046782659,0.0,21.08469046782659,4.591806884857702,4.591806884857702
6,linear_cv,270,0.5,1340.0,730.0,1339.9883766387964,730.0079059261459,-0.01162336120364671,0.007905926145895137,0.01405724702403667,7.028623511902593e-06,0.007028623511902594,0.026894302767832362,0.0,0.026894302767832362,0.16399482543004934,0.16399482543004934
6,linear_cv,270,1.0,1360.0,740.0,1359.9803376006093,740.0135111993918,-0.019662399390654173,0.013511199391814444,0.023857125954376075,1.1928562976622263e-05,0.011928562976622264,0.18193710365948806,0.0,0.18193710365948806,0.42654085813610876,0.42654085813610876
6,linear_cv,270,2.0,1400.0,760.0,1399.9642595242349,760.0247217458835,-0.03574047576512385,0.02472174588353937,0.04345740819984207,2.1728704096501398e-05,0.0217287040965014,1.3805569518622869,0.0,1.3805569518622869,1.1749710429888418,1.1749710429888418
6,linear_cv,270,3.0,1440.0,780.0,1439.9481814478606,780.0359322923753,-0.05181855213936615,0.035932292375264296,0.06305784630925548,3.152892314418039e-05,0.03152892314418039,4.5972224619577355,0.0,4.5972224619577355,2.1441134442836125,2.1441134442836125
6,linear_cv,270,4.0,1480.0,800.0,1479.9321033714862,800.047142838867,-0.06789662851383582,0.04714283886698922,0.08265832940475347,4.1329164678845284e-05,0.04132916467884529,10.831933633945834,0.0,10.831933633945834,3.2911903065526054,3.2911903065526054
6,linear_cv,270,5.0,1520.0,820.0,1519.916025295112,820.0583533853587,-0.08397470488807812,0.05835338535871415,0.10225883161792142,5.112941576440624e-05,0.05112941576440624,21.084690467826583,0.0,21.084690467826583,4.591806884857701,4.591806884857701
6,linear_cv,285,0.5,1360.0,740.0,1359.9877840922654,739.9979025703175,-0.012215907734571374,-0.002097429682521579,0.012394660667105142,6.197330333473231e-06,0.006197330333473231,0.026894302767832282,0.0,0.026894302767832282,0.16399482543004912,0.16399482543004912
6,linear_cv,285,1.0,1380.0,750.0,1379.9833163349613,749.9964892363218,-0.016683665038726758,-0.003510763678150397,0.017049051021339974,8.524525510463502e-06,0.008524525510463503,0.18193710365948776,0.0,0.18193710365948776,0.4265408581361084,0.4265408581361084
6,linear_cv,285,2.0,1420.0,770.0,1419.9743808203532,769.9936625683304,-0.025619179646810153,-0.006337431669635407,0.02639138885967977,1.3195694429073979e-05,0.013195694429073979,1.3805569518622858,0.0,1.3805569518622858,1.1749710429888414,1.1749710429888414
6,linear_cv,285,3.0,1460.0,790.0,1459.9654453057449,789.9908359003389,-0.03455469425512092,-0.009164099661120417,0.03574923240663824,1.7874616201415463e-05,0.017874616201415464,4.597222461957733,0.0,4.597222461957733,2.1441134442836116,2.1441134442836116
6,linear_cv,285,4.0,1500.0,810.0,1499.9565097911368,809.9880092323475,-0.043490208863204316,-0.01199076765249174,0.04511293357631686,2.25564667843329e-05,0.022556466784332898,10.83193363394583,0.0,10.83193363394583,3.291190306552605,3.291190306552605
6,linear_cv,285,5.0,1540.0,830.0,1539.9475742765285,829.9851825643561,-0.052425723471515084,-0.014817435643863064,0.05447947210254328,2.7239736044534317e-05,0.027239736044534318,21.084690467826576,0.0,21.084690467826576,4.5918068848577,4.5918068848577
7,linear_cv,60,0.5,1060.0,590.0,1060.0088180879957,590.0072343233735,0.00881808799567807,0.007234323373495499,0.011405880525931568,5.702940262903957e-06,0.0057029402629039565,0.026905574491387148,0.0,0.026905574491387148,0.16402918792515905,0.16402918792515905
7,linear_cv,60,1.0,1080.0,600.0,1080.0126587853001,600.0093120827223,0.012658785300118325,0.009312082722317427,0.015714952430783063,7.857476215229825e-06,0.007857476215229826,0.1819731994633959,0.0,0.1819731994633959,0.4265831682842115,0.4265831682842115
7,linear_cv,60,2.0,1120.0,620.0,1120.0203401799088,620.0134676014202,0.02034017990877146,0.013467601420188657,0.02439465529033476,1.2197327644562496e-05,0.012197327644562496,1.3806867190559946,0.0,1.3806867190559946,1.1750262631345711,1.1750262631345711
7,linear_cv,60,3.0,1160.0,640.0,1160.0280215745177,640.0176231201181,0.02802157451765197,0.017623120118059887,0.03310261320717579,1.655130660207651e-05,0.01655130660207651,4.597504598180035,0.0,4.597504598180035,2.144179236486548,2.144179236486548
7,linear_cv,60,4.0,1200.0,660.0,1200.0357029691265,660.0217786388158,0.03570296912653248,0.02177863881581743,0.04182118019759798,2.0910590095751252e-05,0.020910590095751254,10.832426836835518,0.0,10.832426836835518,3.2912652334376697,3.2912652334376697
7,linear_cv,60,5.0,1240.0,680.0,1240.0433843637354,680.0259341575136,0.04338436373541299,0.025934157513574974,0.050544866630208206,2.5272433309723637e-05,0.025272433309723636,21.08545343502244,0.0,21.08545343502244,4.591889963296425,4.591889963296425
7,linear_cv,75,0.5,1080.0,600.0,1079.9793327611405,600.0030247379237,-0.020667238859459758,0.00302473792373803,0.02088740772765406,1.0443703863447329e-05,0.01044370386344733,0.026898992663005855,0.0,0.026898992663005855,0.1640091237187915,0.1640091237187915
7,linear_cv,75,1.0,1100.0,610.0,1099.97011451102,610.0023746172512,-0.029885488979971342,0.0023746172512346675,0.02997968076317441,1.498984038046449e-05,0.01498984038046449,0.181949164069561,0.0,0.181949164069561,0.42655499536350644,0.42655499536350644
7,linear_cv,75,2.0,1140.0,630.0,1139.9516780107788,630.0010743759063,-0.048321989221221884,0.0010743759063416292,0.04833393141349058,2.4166965702040444e-05,0.024166965702040445,1.3805941441614513,0.0,1.3805941441614513,1.1749868697825738,1.1749868697825738
7,linear_cv,75,3.0,1180.0,650.0,1179.9332415105378,649.9997741345616,-0.06675848946224505,-0.00022586543843772233,0.06675887154885832,3.337943576203218e-05,0.03337943576203218,4.5972986406250484,0.0,4.5972986406250484,2.144131208817466,2.144131208817466
7,linear_cv,75,4.0,1220.0,670.0,1219.9148050102967,669.9984738932167,-0.08519498970326822,-0.0015261067833307607,0.08520865726235866,4.260432860540188e-05,0.042604328605401885,10.832062653460351,0.0,10.832062653460351,3.291209907231739,3.291209907231739
7,linear_cv,75,5.0,1260.0,690.0,1259.8963685100555,689.9971736518718,-0.10363148994451876,-0.002826348128223799,0.10367002436511148,5.183501213613112e-05,0.05183501213613112,21.08488618266736,0.0,21.08488618266736,4.5918281961183345,4.5918281961183345
7,linear_cv,90,0.5,1100.0,610.0,1100.0196178901135,609.9847773268007,0.019617890113522662,-0.015222673199332348,0.024831258361990467,1.2415629180357285e-05,0.012415629180357286,0.026894777890408124,0.0,0.026894777890408124,0.16399627401379618,0.16399627401379618
7,linear_cv,90,1.0,1120.0,620.0,1120.0298804236947,619.9792742566499,0.02988042369474897,-0.02072574335011268,0.03636476533118914,1.8182382663590874e-05,0.018182382663590874,0.18193808888525917,0.0,0.18193808888525917,0.4265420130365345,0.4265420130365345
7,linear_cv,90,2.0,1160.0,640.0,1160.0504054908574,639.9682681163484,0.05040549085742896,-0.031731883651559656,0.059561950510829256,2.9780975246610312e-05,0.029780975246610313,1.380559551442633,0.0,1.380559551442633,1.174972149219986,1.174972149219986
7,linear_cv,90,3.0,1200.0,660.0,1200.0709305580199,659.957261976047,0.07093055801988157,-0.04273802395300663,0.08281112698435854,4.1405563468517085e-05,0.041405563468517086,4.597227468090236,0.0,4.597227468090236,2.144114611696454,2.144114611696454
7,linear_cv,90,4.0,1240.0,680.0,1240.0914556251823,679.9462558357454,0.09145562518233419,-0.053744164254567295,0.10607811540988796,5.303905765520852e-05,0.05303905765520852,10.831941838828067,0.0,10.831941838828067,3.2911915530439835,3.2911915530439835
7,linear_cv,90,5.0,1280.0,700.0,1280.111980692345,699.9352496954439,0.11198069234501418,-0.06475030455612796,0.1293533045506764,6.467665218515589e-05,0.06467665218515589,21.084702663656127,0.0,21.084702663656127,4.59180821285647,4.59180821285647
7,linear_cv,105,0.5,1120.0,620.0,1120.0101696906163,620.0015488908131,0.010169690616294247,0.0015488908130691925,0.010286966024146934,5.143483012028109e-06,0.005143483012028109,0.02689432630076509,0.0,0.02689432630076509,0.1639948971790436,0.1639948971790436
7,linear_cv,105,1.0,1140.0,630.0,1140.0122344390013,630.0028371464613,0.012234439001304054,0.002837146461274642,0.012559096214272465,6.2795481070536925e-06,0.0062795481070536925,0.18193717492667874,0.0,0.18193717492667874,0.4265409416769728,0.4265409416769728
7,linear_cv,105,2.0,1180.0,650.0,1180.0163639357716,650.0054136577576,0.01636393577155104,0.005413657757571855,0.017236185316118115,8.618092657845699e-06,0.008618092657845699,1.3805572158828643,0.0,1.3805572158828643,1.174971155340787,1.174971155340787
7,linear_cv,105,3.0,1220.0,670.0,1220.0204934325416,670.007990169054,0.020493432541570655,0.007990169053982754,0.021995990062898527,1.099799503100584e-05,0.010997995031005839,4.597223048444861,0.0,4.597223048444861,2.144113581050421,2.144113581050421
7,linear_cv,105,4.0,1260.0,690.0,1260.0246229293118,690.0105666803504,0.024622929311817643,0.010566680350393653,0.02679446550170695,1.3397232750051937e-05,0.013397232750051937,10.831934672612668,0.0,10.831934672612668,3.291190464347615,3.291190464347615
7,linear_cv,105,5.0,1300.0,710.0,1300.0287524260818,710.0131431916467,0.028752426081837257,0.013143191646690866,0.03161400784862874,1.580700392299785e-05,0.015807003922997852,21.084692088386284,0.0,21.084692088386284,4.591807061319789,4.591807061319789
7,linear_cv,120,0.5,1140.0,630.0,1139.9970388799927,630.0164542751114,-0.0029611200072849897,0.016454275111414063,0.016718594472611738,8.359297236111159e-06,0.008359297236111158,0.02689431924017275,0.0,0.02689431924017275,0.16399487565217624,0.16399487565217624
7,linear_cv,120,1.0,1160.0,640.0,1159.9934477675768,640.0229591715548,-0.006552232423246096,0.02295917155481675,0.023875831047562385,1.1937915523214087e-05,0.011937915523214087,0.18193715068894867,0.0,0.18193715068894867,0.42654091326500987,0.42654091326500987
7,linear_cv,120,2.0,1200.0,660.0,1199.9862655427446,660.0359689644414,-0.013734457255395682,0.035968964441394746,0.038501970327330146,1.9250985161286933e-05,0.019250985161286933,1.38055710781602,0.0,1.38055710781602,1.1749711093537663,1.1749711093537663
7,linear_cv,120,3.0,1240.0,680.0,1239.9790833179127,680.0489787573281,-0.020916682087317895,0.04897875732808643,0.05325810979508666,2.6629054891249053e-05,0.026629054891249053,4.5972227905824505,0.0,4.5972227905824505,2.1441135209177826,2.1441135209177826
7,linear_cv,120,4.0,1280.0,700.0,1279.9719010930808,700.0619885502147,-0.028098906919240108,0.06198855021466443,0.06805974528142236,3.4029872627575284e-05,0.034029872627575286,10.83193419898824,0.0,10.83193419898824,3.2911903923942534,3.2911903923942534
7,linear_cv,120,5.0,1320.0,720.0,1319.9647188682488,720.0749983431014,-0.03528113175116232,0.07499834310135611,0.08288250554605359,4.144125274930337e-05,0.041441252749303374,21.084691333033387,0.0,21.084691333033387,4.59180697906972,4.59180697906972
7,linear_cv,135,0.5,1160.0,640.0,1159.9780383572756,639.9751917569315,-0.021961642724363628,-0.02480824306849172,0.03313250179654355,1.656625089675629e-05,0.01656625089675629,0.026894306131107992,0.0,0.026894306131107992,0.16399483568426168,0.16399483568426168
7,linear_cv,135,1.0,1180.0,650.0,1179.9681619302469,649.9646751277236,-0.03183806975312109,-0.03532487227641923,0.0475553286914299,2.3777664341233836e-05,0.023777664341233837,0.1819371114838094,0.0,0.1819371114838094,0.42654086730793966,0.42654086730793966
7,linear_cv,135,2.0,1220.0,670.0,1219.948409076189,669.9436418693078,-0.05159092381109076,-0.05635813069216056,0.0764059049733489,3.820295246808915e-05,0.03820295246808915,1.3805569742960409,0.0,1.3805569742960409,1.1749710525353554,1.1749710525353554
7,linear_cv,135,3.0,1260.0,690.0,1259.9286562221312,689.9226086108921,-0.07134377786883306,-0.07739138910790189,0.10525854715246676,5.2629273527641814e-05,0.052629273527641816,4.597222506584044,0.0,4.597222506584044,2.1441134546903164,2.1441134546903164
7,linear_cv,135,4.0,1300.0,710.0,1299.9089033680734,709.9015753524764,-0.09109663192657536,-0.09842464752364322,0.1341119218731853,6.70559608360869e-05,0.06705596083608689,10.831933708347819,0.0,10.831933708347819,3.2911903178558086,3.2911903178558086
7,linear_cv,135,5.0,1340.0,730.0,1339.8891505140155,729.8805420940606,-0.11084948598454503,-0.11945790593938455,0.16296564004249695,8.148281984091476e-05,0.08148281984091477,21.084690579587363,0.0,21.084690579587363,4.591806897027287,4.591806897027287
7,linear_cv,150,0.5,1180.0,650.0,1179.9994021399295,650.0020125268995,-0.0005978600704565906,0.0020125268995343504,0.002099452591795229,1.0497262958972288e-06,0.0010497262958972288,0.026894302934260268,0.0,0.026894302934260268,0.1639948259374675,0.1639948259374675
7,linear_cv,150,1.0,1200.0,660.0,1200.001393589012,660.0066042500979,0.001393589011968288,0.006604250097893782,0.00674968219176346,3.3748410958689173e-06,0.0033748410958689174,0.18193710398793245,0.0,0.18193710398793245,0.42654085852111806,0.42654085852111806
7,linear_cv,150,2.0,1240.0,680.0,1240.0053764871768,680.0157876964947,0.0053764871768180456,0.015787696494726333,0.016678068682316995,8.339034340965199e-06,0.0083390343409652,1.3805569527522947,0.0,1.3805569527522947,1.174971043367578,1.174971043367578
7,linear_cv,150,3.0,1280.0,700.0,1280.0093593853417,700.0249711428914,0.009359385341667803,0.024971142891445197,0.02666750965648649,1.3333754827453046e-05,0.013333754827453045,4.597222463726014,0.0,4.597222463726014,2.144113444695969,2.144113444695969
7,linear_cv,150,4.0,1320.0,720.0,1320.0133422835065,720.0341545892883,0.01334228350651756,0.03415458928827775,0.03666814010308169,1.8334070049486584e-05,0.018334070049486586,10.83193363690909,0.0,10.83193363690909,3.2911903070027857,3.2911903070027857
7,linear_cv,150,5.0,1360.0,740.0,1360.0173251816711,740.043338035685,0.017325181671139944,0.04333803568499661,0.04667276783063164,2.333638391107959e-05,0.023336383911079592,21.084690472301524,0.0,21.084690472301524,4.591806885344975,4.591806885344975
7,linear_cv,165,0.5,1200.0,660.0,1200.0030468983948,660.006641199696,0.0030468983948139794,0.006641199695991418,0.007306786108157026,3.6533930540622587e-06,0.0036533930540622586,0.02689430280725899,0.0,0.02689430280725899,0.1639948255502563,0.1639948255502563
7,linear_cv,165,1.0,1220.0,670.0,1220.0072528291626,670.0110914888174,0.007252829162553098,0.011091488817442041,0.013252345265975471,6.6261726328907585e-06,0.0066261726328907585,0.18193710378596373,0.0,0.18193710378596373,0.42654085828436616,0.42654085828436616
7,linear_cv,165,2.0,1260.0,690.0,1260.015664690698,690.0199920670605,0.015664690698031336,0.019992067060456975,0.025398135364919965,1.2699067681777337e-05,0.012699067681777337,1.3805569523176144,0.0,1.3805569523176144,1.174971043182603,1.174971043182603
7,linear_cv,165,3.0,1300.0,710.0,1300.0240765522335,710.0288926453034,0.024076552233509574,0.028892645303358222,0.03760937808683604,1.8804689041201468e-05,0.01880468904120147,4.597222462948253,0.0,4.597222462948253,2.144113444514598,2.144113444514598
7,linear_cv,165,4.0,1340.0,730.0,1340.032488413769,730.0377932235463,0.03248841376898781,0.03779322354625947,0.04983798526468037,2.4918992627182315e-05,0.024918992627182314,10.831933635677881,0.0,10.831933635677881,3.2911903068157393,3.2911903068157393
7,linear_cv,165,5.0,1380.0,750.0,1380.0409002753042,750.0466938017892,0.040900275304238676,0.046693801789160716,0.062073695278176765,3.10368476291226e-05,0.031036847629122597,21.084690470506498,0.0,21.084690470506498,4.5918068851495155,4.5918068851495155
7,linear_cv,180,0.5,1220.0,670.0,1220.0257815280388,670.0008492502116,0.025781528038805845,0.0008492502115586831,0.025795511507577522,1.2897755753073572e-05,0.012897755753073573,0.02689430278445734,0.0,0.02689430278445734,0.16399482548073688,0.16399482548073688
7,linear_cv,180,1.0,1240.0,680.0,1240.0384603498703,680.0024874377166,0.03846034987031999,0.002487437716581553,0.03854070391860137,1.927035195691536e-05,0.01927035195691536,0.18193710370231111,0.0,0.18193710370231111,0.4265408581863068,0.4265408581863068
7,linear_cv,180,2.0,1280.0,700.0,1280.063817993533,700.0057638127265,0.06381799353289352,0.005763812726513606,0.06407774836642405,3.20388741722495e-05,0.0320388741722495,1.3805569519945013,0.0,1.3805569519945013,1.1749710430451048,1.1749710430451048
7,linear_cv,180,3.0,1320.0,720.0,1320.0891756371957,720.0090401877364,0.08917563719569443,0.00904018773644566,0.08963269081963514,4.481634537981295e-05,0.04481634537981295,4.597222462228669,0.0,4.597222462228669,2.144113444346793,2.144113444346793
7,linear_cv,180,4.0,1360.0,740.0,1360.1145332808583,740.0123165627463,0.11453328085826797,0.012316562746264026,0.11519362023151088,5.759681005206503e-05,0.05759681005206503,10.831933634404812,0.0,10.831933634404812,3.291190306622334,3.291190306622334
7,linear_cv,180,5.0,1400.0,760.0,1400.139890924521,760.0155929377562,0.13989092452106888,0.01559293775619608,0.14075727502061125,7.037863739410692e-05,0.07037863739410692,21.084690468522933,0.0,21.084690468522933,4.5918068849335265,4.5918068849335265
7,linear_cv,195,0.5,1240.0,680.0,1240.000139275952,680.0084364588163,0.00013927595205132093,0.008436458816277081,0.008437608378537078,4.21880418924351e-06,0.00421880418924351,0.02689430276953758,0.0,0.02689430276953758,0.16399482543524835,0.16399482543524835
7,linear_cv,195,1.0,1260.0,690.0,1259.9985177239794,690.0124042476967,-0.0014822760206243402,0.012404247696736093,0.012492497873656036,6.246248936746784e-06,0.0062462489367467846,0.18193710366303087,0.0,0.18193710366303087,0.4265408581402617,0.4265408581402617
7,linear_cv,195,2.0,1300.0,710.0,1299.9952746200345,710.0203398254578,-0.004725379965520915,0.0203398254577678,0.020881516120028393,1.0440758059634816e-05,0.010440758059634816,1.3805569518716465,0.0,1.3805569518716465,1.1749710429928248,1.1749710429928248
7,linear_cv,195,3.0,1340.0,730.0,1339.9920315160894,730.0282754032187,-0.007968483910644863,0.028275403218685824,0.029376779316553317,1.4688389657220324e-05,0.014688389657220325,4.597222461975768,0.0,4.597222461975768,2.1441134442878176,2.1441134442878176
7,linear_cv,195,4.0,1380.0,750.0,1379.9887884121445,750.0362109809796,-0.011211587855541438,0.036210980979603846,0.03790692345400449,1.895346172473267e-05,0.01895346172473267,10.831933633975394,0.0,10.831933633975394,3.2911903065570964,3.2911903065570964
7,linear_cv,195,5.0,1420.0,770.0,1419.9855453081993,770.0441465587406,-0.014454691800665387,0.044146558740635555,0.04645273688053922,2.3226368436093013e-05,0.023226368436093013,21.084690467870526,0.0,21.084690467870526,4.591806884862486,4.591806884862486
7,linear_cv,210,0.5,1260.0,690.0,1259.9928090148617,689.9979694457838,-0.007190985138322503,-0.0020305542161622725,0.007472176234829415,3.736088117397324e-06,0.0037360881173973243,0.026894302767915317,0.0,0.026894302767915317,0.16399482543030228,0.16399482543030228
7,linear_cv,210,1.0,1280.0,700.0,1279.9883024450608,699.9959023785995,-0.011697554939246402,-0.004097621400546814,0.012394486383021569,6.197243191431448e-06,0.006197243191431449,0.18193710365973767,0.0,0.18193710365973767,0.42654085813640136,0.42654085813640136
7,linear_cv,210,2.0,1320.0,720.0,1319.9792893054587,719.9917682442307,-0.020710694541321573,-0.008231755769315896,0.022286647828455332,1.114332391376643e-05,0.011143323913766429,1.3805569518632097,0.0,1.3805569518632097,1.1749710429892346,1.1749710429892346
7,linear_cv,210,3.0,1360.0,740.0,1359.9702761658568,739.987634109862,-0.02972383414316937,-0.012365890137971292,0.032193501752294934,1.6096750874757215e-05,0.016096750874757215,4.5972224619597855,0.0,4.5972224619597855,2.1441134442840903,2.1441134442840903
7,linear_cv,210,4.0,1400.0,760.0,1399.961263026255,759.9834999754933,-0.03873697374501717,-0.016500024506740374,0.042104678405673425,2.1052339199726573e-05,0.021052339199726572,10.831933633949463,0.0,10.831933633949463,3.291190306553157,3.291190306553157
7,linear_cv,210,5.0,1440.0,780.0,1439.9522498866531,779.9793658411245,-0.047750113346864964,-0.020634158875509456,0.05201770695771025,2.600885347299047e-05,0.02600885347299047,21.084690467832246,0.0,21.084690467832246,4.591806884858317,4.591806884858317
7,linear_cv,225,0.5,1280.0,700.0,1280.0091482221421,699.9979190475746,0.00914822214213018,-0.0020809524254445932,0.009381915122123234,4.690957561027209e-06,0.004690957561027209,0.026894302767890305,0.0,0.026894302767890305,0.163994825430226,0.163994825430226
7,linear_cv,225,1.0,1300.0,710.0,1300.012783009207,709.9961638833895,0.012783009206941642,-0.0038361166105005395,0.013346202270088408,6.673101134945152e-06,0.006673101134945152,0.18193710365965376,0.0,0.18193710365965376,0.426540858136303,0.426540858136303
7,linear_cv,225,2.0,1340.0,730.0,1340.0200525833368,729.9926535550194,0.02005258333679194,-0.007346444980612432,0.021355944192007793,1.0677972095598066e-05,0.010677972095598067,1.380556951862837,0.0,1.380556951862837,1.1749710429890758,1.1749710429890758
7,linear_cv,225,3.0,1380.0,750.0,1380.0273221574666,749.9891432266493,0.02732215746664224,-0.010856773350724325,0.029400166942059908,1.4700083469971095e-05,0.014700083469971094,4.5972224619588955,0.0,4.5972224619588955,2.144113444283883,2.144113444283883
7,linear_cv,225,4.0,1420.0,770.0,1420.0345917315965,769.9856328982792,0.034591731596492536,-0.014367101720836217,0.03745666171324715,1.872833085443392e-05,0.01872833085443392,10.831933633947829,0.0,10.831933633947829,3.2911903065529087,3.2911903065529087
7,linear_cv,225,5.0,1460.0,790.0,1460.0418613057263,789.9821225699092,0.041861305726342835,-0.017877430090834423,0.04551891281398333,2.275945640306192e-05,0.022759456403061918,21.084690467829635,0.0,21.084690467829635,4.591806884858033,4.591806884858033
7,linear_cv,240,0.5,1300.0,710.0,1300.0165629281173,710.0115553878906,0.01656292811730964,0.011555387890552993,0.020195484077394753,1.0097742038354172e-05,0.010097742038354172,0.02689430276784422,0.0,0.02689430276784422,0.1639948254300855,0.1639948254300855
7,linear_cv,240,1.0,1320.0,720.0,1320.0216214571697,720.0156529245168,0.021621457169658242,0.015652924516757594,0.026692722904692146,1.3346361451553632e-05,0.013346361451553632,0.18193710365951557,0.0,0.18193710365951557,0.426540858136141,0.426540858136141
7,linear_cv,240,2.0,1360.0,740.0,1360.0317385152746,740.0238479977692,0.031738515274582824,0.023847997769166795,0.03969962656541132,1.9849813280098617e-05,0.019849813280098615,1.3805569518623655,0.0,1.3805569518623655,1.1749710429888753,1.1749710429888753
7,linear_cv,240,3.0,1400.0,760.0,1400.0418555733795,760.0320430710215,0.041855573379507405,0.03204307102146231,0.05271287720674908,2.6356438597271603e-05,0.026356438597271603,4.597222461957892,0.0,4.597222461957892,2.144113444283649,2.144113444283649
7,linear_cv,240,4.0,1440.0,780.0,1440.0519726314847,780.0402381442739,0.05197263148465936,0.04023814427387151,0.06572870512983733,3.2864352553086784e-05,0.032864352553086784,10.831933633946095,0.0,10.831933633946095,3.2911903065526453,3.2911903065526453
7,linear_cv,240,5.0,1480.0,800.0,1480.0620896895896,800.0484332175263,0.06208968958958394,0.048433217526280714,0.07874583235498189,3.93729161571453e-05,0.0393729161571453,21.084690467826974,0.0,21.084690467826974,4.591806884857744,4.591806884857744
7,linear_cv,255,0.5,1320.0,720.0,1319.9882444028299,720.0008423838392,-0.0117555971701222,0.0008423838391991012,0.011785740339865328,5.892870169864453e-06,0.005892870169864453,0.026894302767832824,0.0,0.026894302767832824,0.16399482543005076,0.16399482543005076
7,linear_cv,255,1.0,1340.0,730.0,1339.9808260874036,729.9976625896765,-0.019173912596443188,-0.0023374103235482835,0.01931585906131728,9.657929530358356e-06,0.009657929530358355,0.18193710365948879,0.0,0.18193710365948879,0.4265408581361096,0.4265408581361096
7,linear_cv,255,2.0,1380.0,750.0,1379.9659894565511,749.9913030013511,-0.03401054344885779,-0.008696998648929366,0.035104912066349386,1.7552456031372123e-05,0.017552456031372125,1.3805569518622884,0.0,1.3805569518622884,1.1749710429888425,1.1749710429888425
7,linear_cv,255,3.0,1420.0,770.0,1419.9511528256985,769.9849434130256,-0.04884717430149976,-0.015056586974424135,0.05111503935789835,2.5557519673384565e-05,0.025557519673384564,4.597222461957738,0.0,4.597222461957738,2.144113444283613,2.144113444283613
7,linear_cv,255,4.0,1460.0,790.0,1459.936316194846,789.9785838247001,-0.06368380515391436,-0.021416175299918905,0.06718838890283488,3.359419443877964e-05,0.033594194438779645,10.83193363394584,0.0,10.83193363394584,3.2911903065526062,3.2911903065526062
7,linear_cv,255,5.0,1500.0,810.0,1499.9214795639934,809.9722242363746,-0.07852043600655634,-0.027775763625413674,0.08328836602812281,4.164418298998777e-05,0.04164418298998777,21.08469046782659,0.0,21.08469046782659,4.591806884857702,4.591806884857702
7,linear_cv,270,0.5,1340.0,730.0,1339.998483020508,730.0121121753825,-0.0015169794919529522,0.012112175382526402,0.012206802172398978,6.103401086123702e-06,0.006103401086123702,0.026894302767832362,0.0,0.026894302767832362,0.16399482543004934,0.16399482543004934
7,linear_cv,270,1.0,1360.0,740.0,1359.9987279863094,740.0165688945923,-0.001272013690595486,0.0165688945922966,0.016617649859101555,8.308824929359574e-06,0.008308824929359575,0.18193710365948806,0.0,0.18193710365948806,0.42654085813610876,0.42654085813610876
7,linear_cv,270,2.0,1400.0,760.0,1399.9992179179123,760.025482333012,-0.0007820820876531798,0.025482333011950686,0.02549433168615682,1.2747165842387981e-05,0.012747165842387982,1.3805569518622869,0.0,1.3805569518622869,1.1749710429888418,1.1749710429888418
7,linear_cv,270,3.0,1440.0,780.0,1439.999707849515,780.0343957714316,-0.00029215048493824725,0.03439577143160477,0.03439701214176965,1.719850606918912e-05,0.01719850606918912,4.5972224619577355,0.0,4.5972224619577355,2.1441134442836125,2.1441134442836125
7,linear_cv,270,4.0,1480.0,800.0,1480.000197781118,800.0433092098513,0.00019778111800405895,0.043309209851258856,0.04330966145458789,2.1654830723909065e-05,0.021654830723909065,10.831933633945834,0.0,10.831933633945834,3.2911903065526054,3.2911903065526054
7,linear_cv,270,5.0,1520.0,820.0,1520.0006877127207,820.052222648271,0.0006877127207189915,0.05222264827102663,0.052227176270841974,2.61135881294852e-05,0.0261135881294852,21.084690467826583,0.0,21.084690467826583,4.591806884857701,4.591806884857701
7,linear_cv,285,0.5,1360.0,740.0,1360.0066785795475,740.0110795875947,0.0066785795474970655,0.01107958759473604,0.01293679581819528,6.4683979090074265e-06,0.0064683979090074265,0.026894302767832282,0.0,0.026894302767832282,0.16399482543004912,0.16399482543004912
7,linear_cv,285,1.0,1380.0,750.0,1380.009812911578,750.0137873547059,0.0098129115779102,0.013787354705868893,0.016922895243466147,8.461447621531137e-06,0.008461447621531138,0.18193710365948776,0.0,0.18193710365948776,0.4265408581361084,0.4265408581361084
7,linear_cv,285,2.0,1420.0,770.0,1420.0160815756383,770.019202888928,0.01608157563828172,0.01920288892802091,0.025047315588535315,1.2523657793612913e-05,0.012523657793612912,1.3805569518622858,0.0,1.3805569518622858,1.1749710429888414,1.1749710429888414
7,linear_cv,285,3.0,1460.0,790.0,1460.0223502396989,790.0246184231501,0.022350239698880614,0.024618423150059243,0.033250563498876104,1.6625281747906307e-05,0.01662528174790631,4.597222461957733,0.0,4.597222461957733,2.1441134442836116,2.1441134442836116
7,linear_cv,285,4.0,1500.0,810.0,1500.0286189037593,810.0300339573722,0.028618903759252134,0.030033957372211262,0.04148590420633422,2.0742952100192085e-05,0.020742952100192086,10.83193363394583,0.0,10.83193363394583,3.291190306552605,3.291190306552605
7,linear_cv,285,5.0,1540.0,830.0,1540.0348875678199,830.0354494915944,0.03488756781985103,0.03544949159436328,0.04973739883310684,2.486869941142672e-05,0.02486869941142672,21.084690467826576,0.0,21.084690467826576,4.5918068848577,4.5918068848577
8,linear_cv,60,0.5,1060.0,590.0,1060.0138951694028,589.9912137046169,0.013895169402758256,-0.00878629538306086,0.016440034041623693,8.220017020626707e-06,0.008220017020626707,0.026905574491387148,0.0,0.026905574491387148,0.16402918792515905,0.16402918792515905
8,linear_cv,60,1.0,1080.0,600.0,1080.0217340434567,599.9892374350821,0.0217340434567177,-0.010762564917854434,0.024252864750159402,1.2126432374485303e-05,0.012126432374485303,0.1819731994633959,0.0,0.1819731994633959,0.4265831682842115,0.4265831682842115
8,linear_cv,60,2.0,1120.0,620.0,1120.0374117915649,619.9852848960128,0.03741179156486396,-0.014715103987214206,0.0402016968976106,2.010084844609809e-05,0.02010084844609809,1.3806867190559946,0.0,1.3806867190559946,1.1750262631345711,1.1750262631345711
8,linear_cv,60,3.0,1160.0,640.0,1160.053089539673,639.9813323569433,0.05308953967301022,-0.018667643056687666,0.05627592842400759,2.813796420457776e-05,0.028137964204577762,4.597504598180035,0.0,4.597504598180035,2.144179236486548,2.144179236486548
8,linear_cv,60,4.0,1200.0,660.0,1200.0687672877812,659.9773798178738,0.06876728778115648,-0.022620182126161126,0.0723920748991013,3.6196037433743195e-05,0.036196037433743194,10.832426836835518,0.0,10.832426836835518,3.2912652334376697,3.2912652334376697
8,linear_cv,60,5.0,1240.0,680.0,1240.0844450358893,679.9734272788045,0.08444503588930274,-0.0265727211955209,0.08852724777197421,4.426362385707899e-05,0.04426362385707899,21.08545343502244,0.0,21.08545343502244,4.591889963296425,4.591889963296425
8,linear_cv,75,0.5,1080.0,600.0,1079.995013822045,599.9886261010879,-0.004986177955061066,-0.011373898912097502,0.01241883839423598,6.209419197038185e-06,0.006209419197038185,0.026898992663005855,0.0,0.026898992663005855,0.1640091237187915,0.1640091237187915
8,linear_cv,75,1.0,1100.0,610.0,1099.9932416894558,609.9865448422263,-0.006758310544228152,-0.01345515777370565,0.01505709241943932,7.528546209577423e-06,0.007528546209577423,0.181949164069561,0.0,0.181949164069561,0.42655499536350644,0.42655499536350644
8,linear_cv,75,2.0,1140.0,630.0,1139.989697424278,629.982382324503,-0.010302575722107576,-0.017617675497035634,0.02040895774968948,1.0204478874490537e-05,0.010204478874490537,1.3805941441614513,0.0,1.3805941441614513,1.1749868697825738,1.1749868697825738
8,linear_cv,75,3.0,1180.0,650.0,1179.9861531590998,649.9782198067797,-0.013846840900214374,-0.02178019322025193,0.025809142171474002,1.2904571085020677e-05,0.012904571085020676,4.5972986406250484,0.0,4.5972986406250484,2.144131208817466,2.144131208817466
8,linear_cv,75,4.0,1220.0,670.0,1219.982608893922,669.9740572890564,-0.0173911060780938,-0.025942710943581915,0.031232592299099284,1.56162961482802e-05,0.015616296148280199,10.832062653460351,0.0,10.832062653460351,3.291209907231739,3.291209907231739
8,linear_cv,75,5.0,1260.0,690.0,1259.9790646287438,689.9698947713332,-0.020935371256200597,-0.03010522866679821,0.0366689863878886,1.8334493191889896e-05,0.018334493191889897,21.08488618266736,0.0,21.08488618266736,4.5918281961183345,4.5918281961183345
8,linear_cv,90,0.5,1100.0,610.0,1100.0113513797423,610.001234853331,0.011351379742336576,0.001234853330970509,0.01141834860230402,5.70917430108998e-06,0.005709174301089979,0.026894777890408124,0.0,0.026894777890408124,0.16399627401379618,0.16399627401379618
8,linear_cv,90,1.0,1120.0,620.0,1120.0140976973323,620.0044429248574,0.014097697332317694,0.004442924857357866,0.014781226314543927,7.3906131571374025e-06,0.007390613157137403,0.18193808888525917,0.0,0.18193808888525917,0.4265420130365345,0.4265420130365345
8,linear_cv,90,2.0,1160.0,640.0,1160.0195903325127,640.01085906791,0.019590332512734676,0.010859067910018894,0.022398671474752947,1.1199335736908248e-05,0.011199335736908247,1.380559551442633,0.0,1.380559551442633,1.174972149219986,1.174972149219986
8,linear_cv,90,3.0,1200.0,660.0,1200.025082967693,660.0172752109626,0.025082967692924285,0.017275210962566234,0.030456332380729166,1.5228166189187461e-05,0.015228166189187462,4.597227468090236,0.0,4.597227468090236,2.144114611696454,2.144114611696454
8,linear_cv,90,4.0,1240.0,680.0,1240.0305756028733,680.0236913540152,0.030575602873341268,0.02369135401522726,0.03868006910726892,1.9340034551223164e-05,0.019340034551223163,10.831941838828067,0.0,10.831941838828067,3.2911915530439835,3.2911915530439835
8,linear_cv,90,5.0,1280.0,700.0,1280.0360682380535,700.0301074970679,0.03606823805353088,0.03010749706788829,0.04698275402718613,2.3491377009271864e-05,0.023491377009271865,21.084702663656127,0.0,21.084702663656127,4.59180821285647,4.59180821285647
8,linear_cv,105,0.5,1120.0,620.0,1119.9990686790666,620.0089623050778,-0.0009313209334322892,0.008962305077830024,0.009010564410132533,4.505282205035784e-06,0.004505282205035785,0.02689432630076509,0.0,0.02689432630076509,0.1639948971790436,0.1639948971790436
8,linear_cv,105,1.0,1140.0,630.0,1139.9959963591841,630.0143297310623,-0.0040036408158812264,0.014329731062275641,0.014878519150094792,7.43925957491016e-06,0.0074392595749101596,0.18193717492667874,0.0,0.18193717492667874,0.4265409416769728,0.4265409416769728
8,linear_cv,105,2.0,1180.0,650.0,1179.989851719419,650.025064583031,-0.010148280581006475,0.02506458303105319,0.027041096894752488,1.3520548446552368e-05,0.013520548446552368,1.3805572158828643,0.0,1.3805572158828643,1.174971155340787,1.174971155340787
8,linear_cv,105,3.0,1220.0,670.0,1219.983707079654,670.0357994349998,-0.01629292034590435,0.03579943499983074,0.03933266835221188,1.9666334173570527e-05,0.019666334173570527,4.597223048444861,0.0,4.597223048444861,2.144113581050421,2.144113581050421
8,linear_cv,105,4.0,1260.0,690.0,1259.977562439889,690.0465342869686,-0.022437560111029597,0.046534286968608285,0.051661242410658816,2.5830621199584497e-05,0.025830621199584496,10.831934672612668,0.0,10.831934672612668,3.291190464347615,3.291190464347615
8,linear_cv,105,5.0,1300.0,710.0,1299.971417800124,710.0572691389373,-0.028582199875927472,0.057269138937272146,0.06400544058409448,3.200272028112179e-05,0.03200272028112179,21.084692088386284,0.0,21.084692088386284,4.591807061319789,4.591807061319789
8,linear_cv,120,0.5,1140.0,630.0,1140.0153291453503,630.0086863064198,0.01532914535027885,0.008686306419804168,0.01761915481482318,8.80957740718369e-06,0.00880957740718369,0.02689431924017275,0.0,0.02689431924017275,0.16399487565217624,0.16399487565217624
8,linear_cv,120,1.0,1160.0,640.0,1160.0203667085034,640.0124274164635,0.02036670850338851,0.012427416463538066,0.02385882426315712,1.1929412131012665e-05,0.011929412131012665,0.18193715068894867,0.0,0.18193715068894867,0.42654091326500987,0.42654091326500987
8,linear_cv,120,2.0,1200.0,660.0,1200.0304418348092,660.0199096365509,0.03044183480915308,0.019909636550892174,0.03637442692519548,1.818721346059245e-05,0.01818721346059245,1.38055710781602,0.0,1.38055710781602,1.1749711093537663,1.1749711093537663
8,linear_cv,120,3.0,1240.0,680.0,1240.0405169611151,680.0273918566384,0.04051696111514502,0.027391856638359968,0.04890744266573993,2.445372132799565e-05,0.02445372132799565,4.5972227905824505,0.0,4.5972227905824505,2.1441135209177826,2.1441135209177826
8,linear_cv,120,4.0,1280.0,700.0,1280.050592087421,700.0348740767258,0.05059208742090959,0.03487407672582776,0.06144721748853955,3.0723608734602687e-05,0.030723608734602687,10.83193419898824,0.0,10.83193419898824,3.2911903923942534,3.2911903923942534
8,linear_cv,120,5.0,1320.0,720.0,1320.060667213727,720.0423562968133,0.06066721372690154,0.04235629681329556,0.07399031491432877,3.699515744028668e-05,0.036995157440286676,21.084691333033387,0.0,21.084691333033387,4.59180697906972,4.59180697906972
8,linear_cv,135,0.5,1160.0,640.0,1159.994439310609,639.9912781316535,-0.005560689390904372,-0.008721868346469819,0.010343706006807648,5.171853003357712e-06,0.005171853003357711,0.026894306131107992,0.0,0.026894306131107992,0.16399483568426168,0.16399483568426168
8,linear_cv,135,1.0,1180.0,650.0,1179.9920029483674,649.9880151876226,-0.007997051632628427,-0.011984812377363596,0.01440793401343623,7.203967006593494e-06,0.0072039670065934935,0.1819371114838094,0.0,0.1819371114838094,0.42654086730793966,0.42654086730793966
8,linear_cv,135,2.0,1220.0,670.0,1219.9871302238835,669.9814892995608,-0.012869776116531284,-0.01851070043915115,0.02254500317226923,1.1272501585657154e-05,0.011272501585657154,1.3805569742960409,0.0,1.3805569742960409,1.1749710525353554,1.1749710525353554
8,linear_cv,135,3.0,1260.0,690.0,1259.9822574993996,689.9749634114991,-0.01774250060043414,-0.025036588500938706,0.030685942894454817,1.5342971446023463e-05,0.015342971446023463,4.597222506584044,0.0,4.597222506584044,2.1441134546903164,2.1441134546903164
8,linear_cv,135,4.0,1300.0,710.0,1299.977384774916,709.9684375234374,-0.022615225084109625,-0.031562476562612574,0.03882831869100707,1.941415934306441e-05,0.01941415934306441,10.831933708347819,0.0,10.831933708347819,3.2911903178558086,3.2911903178558086
8,linear_cv,135,5.0,1340.0,730.0,1339.9725120504322,729.9619116353756,-0.027487949567785108,-0.03808836462440013,0.046971383748005045,2.348569186968446e-05,0.023485691869684463,21.084690579587363,0.0,21.084690579587363,4.591806897027287,4.591806897027287
8,linear_cv,150,0.5,1180.0,650.0,1179.983320988464,650.0143648988242,-0.016679011536098187,0.014364898824169359,0.02201226349219722,1.10061317456542e-05,0.0110061317456542,0.026894302934260268,0.0,0.026894302934260268,0.1639948259374675,0.1639948259374675
8,linear_cv,150,1.0,1200.0,660.0,1199.976629065324,660.0200656691451,-0.02337093467599516,0.02006566914508312,0.030803111301775567,1.5401555649669993e-05,0.015401555649669994,0.18193710398793245,0.0,0.18193710398793245,0.42654085852111806,0.42654085852111806
8,linear_cv,150,2.0,1240.0,680.0,1239.9632452190444,680.0314672097868,-0.03675478095556173,0.03146720978679696,0.048384906891071035,2.419245344081577e-05,0.024192453440815772,1.3805569527522947,0.0,1.3805569527522947,1.174971043367578,1.174971043367578
8,linear_cv,150,3.0,1280.0,700.0,1279.9498613727646,700.0428687504284,-0.05013862723535567,0.04286875042839711,0.06596674695888942,3.2983373467483805e-05,0.032983373467483805,4.597222463726014,0.0,4.597222463726014,2.144113444695969,2.144113444695969
8,linear_cv,150,4.0,1320.0,720.0,1319.9364775264849,720.0542702910701,-0.06352247351514961,0.05427029107011094,0.0835486034252964,4.177430168834819e-05,0.04177430168834819,10.83193363690909,0.0,10.83193363690909,3.2911903070027857,3.2911903070027857
8,linear_cv,150,5.0,1360.0,740.0,1359.9230936802053,740.0656718317118,-0.07690631979471618,0.06567183171182478,0.10113046773724221,5.056523382552532e-05,0.05056523382552532,21.084690472301524,0.0,21.084690472301524,4.591806885344975,4.591806885344975
8,linear_cv,165,0.5,1200.0,660.0,1200.0012752280652,660.0001992204078,0.001275228065196643,0.000199220407807843,0.0012906956996721949,6.453478498360079e-07,0.0006453478498360079,0.02689430280725899,0.0,0.02689430280725899,0.1639948255502563,0.1639948255502563
8,linear_cv,165,1.0,1220.0,670.0,1220.0052409906004,669.9976072330876,0.005240990600441364,-0.002392766912407751,0.005761364072077727,2.880682036030895e-06,0.002880682036030895,0.18193710378596373,0.0,0.18193710378596373,0.42654085828436616,0.42654085828436616
8,linear_cv,165,2.0,1260.0,690.0,1260.0131725156712,689.9924232584474,0.01317251567115818,-0.007576741552611566,0.015196123902560763,7.598061951134168e-06,0.0075980619511341685,1.3805569523176144,0.0,1.3805569523176144,1.174971043182603,1.174971043182603
8,linear_cv,165,3.0,1300.0,710.0,1300.0211040407419,709.9872392838071,0.021104040741874996,-0.012760716192929067,0.024662043982427773,1.2331021990588893e-05,0.012331021990588893,4.597222462948253,0.0,4.597222462948253,2.144113444514598,2.144113444514598
8,linear_cv,165,4.0,1340.0,730.0,1340.0290355658126,729.9820553091668,0.029035565812591813,-0.017944690833246568,0.03413320979864264,1.7066604897664333e-05,0.017066604897664334,10.831933635677881,0.0,10.831933635677881,3.2911903068157393,3.2911903068157393
8,linear_cv,165,5.0,1380.0,750.0,1380.0369670908835,749.9768713345264,0.036967090883536,-0.02312866547356407,0.043606203400200355,2.1803101696645294e-05,0.021803101696645295,21.084690470506498,0.0,21.084690470506498,4.5918068851495155,4.5918068851495155
8,linear_cv,180,0.5,1220.0,670.0,1220.0036854597495,669.9866666566209,0.0036854597494766494,-0.013333343379144935,0.013833317000314876,6.91665850004714e-06,0.00691665850004714,0.02689430278445734,0.0,0.02689430278445734,0.16399482548073688,0.16399482548073688
8,linear_cv,180,1.0,1240.0,680.0,1240.007138996414,679.979990375098,0.007138996413914356,-0.020009624901945244,0.02124500784924377,1.0622503924222345e-05,0.010622503924222345,0.18193710370231111,0.0,0.18193710370231111,0.4265408581863068,0.4265408581863068
8,linear_cv,180,2.0,1280.0,700.0,1280.0140460697426,699.9666378120523,0.014046069742562395,-0.03336218794765955,0.03619844830746046,1.80992241517539e-05,0.0180992241517539,1.3805569519945013,0.0,1.3805569519945013,1.1749710430451048,1.1749710430451048
8,linear_cv,180,3.0,1320.0,720.0,1320.020953143071,719.9532852490067,0.02095314307098306,-0.04671475099326017,0.05119865393655762,2.5599326962686845e-05,0.025599326962686846,4.597222462228669,0.0,4.597222462228669,2.144113444346793,2.144113444346793
8,linear_cv,180,4.0,1360.0,740.0,1360.0278602163996,739.9399326859611,0.0278602163996311,-0.060067314038860786,0.06621384956092943,3.3106924768368895e-05,0.03310692476836889,10.831933634404812,0.0,10.831933634404812,3.291190306622334,3.291190306622334
8,linear_cv,180,5.0,1400.0,760.0,1400.0347672897283,759.9265801229154,0.03476728972827914,-0.07341987708457509,0.08123572358368096,4.061786176950322e-05,0.040617861769503216,21.084690468522933,0.0,21.084690468522933,4.5918068849335265,4.5918068849335265
8,linear_cv,195,0.5,1240.0,680.0,1239.9850467709289,679.9804958928817,-0.014953229071124952,-0.019504107118336833,0.02457659972691694,1.228829986283995e-05,0.01228829986283995,0.02689430276953758,0.0,0.02689430276953758,0.16399482543524835,0.16399482543524835
8,linear_cv,195,1.0,1260.0,690.0,1259.9809718473216,689.9732925023941,-0.019028152678401966,-0.026707497605912067,0.032792697704250785,1.639634885065606e-05,0.016396348850656058,0.18193710366303087,0.0,0.18193710366303087,0.4265408581402617,0.4265408581402617
8,linear_cv,195,2.0,1300.0,710.0,1299.9728220001068,709.9588857214188,-0.02717799989318337,-0.04111427858117622,0.04928516593706915,2.464258296354645e-05,0.02464258296354645,1.3805569518716465,0.0,1.3805569518716465,1.1749710429928248,1.1749710429928248
8,linear_cv,195,3.0,1340.0,730.0,1339.964672152892,729.9444789404437,-0.03532784710796477,-0.05552105955632669,0.06580763508545882,3.290381753085485e-05,0.03290381753085485,4.597222461975768,0.0,4.597222461975768,2.1441134442878176,2.1441134442878176
8,linear_cv,195,4.0,1380.0,750.0,1379.9565223056773,749.9300721594685,-0.043477694322746174,-0.06992784053147716,0.0823420474910471,4.117102372226119e-05,0.04117102372226119,10.831933633975394,0.0,10.831933633975394,3.2911903065570964,3.2911903065570964
8,linear_cv,195,5.0,1420.0,770.0,1419.9483724584625,769.9156653784933,-0.05162754153752758,-0.08433462150674131,0.09888241213630687,4.94412060278682e-05,0.049441206027868195,21.084690467870526,0.0,21.084690467870526,4.591806884862486,4.591806884862486
8,linear_cv,210,0.5,1260.0,690.0,1260.0084206097015,690.0092389696388,0.008420609701488502,0.009238969638772687,0.012500609094398794,6.250304547118005e-06,0.006250304547118005,0.026894302767915317,0.0,0.026894302767915317,0.16399482543030228,0.16399482543030228
8,linear_cv,210,1.0,1280.0,700.0,1280.0146310062023,700.0156090567277,0.014631006202307617,0.015609056727726056,0.021394134579864034,1.0697067289524004e-05,0.010697067289524005,0.18193710365973767,0.0,0.18193710365973767,0.42654085813640136,0.42654085813640136
8,linear_cv,210,2.0,1320.0,720.0,1320.0270517992037,720.0283492309059,0.027051799203718474,0.028349230905860168,0.03918518512285071,1.9592592558918357e-05,0.01959259255891836,1.3805569518632097,0.0,1.3805569518632097,1.1749710429892346,1.1749710429892346
8,linear_cv,210,3.0,1360.0,740.0,1360.039472592205,740.0410894050839,0.03947259220490196,0.04108940508388059,0.05697740557029356,2.8488702777439574e-05,0.028488702777439576,4.5972224619597855,0.0,4.5972224619597855,2.1441134442840903,2.1441134442840903
8,linear_cv,210,4.0,1400.0,760.0,1400.0518933852063,760.0538295792619,0.051893385206312814,0.05382957926190102,0.07476996075753986,3.738498036135306e-05,0.03738498036135306,10.831933633949463,0.0,10.831933633949463,3.291190306553157,3.291190306553157
8,linear_cv,210,5.0,1440.0,780.0,1440.0643141782077,780.06656975344,0.06431417820772367,0.06656975344003513,0.09256265765200299,4.628132879295722e-05,0.046281328792957224,21.084690467832246,0.0,21.084690467832246,4.591806884858317,4.591806884858317
8,linear_cv,225,0.5,1280.0,700.0,1279.9950065823425,700.0006104664325,-0.004993417657487953,0.0006104664324766418,0.005030595309433391,2.515297654711391e-06,0.0025152976547113907,0.026894302767890305,0.0,0.026894302767890305,0.163994825430226,0.163994825430226
8,linear_cv,225,1.0,1300.0,710.0,1299.9946199989333,709.9994308716331,-0.005380001066669138,-0.0005691283669193581,0.0054100202010152745,2.7050101005010396e-06,0.0027050101005010397,0.18193710365965376,0.0,0.18193710365965376,0.426540858136303,0.426540858136303
8,linear_cv,225,2.0,1340.0,730.0,1339.9938468321152,729.9970716820342,-0.006153167884804134,-0.0029283179658250447,0.006814434762147092,3.4072173810603613e-06,0.0034072173810603614,1.380556951862837,0.0,1.380556951862837,1.1749710429890758,1.1749710429890758
8,linear_cv,225,3.0,1380.0,750.0,1379.9930736652968,749.9947124924352,-0.0069263347031665035,-0.005287507564844418,0.008713888263489244,4.356944131717053e-06,0.004356944131717053,4.5972224619588955,0.0,4.5972224619588955,2.144113444283883,2.144113444283883
8,linear_cv,225,4.0,1420.0,770.0,1419.9923004984785,769.9923533028362,-0.007699501521528873,-0.007646697163750105,0.010851465393859453,5.425732696876485e-06,0.005425732696876484,10.831933633947829,0.0,10.831933633947829,3.2911903065529087,3.2911903065529087
8,linear_cv,225,5.0,1460.0,790.0,1459.99152733166,789.9899941132373,-0.008472668339891243,-0.010005886762655791,0.01311121194645582,6.555605973133998e-06,0.006555605973133998,21.084690467829635,0.0,21.084690467829635,4.591806884858033,4.591806884858033
8,linear_cv,240,0.5,1300.0,710.0,1300.0362787582533,709.997972911781,0.036278758253274646,-0.0020270882190516204,0.03633534624917397,1.816767312258815e-05,0.01816767312258815,0.02689430276784422,0.0,0.02689430276784422,0.1639948254300855,0.1639948254300855
8,linear_cv,240,1.0,1320.0,720.0,1320.0531300405833,719.9964642547949,0.05313004058325532,-0.0035357452051130167,0.05324756056885459,2.6623780278136752e-05,0.026623780278136753,0.18193710365951557,0.0,0.18193710365951557,0.426540858136141,0.426540858136141
8,linear_cv,240,2.0,1360.0,740.0,1360.086832605243,739.9934469408227,0.0868326052429893,-0.006553059177349496,0.08707952639895705,4.353976317196559e-05,0.04353976317196559,1.3805569518623655,0.0,1.3805569518623655,1.1749710429888753,1.1749710429888753
8,linear_cv,240,3.0,1400.0,760.0,1400.1205351699027,759.9904296268505,0.12053516990272328,-0.009570373149472289,0.12091451205582607,6.045725595425434e-05,0.06045725595425434,4.597222461957892,0.0,4.597222461957892,2.144113444283649,2.144113444283649
8,linear_cv,240,4.0,1440.0,780.0,1440.1542377345622,779.9874123128783,0.1542377345622299,-0.012587687121708768,0.1547505367679315,7.737526822955225e-05,0.07737526822955225,10.831933633946095,0.0,10.831933633946095,3.2911903065526453,3.2911903065526453
8,linear_cv,240,5.0,1480.0,800.0,1480.187940299222,799.9843949989062,0.18794029922196387,-0.01560500109383156,0.18858704125888343,9.429352034997872e-05,0.09429352034997872,21.084690467826974,0.0,21.084690467826974,4.591806884857744,4.591806884857744
8,linear_cv,255,0.5,1320.0,720.0,1320.014206227495,719.9796918653735,0.014206227494923951,-0.020308134626475294,0.024783809869440534,1.2391904934085969e-05,0.012391904934085969,0.026894302767832824,0.0,0.026894302767832824,0.16399482543005076,0.16399482543005076
8,linear_cv,255,1.0,1340.0,730.0,1340.015137707132,729.9709754636876,0.015137707131998468,-0.029024536312363125,0.032734903167137105,1.6367451582106972e-05,0.016367451582106972,0.18193710365948879,0.0,0.18193710365948879,0.4265408581361096,0.4265408581361096
8,linear_cv,255,2.0,1380.0,750.0,1380.0170006664061,749.953542660316,0.017000666406147502,-0.0464573396840251,0.04947026449060087,2.47351322402559e-05,0.0247351322402559,1.3805569518622884,0.0,1.3805569518622884,1.1749710429888425,1.1749710429888425
8,linear_cv,255,3.0,1420.0,770.0,1420.01886362568,769.9361098569442,0.018863625680069163,-0.06389014305580076,0.0666167152709322,3.330835762314816e-05,0.033308357623148155,4.597222461957738,0.0,4.597222461957738,2.144113444283613,2.144113444283613
8,linear_cv,255,4.0,1460.0,790.0,1460.0207265849542,789.9186770535725,0.020726584954218197,-0.08132294642746274,0.083922660464909,4.196133020782665e-05,0.04196133020782665,10.83193363394584,0.0,10.83193363394584,3.2911903065526062,3.2911903065526062
8,linear_cv,255,5.0,1500.0,810.0,1500.0225895442284,809.9012442502008,0.02258954422836723,-0.0987557497992384,0.10130639479744176,5.0653197355399795e-05,0.0506531973553998,21.08469046782659,0.0,21.08469046782659,4.591806884857702,4.591806884857702
8,linear_cv,270,0.5,1340.0,730.0,1339.971943215548,730.0130522673844,-0.0280567844520192,0.013052267384409788,0.030944221393681793,1.547211069560629e-05,0.01547211069560629,0.026894302767832362,0.0,0.026894302767832362,0.16399482543004934,0.16399482543004934
8,linear_cv,270,1.0,1360.0,740.0,1359.957806740547,740.0200727398491,-0.0421932594529153,0.020072739849069876,0.04672457627747376,2.336228813448653e-05,0.02336228813448653,0.18193710365948806,0.0,0.18193710365948806,0.42654085813610876,0.42654085813610876
8,linear_cv,270,2.0,1400.0,760.0,1399.929533790545,760.0341136847783,-0.07046620945493487,0.034113684778276365,0.07828940007496772,3.9144700017489955e-05,0.03914470001748995,1.3805569518622869,0.0,1.3805569518622869,1.1749710429888418,1.1749710429888418
8,linear_cv,270,3.0,1440.0,780.0,1439.901260840543,780.0481546297076,-0.09873915945695444,0.04815462970759654,0.10985576895430488,5.492788442191197e-05,0.054927884421911974,4.5972224619577355,0.0,4.5972224619577355,2.1441134442836125,2.1441134442836125
8,linear_cv,270,4.0,1480.0,800.0,1479.872987890541,800.0621955746369,-0.127012109458974,0.06219557463691672,0.14142264830512358,7.071132403470743e-05,0.07071132403470742,10.831933633945834,0.0,10.831933633945834,3.2911903065526054,3.2911903065526054
8,linear_cv,270,5.0,1520.0,820.0,1519.8447149405388,820.0762365195661,-0.15528505946122095,0.0762365195661232,0.172989758677879,8.649487912323961e-05,0.08649487912323961,21.084690467826583,0.0,21.084690467826583,4.591806884857701,4.591806884857701
8,linear_cv,285,0.5,1360.0,740.0,1359.9892134226322,740.0046948015832,-0.010786577367753125,0.004694801583241315,0.011763987980975206,5.8819939904197685e-06,0.005881993990419768,0.026894302767832282,0.0,0.026894302767832282,0.16399482543004912,0.16399482543004912
8,linear_cv,285,1.0,1380.0,750.0,1379.98707814406,750.0049895784509,-0.012921855940021487,0.004989578450931731,0.013851723865738548,6.925861932758535e-06,0.0069258619327585355,0.18193710365948776,0.0,0.18193710365948776,0.4265408581361084,0.4265408581361084
8,linear_cv,285,2.0,1420.0,770.0,1419.9828075869152,770.0055791321861,-0.017192413084785585,0.0055791321860851895,0.01807500438804147,9.037502193774685e-06,0.009037502193774685,1.3805569518622858,0.0,1.3805569518622858,1.1749710429888414,1.1749710429888414
8,linear_cv,285,3.0,1460.0,790.0,1459.9785370297702,790.0061686859214,-0.021462970229777056,0.006168685921352335,0.02233185565689933,1.1165927827985617e-05,0.011165927827985617,4.597222461957733,0.0,4.597222461957733,2.1441134442836116,2.1441134442836116
8,linear_cv,285,4.0,1500.0,810.0,1499.9742664726255,810.0067582396566,-0.025733527374541154,0.00675823965661948,0.026606169104036063,1.3303084551233275e-05,0.013303084551233274,10.83193363394583,0.0,10.83193363394583,3.291190306552605,3.291190306552605
8,linear_cv,285,5.0,1540.0,830.0,1539.9699959154807,830.0073477933918,-0.030004084519305252,0.007347793391772939,0.030890696909746065,1.5445348453644826e-05,0.015445348453644826,21.084690467826576,0.0,21.084690467826576,4.5918068848577,4.5918068848577
9,linear_cv,60,0.5,1060.0,590.0,1059.988945939942,589.9919992595537,-0.01105406005808618,-0.008000740446277632,0.013645662001400997,6.822831000594629e-06,0.006822831000594629,0.026905574491387148,0.0,0.026905574491387148,0.16402918792515905,0.16402918792515905
9,linear_cv,60,1.0,1080.0,600.0,1079.9817248955446,599.9940758891842,-0.01827510445536973,-0.005924110815840322,0.019211312599950865,9.605656299679999e-06,0.009605656299679998,0.1819731994633959,0.0,0.1819731994633959,0.4265831682842115,0.4265831682842115
9,linear_cv,60,2.0,1120.0,620.0,1119.9672828067503,619.9982291484449,-0.03271719324970945,-0.001770851555079389,0.03276508277677566,1.6382541386922204e-05,0.016382541386922203,1.3806867190559946,0.0,1.3806867190559946,1.1750262631345711,1.1750262631345711
9,linear_cv,60,3.0,1160.0,640.0,1159.952840717956,640.0023824077058,-0.04715928204404918,0.002382407705795231,0.04721942131567065,2.3609710653448496e-05,0.023609710653448496,4.597504598180035,0.0,4.597504598180035,2.144179236486548,2.144179236486548
9,linear_cv,60,4.0,1200.0,660.0,1199.9383986291616,660.0065356669666,-0.0616013708383889,0.006535666966556164,0.06194710511288194,3.0973552546536035e-05,0.030973552546536037,10.832426836835518,0.0,10.832426836835518,3.2912652334376697,3.2912652334376697
9,linear_cv,60,5.0,1240.0,680.0,1239.9239565403673,680.0106889262274,-0.07604345963272863,0.010688926227430784,0.07679102093871318,3.8395510450488845e-05,0.03839551045048884,21.08545343502244,0.0,21.08545343502244,4.591889963296425,4.591889963296425
9,linear_cv,75,0.5,1080.0,600.0,1080.0027544914858,599.9951777512172,0.002754491485802646,-0.004822248782829774,0.0055534949958438344,2.7767474979147806e-06,0.0027767474979147806,0.026898992663005855,0.0,0.026898992663005855,0.1640091237187915,0.1640091237187915
9,linear_cv,75,1.0,1100.0,610.0,1100.0013823494512,609.9968599893654,0.0013823494512053003,-0.0031400106346382017,0.0034308245059881154,1.715412252992375e-06,0.001715412252992375,0.181949164069561,0.0,0.181949164069561,0.42655499536350644,0.42655499536350644
9,linear_cv,75,2.0,1140.0,630.0,1139.998638065382,630.0002244656617,-0.001361934617989391,0.00022446566174494365,0.0013803082036199393,6.901541018098601e-07,0.0006901541018098601,1.3805941441614513,0.0,1.3805941441614513,1.1749868697825738,1.1749868697825738
9,linear_cv,75,3.0,1180.0,650.0,1179.9958937813126,650.0035889419582,-0.004106218687411456,0.003588941958241776,0.00545358013496413,2.726790067475307e-06,0.002726790067475307,4.5972986406250484,0.0,4.5972986406250484,2.144131208817466,2.144131208817466
9,linear_cv,75,4.0,1220.0,670.0,1219.9931494972434,670.0069534182546,-0.006850502756606147,0.006953418254624921,0.009761117427939257,4.8805587139308765e-06,0.004880558713930876,10.832062653460351,0.0,10.832062653460351,3.291209907231739,3.291209907231739
9,linear_cv,75,5.0,1260.0,690.0,1259.9904052131742,690.010317894551,-0.009594786825800838,0.010317894551008067,0.014089672891812758,7.044836445789835e-06,0.007044836445789835,21.08488618266736,0.0,21.08488618266736,4.5918281961183345,4.5918281961183345
9,linear_cv,90,0.5,1100.0,610.0,1099.9953405998697,610.0155914957179,-0.004659400130321956,0.015591495717899306,0.016272822382602123,8.136411191121515e-06,0.008136411191121514,0.026894777890408124,0.0,0.026894777890408124,0.16399627401379618,0.16399627401379618
9,linear_cv,90,1.0,1120.0,620.0,1119.9932410239264,620.0223743839589,-0.006758976073570011,0.022374383958890576,0.023372993285049132,1.168649664199254e-05,0.01168649664199254,0.18193808888525917,0.0,0.18193808888525917,0.4265420130365345,0.4265420130365345
9,linear_cv,90,2.0,1160.0,640.0,1159.98904187204,640.0359401604408,-0.010958127960066122,0.03594016044075943,0.037573603778406885,1.878680188699321e-05,0.01878680188699321,1.380559551442633,0.0,1.380559551442633,1.174972149219986,1.174972149219986
9,linear_cv,90,3.0,1200.0,660.0,1199.9848427201534,660.0495059369227,-0.015157279846562233,0.04950593692274197,0.05177432687100343,2.5887163429718995e-05,0.025887163429718994,4.597227468090236,0.0,4.597227468090236,2.144114611696454,2.144114611696454
9,linear_cv,90,4.0,1240.0,680.0,1239.980643568267,680.0630717134046,-0.019356431733058344,0.06307171340461082,0.06597508985389798,3.2987544914983546e-05,0.03298754491498355,10.831941838828067,0.0,10.831941838828067,3.2911915530439835,3.2911915530439835
9,linear_cv,90,5.0,1280.0,700.0,1279.9764444163804,700.0766374898866,-0.023555583619554454,0.07663748988659336,0.08017587153112538,4.008793574408835e-05,0.04008793574408835,21.084702663656127,0.0,21.084702663656127,4.59180821285647,4.59180821285647
9,linear_cv,105,0.5,1120.0,620.0,1119.9955632269869,620.001826131335,-0.0044367730131398275,0.001826131334951242,0.0047978860368517165,2.398943018421256e-06,0.002398943018421256,0.02689432630076509,0.0,0.02689432630076509,0.1639948971790436,0.1639948971790436
9,linear_cv,105,1.0,1140.0,630.0,1139.9936837203109,630.0001491056221,-0.0063162796891447215,0.000149105622085699,0.006318039379272632,3.1590196896258073e-06,0.0031590196896258073,0.18193717492667874,0.0,0.18193717492667874,0.4265409416769728,0.4265409416769728
9,linear_cv,105,2.0,1180.0,650.0,1179.9899247069584,649.9967950541964,-0.010075293041609257,-0.003204945803645387,0.010572757799108238,5.286378899504875e-06,0.0052863788995048755,1.3805572158828643,0.0,1.3805572158828643,1.174971155340787,1.174971155340787
9,linear_cv,105,3.0,1220.0,670.0,1219.9861656936062,669.9934410027706,-0.013834306393846418,-0.006558997229376473,0.01531040424201099,7.655202120855958e-06,0.007655202120855958,4.597223048444861,0.0,4.597223048444861,2.144113581050421,2.144113581050421
9,linear_cv,105,4.0,1260.0,690.0,1259.9824066802537,689.9900869513449,-0.017593319746310954,-0.00991304865510756,0.02019389594244916,1.0096947970881458e-05,0.010096947970881459,10.831934672612668,0.0,10.831934672612668,3.291190464347615,3.291190464347615
9,linear_cv,105,5.0,1300.0,710.0,1299.9786476669015,709.9867328999192,-0.021352333098548115,-0.013267100080838645,0.025138378493974947,1.2569189246325561e-05,0.012569189246325562,21.084692088386284,0.0,21.084692088386284,4.591807061319789,4.591807061319789
9,linear_cv,120,0.5,1140.0,630.0,1139.997853493559,629.9827852967853,-0.0021465064410222112,-0.017214703214676774,0.017348011317460936,8.674005658512928e-06,0.008674005658512928,0.02689431924017275,0.0,0.02689431924017275,0.16399487565217624,0.16399487565217624
9,linear_cv,120,1.0,1160.0,640.0,1159.9975332535844,639.9730683045109,-0.002466746415620946,-0.026931695489111007,0.027044427518385022,1.3522213758368331e-05,0.013522213758368332,0.18193715068894867,0.0,0.18193715068894867,0.42654091326500987,0.42654091326500987
9,linear_cv,120,2.0,1200.0,660.0,1199.9968927736347,659.9536343199619,-0.0031072263652731635,-0.04636568003809316,0.046469679803931074,2.323483989778437e-05,0.023234839897784368,1.38055710781602,0.0,1.38055710781602,1.1749711093537663,1.1749711093537663
9,linear_cv,120,3.0,1240.0,680.0,1239.9962522936853,679.934200335413,-0.003747706314698007,-0.06579966458696163,0.06590630593788335,3.295315295701362e-05,0.03295315295701362,4.5972227905824505,0.0,4.5972227905824505,2.1441135209177826,2.1441135209177826
9,linear_cv,120,4.0,1280.0,700.0,1279.9956118137356,699.914766350864,-0.0043881862643502245,-0.08523364913594378,0.085346535510938,4.267326772956622e-05,0.04267326772956622,10.83193419898824,0.0,10.83193419898824,3.2911903923942534,3.2911903923942534
9,linear_cv,120,5.0,1320.0,720.0,1319.9949713337862,719.8953323663152,-0.005028666213775068,-0.10466763368481224,0.10478836302313156,5.239418146362248e-05,0.052394181463622486,21.084691333033387,0.0,21.084691333033387,4.59180697906972,4.59180697906972
9,linear_cv,135,0.5,1160.0,640.0,1159.9953170496035,640.0033116149106,-0.0046829503965000185,0.0033116149105580917,0.005735574751662675,2.8677873758234756e-06,0.0028677873758234758,0.026894306131107992,0.0,0.026894306131107992,0.16399483568426168,0.16399483568426168
9,linear_cv,135,1.0,1180.0,650.0,1179.9937692333065,650.0041317849261,-0.006230766693533951,0.004131784926130422,0.007476235701544634,3.7381178507549054e-06,0.0037381178507549053,0.1819371114838094,0.0,0.1819371114838094,0.42654086730793966,0.42654086730793966
9,linear_cv,135,2.0,1220.0,670.0,1219.9906736007126,670.0057721249574,-0.009326399287374443,0.005772124957388769,0.010968096926598015,5.48404846324403e-06,0.00548404846324403,1.3805569742960409,0.0,1.3805569742960409,1.1749710525353554,1.1749710525353554
9,linear_cv,135,3.0,1260.0,690.0,1259.9875779681188,690.0074124649886,-0.012422031881214934,0.007412464988647116,0.014465528447514095,7.232764223630925e-06,0.0072327642236309254,4.597222506584044,0.0,4.597222506584044,2.1441134546903164,2.1441134546903164
9,linear_cv,135,4.0,1300.0,710.0,1299.9844823355252,710.00905280502,-0.015517664474828052,0.00905280502001915,0.017965277328330462,8.982638663923635e-06,0.008982638663923634,10.831933708347819,0.0,10.831933708347819,3.2911903178558086,3.2911903178558086
9,linear_cv,135,5.0,1340.0,730.0,1339.9813867029313,730.0106931450513,-0.018613297068668544,0.010693145051277497,0.02146621016514479,1.0733105082160245e-05,0.010733105082160245,21.084690579587363,0.0,21.084690579587363,4.591806897027287,4.591806897027287
9,linear_cv,150,0.5,1180.0,650.0,1179.9953280971154,649.9874369276075,-0.004671902884638257,-0.012563072392481445,0.01340363624178979,6.701818120794559e-06,0.006701818120794559,0.026894302934260268,0.0,0.026894302934260268,0.1639948259374675,0.1639948259374675
9,linear_cv,150,1.0,1200.0,660.0,1199.9931564120527,659.9808056418601,-0.006843587947287233,-0.01919435813988457,0.020377882137121318,1.0188941068208072e-05,0.010188941068208073,0.18193710398793245,0.0,0.18193710398793245,0.42654085852111806,0.42654085852111806
9,linear_cv,150,2.0,1240.0,680.0,1239.9888130419272,679.9675430703653,-0.011186958072812558,-0.03245692963469082,0.03433074878638882,1.7165374391508483e-05,0.017165374391508482,1.3805569527522947,0.0,1.3805569527522947,1.174971043367578,1.174971043367578
9,linear_cv,150,3.0,1280.0,700.0,1279.984469671802,699.9542804988705,-0.01553032819811051,-0.045719501129497075,0.04828523456990875,2.4142617280263735e-05,0.024142617280263734,4.597222463726014,0.0,4.597222463726014,2.144113444695969,2.144113444695969
9,linear_cv,150,4.0,1320.0,720.0,1319.9801263016766,719.9410179273756,-0.019873698323408462,-0.058982072624417015,0.06224025045034645,3.1120125215127004e-05,0.031120125215127005,10.83193363690909,0.0,10.83193363690909,3.2911903070027857,3.2911903070027857
9,linear_cv,150,5.0,1360.0,740.0,1359.9757829315513,739.9277553558808,-0.024217068448706414,-0.07224464411922327,0.07619550517033503,3.8097752566735334e-05,0.03809775256673533,21.084690472301524,0.0,21.084690472301524,4.591806885344975,4.591806885344975
9,linear_cv,165,0.5,1200.0,660.0,1199.9971622222733,659.9867244966947,-0.002837777726654167,-0.013275503305294478,0.013575417873302431,6.787708936546972e-06,0.006787708936546972,0.02689430280725899,0.0,0.02689430280725899,0.1639948255502563,0.1639948255502563
9,linear_cv,165,1.0,1220.0,670.0,1219.9981142952345,669.9810278422099,-0.0018857047655274073,-0.01897215779013095,0.019065640657380475,9.532820328401473e-06,0.009532820328401474,0.18193710378596373,0.0,0.18193710378596373,0.42654085828436616,0.42654085828436616
9,linear_cv,165,2.0,1260.0,690.0,1260.000018441157,689.96963453324,1.8441156953485915e-05,-0.030365466760031268,0.03036547235975152,1.5182736178709142e-05,0.015182736178709142,1.3805569523176144,0.0,1.3805569523176144,1.174971043182603,1.174971043182603
9,linear_cv,165,3.0,1300.0,710.0,1300.0019225870794,709.9582412242702,0.0019225870794343791,-0.0417587757298179,0.0418030105558348,2.0901505274873633e-05,0.02090150527487363,4.597222462948253,0.0,4.597222462948253,2.144113444514598,2.144113444514598
9,linear_cv,165,4.0,1340.0,730.0,1340.003826733002,729.9468479153004,0.0038267330019152723,-0.05315208469960453,0.05328966122412378,2.6644830605756417e-05,0.026644830605756415,10.831933635677881,0.0,10.831933635677881,3.2911903068157393,3.2911903068157393
9,linear_cv,165,5.0,1380.0,750.0,1380.0057308789244,749.9354546063305,0.0057308789243961655,-0.06454539366950485,0.06479931185743754,3.239965591738172e-05,0.03239965591738172,21.084690470506498,0.0,21.084690470506498,4.5918068851495155,4.5918068851495155
9,linear_cv,180,0.5,1220.0,670.0,1219.994342019086,669.9957822272381,-0.005657980914065774,-0.004217772761876404,0.007057078368188856,3.5285391840797837e-06,0.0035285391840797838,0.02689430278445734,0.0,0.02689430278445734,0.16399482548073688,0.16399482548073688
9,linear_cv,180,1.0,1240.0,680.0,1239.9927097261989,679.9952175733295,-0.007290273801118019,-0.004782426670544737,0.008718927511707239,4.359463755826002e-06,0.0043594637558260025,0.18193710370231111,0.0,0.18193710370231111,0.4265408581863068,0.4265408581863068
9,linear_cv,180,2.0,1280.0,700.0,1279.9894451404248,699.9940882655123,-0.010554859575222508,-0.00591173448765403,0.012097671896079193,6.048835947965824e-06,0.006048835947965824,1.3805569519945013,0.0,1.3805569519945013,1.1749710430451048,1.1749710430451048
9,linear_cv,180,3.0,1320.0,720.0,1319.9861805546507,719.9929589576951,-0.013819445349326998,-0.00704104230487701,0.015509782284161933,7.754891141925511e-06,0.007754891141925511,4.597222462228669,0.0,4.597222462228669,2.144113444346793,2.144113444346793
9,linear_cv,180,4.0,1360.0,740.0,1359.9829159688766,739.991829649878,-0.017084031123431487,-0.008170350121986303,0.01893723159657233,9.468615798003196e-06,0.009468615798003196,10.831933634404812,0.0,10.831933634404812,3.291190306622334,3.291190306622334
9,linear_cv,180,5.0,1400.0,760.0,1399.9796513831025,759.9907003420608,-0.020348616897535976,-0.009299657939209283,0.02237297135896314,1.1186485679014952e-05,0.011186485679014953,21.084690468522933,0.0,21.084690468522933,4.5918068849335265,4.5918068849335265
9,linear_cv,195,0.5,1240.0,680.0,1240.0001931361799,680.0040730438585,0.00019313617985972087,0.0040730438585114825,0.004077620366994567,2.038810183494459e-06,0.002038810183494459,0.02689430276953758,0.0,0.02689430276953758,0.16399482543524835,0.16399482543524835
9,linear_cv,195,1.0,1260.0,690.0,1260.0017154628736,690.0046102408501,0.001715462873562501,0.004610240850070113,0.0049190581991095115,2.4595290995497965e-06,0.0024595290995497966,0.18193710366303087,0.0,0.18193710366303087,0.4265408581402617,0.4265408581402617
9,linear_cv,195,2.0,1300.0,710.0,1300.0047601162614,710.0056846348332,0.004760116261422809,0.005684634833187374,0.00741443052492564,3.7072152624458366e-06,0.0037072152624458366,1.3805569518716465,0.0,1.3805569518716465,1.1749710429928248,1.1749710429928248
9,linear_cv,195,3.0,1340.0,730.0,1340.007804769649,730.0067590288164,0.007804769649055743,0.006759028816418322,0.010324674320093345,5.162337160000814e-06,0.005162337160000814,4.597222461975768,0.0,4.597222461975768,2.1441134442878176,2.1441134442878176
9,linear_cv,195,4.0,1380.0,750.0,1380.0108494230367,750.0078334227995,0.010849423036688677,0.007833422799535583,0.013381797076077446,6.690898537938877e-06,0.006690898537938876,10.831933633975394,0.0,10.831933633975394,3.2911903065570964,3.2911903065570964
9,linear_cv,195,5.0,1420.0,770.0,1420.0138940764245,770.0089078167827,0.013894076424548985,0.008907816782652844,0.01650438001030392,8.25219000496464e-06,0.00825219000496464,21.084690467870526,0.0,21.084690467870526,4.591806884862486,4.591806884862486
9,linear_cv,210,0.5,1260.0,690.0,1260.0124701636423,690.0032893894384,0.012470163642319676,0.003289389438350554,0.012896707492354926,6.448353746088086e-06,0.006448353746088086,0.026894302767915317,0.0,0.026894302767915317,0.16399482543030228,0.16399482543030228
9,linear_cv,210,1.0,1280.0,700.0,1280.0180412051002,700.003776489114,0.018041205100189472,0.003776489113988646,0.018432225896379887,9.216112947929016e-06,0.009216112947929015,0.18193710365973767,0.0,0.18193710365973767,0.42654085813640136,0.42654085813640136
9,linear_cv,210,2.0,1320.0,720.0,1320.0291832880164,720.0047506884655,0.029183288016383813,0.004750688465492203,0.0295674371622461,1.4783718580046016e-05,0.014783718580046016,1.3805569518632097,0.0,1.3805569518632097,1.1749710429892346,1.1749710429892346
9,linear_cv,210,3.0,1360.0,740.0,1360.0403253709324,740.0057248878169,0.04032537093235078,0.005724887816882074,0.04072971742287891,2.0364858708624166e-05,0.020364858708624166,4.5972224619597855,0.0,4.5972224619597855,2.1441134442840903,2.1441134442840903
9,linear_cv,210,4.0,1400.0,760.0,1400.0514674538483,760.0066990871683,0.051467453848317746,0.006699087168271944,0.05190160473932211,2.595080236383558e-05,0.02595080236383558,10.831933633949463,0.0,10.831933633949463,3.291190306553157,3.291190306553157
9,linear_cv,210,5.0,1440.0,780.0,1440.0626095367643,780.0076732865197,0.06260953676428471,0.007673286519661815,0.06307799473549507,3.153899735729017e-05,0.03153899735729017,21.084690467832246,0.0,21.084690467832246,4.591806884858317,4.591806884858317
9,linear_cv,225,0.5,1280.0,700.0,1279.99759406764,700.0141154398918,-0.0024059323600340576,0.014115439891838832,0.014319013718171169,7.159506858963256e-06,0.007159506858963256,0.026894302767890305,0.0,0.026894302767890305,0.163994825430226,0.163994825430226
9,linear_cv,225,1.0,1300.0,710.0,1299.995134467742,710.019657414797,-0.004865532258008898,0.019657414797052297,0.02025061383408157,1.0125306916694762e-05,0.010125306916694762,0.18193710365965376,0.0,0.18193710365965376,0.426540858136303,0.426540858136303
9,linear_cv,225,2.0,1340.0,730.0,1339.990215267946,730.0307413646074,-0.009784732053958578,0.03074136460736554,0.03226100555300084,1.6130502775101408e-05,0.016130502775101408,1.380556951862837,0.0,1.380556951862837,1.1749710429890758,1.1749710429890758
9,linear_cv,225,3.0,1380.0,750.0,1379.9852960681503,750.0418253144178,-0.014703931849680885,0.04182531441779247,0.04433466519538925,2.2167332594063686e-05,0.022167332594063685,4.5972224619588955,0.0,4.5972224619588955,2.144113444283883,2.144113444283883
9,linear_cv,225,4.0,1420.0,770.0,1419.9803768683544,770.0529092642282,-0.019623131645630565,0.0529092642282194,0.05643099801308926,2.8215498999057044e-05,0.028215498999057044,10.831933633947829,0.0,10.831933633947829,3.2911903065529087,3.2911903065529087
9,linear_cv,225,5.0,1460.0,790.0,1459.9754576685584,790.0639932140385,-0.024542331441580245,0.06399321403853264,0.06853800023030895,3.426900010173971e-05,0.03426900010173971,21.084690467829635,0.0,21.084690467829635,4.591806884858033,4.591806884858033
9,linear_cv,240,0.5,1300.0,710.0,1300.0031255321699,709.9986630755866,0.0031255321698608896,-0.0013369244134082692,0.003399458520412091,1.6997292602044088e-06,0.0016997292602044089,0.02689430276784422,0.0,0.02689430276784422,0.1639948254300855,0.1639948254300855
9,linear_cv,240,1.0,1320.0,720.0,1320.0050671851004,719.9971163236241,0.005067185100415372,-0.0028836763758590678,0.0058302619394465655,2.915130969715025e-06,0.002915130969715025,0.18193710365951557,0.0,0.18193710365951557,0.426540858136141,0.426540858136141
9,linear_cv,240,2.0,1360.0,740.0,1360.0089504909618,739.9940228196994,0.008950490961751711,-0.005977180300646978,0.010762805062010617,5.381402530953361e-06,0.0053814025309533615,1.3805569518623655,0.0,1.3805569518623655,1.1749710429888753,1.1749710429888753
9,linear_cv,240,3.0,1400.0,760.0,1400.0128337968229,759.9909293157745,0.012833796822860677,-0.009070684225548575,0.01571571357622951,7.857856787953025e-06,0.007857856787953026,4.597222461957892,0.0,4.597222461957892,2.144113444283649,2.144113444283649
9,linear_cv,240,4.0,1440.0,780.0,1440.016717102684,779.9878358118495,0.016717102683969642,-0.012164188150450173,0.020674355987694935,1.0337177993479267e-05,0.010337177993479267,10.831933633946095,0.0,10.831933633946095,3.2911903065526453,3.2911903065526453
9,linear_cv,240,5.0,1480.0,800.0,1480.0206004085453,799.9847423079248,0.02060040854530598,-0.015257692075238083,0.02563540519859787,1.281770259859698e-05,0.012817702598596981,21.084690467826974,0.0,21.084690467826974,4.591806884857744,4.591806884857744
9,linear_cv,255,0.5,1320.0,720.0,1319.991800804446,720.0198894748618,-0.00819919555397064,0.019889474861770395,0.021513205665573142,1.0756602832371708e-05,0.010756602832371709,0.026894302767832824,0.0,0.026894302767832824,0.16399482543005076,0.16399482543005076
9,linear_cv,255,1.0,1340.0,730.0,1339.9900044264866,730.0267911740904,-0.009995573513378986,0.0267911740903628,0.028595078230378924,1.429753911421523e-05,0.01429753911421523,0.18193710365948879,0.0,0.18193710365948879,0.4265408581361096,0.4265408581361096
9,linear_cv,255,2.0,1380.0,750.0,1379.9864116705678,750.0405945725477,-0.013588329432195678,0.0405945725476613,0.04280843394805762,2.1404216970760095e-05,0.021404216970760094,1.3805569518622884,0.0,1.3805569518622884,1.1749710429888425,1.1749710429888425
9,linear_cv,255,3.0,1420.0,770.0,1419.982818914649,770.0543979710048,-0.01718108535101237,0.05439797100484611,0.05704672596462351,2.852336297457639e-05,0.028523362974576392,4.597222461957738,0.0,4.597222461957738,2.144113444283613,2.144113444283613
9,linear_cv,255,4.0,1460.0,790.0,1459.9792261587302,790.068201369462,-0.020773841269829063,0.06820136946203093,0.07129501579774351,3.564750788377213e-05,0.03564750788377213,10.83193363394584,0.0,10.83193363394584,3.2911903065526062,3.2911903065526062
9,linear_cv,255,5.0,1500.0,810.0,1499.9756334028114,810.0820047679193,-0.024366597188645756,0.08200476791932942,0.08554830810750613,4.277415402766613e-05,0.04277415402766613,21.08469046782659,0.0,21.08469046782659,4.591806884857702,4.591806884857702
9,linear_cv,270,0.5,1340.0,730.0,1340.0011875599191,729.9914354158182,0.0011875599191171204,-0.008564584181840473,0.00864652535816125,4.32326267905369e-06,0.00432326267905369,0.026894302767832362,0.0,0.026894302767832362,0.16399482543004934,0.16399482543004934
9,linear_cv,270,1.0,1360.0,740.0,1360.0063682638852,739.9860258565138,0.006368263885178749,-0.013974143486166213,0.015356805367107885,7.678402683403043e-06,0.0076784026834030425,0.18193710365948806,0.0,0.18193710365948806,0.42654085813610876,0.42654085813610876
9,linear_cv,270,2.0,1400.0,760.0,1400.0167296718178,759.9752067379051,0.016729671817756753,-0.02479326209493138,0.029909660052193934,1.4954830024982098e-05,0.014954830024982099,1.3805569518622869,0.0,1.3805569518622869,1.1749710429888418,1.1749710429888418
9,linear_cv,270,3.0,1440.0,780.0,1440.02709107975,779.9643876192963,0.027091079750107383,-0.035612380703696545,0.044745594882755736,2.2372797437645026e-05,0.022372797437645028,4.5972224619577355,0.0,4.5972224619577355,2.1441134442836125,2.1441134442836125
9,linear_cv,270,4.0,1480.0,800.0,1480.0374524876825,799.9535685006875,0.03745248768245801,-0.04643149931246171,0.0596537757565085,2.9826887869409154e-05,0.029826887869409156,10.831933633945834,0.0,10.831933633945834,3.2911903065526054,3.2911903065526054
9,linear_cv,270,5.0,1520.0,820.0,1520.0478138956148,819.9427493820788,0.047813895614808644,-0.057250617921226876,0.0745908966712837,3.7295448318349805e-05,0.03729544831834981,21.084690467826583,0.0,21.084690467826583,4.591806884857701,4.591806884857701
9,linear_cv,285,0.5,1360.0,740.0,1360.009193484372,739.9976742366472,0.009193484371962768,-0.002325763352814647,0.009483107616747755,4.741553808338344e-06,0.004741553808338344,0.026894302767832282,0.0,0.026894302767832282,0.16399482543004912,0.16399482543004912
9,linear_cv,285,1.0,1380.0,750.0,1380.0130577618552,749.9938322938118,0.013057761855179706,-0.006167706188193733,0.01444111298655576,7.220556493152395e-06,0.007220556493152395,0.18193710365948776,0.0,0.18193710365948776,0.4265408581361084,0.4265408581361084
9,linear_cv,285,2.0,1420.0,770.0,1420.0207863168218,769.986148408141,0.020786316821840956,-0.013851591858951906,0.024978742243054013,1.2489371120877624e-05,0.012489371120877625,1.3805569518622858,0.0,1.3805569518622858,1.1749710429888414,1.1749710429888414
9,linear_cv,285,3.0,1460.0,790.0,1460.0285148717883,789.9784645224702,0.02851487178827483,-0.021535477529823766,0.03573338362846844,1.7866691812333092e-05,0.017866691812333094,4.597222461957733,0.0,4.597222461957733,2.1441134442836116,2.1441134442836116
9,linear_cv,285,4.0,1500.0,810.0,1500.036243426755,809.9707806367994,0.03624342675493608,-0.029219363200581938,0.04655488340429969,2.3277441697945635e-05,0.023277441697945635,10.83193363394583,0.0,10.83193363394583,3.291190306552605,3.291190306552605
9,linear_cv,285,5.0,1540.0,830.0,1540.0439719817214,829.9630967511287,0.04397198172136996,-0.03690324887134011,0.057405443589999015,2.8702721787117295e-05,0.028702721787117295,21.084690467826576,0.0,21.084690467826576,4.5918068848577,4.5918068848577
0,maneuvering_circular,60,0.5,960.0,469.28932188134524,1076.3293613781966,584.7560360018696,116.32936137819661,115.46671412052433,163.90571188476,0.0817701192456388,81.77011924563881,0.026905912442390455,0.0,0.026905912442390455,0.16403021807700693,0.16403021807700693
0,maneuvering_circular,60,1.0,871.832212156129,524.3565534959769,1099.9252788621616,580.7033733299995,228.09306670603257,56.346819834022654,234.94980567085054,0.11693893544048797,116.93893544048797,0.18197341317439006,0.0,0.18197341317439006,0.42658341877573025,0.42658341877573025
0,maneuvering_circular,60,2.0,817.3415225557269,629.1006524188367,1147.117113830091,572.5980479862595,329.77559127436416,-56.502604432577186,334.5810588004359,0.16575561751641565,165.75561751641567,1.380686836480686,0.0,1.380686836480686,1.1750263131014071,1.1750263131014071
0,maneuvering_circular,60,3.0,960.0,610.7106781186548,1194.3089487980208,564.4927226425197,234.30894879802077,-46.2179554761351,238.823748599731,0.11884910883096239,118.8491088309624,4.597504822243377,0.0,4.597504822243377,2.144179288735757,2.144179288735757
0,maneuvering_circular,60,4.0,1102.658477444273,494.60095002604527,1241.5007837659505,556.3873972987797,138.84230632167737,61.78644727273439,151.96957291283303,0.07583905349674036,75.83905349674036,10.832427370462463,0.0,10.832427370462463,3.2912653145048125,3.2912653145048125
0,maneuvering_circular,60,5.0,1048.1677878438709,441.2311659404862,1288.6926187338802,548.2820719550397,240.5248308900093,107.05090601455345,263.27189510694893,0.13088342579517823,130.88342579517823,21.085454481137948,0.0,21.085454481137948,4.591890077205458,4.591890077205458
0,maneuvering_circular,75,0.5,871.832212156129,524.3565534959769,1102.229881733242,582.8295241850981,230.3976695771131,58.47297068912121,237.70186042135938,0.1182960144321283,118.2960144321283,0.02689931840382989,0.0,0.02689931840382989,0.16401011677280733,0.16401011677280733
0,maneuvering_circular,75,1.0,817.341522555727,585.3990499739547,1126.7245555032553,579.5959061785072,309.38303294752825,-5.803143795447454,309.43745337906654,0.15350161417045843,153.50161417045842,0.18195028696941487,0.0,0.18195028696941487,0.4265563116042416,0.4265563116042416
0,maneuvering_circular,75,2.0,871.832212156129,638.7688340595138,1175.7139030432818,573.1286701653253,303.8816908871528,-65.6401638941885,310.89019471911786,0.15421092558927899,154.210925589279,1.3805982965267631,0.0,1.3805982965267631,1.1749886367649531,1.1749886367649531
0,maneuvering_circular,75,3.0,1048.1677878438709,555.6434465040231,1224.7032505833085,566.6614341521434,176.53546273943766,11.017987648120311,176.8789576417769,0.08820997721368319,88.20997721368319,4.597307735985683,0.0,4.597307735985683,2.1441333298061673,2.1441333298061673
0,maneuvering_circular,75,4.0,1102.658477444273,450.89934758116317,1273.692598123335,560.1941981389616,171.03412067906197,109.29485055779844,202.97299030883747,0.1011402122285688,101.1402122285688,10.832078605346172,0.0,10.832078605346172,3.2912123306383885,3.2912123306383885
0,maneuvering_circular,75,5.0,960.0,469.2893218813453,1322.6819456633616,553.7269621257797,362.6819456633616,84.43764024443436,372.3814023285939,0.18408281855418285,184.08281855418284,21.084910904608233,0.0,21.084910904608233,4.591830888067224,4.591830888067224
0,maneuvering_circular,90,0.5,817.341522555727,585.3990499739547,1128.6144542483974,581.6375539486813,311.27293169267034,-3.7614960252733454,311.2956582686273,0.15440886820087388,154.40886820087388,0.026894926212936612,0.0,0.026894926212936612,0.1639967262262775,0.1639967262262775
0,maneuvering_circular,90,1.0,817.3415225557269,629.1006524188367,1153.845884830283,579.1834626457727,336.5043622745561,-49.917189773064024,340.18658360471215,0.16848082714860863,168.48082714860863,0.18193846114782605,0.0,0.18193846114782605,0.42654244940899616,0.42654244940899616
0,maneuvering_circular,90,2.0,960.0,610.7106781186548,1204.3087459940539,574.2752800399555,244.30874599405388,-36.43539807869922,247.01073175540455,0.12288308509329614,122.88308509329613,1.3805606754113282,0.0,1.3805606754113282,1.1749726275157768,1.1749726275157768
0,maneuvering_circular,90,3.0,1102.658477444273,494.60095002604527,1254.7716071578247,569.3670974341383,152.11312971355164,74.76614740809299,169.4944867230214,0.08454522560449175,84.54522560449175,4.597229748866462,0.0,4.597229748866462,2.1441151435653967,2.1441151435653967
0,maneuvering_circular,90,4.0,1048.1677878438709,441.2311659404862,1305.2344683215958,564.4589148283211,257.06668047772496,123.22774888783488,285.0760535502763,0.1415843068815997,141.5843068815997,10.831945681513226,0.0,10.831945681513226,3.2911921368272052,3.2911921368272052
0,maneuvering_circular,90,5.0,871.8322121561291,524.356553495977,1355.697329485367,559.5507322225038,483.8651173292378,35.19417872652684,485.14336230053874,0.237975177545447,237.975177545447,21.084708473351622,0.0,21.084708473351622,4.591808845471643,4.591808845471643
0,maneuvering_circular,105,0.5,817.3415225557269,629.1006524188367,1155.8441658208312,582.5679647867915,338.5026432651043,-46.53268763204517,341.686011589184,0.16920937009708187,169.20937009708186,0.026894336623348353,0.0,0.026894336623348353,0.1639949286513103,0.1639949286513103
0,maneuvering_circular,105,1.0,871.832212156129,638.7688340595138,1181.843773068759,581.4399304918696,310.01156091263,-57.32890356764415,315.2677767926078,0.15634736327633217,156.34736327633217,0.18193719317616094,0.0,0.18193719317616094,0.42654096306938794,0.42654096306938794
0,maneuvering_circular,105,2.0,1048.1677878438709,555.6434465040231,1233.842987564614,579.1838619020259,185.6751997207432,23.54041539800278,187.1615103285085,0.09330900822919067,93.30900822919067,1.3805572567434883,0.0,1.3805572567434883,1.1749711727287135,1.1749711727287135
0,maneuvering_circular,105,3.0,1102.658477444273,450.89934758116317,1285.8422020604694,576.9277933121821,183.1837246161963,126.0284457310189,222.34982819340973,0.11072024563287021,110.7202456328702,4.597223120926419,0.0,4.597223120926419,2.144113597952874,2.144113597952874
0,maneuvering_circular,105,4.0,960.0,469.2893218813453,1337.8414165563245,574.6717247223382,377.8414165563245,105.38240284099294,392.2621405308333,0.19367268237813304,193.67268237813303,10.831934785724952,0.0,10.831934785724952,3.2911904815317135,3.2911904815317135
0,maneuvering_circular,105,5.0,817.341522555727,585.3990499739547,1389.8406310521798,572.4156561324945,572.4991084964528,-12.983393841460156,572.646311212144,0.2788624858713488,278.86248587134884,21.08469225113909,0.0,21.08469225113909,4.591807079041876,4.591807079041876
0,maneuvering_circular,120,0.5,871.832212156129,638.7688340595138,1183.8528879764444,583.9921852368433,312.02067582031543,-54.776648822670495,316.792334811953,0.15709107275809103,157.09107275809103,0.02689431940423595,0.0,0.02689431940423595,0.16399487615238456,0.16399487615238456
0,maneuvering_circular,120,1.0,960.0,610.7106781186548,1210.6272370790118,583.8260674750227,250.62723707901182,-26.884610643632072,252.0650595685941,0.12537150972793873,125.37150972793873,0.18193715179695188,0.0,0.18193715179695188,0.4265409145638339,0.4265409145638339
0,maneuvering_circular,120,2.0,1102.658477444273,494.60095002604527,1264.1759352841466,583.4938319513814,161.5174578398735,88.8928819253361,184.3633196816738,0.09192187976876798,91.92187976876798,1.3805571133527308,0.0,1.3805571133527308,1.1749711117098713,1.1749711117098713
0,maneuvering_circular,120,3.0,1048.1677878438709,441.2311659404862,1317.7246334892811,583.1615964277402,269.55684564541025,141.93043048725394,304.6393607736872,0.15115780805280343,151.15780805280343,4.597222803935639,0.0,4.597222803935639,2.144113524031701,2.144113524031701
0,maneuvering_circular,120,4.0,871.8322121561291,524.356553495977,1371.273331694416,582.829360904099,499.4411195382868,58.47280740812198,502.85236510515153,0.24632050149862464,246.32050149862465,10.831934223545677,0.0,10.831934223545677,3.2911903961250366,3.2911903961250366
0,maneuvering_circular,120,5.0,817.3415225557269,629.1006524188368,1424.8220298995507,582.4971253804576,607.4805073438238,-46.603527038379184,609.26550496079,0.2957015881770104,295.7015881770104,21.084691372182842,0.0,21.084691372182842,4.591806983332688,4.591806983332688
0,maneuvering_circular,135,0.5,960.0,610.7106781186548,1213.0251384284222,584.5629941536159,253.02513842842222,-26.147683965038823,254.3726047621044,0.1265070790930675,126.50707909306749,0.02689430667129877,0.0,0.02689430667129877,0.16399483733123665,0.16399483733123665
0,maneuvering_circular,135,1.0,1048.1677878438709,555.6434465040231,1240.7186889318696,584.6662074040444,192.55090108799868,29.02276090002124,194.72588466883406,0.09705702836195237,97.05702836195238,0.18193711302319895,0.0,0.18193711302319895,0.4265408691124438,0.4265408691124438
0,maneuvering_circular,135,2.0,1102.658477444273,450.89934758116317,1296.105789938764,584.872633904901,193.44731249449092,133.97328632373785,235.30980464001806,0.11711648097785209,117.11648097785209,1.3805569793688142,0.0,1.3805569793688142,1.1749710546940355,1.1749710546940355
0,maneuvering_circular,135,3.0,960.0,469.2893218813453,1351.4928909456585,585.0790604057578,391.4928909456585,115.78973852441248,408.25720717280797,0.20136220080688508,201.36220080688508,4.597222517236849,0.0,4.597222517236849,2.1441134571745146,2.1441134571745146
0,maneuvering_circular,135,4.0,817.341522555727,585.3990499739547,1406.8799919525527,585.2854869066144,589.5384693968257,-0.11356306734023747,589.5384803346786,0.28665105055874884,286.65105055874886,10.831933726627303,0.0,10.831933726627303,3.291190320632841,3.291190320632841
0,maneuvering_circular,135,5.0,871.832212156129,638.7688340595138,1462.2670929594472,585.4919134074712,590.4348808033182,-53.27692065204258,592.833685567371,0.2881662610526025,288.1662610526025,21.08469060754018,0.0,21.08469060754018,4.591806900071058,4.591806900071058
0,maneuvering_circular,150,0.5,1048.1677878438709,555.6434465040231,1243.5512950344496,586.0725623448192,195.3835071905787,30.429115840796044,197.73883273890212,0.09854913790828079,98.5491379082808,0.026894303029694436,0.0,0.026894303029694436,0.16399482622843453,0.16399482622843453
0,maneuvering_circular,150,1.0,1102.658477444273,494.60095002604527,1272.3679870064889,586.7208837675665,169.70950956221577,92.11993374152127,193.0994557951681,0.09625138742044453,96.25138742044453,0.18193710419838188,0.0,0.18193710419838188,0.4265408587678112,0.4265408587678112
0,maneuvering_circular,150,2.0,1048.1677878438709,441.2311659404862,1330.001370950568,588.0175266130615,281.833583106697,146.78636067257526,317.7678464638278,0.1575668547304954,157.56685473049538,1.3805569533275142,0.0,1.3805569533275142,1.1749710436123582,1.1749710436123582
0,maneuvering_circular,150,3.0,871.8322121561291,524.356553495977,1387.634754894647,589.3141694585563,515.8025427385178,64.95761596257933,519.8766728437259,0.25431029862060733,254.31029862060734,4.5972224648456566,0.0,4.5972224648456566,2.144113444957066,2.144113444957066
0,maneuvering_circular,150,4.0,817.3415225557269,629.1006524188368,1445.2681388387257,590.6108123040511,627.9266162829988,-38.48984011478569,629.1051607073956,0.3047537405385579,304.7537405385579,10.831933638752808,0.0,10.831933638752808,3.2911903072828848,3.2911903072828848
0,maneuvering_circular,150,5.0,959.9999999999999,610.7106781186548,1502.9015227828045,591.907455149546,542.9015227828046,-18.803222969108788,543.2270470382657,0.2652151128651262,265.21511286512623,21.08469047504897,0.0,21.08469047504897,4.591806885644144,4.591806885644144
0,maneuvering_circular,165,0.5,1102.658477444273,494.60095002604527,1274.919174912747,588.6014876814792,172.26069746847384,94.0005376554339,196.23926460276934,0.09780655777080136,97.80655777080136,0.02689430280852629,0.0,0.02689430280852629,0.16399482555412012,0.16399482555412012
0,maneuvering_circular,165,1.0,1102.658477444273,450.89934758116317,1304.7003192414918,589.9730953579661,202.0418417972187,139.07374777680297,245.28027470120412,0.12203076660103129,122.03076660103129,0.18193710378680591,0.0,0.18193710378680591,0.4265408582853534,0.4265408582853534
0,maneuvering_circular,165,2.0,960.0,469.2893218813453,1364.262607898981,592.71631071094,404.26260789898106,123.42698882959468,422.68484443711276,0.20827756834216715,208.27756834216714,1.3805569523180854,0.0,1.3805569523180854,1.1749710431828035,1.1749710431828035
0,maneuvering_circular,165,3.0,817.341522555727,585.3990499739547,1423.8248965564705,595.4595260639138,606.4833740007435,10.060476089959138,606.5668109272732,0.2944663642568711,294.4663642568711,4.597222462948992,0.0,4.597222462948992,2.1441134445147703,2.1441134445147703
0,maneuvering_circular,165,4.0,871.832212156129,638.7688340595138,1483.3871852139598,598.2027414168876,611.5549730578308,-40.56609264262613,612.8989255530265,0.2973631796847889,297.3631796847889,10.831933635679524,0.0,10.831933635679524,3.291190306815989,3.291190306815989
0,maneuvering_circular,165,5.0,1048.1677878438709,555.643446504023,1542.9494738714493,600.9459567698615,494.7816860275784,45.302510265838464,496.8513200794374,0.24349638339951277,243.49638339951278,21.084690470509685,0.0,21.084690470509685,4.591806885149863,4.591806885149863
0,maneuvering_circular,180,0.5,1102.658477444273,450.89934758116317,1305.5285680336424,591.7846428825154,202.87009058936928,140.88529530135224,246.99178141769843,0.12287375227240886,122.87375227240886,0.026894302785590542,0.0,0.026894302785590542,0.16399482548419186,0.16399482548419186
0,maneuvering_circular,180,1.0,1048.1677878438709,441.2311659404862,1335.6141137295633,593.858945466049,287.44632588569243,152.6277795255628,325.4544965860627,0.16131329846782708,161.31329846782708,0.18193710370623642,0.0,0.18193710370623642,0.42654085819090815,0.42654085819090815
0,maneuvering_circular,180,2.0,871.8322121561291,524.356553495977,1395.7852051214056,598.0075506331161,523.9529929652765,73.65099713713914,529.1041563024864,0.2586271535474846,258.6271535474846,1.3805569520090561,0.0,1.3805569520090561,1.1749710430512985,1.1749710430512985
0,maneuvering_circular,180,3.0,817.3415225557269,629.1006524188368,1455.9562965132477,602.1561558001833,638.6147739575208,-26.94449661865349,639.1829436200939,0.30933231988475834,309.33231988475836,4.5972224622605795,0.0,4.5972224622605795,2.1441134443542347,2.1441134443542347
0,maneuvering_circular,180,4.0,959.9999999999999,610.7106781186548,1516.12738790509,606.3047609672504,556.1273879050901,-4.40591715140431,556.1448405623158,0.2712203658561222,271.2203658561222,10.831933634460807,0.0,10.831933634460807,3.2911903066308406,3.2911903066308406
0,maneuvering_circular,180,5.0,1102.658477444273,494.60095002604527,1576.298479296932,610.4533661343177,473.640001852659,115.8524161082724,487.6029467436708,0.23913630113917256,239.13630113917256,21.084690468609736,0.0,21.084690468609736,4.5918068849429785,4.5918068849429785
0,maneuvering_circular,195,0.5,1048.1677878438709,441.2311659404862,1336.9280491082259,595.7138665080133,288.760261264355,154.4827005675271,327.486477980534,0.16230291988896986,162.30291988896985,0.02689430277006425,0.0,0.02689430277006425,0.16399482543685412,0.16399482543685412
0,maneuvering_circular,195,1.0,960.0,469.2893218813453,1367.5448057007677,598.5138964110363,407.5448057007677,129.22457452969098,427.541529346631,0.21060093924561024,210.60093924561025,0.18193710366435537,0.0,0.18193710366435537,0.4265408581418143,0.4265408581418143
0,maneuvering_circular,195,2.0,817.341522555727,585.3990499739547,1428.7783188858511,604.1139562170821,611.4367963301241,18.714906243127416,611.7231429512331,0.29682566983742964,296.82566983742964,1.3805569518756513,0.0,1.3805569518756513,1.174971042994529,1.174971042994529
0,maneuvering_circular,195,3.0,871.832212156129,638.7688340595138,1490.0118320709346,609.714016023128,618.1796199148056,-29.054818036385768,618.8620403039283,0.30008649170872453,300.0864917087245,4.5972224619838995,0.0,4.5972224619838995,2.144113444289714,2.144113444289714
0,maneuvering_circular,195,4.0,1048.1677878438709,555.643446504023,1551.245345256018,615.3140758291739,503.07755741214714,59.67062932515091,506.6039999603554,0.24808400515646237,248.08400515646235,10.831933633989099,0.0,10.831933633989099,3.2911903065591783,3.2911903065591783
0,maneuvering_circular,195,5.0,1102.658477444273,450.89934758116317,1612.4788584411012,620.9141356352198,509.82038099682813,170.01478805405668,537.4214817411162,0.2625097867959093,262.5097867959093,21.08469046789125,0.0,21.08469046789125,4.591806884864742,4.591806884864742
0,maneuvering_circular,210,0.5,960.0,469.2893218813453,1369.2601402920752,600.5208925540876,409.2601402920752,131.2315706727423,429.7855134519125,0.21167365277996536,211.67365277996535,0.02689430276795264,0.0,0.02689430276795264,0.16399482543041607,0.16399482543041607
0,maneuvering_circular,210,1.0,871.8322121561291,524.356553495977,1400.5531610149876,604.1060306641966,528.7209488588585,79.74947716821964,534.7016185414217,0.26124100523623034,261.24100523623036,0.181937103659804,0.0,0.181937103659804,0.42654085813647913,0.42654085813647913
0,maneuvering_circular,210,2.0,817.3415225557269,629.1006524188368,1463.1392024608126,611.2763068844147,645.7976799050857,-17.82434553442215,646.0436135931707,0.3124416518821858,312.4416518821858,1.3805569518633591,0.0,1.3805569518633591,1.174971042989298,1.174971042989298
0,maneuvering_circular,210,3.0,959.9999999999999,610.7106781186548,1525.7252439066374,618.4465831046327,565.7252439066375,7.735904985977982,565.7781330337684,0.27568571910470824,275.68571910470826,4.597222461960051,0.0,4.597222461960051,2.1441134442841525,2.1441134442841525
0,maneuvering_circular,210,4.0,1102.658477444273,494.60095002604527,1588.3112853524622,625.6168593248508,485.65280790818906,131.01590929880552,503.0147297231973,0.2463968555199757,246.3968555199757,10.831933633949879,0.0,10.831933633949879,3.29119030655322,3.29119030655322
0,maneuvering_circular,210,5.0,1048.167787843871,441.2311659404862,1650.897326798287,632.7871355450688,602.7295389544158,191.55596960458263,632.4370218601647,0.3062689554320513,306.2689554320513,21.084690467832843,0.0,21.084690467832843,4.591806884858382,4.591806884858382
0,maneuvering_circular,225,0.5,871.8322121561291,524.356553495977,1402.323743146844,606.0728244142184,530.4915309907149,81.71627091824143,536.7483706408954,0.2621958694168589,262.1958694168589,0.026894302767890847,0.0,0.026894302767890847,0.16399482543022767,0.16399482543022767
0,maneuvering_circular,225,1.0,817.341522555727,585.3990499739547,1434.3055393834134,610.4330961140314,616.9640168276864,25.034046140076725,617.471700992278,0.2994519422135967,299.45194221359674,0.1819371036596575,0.0,0.1819371036596575,0.4265408581363074,0.4265408581363074
0,maneuvering_circular,225,2.0,871.832212156129,638.7688340595138,1498.2691318565521,619.1536395136573,626.4369197004231,-19.615194545856525,626.7439431066136,0.30367906506308556,303.67906506308555,1.380556951862856,0.0,1.380556951862856,1.174971042989084,1.174971042989084
0,maneuvering_circular,225,3.0,1048.1677878438709,555.643446504023,1562.232724329691,627.8741829132832,514.0649364858202,72.2307364092602,519.1146676856612,0.2539533771568582,253.95337715685818,4.597222461958942,0.0,4.597222461958942,2.1441134442838936,2.1441134442838936
0,maneuvering_circular,225,4.0,1102.658477444273,450.89934758116317,1626.1963168028299,636.5947263129091,523.5378393585568,185.6953787317459,555.4949531026834,0.2709187194671349,270.9187194671349,10.831933633947912,0.0,10.831933633947912,3.291190306552921,3.291190306552921
0,maneuvering_circular,225,5.0,960.0000000000001,469.28932188134524,1690.1599092759686,645.315269712535,730.1599092759685,176.0259478311898,751.0783097811834,0.3592432702037137,359.24327020371373,21.08469046782977,0.0,21.08469046782977,4.591806884858048,4.591806884858048
0,maneuvering_circular,240,0.5,817.341522555727,585.3990499739547,1436.0123113367417,612.2386024699475,618.6707887810147,26.839552495992848,619.2527000095422,0.3002647436024969,300.2647436024969,0.026894302767846122,0.0,0.026894302767846122,0.1639948254300913,0.1639948254300913
0,maneuvering_circular,240,1.0,817.3415225557269,629.1006524188368,1468.6502455959037,617.3026582745393,651.3087230401768,-11.79799414429749,651.4155704111275,0.3148719333470521,314.8719333470521,0.181937103659521,0.0,0.181937103659521,0.4265408581361474,0.4265408581361474
0,maneuvering_circular,240,2.0,959.9999999999999,610.7106781186548,1533.9261141142276,627.4307698837231,573.9261141142277,16.720091765068332,574.1696142525219,0.27956628561131674,279.56628561131674,1.3805569518623835,0.0,1.3805569518623835,1.1749710429888829,1.1749710429888829
0,maneuvering_circular,240,3.0,1102.658477444273,494.60095002604527,1599.2019826325516,637.5588814929067,496.54350518827846,142.95793146686145,516.7130951639853,0.2528280537207367,252.82805372073668,4.59722246195793,0.0,4.59722246195793,2.144113444283658,2.144113444283658
0,maneuvering_circular,240,4.0,1048.167787843871,441.2311659404862,1664.4778511508753,647.6869931020904,616.3100633070042,206.45582716160413,649.9708475789246,0.3142187153439274,314.21871534392744,10.831933633946159,0.0,10.831933633946159,3.291190306552655,3.291190306552655
0,maneuvering_circular,240,5.0,871.8322121561291,524.356553495977,1729.7537196691992,657.8151047112741,857.9215075130701,133.45855121529712,868.2398850237098,0.4095698916742481,409.56989167424814,21.084690467827073,0.0,21.084690467827073,4.591806884857754,4.591806884857754
0,maneuvering_circular,255,0.5,817.3415225557269,629.1006524188368,1470.7130967029343,619.3294665719824,653.3715741472074,-9.77118584685445,653.4446342089386,0.31578888647541714,315.78888647541714,0.026894302767833164,0.0,0.026894302767833164,0.1639948254300518,0.1639948254300518
0,maneuvering_circular,255,1.0,871.832212156129,638.7688340595138,1504.1352892455088,625.1664028064586,632.3030770893798,-13.602431253055215,632.4493714382934,0.30627456889656135,306.27456889656133,0.18193710365948954,0.0,0.18193710365948954,0.4265408581361105,0.4265408581361105
0,maneuvering_circular,255,2.0,1048.1677878438709,555.643446504023,1570.9796743306574,636.8402752754112,522.8118864867865,81.19682877138814,529.0795721386365,0.2586156654545747,258.6156654545747,1.3805569518622904,0.0,1.3805569518622904,1.1749710429888434,1.1749710429888434
0,maneuvering_circular,255,3.0,1102.658477444273,450.89934758116317,1637.824059415806,648.5141477443636,535.1655819715329,197.61480016320047,570.4855908526272,0.2778636986209191,277.8636986209191,4.597222461957743,0.0,4.597222461957743,2.1441134442836143,2.1441134442836143
0,maneuvering_circular,255,4.0,960.0000000000001,469.28932188134524,1704.6684445009548,660.1880202133162,744.6684445009547,190.898698331971,768.7479465080296,0.3669635151597897,366.9635151597897,10.831933633945845,0.0,10.831933633945845,3.291190306552607,3.291190306552607
0,maneuvering_circular,255,5.0,817.341522555727,585.3990499739547,1771.5128295861036,671.8618926822687,954.1713070303766,86.46284270831404,958.08074102826,0.44673975028720525,446.73975028720525,21.084690467826597,0.0,21.084690467826597,4.591806884857703,4.591806884857703
0,maneuvering_circular,270,0.5,871.832212156129,638.7688340595138,1506.2738931351066,627.459686903937,634.4416809789776,-11.309147155576738,634.5424677457115,0.3072256915532613,307.2256915532613,0.026894302767832362,0.0,0.026894302767832362,0.16399482543004934,0.16399482543004934
0,maneuvering_circular,270,1.0,959.9999999999999,610.7106781186548,1540.5250838446332,634.1967768526646,580.5250838446333,23.48609873400983,580.9999740159737,0.28271856035361526,282.71856035361526,0.18193710365948806,0.0,0.18193710365948806,0.42654085813610876,0.42654085813610876
0,maneuvering_circular,270,2.0,1102.658477444273,494.60095002604527,1609.0274652636863,647.6709567501198,506.3689878194132,153.07000672407452,528.9990347663833,0.25857803013600983,258.57803013600983,1.3805569518622869,0.0,1.3805569518622869,1.1749710429888418,1.1749710429888418
0,maneuvering_circular,270,3.0,1048.167787843871,441.2311659404862,1677.5298466827396,661.145136647575,629.3620588388685,219.91397070708877,666.6773999604738,0.32175538437107915,321.7553843710791,4.5972224619577355,0.0,4.5972224619577355,2.1441134442836125,2.1441134442836125
0,maneuvering_circular,270,4.0,871.8322121561291,524.356553495977,1746.0322281017927,674.6193165450302,874.2000159456636,150.2627630490532,887.0200481604317,0.4174437698732209,417.4437698732209,10.831933633945834,0.0,10.831933633945834,3.2911903065526054,3.2911903065526054
0,maneuvering_circular,270,5.0,817.3415225557269,629.1006524188368,1814.5346095208458,688.0934964424854,997.1930869651189,58.99284402364856,998.9365386935357,0.4632221340086512,463.2221340086512,21.084690467826583,0.0,21.084690467826583,4.591806884857701,4.591806884857701
0,maneuvering_circular,285,0.5,959.9999999999999,610.7106781186548,1542.3264008779258,635.8655985896133,582.326400877926,25.154920470958587,582.8694598135497,0.28358034296649637,283.58034296649635,0.026894302767832286,0.0,0.026894302767832286,0.16399482543004912,0.16399482543004912
0,maneuvering_circular,285,1.0,1048.1677878438709,555.643446504023,1577.2735982316358,643.2313664840058,529.1058103877649,87.58791997998276,536.3064444070324,0.2619897404566552,261.98974045665517,0.1819371036594878,0.0,0.1819371036594878,0.4265408581361084,0.4265408581361084
0,maneuvering_circular,285,2.0,1102.658477444273,450.89934758116317,1647.1679929390555,657.9629022727908,544.5095154947824,207.0635546916276,582.551223624065,0.28343367518268464,283.4336751826846,1.3805569518622858,0.0,1.3805569518622858,1.1749710429888414,1.1749710429888414
0,maneuvering_circular,285,3.0,960.0000000000001,469.28932188134524,1717.0623876464751,672.6944380615759,757.062387646475,203.4051161802306,783.9114108604841,0.3735524627695094,373.55246276950936,4.597222461957734,0.0,4.597222461957734,2.144113444283612,2.144113444283612
0,maneuvering_circular,285,4.0,817.341522555727,585.3990499739547,1786.9567823538948,687.4259738503608,969.6152597981678,102.02692387640616,974.9683303724026,0.45358490183427064,453.5849018342706,10.83193363394583,0.0,10.83193363394583,3.291190306552605,3.291190306552605
0,maneuvering_circular,285,5.0,871.8322121561289,638.7688340595138,1856.8511770613145,702.1575096391458,985.0189649051856,63.388675579632036,987.0564752913701,0.4584568081664234,458.4568081664234,21.084690467826576,0.0,21.084690467826576,4.5918068848577,4.5918068848577
1,maneuvering_circular,60,0.5,960.0,469.28932188134524,1368.8751513938098,329.61095906231674,408.8751513938098,-139.6783628190285,432.0751490969077,0.21276768002919105,212.76768002919104,0.026914403913882765,0.0,0.026914403913882765,0.16405609989842732,0.16405609989842732
1,maneuvering_circular,60,1.0,871.832212156129,524.3565534959769,1450.057690511951,273.4839663117925,578.225478355822,-250.87258718418434,630.3029103695344,0.30529860224160654,305.29860224160655,0.1820020086357365,0.0,0.1820020086357365,0.4266169343049295,0.4266169343049295
1,maneuvering_circular,60,2.0,817.3415225557269,629.1006524188367,1612.4227687482337,161.229980810744,795.0812461925068,-467.8706716080927,922.5275895050713,0.4321813192894185,432.1813192894185,1.3807899321422343,0.0,1.3807899321422343,1.1750701817943616,1.1750701817943616
1,maneuvering_circular,60,3.0,960.0,610.7106781186548,1774.7878469845164,48.97599530969552,814.7878469845164,-561.7346828089592,989.6590773918792,0.45950269119080744,459.50269119080747,4.597728141065787,0.0,4.597728141065787,2.1442313636979073,2.1442313636979073
1,maneuvering_circular,60,4.0,1102.658477444273,494.60095002604527,1937.1529252207993,-63.27799019135301,834.4944477765262,-557.8789402173983,1003.7977362536423,0.46516554938807797,465.165549388078,10.832816635406392,0.0,10.832816635406392,3.291324450036245,3.291324450036245
1,maneuvering_circular,60,5.0,1048.1677878438709,441.2311659404862,2099.5180034570817,-175.53197569240155,1051.3502156132108,-616.7631416328877,1218.9069073341138,0.547341588574673,547.341588574673,21.08605541516405,0.0,21.08605541516405,4.591955511017507,4.591955511017507
1,maneuvering_circular,75,0.5,871.832212156129,524.3565534959769,1452.3928476174274,275.4529981124588,580.5606354612984,-248.9035553835181,631.6673423011376,0.30591906053042744,305.91906053042743,0.026902141438139675,0.0,0.026902141438139675,0.1640187228280347,0.1640187228280347
1,maneuvering_circular,75,1.0,817.341522555727,585.3990499739547,1534.4693446461326,220.0871439482554,717.1278220904056,-365.3119060256993,804.8137063322529,0.38257952694947467,382.57952694947465,0.18195685477065326,0.0,0.18195685477065326,0.42656401016805584,0.42656401016805584
1,maneuvering_circular,75,2.0,871.832212156129,638.7688340595138,1698.6223387035434,109.35543561984872,826.7901265474144,-529.4133984396651,981.7639532004245,0.45632661941909747,456.3266194190975,1.3806169035140714,0.0,1.3806169035140714,1.1749965546817878,1.1749965546817878
1,maneuvering_circular,75,3.0,1048.1677878438709,555.6434465040231,1862.7753327609541,-1.3762727085579627,814.6075449170833,-557.0197192125811,986.8416386774022,0.45837042551347984,458.37042551347986,4.597344448362011,0.0,4.597344448362011,2.1441418909116092,2.1441418909116092
1,maneuvering_circular,75,4.0,1102.658477444273,450.89934758116317,2026.928326818365,-112.10798103696465,924.2698493740918,-563.0073286181278,1082.2439681235128,0.4960015336137754,496.0015336137754,10.832139489314471,0.0,10.832139489314471,3.291221580099777,3.291221580099777
1,maneuvering_circular,75,5.0,960.0,469.2893218813453,2191.0813208757754,-222.83968936537138,1231.0813208757754,-692.1290112467167,1412.3044242721191,0.614843042897316,614.843042897316,21.085002026371455,0.0,21.085002026371455,4.591840810216689,4.591840810216689
1,maneuvering_circular,90,0.5,817.341522555727,585.3990499739547,1536.1543923528059,222.09941382019534,718.8128697970789,-363.29963615375937,805.4058401919905,0.38283430670746327,382.83430670746327,0.026894945824292135,0.0,0.026894945824292135,0.16399678601817821,0.16399678601817821
1,maneuvering_circular,90,1.0,817.3415225557269,629.1006524188367,1618.8841134446484,167.52626445286188,801.5425908889215,-461.57438796597484,924.944020271005,0.4331771105035745,433.1771105035745,0.18193835949986814,0.0,0.18193835949986814,0.42654233025558924,0.42654233025558924
1,maneuvering_circular,90,2.0,960.0,610.7106781186548,1784.343555628334,58.37996571819497,824.3435556283339,-552.3307124004598,992.2759261247667,0.46055320903732366,460.55320903732365,1.3805601005595018,0.0,1.3805601005595018,1.174972382892254,1.174972382892254
1,maneuvering_circular,90,3.0,1102.658477444273,494.60095002604527,1949.8029978120192,-50.76633301647195,847.144520367746,-545.3672830425172,1007.5114449981576,0.46664767102577864,466.64767102577866,4.597228393230445,0.0,4.597228393230445,2.144114827435892,2.144114827435892
1,maneuvering_circular,90,4.0,1048.1677878438709,441.2311659404862,2115.2624399957044,-159.91263175113886,1067.0946521518335,-601.1437976916251,1224.771350968887,0.5494768736380496,549.4768736380496,10.831943237512696,0.0,10.831943237512696,3.2911917655330716,3.2911917655330716
1,maneuvering_circular,90,5.0,871.8322121561291,524.356553495977,2280.7218821793895,-269.05893048580583,1408.8896700232604,-793.4154839817828,1616.9348263057166,0.6798827157091328,679.8827157091329,21.084704633406258,0.0,21.084704633406258,4.5918084273417,4.5918084273417
1,maneuvering_circular,105,0.5,817.3415225557269,629.1006524188367,1621.0216936984937,169.33631371227625,803.6801711427668,-459.76433870656047,925.8968974104772,0.43356953144972216,433.56953144972215,0.02689433377710989,0.0,0.02689433377710989,0.16399491997348542,0.16399491997348542
1,maneuvering_circular,105,1.0,871.832212156129,638.7688340595138,1704.5649754178985,115.46739840811773,832.7327632617695,-523.3014356513961,983.508132942679,0.45702912827925324,457.02912827925326,0.18193721349558192,0.0,0.18193721349558192,0.42654098688822617,0.42654098688822617
1,maneuvering_circular,105,2.0,1048.1677878438709,555.6434465040231,1871.6515388567082,7.729567799800662,823.4837510128373,-547.9138787042225,989.1082380906945,0.4592814208255323,459.2814208255323,1.3805573891363516,0.0,1.3805573891363516,1.174971229067483,1.174971229067483
1,maneuvering_circular,105,3.0,1102.658477444273,450.89934758116317,2038.7381022955178,-100.00826280851643,936.0796248512447,-550.9076103896796,1086.160328518269,0.4975149582570825,497.51495825708247,4.597223453048889,0.0,4.597223453048889,2.144113675402703,2.144113675402703
1,maneuvering_circular,105,4.0,960.0,469.2893218813453,2205.8246657343275,-207.74609341683347,1245.8246657343275,-677.0354152981788,1417.9055156532916,0.6167092891605181,616.7092891605181,10.831935405233194,0.0,10.831935405233194,3.2911905756478452,3.2911905756478452
1,maneuvering_circular,105,5.0,817.341522555727,585.3990499739547,2372.911229173137,-315.4839240251505,1555.5697066174102,-900.8829739991052,1797.6059760101068,0.732153375430055,732.153375430055,21.084693245689266,0.0,21.084693245689266,4.591807187338039,4.591807187338039
1,maneuvering_circular,120,0.5,871.832212156129,638.7688340595138,1706.7330895939315,117.89873346019715,834.9008774378025,-520.8701005993166,984.0554541512154,0.4572494746198529,457.2494746198529,0.026894331851434087,0.0,0.026894331851434087,0.16399491410234066,0.16399491410234066
1,maneuvering_circular,120,1.0,960.0,610.7106781186548,1791.1146523332036,64.96328836181088,831.1146523332036,-545.7473897568439,994.2795274717016,0.4613568030936827,461.3568030936827,0.18193718554487112,0.0,0.18193718554487112,0.4265409541238345,0.4265409541238345
1,maneuvering_circular,120,2.0,1102.658477444273,494.60095002604527,1959.8777778117476,-40.90760183496164,857.2193003674745,-535.5085518610069,1010.7395005830015,0.46793417580535285,467.9341758053528,1.3805572203712253,0.0,1.3805572203712253,1.1749711572507748,1.1749711572507748
1,maneuvering_circular,120,3.0,1048.1677878438709,441.2311659404862,2128.640903290292,-146.77849203173417,1080.4731154464212,-588.0096579722203,1230.1128042058187,0.5514168873751422,551.4168873751422,4.597223025116886,0.0,4.597223025116886,2.1441135756104166,2.1441135756104166
1,maneuvering_circular,120,4.0,871.8322121561291,524.356553495977,2297.404028768836,-252.64938222850668,1425.5718166127067,-777.0059357244836,1623.5742140325872,0.6818869918419063,681.8869918419063,10.831934599781853,0.0,10.831934599781853,3.2911904532831056,3.2911904532831056
1,maneuvering_circular,120,5.0,817.3415225557269,629.1006524188368,2466.16715424738,-358.52027242527924,1648.8256316916531,-987.6209248441161,1921.9836250377698,0.7655087159529065,765.5087159529065,21.084691944366128,0.0,21.084691944366128,4.591807045637494,4.591807045637494
1,maneuvering_circular,135,0.5,960.0,610.7106781186548,1793.0441727632865,66.62201360795574,833.0441727632865,-544.088664510699,994.9849589938052,0.46163958122620613,461.63958122620613,0.02689430796497519,0.0,0.02689430796497519,0.16399484127549618,0.16399484127549618
1,maneuvering_circular,135,1.0,1048.1677878438709,555.6434465040231,1878.1711101081705,14.34141750112633,830.0033222642996,-541.3020290028968,990.9154361359136,0.4600071851752879,460.0071851752879,0.18193711538096685,0.0,0.18193711538096685,0.426540871876268,0.426540871876268
1,maneuvering_circular,135,2.0,1102.658477444273,450.89934758116317,2048.424984797939,-90.21977471253248,945.7665073536659,-541.1191222936957,1089.625711399952,0.4988520375744291,498.85203757442906,1.3805569846255719,0.0,1.3805569846255719,1.1749710569310088,1.1749710569310088
1,maneuvering_circular,135,3.0,960.0,469.2893218813453,2218.678859487707,-194.78096692619127,1258.678859487707,-664.0702888075366,1423.1169382022688,0.6184412769500194,618.4412769500194,4.59722252642034,0.0,4.59722252642034,2.1441134593160736,2.1441134593160736
1,maneuvering_circular,135,4.0,817.341522555727,585.3990499739547,2388.9327341774756,-299.3421591398501,1571.5912116217487,-884.7412091138048,1803.514885868945,0.7337852166780776,733.7852166780776,10.831933740765269,0.0,10.831933740765269,3.291190322780691,3.291190322780691
1,maneuvering_circular,135,5.0,871.832212156129,638.7688340595138,2559.1866088672436,-403.9033513535089,1687.3543967111145,-1042.6721854130228,1983.514594434409,0.7812597798008052,781.2597798008052,21.08469062766036,0.0,21.08469062766036,4.591806902261936,4.591806902261936
1,maneuvering_circular,150,0.5,1048.1677878438709,555.6434465040231,1880.1167672195143,16.44416934219533,831.9489793756434,-539.1992771618278,991.4005067458925,0.4602018990407385,460.2018990407385,0.02689430294398904,0.0,0.02689430294398904,0.16399482596712936,0.16399482596712936
1,maneuvering_circular,150,1.0,1102.658477444273,494.60095002604527,1965.9845611788733,-35.01723977148619,863.3260837346002,-529.6181897975315,1012.831355073951,0.4687669685287206,468.76696852872055,0.1819371039884484,0.0,0.1819371039884484,0.42654085852172285,0.42654085852172285
1,maneuvering_circular,150,2.0,1048.1677878438709,441.2311659404862,2137.720149097591,-137.94005799884923,1089.55236125372,-579.1712239393355,1233.9220617822443,0.5527975867254904,552.7975867254904,1.380556952768968,0.0,1.380556952768968,1.1749710433746732,1.1749710433746732
1,maneuvering_circular,150,3.0,871.8322121561291,524.356553495977,2309.4557370163084,-240.86287622621225,1437.6235248601793,-765.2194297221893,1628.5951537615967,0.683398378433501,683.3983784335011,4.597222463804956,0.0,4.597222463804956,2.1441134447143777,2.1441134447143777
1,maneuvering_circular,150,4.0,817.3415225557269,629.1006524188368,2481.1913249350264,-343.7856944535753,1663.8498023792995,-972.8863468724121,1927.4086252812042,0.7669169925189229,766.9169925189228,10.83193363709641,0.0,10.83193363709641,3.2911903070312434,3.2911903070312434
1,maneuvering_circular,150,5.0,959.9999999999999,610.7106781186548,2652.926912853744,-446.7085126809384,1692.926912853744,-1057.4191907995933,1996.0302796640574,0.7844047477443506,784.4047477443506,21.084690472643334,0.0,21.084690472643334,4.591806885382195,4.591806885382195
1,maneuvering_circular,165,0.5,1102.658477444273,494.60095002604527,1968.1243802256226,-32.9285130015129,865.4659027813495,-527.5294630275582,1013.5672465304315,0.46905976900378077,469.0597690037808,0.026894302837977224,0.0,0.026894302837977224,0.16399482564391238,0.16399482564391238
1,maneuvering_circular,165,1.0,1102.658477444273,450.89934758116317,2054.8192774829477,-83.56467575276632,952.1608000386746,-534.4640233339295,1091.9074967086635,0.4997313769317729,499.7313769317729,0.18193710388657452,0.0,0.18193710388657452,0.4265408584023042,0.4265408584023042
1,maneuvering_circular,165,2.0,960.0,469.2893218813453,2228.2090719975977,-184.83700125527318,1268.2090719975977,-654.1263231366185,1426.9672375066077,0.6197181671546353,619.7181671546354,1.3805569526788681,0.0,1.3805569526788681,1.1749710433363318,1.1749710433363318
1,maneuvering_circular,165,3.0,817.341522555727,585.3990499739547,2401.5988665122477,-286.10932675778,1584.2573439565208,-871.5083767317346,1808.1477214524684,0.7350612997130488,735.0612997130488,4.597222463731294,0.0,4.597222463731294,2.1441134446972003,2.1441134446972003
1,maneuvering_circular,165,4.0,871.832212156129,638.7688340595138,2574.988661026898,-387.3816522602869,1703.156448870769,-1026.1504863198006,1988.39802602609,0.7824892407739948,782.4892407739949,10.831933637043852,0.0,10.831933637043852,3.2911903070232587,3.2911903070232587
1,maneuvering_circular,165,5.0,1048.1677878438709,555.643446504023,2748.378455541548,-488.6539777627938,1700.2106676976773,-1044.2974242668167,1995.31286390964,0.7842250052244307,784.2250052244307,21.08469047261654,0.0,21.08469047261654,4.5918068853792775,4.5918068853792775
1,maneuvering_circular,180,0.5,1102.658477444273,450.89934758116317,1994.807449859837,-29.308605168971077,892.148972415564,-480.20795275013427,1013.1779048452557,0.46890486644835483,468.9048664483548,0.026894302795637273,0.0,0.026894302795637273,0.1639948255148231,0.1639948255148231
1,maneuvering_circular,180,1.0,1048.1677878438709,441.2311659404862,2056.18553152689,-58.0916972054501,1008.017743683019,-499.3228631459363,1124.9102600830256,0.5123553744662088,512.3553744662088,0.1819371037296721,0.0,0.1819371037296721,0.42654085821837995,0.42654085821837995
1,maneuvering_circular,180,2.0,871.8322121561291,524.356553495977,2178.941694860995,-115.65788127840815,1307.109482704866,-640.0144347743851,1455.3878096564358,0.6290717041178513,629.0717041178513,1.380556952075592,0.0,1.380556952075592,1.1749710430796123,1.1749710430796123
1,maneuvering_circular,180,3.0,817.3415225557269,629.1006524188368,2301.6978581951003,-173.22406535136622,1484.3563356393734,-802.324717770203,1687.3170075293451,0.7008009587286095,700.8009587286094,4.597222462391979,0.0,4.597222462391979,2.1441134443848764,2.1441134443848764
1,maneuvering_circular,180,4.0,959.9999999999999,610.7106781186548,2424.4540215292054,-230.79024942432426,1464.4540215292054,-841.5009275429791,1689.0084050201635,0.7012948051142966,701.2948051142967,10.831933634678833,0.0,10.831933634678833,3.2911903066639634,3.2911903066639634
1,maneuvering_circular,180,5.0,1102.658477444273,494.60095002604527,2547.210184863311,-288.3564334972823,1444.551707419038,-782.9573835233275,1643.0921763008162,0.6877414219180602,687.7414219180602,21.084690468936152,0.0,21.084690468936152,4.591806884978522,4.591806884978522
1,maneuvering_circular,195,0.5,1048.1677878438709,441.2311659404862,1941.2735661762088,1.3894605615419726,893.1057783323379,-439.84170537894425,995.5393799751314,0.4618617696975353,461.8617696975353,0.02689430277014718,0.0,0.02689430277014718,0.16399482543710694,0.16399482543710694
1,maneuvering_circular,195,1.0,960.0,469.2893218813453,1958.7845861969136,-4.8444227635724735,998.7845861969136,-474.1337446449178,1105.6099933681642,0.5049942081723614,504.9942081723614,0.18193710366402077,0.0,0.18193710366402077,0.4265408581414221,0.4265408581414221
1,maneuvering_circular,195,2.0,817.341522555727,585.3990499739547,1993.8066262383227,-17.312189413801367,1176.4651036825958,-602.711239387756,1321.8664752036136,0.5840227961004504,584.0227961004504,1.3805569518736722,0.0,1.3805569518736722,1.1749710429936868,1.1749710429936868
1,maneuvering_circular,195,3.0,871.832212156129,638.7688340595138,2028.828666279732,-29.779956064030255,1156.9964541236031,-668.548790123544,1336.2628033550307,0.5890159654510495,589.0159654510495,4.597222461979197,0.0,4.597222461979197,2.144113444288617,2.144113444288617
1,maneuvering_circular,195,4.0,1048.1677878438709,555.643446504023,2063.8507063211414,-42.24772271425915,1015.6829184772705,-597.8911692182821,1178.5947739217709,0.5325127622834943,532.5127622834943,10.831933633980592,0.0,10.831933633980592,3.291190306557886,3.291190306557886
1,maneuvering_circular,195,5.0,1102.658477444273,450.89934758116317,2098.8727463625505,-54.71548936448804,996.2142689182774,-505.61483694565123,1117.1791409330715,0.5094139632361713,509.4139632361713,21.08469046787786,0.0,21.08469046787786,4.591806884863284,4.591806884863284
1,maneuvering_circular,210,0.5,960.0,469.2893218813453,1908.1987316719196,16.42914247405019,948.1987316719196,-452.8601794072951,1050.7916905062793,0.48375726576060885,483.75726576060885,0.0268943027679406,0.0,0.0268943027679406,0.16399482543037935,0.16399482543037935
1,maneuvering_circular,210,1.0,871.8322121561291,524.356553495977,1906.8998675790026,18.04608365805994,1035.0676554228735,-506.310469837917,1152.2653093667693,0.5226850832352556,522.6850832352557,0.18193710365987026,0.0,0.18193710365987026,0.4265408581365568,0.4265408581365568
1,maneuvering_circular,210,2.0,817.3415225557269,629.1006524188368,1904.3021393931685,21.279966026079435,1086.9606168374416,-607.8206863927574,1245.36314758491,0.556930395003461,556.930395003461,1.3805569518638094,0.0,1.3805569518638094,1.1749710429894897,1.1749710429894897
1,maneuvering_circular,210,3.0,959.9999999999999,610.7106781186548,1901.7044112073345,24.51384839409893,941.7044112073346,-586.1968297245559,1109.2492602055106,0.5063868557028852,506.3868557028852,4.597222461961189,0.0,4.597222461961189,2.1441134442844176,2.1441134442844176
1,maneuvering_circular,210,4.0,1102.658477444273,494.60095002604527,1899.1066830215004,27.747730762118422,796.4482055772273,-466.85321926392686,923.1910270925935,0.4324548076682039,432.4548076682039,10.831933633952008,0.0,10.831933633952008,3.2911903065535437,3.2911903065535437
1,maneuvering_circular,210,5.0,1048.167787843871,441.2311659404862,1896.5089548356664,30.981613130137916,848.3411669917953,-410.2495528103483,942.3308501763548,0.4403150212086335,440.3150212086335,21.084690467836268,0.0,21.084690467836268,4.591806884858755,4.591806884858755
1,maneuvering_circular,225,0.5,871.8322121561291,524.356553495977,1900.2605253056915,20.795283311614543,1028.4283131495624,-503.56127018436246,1145.093335985038,0.5199885810744054,519.9885810744054,0.026894302767934846,0.0,0.026894302767934846,0.1639948254303618,0.1639948254303618
1,maneuvering_circular,225,1.0,817.341522555727,585.3990499739547,1896.6824210130594,23.436483152736077,1079.3408984573325,-561.9625668212186,1216.8725083553225,0.5465995479936805,546.5995479936805,0.1819371036597771,0.0,0.1819371036597771,0.4265408581364476,0.4265408581364476
1,maneuvering_circular,225,2.0,871.832212156129,638.7688340595138,1889.526212427795,28.718882834979144,1017.6940002716659,-610.0499512245347,1186.5336156965814,0.5354539139769057,535.4539139769057,1.380556951863236,0.0,1.380556951863236,1.1749710429892457,1.1749710429892457
1,maneuvering_circular,225,3.0,1048.1677878438709,555.643446504023,1882.3700038425304,34.00128251722221,834.2022159986595,-521.6421639868008,983.8718841525591,0.4571755763986609,457.1755763986609,4.597222461959727,0.0,4.597222461959727,2.1441134442840766,2.1441134442840766
1,maneuvering_circular,225,4.0,1102.658477444273,450.89934758116317,1875.213795257266,39.283682199465275,772.5553178129928,-411.6156653816979,875.36802264462,0.4125648800081225,412.56488000812254,10.83193363394925,0.0,10.83193363394925,3.2911903065531245,3.2911903065531245
1,maneuvering_circular,225,5.0,960.0000000000001,469.28932188134524,1868.0575866720014,44.56608188170834,908.0575866720013,-424.7232399996369,1002.4761400194861,0.4646375744264395,464.63757442643947,21.084690467831805,0.0,21.084690467831805,4.591806884858269,4.591806884858269
1,maneuvering_circular,240,0.5,817.341522555727,585.3990499739547,1898.6910433778792,25.469997705461232,1081.349520822152,-559.9290522684935,1217.7180830375278,0.5469080501185659,546.9080501185659,0.02689430276785079,0.0,0.02689430276785079,0.16399482543010555,0.16399482543010555
1,maneuvering_circular,240,1.0,817.3415225557269,629.1006524188368,1895.8945467593742,28.89497914259238,1078.5530242036473,-600.2056732762444,1234.3109317557805,0.5529384040019375,552.9384040019376,0.1819371036595296,0.0,0.1819371036595296,0.42654085813615744,0.42654085813615744
1,maneuvering_circular,240,2.0,959.9999999999999,610.7106781186548,1890.3015535223647,35.74494201685468,930.3015535223648,-574.9657361018001,1093.639144406056,0.5003981449357041,500.3981449357041,1.3805569518624028,0.0,1.3805569518624028,1.174971042988891,1.174971042988891
1,maneuvering_circular,240,3.0,1102.658477444273,494.60095002604527,1884.708560285355,42.594904891116975,782.0500828410818,-452.0060451349283,903.2783607007652,0.4242162333729197,424.2162333729197,4.597222461957964,0.0,4.597222461957964,2.144113444283666,2.144113444283666
1,maneuvering_circular,240,4.0,1048.167787843871,441.2311659404862,1879.1155670483454,49.44486776537927,830.9477792044743,-391.78629817510694,918.6787878266274,0.4305933695171167,430.5933695171167,10.83193363394621,0.0,10.83193363394621,3.2911903065526626,3.2911903065526626
1,maneuvering_circular,240,5.0,871.8322121561291,524.356553495977,1873.5225738113356,56.294830639641575,1001.6903616552065,-468.0617228563354,1105.6515531740456,0.5050101240927974,505.01012409279747,21.084690467827148,0.0,21.084690467827148,4.591806884857762,4.591806884857762
1,maneuvering_circular,255,0.5,817.3415225557269,629.1006524188368,1898.0025844191193,30.898423044178074,1080.6610618633924,-598.2022293746587,1235.1818642841738,0.5532536965985071,553.2536965985071,0.026894302767832858,0.0,0.026894302767832858,0.16399482543005087,0.16399482543005087
1,maneuvering_circular,255,1.0,871.832212156129,638.7688340595138,1896.018381783767,35.105944624853976,1024.1861696276378,-603.6628894346597,1188.8507871626005,0.536310442275909,536.3104422759089,0.18193710365948879,0.0,0.18193710365948879,0.4265408581361096,0.4265408581361096
1,maneuvering_circular,255,2.0,1048.1677878438709,555.643446504023,1892.0499765130623,43.52098778620578,843.8821886691915,-512.1224587178173,987.1203376875017,0.4584824848796803,458.48248487968027,1.3805569518622884,0.0,1.3805569518622884,1.1749710429888425,1.1749710429888425
1,maneuvering_circular,255,3.0,1102.658477444273,450.89934758116317,1888.0815712423578,51.93603094755758,785.4230937980847,-398.9633166336056,880.9433377298687,0.4149019708015878,414.9019708015878,4.597222461957739,0.0,4.597222461957739,2.1441134442836134,2.1441134442836134
1,maneuvering_circular,255,4.0,960.0000000000001,469.28932188134524,1884.1131659716534,60.35107410890939,924.1131659716533,-408.93824777243583,1010.5521431442033,0.46785955229275955,467.85955229275953,10.83193363394584,0.0,10.83193363394584,3.2911903065526062,3.2911903065526062
1,maneuvering_circular,255,5.0,817.341522555727,585.3990499739547,1880.1447607009488,68.76611727026119,1062.8032381452217,-516.6329327036935,1181.7192179896153,0.5336715151223518,533.6715151223518,21.08469046782659,0.0,21.08469046782659,4.591806884857702,4.591806884857702
1,maneuvering_circular,270,0.5,871.832212156129,638.7688340595138,1899.0508220923102,36.97258598324553,1027.218609936181,-601.7962480762683,1190.519549103623,0.5369267502515603,536.9267502515603,0.026894302767832466,0.0,0.026894302767832466,0.16399482543004967,0.16399482543004967
1,maneuvering_circular,270,1.0,959.9999999999999,610.7106781186548,1898.2434430609246,41.90702913968191,938.2434430609247,-568.8036489789729,1097.1956751366702,0.5017660573165337,501.76605731653365,0.1819371036594884,0.0,0.1819371036594884,0.42654085813610915,0.42654085813610915
1,maneuvering_circular,270,2.0,1102.658477444273,494.60095002604527,1896.628684998153,51.77591545255467,793.9702075538798,-442.8250345734906,909.1109402752583,0.42663579368907245,426.63579368907244,1.3805569518622882,0.0,1.3805569518622882,1.1749710429888425,1.1749710429888425
1,maneuvering_circular,270,3.0,1048.167787843871,441.2311659404862,1895.0139269353815,61.64480176542743,846.8461390915104,-379.5863641750588,928.0270422578418,0.43444626801423747,434.4462680142375,4.597222461957738,0.0,4.597222461957738,2.144113444283613,2.144113444283613
1,maneuvering_circular,270,4.0,871.8322121561291,524.356553495977,1893.39916887261,71.51368807830019,1021.566956716481,-452.84286541767676,1117.4371158211386,0.5095122697662666,509.5122697662666,10.83193363394584,0.0,10.83193363394584,3.2911903065526062,3.2911903065526062
1,maneuvering_circular,270,5.0,817.3415225557269,629.1006524188368,1891.7844108098386,81.38257439117295,1074.4428882541117,-547.7180780276639,1205.994449870378,0.5426204282777916,542.6204282777916,21.08469046782659,0.0,21.08469046782659,4.591806884857702,4.591806884857702
1,maneuvering_circular,285,0.5,959.9999999999999,610.7106781186548,1900.1774706570213,43.87531882972063,940.1774706570214,-566.8353592889341,1097.832410193491,0.5020107419243975,502.01074192439756,0.02689430276783232,0.0,0.02689430276783232,0.16399482543004923,0.16399482543004923
1,maneuvering_circular,285,1.0,1048.1677878438709,555.643446504023,1900.0965073996977,49.570059954244,851.9287195558268,-506.073386549779,990.9050488205177,0.46000301515625325,460.00301515625324,0.18193710365948787,0.0,0.18193710365948787,0.42654085813610854,0.42654085813610854
1,maneuvering_circular,285,2.0,1102.658477444273,450.89934758116317,1899.93458088505,60.95954220329075,797.276103440777,-389.9398053778724,887.525907754721,0.41765510591828237,417.65510591828235,1.380556951862286,0.0,1.380556951862286,1.1749710429888416,1.1749710429888416
1,maneuvering_circular,285,3.0,960.0000000000001,469.28932188134524,1899.7726543704027,72.3490244523375,939.7726543704026,-396.9402974290077,1020.1638307769108,0.4716805727608597,471.68057276085966,4.597222461957734,0.0,4.597222461957734,2.144113444283612,2.144113444283612
1,maneuvering_circular,285,4.0,817.341522555727,585.3990499739547,1899.6107278557552,83.73850670138425,1082.2692053000283,-501.6605432725704,1192.8830342566218,0.5377988605453117,537.7988605453116,10.83193363394583,0.0,10.83193363394583,3.291190306552605,3.291190306552605
1,maneuvering_circular,285,5.0,871.8322121561289,638.7688340595138,1899.4488013411078,95.127988950431,1027.616589184979,-543.6408451090828,1162.5580513845696,0.5265403302994804,526.5403302994804,21.084690467826576,0.0,21.084690467826576,4.5918068848577,4.5918068848577
2,maneuvering_circular,60,0.5,960.0,469.28932188134524,1366.811153605678,321.39133741054553,406.8111536056781,-147.8979844707997,432.86155813205164,0.21314332063274008,213.14332063274009,0.026922880972190942,0.0,0.026922880972190942,0.16408193371663726,0.16408193371663726
2,maneuvering_circular,60,1.0,871.832212156129,524.3565534959769,1447.5481137332183,263.28384814349624,575.7159015770893,-261.0727053524806,632.1453605056229,0.3061363758263474,306.1363758263474,0.18203272171679097,0.0,0.18203272171679097,0.42665292887403333,0.42665292887403333
2,maneuvering_circular,60,2.0,817.3415225557269,629.1006524188367,1609.0220339882985,147.06886960939775,791.6805114325716,-482.03178280943894,926.8833107897586,0.43397561339514945,433.9756133951494,1.3809066312799436,0.0,1.3809066312799436,1.1751198369868256,1.1751198369868256
2,maneuvering_circular,60,3.0,960.0,610.7106781186548,1770.4959542433785,30.85389107529926,810.4959542433785,-579.8567870433556,996.5628857855023,0.46227181843257936,462.2718184325794,4.5979861782750335,0.0,4.5979861782750335,2.1442915329485945,2.1442915329485945
2,maneuvering_circular,60,4.0,1102.658477444273,494.60095002604527,1931.969874498459,-85.36108745879926,829.3113970541858,-579.9620374848446,1011.9848606612343,0.4684300533307915,468.4300533307915,10.83327136270206,0.0,10.83327136270206,3.2913935289937695,3.2913935289937695
2,maneuvering_circular,60,5.0,1048.1677878438709,441.2311659404862,2093.443794753539,-201.57606599289778,1045.276006909668,-642.807231933384,1227.1116770884707,0.5503274477989287,550.3274477989287,21.086762184561024,0.0,21.086762184561024,4.592032467716341,4.592032467716341
2,maneuvering_circular,75,0.5,871.832212156129,524.3565534959769,1449.7621620074835,265.2987352485549,577.9299498513545,-259.05781824742195,633.335598344435,0.30667734869192614,306.67734869192617,0.026906820031764766,0.0,0.026906820031764766,0.16403298458470103,0.16403298458470103
2,maneuvering_circular,75,1.0,817.341522555727,585.3990499739547,1531.3740631108626,207.97074503202072,714.0325405551356,-377.42830494193396,807.6475681526955,0.38379839011611344,383.79839011611347,0.181968819992422,0.0,0.181968819992422,0.4265780350562157,0.4265780350562157
2,maneuvering_circular,75,2.0,871.832212156129,638.7688340595138,1694.5978653176212,93.31476459895222,822.7656531614922,-545.4540694605615,987.1491588981596,0.4584940726119926,458.4940726119926,1.3806535208152924,0.0,1.3806535208152924,1.1750121364544677,1.1750121364544677
2,maneuvering_circular,75,3.0,1048.1677878438709,555.6434465040231,1857.8216675243796,-21.34121583411627,809.6538796805087,-576.9846623381394,994.2085824690694,0.4613283597938727,461.3283597938727,4.597419156173571,0.0,4.597419156173571,2.144159312218561,2.144159312218561
2,maneuvering_circular,75,4.0,1102.658477444273,450.89934758116317,2021.045469731138,-135.99719626718473,918.3869922868648,-586.8965438483478,1089.9000966982476,0.49895782298099484,498.9578229809948,10.832265726067257,0.0,10.832265726067257,3.291240757840006,3.291240757840006
2,maneuvering_circular,75,5.0,960.0,469.2893218813453,2184.2692719378965,-250.6531767002532,1224.2692719378965,-719.9424985815986,1420.264922989814,0.6174939531920302,617.4939531920302,21.08519323049635,0.0,21.08519323049635,4.59186163015572,4.59186163015572
2,maneuvering_circular,90,0.5,817.341522555727,585.3990499739547,1533.3611842750952,209.90162881829013,716.0196617193682,-375.49742115566454,808.5063198660064,0.38416750847369896,384.16750847369894,0.026895327497721538,0.0,0.026895327497721538,0.16399794967535886,0.16399794967535886
2,maneuvering_circular,90,1.0,817.3415225557269,629.1006524188367,1615.7241368857383,153.30527043581648,798.3826143300114,-475.7953819830202,929.4062859593708,0.4350135644811723,435.0135644811723,0.18193906663406267,0.0,0.18193906663406267,0.42654315916922486,0.42654315916922486
2,maneuvering_circular,90,2.0,960.0,610.7106781186548,1780.4500421070247,40.11255367086915,820.4500421070247,-570.5981244477856,999.3600408345079,0.46339159257219004,463.39159257219006,1.3805617572983189,0.0,1.3805617572983189,1.1749730879038545,1.1749730879038545
2,maneuvering_circular,90,3.0,1102.658477444273,494.60095002604527,1945.1759473283112,-73.08016309407816,842.5174698840381,-567.6811131201234,1015.9220114029931,0.46999611181325984,469.99611181325986,4.597231397818008,0.0,4.597231397818008,2.144115528094978,2.144115528094978
2,maneuvering_circular,90,4.0,1048.1677878438709,441.2311659404862,2109.9018525495976,-186.27287985902552,1061.7340647057267,-627.5040457995117,1233.30472781519,0.5525739879921265,552.5739879921265,10.831947988193127,0.0,10.831947988193127,3.2911924872594622,3.2911924872594622
2,maneuvering_circular,90,5.0,871.8322121561291,524.356553495977,2274.6277577708843,-299.4655966239729,1402.7955456147552,-823.8221501199498,1626.8123056532538,0.6828621366852328,682.8621366852327,21.08471152842368,0.0,21.08471152842368,4.591809178137053,4.591809178137053
2,maneuvering_circular,105,0.5,817.3415225557269,629.1006524188367,1617.7912598825706,155.57525655249947,800.4497373268437,-473.52539586633725,930.0247752167597,0.43526785810322893,435.26785810322895,0.02689433579816344,0.0,0.02689433579816344,0.16399492613542482,0.16399492613542482
2,maneuvering_circular,105,1.0,871.832212156129,638.7688340595138,1700.9677309600402,99.85598433973253,829.1355188039112,-538.9128497197812,988.884608099108,0.45919157555685414,459.19157555685416,0.1819372350545772,0.0,0.1819372350545772,0.42654101216011714,0.42654101216011714
2,maneuvering_circular,105,2.0,1048.1677878438709,555.6434465040231,1867.3206731149794,-11.582560085801362,819.1528852711085,-567.2260065898245,996.3718141335701,0.4621952818120072,462.1952818120072,1.3805575120407205,0.0,1.3805575120407205,1.1749712813684938,1.1749712813684938
2,maneuvering_circular,105,3.0,1102.658477444273,450.89934758116317,2033.6736152699186,-123.02110451133524,931.0151378256455,-573.9204520924984,1093.697340305152,0.5004205447296204,500.42054472962036,4.597223760324618,0.0,4.597223760324618,2.1441137470583547,2.1441137470583547
2,maneuvering_circular,105,4.0,960.0,469.2893218813453,2200.026557424858,-234.45964893686914,1240.0265574248579,-703.7489708182145,1425.8080084803285,0.6193339718281603,619.3339718281603,10.83193597990627,0.0,10.83193597990627,3.2911906629525842,3.2911906629525842
2,maneuvering_circular,105,5.0,817.341522555727,585.3990499739547,2366.379499579797,-345.898193362403,1549.0379770240702,-931.2972433363577,1807.4383003877956,0.7348660851320264,734.8660851320265,21.084694170785678,0.0,21.084694170785678,4.591807288071406,4.591807288071406
2,maneuvering_circular,120,0.5,871.832212156129,638.7688340595138,1702.884427574158,101.85463620048725,831.052215418029,-536.9141978590266,989.4062060720137,0.4594011196142014,459.4011196142014,0.02689434767215137,0.0,0.02689434767215137,0.16399496233772357,0.16399496233772357
2,maneuvering_circular,120,1.0,960.0,610.7106781186548,1786.8063138255193,46.90630653431219,826.8063138255193,-563.8043715843426,1000.7417499032198,0.4639442649444869,463.94426494448686,0.18193723170243942,0.0,0.18193723170243942,0.4265410082306734,0.4265410082306734
2,maneuvering_circular,120,2.0,1102.658477444273,494.60095002604527,1954.650086328242,-62.99035279803792,851.9916088839689,-557.5913028240832,1018.2326662378065,0.47091404981665497,470.914049816655,1.3805573747954742,0.0,1.3805573747954742,1.1749712229648326,1.1749712229648326
2,maneuvering_circular,120,3.0,1048.1677878438709,441.2311659404862,2122.4938588309647,-172.88701213038803,1074.3260709870938,-614.1181780708743,1237.4641988516905,0.5540793588215102,554.0793588215101,4.597223351265121,0.0,4.597223351265121,2.1441136516670753,2.1441136516670753
2,maneuvering_circular,120,4.0,871.8322121561291,524.356553495977,2290.3376313336876,-282.78367146273814,1418.5054191775585,-807.1402249587152,1632.0640204913857,0.6844403971462406,684.4403971462406,10.831935161111378,0.0,10.831935161111378,3.291190538560686,3.291190538560686
2,maneuvering_circular,120,5.0,817.3415225557269,629.1006524188368,2458.18140383641,-392.6803307950882,1640.8398812806831,-1021.7809832139251,1932.97488179718,0.7683579755562112,768.3579755562112,21.084692804334246,0.0,21.084692804334246,4.591807139279071,4.591807139279071
2,maneuvering_circular,135,0.5,960.0,610.7106781186548,1788.8506876548936,48.95751606185477,828.8506876548936,-561.7531620568,1001.279220550793,0.4641591662975672,464.1591662975672,0.026894311169178953,0.0,0.026894311169178953,0.16399485104471712,0.16399485104471712
2,maneuvering_circular,135,1.0,1048.1677878438709,555.6434465040231,1873.5477294087543,-5.195513971148259,825.3799415648834,-560.8389604751713,997.8939760939141,0.46280484466144356,462.80484466144355,0.18193712260981434,0.0,0.18193712260981434,0.42654088035007187,0.42654088035007187
2,maneuvering_circular,135,2.0,1102.658477444273,450.89934758116317,2042.9418129164756,-113.50157403715431,940.2833354722025,-564.4009216183175,1096.6682047412228,0.5015633111813709,501.56331118137086,1.3805570047488427,0.0,1.3805570047488427,1.1749710654943137,1.1749710654943137
2,maneuvering_circular,135,3.0,960.0,469.2893218813453,2212.3358964241966,-221.80763410316035,1252.3358964241966,-691.0969559845057,1430.370651280166,0.620844921159118,620.844921159118,4.597222565898214,0.0,4.597222565898214,2.14411346852218,2.14411346852218
2,maneuvering_circular,135,4.0,817.341522555727,585.3990499739547,2381.729979931918,-330.1136941691664,1564.3884573761911,-915.5127441431212,1812.5878820791909,0.7362815547941637,736.2815547941636,10.831933806057929,0.0,10.831933806057929,3.291190332699999,3.291190332699999
2,maneuvering_circular,135,5.0,871.832212156129,638.7688340595138,2551.124063439639,-438.4197542351725,1679.29185128351,-1077.1885882946863,1995.0830500356362,0.7841674136432779,784.1674136432779,21.084690725227986,0.0,21.084690725227986,4.591806912886036,4.591806912886036
2,maneuvering_circular,150,0.5,1048.1677878438709,555.6434465040231,1875.6238610372154,-3.1383526057888815,827.4560731933445,-558.781799109812,998.4591389140309,0.4630310746457531,463.0310746457531,0.02689430300634975,0.0,0.02689430300634975,0.16399482615725944,0.16399482615725944
2,maneuvering_circular,150,1.0,1102.658477444273,494.60095002604527,1961.116555108408,-56.49338133886754,858.4580776641349,-551.0943313649128,1020.1251066263109,0.4716652081523603,471.6652081523603,0.18193710404537183,0.0,0.18193710404537183,0.4265408585884497,0.4265408585884497
2,maneuvering_circular,150,2.0,1048.1677878438709,441.2311659404862,2132.1019432507933,-163.20343880502486,1083.9341554069224,-604.434604745511,1241.0698790445203,0.5553820400879333,555.3820400879333,1.3805569528157609,0.0,1.3805569528157609,1.1749710433945855,1.1749710433945855
2,maneuvering_circular,150,3.0,871.8322121561291,524.356553495977,2303.087331393179,-269.9134962711822,1431.2551192370497,-794.2700497671592,1636.87388894178,0.6858823149720701,685.88231497207,4.59722246384261,0.0,4.59722246384261,2.1441134447231587,2.1441134447231587
2,maneuvering_circular,150,4.0,817.3415225557269,629.1006524188368,2474.072719535564,-376.62355373733953,1656.731196979837,-1005.7242061561764,1938.1020194754235,0.7696817386467523,769.6817386467523,10.831933637125918,0.0,10.831933637125918,3.291190307035726,3.291190307035726
2,maneuvering_circular,150,5.0,959.9999999999999,610.7106781186548,2645.0581076779495,-483.3336112034969,1685.0581076779495,-1094.0442893221516,2009.0678767153697,0.7876600011938472,787.6600011938472,21.084690472665685,0.0,21.084690472665685,4.591806885384629,4.591806885384629
2,maneuvering_circular,165,0.5,1102.658477444273,494.60095002604527,1963.1007577137784,-43.96029099887452,860.4422802695053,-538.5612410249198,1015.0906994006435,0.4696656525918482,469.66565259184824,0.026894302867170275,0.0,0.026894302867170275,0.1639948257329184,0.1639948257329184
2,maneuvering_circular,165,1.0,1102.658477444273,450.89934758116317,2049.361525955923,-91.80038395787693,946.7030485116497,-542.6997315390402,1091.2239278323204,0.49946803616007135,499.46803616007134,0.18193710399297347,0.0,0.18193710399297347,0.4265408585270272,0.4265408585270272
2,maneuvering_circular,165,2.0,960.0,469.2893218813453,2221.883062440212,-187.48056987588177,1261.8830624402121,-656.769891757227,1422.5665376327001,0.6182585555542315,618.2585555542315,1.380556953084441,0.0,1.380556953084441,1.1749710435089202,1.1749710435089202
2,maneuvering_circular,165,3.0,817.341522555727,585.3990499739547,2394.4045989245014,-283.16075579388655,1577.0630763687745,-868.5598057678412,1800.4233066257539,0.7329320250127183,732.9320250127182,4.597222464629057,0.0,4.597222464629057,2.1441134449065555,2.1441134449065555
2,maneuvering_circular,165,4.0,871.832212156129,638.7688340595138,2566.9261354087903,-378.8409417118914,1695.0939232526612,-1017.6097757714051,1977.0870148765907,0.7796369790095693,779.6369790095692,10.83193363862682,0.0,10.83193363862682,3.2911903072637445,3.2911903072637445
2,maneuvering_circular,165,5.0,1048.1677878438709,555.643446504023,2739.4476718930796,-474.5211276298962,1691.2798840492087,-1030.1645741339194,1980.3198468909068,0.7804538389470054,780.4538389470054,21.084690475077732,0.0,21.084690475077732,4.591806885647276,4.591806885647276
2,maneuvering_circular,180,0.5,1102.658477444273,450.89934758116317,1996.5285888671192,-18.28836382413958,893.8701114228461,-469.18771140530276,1009.5250787518044,0.4674503778013641,467.45037780136414,0.026894302812188506,0.0,0.026894302812188506,0.16399482556528577,0.16399482556528577
2,maneuvering_circular,180,1.0,1048.1677878438709,441.2311659404862,2060.273770924675,-37.61378911668462,1012.105983080804,-478.84495505717086,1119.6655804175034,0.5103610215891057,510.3610215891057,0.1819371037720861,0.0,0.1819371037720861,0.4265408582680985,0.4265408582680985
2,maneuvering_circular,180,2.0,871.8322121561291,524.356553495977,2187.7641350397867,-76.26463970177471,1315.9319228836575,-600.6211931977517,1446.5208755433057,0.6261670201662046,626.1670201662047,1.3805569522055787,0.0,1.3805569522055787,1.1749710431349272,1.1749710431349272
2,maneuvering_circular,180,3.0,817.3415225557269,629.1006524188368,2315.254499154898,-114.9154902868648,1497.912976599171,-744.0161427057017,1672.51406752555,0.6964612595850249,696.4612595850249,4.597222462657335,0.0,4.597222462657335,2.1441134444467567,2.1441134444467567
2,maneuvering_circular,180,4.0,959.9999999999999,610.7106781186548,2442.7448632700093,-153.56634087195488,1482.7448632700093,-764.2770189906096,1668.1281999027447,0.6951693933317724,695.1693933317724,10.831933635127355,0.0,10.831933635127355,3.291190306732103,3.291190306732103
2,maneuvering_circular,180,5.0,1102.658477444273,494.60095002604527,2570.235227385121,-192.21719145704498,1467.576749940848,-686.8181414830902,1620.3396793380173,0.6809113743908707,680.9113743908707,21.084690469615637,0.0,21.084690469615637,4.5918068850525104,4.5918068850525104
2,maneuvering_circular,195,0.5,1048.1677878438709,441.2311659404862,1943.7787219955965,8.842157483480573,895.6109341517256,-432.3890084570057,994.5246100557588,0.46145505551562194,461.45505551562195,0.026894302771523673,0.0,0.026894302771523673,0.1639948254413037,0.1639948254413037
2,maneuvering_circular,195,1.0,960.0,469.2893218813453,1962.972337660524,6.961879119451719,1002.9723376605241,-462.32744276189356,1104.4003687263819,0.5045308424588634,504.5308424588634,0.1819371036665831,0.0,0.1819371036665831,0.4265408581444257,0.4265408581444257
2,maneuvering_circular,195,2.0,817.341522555727,585.3990499739547,2001.3595689903793,3.2013223913940134,1184.0180464346522,-582.1977275825607,1319.4138578494724,0.5831688341297451,583.168834129745,1.3805569518797027,0.0,1.3805569518797027,1.174971042996253,1.174971042996253
2,maneuvering_circular,195,3.0,871.832212156129,638.7688340595138,2039.7468003202348,-0.5592343366636925,1167.9145881641057,-639.3280683961775,1331.4521637241498,0.587351146736333,587.351146736333,4.597222461990157,0.0,4.597222461990157,2.144113444291173,2.144113444291173
2,maneuvering_circular,195,4.0,1048.1677878438709,555.643446504023,2078.13403165009,-4.319791064721398,1029.9662438062192,-559.9632375687444,1172.3435037602085,0.5301896160314744,530.1896160314744,10.831933633997945,0.0,10.831933633997945,3.291190306560522,3.291190306560522
2,maneuvering_circular,195,5.0,1102.658477444273,450.89934758116317,2116.5212629799453,-8.080347792779106,1013.8627855356722,-458.97969537394226,1112.9151399184527,0.5077875155972805,507.7875155972805,21.084690467903066,0.0,21.084690467903066,4.591806884866029,4.591806884866029
2,maneuvering_circular,210,0.5,960.0,469.2893218813453,1909.1886258226666,18.39145438435239,949.1886258226666,-450.8978674969929,1050.841536248191,0.4837767969662858,483.77679696628576,0.02689430276794695,0.0,0.02689430276794695,0.16399482543039873,0.16399482543039873
2,maneuvering_circular,210,1.0,871.8322121561291,524.356553495977,1908.3529340908847,20.651759677654514,1036.5207219347556,-503.70479381832246,1152.429488652432,0.5227467132005823,522.7467132005823,0.1819371036599426,0.0,0.1819371036599426,0.42654085813664155,0.42654085813664155
2,maneuvering_circular,210,2.0,817.3415225557269,629.1006524188368,1906.6815506273213,25.17237026425876,1089.3400280715944,-603.928282154578,1245.5485003584572,0.5569971748356275,556.9971748356274,1.3805569518642287,0.0,1.3805569518642287,1.1749710429896683,1.1749710429896683
2,maneuvering_circular,210,3.0,959.9999999999999,610.7106781186548,1905.0101671637576,29.692980850863,945.0101671637577,-581.0176972677917,1109.3357384404599,0.506419922423636,506.41992242363597,4.597222461962241,0.0,4.597222461962241,2.144113444284663,2.144113444284663
2,maneuvering_circular,210,4.0,1102.658477444273,494.60095002604527,1903.338783700194,34.213591437467244,800.6803062559209,-460.387358588578,923.6046084630821,0.43262526307587074,432.62526307587075,10.83193363395398,0.0,10.83193363395398,3.291190306553843,3.291190306553843
2,maneuvering_circular,210,5.0,1048.167787843871,441.2311659404862,1901.6674002366303,38.73420202407149,853.4996123927592,-402.49696391641476,943.6447394631742,0.44085248430865887,440.85248430865886,21.084690467839444,0.0,21.084690467839444,4.591806884859102,4.591806884859102
2,maneuvering_circular,225,0.5,871.8322121561291,524.356553495977,1900.347732528382,22.354688488570503,1028.515520372253,-502.0018650074065,1144.4868055672466,0.519760156121037,519.760156121037,0.02689430276799054,0.0,0.02689430276799054,0.16399482543053162,0.16399482543053162
2,maneuvering_circular,225,1.0,817.341522555727,585.3990499739547,1896.7254263109521,25.269089748307216,1079.3839037552252,-560.1299602256474,1216.065452197477,0.5463049910271026,546.3049910271026,0.18193710365994004,0.0,0.18193710365994004,0.42654085813663856,0.42654085813663856
2,maneuvering_circular,225,2.0,871.832212156129,638.7688340595138,1889.480813876092,31.097892267780644,1017.648601719963,-607.6709417917332,1185.2732385744005,0.5349876573806476,534.9876573806475,1.3805569518637817,0.0,1.3805569518637817,1.174971042989478,1.174971042989478
2,maneuvering_circular,225,3.0,1048.1677878438709,555.643446504023,1882.236201441232,36.926694787254064,834.0684135973611,-518.716751716769,982.2103578523364,0.4565064654243183,456.50646542431826,4.597222461960881,0.0,4.597222461960881,2.1441134442843457,2.1441134442843457
2,maneuvering_circular,225,4.0,1102.658477444273,450.89934758116317,1874.991589006372,42.75549730672749,772.3331115620988,-408.1438502744357,873.5444108527249,0.41179940817172694,411.79940817172695,10.831933633951236,0.0,10.831933633951236,3.291190306553426,3.291190306553426
2,maneuvering_circular,225,5.0,960.0000000000001,469.28932188134524,1867.7469765715118,48.58429982620092,907.7469765715117,-420.70502205514435,1000.4985202673416,0.463846997225286,463.846997225286,21.08469046783485,0.0,21.08469046783485,4.591806884858601,4.591806884858601
2,maneuvering_circular,240,0.5,817.341522555727,585.3990499739547,1898.9195731384766,27.078179437657127,1081.5780505827497,-558.3208705362975,1217.182514653735,0.5467126651173307,546.7126651173307,0.026894302767862234,0.0,0.026894302767862234,0.16399482543014043,0.16399482543014043
2,maneuvering_circular,240,1.0,817.3415225557269,629.1006524188368,1896.1549890856866,30.683118284596418,1078.8134665299597,-598.4175341342404,1233.6701506989998,0.552706351828812,552.706351828812,0.18193710365955545,0.0,0.18193710365955545,0.42654085813618775,0.42654085813618775
2,maneuvering_circular,240,2.0,959.9999999999999,610.7106781186548,1890.6258209801065,37.89299597847501,930.6258209801066,-572.8176821401797,1092.787497936971,0.5000702806214924,500.0702806214924,1.380556951862475,0.0,1.380556951862475,1.174971042988922,1.174971042988922
2,maneuvering_circular,240,3.0,1102.658477444273,494.60095002604527,1885.0966528745264,45.102873672353596,782.4381754302533,-449.49807635369166,902.3624654296592,0.42383580589377445,423.8358058937745,4.597222461958105,0.0,4.597222461958105,2.1441134442836987,2.1441134442836987
2,maneuvering_circular,240,4.0,1048.167787843871,441.2311659404862,1879.5674847689465,52.31275136623218,831.3996969250754,-388.91841457425403,917.8687211372106,0.4302588542285308,430.25885422853077,10.831933633946447,0.0,10.831933633946447,3.2911903065526986,3.2911903065526986
2,maneuvering_circular,240,5.0,871.8322121561291,524.356553495977,1874.0383166633665,59.52262906011076,1002.2061045072373,-464.8339244358662,1104.7568299033142,0.5046674151661512,504.6674151661512,21.084690467827496,0.0,21.084690467827496,4.5918068848578,4.5918068848578
2,maneuvering_circular,255,0.5,817.3415225557269,629.1006524188368,1898.037701565088,32.76968060503199,1080.696179009361,-596.3309718138048,1234.3074411465848,0.5529371400942403,552.9371400942404,0.02689430276783309,0.0,0.02689430276783309,0.1639948254300516,0.1639948254300516
2,maneuvering_circular,255,1.0,871.832212156129,638.7688340595138,1896.0069468876532,37.17626982522607,1024.174734731524,-601.5925642342877,1187.7910172266725,0.5359188129080508,535.9188129080508,0.181937103659489,0.0,0.181937103659489,0.42654085813610987,0.42654085813610987
2,maneuvering_circular,255,2.0,1048.1677878438709,555.643446504023,1891.945437532784,45.989448265614236,843.777649688913,-509.6539982384088,985.7524638746494,0.4579323709895608,457.9323709895608,1.3805569518622887,0.0,1.3805569518622887,1.1749710429888427,1.1749710429888427
2,maneuvering_circular,255,3.0,1102.658477444273,450.89934758116317,1887.8839281779146,54.8026267060024,785.2254507336415,-396.09672087516077,879.4723536120425,0.41428582159383404,414.28582159383404,4.597222461957739,0.0,4.597222461957739,2.1441134442836134,2.1441134442836134
2,maneuvering_circular,255,4.0,960.0000000000001,469.28932188134524,1883.8224188230456,63.615805146390564,923.8224188230455,-405.67351673495466,1008.9692084995299,0.46722885287828547,467.22885287828547,10.83193363394584,0.0,10.83193363394584,3.2911903065526062,3.2911903065526062
2,maneuvering_circular,255,5.0,817.341522555727,585.3990499739547,1879.7609094681764,72.42898358677873,1062.4193869124492,-512.970066387176,1179.7767766389914,0.5329513142925911,532.9513142925912,21.08469046782659,0.0,21.08469046782659,4.591806884857702,4.591806884857702
2,maneuvering_circular,270,0.5,871.832212156129,638.7688340595138,1898.9590027469155,39.23263665933629,1027.1267905907866,-599.5361974001775,1189.299413916611,0.5364761737403455,536.4761737403455,0.026894302767832567,0.0,0.026894302767832567,0.16399482543004998,0.16399482543004998
2,maneuvering_circular,270,1.0,959.9999999999999,610.7106781186548,1898.0791005159344,44.44358602759846,938.0791005159346,-566.2670920910563,1095.7421313475381,0.5012072431702426,501.2072431702426,0.18193710365948879,0.0,0.18193710365948879,0.4265408581361096,0.4265408581361096
2,maneuvering_circular,270,2.0,1102.658477444273,494.60095002604527,1896.3192960539723,54.86548476412278,793.6608186096992,-439.7354652619225,907.339393173986,0.4259014543238716,425.90145432387163,1.3805569518622895,0.0,1.3805569518622895,1.174971042988843,1.174971042988843
2,maneuvering_circular,270,3.0,1048.167787843871,441.2311659404862,1894.55949159201,65.28738350064711,846.391703748139,-375.9437824398391,926.1277685766962,0.43366458908070504,433.66458908070507,4.597222461957742,0.0,4.597222461957742,2.144113444283614,2.144113444283614
2,maneuvering_circular,270,4.0,871.8322121561291,524.356553495977,1892.799687130048,75.70928223717144,1020.9674749739188,-448.6472712588055,1115.1945834528572,0.5086573465846106,508.6573465846106,10.831933633945845,0.0,10.831933633945845,3.291190306552607,3.291190306552607
2,maneuvering_circular,270,5.0,817.3415225557269,629.1006524188368,1891.0398826680857,86.13118097369576,1073.6983601123588,-542.969471445141,1203.1807908329422,0.5415880881988145,541.5880881988145,21.084690467826597,0.0,21.084690467826597,4.591806884857703,4.591806884857703
2,maneuvering_circular,285,0.5,959.9999999999999,610.7106781186548,1900.1248347595294,46.27498379965519,940.1248347595296,-564.4356943189996,1096.5502076754187,0.5015179499542476,501.51794995424757,0.02689430276783238,0.0,0.02689430276783238,0.1639948254300494,0.1639948254300494
2,maneuvering_circular,285,1.0,1048.1677878438709,555.643446504023,1900.0146692069413,52.18978511620887,851.8468813630705,-503.4536613878141,989.4992159940223,0.4594384803736522,459.4384803736522,0.181937103659488,0.0,0.181937103659488,0.4265408581361087,0.4265408581361087
2,maneuvering_circular,285,2.0,1102.658477444273,450.89934758116317,1899.7943381017653,64.01938774931624,797.1358606574922,-386.8799598318469,886.059638887616,0.4170424248166509,417.0424248166509,1.3805569518622864,0.0,1.3805569518622864,1.1749710429888416,1.1749710429888416
2,maneuvering_circular,285,3.0,960.0000000000001,469.28932188134524,1899.5740069965896,75.84899038242361,939.5740069965894,-393.44033149892164,1018.6238800821471,0.47106937981878505,471.069379818785,4.597222461957735,0.0,4.597222461957735,2.144113444283612,2.144113444283612
2,maneuvering_circular,285,4.0,817.341522555727,585.3990499739547,1899.3536758914136,87.67859301553096,1082.0121533356864,-497.7204569584237,1190.9978812915795,0.5371033248026787,537.1033248026788,10.831933633945832,0.0,10.831933633945832,3.2911903065526054,3.2911903065526054
2,maneuvering_circular,285,5.0,871.8322121561289,638.7688340595138,1899.1333447862376,99.50819564863832,1027.3011326301087,-539.2606384108755,1160.2368953116468,0.5256724208838816,525.6724208838815,21.08469046782658,0.0,21.08469046782658,4.5918068848577,4.5918068848577
3,maneuvering_circular,60,0.5,960.0,469.28932188134524,1376.257999949305,326.02293563716705,416.25799994930503,-143.2663862441782,440.22264815575045,0.21665648723182723,216.65648723182724,0.026923681667961934,0.0,0.026923681667961934,0.16408437362516254,0.16408437362516254
3,maneuvering_circular,60,1.0,871.832212156129,524.3565534959769,1459.1605591640594,269.0958830408022,587.3283470079303,-255.26067045517465,640.4003412556033,0.3098845111203112,309.8845111203112,0.1820332159771057,0.0,0.1820332159771057,0.42665350810359653,0.42665350810359653
3,maneuvering_circular,60,2.0,817.3415225557269,629.1006524188367,1624.9656775935682,155.24177784807264,807.6241550378413,-473.8588745707641,936.3754635882223,0.43787548136162235,437.87548136162235,1.380903720833625,0.0,1.380903720833625,1.175118598624677,1.175118598624677
3,maneuvering_circular,60,3.0,960.0,610.7106781186548,1790.7707960230769,41.38767265534307,830.7707960230769,-569.3230054633117,1007.1289887966659,0.4664951368133872,466.4951368133872,4.5979761406744535,0.0,4.5979761406744535,2.1442891924072307,2.1442891924072307
3,maneuvering_circular,60,4.0,1102.658477444273,494.60095002604527,1956.5759144525855,-72.46643253738654,853.9174370083124,-567.0673825634318,1025.0562938659452,0.47361982098041894,473.6198209804189,10.83325047549959,0.0,10.83325047549959,3.2913903559893334,3.2913903559893334
3,maneuvering_circular,60,5.0,1048.1677878438709,441.2311659404862,2122.381032882094,-186.32053773011614,1074.2132450382232,-627.5517036706024,1244.0881144820191,0.5564708691244309,556.4708691244309,21.086726725309035,0.0,21.086726725309035,4.592028606760746,4.592028606760746
3,maneuvering_circular,75,0.5,871.832212156129,524.3565534959769,1460.9385875753396,270.87220620896943,589.1063754192106,-253.48434728700744,641.3272455455796,0.3103048085493937,310.30480854939367,0.026905921712807424,0.0,0.026905921712807424,0.1640302463352641,0.1640302463352641
3,maneuvering_circular,75,1.0,817.341522555727,585.3990499739547,1544.5282052972373,214.63776555595365,727.1866827415103,-370.761284418001,816.2502077058773,0.38749109358019324,387.49109358019325,0.18196623105496576,0.0,0.18196623105496576,0.4265750005039744,0.4265750005039744
3,maneuvering_circular,75,2.0,871.832212156129,638.7688340595138,1711.7074407410328,102.168884249922,839.8752285849038,-536.5999498095917,996.659372968619,0.46231046560516365,462.31046560516364,1.380644968397748,0.0,1.380644968397748,1.175008497159807,1.175008497159807
3,maneuvering_circular,75,3.0,1048.1677878438709,555.6434465040231,1878.8866761848285,-10.299997056109646,830.7188883409576,-565.9434435601328,1005.1795127016555,0.46571726715914175,465.7172671591417,4.597401197285151,0.0,4.597401197285151,2.144155124352049,2.144155124352049
3,maneuvering_circular,75,4.0,1102.658477444273,450.89934758116317,2046.0659116286238,-122.76887836214127,943.4074341843507,-573.6682259433044,1104.1344213143786,0.5044289353117508,504.4289353117508,10.832234917717175,0.0,10.832234917717175,3.2912360774817073,3.2912360774817073
3,maneuvering_circular,75,5.0,960.0,469.2893218813453,2213.2451470724195,-235.23775966817288,1253.2451470724195,-704.5270815495182,1437.7001799044374,0.6232653230116343,623.2653230116343,21.08514612969382,0.0,21.08514612969382,4.5918565014266095,4.5918565014266095
3,maneuvering_circular,90,0.5,817.341522555727,585.3990499739547,1546.8548436161125,216.66614770492458,729.5133210603855,-368.7329022690301,817.4066544996408,0.3879866560715144,387.9866560715144,0.02689518025224945,0.0,0.02689518025224945,0.16399750075000977,0.16399750075000977
3,maneuvering_circular,90,1.0,817.3415225557269,629.1006524188367,1631.3363328308442,161.21851530138719,813.9948102751173,-467.88213711744953,938.8829774729203,0.4389033302910549,438.9033302910549,0.1819387583347914,0.0,0.1819387583347914,0.4265427977762506,0.4265427977762506
3,maneuvering_circular,90,2.0,960.0,610.7106781186548,1800.2993112603074,50.32325049431242,840.2993112603074,-560.3874276243423,1010.0183174299239,0.46764690137181,467.64690137181,1.3805609584914145,0.0,1.3805609584914145,1.174972747978188,1.174972747978188
3,maneuvering_circular,90,3.0,1102.658477444273,494.60095002604527,1969.2622896897708,-60.57201431276235,866.6038122454977,-555.1729643388076,1029.183748283643,0.47525284737013257,475.25284737013254,4.5972298839700905,0.0,4.5972298839700905,2.1441151750710805,2.1441151750710805
3,maneuvering_circular,90,4.0,1048.1677878438709,441.2311659404862,2138.225268119234,-171.46727911983714,1090.057480275363,-612.6984450603234,1250.4497970264986,0.5587610237705636,558.7610237705636,10.831945534770817,0.0,10.831945534770817,3.2911921145340055,3.2911921145340055
3,maneuvering_circular,90,5.0,871.8322121561291,524.356553495977,2307.1882465486974,-282.3625439269119,1435.3560343925683,-806.7190974228888,1646.5244145210722,0.6887651465076934,688.7651465076934,21.0847079108936,0.0,21.0847079108936,4.591808784225841,4.591808784225841
3,maneuvering_circular,105,0.5,817.3415225557269,629.1006524188367,1633.3715699903921,163.12657774658445,816.0300474346652,-465.9740746722523,939.7004185286307,0.43923819142668064,439.23819142668066,0.026894339656615973,0.0,0.026894339656615973,0.16399493789936315,0.16399493789936315
3,maneuvering_circular,105,1.0,871.832212156129,638.7688340595138,1718.6376117659306,108.42991947629012,846.8053996098016,-530.3389145832236,999.1690293086689,0.4633151654863553,463.31516548635534,0.18193724865253083,0.0,0.18193724865253083,0.42654102809991307,0.42654102809991307
3,maneuvering_circular,105,2.0,1048.1677878438709,555.6434465040231,1889.169695317008,-0.9633970642985048,841.0019074731372,-556.6068435683217,1008.5114707729135,0.46704639846085744,467.04639846085746,1.3805575565398422,0.0,1.3805575565398422,1.174971300304753,1.174971300304753
3,maneuvering_circular,105,3.0,1102.658477444273,450.89934758116317,2059.7017788680855,-110.35671360488715,957.0433014238124,-561.2560611860504,1109.4774657550597,0.5064741121364799,506.47411213647985,4.597223850954462,0.0,4.597223850954462,2.1441137681929243,2.1441137681929243
3,maneuvering_circular,105,4.0,960.0,469.2893218813453,2230.2338624191625,-219.75003014547576,1270.2338624191625,-689.039352026821,1445.0845282812509,0.625695340098697,625.695340098697,10.831936131896391,0.0,10.831936131896391,3.2911906860430302,3.2911906860430302
3,maneuvering_circular,105,5.0,817.341522555727,585.3990499739547,2400.76594597024,-329.1433466860644,1583.424423414513,-914.542396660019,1828.5569993725203,0.740648002233591,740.648002233591,21.084694399365628,0.0,21.084694399365628,4.591807312961382,4.591807312961382
3,maneuvering_circular,120,0.5,871.832212156129,638.7688340595138,1720.771436659759,110.28248308729259,848.93922450363,-528.4863509722212,999.9978150299922,0.46364673501242104,463.64673501242106,0.026894346178425954,0.0,0.026894346178425954,0.1639949577835427,0.1639949577835427
3,maneuvering_circular,120,1.0,960.0,610.7106781186548,1806.8638741483765,56.29726845293436,846.8638741483765,-554.4134096657203,1012.2018821138237,0.4685164414953046,468.5164414953046,0.1819372258267279,0.0,0.1819372258267279,0.42654100134304546,0.42654100134304546
3,maneuvering_circular,120,2.0,1102.658477444273,494.60095002604527,1979.0487491256115,-51.6731608157821,876.3902716813384,-546.2741108418273,1032.702915883227,0.4766430412522992,476.6430412522992,1.3805573519365804,0.0,1.3805573519365804,1.1749712132374053,1.1749712132374053
3,maneuvering_circular,120,3.0,1048.1677878438709,441.2311659404862,2151.233624102846,-159.64359008449858,1103.0658362589752,-600.8747560249848,1256.1069666034805,0.5607920658718596,560.7920658718596,4.597223300464098,0.0,4.597223300464098,2.14411363982045,2.14411363982045
3,maneuvering_circular,120,4.0,871.8322121561291,524.356553495977,2323.4184990800813,-267.614019353215,1451.5862869239522,-791.970572849192,1653.5779802128304,0.6908635893842185,690.8635893842186,10.83193507140928,0.0,10.83193507140928,3.2911905249330795,3.2911905249330795
3,maneuvering_circular,120,5.0,817.3415225557269,629.1006524188368,2495.603374057316,-375.5844486219314,1678.2618515015893,-1004.6851010407682,1956.0048554282378,0.7742775170494297,774.2775170494297,21.084692664772128,0.0,21.084692664772128,4.591807124082209,4.591807124082209
3,maneuvering_circular,135,0.5,960.0,610.7106781186548,1808.7752573757316,58.75669042651396,848.7752573757316,-551.9539876921408,1012.4587112877716,0.4686186658737351,468.6186658737351,0.02689431029035031,0.0,0.02689431029035031,0.16399484836527736,0.16399484836527736
3,maneuvering_circular,135,1.0,1048.1677878438709,555.6434465040231,1895.6152790349174,5.7210054550325395,847.4474911910465,-549.9224410489905,1010.2385567257267,0.46773463982860813,467.7346398286081,0.1819371204282437,0.0,0.1819371204282437,0.4265408777927899,0.4265408777927899
3,maneuvering_circular,135,2.0,1102.658477444273,450.89934758116317,2069.2953223532886,-100.3503644879303,966.6368449090155,-551.2497120690934,1112.772678938477,0.5077331247934256,507.7331247934256,1.380556998241727,0.0,1.380556998241727,1.17497106272526,1.17497106272526
3,maneuvering_circular,135,3.0,960.0,469.2893218813453,2242.9753656716603,-206.42173443089314,1282.9753656716603,-675.7110563122385,1450.0383514041728,0.6273207612408404,627.3207612408404,4.597222552772139,0.0,4.597222552772139,2.1441134654612237,2.1441134654612237
3,maneuvering_circular,135,4.0,817.341522555727,585.3990499739547,2416.6554089900314,-312.493104373856,1599.3138864343045,-897.8921543478107,1834.1251942495508,0.7421623726969003,742.1623726969003,10.831933784019478,0.0,10.831933784019478,3.2911903293519016,3.2911903293519016
3,maneuvering_circular,135,5.0,871.832212156129,638.7688340595138,2590.335452308403,-418.5644743168188,1718.503240152274,-1057.3333083763325,2017.723249461111,0.789809401653916,789.809401653916,21.08469069198375,0.0,21.08469069198375,4.591806909266084,4.591806909266084
3,maneuvering_circular,150,0.5,1048.1677878438709,555.6434465040231,1897.9414263984456,7.415160723596713,849.7736385545747,-548.2282857804264,1011.2712248017473,0.468145928198505,468.145928198505,0.026894302965503228,0.0,0.026894302965503228,0.16399482603272345,0.16399482603272345
3,maneuvering_circular,150,1.0,1102.658477444273,494.60095002604527,1985.6682608621488,-44.95439418461842,883.0097834178757,-539.5553442106636,1034.807347808263,0.4774734130621328,477.4734130621328,0.18193710399615842,0.0,0.18193710399615842,0.42654085853076074,0.42654085853076074
3,maneuvering_circular,150,2.0,1048.1677878438709,441.2311659404862,2161.1219297895555,-149.6935040010487,1112.9541419456846,-590.924669941535,1260.1027289945716,0.5622235133949217,562.2235133949217,1.380556952769864,0.0,1.380556952769864,1.1749710433750544,1.1749710433750544
3,maneuvering_circular,150,3.0,871.8322121561291,524.356553495977,2336.575598716962,-254.43261381747894,1464.7433865608327,-778.7891673134559,1658.91101497292,0.6924453543543538,692.4453543543539,4.597222463826764,0.0,4.597222463826764,2.1441134447194634,2.1441134447194634
3,maneuvering_circular,150,4.0,817.3415225557269,629.1006524188368,2512.0292676443682,-359.1717236339092,1694.6877450886413,-988.272376052746,1961.7973500396427,0.7757557050411837,775.7557050411838,10.831933637166856,0.0,10.831933637166856,3.2911903070419455,3.2911903070419455
3,maneuvering_circular,150,5.0,959.9999999999999,610.7106781186548,2687.4829365717746,-463.9108334503395,1727.4829365717746,-1074.6215115689943,2034.455379032303,0.7939382358851589,793.9382358851589,21.084690472790143,0.0,21.084690472790143,4.591806885398181,4.591806885398181
3,maneuvering_circular,165,0.5,1102.658477444273,494.60095002604527,1988.6531031866105,-40.43223847031324,885.9946257423373,-535.0331884963585,1035.0106229584721,0.47755358410639853,477.55358410639855,0.02689430287009558,0.0,0.02689430287009558,0.1639948257418373,0.1639948257418373
3,maneuvering_circular,165,1.0,1102.658477444273,450.89934758116317,2077.555156264918,-90.84847629497683,974.8966788206449,-541.74782387614,1115.3090329814677,0.5087009980668057,508.7009980668057,0.18193710399508148,0.0,0.18193710399508148,0.4265408585294983,0.4265408585294983
3,maneuvering_circular,165,2.0,960.0,469.2893218813453,2255.359262421533,-191.680951944304,1295.359262421533,-660.9702738256493,1454.2480261710557,0.6286990124175711,628.6990124175711,1.3805569530754909,0.0,1.3805569530754909,1.1749710435051115,1.1749710435051115
3,maneuvering_circular,165,3.0,817.341522555727,585.3990499739547,2433.163368578148,-292.5134275936312,1615.8218460224211,-877.9124775675859,1838.9155925034086,0.7434618504084629,743.461850408463,4.597222464596484,0.0,4.597222464596484,2.14411344489896,2.14411344489896
3,maneuvering_circular,165,4.0,871.832212156129,638.7688340595138,2610.967474734763,-393.3459032429584,1739.135262578634,-1032.1147373024721,2022.338322957216,0.7909516727033109,790.9516727033109,10.83193363855806,0.0,10.83193363855806,3.291190307253298,3.291190307253298
3,maneuvering_circular,165,5.0,1048.1677878438709,555.643446504023,2788.771580891378,-494.1783788922856,1740.6037930475072,-1049.8218253963087,2032.6897031888086,0.7935041645054137,793.5041645054138,21.08469047496022,0.0,21.08469047496022,4.59180688563448,4.59180688563448
3,maneuvering_circular,180,0.5,1102.658477444273,450.89934758116317,1986.5482096298117,-24.347331796246742,883.8897321855386,-475.2466793774099,1003.5539172970617,0.4650681652555105,465.0681652555105,0.026894302809035056,0.0,0.026894302809035056,0.1639948255556713,0.1639948255556713
3,maneuvering_circular,180,1.0,1048.1677878438709,441.2311659404862,2038.5857778247569,-48.592215660244854,990.417989980886,-489.82338160073107,1104.9229566085382,0.5047310570616784,504.7310570616784,0.18193710376296904,0.0,0.18193710376296904,0.4265408582574113,0.4265408582574113
3,maneuvering_circular,180,2.0,871.8322121561291,524.356553495977,2142.660914214647,-97.08198338824107,1270.828702058518,-621.438536884218,1414.634739111314,0.6156200869798591,615.6200869798591,1.3805569521754013,0.0,1.3805569521754013,1.1749710431220852,1.1749710431220852
3,maneuvering_circular,180,3.0,817.3415225557269,629.1006524188368,2246.7360506045375,-145.57175111623727,1429.3945280488106,-774.6724035350741,1625.8185783212991,0.6825630420253936,682.5630420253937,4.597222462593919,0.0,4.597222462593919,2.144113444431968,2.144113444431968
3,maneuvering_circular,180,4.0,959.9999999999999,610.7106781186548,2350.8111869944278,-194.0615188442335,1390.8111869944278,-804.7721969628883,1606.8646635212697,0.6768303261253873,676.8303261253873,10.831933635018522,0.0,10.831933635018522,3.2911903067155692,3.2911903067155692
3,maneuvering_circular,180,5.0,1102.658477444273,494.60095002604527,2454.886323384318,-242.5512865722297,1352.227845940045,-737.152236598275,1540.101804186169,0.6562106728163118,656.2106728163119,21.08469046944921,0.0,21.08469046944921,4.591806885034388,4.591806885034388
3,maneuvering_circular,195,0.5,1048.1677878438709,441.2311659404862,1932.293854896373,5.167188595085877,884.1260670525021,-436.06397734540036,985.8147365402971,0.4579574214944449,457.95742149444493,0.026894302770996012,0.0,0.026894302770996012,0.16399482543969493,0.16399482543969493
3,maneuvering_circular,195,1.0,960.0,469.2893218813453,1944.0045779271788,1.2091729072325936,984.0045779271788,-468.0801489741127,1089.662349191378,0.49886616346694307,498.8661634669431,0.18193710366547416,0.0,0.18193710366547416,0.4265408581431258,0.4265408581431258
3,maneuvering_circular,195,2.0,817.341522555727,585.3990499739547,1967.4260239887901,-6.706858468473973,1150.084501433063,-592.1059084424287,1293.5547020706047,0.5741064009207396,574.1064009207396,1.3805569518768195,0.0,1.3805569518768195,1.1749710429950262,1.1749710429950262
3,maneuvering_circular,195,3.0,871.832212156129,638.7688340595138,1990.8474700504016,-14.62288984418054,1119.0152578942725,-653.3917239036944,1295.8070428370215,0.5749000098026039,574.9000098026039,4.597222461984684,0.0,4.597222461984684,2.144113444289897,2.144113444289897
3,maneuvering_circular,195,4.0,1048.1677878438709,555.643446504023,2014.2689161120131,-22.538921219887108,966.1011282681422,-578.1823677239101,1125.8979706828698,0.5127304638589469,512.7304638589469,10.831933633989067,0.0,10.831933633989067,3.2911903065591734,3.2911903065591734
3,maneuvering_circular,195,5.0,1102.658477444273,450.89934758116317,2037.6903621736244,-30.454952595593674,935.0318847293513,-481.35430017675685,1051.658969323791,0.48409703701490975,484.09703701490974,21.084690467889967,0.0,21.084690467889967,4.591806884864603,4.591806884864603
3,maneuvering_circular,210,0.5,960.0,469.2893218813453,1904.9985007412247,17.52788349189765,944.9985007412247,-451.7614383894477,1047.430457652853,0.4824392991163216,482.4392991163216,0.02689430276796023,0.0,0.02689430276796023,0.1639948254304392,0.1639948254304392
3,maneuvering_circular,210,1.0,871.8322121561291,524.356553495977,1902.2995843165454,19.54873283960601,1030.4673721604163,-504.80782065637095,1147.472849736772,0.5208841510607437,520.8841510607438,0.18193710365999044,0.0,0.18193710365999044,0.4265408581366977,0.4265408581366977
3,maneuvering_circular,210,2.0,817.3415225557269,629.1006524188368,1896.9017514671873,23.590431535022724,1079.5602289114604,-605.5102208838141,1237.7774094893355,0.5541926008050436,554.1926008050436,1.3805569518643868,0.0,1.3805569518643868,1.1749710429897355,1.1749710429897355
3,maneuvering_circular,210,3.0,959.9999999999999,610.7106781186548,1891.503918617829,27.63213023043944,931.5039186178291,-583.0785478882153,1098.945013823622,0.5024381356263103,502.4381356263103,4.597222461962565,0.0,4.597222461962565,2.1441134442847387,2.1441134442847387
3,maneuvering_circular,210,4.0,1102.658477444273,494.60095002604527,1886.1060857684706,31.673828925856157,783.4476083241975,-462.9271211001891,909.9954255044441,0.42700224599522396,427.002245995224,10.831933633954524,0.0,10.831933633954524,3.2911903065539256,3.2911903065539256
3,maneuvering_circular,210,5.0,1048.167787843871,441.2311659404862,1880.7082529191125,35.71552762127287,832.5404650752414,-405.51563831921334,926.0488966081317,0.433632115708837,433.632115708837,21.084690467840264,0.0,21.084690467840264,4.59180688485919,4.59180688485919
3,maneuvering_circular,225,0.5,871.8322121561291,524.356553495977,1899.716919171836,21.404892633951576,1027.884707015707,-502.9516608620254,1144.3370762501036,0.5197037574853115,519.7037574853115,0.026894302767985392,0.0,0.026894302767985392,0.1639948254305159,0.1639948254305159
3,maneuvering_circular,225,1.0,817.341522555727,585.3990499739547,1896.2015741555838,24.141714424912355,1078.860051599857,-561.2573355490423,1216.120391920823,0.5463250461125728,546.3250461125729,0.18193710365991958,0.0,0.18193710365991958,0.4265408581366146,0.4265408581366146
3,maneuvering_circular,225,2.0,871.832212156129,638.7688340595138,1889.1708841230788,29.615358006833915,1017.3386719669498,-609.1534760526798,1185.768076339779,0.5351707455307811,535.1707455307811,1.3805569518637018,0.0,1.3805569518637018,1.174971042989444,1.174971042989444
3,maneuvering_circular,225,3.0,1048.1677878438709,555.643446504023,1882.1401940905741,35.08900158875548,833.9724062467033,-520.5544449152676,983.1006583773395,0.45686505185825277,456.86505185825274,4.597222461960703,0.0,4.597222461960703,2.1441134442843044,2.1441134442843044
3,maneuvering_circular,225,4.0,1102.658477444273,450.89934758116317,1875.1095040580692,40.562645170677044,772.4510266137961,-410.3367024104861,874.6752528006148,0.4122741461222658,412.2741461222658,10.831933633950921,0.0,10.831933633950921,3.2911903065533785,3.2911903065533785
3,maneuvering_circular,225,5.0,960.0000000000001,469.28932188134524,1868.0788140255645,46.0362887525986,908.0788140255644,-423.25303312874667,1001.8733764976288,0.4643966788017507,464.3966788017507,21.08469046783436,0.0,21.08469046783436,4.591806884858547,4.591806884858547
3,maneuvering_circular,240,0.5,817.341522555727,585.3990499739547,1898.3359294511026,26.146740051127956,1080.9944068953755,-559.2523099228267,1217.0916374263288,0.5466795068542253,546.6795068542253,0.02689430276785911,0.0,0.02689430276785911,0.1639948254301309,0.1639948254301309
3,maneuvering_circular,240,1.0,817.3415225557269,629.1006524188368,1895.6362237661103,29.66341161161168,1078.2947012103834,-599.4372408072252,1233.711663365865,0.5527213872209087,552.7213872209087,0.18193710365954768,0.0,0.18193710365954768,0.42654085813617865,0.42654085813617865
3,maneuvering_circular,240,2.0,959.9999999999999,610.7106781186548,1890.236812396126,36.696754732579116,930.2368123961261,-574.0139233860756,1093.0839452567132,0.5001844193586574,500.1844193586574,1.3805569518624516,0.0,1.3805569518624516,1.174971042988912,1.174971042988912
3,maneuvering_circular,240,3.0,1102.658477444273,494.60095002604527,1884.8374010261416,43.73009785354655,782.1789235818685,-450.8708521724987,902.8224597529935,0.42402688608057915,424.0268860805792,4.597222461958059,0.0,4.597222461958059,2.144113444283688,2.144113444283688
3,maneuvering_circular,240,4.0,1048.167787843871,441.2311659404862,1879.4379896561572,50.763440974514,831.2702018122861,-390.46772496597225,918.4090551933496,0.43048199542047505,430.4819954204751,10.831933633946367,0.0,10.831933633946367,3.2911903065526866,3.2911903065526866
3,maneuvering_circular,240,5.0,871.8322121561291,524.356553495977,1874.0385782861729,57.79678409548144,1002.2063661300438,-466.55976940049555,1105.4843367206208,0.5049460844633552,504.9460844633552,21.08469046782738,0.0,21.08469046782738,4.591806884857787,4.591806884857787
3,maneuvering_circular,255,0.5,817.3415225557269,629.1006524188368,1897.9920469124424,31.5943634194196,1080.6505243567156,-597.5062889994173,1234.8357466425643,0.5531284107398433,553.1284107398433,0.02689430276783294,0.0,0.02689430276783294,0.16399482543005112,0.16399482543005112
3,maneuvering_circular,255,1.0,871.832212156129,638.7688340595138,1896.204476160977,35.862312193607615,1024.3722640048481,-602.9065218659061,1188.6272794155714,0.5362278619700456,536.2278619700455,0.18193710365948884,0.0,0.18193710365948884,0.4265408581361097,0.4265408581361097
3,maneuvering_circular,255,2.0,1048.1677878438709,555.643446504023,1892.6293346580462,44.398209741983635,844.4615468141753,-511.2452367620394,987.1610791353473,0.45849886517267047,458.4988651726705,1.3805569518622884,0.0,1.3805569518622884,1.1749710429888425,1.1749710429888425
3,maneuvering_circular,255,3.0,1102.658477444273,450.89934758116317,1889.0541931551154,52.93410729035966,786.3957157108423,-397.96524029080354,881.3594920167848,0.41507622415682033,415.07622415682033,4.597222461957739,0.0,4.597222461957739,2.1441134442836134,2.1441134442836134
3,maneuvering_circular,255,4.0,960.0000000000001,469.28932188134524,1885.4790516521846,61.47000483873569,925.4790516521845,-407.81931704260955,1011.349628170262,0.4681771475056881,468.17714750568814,10.83193363394584,0.0,10.83193363394584,3.2911903065526062,3.2911903065526062
3,maneuvering_circular,255,5.0,817.341522555727,585.3990499739547,1881.9039101492538,70.00590238711172,1064.5623875935266,-515.3931475868429,1182.7608269038603,0.5340574611959753,534.0574611959753,21.08469046782659,0.0,21.08469046782659,4.591806884857702,4.591806884857702
3,maneuvering_circular,270,0.5,871.832212156129,638.7688340595138,1899.3536390603488,37.82358679474619,1027.5214269042199,-600.9452472647675,1190.3509872963507,0.5368645174394988,536.8645174394989,0.02689430276783258,0.0,0.02689430276783258,0.16399482543005,0.16399482543005
3,maneuvering_circular,270,1.0,959.9999999999999,610.7106781186548,1898.773804431309,42.84993426133559,938.773804431309,-567.8607438573192,1097.1609181431052,0.5017526990044803,501.7526990044803,0.18193710365948879,0.0,0.18193710365948879,0.4265408581361096,0.4265408581361096
3,maneuvering_circular,270,2.0,1102.658477444273,494.60095002604527,1897.6141351732292,52.902629194514404,794.9556577289561,-441.69832083153085,909.4239409542016,0.426765487399464,426.765487399464,1.3805569518622895,0.0,1.3805569518622895,1.174971042988843,1.174971042988843
3,maneuvering_circular,270,3.0,1048.167787843871,441.2311659404862,1896.4544659151495,62.95532412769322,848.2866780712784,-378.27584181279303,928.807246253162,0.4347672102888386,434.76721028883856,4.597222461957742,0.0,4.597222461957742,2.144113444283614,2.144113444283614
3,maneuvering_circular,270,4.0,871.8322121561291,524.356553495977,1895.29479665707,73.00801906087202,1023.4625845009409,-451.34853443510497,1118.566565480152,0.5099425421940151,509.9425421940151,10.831933633945845,0.0,10.831933633945845,3.291190306552607,3.291190306552607
3,maneuvering_circular,270,5.0,817.3415225557269,629.1006524188368,1894.1351273989903,83.06071399405084,1076.7936048432634,-546.039938424786,1207.3293178691115,0.5431097464418,543.1097464418,21.084690467826597,0.0,21.084690467826597,4.591806884857703,4.591806884857703
3,maneuvering_circular,285,0.5,959.9999999999999,610.7106781186548,1900.3335292499955,44.9385099382472,940.3335292499956,-565.7721681804076,1097.417556137732,0.5018513292277772,501.85132922777717,0.02689430276783237,0.0,0.02689430276783237,0.16399482543004937,0.16399482543004937
3,maneuvering_circular,285,1.0,1048.1677878438709,555.643446504023,1900.3357670080377,50.77470359119542,852.1679791641668,-504.8687429128276,990.4961949866938,0.45983886586737466,459.83886586737464,0.18193710365948798,0.0,0.18193710365948798,0.42654085813610865,0.42654085813610865
3,maneuvering_circular,285,2.0,1102.658477444273,450.89934758116317,1900.3402425241218,62.44709089709187,797.6817650798487,-388.4522566840713,887.2380481380691,0.4175348499112491,417.5348499112491,1.3805569518622864,0.0,1.3805569518622864,1.1749710429888416,1.1749710429888416
3,maneuvering_circular,285,3.0,960.0000000000001,469.28932188134524,1900.3447180402059,74.11947820298832,940.3447180402057,-395.1698436783569,1020.0036245518401,0.47161700606135215,471.61700606135213,4.597222461957735,0.0,4.597222461957735,2.144113444283612,2.144113444283612
3,maneuvering_circular,285,4.0,817.341522555727,585.3990499739547,1900.3491935562897,85.79186550888475,1083.0076710005628,-499.6071844650699,1192.6914748648023,0.5377282101578154,537.7282101578154,10.831933633945832,0.0,10.831933633945832,3.2911903065526054,3.2911903065526054
3,maneuvering_circular,285,5.0,871.8322121561289,638.7688340595138,1900.3536690723738,97.46425281478119,1028.521456916245,-541.3045812447326,1162.2680572973045,0.5264319456887023,526.4319456887023,21.08469046782658,0.0,21.08469046782658,4.5918068848577,4.5918068848577
4,maneuvering_circular,60,0.5,960.0,469.28932188134524,1076.606064485829,588.5439870055683,116.60606448582894,119.25466512422304,166.78923654949642,0.08320209386632932,83.20209386632932,0.026905912442390455,0.0,0.026905912442390455,0.16403021807700693,0.16403021807700693
4,maneuvering_circular,60,1.0,871.832212156129,524.3565534959769,1100.2329590359373,585.2768099840711,228.40074687980825,60.920256488094196,236.38565697992217,0.11764702931042197,117.64702931042197,0.18197341317439006,0.0,0.18197341317439006,0.42658341877573025,0.42658341877573025
4,maneuvering_circular,60,2.0,817.3415225557269,629.1006524188367,1147.486748136154,578.7424559410765,330.145225580427,-50.3581964777602,333.96379732845855,0.16545537394092638,165.4553739409264,1.380686836480686,0.0,1.380686836480686,1.1750263131014071,1.1750263131014071
4,maneuvering_circular,60,3.0,960.0,610.7106781186548,1194.7405372363708,572.2081018980818,234.74053723637076,-38.502576220572905,237.8772124387727,0.11838246833140972,118.38246833140973,4.597504822243377,0.0,4.597504822243377,2.144179288735757,2.144179288735757
4,maneuvering_circular,60,4.0,1102.658477444273,494.60095002604527,1241.9943263365874,565.6737478550873,139.3358488923143,71.07279782904203,156.41554071699437,0.07804890153565656,78.04890153565657,10.832427370462463,0.0,10.832427370462463,3.2912653145048125,3.2912653145048125
4,maneuvering_circular,60,5.0,1048.1677878438709,441.2311659404862,1289.248115436804,559.1393938120927,241.08032759293314,117.90822787160653,268.3692876469635,0.13338787926564605,133.38787926564603,21.085454481137948,0.0,21.085454481137948,4.591890077205458,4.591890077205458
4,maneuvering_circular,75,0.5,871.832212156129,524.3565534959769,1102.5790049905631,587.2991225677475,230.74679283443413,62.94256907177066,239.17744334433357,0.11902346632185797,119.02346632185797,0.02689931840382989,0.0,0.02689931840382989,0.16401011677280733,0.16401011677280733
4,maneuvering_circular,75,1.0,817.341522555727,585.3990499739547,1127.1034411211665,584.8243586799601,309.7619185654395,-0.5746912939945332,309.7624516680893,0.15366031047004478,153.66031047004478,0.18195028696941487,0.0,0.18195028696941487,0.4265563116042416,0.4265563116042416
4,maneuvering_circular,75,2.0,871.832212156129,638.7688340595138,1176.1523133823732,579.8748309043854,304.3201012262442,-58.894003155128416,309.96649434735326,0.15375994029547715,153.75994029547715,1.3805982965267631,0.0,1.3805982965267631,1.1749886367649531,1.1749886367649531
4,maneuvering_circular,75,3.0,1048.1677878438709,555.6434465040231,1225.20118564358,574.9253031288106,177.03339779970906,19.28185662478745,178.0803580730028,0.08880598400315481,88.80598400315482,4.597307735985683,0.0,4.597307735985683,2.1441333298061673,2.1441333298061673
4,maneuvering_circular,75,4.0,1102.658477444273,450.89934758116317,1274.250057904787,569.9757753532358,171.5915804605138,119.07642777207263,208.86087746606498,0.10405327403739345,104.05327403739345,10.832078605346172,0.0,10.832078605346172,3.2912123306383885,3.2912123306383885
4,maneuvering_circular,75,5.0,960.0,469.2893218813453,1323.2989301659936,565.026247577661,363.2989301659936,95.73692569631572,375.70157253003,0.1856868012217995,185.6868012217995,21.084910904608233,0.0,21.084910904608233,4.591830888067224,4.591830888067224
4,maneuvering_circular,90,0.5,817.341522555727,585.3990499739547,1128.9820417614876,587.2363186595728,311.6405192057606,1.8372686856181417,311.64593494390266,0.15457985940061053,154.57985940061053,0.026894926212936612,0.0,0.026894926212936612,0.1639967262262775,0.1639967262262775
4,maneuvering_circular,90,1.0,817.3415225557269,629.1006524188367,1154.2399765952293,585.7030819635361,336.89845403950244,-43.39757045530064,339.6820829181744,0.16823565941730073,168.23565941730072,0.18193846114782605,0.0,0.18193846114782605,0.42654244940899616,0.42654244940899616
4,maneuvering_circular,90,2.0,960.0,610.7106781186548,1204.7558462627126,582.6366085714626,244.75584626271257,-28.074069547192153,246.36066581481137,0.1225629228998907,122.5629228998907,1.3805606754113282,0.0,1.3805606754113282,1.1749726275157768,1.1749726275157768
4,maneuvering_circular,90,3.0,1102.658477444273,494.60095002604527,1255.271715930196,579.5701351793891,152.61323848592292,84.96918515334386,174.67273109098744,0.08711531949611889,87.11531949611889,4.597229748866462,0.0,4.597229748866462,2.1441151435653967,2.1441151435653967
4,maneuvering_circular,90,4.0,1048.1677878438709,441.2311659404862,1305.7875855976795,576.5036617873157,257.6197977538086,135.27249584682943,290.97527098938104,0.14447398268011807,144.47398268011807,10.831945681513226,0.0,10.831945681513226,3.2911921368272052,3.2911921368272052
4,maneuvering_circular,90,5.0,871.8322121561291,524.356553495977,1356.303455265163,573.4371883952422,484.4712431090338,49.08063489926519,486.95101819559585,0.23882860181146606,238.82860181146606,21.084708473351622,0.0,21.084708473351622,4.591808845471643,4.591808845471643
4,maneuvering_circular,105,0.5,817.3415225557269,629.1006524188367,1156.1474275732655,588.5862050116826,338.80590501753863,-40.51444740715408,341.21966784383994,0.1689828021178593,168.98280211785928,0.026894336623348353,0.0,0.026894336623348353,0.1639949286513103,0.1639949286513103
4,maneuvering_circular,105,1.0,871.832212156129,638.7688340595138,1182.1509263743387,588.1532172216683,310.3187142182097,-50.61561683784544,314.41953670520934,0.1559334994590742,155.9334994590742,0.18193719317616094,0.0,0.18193719317616094,0.42654096306938794,0.42654096306938794
4,maneuvering_circular,105,2.0,1048.1677878438709,555.6434465040231,1234.1579239764853,587.2872416416398,185.99013613261445,31.64379513761662,188.66282227651504,0.09405309555588148,94.05309555588148,1.3805572567434883,0.0,1.3805572567434883,1.1749711727287135,1.1749711727287135
4,maneuvering_circular,105,3.0,1102.658477444273,450.89934758116317,1286.1649215786317,586.4212660616112,183.50644413435862,135.521918480448,228.12453929259271,0.11357143778129558,113.57143778129559,4.597223120926419,0.0,4.597223120926419,2.144113597952874,2.144113597952874
4,maneuvering_circular,105,4.0,960.0,469.2893218813453,1338.171919180778,585.5552904815826,378.1719191807781,116.26596860023727,395.6409684441493,0.19529899592358885,195.29899592358885,10.831934785724952,0.0,10.831934785724952,3.2911904815317135,3.2911904815317135
4,maneuvering_circular,105,5.0,817.341522555727,585.3990499739547,1390.1789167829247,584.689314901554,572.8373942271977,-0.7097350724006901,572.8378339014271,0.27895098920201833,278.9509892020183,21.08469225113909,0.0,21.08469225113909,4.591807079041876,4.591807079041876
4,maneuvering_circular,120,0.5,871.832212156129,638.7688340595138,1184.3099643961039,589.4113259158767,312.47775223997485,-49.35750814363712,316.35187569397516,0.1568762260707261,156.8762260707261,0.02689431940423595,0.0,0.02689431940423595,0.16399487615238456,0.16399487615238456
4,maneuvering_circular,120,1.0,960.0,610.7106781186548,1211.1402115142162,589.4460208449676,251.14021151421616,-21.264657273687135,252.03886900312145,0.12535861917995197,125.35861917995197,0.18193715179695188,0.0,0.18193715179695188,0.4265409145638339,0.4265409145638339
4,maneuvering_circular,120,2.0,1102.658477444273,494.60095002604527,1264.8007057504406,589.5154107031494,162.14222830616745,94.91446067710416,187.87990059001757,0.0936650731878655,93.6650731878655,1.3805571133527308,0.0,1.3805571133527308,1.1749711117098713,1.1749711117098713
4,maneuvering_circular,120,3.0,1048.1677878438709,441.2311659404862,1318.4611999866652,589.5848005613313,270.2934121427943,148.35363462084513,308.3299037605819,0.15296074044619734,152.96074044619735,4.597222803935639,0.0,4.597222803935639,2.144113524031701,2.144113524031701
4,maneuvering_circular,120,4.0,871.8322121561291,524.356553495977,1372.1216942228898,589.6541904195132,500.2894820667607,65.29763692353617,504.53280096979387,0.2471106058018622,247.1106058018622,10.831934223545677,0.0,10.831934223545677,3.2911903961250366,3.2911903961250366
4,maneuvering_circular,120,5.0,817.3415225557269,629.1006524188368,1425.7821884591144,589.7235802776951,608.4406659033875,-39.37707214114175,609.7135374381696,0.2959065680624891,295.9065680624891,21.084691372182842,0.0,21.084691372182842,4.591806983332688,4.591806983332688
4,maneuvering_circular,135,0.5,960.0,610.7106781186548,1213.3748430742098,590.3519008470192,253.37484307420982,-20.358777271635518,254.1914454006596,0.12641794032604764,126.41794032604764,0.02689430667129877,0.0,0.02689430667129877,0.16399483733123665,0.16399483733123665
4,maneuvering_circular,135,1.0,1048.1677878438709,555.6434465040231,1241.0911662753654,590.7761276748446,192.92337843149448,35.132681170821456,196.09623971833886,0.09773572675463423,97.73572675463423,0.18193711302319895,0.0,0.18193711302319895,0.4265408691124438,0.4265408691124438
4,maneuvering_circular,135,2.0,1102.658477444273,450.89934758116317,1296.5238126776762,591.6245813304952,193.86533523340313,140.725233749332,239.5565895962036,0.11921036232238724,119.21036232238724,1.3805569793688142,0.0,1.3805569793688142,1.1749710546940355,1.1749710546940355
4,maneuvering_circular,135,3.0,960.0,469.2893218813453,1351.956459079987,592.4730349861458,391.9564590799871,123.18371310480046,410.85775274273135,0.20261014186907506,202.61014186907505,4.597222517236849,0.0,4.597222517236849,2.1441134571745146,2.1441134571745146
4,maneuvering_circular,135,4.0,817.341522555727,585.3990499739547,1407.389105482298,593.3214886417963,590.047582926571,7.922438667841675,590.1007669474209,0.28690969876467354,286.9096987646735,10.831933726627303,0.0,10.831933726627303,3.291190320632841,3.291190320632841
4,maneuvering_circular,135,5.0,871.832212156129,638.7688340595138,1462.8217518846088,594.1699422974469,590.9895397284798,-44.59889176206684,592.6699732691753,0.2880910144647011,288.09101446470106,21.08469060754018,0.0,21.08469060754018,4.591806900071058,4.591806900071058
4,maneuvering_circular,150,0.5,1048.1677878438709,555.6434465040231,1243.3974173068452,592.3605395664082,195.22962946297434,36.71709306238506,198.6523424055254,0.09900145085233202,99.00145085233201,0.026894303029694436,0.0,0.026894303029694436,0.16399482622843453,0.16399482622843453
4,maneuvering_circular,150,1.0,1102.658477444273,494.60095002604527,1272.0346672491228,593.4027694845165,169.37618980484967,98.80181945847124,196.0869531639288,0.09773112768815659,97.73112768815659,0.18193710419838188,0.0,0.18193710419838188,0.4265408587678112,0.4265408587678112
4,maneuvering_circular,150,2.0,1048.1677878438709,441.2311659404862,1329.3091671336774,595.4872293207334,281.14137928980654,154.25606338024716,320.6796037145888,0.15898656467519806,158.98656467519805,1.3805569533275142,0.0,1.3805569533275142,1.1749710436123582,1.1749710436123582
4,maneuvering_circular,150,3.0,871.8322121561291,524.356553495977,1386.5836670182323,597.5716891569501,514.7514548621032,73.21513566097315,519.9322228641985,0.2543363155338036,254.3363155338036,4.5972224648456566,0.0,4.5972224648456566,2.144113444957066,2.144113444957066
4,maneuvering_circular,150,4.0,817.3415225557269,629.1006524188368,1443.858166902787,599.656148993167,626.51664434706,-29.444503425669836,627.2081667404251,0.3038904072774991,303.8904072774991,10.831933638752808,0.0,10.831933638752808,3.2911903072828848,3.2911903072828848
4,maneuvering_circular,150,5.0,959.9999999999999,610.7106781186548,1501.1326667873418,601.7406088293837,541.1326667873419,-8.97006928927101,541.2070077220312,0.2642742467602682,264.2742467602682,21.08469047504897,0.0,21.08469047504897,4.591806885644144,4.591806885644144
4,maneuvering_circular,165,0.5,1102.658477444273,494.60095002604527,1274.7437077341356,595.1098916879799,172.08523028986247,100.50894166193467,199.2871642578046,0.09931575107102444,99.31575107102445,0.02689430280852629,0.0,0.02689430280852629,0.16399482555412012,0.16399482555412012
4,maneuvering_circular,165,1.0,1102.658477444273,450.89934758116317,1304.410681839396,596.8101930424176,201.75220439512282,145.91084546125444,248.9857963850739,0.12385566318253037,123.85566318253036,0.18193710378680591,0.0,0.18193710378680591,0.4265408582853534,0.4265408582853534
4,maneuvering_circular,165,2.0,960.0,469.2893218813453,1363.744630049917,600.2107957512931,403.7446300499171,130.92147386994776,424.4409954450958,0.20911795145346013,209.11795145346014,1.3805569523180854,0.0,1.3805569523180854,1.1749710431828035,1.1749710431828035
4,maneuvering_circular,165,3.0,817.341522555727,585.3990499739547,1423.078578260438,603.6113984601684,605.737055704711,18.212348486213727,606.0107839726909,0.29421174903513403,294.211749035134,4.597222462948992,0.0,4.597222462948992,2.1441134445147703,2.1441134445147703
4,maneuvering_circular,165,4.0,871.832212156129,638.7688340595138,1482.412526470959,607.0120011690439,610.5803143148299,-31.756832890469923,611.4056073213834,0.2966804778703578,296.6804778703578,10.831933635679524,0.0,10.831933635679524,3.291190306815989,3.291190306815989
4,maneuvering_circular,165,5.0,1048.1677878438709,555.643446504023,1541.74647468148,610.4126038779192,493.5786868376092,54.76915737389618,496.60807554829927,0.24338182752445148,243.38182752445147,21.084690470509685,0.0,21.084690470509685,4.591806885149863,4.591806885149863
4,maneuvering_circular,180,0.5,1102.658477444273,450.89934758116317,1305.4647833360275,598.7476347995763,202.8063058917544,147.84828721841313,250.9771179667147,0.12483600827744938,124.83600827744938,0.026894302785590542,0.0,0.026894302785590542,0.16399482548419186,0.16399482548419186
4,maneuvering_circular,180,1.0,1048.1677878438709,441.2311659404862,1335.5220363009034,601.1855763892744,287.35424845703255,159.95441044878817,328.8736497932381,0.16297832025253745,162.97832025253746,0.18193710370623642,0.0,0.18193710370623642,0.42654085819090815,0.42654085819090815
4,maneuvering_circular,180,2.0,871.8322121561291,524.356553495977,1395.636542230655,606.0614595686707,523.804330074526,81.70490607269369,530.1383478689036,0.2591103643273949,259.1103643273949,1.3805569520090561,0.0,1.3805569520090561,1.1749710430512985,1.1749710430512985
4,maneuvering_circular,180,3.0,817.3415225557269,629.1006524188368,1455.7510481604065,610.9373427480668,638.4095256046796,-18.16330967076999,638.6678543664057,0.30909862529144594,309.09862529144596,4.5972224622605795,0.0,4.5972224622605795,2.1441134443542347,2.1441134443542347
4,maneuvering_circular,180,4.0,959.9999999999999,610.7106781186548,1515.8655540901582,615.8132259274631,555.8655540901583,5.102547808808367,555.8889729236405,0.27110161048515724,271.10161048515727,10.831933634460807,0.0,10.831933634460807,3.2911903066308406,3.2911903066308406
4,maneuvering_circular,180,5.0,1102.658477444273,494.60095002604527,1575.9800600199098,620.6891091068593,473.32158257563674,126.08815908081402,489.82807636179245,0.24018617702673997,240.18617702673998,21.084690468609736,0.0,21.084690468609736,4.5918068849429785,4.5918068849429785
4,maneuvering_circular,195,0.5,1048.1677878438709,441.2311659404862,1336.6243775622797,603.1930963277731,288.45658971840885,161.96193038728688,330.8154637358278,0.16392351837540972,163.9235183754097,0.02689430277006425,0.0,0.02689430277006425,0.16399482543685412,0.16399482543685412
4,maneuvering_circular,195,1.0,960.0,469.2893218813453,1367.1488632375335,606.4163376542167,407.14886323753353,137.1270157728714,429.6207807943991,0.211594920813204,211.594920813204,0.18193710366435537,0.0,0.18193710366435537,0.4265408581418143,0.4265408581418143
4,maneuvering_circular,195,2.0,817.341522555727,585.3990499739547,1428.1978345880414,612.862820307104,610.8563120323143,27.46377033314934,611.473378513433,0.2967114670739935,296.7114670739935,1.3805569518756513,0.0,1.3805569518756513,1.174971042994529,1.174971042994529
4,maneuvering_circular,195,3.0,871.832212156129,638.7688340595138,1489.246805938549,619.3093029599912,617.41459378242,-19.459531099522565,617.7211781751731,0.2995658216761368,299.5658216761368,4.5972224619838995,0.0,4.5972224619838995,2.144113444289714,2.144113444289714
4,maneuvering_circular,195,4.0,1048.1677878438709,555.643446504023,1550.2957772890568,625.7557856128784,502.1279894451859,70.1123391088554,506.99926812529014,0.24826971447643317,248.26971447643317,10.831933633989099,0.0,10.831933633989099,3.2911903065591783,3.2911903065591783
4,maneuvering_circular,195,5.0,1102.658477444273,450.89934758116317,1611.3447486395644,632.2022682657656,508.6862711952913,181.30292068460244,540.0300654142662,0.2637258456937536,263.7258456937536,21.08469046789125,0.0,21.08469046789125,4.591806884864742,4.591806884864742
4,maneuvering_circular,210,0.5,960.0,469.2893218813453,1368.5303963401088,608.2429455312246,408.53039634010884,138.95362364987926,431.51499888096436,0.21250007830632114,212.50007830632114,0.02689430276795264,0.0,0.02689430276795264,0.16399482543041607,0.16399482543041607
4,maneuvering_circular,210,1.0,871.8322121561291,524.356553495977,1399.586867388473,612.1751885566806,527.7546552323438,87.81863506070363,535.0112978090604,0.2613855101854415,261.3855101854415,0.181937103659804,0.0,0.181937103659804,0.42654085813647913,0.42654085813647913
4,maneuvering_circular,210,2.0,817.3415225557269,629.1006524188368,1461.6998094852008,620.0396746075929,644.3582869294739,-9.060977811243902,644.4219915967968,0.3117072757615162,311.7072757615162,1.3805569518633591,0.0,1.3805569518633591,1.174971042989298,1.174971042989298
4,maneuvering_circular,210,3.0,959.9999999999999,610.7106781186548,1523.8127515819288,627.9041606585051,563.8127515819289,17.19348253985038,564.0748484804423,0.2748970048138415,274.8970048138415,4.597222461960051,0.0,4.597222461960051,2.1441134442841525,2.1441134442841525
4,maneuvering_circular,210,4.0,1102.658477444273,494.60095002604527,1585.9256936786564,635.7686467094175,483.26721623438334,141.16769668337218,503.46352486929857,0.2466078918733191,246.60789187331912,10.831933633949879,0.0,10.831933633949879,3.29119030655322,3.29119030655322
4,maneuvering_circular,210,5.0,1048.167787843871,441.2311659404862,1648.0386357753846,643.6331327603297,599.8708479315135,202.40196681984344,633.0968254308451,0.306568839292574,306.568839292574,21.084690467832843,0.0,21.084690467832843,4.591806884858382,4.591806884858382
4,maneuvering_circular,225,0.5,871.8322121561291,524.356553495977,1401.7113695218811,614.1612510657505,529.879157365752,89.80469756977357,537.4353962256653,0.26251627550575907,262.51627550575904,0.026894302767890847,0.0,0.026894302767890847,0.16399482543022767,0.16399482543022767
4,maneuvering_circular,225,1.0,817.341522555727,585.3990499739547,1433.5856781565976,618.8423616653712,616.2441556008706,33.44331169141651,617.1509656551784,0.2993055236006099,299.3055236006099,0.1819371036596575,0.0,0.1819371036596575,0.4265408581363074,0.4265408581363074
4,maneuvering_circular,225,2.0,871.832212156129,638.7688340595138,1497.3342954260304,628.2045828646126,625.5020832699014,-10.564251194901203,625.59128796547,0.30315418683746126,303.1541868374613,1.380556951862856,0.0,1.380556951862856,1.174971042989084,1.174971042989084
4,maneuvering_circular,225,3.0,1048.1677878438709,555.643446504023,1561.0829126954634,637.566804063854,512.9151248515925,81.92335755983095,519.4163665263164,0.2540947001138497,254.0947001138497,4.597222461958942,0.0,4.597222461958942,2.1441134442838936,2.1441134442838936
4,maneuvering_circular,225,4.0,1102.658477444273,450.89934758116317,1624.8315299648962,646.9290252630955,522.1730525206231,196.0296776819323,557.7565161526915,0.2719682094617713,271.9682094617713,10.831933633947912,0.0,10.831933633947912,3.291190306552921,3.291190306552921
4,maneuvering_circular,225,5.0,960.0000000000001,469.28932188134524,1688.5801472343292,656.2912464623369,728.580147234329,187.0019245809916,752.1959523561607,0.35973293186975996,359.73293186975997,21.08469046782977,0.0,21.08469046782977,4.591806884858048,4.591806884858048
4,maneuvering_circular,240,0.5,817.341522555727,585.3990499739547,1435.2628976130013,620.9442101780099,617.9213750572743,35.545160204055264,618.9428763356152,0.3001233775354639,300.12337753546393,0.026894302767846122,0.0,0.026894302767846122,0.1639948254300913,0.1639948254300913
4,maneuvering_circular,240,1.0,817.3415225557269,629.1006524188368,1467.7906400247703,626.428813237786,650.4491174690434,-2.6718391810508137,650.4546049809062,0.31443747267470545,314.4374726747055,0.181937103659521,0.0,0.181937103659521,0.4265408581361474,0.4265408581361474
4,maneuvering_circular,240,2.0,959.9999999999999,610.7106781186548,1532.846124848308,637.3980193573382,572.846124848308,26.687341238683416,573.4674331957424,0.27924189770042834,279.24189770042835,1.3805569518623835,0.0,1.3805569518623835,1.1749710429888829,1.1749710429888829
4,maneuvering_circular,240,3.0,1102.658477444273,494.60095002604527,1597.9016096718456,648.3672254768903,495.24313222757246,153.76627545084506,518.5651622357618,0.25369594901603176,253.69594901603176,4.59722246195793,0.0,4.59722246195793,2.144113444283658,2.144113444283658
4,maneuvering_circular,240,4.0,1048.167787843871,441.2311659404862,1662.9570944953832,659.3364315964425,614.7893066515121,218.10526565595626,652.3310497591712,0.31528571504119834,315.28571504119833,10.831933633946159,0.0,10.831933633946159,3.291190306552655,3.291190306552655
4,maneuvering_circular,240,5.0,871.8322121561291,524.356553495977,1728.0125793189209,670.3056377159946,856.1803671627918,145.94908422001765,868.53091844774,0.4096923265577326,409.6923265577326,21.084690467827073,0.0,21.084690467827073,4.591806884857754,4.591806884857754
4,maneuvering_circular,255,0.5,817.3415225557269,629.1006524188368,1469.70571790427,628.4320596178243,652.364195348543,-0.6685928010125508,652.3645379610127,0.3153008490444286,315.3008490444286,0.026894302767833164,0.0,0.026894302767833164,0.1639948254300518,0.1639948254300518
4,maneuvering_circular,255,1.0,871.832212156129,638.7688340595138,1502.967113170523,634.6919467556482,631.1349010143939,-4.076887303865533,631.14806843445,0.3056829558927838,305.6829558927838,0.18193710365948954,0.0,0.18193710365948954,0.4265408581361105,0.4265408581361105
4,maneuvering_circular,255,2.0,1048.1677878438709,555.643446504023,1569.489903703029,647.2117210312963,521.3221158591582,91.56827452727327,529.3028408990185,0.2587199955946448,258.7199955946448,1.3805569518622904,0.0,1.3805569518622904,1.1749710429888434,1.1749710429888434
4,maneuvering_circular,255,3.0,1102.658477444273,450.89934758116317,1636.0126942355355,659.7314953069442,533.3542167912624,208.83214772578106,572.7805744722697,0.27892452988186733,278.92452988186733,4.597222461957743,0.0,4.597222461957743,2.1441134442836143,2.1441134442836143
4,maneuvering_circular,255,4.0,960.0000000000001,469.28932188134524,1702.5354847680417,672.2512695825922,742.5354847680416,202.9619477012469,769.7743165073737,0.36741056351985374,367.4105635198537,10.831933633945845,0.0,10.831933633945845,3.291190306552607,3.291190306552607
4,maneuvering_circular,255,5.0,817.341522555727,585.3990499739547,1769.0582753005478,684.7710438582401,951.7167527448208,99.37199388428542,956.8905740071249,0.44625562559253296,446.25562559253297,21.084690467826597,0.0,21.084690467826597,4.591806884857703,4.591806884857703
4,maneuvering_circular,270,0.5,871.832212156129,638.7688340595138,1505.089870187636,637.0337538487208,633.257658031507,-1.735080210792944,633.2600350242284,0.30664301004848754,306.64301004848755,0.026894302767832362,0.0,0.026894302767832362,0.16399482543004934,0.16399482543004934
4,maneuvering_circular,270,1.0,959.9999999999999,610.7106781186548,1539.171629322667,644.1886668120815,579.1716293226672,33.47798869342671,580.1383903339187,0.28232124809171383,282.3212480917138,0.18193710365948806,0.0,0.18193710365948806,0.42654085813610876,0.42654085813610876
4,maneuvering_circular,270,2.0,1102.658477444273,494.60095002604527,1607.335147592729,658.4984927388027,504.67667014845597,163.89754271275746,530.6231675110065,0.259336846571585,259.336846571585,1.3805569518622869,0.0,1.3805569518622869,1.1749710429888418,1.1749710429888418
4,maneuvering_circular,270,3.0,1048.167787843871,441.2311659404862,1675.4986658627909,672.808318665524,627.3308780189197,231.57715272503776,668.7092104795807,0.32266941733110255,322.6694173311025,4.5972224619577355,0.0,4.5972224619577355,2.1441134442836125,2.1441134442836125
4,maneuvering_circular,270,4.0,871.8322121561291,524.356553495977,1743.6621841328529,687.1181445922452,871.8299719767238,162.76159109626826,886.8927982417738,0.4173906016615584,417.3906016615584,10.831933633945834,0.0,10.831933633945834,3.2911903065526054,3.2911903065526054
4,maneuvering_circular,270,5.0,817.3415225557269,629.1006524188368,1811.8257024029149,701.4279705189665,994.484179847188,72.32731810012967,997.1108388288092,0.46249127688143893,462.4912768814389,21.084690467826583,0.0,21.084690467826583,4.591806884857701,4.591806884857701
4,maneuvering_circular,285,0.5,959.9999999999999,610.7106781186548,1541.0077822861456,645.7883684311091,581.0077822861457,35.077690312454365,582.0657071454406,0.2832098875941748,283.2098875941748,0.026894302767832286,0.0,0.026894302767832286,0.16399482543004912,0.16399482543004912
4,maneuvering_circular,285,1.0,1048.1677878438709,555.643446504023,1575.7917345481276,653.5721442106377,527.6239467042567,97.92869770661468,536.6349401318273,0.26214296386386676,262.1429638638668,0.1819371036594878,0.0,0.1819371036594878,0.4265408581361084,0.4265408581361084
4,maneuvering_circular,285,2.0,1102.658477444273,450.89934758116317,1645.3596390720918,669.1396957696951,542.7011616278187,218.24034818853193,584.9388005677478,0.2845337487794617,284.5337487794617,1.3805569518622858,0.0,1.3805569518622858,1.1749710429888414,1.1749710429888414
4,maneuvering_circular,285,3.0,960.0000000000001,469.28932188134524,1714.9275435960558,684.7072473287524,754.9275435960557,215.41792544740713,785.0608120929481,0.37405053297911467,374.0505329791147,4.597222461957734,0.0,4.597222461957734,2.144113444283612,2.144113444283612
4,maneuvering_circular,285,4.0,817.341522555727,585.3990499739547,1784.4954481200198,700.2747988878098,967.1539255642928,114.87574891385509,973.9523363198739,0.4531743637694808,453.1743637694808,10.83193363394583,0.0,10.83193363394583,3.291190306552605,3.291190306552605
4,maneuvering_circular,285,5.0,871.8322121561289,638.7688340595138,1854.0633526439838,715.842350446867,982.2311404878549,77.07351638735327,985.2503947080578,0.4577303803851157,457.7303803851157,21.084690467826576,0.0,21.084690467826576,4.5918068848577,4.5918068848577
5,maneuvering_circular,60,0.5,960.0,469.28932188134524,1373.204203805159,329.6652068924141,413.20420380515907,-139.62411498893113,436.1566318751759,0.2147165991908556,214.7165991908556,0.026933811031430582,0.0,0.026933811031430582,0.16411523704833314,0.16411523704833314
5,maneuvering_circular,60,1.0,871.832212156129,524.3565534959769,1455.467058595499,273.6566024899799,583.6348464393701,-250.69995100599698,635.2008339200416,0.30752474079170417,307.5247407917042,0.18206543991335977,0.0,0.18206543991335977,0.42669127002243645,0.42669127002243645
5,maneuvering_circular,60,2.0,817.3415225557269,629.1006524188367,1619.9927681761787,161.6393936851114,802.6512456204518,-467.46125873372534,928.8536216826534,0.43478628412920245,434.78628412920244,1.3810174525453622,0.0,1.3810174525453622,1.1751669892170058,1.1751669892170058
5,maneuvering_circular,60,3.0,960.0,610.7106781186548,1784.5184777568584,49.62218488024291,824.5184777568584,-561.0884932384118,997.3219226543846,0.46257580439763224,462.5758043976322,4.598221138334891,0.0,4.598221138334891,2.1443463195890002,2.1443463195890002
5,maneuvering_circular,60,4.0,1102.658477444273,494.60095002604527,1949.0441873375382,-62.39502392462555,846.3857098932651,-556.9959739506708,1013.2192679320615,0.46892132422194077,468.9213242219408,10.833676497281944,0.0,10.833676497281944,3.291455072955112,3.291455072955112
5,maneuvering_circular,60,5.0,1048.1677878438709,441.2311659404862,2113.569896918218,-174.41223272949406,1065.4021090743472,-615.6433986699803,1230.4870776834643,0.5515526501805632,551.5526501805632,21.08738352938652,0.0,21.08738352938652,4.592100121881765,4.592100121881765
5,maneuvering_circular,75,0.5,871.832212156129,524.3565534959769,1457.355337498662,275.5998124949699,585.523125342533,-248.75674100100696,636.1739121532175,0.3079666374641915,307.9666374641915,0.02690911761157999,0.0,0.02690911761157999,0.16403998784314752,0.16403998784314752
5,maneuvering_circular,75,1.0,817.341522555727,585.3990499739547,1540.3591380745129,220.3373706050167,723.0176155187859,-365.061679368938,809.9533950136515,0.3847892574894825,384.7892574894825,0.1819739246296588,0.0,0.1819739246296588,0.42658401825391773,0.42658401825391773
5,maneuvering_circular,75,2.0,871.832212156129,638.7688340595138,1706.3667392262146,109.81248682511031,834.5345270700856,-528.9563472344034,988.0499451706144,0.45885617206198587,458.8561720619859,1.3806674907570033,0.0,1.3806674907570033,1.1750180810340765,1.1750180810340765
5,maneuvering_circular,75,3.0,1048.1677878438709,555.6434465040231,1872.3743403779163,-0.7123969547960769,824.2065525340454,-556.3558434588192,994.4085004618727,0.46140850893794555,461.40850893794556,4.597446326339264,0.0,4.597446326339264,2.1441656480643614,2.1441656480643614
5,maneuvering_circular,75,4.0,1102.658477444273,450.89934758116317,2038.381941529618,-111.2372807347025,935.7234640853449,-562.1366283158657,1091.5933263510763,0.4996103541038351,499.6103541038351,10.83231043137644,0.0,10.83231043137644,3.2912475493916347,3.2912475493916347
5,maneuvering_circular,75,5.0,960.0,469.2893218813453,2204.3895426813197,-221.76216451460886,1244.3895426813197,-691.0514863959542,1423.3964629661975,0.6185340550957924,618.5340550957924,21.08525980586853,0.0,21.08525980586853,4.591868879428999,4.591868879428999
5,maneuvering_circular,90,0.5,817.341522555727,585.3990499739547,1542.1887685974289,222.4473161139885,724.8472460417019,-362.95173385996617,810.6401736937266,0.3850842287121167,385.0842287121167,0.02689532624879031,0.0,0.02689532624879031,0.16399794586759406,0.16399794586759406
5,maneuvering_circular,90,1.0,817.3415225557269,629.1006524188367,1625.902540591279,167.99746146286287,808.561018035552,-461.10319095597384,930.7991580338207,0.4355861630369041,435.5861630369041,0.1819389797160496,0.0,0.1819389797160496,0.42654305728267294,0.42654305728267294
5,maneuvering_circular,90,2.0,960.0,610.7106781186548,1793.330084578979,59.097752160611634,833.330084578979,-551.6129259580431,999.3577187115742,0.46339066348483027,463.39066348483027,1.3805613775472496,0.0,1.3805613775472496,1.1749729263039423,1.1749729263039423
5,maneuvering_circular,90,3.0,1102.658477444273,494.60095002604527,1960.757628566679,-49.801957141639605,858.0991511224058,-544.4029071676848,1016.2227504290682,0.47011563285361313,470.11563285361314,4.597230563240691,0.0,4.597230563240691,2.1441153334745526,2.1441153334745526
5,maneuvering_circular,90,4.0,1048.1677878438709,441.2311659404862,2128.1851725543793,-158.70166644389087,1080.0173847105084,-599.9328323843771,1235.4581962371965,0.5533537078812105,553.3537078812105,10.831946536796375,0.0,10.831946536796375,3.291192266762362,3.291192266762362
5,maneuvering_circular,90,5.0,871.8322121561291,524.356553495977,2295.6127165420794,-267.6013757461421,1423.7805043859503,-791.957929242119,1629.2170777275126,0.6835853294754046,683.5853294754046,21.0847092982143,0.0,21.0847092982143,4.591808935290568,4.591808935290568
5,maneuvering_circular,105,0.5,817.3415225557269,629.1006524188367,1627.886900975014,170.04405630907266,810.5453784192871,-459.0565961097641,931.5131608886417,0.43587956564832164,435.87956564832166,0.026894350164712172,0.0,0.026894350164712172,0.16399496993722756,0.16399496993722756
5,maneuvering_circular,105,1.0,871.832212156129,638.7688340595138,1712.3649643665512,116.39671254190469,840.5327522104222,-522.3721215176091,989.6302041051672,0.4594910940879757,459.49109408797574,0.18193729765362407,0.0,0.18193729765362407,0.42654108553997944,0.42654108553997944
5,maneuvering_circular,105,2.0,1048.1677878438709,555.6434465040231,1881.3210911496253,9.102025007568756,833.1533033057544,-546.5414214964544,996.4195663577947,0.4622144102298945,462.2144102298945,1.3805577672830005,0.0,1.3805577672830005,1.1749713899848797,1.1749713899848797
5,maneuvering_circular,105,3.0,1102.658477444273,450.89934758116317,2050.2772179327,-98.19266252676718,947.6187404884267,-549.0920101079304,1095.2092552974705,0.5010022934838526,501.0022934838526,4.597224336447781,0.0,4.597224336447781,2.1441138814083036,2.1441138814083036
5,maneuvering_circular,105,4.0,960.0,469.2893218813453,2219.233344715774,-205.48735006110311,1259.233344715774,-674.7766719424484,1428.6329736646153,0.6202698621022402,620.2698621022403,10.831937005147964,0.0,10.831937005147964,3.2911908187080194,3.2911908187080194
5,maneuvering_circular,105,5.0,817.341522555727,585.3990499739547,2388.1894714988484,-312.7820375954391,1570.8479489431215,-898.1810875693938,1809.5006340883529,0.7354333958388742,735.4333958388743,21.08469577338355,0.0,21.08469577338355,4.5918074625776235,4.5918074625776235
5,maneuvering_circular,120,0.5,871.832212156129,638.7688340595138,1714.346646134977,118.54272750787737,842.5144339788479,-520.2261065516363,990.1847168082192,0.4597137936738972,459.7137936738972,0.026894359601173756,0.0,0.026894359601173756,0.16399499870780743,0.16399499870780743
5,maneuvering_circular,120,1.0,960.0,610.7106781186548,1799.5905312050722,65.71305521453715,839.5905312050722,-544.9976229041176,1000.9668671141688,0.4640342810551002,464.0342810551002,0.18193726236126304,0.0,0.18193726236126304,0.4265410441695653,0.4265410441695653
5,maneuvering_circular,120,2.0,1102.658477444273,494.60095002604527,1970.0783013452633,-39.9462893721433,867.4198239009902,-534.5472393981886,1018.9003396037559,0.47117913222578023,471.1791322257802,1.3805574687003315,0.0,1.3805574687003315,1.1749712629253242,1.1749712629253242
5,maneuvering_circular,120,3.0,1048.1677878438709,441.2311659404862,2140.566071485454,-145.60563395882374,1092.398283641583,-586.83679989931,1240.0449345967827,0.5550119560819611,555.0119560819611,4.59722354279792,0.0,4.59722354279792,2.144113696331871,2.144113696331871
5,maneuvering_circular,120,4.0,871.8322121561291,524.356553495977,2311.053841625645,-251.2649785455042,1439.2216294695158,-775.6215320414811,1634.9151842524623,0.6852955383203658,685.2955383203658,10.831935484654029,0.0,10.831935484654029,3.2911905877135146,3.2911905877135146
5,maneuvering_circular,120,5.0,817.3415225557269,629.1006524188368,2481.541611765836,-356.92432313218455,1664.2000892101091,-986.0249755510214,1934.3751418319373,0.7687198419835674,768.7198419835673,21.084693294268657,0.0,21.084693294268657,4.5918071926278285,4.5918071926278285
5,maneuvering_circular,135,0.5,960.0,610.7106781186548,1801.7534259689614,67.59151295660914,841.7534259689614,-543.1191651620456,1001.7620763917954,0.4643521911353808,464.3521911353808,0.02689431205133861,0.0,0.02689431205133861,0.1639948537343127,0.1639948537343127
5,maneuvering_circular,135,1.0,1048.1677878438709,555.6434465040231,1887.8351529393583,15.492721894876098,839.6673650954874,-540.150724609147,998.4007658762011,0.4630077107691808,463.0077107691808,0.18193712409237564,0.0,0.18193712409237564,0.42654088208796076,0.42654088208796076
5,maneuvering_circular,135,2.0,1102.658477444273,450.89934758116317,2059.998606880152,-88.70486022858998,957.3401294358787,-539.6042078097531,1098.9416838551062,0.5024368567571156,502.4368567571156,1.380557007780757,0.0,1.380557007780757,1.1749710667845217,1.1749710667845217
5,maneuvering_circular,135,3.0,960.0,469.2893218813453,2232.162060820945,-192.90244235205606,1272.162060820945,-662.1917642334014,1434.1876591334687,0.6221064451877883,622.1064451877884,4.597222570944215,0.0,4.597222570944215,2.1441134696988904,2.1441134696988904
5,maneuvering_circular,135,4.0,817.341522555727,585.3990499739547,2404.3255147617383,-297.1000244755221,1586.9839922060114,-882.4990744494768,1815.8531900796147,0.7371772154474141,737.1772154474141,10.831933813582749,0.0,10.831933813582749,3.2911903338431747,3.2911903338431747
5,maneuvering_circular,135,5.0,871.832212156129,638.7688340595138,2576.4889687025316,-401.2976065989882,1704.6567565464024,-1040.066440658502,1996.8958056501963,0.7846215122470033,784.6215122470032,21.08469073569636,0.0,21.08469073569636,4.591806914025932,4.591806914025932
5,maneuvering_circular,150,0.5,1048.1677878438709,555.6434465040231,1889.7702270151406,17.416025776445863,841.6024391712697,-538.2274207275773,998.9912021845294,0.4632440084662605,463.24400846626054,0.026894302969866488,0.0,0.026894302969866488,0.1639948260460265,0.1639948260460265
5,maneuvering_circular,150,1.0,1102.658477444273,494.60095002604527,1976.6084791433257,-33.935569853069424,873.9500016990526,-528.5365198791147,1021.3419889124797,0.47214791626278274,472.14791626278276,0.1819371039971329,0.0,0.1819371039971329,0.426540858531903,0.426540858531903
5,maneuvering_circular,150,2.0,1048.1677878438709,441.2311659404862,2150.284983399696,-136.63876111209998,1102.1171955558252,-577.8699270525863,1244.4259581556464,0.556592654626452,556.592654626452,1.380556952820832,0.0,1.380556952820832,1.1749710433967435,1.1749710433967435
5,maneuvering_circular,150,3.0,871.8322121561291,524.356553495977,2323.9614876560668,-239.34195237113056,1452.1292754999376,-763.6985058671075,1640.7055923070495,0.6870285652883866,687.0285652883866,4.597222464003419,0.0,4.597222464003419,2.144113444760659,2.144113444760659
5,maneuvering_circular,150,4.0,817.3415225557269,629.1006524188368,2497.6379919124374,-342.04514363016114,1680.2964693567105,-971.1457960489979,1940.7525298492512,0.770364738626645,770.364738626645,10.831933637544894,0.0,10.831933637544894,3.2911903070993773,3.2911903070993773
5,maneuvering_circular,150,5.0,959.9999999999999,610.7106781186548,2671.3144961688076,-444.74833488919165,1711.3144961688076,-1055.4590130078464,2010.6195644469883,0.7880460185375143,788.0460185375143,21.084690473445256,0.0,21.084690473445256,4.5918068854695155,4.5918068854695155
5,maneuvering_circular,165,0.5,1102.658477444273,494.60095002604527,1978.9418633376818,-31.7456643233297,876.2833858934086,-526.3466143493749,1022.2100228572729,0.4724920992259348,472.49209922593485,0.02689430290519209,0.0,0.02689430290519209,0.16399482584884223,0.16399482584884223
5,maneuvering_circular,165,1.0,1102.658477444273,450.89934758116317,2066.669580552279,-82.2420228513522,964.011103108006,-533.1413704325154,1101.615689694993,0.5034632257165871,503.4632257165871,0.18193710410710062,0.0,0.18193710410710062,0.42654085866080943,0.42654085866080943
5,maneuvering_circular,165,2.0,960.0,469.2893218813453,2242.125014981473,-183.2347399073972,1282.1250149814732,-652.5240617887425,1438.6216338059571,0.6235690169205624,623.5690169205625,1.380556953471631,0.0,1.380556953471631,1.174971043673686,1.174971043673686
5,maneuvering_circular,165,3.0,817.341522555727,585.3990499739547,2417.5804494106674,-284.2274569634422,1600.2389268549405,-869.6265069373969,1821.2673841558767,0.7386591029162355,738.6591029162355,4.597222465450446,0.0,4.597222465450446,2.1441134450981005,2.1441134450981005
5,maneuvering_circular,165,4.0,871.832212156129,638.7688340595138,2593.0358838398615,-385.22017401948716,1721.2036716837324,-1023.989008079001,2002.771971065148,0.7860906761466291,786.0906761466291,10.831933640043545,0.0,10.831933640043545,3.291190307478974,3.291190307478974
5,maneuvering_circular,165,5.0,1048.1677878438709,555.643446504023,2768.491318269056,-486.2128910755321,1720.3235304251853,-1041.8563375795552,2011.2129866051625,0.7881935665424463,788.1935665424463,21.084690477250927,0.0,21.084690477250927,4.591806885883914,4.591806885883914
5,maneuvering_circular,180,0.5,1102.658477444273,450.89934758116317,1990.5418765765066,-29.827753158781345,887.8833991322335,-480.7271007399445,1009.6709740506765,0.4675085116616957,467.5085116616957,0.026894302820369247,0.0,0.026894302820369247,0.16399482559022785,0.16399482559022785
5,maneuvering_circular,180,1.0,1048.1677878438709,441.2311659404862,2046.846559373053,-59.12967011276853,998.6787715291821,-500.36083605325473,1117.0139904938292,0.50935102366409,509.35102366409,0.18193710379030884,0.0,0.18193710379030884,0.4265408582894596,0.4265408582894596
5,maneuvering_circular,180,2.0,871.8322121561291,524.356553495977,2159.4559249661456,-117.7335040207429,1287.6237128100165,-642.0900575167199,1438.8378879333407,0.6236402710051104,623.6402710051104,1.3805569522555572,0.0,1.3805569522555572,1.174971043156195,1.174971043156195
5,maneuvering_circular,180,3.0,817.3415225557269,629.1006524188368,2272.065290559238,-176.33733792871726,1454.723768003511,-805.4379903475541,1662.8143605013277,0.693600452758742,693.600452758742,4.597222462754631,0.0,4.597222462754631,2.1441134444694456,2.1441134444694456
5,maneuvering_circular,180,4.0,959.9999999999999,610.7106781186548,2384.6746561523305,-234.94117183669164,1424.6746561523305,-845.6518499553464,1656.751317251826,0.6918052925728618,691.8052925728618,10.83193363528753,0.0,10.83193363528753,3.291190306756437,3.291190306756437
5,maneuvering_circular,180,5.0,1102.658477444273,494.60095002604527,2497.284021745423,-293.54500574466596,1394.62554430115,-788.1459557707112,1601.9221130925832,0.6753266776482428,675.3266776482428,21.084690469854255,0.0,21.084690469854255,4.591806885078493,4.591806885078493
5,maneuvering_circular,195,0.5,1048.1677878438709,441.2311659404862,1936.260077907456,0.9279335107596829,888.0922900635851,-440.30323242972656,991.2491372800528,0.4601411413353536,460.1411413353536,0.026894302771527295,0.0,0.026894302771527295,0.16399482544131475,0.16399482544131475
5,maneuvering_circular,195,1.0,960.0,469.2893218813453,1950.4945168504,-5.59360549985413,990.4945168504,-474.8829273811994,1098.4503551043374,0.5022481430230941,502.2481430230941,0.18193710366628732,0.0,0.18193710366628732,0.426540858144079,0.426540858144079
5,maneuvering_circular,195,2.0,817.341522555727,585.3990499739547,1978.9633947362884,-18.636683521081757,1161.6218721805612,-604.0357334950364,1309.2839803752122,0.5796315639556789,579.631563955679,1.3805569518783756,0.0,1.3805569518783756,1.1749710429956883,1.1749710429956883
5,maneuvering_circular,195,3.0,871.832212156129,638.7688340595138,2007.4322726221765,-31.67976154230938,1135.6000604660476,-670.4485956018232,1318.7451674508416,0.5829358397723059,582.9358397723059,4.597222461987222,0.0,4.597222461987222,2.144113444290489,2.144113444290489
5,maneuvering_circular,195,4.0,1048.1677878438709,555.643446504023,2035.9011505080648,-44.72283956353701,987.7333626641939,-600.36628606756,1155.8792640957236,0.5240406849372307,524.0406849372307,10.831933633992826,0.0,10.831933633992826,3.2911903065597445,3.2911903065597445
5,maneuvering_circular,195,5.0,1102.658477444273,450.89934758116317,2064.370028393953,-57.76591758476464,961.7115509496798,-508.6652651659278,1087.947360498826,0.4982047074821454,498.2047074821454,21.084690467895186,0.0,21.084690467895186,4.591806884865171,4.591806884865171
5,maneuvering_circular,210,0.5,960.0,469.2893218813453,1906.3544349081405,16.280424272865893,946.3544349081405,-453.0088976084794,1049.191964219492,0.48313022738394007,483.13022738394005,0.026894302767996047,0.0,0.026894302767996047,0.1639948254305484,0.1639948254305484
5,maneuvering_circular,210,1.0,871.8322121561291,524.356553495977,1904.2308679010007,17.83719151632588,1032.3986557448716,-506.5193619796511,1149.9603682058312,0.52181938751435,521.81938751435,0.1819371036601596,0.0,0.1819371036601596,0.42654085813689596,0.42654085813689596
5,maneuvering_circular,210,2.0,817.3415225557269,629.1006524188368,1899.9837338867208,20.95072600324586,1082.6422113309939,-608.1499264155909,1241.7570175984322,0.5556300549741641,555.6300549741641,1.3805569518651184,0.0,1.3805569518651184,1.1749710429900468,1.1749710429900468
5,maneuvering_circular,210,3.0,959.9999999999999,610.7106781186548,1895.736599872441,24.064260490165836,935.7365998724412,-586.646417628489,1104.4260969649245,0.5045407005340887,504.5407005340887,4.597222461964253,0.0,4.597222461964253,2.144113444285132,2.144113444285132
5,maneuvering_circular,210,4.0,1102.658477444273,494.60095002604527,1891.4894658581613,27.177794977085817,788.8309884138882,-467.4231550489595,916.9180629467147,0.4298661509495978,429.8661509495978,10.831933633957563,0.0,10.831933633957563,3.2911903065543875,3.2911903065543875
5,maneuvering_circular,210,5.0,1048.167787843871,441.2311659404862,1887.2423318438814,30.29132946400579,839.0745440000103,-410.9398364764804,934.3006152155427,0.4370242366075449,437.02423660754494,21.08469046784505,0.0,21.08469046784505,4.591806884859712,4.591806884859712
5,maneuvering_circular,225,0.5,871.8322121561291,524.356553495977,1899.9421199706837,20.51968611191389,1028.1099078145546,-503.8368673840631,1144.928631610651,0.5199265577947749,519.9265577947749,0.02689430276803284,0.0,0.02689430276803284,0.1639948254306606,0.1639948254306606
5,maneuvering_circular,225,1.0,817.341522555727,585.3990499739547,1896.3885319172043,23.068468904966153,1079.0470093614772,-562.3305810689885,1216.7818747899453,0.5465664740842486,546.5664740842486,0.181937103660049,0.0,0.181937103660049,0.4265408581367663,0.4265408581367663
5,maneuvering_circular,225,2.0,871.832212156129,638.7688340595138,1889.2813558102455,28.16603449107067,1017.4491436541165,-610.6027995684431,1186.6079970922642,0.5354814221424218,535.4814221424218,1.380556951864116,0.0,1.380556951864116,1.1749710429896203,1.1749710429896203
5,maneuvering_circular,225,3.0,1048.1677878438709,555.643446504023,1882.1741797032867,33.263600077175184,834.0063918594158,-522.3798464268478,984.0972338215867,0.45726629275760655,457.26629275760655,4.597222461961563,0.0,4.597222461961563,2.144113444284505,2.144113444284505
5,maneuvering_circular,225,4.0,1102.658477444273,450.89934758116317,1875.0670035963276,38.36116566327971,772.4085261520545,-412.53818191788343,875.6727030189428,0.4126927214343373,412.6927214343373,10.831933633952389,0.0,10.831933633952389,3.2911903065536015,3.2911903065536015
5,maneuvering_circular,225,5.0,960.0000000000001,469.28932188134524,1867.9598274893688,43.45873124938423,907.9598274893686,-425.830590631961,1002.8572880786621,0.46478987098088564,464.78987098088567,21.084690467836595,0.0,21.084690467836595,4.591806884858791,4.591806884858791
5,maneuvering_circular,240,0.5,817.341522555727,585.3990499739547,1898.36307370584,25.067288065641538,1081.0215511501128,-560.3317619083132,1217.612121101901,0.5468693969822636,546.8693969822635,0.02689430276786543,0.0,0.02689430276786543,0.16399482543015018,0.16399482543015018
5,maneuvering_circular,240,1.0,817.3415225557269,629.1006524188368,1895.5713280748748,28.391530180955385,1078.229805519148,-600.7091222378815,1234.2734555396003,0.5529248342107742,552.9248342107742,0.18193710365956087,0.0,0.18193710365956087,0.42654085813619413,0.42654085813619413
5,maneuvering_circular,240,2.0,959.9999999999999,610.7106781186548,1889.9878368129446,35.04001441158309,929.9878368129447,-575.6706637070716,1093.7431552576504,0.5004381786702169,500.43817867021687,1.380556951862486,0.0,1.380556951862486,1.1749710429889266,1.1749710429889266
5,maneuvering_circular,240,3.0,1102.658477444273,494.60095002604527,1884.4043455510143,41.68849864221078,781.7458681067412,-452.9124513838345,903.4690315226509,0.42429541422627204,424.29541422627204,4.597222461958124,0.0,4.597222461958124,2.144113444283703,2.144113444283703
5,maneuvering_circular,240,4.0,1048.167787843871,441.2311659404862,1878.820854289084,48.336982872838476,830.653066445213,-392.89418306764776,918.8853877841511,0.43067866807665744,430.67866807665746,10.831933633946473,0.0,10.831933633946473,3.2911903065527026,3.2911903065527026
5,maneuvering_circular,240,5.0,871.8322121561291,524.356553495977,1873.237363027154,54.98546710346617,1001.405150871025,-469.3710863925108,1105.9482324830155,0.5051237335297605,505.1237335297605,21.084690467827535,0.0,21.084690467827535,4.591806884857805,4.591806884857805
5,maneuvering_circular,255,0.5,817.3415225557269,629.1006524188368,1897.9117124085622,30.3976600676445,1080.5701898528353,-598.7029923511923,1235.3449754011485,0.5533127319895844,553.3127319895844,0.02689430276783296,0.0,0.02689430276783296,0.16399482543005117,0.16399482543005117
5,maneuvering_circular,255,1.0,871.832212156129,638.7688340595138,1896.0235194101278,34.4970340222587,1024.1913072539987,-604.271800037255,1189.1645143439655,0.5364263426435366,536.4263426435366,0.18193710365948884,0.0,0.18193710365948884,0.4265408581361097,0.4265408581361097
5,maneuvering_circular,255,2.0,1048.1677878438709,555.643446504023,1892.247133413259,42.69578193148711,844.0793455693881,-512.9476645725359,987.7171903977703,0.4587224258692303,458.7224258692303,1.3805569518622887,0.0,1.3805569518622887,1.1749710429888427,1.1749710429888427
5,maneuvering_circular,255,3.0,1102.658477444273,450.89934758116317,1888.47074741639,50.89452984071552,785.8122699721168,-400.00481774044766,881.7623136958733,0.41524486935752525,415.24486935752526,4.597222461957739,0.0,4.597222461957739,2.1441134442836134,2.1441134442836134
5,maneuvering_circular,255,4.0,960.0000000000001,469.28932188134524,1884.694361419521,59.09327774994392,924.694361419521,-410.1960441314013,1011.5930291684034,0.4682740606652573,468.2740606652573,10.831933633945841,0.0,10.831933633945841,3.2911903065526067,3.2911903065526067
5,maneuvering_circular,255,5.0,817.341522555727,585.3990499739547,1880.9179754226523,67.29202565917232,1063.5764528669251,-518.1070243147824,1183.0594912079905,0.5341680924285936,534.1680924285937,21.084690467826594,0.0,21.084690467826594,4.591806884857702,4.591806884857702
5,maneuvering_circular,270,0.5,871.832212156129,638.7688340595138,1899.2515729494298,36.531210779867656,1027.4193607933007,-602.2376232796461,1190.915907117892,0.5370730669768908,537.0730669768908,0.026894302767832702,0.0,0.026894302767832702,0.1639948254300504,0.1639948254300504
5,maneuvering_circular,270,1.0,959.9999999999999,610.7106781186548,1898.604313766949,41.41306715629857,938.6043137669491,-569.2976109623562,1097.760368964635,0.5019830612108053,501.98306121080526,0.18193710365948917,0.0,0.18193710365948917,0.4265408581361101,0.4265408581361101
5,maneuvering_circular,270,2.0,1102.658477444273,494.60095002604527,1897.3097954019868,51.17677990916039,794.6513179577137,-443.42417011688485,909.9976438297955,0.42700316491912743,427.0031649191274,1.3805569518622909,0.0,1.3805569518622909,1.1749710429888436,1.1749710429888436
5,maneuvering_circular,270,3.0,1048.167787843871,441.2311659404862,1896.0152770370248,60.94049266202221,847.8474891931537,-380.290673278464,929.228906735968,0.4349406234146038,434.9406234146038,4.597222461957744,0.0,4.597222461957744,2.1441134442836143,2.1441134442836143
5,maneuvering_circular,270,4.0,871.8322121561291,524.356553495977,1894.7207586720629,70.70420541488403,1022.8885465159337,-453.65234808109295,1118.9733828438318,0.5100974716557,510.09747165569996,10.83193363394585,0.0,10.83193363394585,3.291190306552608,3.291190306552608
5,maneuvering_circular,270,5.0,817.3415225557269,629.1006524188368,1893.426240307101,80.46791816774585,1076.084717751374,-548.6327342510909,1207.872591323225,0.5433088096841129,543.3088096841129,21.084690467826604,0.0,21.084690467826604,4.591806884857704,4.591806884857704
5,maneuvering_circular,285,0.5,959.9999999999999,610.7106781186548,1900.2948991120577,43.42406541325859,940.2948991120578,-567.2866127053961,1098.1660157967542,0.5021389136846685,502.13891368466847,0.026894302767832407,0.0,0.026894302767832407,0.16399482543004948,0.16399482543004948
5,maneuvering_circular,285,1.0,1048.1677878438709,555.643446504023,1900.2795374007499,49.085133366816876,852.111749556879,-506.55831313720614,991.3101221824062,0.4601656203102847,460.1656203102847,0.18193710365948806,0.0,0.18193710365948806,0.42654085813610876,0.42654085813610876
5,maneuvering_circular,285,2.0,1102.658477444273,450.89934758116317,1900.2488139781342,60.40726927393345,797.5903365338611,-390.4920783072297,888.0509040324757,0.41787439490274764,417.8743949027476,1.3805569518622867,0.0,1.3805569518622867,1.1749710429888418,1.1749710429888418
5,maneuvering_circular,285,3.0,960.0000000000001,469.28932188134524,1900.2180905555185,71.72940518105003,940.2180905555184,-397.5599167002952,1020.8153335322754,0.47193903385715996,471.93903385716,4.5972224619577355,0.0,4.5972224619577355,2.1441134442836125,2.1441134442836125
5,maneuvering_circular,285,4.0,817.341522555727,585.3990499739547,1900.1873671329029,83.0515410881666,1082.8458445771757,-502.3475088857881,1193.6951632648154,0.5380983215191865,538.0983215191865,10.831933633945832,0.0,10.831933633945832,3.2911903065526054,3.2911903065526054
5,maneuvering_circular,285,5.0,871.8322121561289,638.7688340595138,1900.1566437102872,94.37367699528318,1028.3244315541583,-544.3951570642306,1163.5365157854615,0.5269059283127374,526.9059283127374,21.08469046782658,0.0,21.08469046782658,4.5918068848577,4.5918068848577
6,maneuvering_circular,60,0.5,960.0,469.28932188134524,1308.8261244762255,519.997862364654,348.82612447622546,50.70854048330875,352.4925831773635,0.17445466807463925,174.45466807463924,0.026921321425661247,0.0,0.026921321425661247,0.1640771813070338,0.1640771813070338
6,maneuvering_circular,60,1.0,871.832212156129,524.3565534959769,1379.2645933404833,503.00850609654213,507.4323811843543,-21.348047399434734,507.8812465549327,0.24868403242259984,248.68403242259984,0.18200691386344398,0.0,0.18200691386344398,0.42662268325001657,0.42662268325001657
6,maneuvering_circular,60,2.0,817.3415225557269,629.1006524188367,1520.141531068999,469.02979356031847,702.8000085132721,-160.07085885851825,720.7985376108633,0.3459089959411546,345.9089959411546,1.380776850336116,0.0,1.380776850336116,1.1750646153876458,1.1750646153876458
6,maneuvering_circular,60,3.0,960.0,610.7106781186548,1661.0184687975147,435.05108102409486,701.0184687975147,-175.6595970945599,722.6916269382365,0.3467464763434086,346.74647634340863,4.597678455604931,0.0,4.597678455604931,2.144219777822444,2.144219777822444
6,maneuvering_circular,60,4.0,1102.658477444273,494.60095002604527,1801.8954065260305,401.0723684878712,699.2369290817574,-93.52858153817408,705.4642999870578,0.3391067294867458,339.1067294867458,10.832711729669887,0.0,10.832711729669887,3.2913085132922264,3.2913085132922264
6,maneuvering_circular,60,5.0,1048.1677878438709,441.2311659404862,1942.7723442545462,367.0936559516475,894.6045564106753,-74.1375099888387,897.6712553814377,0.4218852113552605,421.88521135526054,21.085876672530986,0.0,21.085876672530986,4.591936048392985,4.591936048392985
6,maneuvering_circular,75,0.5,871.832212156129,524.3565534959769,1381.1864829701829,506.0479424591032,509.35427081405385,-18.308611036873685,509.68321380502226,0.24953025297701073,249.53025297701072,0.02689920562561941,0.0,0.02689920562561941,0.16400977295764851,0.16400977295764851
6,maneuvering_circular,75,1.0,817.341522555727,585.3990499739547,1452.3657456220628,490.2380999581192,635.0242230663358,-95.16095001583545,642.1147641106843,0.3106618136336832,310.6618136336832,0.1819495286348643,0.0,0.1819495286348643,0.4265554227001039,0.4265554227001039
6,maneuvering_circular,75,2.0,871.832212156129,638.7688340595138,1594.7242709258228,458.61841495615135,722.8920587696938,-180.15041910336242,745.0014108277941,0.35657770948126466,356.57770948126466,1.3805954494739792,0.0,1.3805954494739792,1.1749874252407893,1.1749874252407893
6,maneuvering_circular,75,3.0,1048.1677878438709,555.6434465040231,1737.0827962295828,426.9987299541835,688.9150083857119,-128.64471654983964,700.8233385634885,0.3370415155365296,337.04151553652963,4.597301736740595,0.0,4.597301736740595,2.1441319308150315,2.1441319308150315
6,maneuvering_circular,75,4.0,1102.658477444273,450.89934758116317,1879.4413215333427,395.3790449522156,776.7828440890696,-55.52030262894755,778.7644643119727,0.3713197514801758,371.3197514801758,10.83206839043471,0.0,10.83206839043471,3.291210778791706,3.291210778791706
6,maneuvering_circular,75,5.0,960.0,469.2893218813453,2021.7998468371027,363.7593599502478,1061.7998468371027,-105.52996193109749,1067.0311558752508,0.49009920145432284,490.09920145432284,21.084895410556324,0.0,21.084895410556324,4.5918292009346695,4.5918292009346695
6,maneuvering_circular,90,0.5,817.341522555727,585.3990499739547,1454.7202986282537,492.17573894921907,637.3787760725266,-93.22331102473561,644.1601430592602,0.31158866105917027,311.58866105917025,0.026895058152589628,0.0,0.026895058152589628,0.1639971284888538,0.1639971284888538
6,maneuvering_circular,90,1.0,817.3415225557269,629.1006524188367,1526.8244452179638,477.0936985592731,709.4829226622369,-152.00695385956362,725.5839934638947,0.34802504671981604,348.02504671981603,0.18193898493737323,0.0,0.18193898493737323,0.4265430634031847,0.4265430634031847
6,maneuvering_circular,90,2.0,960.0,610.7106781186548,1671.032738397384,446.92961777938126,711.032738397384,-163.7810603392735,729.6518284762532,0.34982122694862017,349.82122694862016,1.3805627307603732,0.0,1.3805627307603732,1.1749735021524415,1.1749735021524415
6,maneuvering_circular,90,3.0,1102.658477444273,494.60095002604527,1815.2410315768043,416.7655369994894,712.5825541325312,-77.83541302655584,716.820931596627,0.344147702762439,344.147702762439,4.597234332921284,0.0,4.597234332921284,2.144116212550356,2.144116212550356
6,maneuvering_circular,90,4.0,1048.1677878438709,441.2311659404862,1959.4493247562245,386.60145621959754,911.2815369123537,-54.629709720888684,912.9175454012974,0.4282120448849438,428.2120448849438,10.831953791420105,0.0,10.831953791420105,3.291193368889179,3.291193368889179
6,maneuvering_circular,90,5.0,871.8322121561291,524.356553495977,2103.657617935645,356.43737543970565,1231.8254057795157,-167.91917805627133,1243.2178733765704,0.5561570806091227,556.1570806091228,21.084721106256836,0.0,21.084721106256836,4.591810221062804,4.591810221062804
6,maneuvering_circular,105,0.5,817.3415225557269,629.1006524188367,1528.8348390771037,477.57644674818533,711.4933165213768,-151.52420567065138,727.449190224795,0.34884892844565707,348.84892844565707,0.026894421454143263,0.0,0.026894421454143263,0.16399518728957646,0.16399518728957646
6,maneuvering_circular,105,1.0,871.832212156129,638.7688340595138,1601.7219848285422,462.6694278308272,729.8897726724132,-176.09940622868658,750.832924907987,0.35913573803746357,359.13573803746357,0.1819374075447705,0.0,0.1819374075447705,0.4265412143565619,0.4265412143565619
6,maneuvering_circular,105,2.0,1048.1677878438709,555.6434465040231,1747.4962763314188,432.855389996111,699.3284884875479,-122.78805650791213,710.0262260165244,0.3411338447976212,341.13384479762124,1.3805579054284078,0.0,1.3805579054284078,1.1749714487715894,1.1749714487715894
6,maneuvering_circular,105,3.0,1102.658477444273,450.89934758116317,1893.2705678342957,403.04135216139474,790.6120903900226,-47.85799541976843,792.0592561143893,0.37707896363093957,377.07896363093954,4.59722443758189,0.0,4.59722443758189,2.1441139049924307,2.1441139049924307
6,maneuvering_circular,105,4.0,960.0,469.2893218813453,2039.0448593371725,373.22731432667854,1079.0448593371725,-96.06200755466676,1083.3123823521132,0.4964146541980868,496.4146541980868,10.831937004005214,0.0,10.831937004005214,3.291190818534412,3.291190818534412
6,maneuvering_circular,105,5.0,817.341522555727,585.3990499739547,2184.8191508400496,343.4132764919623,1367.4776282843227,-241.9857734819924,1388.7232187969619,0.6069317773280852,606.9317773280852,21.084695604698382,0.0,21.084695604698382,4.591807444209565,4.591807444209565
6,maneuvering_circular,120,0.5,871.832212156129,638.7688340595138,1604.960458926895,464.3604030229631,733.1282467707659,-174.40843103655067,753.5883007516826,0.36034269545791164,360.34269545791165,0.026894324737073164,0.0,0.026894324737073164,0.16399489241154178,0.16399489241154178
6,maneuvering_circular,120,1.0,960.0,610.7106781186548,1679.1040603515196,450.10070993434846,719.1040603515196,-160.6099681843063,736.8216958628497,0.352981402683129,352.981402683129,0.18193716013696426,0.0,0.18193716013696426,0.4265409243401672,0.4265409243401672
6,maneuvering_circular,120,2.0,1102.658477444273,494.60095002604527,1827.3912632007687,421.5813237571191,724.7327857564956,-73.01962626892617,728.4020020365294,0.34926960745406366,349.26960745406365,1.3805571287499367,0.0,1.3805571287499367,1.1749711182620348,1.1749711182620348
6,maneuvering_circular,120,3.0,1048.1677878438709,441.2311659404862,1975.6784660500175,393.0619375798898,927.5106782061466,-48.169228360596435,928.7606434099591,0.4347480425746418,434.7480425746418,4.597222827780496,0.0,4.597222827780496,2.1441135295922407,2.1441135295922407
6,maneuvering_circular,120,4.0,871.8322121561291,524.356553495977,2123.9656688992663,364.5425514026605,1252.1334567431372,-159.8140020933165,1262.2910554862538,0.5630063701987416,563.0063701987416,10.831934257228642,0.0,10.831934257228642,3.291190401242177,3.291190401242177
6,maneuvering_circular,120,5.0,817.3415225557269,629.1006524188368,2272.2528717485156,336.02316522543117,1454.9113491927887,-293.07748719340566,1484.136600016852,0.6384054645166253,638.4054645166253,21.084691417094376,0.0,21.084691417094376,4.5918069882230865,4.5918069882230865
6,maneuvering_circular,135,0.5,960.0,610.7106781186548,1681.1593562417906,451.83161261928694,721.1593562417906,-158.8790654993678,738.4533665364567,0.35369955032718414,353.69955032718417,0.026894306461732104,0.0,0.026894306461732104,0.16399483669229378,0.16399483669229378
6,maneuvering_circular,135,1.0,1048.1677878438709,555.6434465040231,1756.0748368508914,438.22506733153557,707.9070490070205,-117.41837917248756,717.5788916915841,0.3444835011712226,344.4835011712226,0.18193711289463962,0.0,0.18193711289463962,0.4265408689617439,0.4265408689617439
6,maneuvering_circular,135,2.0,1102.658477444273,450.89934758116317,1905.9057980690932,411.0119767560329,803.2473206248201,-39.88737082513029,804.2370673142925,0.3823313639974596,382.3313639974596,1.380556980235919,0.0,1.380556980235919,1.1749710550630255,1.1749710550630255
6,maneuvering_circular,135,3.0,960.0,469.2893218813453,2055.7367592872947,383.7988861805302,1095.7367592872947,-85.49043570081511,1099.0667223830126,0.5024848763746432,502.48487637464325,4.597222520211151,0.0,4.597222520211151,2.144113457868112,2.144113457868112
6,maneuvering_circular,135,4.0,817.341522555727,585.3990499739547,2205.5677205054963,356.58579560502756,1388.2261979497694,-228.81325436892712,1406.9568159858254,0.6130566534719399,613.05665347194,10.831933732820335,0.0,10.831933732820335,3.291190321573691,3.291190321573691
6,maneuvering_circular,135,5.0,871.832212156129,638.7688340595138,2355.3986817236982,329.37270502952487,1483.5664695675691,-309.3961290299889,1515.4852141422966,0.648437989384093,648.437989384093,21.084690618063473,0.0,21.084690618063473,4.591806901216935,4.591806901216935
6,maneuvering_circular,150,0.5,1048.1677878438709,555.6434465040231,1756.5828129603847,440.2972224756847,708.4150251165138,-115.34622402833844,717.7441042658772,0.3445566844194292,344.5566844194292,0.02689430331930414,0.0,0.02689430331930414,0.1639948271114188,0.1639948271114188
6,maneuvering_circular,150,1.0,1102.658477444273,494.60095002604527,1831.682367863425,427.48154331934234,729.0238904191519,-67.11940670670293,732.1071284713292,0.35090424405224924,350.9042440522492,0.1819371050472166,0.0,0.1819371050472166,0.4265408597628328,0.4265408597628328
6,maneuvering_circular,150,2.0,1048.1677878438709,441.2311659404862,1981.8814776695058,401.8501850066576,933.7136898256349,-39.380980933828596,934.5438011281828,0.4371240431675389,437.1240431675389,1.3805569561656608,0.0,1.3805569561656608,1.1749710448201098,1.1749710448201098
6,maneuvering_circular,150,3.0,871.8322121561291,524.356553495977,2132.0805874755865,376.2188266939729,1260.2483753194574,-148.13772680200407,1268.9250386044864,0.5653749041333518,565.3749041333518,4.597222470834264,0.0,4.597222470834264,2.1441134463535887,2.1441134463535887
6,maneuvering_circular,150,4.0,817.3415225557269,629.1006524188368,2282.2796972816673,350.5874683812882,1464.9381747259404,-278.5131840375486,1491.1785437874644,0.6406722612420044,640.6722612420044,10.831933649053026,0.0,10.831933649053026,3.291190308847701,3.291190308847701
6,maneuvering_circular,150,5.0,959.9999999999999,610.7106781186548,2432.478807087748,324.9561100686035,1472.478807087748,-285.75456805005126,1499.9498359892002,0.6434850561165659,643.4850561165659,21.08469049082195,0.0,21.08469049082195,4.591806887361657,4.591806887361657
6,maneuvering_circular,165,0.5,1102.658477444273,494.60095002604527,1833.36637699203,429.2112751658986,730.7078995477568,-65.38967486014667,733.6278648196308,0.3515746009181183,351.57460091811834,0.02689430286337469,0.0,0.02689430286337469,0.16399482572134613,0.16399482572134613
6,maneuvering_circular,165,1.0,1102.658477444273,450.89934758116317,1909.1104484493349,417.0689377965483,806.4519710050618,-33.83040978461486,807.1612466937098,0.38358930511349487,383.58930511349485,0.1819371039063597,0.0,0.1819371039063597,0.42654085842549677,0.42654085842549677
6,maneuvering_circular,165,2.0,960.0,469.2893218813453,2060.5985913639447,392.78426305784785,1100.5985913639447,-76.50505882349745,1103.2544055374926,0.5040916444199364,504.09164441993636,1.3805569526400288,0.0,1.3805569526400288,1.174971043319804,1.174971043319804
6,maneuvering_circular,165,3.0,817.341522555727,585.3990499739547,2212.0867342785546,368.49958831914734,1394.7452117228277,-216.89946165480734,1411.5096818973298,0.6145778406526523,614.5778406526523,4.59722246357063,0.0,4.59722246357063,2.144113444659734,2.144113444659734
6,maneuvering_circular,165,4.0,871.832212156129,638.7688340595138,2363.5748771931644,344.2149135804468,1491.7426650370353,-294.55392047906696,1520.5453596527086,0.6500432714255007,650.0432714255006,10.831933636698162,0.0,10.831933636698162,3.291190306970741,3.291190306970741
6,maneuvering_circular,165,5.0,1048.1677878438709,555.643446504023,2515.0630201077743,319.93023884174636,1466.8952322639034,-235.71320766227666,1485.7127376128303,0.638913486207205,638.913486207205,21.08469047202263,0.0,21.08469047202263,4.591806885314607,4.591806885314607
6,maneuvering_circular,180,0.5,1102.658477444273,450.89934758116317,1910.8335987727755,419.08116405100395,808.1751213285024,-31.818183530159217,808.8012262215597,0.3842942430530467,384.2942430530467,0.026894302785238737,0.0,0.026894302785238737,0.16399482548311925,0.16399482548311925
6,maneuvering_circular,180,1.0,1048.1677878438709,441.2311659404862,1987.227878488387,407.704183186247,939.0600906445161,-33.526982754239214,939.6584019812145,0.43922098210051264,439.22098210051263,0.18193710370361182,0.0,0.18193710370361182,0.42654085818783155,0.42654085818783155
6,maneuvering_circular,180,2.0,871.8322121561291,524.356553495977,2140.0164379196103,384.9502214567332,1268.1842257634812,-139.4063320392438,1275.823403096195,0.5678303031769636,567.8303031769636,1.3805569519990273,0.0,1.3805569519990273,1.1749710430470306,1.1749710430470306
6,maneuvering_circular,180,3.0,817.3415225557269,629.1006524188368,2292.804997350833,362.1962597272193,1475.4634747951063,-266.90439269161755,1499.4100240736457,0.6433122897634109,643.312289763411,4.597222462239335,0.0,4.597222462239335,2.1441134443492804,2.1441134443492804
6,maneuvering_circular,180,4.0,959.9999999999999,610.7106781186548,2445.5935567820566,339.4422979977054,1485.5935567820566,-271.26838012094936,1510.1571938065936,0.6467434953694441,646.7434953694441,10.831933634424535,0.0,10.831933634424535,3.2911903066253303,3.2911903066253303
6,maneuvering_circular,180,5.0,1102.658477444273,494.60095002604527,2598.38211621328,316.6883362681915,1495.7236387690068,-177.91261375785376,1506.26760627272,0.6455037277288866,645.5037277288866,21.084690468554626,0.0,21.084690468554626,4.591806884936977,4.591806884936977
6,maneuvering_circular,195,0.5,1048.1677878438709,441.2311659404862,1987.0043589548302,409.79508524298876,938.8365711109593,-31.43608069749746,939.3627278240301,0.43909987068181966,439.09987068181965,0.026894302770518644,0.0,0.026894302770518644,0.16399482543823948,0.16399482543823948
6,maneuvering_circular,195,1.0,960.0,469.2893218813453,2063.1144574748923,399.22033661982374,1103.1144574748923,-70.06898526152156,1105.3375814590333,0.5048898772118771,504.88987721187704,0.18193710366617777,0.0,0.18193710366617777,0.4265408581439506,0.4265408581439506
6,maneuvering_circular,195,2.0,817.341522555727,585.3990499739547,2215.334654515016,378.07083937349364,1397.9931319592893,-207.32821060046103,1413.2833346205325,0.6151695647616524,615.1695647616524,1.3805569518828344,0.0,1.3805569518828344,1.1749710429975857,1.1749710429975857
6,maneuvering_circular,195,3.0,871.832212156129,638.7688340595138,2367.55485155514,356.9213421271636,1495.7226393990109,-281.8474919323502,1522.0460645852015,0.6505186037010176,650.5186037010176,4.597222461999943,0.0,4.597222461999943,2.144113444293455,2.144113444293455
6,maneuvering_circular,195,4.0,1048.1677878438709,555.643446504023,2519.775048595264,335.7718448808335,1471.607260751393,-219.87160162318952,1487.9420187280703,0.6396313753651226,639.6313753651226,10.831933634017501,0.0,10.831933634017501,3.291190306563493,3.291190306563493
6,maneuvering_circular,195,5.0,1102.658477444273,450.89934758116317,2671.9952456353876,314.62234763450346,1569.3367681911145,-136.2769999466597,1575.242620268698,0.6671472520542187,667.1472520542186,21.08469046793551,0.0,21.08469046793551,4.591806884869562,4.591806884869562
6,maneuvering_circular,210,0.5,960.0,469.2893218813453,1968.288608269865,401.24508481763365,1008.2886082698651,-68.04423706371165,1010.5819787451012,0.4678714360372235,467.8714360372235,0.026894302768253747,0.0,0.026894302768253747,0.16399482543133412,0.16399482543133412
6,maneuvering_circular,210,1.0,871.8322121561291,524.356553495977,2006.8578738241577,391.4625326326534,1135.0256616680285,-132.8940208633236,1142.7791008879044,0.5191166979328969,519.116697932897,0.18193710366056662,0.0,0.18193710366056662,0.4265408581373731,0.4265408581373731
6,maneuvering_circular,210,2.0,817.3415225557269,629.1006524188368,2083.9964049327427,371.89742826269287,1266.6548823770158,-257.20322415614396,1292.5045800947273,0.5737361132818595,573.7361132818595,1.3805569518656706,0.0,1.3805569518656706,1.1749710429902818,1.1749710429902818
6,maneuvering_circular,210,3.0,959.9999999999999,610.7106781186548,2161.1349360413283,352.33232389273235,1201.1349360413283,-258.3783542259224,1228.6108043280028,0.550871828465119,550.8718284651189,4.597222461964746,0.0,4.597222461964746,2.144113444285247,2.144113444285247
6,maneuvering_circular,210,4.0,1102.658477444273,494.60095002604527,2238.2734671499134,332.7672195227718,1135.6149897056403,-161.83373050327344,1147.0882970254502,0.5207394804696349,520.7394804696349,10.83193363395779,0.0,10.83193363395779,3.291190306554422,3.291190306554422
6,maneuvering_circular,210,5.0,1048.167787843871,441.2311659404862,2315.4119982584984,313.2021151528113,1267.2442104146273,-128.02905078767492,1273.6951466795285,0.5670735912843684,567.0735912843684,21.08469046784481,0.0,21.08469046784481,4.591806884859685,4.591806884859685
6,maneuvering_circular,225,0.5,871.8322121561291,524.356553495977,1923.2640543440184,393.2770960518053,1051.4318421878893,-131.07945744417168,1059.5710183515198,0.4871911114280345,487.1911114280345,0.02689430276791021,0.0,0.02689430276791021,0.1639948254302867,0.1639948254302867
6,maneuvering_circular,225,1.0,817.341522555727,585.3990499739547,1930.2422056836826,384.1921007607533,1112.9006831279557,-201.20694921320137,1130.9430431804929,0.5146438922659847,514.6438922659847,0.18193710365968813,0.0,0.18193710365968813,0.4265408581363433,0.4265408581363433
6,maneuvering_circular,225,2.0,871.832212156129,638.7688340595138,1944.1985083630111,366.0221101786493,1072.366296206882,-272.74672388086447,1106.5081331053154,0.5053381012192667,505.3381012192667,1.3805569518629135,0.0,1.3805569518629135,1.1749710429891085,1.1749710429891085
6,maneuvering_circular,225,3.0,1048.1677878438709,555.643446504023,1958.1548110423396,347.8521195965453,909.9870231984687,-207.7913269074777,933.4096731487094,0.43665850325736427,436.65850325736426,4.597222461959031,0.0,4.597222461959031,2.1441134442839145,2.1441134442839145
6,maneuvering_circular,225,4.0,1102.658477444273,450.89934758116317,1972.111113721668,329.6821290144414,869.452636277395,-121.21721856672178,877.8618916474074,0.41361086640954264,413.61086640954267,10.831933633948042,0.0,10.831933633948042,3.291190306552941,3.291190306552941
6,maneuvering_circular,225,5.0,960.0000000000001,469.28932188134524,1986.0674164009963,311.5121384323374,1026.067416400996,-157.77718344900785,1038.1271514688926,0.47878189970506163,478.7818997050616,21.084690467829944,0.0,21.084690467829944,4.591806884858067,4.591806884858067
6,maneuvering_circular,240,0.5,817.341522555727,585.3990499739547,1903.4381884100399,386.6096455346114,1086.096665854313,-198.7894044393433,1104.1391193582465,0.504430735632748,504.430735632748,0.026894302767845355,0.0,0.026894302767845355,0.16399482543008898,0.16399482543008898
6,maneuvering_circular,240,1.0,817.3415225557269,629.1006524188368,1900.5707253072208,378.46462916644765,1083.2292027514939,-250.63602325238918,1111.8470766456192,0.5073796548426085,507.3796548426085,0.18193710365952045,0.0,0.18193710365952045,0.4265408581361467,0.4265408581361467
6,maneuvering_circular,240,2.0,959.9999999999999,610.7106781186548,1894.8357991015823,362.1745964301202,934.8357991015824,-248.53608168853458,967.3097514152249,0.4504862147496573,450.4862147496573,1.3805569518623861,0.0,1.3805569518623861,1.174971042988884,1.174971042988884
6,maneuvering_circular,240,3.0,1102.658477444273,494.60095002604527,1889.100872895944,345.8845636937927,786.4423954516708,-148.71638633225257,800.3800378117172,0.38067017577979745,380.67017577979743,4.59722246195794,0.0,4.59722246195794,2.14411344428366,2.14411344428366
6,maneuvering_circular,240,4.0,1048.167787843871,441.2311659404862,1883.3659466903052,329.5945309574653,835.1981588464341,-111.63663498302094,842.6260753209609,0.39874361705361017,398.7436170536102,10.83193363394618,0.0,10.83193363394618,3.291190306552658,3.291190306552658
6,maneuvering_circular,240,5.0,871.8322121561291,524.356553495977,1877.6310204846668,313.3044982211378,1005.7988083285377,-211.05205527483918,1027.7033681324783,0.47466745034436747,474.66745034436747,21.08469046782711,0.0,21.08469046782711,4.591806884857758,4.591806884857758
6,maneuvering_circular,255,0.5,817.3415225557269,629.1006524188368,1900.2488152306344,380.1642944589936,1082.9072926749075,-248.93635795984324,1111.1514365030578,0.5071139116036051,507.11391160360506,0.02689430276783418,0.0,0.02689430276783418,0.1639948254300549,0.1639948254300549
6,maneuvering_circular,255,1.0,871.832212156129,638.7688340595138,1897.3581507855972,372.6780583043754,1025.5259386294683,-266.0907757551384,1059.4846632886308,0.4871573960976916,487.1573960976916,0.18193710365949253,0.0,0.18193710365949253,0.42654085813611403,0.42654085813611403
6,maneuvering_circular,255,2.0,1048.1677878438709,555.643446504023,1891.576821895523,357.70558599513896,843.409034051652,-197.93786050888406,866.3245323449955,0.40876379709597277,408.7637970959728,1.3805569518623007,0.0,1.3805569518623007,1.1749710429888478,1.1749710429888478
6,maneuvering_circular,255,3.0,1102.658477444273,450.89934758116317,1885.7954930054486,342.7331136859026,783.1370155611755,-108.16623389526058,790.5716408379124,0.3764358346542953,376.4358346542953,4.597222461957764,0.0,4.597222461957764,2.144113444283619,2.144113444283619
6,maneuvering_circular,255,4.0,960.0000000000001,469.28932188134524,1880.0141641153743,327.7606413766662,920.0141641153742,-141.52868050467907,930.8364139731032,0.43560147446743375,435.6014744674338,10.831933633945882,0.0,10.831933633945882,3.291190306552613,3.291190306552613
6,maneuvering_circular,255,5.0,817.341522555727,585.3990499739547,1874.2328352253,312.78816906742975,1056.891312669573,-272.6108809065249,1091.483366426188,0.4995679922208878,499.56799222088785,21.084690467826654,0.0,21.084690467826654,4.591806884857709,4.591806884857709
6,maneuvering_circular,270,0.5,871.832212156129,638.7688340595138,1899.7580309501914,374.6901521493922,1027.9258187940623,-264.0786819101216,1061.3053468172252,0.48786798472049314,487.86798472049315,0.026894302767832563,0.0,0.026894302767832563,0.16399482543004998,0.16399482543004998
6,maneuvering_circular,270,1.0,959.9999999999999,610.7106781186548,1897.8051418401865,367.9845012612563,937.8051418401866,-242.72617685739846,968.7076344252179,0.4510524985002464,451.05249850024643,0.18193710365948848,0.0,0.18193710365948848,0.42654085813610926,0.42654085813610926
6,maneuvering_circular,270,2.0,1102.658477444273,494.60095002604527,1893.8993636201767,354.5731994849845,791.2408861759036,-140.02775054106075,803.5358802679684,0.382029533687294,382.02953368729396,1.380556951862288,0.0,1.380556951862288,1.1749710429888423,1.1749710429888423
6,maneuvering_circular,270,3.0,1048.167787843871,441.2311659404862,1889.993585400167,341.1618977087128,841.8257975562958,-100.06926823177344,847.7526360181585,0.40091849382144795,400.91849382144795,4.597222461957738,0.0,4.597222461957738,2.144113444283613,2.144113444283613
6,maneuvering_circular,270,4.0,871.8322121561291,524.356553495977,1886.0878071801574,327.750595932441,1014.2555950240283,-196.60595756353598,1033.135186985237,0.47681366599122116,476.81366599122117,10.831933633945837,0.0,10.831933633945837,3.2911903065526062,3.2911903065526062
6,maneuvering_circular,270,5.0,817.3415225557269,629.1006524188368,1882.1820289601476,314.3392941561692,1064.8405064044207,-314.7613582626676,1110.3873273479767,0.5068219218843855,506.82192188438546,21.084690467826587,0.0,21.084690467826587,4.591806884857701,4.591806884857701
6,maneuvering_circular,285,0.5,959.9999999999999,610.7106781186548,1901.2489015154645,370.06042881165985,941.2489015154646,-240.6502493069949,971.5256234889472,0.45219312467238537,452.19312467238535,0.026894302767832286,0.0,0.026894302767832286,0.16399482543004912,0.16399482543004912
6,maneuvering_circular,285,1.0,1048.1677878438709,555.643446504023,1900.6166290398571,364.1601641461878,852.4488411959862,-191.4832823578352,873.6903766660762,0.41186069704814376,411.8606970481438,0.18193710365948776,0.0,0.18193710365948776,0.4265408581361084,0.4265408581361084
6,maneuvering_circular,285,2.0,1102.658477444273,450.89934758116317,1899.3520840886426,352.3596348152438,796.6936066443695,-98.53971276591938,802.7644597638857,0.3816973863614576,381.69738636145763,1.3805569518622858,0.0,1.3805569518622858,1.1749710429888414,1.1749710429888414
6,maneuvering_circular,285,3.0,960.0000000000001,469.28932188134524,1898.0875391374282,340.5591054842997,938.087539137428,-128.73021639704552,946.8789255752531,0.4421743082724629,442.1743082724629,4.597222461957733,0.0,4.597222461957733,2.1441134442836116,2.1441134442836116
6,maneuvering_circular,285,4.0,817.341522555727,585.3990499739547,1896.8229941862137,328.75857615335565,1079.4814716304868,-256.640473820599,1109.5695473454484,0.5065093179647422,506.5093179647422,10.83193363394583,0.0,10.83193363394583,3.291190306552605,3.291190306552605
6,maneuvering_circular,285,5.0,871.8322121561289,638.7688340595138,1895.5584492349992,316.95804682241163,1023.7262370788703,-321.81078723710215,1073.1158331074175,0.49246445279991363,492.46445279991366,21.084690467826576,0.0,21.084690467826576,4.5918068848577,4.5918068848577
7,maneuvering_circular,60,0.5,960.0,469.28932188134524,1381.6170974748181,322.01830614321904,421.61709747481814,-147.2710157381262,446.59795001727196,0.2196947936690521,219.6947936690521,0.026923681667961934,0.0,0.026923681667961934,0.16408437362516254,0.16408437362516254
7,maneuvering_circular,60,1.0,871.832212156129,524.3565534959769,1465.9254149804299,264.130171610338,594.0932028243009,-260.2263818856389,648.5865427769268,0.31359255449258727,313.5925544925873,0.1820332159771057,0.0,0.1820332159771057,0.42665350810359653,0.42665350810359653
7,maneuvering_circular,60,2.0,817.3415225557269,629.1006524188367,1634.5420499916536,148.35390254457596,817.2005274359267,-480.7467498742608,948.1213738526423,0.4426816623069608,442.68166230696085,1.380903720833625,0.0,1.380903720833625,1.175118598624677,1.175118598624677
7,maneuvering_circular,60,3.0,960.0,610.7106781186548,1803.158685002877,32.57763347881394,843.1586850028771,-578.1330446398408,1022.3279245918665,0.47253883894582016,472.53883894582015,4.5979761406744535,0.0,4.5979761406744535,2.1442891924072307,2.1442891924072307
7,maneuvering_circular,60,4.0,1102.658477444273,494.60095002604527,1971.7753200141005,-83.19863558694811,869.1168425698274,-577.7995856129934,1043.655329681736,0.4809568686059097,480.9568686059097,10.83325047549959,0.0,10.83325047549959,3.2913903559893334,3.2913903559893334
7,maneuvering_circular,60,5.0,1048.1677878438709,441.2311659404862,2140.391955025324,-198.97490465271017,1092.2241671814531,-640.2060705931964,1266.0242668288786,0.5643401138113182,564.3401138113182,21.086726725309035,0.0,21.086726725309035,4.592028606760746,4.592028606760746
7,maneuvering_circular,75,0.5,871.832212156129,524.3565534959769,1467.8947776349767,265.97320042270667,596.0625654788477,-258.3833530732702,649.6557081336327,0.31407619109722346,314.07619109722344,0.026905921712807424,0.0,0.026905921712807424,0.1640302463352641,0.1640302463352641
7,maneuvering_circular,75,1.0,817.341522555727,585.3990499739547,1552.967368905099,208.80839457930023,735.625846349372,-376.59065539465445,826.4175140616304,0.3918411221102257,391.8411221102257,0.18196623105496576,0.0,0.18196623105496576,0.4265750005039744,0.4265750005039744
7,maneuvering_circular,75,2.0,871.832212156129,638.7688340595138,1723.1125514453438,94.47878289248737,851.2803392892148,-544.2900511670264,1010.4107461125723,0.467803230849648,467.803230849648,1.380644968397748,0.0,1.380644968397748,1.175008497159807,1.175008497159807
7,maneuvering_circular,75,3.0,1048.1677878438709,555.6434465040231,1893.2577339855889,-19.85082879432548,845.089946141718,-575.4942752983486,1022.4337034600255,0.47258077090379064,472.58077090379066,4.597401197285151,0.0,4.597401197285151,2.144155124352049,2.144155124352049
7,maneuvering_circular,75,4.0,1102.658477444273,450.89934758116317,2063.4029165258335,-134.18044048113836,960.7444390815604,-585.0797880623015,1124.8769868857526,0.5123427360008065,512.3427360008064,10.832234917717175,0.0,10.832234917717175,3.2912360774817073,3.2912360774817073
7,maneuvering_circular,75,5.0,960.0,469.2893218813453,2233.5480990660785,-248.5100521679512,1273.5480990660785,-717.7993740492965,1461.9031096554875,0.6311982306333337,631.1982306333337,21.08514612969382,0.0,21.08514612969382,4.5918565014266095,4.5918565014266095
7,maneuvering_circular,90,0.5,817.341522555727,585.3990499739547,1554.7456112429447,210.8299596711457,737.4040886872177,-374.56909030280895,827.0833050079659,0.39212543454134785,392.12543454134783,0.02689518025224945,0.0,0.02689518025224945,0.16399750075000977,0.16399750075000977
7,maneuvering_circular,90,1.0,817.3415225557269,629.1006524188367,1640.5127781059593,154.44952918752188,823.1712555502324,-474.65112323131484,950.2129260060058,0.44353519709098543,443.53519709098543,0.1819387583347914,0.0,0.1819387583347914,0.4265427977762506,0.4265427977762506
7,maneuvering_circular,90,2.0,960.0,610.7106781186548,1812.0471118319883,41.68866822027425,852.0471118319883,-569.0220098983805,1024.5830022648363,0.4734323882382452,473.4323882382452,1.3805609584914145,0.0,1.3805609584914145,1.174972747978188,1.174972747978188
7,maneuvering_circular,90,3.0,1102.658477444273,494.60095002604527,1983.581445558017,-71.07219274697337,880.922968113744,-565.6731427730186,1046.905621441127,0.48223334211065433,482.23334211065435,4.5972298839700905,0.0,4.5972298839700905,2.1441151750710805,2.1441151750710805
7,maneuvering_circular,90,4.0,1048.1677878438709,441.2311659404862,2155.115779284046,-183.83305371422102,1106.947991440175,-625.0642196547072,1271.2352789495678,0.5661980638443014,566.1980638443014,10.831945534770817,0.0,10.831945534770817,3.2911921145340055,3.2911921145340055
7,maneuvering_circular,90,5.0,871.8322121561291,524.356553495977,2326.650113010075,-296.5939146814687,1454.817900853946,-820.9504681774456,1670.4654428768795,0.6958581799547577,695.8581799547577,21.0847079108936,0.0,21.0847079108936,4.591808784225841,4.591808784225841
7,maneuvering_circular,105,0.5,817.3415225557269,629.1006524188367,1642.685999172877,156.4716395422124,825.3444766171501,-472.6290128766243,951.0897375616928,0.4438928065557611,443.89280655576107,0.026894339656615973,0.0,0.026894339656615973,0.16399493789936315,0.16399493789936315
7,maneuvering_circular,105,1.0,871.832212156129,638.7688340595138,1729.2783997953952,100.88348753178761,857.4461876392662,-537.8853465277261,1012.1929710812874,0.46851289449355005,468.51289449355005,0.18193724865253083,0.0,0.18193724865253083,0.42654102809991307,0.42654102809991307
7,maneuvering_circular,105,2.0,1048.1677878438709,555.6434465040231,1902.463201040432,-10.292816489061948,854.2954131965612,-565.936262993085,1024.7460694139118,0.47349697008779756,473.49697008779754,1.3805575565398422,0.0,1.3805575565398422,1.174971300304753,1.174971300304753
7,maneuvering_circular,105,3.0,1102.658477444273,450.89934758116317,2075.6480022854685,-121.4691205099115,972.9895248411954,-572.3684680910746,1128.8552957379518,0.5138525800960292,513.8525800960292,4.597223850954462,0.0,4.597223850954462,2.1441137681929243,2.1441137681929243
7,maneuvering_circular,105,4.0,960.0,469.2893218813453,2248.8328035305053,-232.64542453076106,1288.8328035305053,-701.9347464121064,1467.5838591633974,0.6330469898921451,633.0469898921451,10.831936131896391,0.0,10.831936131896391,3.2911906860430302,3.2911906860430302
7,maneuvering_circular,105,5.0,817.341522555727,585.3990499739547,2422.017604775542,-343.8217285516106,1604.6760822198153,-929.2207785255653,1854.302182518263,0.7476148054460061,747.6148054460061,21.084694399365628,0.0,21.084694399365628,4.591807312961382,4.591807312961382
7,maneuvering_circular,120,0.5,871.832212156129,638.7688340595138,1731.3202042489686,102.78808969923114,859.4879920928396,-535.9807443602826,1012.9140964942603,0.46879989446700154,468.79989446700154,0.026894346178425954,0.0,0.026894346178425954,0.1639949577835427,0.1639949577835427
7,maneuvering_circular,120,1.0,960.0,610.7106781186548,1818.694816564868,47.952302012409675,858.694816564868,-562.7583761062451,1026.6712121575779,0.4742590892165143,474.25908921651427,0.1819372258267279,0.0,0.1819372258267279,0.42654100134304546,0.42654100134304546
7,maneuvering_circular,120,2.0,1102.658477444273,494.60095002604527,1993.4440411966666,-61.719273361233235,890.7855637523935,-556.3202233872785,1050.2338365998978,0.483538652854899,483.538652854899,1.3805573519365804,0.0,1.3805573519365804,1.1749712132374053,1.1749712132374053
7,maneuvering_circular,120,3.0,1048.1677878438709,441.2311659404862,2168.1932658284654,-171.39084873487616,1120.0254779845945,-612.6220146753624,1276.6216370559914,0.5681139309177956,568.1139309177956,4.597223300464098,0.0,4.597223300464098,2.14411363982045,2.14411363982045
7,maneuvering_circular,120,4.0,871.8322121561291,524.356553495977,2342.9424904602643,-281.06242410851905,1471.1102783041351,-805.418977604496,1677.1598553559354,0.6978266482105617,697.8266482105618,10.83193507140928,0.0,10.83193507140928,3.2911905249330795,3.2911905249330795
7,maneuvering_circular,120,5.0,817.3415225557269,629.1006524188368,2517.6917150920626,-390.733999482162,1700.3501925363357,-1019.8346519009988,1982.7388871145856,0.7810642099795077,781.0642099795076,21.084692664772128,0.0,21.084692664772128,4.591807124082209,4.591807124082209
7,maneuvering_circular,135,0.5,960.0,610.7106781186548,1821.113747066081,49.850778555002364,861.113747066081,-560.8598995636523,1027.65787708008,0.474649455919686,474.649455919686,0.02689431029035031,0.0,0.02689431029035031,0.16399484836527736,0.16399484836527736
7,maneuvering_circular,135,1.0,1048.1677878438709,555.6434465040231,1909.4188936983473,-4.249885683390389,861.2511058544765,-559.8933321874135,1027.2458375498456,0.47448645455150085,474.48645455150086,0.1819371204282437,0.0,0.1819371204282437,0.4265408777927899,0.4265408777927899
7,maneuvering_circular,135,2.0,1102.658477444273,450.89934758116317,2086.0291869628795,-112.4512141601759,983.3707095186064,-563.3505617413391,1133.30569916215,0.5155385487115175,515.5385487115175,1.380556998241727,0.0,1.380556998241727,1.17497106272526,1.17497106272526
7,maneuvering_circular,135,3.0,960.0,469.2893218813453,2262.6394802274117,-220.65254263696136,1302.6394802274117,-689.9418645183066,1474.072383521969,0.635152514082896,635.152514082896,4.597222552772139,0.0,4.597222552772139,2.1441134654612237,2.1441134654612237
7,maneuvering_circular,135,4.0,817.341522555727,585.3990499739547,2439.2497734919443,-328.8538711137469,1621.9082509362174,-914.2529210877016,1861.8390849298376,0.7496374772605545,749.6374772605545,10.831933784019478,0.0,10.831933784019478,3.2911903293519016,3.2911903293519016
7,maneuvering_circular,135,5.0,871.832212156129,638.7688340595138,2615.8600667564765,-437.0551995905324,1744.0278546003474,-1075.8240336500462,2049.153607956452,0.7975367974154753,797.5367974154753,21.08469069198375,0.0,21.08469069198375,4.591806909266084,4.591806909266084
7,maneuvering_circular,150,0.5,1048.1677878438709,555.6434465040231,1912.418270243717,-2.0211572771245727,864.2504823998461,-557.6646037811477,1028.5517520469016,0.4750029758135174,475.0029758135174,0.026894302965503228,0.0,0.026894302965503228,0.16399482603272345,0.16399482603272345
7,maneuvering_circular,150,1.0,1102.658477444273,494.60095002604527,2001.873302881946,-55.251018029634075,899.214825437673,-549.8519680556793,1054.004027061381,0.48501514555996567,485.0151455599657,0.18193710399615842,0.0,0.18193710399615842,0.42654085853076074,0.42654085853076074
7,maneuvering_circular,150,2.0,1048.1677878438709,441.2311659404862,2180.7833681584043,-161.71073953465307,1132.6155803145334,-602.9419054751393,1283.1044361817237,0.570413591430623,570.413591430623,1.380556952769864,0.0,1.380556952769864,1.1749710433750544,1.1749710433750544
7,maneuvering_circular,150,3.0,871.8322121561291,524.356553495977,2359.6934334348625,-268.1704610396721,1487.8612212787334,-792.5270145356491,1685.772844292443,0.7003497414870896,700.3497414870897,4.597222463826764,0.0,4.597222463826764,2.1441134447194634,2.1441134447194634
7,maneuvering_circular,150,4.0,817.3415225557269,629.1006524188368,2538.6034987113208,-374.6301825446911,1721.2619761555939,-1003.730834963528,1992.5406845571915,0.783529852626682,783.529852626682,10.831933637166856,0.0,10.831933637166856,3.2911903070419455,3.2911903070419455
7,maneuvering_circular,150,5.0,959.9999999999999,610.7106781186548,2717.513563987779,-481.08990404971007,1757.513563987779,-1091.8005821683648,2069.029347018598,0.8023611096273263,802.3611096273263,21.084690472790143,0.0,21.084690472790143,4.591806885398181,4.591806885398181
7,maneuvering_circular,165,0.5,1102.658477444273,494.60095002604527,2000.8397523994697,-43.86035005018029,898.1812749551966,-538.4613000762256,1047.2202129255918,0.4823567999011236,482.3567999011236,0.02689430287009558,0.0,0.02689430287009558,0.1639948257418373,0.1639948257418373
7,maneuvering_circular,165,1.0,1102.658477444273,450.89934758116317,2089.669376564905,-92.06629237793598,987.0108991206321,-542.9656399590991,1126.499978321843,0.5129590024317344,512.9590024317345,0.18193710399508148,0.0,0.18193710399508148,0.4265408585294983,0.4265408585294983
7,maneuvering_circular,165,2.0,960.0,469.2893218813453,2267.3286248957756,-188.47817703344737,1307.3286248957756,-657.7674989147927,1463.4774395597976,0.6317110865513014,631.7110865513014,1.3805569530754909,0.0,1.3805569530754909,1.1749710435051115,1.1749710435051115
7,maneuvering_circular,165,3.0,817.341522555727,585.3990499739547,2444.987873226646,-284.8900616889588,1627.6463506709192,-870.2891116629135,1845.707393042403,0.7452989347872837,745.2989347872837,4.597222464596484,0.0,4.597222464596484,2.14411344489896,2.14411344489896
7,maneuvering_circular,165,4.0,871.832212156129,638.7688340595138,2622.6471215575166,-381.30194634447014,1750.8149094013875,-1020.0707804039839,2026.3013704817408,0.7919304604014462,791.9304604014462,10.83193363855806,0.0,10.83193363855806,3.291190307253298,3.291190307253298
7,maneuvering_circular,165,5.0,1048.1677878438709,555.643446504023,2800.306369888387,-477.7138309999815,1752.1385820445162,-1033.3572775040045,2034.1624501645526,0.7938662491534326,793.8662491534326,21.08469047496022,0.0,21.08469047496022,4.59180688563448,4.59180688563448
7,maneuvering_circular,180,0.5,1102.658477444273,450.89934758116317,1978.9198060425358,-18.901346412448476,876.2613285982627,-469.8006939936116,994.256811932245,0.4613476960577466,461.3476960577466,0.026894302809035056,0.0,0.026894302809035056,0.1639948255556713,0.1639948255556713
7,maneuvering_circular,180,1.0,1048.1677878438709,441.2311659404862,2023.9077486902524,-38.696069936761425,975.7399608463816,-479.92723587724765,1087.3815443207016,0.4979863726745896,497.98637267458963,0.18193710376296904,0.0,0.18193710376296904,0.4265408582574113,0.4265408582574113
7,maneuvering_circular,180,2.0,871.8322121561291,524.356553495977,2113.883633985686,-78.28551698538732,1242.051421829557,-602.6420704813643,1380.5322160612152,0.6041632336084759,604.1632336084759,1.3805569521754013,0.0,1.3805569521754013,1.1749710431220852,1.1749710431220852
7,maneuvering_circular,180,3.0,817.3415225557269,629.1006524188368,2203.85951928112,-117.87496403401322,1386.517996725393,-746.9756164528501,1574.930070453451,0.667050799413271,667.050799413271,4.597222462593919,0.0,4.597222462593919,2.144113444431968,2.144113444431968
7,maneuvering_circular,180,4.0,959.9999999999999,610.7106781186548,2293.835404576553,-157.46441108263912,1333.8354045765532,-768.1750892012939,1539.2237830060037,0.6559350232736424,655.9350232736424,10.831933635018522,0.0,10.831933635018522,3.2911903067155692,3.2911903067155692
7,maneuvering_circular,180,5.0,1102.658477444273,494.60095002604527,2383.811289871987,-197.05385813126503,1281.1528124277138,-691.6548081573103,1455.9323138245702,0.6292496773014087,629.2496773014087,21.08469046944921,0.0,21.08469046944921,4.591806885034388,4.591806885034388
7,maneuvering_circular,195,0.5,1048.1677878438709,441.2311659404862,1926.377175788193,8.513161511397762,878.2093879443221,-432.71800442908847,979.0283961308954,0.4552238338583291,455.2238338583291,0.026894302770996012,0.0,0.026894302770996012,0.16399482543969493,0.16399482543969493
7,maneuvering_circular,195,1.0,960.0,469.2893218813453,1934.5077472815092,6.4546749994903845,974.5077472815092,-462.8346468818549,1078.8332864098759,0.4946814989384207,494.6814989384207,0.18193710366547416,0.0,0.18193710366547416,0.4265408581431258,0.4265408581431258
7,maneuvering_circular,195,2.0,817.341522555727,585.3990499739547,1950.7688902681418,2.33770197567563,1133.4273677124147,-583.0613479982791,1274.6050891978518,0.5673972150885888,567.3972150885887,1.3805569518768195,0.0,1.3805569518768195,1.1749710429950262,1.1749710429950262
7,maneuvering_circular,195,3.0,871.832212156129,638.7688340595138,1967.0300332547743,-1.7792710481391243,1095.1978210986454,-640.5481051076529,1268.7632333482181,0.5653172191946592,565.3172191946592,4.597222461984684,0.0,4.597222461984684,2.144113444289897,2.144113444289897
7,maneuvering_circular,195,4.0,1048.1677878438709,555.643446504023,1983.291176241407,-5.896244071953879,935.123388397536,-561.5396905759769,1090.77155061005,0.4992937189498463,499.2937189498463,10.831933633989067,0.0,10.831933633989067,3.2911903065591734,3.2911903065591734
7,maneuvering_circular,195,5.0,1102.658477444273,450.89934758116317,1999.5523192280393,-10.013217095768633,896.8938417837662,-460.9125646769318,1008.3942461689825,0.4669996672918662,466.9996672918662,21.084690467889967,0.0,21.084690467889967,4.591806884864603,4.591806884864603
7,maneuvering_circular,210,0.5,960.0,469.2893218813453,1903.2540128994715,18.32589591485673,943.2540128994715,-450.96342596648856,1045.5123836714652,0.4816863902239311,481.68639022393114,0.02689430276796023,0.0,0.02689430276796023,0.1639948254304392,0.1639948254304392
7,maneuvering_circular,210,1.0,871.8322121561291,524.356553495977,1899.9048231363622,20.573549386765087,1028.072610980233,-503.7830041092119,1144.8714376195328,0.5199050190310353,519.9050190310353,0.18193710365999044,0.0,0.18193710365999044,0.4265408581366977,0.4265408581366977
7,maneuvering_circular,210,2.0,817.3415225557269,629.1006524188368,1893.2064436101434,25.06885633058181,1075.8649210544165,-604.0317960882551,1233.8313251984769,0.5527647257467859,552.7647257467859,1.3805569518643868,0.0,1.3805569518643868,1.1749710429897355,1.1749710429897355
7,maneuvering_circular,210,3.0,959.9999999999999,610.7106781186548,1886.5080640839246,29.564163274398528,926.5080640839248,-581.1465148442562,1093.68572475285,0.5004160739089797,500.4160739089797,4.597222461962565,0.0,4.597222461962565,2.1441134442847387,2.1441134442847387
7,maneuvering_circular,210,4.0,1102.658477444273,494.60095002604527,1879.8096845577059,34.059470218215246,777.1512071134327,-460.54147980783,903.3617510950148,0.42425086402790685,424.25086402790686,10.831933633954524,0.0,10.831933633954524,3.2911903065539256,3.2911903065539256
7,maneuvering_circular,210,5.0,1048.167787843871,441.2311659404862,1873.111305031487,38.55477716203197,824.943517187616,-402.6763887784542,917.9760784625769,0.43030319311044707,430.30319311044707,21.084690467840264,0.0,21.084690467840264,4.59180688485919,4.59180688485919
7,maneuvering_circular,225,0.5,871.8322121561291,524.356553495977,1899.4768039565115,22.28902278356423,1027.6445918003824,-502.06753071241275,1143.7330162464639,0.5194761888589703,519.4761888589703,0.026894302767985392,0.0,0.026894302767985392,0.1639948254305159,0.1639948254305159
7,maneuvering_circular,225,1.0,817.341522555727,585.3990499739547,1896.0816982657248,25.201639186676594,1078.7401757099979,-560.197410787278,1215.5251974943208,0.5461077514890936,546.1077514890936,0.18193710365991958,0.0,0.18193710365991958,0.4265408581366146,0.4265408581366146
7,maneuvering_circular,225,2.0,871.832212156129,638.7688340595138,1889.2914868841513,31.026871992901324,1017.4592747280223,-607.7419620666125,1185.1471082471783,0.5349409832685414,534.9409832685415,1.3805569518637018,0.0,1.3805569518637018,1.174971042989444,1.174971042989444
7,maneuvering_circular,225,3.0,1048.1677878438709,555.643446504023,1882.5012755025778,36.85210479912605,834.3334876587069,-518.7913417048969,982.4748469333496,0.456613006911275,456.61300691127497,4.597222461960703,0.0,4.597222461960703,2.1441134442843044,2.1441134442843044
7,maneuvering_circular,225,4.0,1102.658477444273,450.89934758116317,1875.7110641210043,42.67733760535078,773.0525866767312,-408.2220099758124,874.2170847085278,0.4120818266424664,412.0818266424664,10.831933633950921,0.0,10.831933633950921,3.2911903065533785,3.2911903065533785
7,maneuvering_circular,225,5.0,960.0000000000001,469.28932188134524,1868.9208527394305,48.502570411575505,908.9208527394304,-420.78675146976974,1001.5980265341257,0.4642866152976501,464.2866152976501,21.08469046783436,0.0,21.08469046783436,4.591806884858547,4.591806884858547
7,maneuvering_circular,240,0.5,817.341522555727,585.3990499739547,1898.295815579437,27.116005986312356,1080.9542930237099,-558.2830439876424,1216.6109241702936,0.5465040873331655,546.5040873331654,0.02689430276785911,0.0,0.02689430276785911,0.1639948254301309,0.1639948254301309
7,maneuvering_circular,240,1.0,817.3415225557269,629.1006524188368,1895.7531681303713,30.756480121381884,1078.4116455746444,-598.344172297455,1233.2831896338078,0.5525661857364443,552.5661857364444,0.18193710365954768,0.0,0.18193710365954768,0.42654085813617865,0.42654085813617865
7,maneuvering_circular,240,2.0,959.9999999999999,610.7106781186548,1890.66787323224,38.03742839152094,930.6678732322401,-572.6732497271338,1092.7476109420954,0.5000549221645587,500.0549221645587,1.3805569518624516,0.0,1.3805569518624516,1.174971042988912,1.174971042988912
7,maneuvering_circular,240,3.0,1102.658477444273,494.60095002604527,1885.5825783341086,45.31837666166,782.9241008898355,-449.28257336438526,902.6765636057478,0.42396628485116045,423.9662848511604,4.597222461958059,0.0,4.597222461958059,2.144113444283688,2.144113444283688
7,maneuvering_circular,240,4.0,1048.167787843871,441.2311659404862,1880.4972834359771,52.599324931799046,832.329495592106,-388.63184100868716,918.5897327307829,0.4305565994352247,430.55659943522465,10.831933633946367,0.0,10.831933633946367,3.2911903065526866,3.2911903065526866
7,maneuvering_circular,240,5.0,871.8322121561291,524.356553495977,1875.411988537846,59.8802732019381,1003.5797763817168,-464.4762802940389,1105.8528756205153,0.5050872194306837,505.08721943068366,21.08469046782738,0.0,21.08469046782738,4.591806884857787,4.591806884857787
7,maneuvering_circular,255,0.5,817.3415225557269,629.1006524188368,1898.135722216469,32.79989138515699,1080.7941996607422,-596.3007610336798,1234.3786694647838,0.5529629306230166,552.9629306230166,0.02689430276783294,0.0,0.02689430276783294,0.16399482543005112,0.16399482543005112
7,maneuvering_circular,255,1.0,871.832212156129,638.7688340595138,1896.5277682861426,37.22488524660039,1024.6955561300138,-601.5439488129134,1188.2155129041328,0.5360757037170427,536.0757037170428,0.18193710365948884,0.0,0.18193710365948884,0.4265408581361097,0.4265408581361097
7,maneuvering_circular,255,2.0,1048.1677878438709,555.643446504023,1893.31186042549,46.07487296948718,845.1440725816192,-509.56857353453586,986.8782268111233,0.45838513758597577,458.38513758597577,1.3805569518622884,0.0,1.3805569518622884,1.1749710429888425,1.1749710429888425
7,maneuvering_circular,255,3.0,1102.658477444273,450.89934758116317,1890.0959525648373,54.92486069237397,787.4374751205642,-395.9744868887892,881.3929722269681,0.4150902419266794,415.0902419266794,4.597222461957739,0.0,4.597222461957739,2.1441134442836134,2.1441134442836134
7,maneuvering_circular,255,4.0,960.0000000000001,469.28932188134524,1886.8800447041847,63.77484841526076,926.8800447041846,-405.5144734660845,1011.7057899712282,0.4683189545728795,468.3189545728795,10.83193363394584,0.0,10.83193363394584,3.2911903065526062,3.2911903065526062
7,maneuvering_circular,255,5.0,817.341522555727,585.3990499739547,1883.6641368435319,72.62483613814756,1066.3226142878048,-512.7742138358071,1183.2080595214472,0.5342231197115658,534.2231197115658,21.08469046782659,0.0,21.08469046782659,4.591806884857702,4.591806884857702
7,maneuvering_circular,270,0.5,871.832212156129,638.7688340595138,1899.5356646157288,39.241731326877456,1027.7034524595997,-599.5271027326363,1189.7928950487012,0.5366584375647764,536.6584375647764,0.02689430276783258,0.0,0.02689430276783258,0.16399482543005,0.16399482543005
7,maneuvering_circular,270,1.0,959.9999999999999,610.7106781186548,1899.0760306219174,44.4561409980122,939.0760306219175,-566.2545371206426,1096.5892540501798,0.5015329606745311,501.5329606745311,0.18193710365948879,0.0,0.18193710365948879,0.4265408581361096,0.4265408581361096
7,maneuvering_circular,270,2.0,1102.658477444273,494.60095002604527,1898.1567626342949,54.88496034028168,795.4982851900218,-439.7159896857636,908.9376619579562,0.42656398820112434,426.56398820112435,1.3805569518622895,0.0,1.3805569518622895,1.174971042988843,1.174971042988843
7,maneuvering_circular,270,3.0,1048.167787843871,441.2311659404862,1897.2374946466725,65.31377968255116,849.0697068028014,-375.91738625793505,928.565155657476,0.43466763489193605,434.6676348919361,4.597222461957742,0.0,4.597222461957742,2.144113444283614,2.144113444283614
7,maneuvering_circular,270,4.0,871.8322121561291,524.356553495977,1896.31822665905,75.74259902482063,1024.4860145029209,-448.6139544711564,1118.4033592842645,0.5098803803474168,509.8803803474168,10.831933633945845,0.0,10.831933633945845,3.291190306552607,3.291190306552607
7,maneuvering_circular,270,5.0,817.3415225557269,629.1006524188368,1895.3989586714274,86.17141836709013,1078.0574361157005,-542.9292340517467,1207.0542608981477,0.5430089433467374,543.0089433467374,21.084690467826597,0.0,21.084690467826597,4.591806884857703,4.591806884857703
7,maneuvering_circular,285,0.5,959.9999999999999,610.7106781186548,1900.4023549333515,46.27458683770107,940.4023549333516,-564.4360912809536,1096.7883525570073,0.501609496895789,501.60949689578905,0.02689430276783237,0.0,0.02689430276783237,0.16399482543004937,0.16399482543004937
7,maneuvering_circular,285,1.0,1048.1677878438709,555.643446504023,1900.4359291751496,52.188086313422254,852.2681413312787,-503.45536019060074,989.8627604031378,0.45958449772951304,459.58449772951303,0.18193710365948798,0.0,0.18193710365948798,0.42654085813610865,0.42654085813610865
7,maneuvering_circular,285,2.0,1102.658477444273,450.89934758116317,1900.5030776587457,64.01508526486462,797.8446002144726,-386.88426231629853,886.6991815263044,0.41730969892584807,417.30969892584807,1.3805569518622864,0.0,1.3805569518622864,1.1749710429888416,1.1749710429888416
7,maneuvering_circular,285,3.0,960.0000000000001,469.28932188134524,1900.5702261423417,75.84208421630699,940.5702261423415,-393.44723766503824,1019.5455257769045,0.47143521867581983,471.43521867581984,4.597222461957735,0.0,4.597222461957735,2.144113444283612,2.144113444283612
7,maneuvering_circular,285,4.0,817.341522555727,585.3990499739547,1900.6373746259378,87.66908316774935,1083.295852070211,-497.7299668062053,1192.168202465336,0.537535187981492,537.5351879814921,10.831933633945832,0.0,10.831933633945832,3.2911903065526054,3.2911903065526054
7,maneuvering_circular,285,5.0,871.8322121561289,638.7688340595138,1900.704523109534,99.49608211919171,1028.872310953405,-539.2727519403221,1161.6339067158328,0.5261948858148363,526.1948858148363,21.08469046782658,0.0,21.08469046782658,4.5918068848577,4.5918068848577
8,maneuvering_circular,60,0.5,960.0,469.28932188134524,1379.3959796101099,325.8992248215739,419.39597961010986,-143.39009705977134,443.2309867867254,0.21809069475853957,218.09069475853957,0.02695567049981428,0.0,0.02695567049981428,0.16418182146575874,0.16418182146575874
8,maneuvering_circular,60,1.0,871.832212156129,524.3565534959769,1463.142084614126,268.8970978445845,591.3098724579969,-255.45945565139237,644.132671697375,0.31157621628857485,311.57621628857487,0.18213723117376748,0.0,0.18213723117376748,0.4267753872633326,0.4267753872633326
8,maneuvering_circular,60,2.0,817.3415225557269,629.1006524188367,1630.634294622158,154.89284389060566,813.2927720664311,-474.20780852823106,941.4447295325665,0.4399523885218761,439.9523885218761,1.3812758010804316,0.0,1.3812758010804316,1.1752769040019597,1.1752769040019597
8,maneuvering_circular,60,3.0,960.0,610.7106781186548,1798.12650463019,40.88858993662683,838.1265046301901,-569.822088182028,1013.4856930138417,0.46902732432916017,469.0273243291602,4.598781635732106,0.0,4.598781635732106,2.144477007508382,2.144477007508382
8,maneuvering_circular,60,4.0,1102.658477444273,494.60095002604527,1965.6187146382222,-73.115664017352,862.9602371939491,-567.7166140433973,1032.958142829968,0.4767437872949178,476.7437872949178,10.83465473512879,0.0,10.83465473512879,3.291603672243788,3.291603672243788
8,maneuvering_circular,60,5.0,1048.1677878438709,441.2311659404862,2133.1109246462543,-187.11991797133084,1084.9431368023834,-628.3510839118171,1253.76500778565,0.5599518808186154,559.9518808186153,21.088895099270484,0.0,21.088895099270484,4.592264702657119,4.592264702657119
8,maneuvering_circular,75,0.5,871.832212156129,524.3565534959769,1465.4210861447875,270.8388389107973,593.5888739886585,-253.5177145851796,645.460287648757,0.31217752395573023,312.17752395573024,0.026917176896244822,0.0,0.026917176896244822,0.16406455100430692,0.16406455100430692
8,maneuvering_circular,75,1.0,817.341522555727,585.3990499739547,1550.0502606376601,214.59248287640216,732.7087380819331,-370.8065670975525,821.1940118292939,0.38960821537837975,389.6082153783797,0.18199373855301718,0.0,0.18199373855301718,0.42660724156185764,0.42660724156185764
8,maneuvering_circular,75,2.0,871.832212156129,638.7688340595138,1719.3086096234053,102.09977080761189,847.4763974672763,-536.6690632519019,1003.1101274116351,0.46489088597450867,464.89088597450865,1.3807264270469466,0.0,1.3807264270469466,1.1750431596528472,1.1750431596528472
8,maneuvering_circular,75,3.0,1048.1677878438709,555.6434465040231,1888.5669586091508,-10.39294126117835,840.3991707652799,-566.0363877652014,1013.2462477094339,0.4689320589369935,468.93205893699354,4.597565202448056,0.0,4.597565202448056,2.144193368716557,2.144193368716557
8,maneuvering_circular,75,4.0,1102.658477444273,450.89934758116317,2057.825307594896,-122.88565332996865,955.1668301506229,-573.7850009111319,1114.2589020019434,0.5083003944439899,508.3003944439899,10.832510064756345,0.0,10.832510064756345,3.2912778771711673,3.2912778771711673
8,maneuvering_circular,75,5.0,960.0,469.2893218813453,2227.083656580641,-235.37836539875894,1267.0836565806412,-704.6676872801042,1449.8474203413473,0.6272581848393477,627.2581848393477,21.085561013971812,0.0,21.085561013971812,4.591901677297959,4.591901677297959
8,maneuvering_circular,90,0.5,817.341522555727,585.3990499739547,1552.1106830880917,216.669294270813,734.7691605323647,-368.7297557031417,822.0993565320036,0.3899955200619919,389.9955200619919,0.0268957914842526,0.0,0.0268957914842526,0.1639993642800258,0.1639993642800258
8,maneuvering_circular,90,1.0,817.3415225557269,629.1006524188367,1637.5501891504657,161.2274567239685,820.2086665947388,-467.87319569486823,944.2709272273758,0.44110853850758475,441.10853850758474,0.18193975915478852,0.0,0.18193975915478852,0.42654397095116525,0.42654397095116525
8,maneuvering_circular,90,2.0,960.0,610.7106781186548,1808.4292012752132,50.343781630279494,848.4292012752132,-560.3668964883752,1016.7807867266719,0.47033737166317413,470.3373716631741,1.3805630354748701,0.0,1.3805630354748701,1.174973631821102,1.174973631821102
8,maneuvering_circular,90,3.0,1102.658477444273,494.60095002604527,1979.308213399961,-60.5398934634095,876.6497359556879,-555.1408434894547,1037.6396848913214,0.4785898779662105,478.5898779662105,4.597233433100299,0.0,4.597233433100299,2.144116002715408,2.144116002715408
8,maneuvering_circular,90,4.0,1048.1677878438709,441.2311659404862,2150.1872255247085,-171.42356855709852,1102.0194376808377,-612.6547344975847,1260.8698048286728,0.5624980168008014,562.4980168008013,10.831950952031072,0.0,10.831950952031072,3.291192937527527,3.291192937527527
8,maneuvering_circular,90,5.0,871.8322121561291,524.356553495977,2321.0662376494565,-282.3072436507875,1449.2340254933274,-806.6637971467644,1658.6095810270815,0.6923560602468715,692.3560602468715,21.084715592267194,0.0,21.084715592267194,4.591809620647092,4.591809620647092
8,maneuvering_circular,105,0.5,817.3415225557269,629.1006524188367,1639.3416332286429,163.13334761036447,822.000110672916,-465.96730480847225,944.8860836612834,0.4413600216205168,441.3600216205168,0.02689436853457114,0.0,0.02689436853457114,0.16399502594460338,0.16399502594460338
8,maneuvering_circular,105,1.0,871.832212156129,638.7688340595138,1725.4760833046623,108.44139075923601,853.6438711485333,-530.3274433002778,1004.9652013213508,0.465631716624397,465.63171662439703,0.181937390986166,0.0,0.181937390986166,0.4265411949462396,0.4265411949462396
8,maneuvering_circular,105,2.0,1048.1677878438709,555.6434465040231,1897.7449834567014,-0.9425229430209185,849.5771956128306,-556.585969447044,1015.6620268035365,0.4698927758808511,469.8927758808511,1.380558187197538,0.0,1.380558187197538,1.1749715686762545,1.1749715686762545
8,maneuvering_circular,105,3.0,1102.658477444273,450.89934758116317,2070.013883608741,-110.32643664527788,967.3554061644677,-561.2257842264411,1118.3697343527344,0.5098675727731888,509.86757277318884,4.597225318486487,0.0,4.597225318486487,2.1441141104163477,2.1441141104163477
8,maneuvering_circular,105,4.0,960.0,469.2893218813453,2242.28278376078,-219.71035034753478,1282.2827837607801,-688.9996722288801,1455.6681235298106,0.6291633314933673,629.1633314933673,10.831938784853012,0.0,10.831938784853012,3.291191089082038,3.291191089082038
8,maneuvering_circular,105,5.0,817.341522555727,585.3990499739547,2414.551683912819,-329.0942640497917,1597.2101613570921,-914.4933140237464,1840.4831759449698,0.7438864112558491,743.8864112558491,21.084698586297115,0.0,21.084698586297115,4.591807768874598,4.591807768874598
8,maneuvering_circular,120,0.5,871.832212156129,638.7688340595138,1727.7145463938834,110.28539550146502,855.8823342377544,-528.4834385580488,1005.8972685569864,0.46600373311924576,466.00373311924574,0.026894391131611267,0.0,0.026894391131611267,0.16399509484009353,0.16399509484009353
8,maneuvering_circular,120,1.0,960.0,610.7106781186548,1814.7219867563754,56.30160953617792,854.7219867563754,-554.4090685824768,1018.7831417780994,0.47113260704506776,471.13260704506774,0.18193735001074593,0.0,0.18193735001074593,0.4265411469140415,0.4265411469140415
8,maneuvering_circular,120,2.0,1102.658477444273,494.60095002604527,1988.736867481359,-51.665962394396274,886.0783900370859,-546.2669124204415,1040.9334526741259,0.47988660714493536,479.88660714493534,1.3805577528972726,0.0,1.3805577528972726,1.1749713838631444,1.1749713838631444
8,maneuvering_circular,120,3.0,1048.1677878438709,441.2311659404862,2162.751748206343,-159.63353432497047,1114.5839603624722,-600.8647002654567,1266.2289653622643,0.5644131802880865,564.4131802880866,4.597224135954809,0.0,4.597224135954809,2.14411383465403,2.14411383465403
8,maneuvering_circular,120,4.0,871.8322121561291,524.356553495977,2336.7666289313265,-267.60110625554466,1464.9344167751974,-791.9576597515216,1665.3017084875626,0.6943353664390159,694.335366439016,10.831936499183355,0.0,10.831936499183355,3.291190741841523,3.291190741841523
8,maneuvering_circular,120,5.0,817.3415225557269,629.1006524188368,2510.7815096563104,-375.56867818611886,1693.4399871005835,-1004.6693306049557,1969.035158083632,0.777596717332931,777.596717332931,21.08469484258291,0.0,21.08469484258291,4.591807361223128,4.591807361223128
8,maneuvering_circular,135,0.5,960.0,610.7106781186548,1816.8482379014802,58.75705018649654,856.8482379014802,-551.9536279321583,1019.2358462016252,0.47131230940650637,471.31230940650636,0.02689431685024754,0.0,0.02689431685024754,0.16399486836559107,0.16399486836559107
8,maneuvering_circular,135,1.0,1048.1677878438709,555.6434465040231,1904.6727410489482,5.721311199029515,856.5049532050773,-549.9221353049936,1017.8482646068791,0.47076140064537975,470.76140064537975,0.18193713440482526,0.0,0.18193713440482526,0.42654089417642627,0.42654089417642627
8,maneuvering_circular,135,2.0,1102.658477444273,450.89934758116317,2080.3217473438845,-100.35016677590454,977.6632698996114,-551.2495143570677,1122.3642440801932,0.5113877785942073,511.38777859420725,1.3805570353857461,0.0,1.3805570353857461,1.1749710785316148,1.1749710785316148
8,maneuvering_circular,135,3.0,960.0,469.2893218813453,2255.970753638821,-206.4216447508386,1295.970753638821,-675.710966632184,1461.5490086597074,0.6310828251936295,631.0828251936294,4.5972226241956875,0.0,4.5972226241956875,2.1441134821169534,2.1441134821169534
8,maneuvering_circular,135,4.0,817.341522555727,585.3990499739547,2431.6197599337575,-312.49312272577265,1614.2782373780306,-897.8921726997273,1847.1882907456288,0.7456986712850734,745.6986712850734,10.831933900834649,0.0,10.831933900834649,3.291190347098546,3.291190347098546
8,maneuvering_circular,135,5.0,871.832212156129,638.7688340595138,2607.2687662286935,-418.5646007007067,1735.4365540725644,-1057.3334347602204,2032.1648617848657,0.7933750643074101,793.3750643074101,21.08469086530263,0.0,21.08469086530263,4.591806928138707,4.591806928138707
8,maneuvering_circular,150,0.5,1048.1677878438709,555.6434465040231,1907.857783877444,7.414857426440953,859.6899960335732,-548.2285890775822,1019.6182987580213,0.4714640994371791,471.4640994371791,0.02689430301262322,0.0,0.02689430301262322,0.1639948261763865,0.1639948261763865
8,maneuvering_circular,150,1.0,1102.658477444273,494.60095002604527,1996.9231502138955,-44.95496409221907,894.2646727696224,-539.5559141182644,1044.428020221478,0.4812604784464818,481.2604784464818,0.18193710402928936,0.0,0.18193710402928936,0.4265408585695975,0.4265408585695975
8,maneuvering_circular,150,2.0,1048.1677878438709,441.2311659404862,2175.053882886798,-149.69460712953912,1126.886095042927,-590.9257730700253,1272.4250628149007,0.5666216589877396,566.6216589877397,1.3805569529237642,0.0,1.3805569529237642,1.1749710434405456,1.1749710434405456
8,maneuvering_circular,150,3.0,871.8322121561291,524.356553495977,2353.184615559701,-254.4342501668592,1481.3524034035718,-778.7908036628362,1673.5949506793288,0.6967792079467213,696.7792079467213,4.597222464299763,0.0,4.597222464299763,2.1441134448297654,2.1441134448297654
8,maneuvering_circular,150,4.0,817.3415225557269,629.1006524188368,2531.3153482326034,-359.1738932041792,1713.9738256768765,-988.274545623016,1978.4824620480736,0.7799897373573459,779.9897373573459,10.831933638157283,0.0,10.831933638157283,3.291190307192412,3.291190307192412
8,maneuvering_circular,150,5.0,959.9999999999999,610.7106781186548,2709.4460809055063,-463.9135362414993,1749.4460809055063,-1074.624214360154,2053.1387659105785,0.7985079345387166,798.5079345387167,21.084690474496327,0.0,21.084690474496327,4.591806885583966,4.591806885583966
8,maneuvering_circular,165,0.5,1102.658477444273,494.60095002604527,1998.0370041718625,-40.43245309728279,895.3785267275894,-535.0334031233281,1043.0548636493663,0.48072086372100237,480.7208637210024,0.02689430298039067,0.0,0.02689430298039067,0.16399482607811341,0.16399482607811341
8,maneuvering_circular,165,1.0,1102.658477444273,450.89934758116317,2087.4184377375523,-90.8488178546279,984.7599602932792,-541.7481654357911,1123.940947803694,0.5119871180166138,511.9871180166138,0.18193710435501853,0.0,0.18193710435501853,0.42654085895142396,0.42654085895142396
8,maneuvering_circular,165,2.0,960.0,469.2893218813453,2266.1813048689323,-191.68154736931808,1306.1813048689323,-660.9708692506633,1463.8962023268878,0.631847438528279,631.847438528279,1.3805569543658047,0.0,1.3805569543658047,1.174971044054195,1.174971044054195
8,maneuvering_circular,165,3.0,817.341522555727,585.3990499739547,2444.944172000312,-292.5142768840083,1627.602649444585,-877.913326857963,1849.27612701669,0.7462617368113907,746.2617368113907,4.5972224673919655,0.0,4.5972224673919655,2.1441134455508566,2.1441134455508566
8,maneuvering_circular,165,4.0,871.832212156129,638.7688340595138,2623.707039131692,-393.3470063986985,1751.8748269755629,-1032.1158404582122,2033.3048265116129,0.7936554290904643,793.6554290904643,10.8319336434335,0.0,10.8319336434335,3.2911903079939786,3.2911903079939786
8,maneuvering_circular,165,5.0,1048.1677878438709,555.643446504023,2802.4699062630716,-494.1797359133887,1754.3021184192007,-1049.8231824174118,2044.4325953748432,0.7963838349011185,796.3838349011186,21.08469048249041,0.0,21.08469048249041,4.591806886454439,4.591806886454439
8,maneuvering_circular,180,0.5,1102.658477444273,450.89934758116317,1981.4806741716957,-24.347390258033272,878.8221967274226,-475.24673783919644,999.0935468151171,0.46328496199824154,463.28496199824156,0.026894302848874025,0.0,0.026894302848874025,0.1639948256771354,0.1639948256771354
8,maneuvering_circular,180,1.0,1048.1677878438709,441.2311659404862,2028.6928108419304,-48.59229418057041,980.5250229980595,-489.82346012105666,1096.0640231347388,0.5013310238151792,501.33102381517926,0.1819371038605272,0.0,0.1819371038605272,0.42654085837177097,0.42654085837177097
8,maneuvering_circular,180,2.0,871.8322121561291,524.356553495977,2123.1170841823996,-97.0821020256447,1251.2848720262705,-621.4386555216217,1397.104088297762,0.6097535207425453,609.7535207425453,1.3805569524647263,0.0,1.3805569524647263,1.1749710432452054,1.1749710432452054
8,maneuvering_circular,180,3.0,817.3415225557269,629.1006524188368,2217.5413575228686,-145.571909870719,1400.1998349671417,-774.6725622895558,1600.211597447749,0.6748054503112534,674.8054503112534,4.597222463176783,0.0,4.597222463176783,2.14411344456789,2.14411344456789
8,maneuvering_circular,180,4.0,959.9999999999999,610.7106781186548,2311.9656308633375,-194.06171771579326,1351.9656308633375,-804.772395834448,1573.362538047992,0.6665668390006839,666.5668390006839,10.831933635996696,0.0,10.831933635996696,3.291190306864174,3.291190306864174
8,maneuvering_circular,180,5.0,1102.658477444273,494.60095002604527,2406.3899042038065,-242.55152556086753,1303.7314267595334,-737.1524755869128,1497.7013739008062,0.6427651425636629,642.765142563663,21.084690470924468,0.0,21.084690470924468,4.591806885195028,4.591806885195028
8,maneuvering_circular,195,0.5,1048.1677878438709,441.2311659404862,1928.1488588775203,5.167194487358848,879.9810710336494,-436.06397145312735,982.0990136320281,0.45646161041234584,456.46161041234586,0.026894302773212878,0.0,0.026894302773212878,0.16399482544645388,0.16399482544645388
8,maneuvering_circular,195,1.0,960.0,469.2893218813453,1937.3208955067919,1.2091896424555344,977.3208955067919,-468.08013223888975,1083.6305380483582,0.4965376388156346,496.53763881563464,0.18193710366912969,0.0,0.18193710366912969,0.4265408581474109,0.4265408581474109
8,maneuvering_circular,195,2.0,817.341522555727,585.3990499739547,1955.664968765335,-6.706820047351092,1138.323446209608,-592.1058700213058,1283.1093599160617,0.5704153354680028,570.4153354680028,1.3805569518844618,0.0,1.3805569518844618,1.1749710429982783,1.1749710429982783
8,maneuvering_circular,195,3.0,871.832212156129,638.7688340595138,1974.0090420238782,-14.622829737157717,1102.1768298677493,-653.3916637966715,1281.2940453370975,0.5697720678066855,569.7720678066855,4.5972224619977915,0.0,4.5972224619977915,2.1441134442929535,2.1441134442929535
8,maneuvering_circular,195,4.0,1048.1677878438709,555.643446504023,1992.3531152824214,-22.538839426964344,944.1853274385505,-578.1822859309874,1107.1498039175299,0.5055837135333839,505.58371353338396,10.83193363400912,0.0,10.83193363400912,3.29119030656222,3.29119030656222
8,maneuvering_circular,195,5.0,1102.658477444273,450.89934758116317,2010.6971885409648,-30.454849116770973,908.0387110966917,-481.3541966979341,1027.733508030586,0.47467937228858736,474.6793722885874,21.084690467918445,0.0,21.084690467918445,4.591806884867704,4.591806884867704
8,maneuvering_circular,210,0.5,960.0,469.2893218813453,1903.730311057772,17.527896195288353,943.730311057772,-451.76142568605695,1046.2864262462253,0.4819902994989534,481.9902994989534,0.02689430276805831,0.0,0.02689430276805831,0.16399482543073823,0.16399482543073823
8,maneuvering_circular,210,1.0,871.8322121561291,524.356553495977,1900.541397988884,19.548754388132814,1028.7091858327549,-504.8077991078442,1145.8941936569863,0.5202900999594275,520.2900999594275,0.1819371036604805,0.0,0.1819371036604805,0.4265408581372721,0.4265408581372721
8,maneuvering_circular,210,2.0,817.3415225557269,629.1006524188368,1894.1635718511081,23.590470773821735,1076.8220492953812,-605.5101816450151,1235.3899408383104,0.5533290057344049,553.3290057344049,1.3805569518665717,0.0,1.3805569518665717,1.1749710429906652,1.1749710429906652
8,maneuvering_circular,210,3.0,959.9999999999999,610.7106781186548,1887.785745713332,27.632187159510657,927.7857457133322,-583.0784909591441,1095.7951070195727,0.5012276156515297,501.22761565152973,4.597222461967659,0.0,4.597222461967659,2.1441134442859267,2.1441134442859267
8,maneuvering_circular,210,4.0,1102.658477444273,494.60095002604527,1881.4079195755562,31.67390354519958,778.7494421312831,-462.92704648084566,905.9537206630721,0.4253267259110313,425.3267259110313,10.831933633963741,0.0,10.831933633963741,3.2911903065553263,3.2911903065553263
8,maneuvering_circular,210,5.0,1048.167787843871,441.2311659404862,1875.0300934377801,35.7156199308885,826.862305593909,-405.5155460095977,920.9474091757559,0.43152964479945544,431.5296447994554,21.08469046785482,0.0,21.08469046785482,4.591806884860776,4.591806884860776
8,maneuvering_circular,225,0.5,871.8322121561291,524.356553495977,1899.4244539627043,21.404898125092302,1027.5922418065752,-502.9516553708847,1144.0743782907543,0.5196047980844453,519.6047980844453,0.02689430276814416,0.0,0.02689430276814416,0.163994825431,0.163994825431
8,maneuvering_circular,225,1.0,817.341522555727,585.3990499739547,1895.9375752758144,24.1417226172266,1078.5960527200873,-561.2573273567281,1215.8861922297542,0.5462395509295086,546.2395509295086,0.18193710366035912,0.0,0.18193710366035912,0.42654085813712983,0.42654085813712983
8,maneuvering_circular,225,2.0,871.832212156129,638.7688340595138,1888.9638179020344,29.615371601495195,1017.1316057459054,-609.1534624580186,1185.5904200995537,0.5351050179489966,535.1050179489965,1.380556951865123,0.0,1.380556951865123,1.1749710429900488,1.1749710429900488
8,maneuvering_circular,225,3.0,1048.1677878438709,555.643446504023,1881.9900605282546,35.08902058576379,833.8222726843837,-520.5544259182592,982.9732919910078,0.4568137602310388,456.8137602310388,4.597222461963666,0.0,4.597222461963666,2.1441134442849954,2.1441134442849954
8,maneuvering_circular,225,4.0,1102.658477444273,450.89934758116317,1875.0163031544748,40.562669570032384,772.3578257102017,-410.3366780111308,874.5929340310273,0.41223959458723075,412.2395945872307,10.831933633955988,0.0,10.831933633955988,3.291190306554148,3.291190306554148
8,maneuvering_circular,225,5.0,960.0000000000001,469.28932188134524,1868.0425457806948,46.036318554300976,908.0425457806947,-423.25300332704427,1001.8404911827272,0.46438353444813296,464.38353444813293,21.084690467842087,0.0,21.084690467842087,4.591806884859389,4.591806884859389
8,maneuvering_circular,240,0.5,817.341522555727,585.3990499739547,1898.1898182260777,26.146740733607647,1080.8482956703506,-559.252309240347,1216.961866142141,0.5466321550441946,546.6321550441946,0.026894302767882617,0.0,0.026894302767882617,0.16399482543020258,0.16399482543020258
8,maneuvering_circular,240,1.0,817.3415225557269,629.1006524188368,1895.573714650393,29.663412197453187,1078.232192094666,-599.4372402213836,1233.6570289320682,0.5527015992235503,552.7015992235504,0.1819371036595979,0.0,0.1819371036595979,0.4265408581362375,0.4265408581362375
8,maneuvering_circular,240,2.0,959.9999999999999,610.7106781186548,1890.3415074990235,36.696755125144264,930.3415074990236,-574.0139229935105,1093.1730441087338,0.5002187215931954,500.21872159319537,1.3805569518625855,0.0,1.3805569518625855,1.174971042988969,1.174971042988969
8,maneuvering_circular,240,3.0,1102.658477444273,494.60095002604527,1885.109300347654,43.73009805283534,782.4508229033809,-450.87085197320994,903.0580354668386,0.42412473072594287,424.12473072594287,4.5972224619583155,0.0,4.5972224619583155,2.1441134442837475,2.1441134442837475
8,maneuvering_circular,240,4.0,1048.167787843871,441.2311659404862,1879.8770931962845,50.76344098052641,831.7093053524134,-390.4677249599598,918.8065154564375,0.4306461049869177,430.6461049869177,10.831933633946788,0.0,10.831933633946788,3.2911903065527506,3.2911903065527506
8,maneuvering_circular,240,5.0,871.8322121561291,524.356553495977,1874.644886044915,57.79678390821749,1002.8126738887859,-466.5597695877595,1106.0340309003877,0.5051565862439023,505.15658624390227,21.084690467828004,0.0,21.084690467828004,4.5918068848578555,4.5918068848578555
8,maneuvering_circular,255,0.5,817.3415225557269,629.1006524188368,1898.0904283808097,31.59436285269539,1080.7489058250828,-597.5062895661414,1234.9218451032484,0.5531595780229118,553.1595780229118,0.026894302767833122,0.0,0.026894302767833122,0.16399482543005167,0.16399482543005167
8,maneuvering_circular,255,1.0,871.832212156129,638.7688340595138,1896.4603277887154,35.86231112778836,1024.6281156325863,-602.9065229317255,1188.8477828294115,0.5363093323065984,536.3093323065984,0.18193710365948895,0.0,0.18193710365948895,0.4265408581361098,0.4265408581361098
8,maneuvering_circular,255,2.0,1048.1677878438709,555.643446504023,1893.2001266045263,44.3982076779743,845.0323387606554,-511.2452388260487,987.6494052919825,0.4586951784140939,458.6951784140939,1.380556951862289,0.0,1.380556951862289,1.174971042988843,1.174971042988843
8,maneuvering_circular,255,3.0,1102.658477444273,450.89934758116317,1889.9399254203374,52.934104228160244,787.2814479760643,-397.9652433530029,882.1498813944846,0.4154071046631394,415.4071046631394,4.597222461957741,0.0,4.597222461957741,2.144113444283614,2.144113444283614
8,maneuvering_circular,255,4.0,960.0000000000001,469.28932188134524,1886.6797242361483,61.47000077834619,926.6797242361482,-407.8193211029991,1012.4484727507345,0.4686145908846206,468.6145908846206,10.831933633945843,0.0,10.831933633945843,3.291190306552607,3.291190306552607
8,maneuvering_circular,255,5.0,817.341522555727,585.3990499739547,1883.4195230519595,70.00589732853213,1066.0780004962326,-515.3931526454226,1184.1251643875462,0.5345627211000593,534.5627211000593,21.084690467826597,0.0,21.084690467826597,4.591806884857703,4.591806884857703
8,maneuvering_circular,270,0.5,871.832212156129,638.7688340595138,1899.5302372560732,37.82358639230597,1027.698025099944,-600.9452476672078,1190.5034319514275,0.5369208000181207,536.9208000181208,0.026894302767832966,0.0,0.026894302767832966,0.1639948254300512,0.1639948254300512
8,maneuvering_circular,270,1.0,959.9999999999999,610.7106781186548,1899.0715514404367,42.849933620669624,939.0715514404368,-567.8607444979851,1097.4156932842518,0.5018506133408533,501.85061334085333,0.18193710365949006,0.0,0.18193710365949006,0.4265408581361111,0.4265408581361111
8,maneuvering_circular,270,2.0,1102.658477444273,494.60095002604527,1898.154179809164,52.902628077396926,795.4957023648908,-441.69832194864836,909.8960490590465,0.4269610792927508,426.9610792927508,1.380556951862294,0.0,1.380556951862294,1.174971042988845,1.174971042988845
8,maneuvering_circular,270,3.0,1048.167787843871,441.2311659404862,1897.236808177891,62.955322534124235,849.0690203340198,-378.275843406362,929.5218206130326,0.43506107144976386,435.06107144976386,4.5972224619577515,0.0,4.5972224619577515,2.144113444283616,2.144113444283616
8,maneuvering_circular,270,4.0,871.8322121561291,524.356553495977,1896.3194365466181,73.00801699085154,1024.487224390489,-451.3485365051254,1119.5041645052718,0.5102995704326619,510.29957043266194,10.83193363394586,0.0,10.83193363394586,3.29119030655261,3.29119030655261
8,maneuvering_circular,270,5.0,817.3415225557269,629.1006524188368,1895.4020649153451,83.06071144757885,1078.0605423596182,-546.0399409712579,1208.459411866451,0.5435237754499778,543.5237754499777,21.084690467826626,0.0,21.084690467826626,4.591806884857705,4.591806884857705
8,maneuvering_circular,285,0.5,959.9999999999999,610.7106781186548,1900.407132517162,44.93850982756066,940.407132517162,-565.7721682910941,1097.4806245679042,0.5018755658340146,501.8755658340146,0.02689430276783251,0.0,0.02689430276783251,0.1639948254300498,0.1639948254300498
8,maneuvering_circular,285,1.0,1048.1677878438709,555.643446504023,1900.4448781788824,50.77470344223677,852.2770903350115,-504.86874306178623,990.5900698223768,0.45987655770616426,459.87655770616425,0.18193710365948834,0.0,0.18193710365948834,0.4265408581361091,0.4265408581361091
8,maneuvering_circular,285,2.0,1102.658477444273,450.89934758116317,1900.5203695023233,62.447090671588995,797.8618920580502,-388.4522569095742,887.3999970118288,0.4176025071243402,417.6025071243402,1.3805569518622873,0.0,1.3805569518622873,1.174971042988842,1.174971042988842
8,maneuvering_circular,285,3.0,960.0000000000001,469.28932188134524,1900.5958608257642,74.1194779009412,940.5958608257641,-395.16984398040404,1020.2351586737526,0.4717088729503781,471.7088729503781,4.597222461957736,0.0,4.597222461957736,2.1441134442836125,2.1441134442836125
8,maneuvering_circular,285,4.0,817.341522555727,585.3990499739547,1900.6713521492052,85.79186513029344,1083.3298295934783,-499.60718484366123,1192.9840144924167,0.5378361013908323,537.8361013908323,10.831933633945836,0.0,10.831933633945836,3.291190306552606,3.291190306552606
8,maneuvering_circular,285,5.0,871.8322121561289,638.7688340595138,1900.746843472646,97.46425235964566,1028.9146313165172,-541.3045816998681,1162.616002258043,0.5265619876656519,526.5619876656518,21.084690467826583,0.0,21.084690467826583,4.591806884857701,4.591806884857701
9,maneuvering_circular,60,0.5,960.0,469.28932188134524,1389.6696859733593,320.895605222247,429.66968597335926,-148.39371665909823,454.57313403713806,0.2234897610953534,223.4897610953534,0.026926264786752495,0.0,0.026926264786752495,0.1640922447489597,0.1640922447489597
9,maneuvering_circular,60,1.0,871.832212156129,524.3565534959769,1476.2434980407347,262.53187327045345,604.4112858846057,-261.8246802255234,658.6844204016671,0.3181542530786086,318.15425307860863,0.1820356703846513,0.0,0.1820356703846513,0.4266563844414511,0.4266563844414511
9,maneuvering_circular,60,2.0,817.3415225557269,629.1006524188367,1649.391122175486,145.80440936686634,832.0495996197592,-483.29624305197035,962.227517157741,0.44842478218039344,448.42478218039344,1.380902931726386,0.0,1.380902931726386,1.1751182628682042,1.1751182628682042
9,maneuvering_circular,60,3.0,960.0,610.7106781186548,1822.5387463102372,29.07694546327923,862.5387463102372,-581.6337326553755,1040.3224922345285,0.4796462090853673,479.64620908536733,4.597968126596037,0.0,4.597968126596037,2.1442873237036206,2.1442873237036206
9,maneuvering_circular,60,4.0,1102.658477444273,494.60095002604527,1995.6863704449884,-87.6505184403079,893.0278930007153,-582.2514684663531,1066.0748520664586,0.48972692029247583,489.7269202924758,10.833231254993603,0.0,10.833231254993603,3.291387436172412,3.291387436172412
9,maneuvering_circular,60,5.0,1048.1677878438709,441.2311659404862,2168.8339945797397,-204.37798234389498,1120.6662067358689,-645.6091482843813,1293.3305529787215,0.5740273777105609,574.0273777105609,21.086692316919084,0.0,21.086692316919084,4.592024860224418,4.592024860224418
9,maneuvering_circular,75,0.5,871.832212156129,524.3565534959769,1478.305017717466,264.47629485738963,606.4728055613369,-259.88025863858724,659.808315130613,0.318661127768334,318.661127768334,0.026905436555734366,0.0,0.026905436555734366,0.16402876746392495,0.16402876746392495
9,maneuvering_circular,75,1.0,817.341522555727,585.3990499739547,1565.6694430632183,206.88061236766563,748.3279205074913,-378.518437606289,838.612475592256,0.39703811222723945,397.0381122272394,0.18196528905248044,0.0,0.18196528905248044,0.42657389635616527,0.42657389635616527
9,maneuvering_circular,75,2.0,871.832212156129,638.7688340595138,1740.3982937547235,91.68924738821761,868.5660815985945,-547.0795866712962,1026.5004199979523,0.4741915006657746,474.1915006657746,1.3806429785157428,0.0,1.3806429785157428,1.1750076504073252,1.1750076504073252
9,maneuvering_circular,75,3.0,1048.1677878438709,555.6434465040231,1915.1271444462284,-23.502117591230387,866.9593566023575,-579.1455640952536,1042.6064024412967,0.48054456432667364,480.54456432667365,4.597397980605366,0.0,4.597397980605366,2.144154374247658,2.144154374247658
9,maneuvering_circular,75,4.0,1102.658477444273,450.89934758116317,2089.8559951377333,-138.69348257067844,987.1975176934602,-589.5928301518416,1149.8602716445978,0.5217817734456607,521.7817734456606,10.832230295321349,0.0,10.832230295321349,3.291235375253698,3.291235375253698
9,maneuvering_circular,75,5.0,960.0,469.2893218813453,2264.5848458292385,-253.8848475501265,1304.5848458292385,-723.1741694314718,1491.6174104978115,0.6408132791789038,640.8132791789038,21.08513992266369,0.0,21.08513992266369,4.591855825552854,4.591855825552854
9,maneuvering_circular,90,0.5,817.341522555727,585.3990499739547,1568.1084271969878,208.87690054008505,750.7669046412608,-376.52214943386963,839.892775370119,0.3975824174477476,397.58241744774756,0.026895348808538277,0.0,0.026895348808538277,0.16399801464816052,0.16399801464816052
9,maneuvering_circular,90,1.0,817.3415225557269,629.1006524188367,1656.4109973210118,152.0633843274632,839.0694747652849,-477.0372680913735,965.1953888363599,0.44962909472741164,449.62909472741165,0.1819392779060995,0.0,0.1819392779060995,0.4265434068252603,0.4265434068252603
9,maneuvering_circular,90,2.0,960.0,610.7106781186548,1833.0161375690593,38.43635190221954,873.0161375690593,-572.2743262164352,1043.865451532176,0.4810394403724535,481.0394403724535,1.3805627373295506,0.0,1.3805627373295506,1.174973504947899,1.174973504947899
9,maneuvering_circular,90,3.0,1102.658477444273,494.60095002604527,2009.621277817107,-75.19068052302413,906.962800372834,-569.7916305490694,1071.094778021021,0.4916794870830697,491.6794870830697,4.5972336650574395,0.0,4.5972336650574395,2.144116056806963,2.144116056806963
9,maneuvering_circular,90,4.0,1048.1677878438709,441.2311659404862,2186.2264180651546,-188.8177129482678,1138.0586302212837,-630.048878888754,1300.8224458434443,0.5766642509278701,576.6642509278701,10.831952061089767,0.0,10.831952061089767,3.291193106016383,3.291193106016383
9,maneuvering_circular,90,5.0,871.8322121561291,524.356553495977,2362.8315583132025,-302.44474537351147,1490.9993461570734,-826.8012988694884,1704.8986591739385,0.7059143087068658,705.9143087068658,21.08471792542653,0.0,21.08471792542653,4.5918098747037135,4.5918098747037135
9,maneuvering_circular,105,0.5,817.3415225557269,629.1006524188367,1659.4176753311808,153.9584156943521,842.0761527754539,-475.14223672448463,966.8776510979328,0.45031110769489147,450.31110769489146,0.026894374710932808,0.0,0.026894374710932808,0.16399504477554439,0.16399504477554439
9,maneuvering_circular,105,1.0,871.832212156129,638.7688340595138,1748.872817111676,97.8829030139298,877.0406049555471,-540.885931045584,1030.4163300063913,0.475739986827189,475.739986827189,0.18193732281393346,0.0,0.18193732281393346,0.4265411150333968,0.4265411150333968
9,maneuvering_circular,105,2.0,1048.1677878438709,555.6434465040231,1927.783100672667,-14.268122346914794,879.615312828796,-569.9115688509379,1048.104143142769,0.482703602671998,482.703602671998,1.3805577490948544,0.0,1.3805577490948544,1.1749713822450547,1.1749713822450547
9,maneuvering_circular,105,3.0,1102.658477444273,450.89934758116317,2106.6933842336575,-126.41914770775941,1004.0349067893844,-577.3184952889226,1158.180788587962,0.524902886044345,524.902886044345,4.597224215475668,0.0,4.597224215475668,2.144113853198022,2.144113853198022
9,maneuvering_circular,105,4.0,960.0,469.2893218813453,2285.603667794648,-238.570173068604,1325.6036677946481,-707.8594949499493,1502.7608421373711,0.644383993046721,644.383993046721,10.831936721956374,0.0,10.831936721956374,3.291190775685356,3.291190775685356
9,maneuvering_circular,105,5.0,817.341522555727,585.3990499739547,2464.5139513556387,-350.7211984294486,1647.1724287999118,-936.1202484034033,1894.5970890058525,0.7583408874736733,758.3408874736733,21.084695268536972,0.0,21.084695268536972,4.591807407605089,4.591807407605089
9,maneuvering_circular,120,0.5,871.832212156129,638.7688340595138,1750.34672860983,99.8518937125338,878.514516453701,-538.91694034698,1030.6402011433624,0.4758284386822928,475.8284386822928,0.02689434459549842,0.0,0.02689434459549842,0.16399495295739566,0.16399495295739566
9,maneuvering_circular,120,1.0,960.0,610.7106781186548,1840.3517560433513,44.53383284990679,880.3517560433513,-566.1768452687479,1046.697393943008,0.4821516168592965,482.1516168592965,0.18193722034219997,0.0,0.18193722034219997,0.4265409949139707,0.4265409949139707
9,maneuvering_circular,120,2.0,1102.658477444273,494.60095002604527,2020.3618109103936,-66.10228887534723,917.7033334661205,-560.7032389013925,1075.4382968675338,0.4933656680308611,493.3656680308611,1.3805573331418757,0.0,1.3805573331418757,1.1749712052394627,1.1749712052394627
9,maneuvering_circular,120,3.0,1048.1677878438709,441.2311659404862,2200.371865777436,-176.7384106006012,1152.2040779335653,-617.9695765410875,1307.4634353346592,0.5789941005472937,578.9941005472937,4.597223261016582,0.0,4.597223261016582,2.1441136306214235,2.1441136306214235
9,maneuvering_circular,120,4.0,871.8322121561291,524.356553495977,2380.3819206444787,-287.3745323258553,1508.5497084883496,-811.7310858218323,1713.0760574679034,0.7082775021209992,708.2775021209992,10.831935003966317,0.0,10.831935003966317,3.291190514687097,3.291190514687097
9,maneuvering_circular,120,5.0,817.3415225557269,629.1006524188368,2560.391975511521,-398.0106540511093,1743.0504529557943,-1027.1113064699462,2023.1615154079516,0.7911551431854582,791.1551431854582,21.084692561991083,0.0,21.084692561991083,4.591807112890423,4.591807112890423
9,maneuvering_circular,135,0.5,960.0,610.7106781186548,1841.0105051510268,46.56927785999821,881.0105051510268,-564.1414002586565,1046.152488728228,0.4819377190525125,481.9377190525125,0.026894310377746183,0.0,0.026894310377746183,0.16399484863173655,0.16399484863173655
9,maneuvering_circular,135,1.0,1048.1677878438709,555.6434465040231,1931.2936059998926,-7.9514338569524625,883.1258181560218,-563.5948803609756,1047.6403962538125,0.482521671095986,482.521671095986,0.181937121166958,0.0,0.181937121166958,0.426540878658726,0.426540878658726
9,maneuvering_circular,135,2.0,1102.658477444273,450.89934758116317,2111.859807697624,-116.9928572908538,1009.201330253351,-567.8922048720169,1158.0107431883066,0.524839212768062,524.839212768062,1.3805570017207351,0.0,1.3805570017207351,1.1749710642057256,1.1749710642057256
9,maneuvering_circular,135,3.0,960.0,469.2893218813453,2292.4260093953562,-226.03428072475515,1332.4260093953562,-695.3236026061004,1502.9417762689147,0.6444418127599121,644.4418127599121,4.5972225609083175,0.0,4.5972225609083175,2.144113467358553,2.144113467358553
9,maneuvering_circular,135,4.0,817.341522555727,585.3990499739547,2472.9922110930875,-335.0757041586565,1655.6506885373606,-920.4747541326112,1894.3212439947263,0.7582681912289397,758.2681912289397,10.831933798729704,0.0,10.831933798729704,3.2911903315866895,3.2911903315866895
9,maneuvering_circular,135,5.0,871.832212156129,638.7688340595138,2653.5584127908196,-444.1171275925579,1781.7262006346905,-1082.8859616520717,2084.9916690412124,0.8062009985801928,806.2009985801927,21.084690715184895,0.0,21.084690715184895,4.591806911792448,4.591806911792448
9,maneuvering_circular,150,0.5,1048.1677878438709,555.6434465040231,1933.116982323888,-6.062840398766561,884.949194480017,-561.7062869027897,1048.164600412049,0.48272731798180957,482.72731798180956,0.02689430316009861,0.0,0.02689430316009861,0.16399482662602077,0.16399482662602077
9,maneuvering_circular,150,1.0,1102.658477444273,494.60095002604527,2024.1074823342135,-59.84112066576975,921.4490048899404,-554.442070691815,1075.3949406453842,0.4933488519554655,493.34885195546553,0.18193710449253248,0.0,0.18193710449253248,0.42654085911262063,0.42654085911262063
9,maneuvering_circular,150,2.0,1048.1677878438709,441.2311659404862,2206.0884823548645,-167.39768119977612,1157.9206945109936,-608.6288471402623,1308.1320301667208,0.5792282706418637,579.2282706418637,1.3805569542746403,0.0,1.3805569542746403,1.1749710440154006,1.1749710440154006
9,maneuvering_circular,150,3.0,871.8322121561291,524.356553495977,2388.0694823755157,-274.9542417337825,1516.2372702193866,-799.3107952297595,1714.022522306276,0.7085504059771,708.5504059770999,4.597222466879735,0.0,4.597222466879735,2.144113445431406,2.144113445431406
9,maneuvering_circular,150,4.0,817.3415225557269,629.1006524188368,2570.050482396167,-382.5108022677889,1752.70895984044,-1011.6114546866257,2023.6962304550918,0.7912872651478935,791.2872651478935,10.831933642307815,0.0,10.831933642307815,3.291190307822964,3.291190307822964
9,maneuvering_circular,150,5.0,959.9999999999999,610.7106781186548,2752.031482416818,-490.06736280179524,1792.031482416818,-1100.77804092045,2103.114150336515,0.810523579716395,810.523579716395,21.084690480558884,0.0,21.084690480558884,4.591806886244116,4.591806886244116
9,maneuvering_circular,165,0.5,1102.658477444273,494.60095002604527,2008.9140350056432,-44.33135148242171,906.2555575613701,-538.9323015084669,1054.3942152819707,0.4851678211957358,485.1678211957358,0.02689430287954856,0.0,0.02689430287954856,0.16399482577065827,0.16399482577065827
9,maneuvering_circular,165,1.0,1102.658477444273,450.89934758116317,2092.93145609822,-91.31515676862317,990.2729786539471,-542.2145043497864,1128.9982909550595,0.5139068016813055,513.9068016813055,0.18193710400451324,0.0,0.18193710400451324,0.4265408585405544,0.4265408585405544
9,maneuvering_circular,165,2.0,960.0,469.2893218813453,2260.9662982833743,-185.28276734102607,1300.9662982833743,-654.5720892223713,1456.3577614233686,0.6293887043235017,629.3887043235017,1.3805569530748472,0.0,1.3805569530748472,1.1749710435048377,1.1749710435048377
9,maneuvering_circular,165,3.0,817.341522555727,585.3990499739547,2429.001140468529,-279.25037791342896,1611.6596179128019,-864.6494278873836,1828.9519832835465,0.7407555636348389,740.7555636348388,4.597222464572387,0.0,4.597222464572387,2.1441134448933403,2.1441134448933403
9,maneuvering_circular,165,4.0,871.832212156129,638.7688340595138,2597.0359826536833,-373.2179884858319,1725.2037704975542,-1011.9868225453456,2000.1113415868633,0.7854259980193692,785.4259980193692,10.831933638497134,0.0,10.831933638497134,3.2911903072440425,3.2911903072440425
9,maneuvering_circular,165,5.0,1048.1677878438709,555.643446504023,2765.0708248388373,-467.1855990582348,1716.9030369949664,-1022.8290455622578,1998.4832485883733,0.7850188317247665,785.0188317247665,21.084690474849083,0.0,21.084690474849083,4.591806885622378,4.591806885622378
9,maneuvering_circular,180,0.5,1102.658477444273,450.89934758116317,1966.6861417855082,-16.769030367331766,864.0276643412351,-467.66837794849494,982.475198913411,0.4566131486884476,456.6131486884476,0.02689430280730134,0.0,0.02689430280730134,0.1639948255503854,0.1639948255503854
9,maneuvering_circular,180,1.0,1048.1677878438709,441.2311659404862,2001.6361291772002,-34.91762551187618,953.4683413333294,-476.1487914523624,1065.7483518760307,0.4895997826212003,489.5997826212003,0.18193710375956204,0.0,0.18193710375956204,0.42654085825341753,0.42654085825341753
9,maneuvering_circular,180,2.0,871.8322121561291,524.356553495977,2071.5361039605846,-71.21481580096503,1199.7038918044555,-595.5713692969421,1339.4008675288333,0.5900999640417427,590.0999640417427,1.380556952168076,0.0,1.380556952168076,1.1749710431189682,1.1749710431189682
9,maneuvering_circular,180,3.0,817.3415225557269,629.1006524188368,2141.436078743969,-107.51200609005387,1324.0945561882422,-736.6126585088907,1515.197875659438,0.6483467166338865,648.3467166338866,4.597222462581914,0.0,4.597222462581914,2.1441134444291685,2.1441134444291685
9,maneuvering_circular,180,4.0,959.9999999999999,610.7106781186548,2211.336053527353,-143.8091963791427,1251.3360535273532,-754.5198744977974,1461.2125649164063,0.6309731564114786,630.9731564114785,10.831933635001073,0.0,10.831933635001073,3.2911903067129185,3.2911903067129185
9,maneuvering_circular,180,5.0,1102.658477444273,494.60095002604527,2281.2360283107378,-180.10638666823152,1178.5775508664647,-674.7073366942768,1358.040880679031,0.5965065227730877,596.5065227730877,21.084690469425556,0.0,21.084690469425556,4.591806885031812,4.591806885031812
9,maneuvering_circular,195,0.5,1048.1677878438709,441.2311659404862,1918.7987019642221,9.678146172703551,870.6309141203512,-431.55301976778264,971.7181677280356,0.4522710139630672,452.27101396306716,0.026894302771586817,0.0,0.026894302771586817,0.1639948254414962,0.1639948254414962
9,maneuvering_circular,195,1.0,960.0,469.2893218813453,1922.615739353559,8.254929850004485,962.6157393535591,-461.0343920313408,1067.3245861905868,0.4902134018115021,490.2134018115021,0.1819371036673034,0.0,0.1819371036673034,0.42654085814527004,0.42654085814527004
9,maneuvering_circular,195,2.0,817.341522555727,585.3990499739547,1930.2498141322326,5.408497204606355,1112.9082915765057,-579.9905527693484,1254.9716756809419,0.5603848873325036,560.3848873325036,1.380556951883098,0.0,1.380556951883098,1.1749710429976978,1.1749710429976978
9,maneuvering_circular,195,3.0,871.832212156129,638.7688340595138,1937.8838889109063,2.562064559208224,1066.0516767547774,-636.2067695003055,1241.4609261147477,0.5555231934661713,555.5231934661713,4.597222461998041,0.0,4.597222461998041,2.1441134442930116,2.1441134442930116
9,maneuvering_circular,195,4.0,1048.1677878438709,555.643446504023,1945.51796368958,-0.2843680861899074,897.3501758457091,-555.927814590213,1055.600811445963,0.48563979127155454,485.63979127155454,10.831933634012133,0.0,10.831933634012133,3.2911903065626777,3.2911903065626777
9,maneuvering_circular,195,5.0,1102.658477444273,450.89934758116317,1953.1520384682535,-3.130800731588039,850.4935610239804,-454.0301483127512,964.0968171922101,0.44918347572022244,449.1834757202224,21.084690467925373,0.0,21.084690467925373,4.591806884868458,4.591806884868458
9,maneuvering_circular,210,0.5,960.0,469.2893218813453,1901.4296912525888,18.564414490554142,941.4296912525888,-450.72490739079115,1043.7637691136736,0.48099948303254614,480.99948303254615,0.026894302768085788,0.0,0.026894302768085788,0.16399482543082203,0.16399482543082203
9,maneuvering_circular,210,1.0,871.8322121561291,524.356553495977,1897.5541961207891,20.861633561051757,1025.72198396466,-503.49491993492524,1142.6341158869163,0.519062046196525,519.062046196525,0.18193710366025717,0.0,0.18193710366025717,0.4265408581370103,0.4265408581370103
9,maneuvering_circular,210,2.0,817.3415225557269,629.1006524188368,1889.8032058571894,25.456071702046984,1072.4616833014625,-603.6445807167898,1230.674953827596,0.5516207912444936,551.6207912444936,1.380556951865082,0.0,1.380556951865082,1.1749710429900313,1.1749710429900313
9,maneuvering_circular,210,3.0,959.9999999999999,610.7106781186548,1882.0522155935898,30.050509843042207,922.05221559359,-580.6601682756126,1089.6543118360569,0.4988630646410899,498.8630646410899,4.5972224619638835,0.0,4.5972224619638835,2.144113444285046,2.144113444285046
9,maneuvering_circular,210,4.0,1102.658477444273,494.60095002604527,1874.3012253299903,34.64494798403743,771.6427478857172,-459.95600204200787,898.3273647057001,0.4221582260630572,422.1582260630572,10.83193363395666,0.0,10.83193363395666,3.2911903065542503,3.2911903065542503
9,maneuvering_circular,210,5.0,1048.167787843871,441.2311659404862,1866.5502350663905,39.23938612503266,818.3824472225194,-401.9917798154536,911.782441682837,0.4277422543797014,427.7422543797014,21.084690467843412,0.0,21.084690467843412,4.591806884859533,4.591806884859533
9,maneuvering_circular,225,0.5,871.8322121561291,524.356553495977,1898.9161395501305,22.69614018954577,1027.0839273940014,-501.6604133064312,1143.0505518960506,0.5192190115397369,519.2190115397369,0.026894302767979918,0.0,0.026894302767979918,0.16399482543049923,0.16399482543049923
9,maneuvering_circular,225,1.0,817.341522555727,585.3990499739547,1895.6041546900046,25.709980837291212,1078.2626321342777,-559.6890691366634,1214.8671359322407,0.5458674383971516,545.8674383971515,0.18193710365990032,0.0,0.18193710365990032,0.42654085813659204,0.42654085813659204
9,maneuvering_circular,225,2.0,871.832212156129,638.7688340595138,1888.9801849697528,31.73766213278209,1017.1479728136238,-607.0311719267316,1184.5154462013595,0.5347071999658639,534.7071999658639,1.3805569518636354,0.0,1.3805569518636354,1.1749710429894158,1.1749710429894158
9,maneuvering_circular,225,3.0,1048.1677878438709,555.643446504023,1882.3562152495012,37.76534342827297,834.1884274056304,-517.87810307575,981.8696767202946,0.456369215825666,456.36921582566595,4.597222461960563,0.0,4.597222461960563,2.1441134442842715,2.1441134442842715
9,maneuvering_circular,225,4.0,1102.658477444273,450.89934758116317,1875.7322455292494,43.79302472376386,773.0737680849763,-407.10632285739933,873.7154050442151,0.4118712057626899,411.8712057626899,10.831933633950683,0.0,10.831933633950683,3.291190306553342,3.291190306553342
9,maneuvering_circular,225,5.0,960.0000000000001,469.28932188134524,1869.1082758089976,49.82070601925474,909.1082758089975,-419.4686158620905,1001.2151501239213,0.46413355091364017,464.1335509136402,21.084690467833994,0.0,21.084690467833994,4.591806884858507,4.591806884858507
9,maneuvering_circular,240,0.5,817.341522555727,585.3990499739547,1897.6791723505908,27.527928838553773,1080.3376497948639,-557.8711211354009,1215.8740170598098,0.5462351061102191,546.2351061102191,0.026894302767859382,0.0,0.026894302767859382,0.16399482543013175,0.16399482543013175
9,maneuvering_circular,240,1.0,817.3415225557269,629.1006524188368,1895.1617066502974,31.24740050452522,1077.8201840945705,-597.8532519143116,1232.5278333839651,0.5522925087119863,552.2925087119863,0.1819371036595502,0.0,0.1819371036595502,0.4265408581361816,0.4265408581361816
9,maneuvering_circular,240,2.0,959.9999999999999,610.7106781186548,1890.1267752497104,38.68634383646812,930.1267752497105,-572.0243342821866,1091.946728117908,0.4997464882977705,499.7464882977705,1.3805569518624636,0.0,1.3805569518624636,1.174971042988917,1.174971042988917
9,maneuvering_circular,240,3.0,1102.658477444273,494.60095002604527,1885.0918438491235,46.12528716841101,782.4333664048504,-448.47566285763423,901.8494292503717,0.4236226534169507,423.6226534169507,4.597222461958086,0.0,4.597222461958086,2.144113444283694,2.144113444283694
9,maneuvering_circular,240,4.0,1048.167787843871,441.2311659404862,1880.0569124485367,53.56423050035391,831.8891246046655,-387.6669354401323,917.7827457895798,0.43022334486324026,430.22334486324024,10.831933633946418,0.0,10.831933633946418,3.291190306552694,3.291190306552694
9,maneuvering_circular,240,5.0,871.8322121561291,524.356553495977,1875.0219810479496,61.00317383229681,1003.1897688918204,-463.3533796636802,1105.0276317155958,0.5047711550124511,504.77115501245106,21.08469046782746,0.0,21.08469046782746,4.591806884857796,4.591806884857796
9,maneuvering_circular,255,0.5,817.3415225557269,629.1006524188368,1898.4467668093296,33.27091749004253,1081.1052442536027,-595.8297349287943,1234.423599166007,0.5529791984600673,552.9791984600673,0.026894302767833632,0.0,0.026894302767833632,0.16399482543005323,0.16399482543005323
9,maneuvering_circular,255,1.0,871.832212156129,638.7688340595138,1897.223549484029,37.77850198401316,1025.3913373279001,-600.9903320755006,1188.5355585405596,0.5361939711436565,536.1939711436565,0.1819371036594906,0.0,0.1819371036594906,0.4265408581361117,0.4265408581361117
9,maneuvering_circular,255,2.0,1048.1677878438709,555.643446504023,1894.7771148334282,46.79367097195442,846.6093269895573,-508.8497755320686,987.7628493746603,0.4587407789114406,458.7407789114406,1.3805569518622938,0.0,1.3805569518622938,1.1749710429888447,1.1749710429888447
9,maneuvering_circular,255,3.0,1102.658477444273,450.89934758116317,1892.3306801828273,55.80883995989568,789.6722027385542,-395.0905076212675,882.9941658869503,0.41576044061584055,415.76044061584054,4.59722246195775,0.0,4.59722246195775,2.1441134442836156,2.1441134442836156
9,maneuvering_circular,255,4.0,960.0000000000001,469.28932188134524,1889.8842455322267,64.82400894783694,929.8842455322266,-404.4653129335083,1014.0398904655768,0.4692477813166586,469.24778131665863,10.831933633945857,0.0,10.831933633945857,3.291190306552609,3.291190306552609
9,maneuvering_circular,255,5.0,817.341522555727,585.3990499739547,1887.4378108816259,73.83917793577821,1070.096288325899,-511.5598720381765,1186.085818551331,0.5352882880270871,535.2882880270871,21.08469046782662,0.0,21.08469046782662,4.5918068848577045,4.5918068848577045
9,maneuvering_circular,270,0.5,871.832212156129,638.7688340595138,1899.9235281524102,39.61504925392486,1028.091315996281,-599.1537848055889,1189.9399194387197,0.53671273236032,536.71273236032,0.026894302767832615,0.0,0.026894302767832615,0.16399482543005012,0.16399482543005012
9,maneuvering_circular,270,1.0,959.9999999999999,610.7106781186548,1899.719478623196,44.84145865435555,939.7194786231961,-565.8692194642992,1096.941508030846,0.5016683676077616,501.6683676077616,0.1819371036594888,0.0,0.1819371036594888,0.42654085813610965,0.42654085813610965
9,maneuvering_circular,270,2.0,1102.658477444273,494.60095002604527,1899.3113795647675,55.294277455216914,796.6529021204944,-439.30667257082837,909.7506246341682,0.4269008344307576,426.9008344307576,1.3805569518622895,0.0,1.3805569518622895,1.174971042988843,1.174971042988843
9,maneuvering_circular,270,3.0,1048.167787843871,441.2311659404862,1898.9032805063393,65.74709625607828,850.7354926624682,-375.4840696844079,929.9135255831145,0.4352221219336085,435.2221219336085,4.597222461957742,0.0,4.597222461957742,2.144113444283614,2.144113444283614
9,maneuvering_circular,270,4.0,871.8322121561291,524.356553495977,1898.495181447911,76.19991505693966,1026.6629692917818,-448.15663843903735,1120.2148120302625,0.510570082800751,510.570082800751,10.831933633945845,0.0,10.831933633945845,3.291190306552607,3.291190306552607
9,maneuvering_circular,270,5.0,817.3415225557269,629.1006524188368,1898.0870823894825,86.65273385780102,1080.7455598337556,-542.4479185610357,1209.2397237320554,0.5438095350301138,543.8095350301138,21.084690467826597,0.0,21.084690467826597,4.591806884857703,4.591806884857703
9,maneuvering_circular,285,0.5,959.9999999999999,610.7106781186548,1900.548194228155,46.8275456347329,940.548194228155,-563.8831324839218,1096.6289676849337,0.5015482276582152,501.5482276582152,0.026894302767832362,0.0,0.026894302767832362,0.16399482543004934,0.16399482543004934
9,maneuvering_circular,285,1.0,1048.1677878438709,555.643446504023,1900.6479309822514,52.8160817982875,852.4801431383805,-502.82736470573553,989.726100061097,0.4595296106745704,459.5296106745704,0.18193710365948798,0.0,0.18193710365948798,0.42654085813610865,0.42654085813610865
9,maneuvering_circular,285,2.0,1102.658477444273,450.89934758116317,1900.847404490444,64.79315412539668,798.1889270461709,-386.1061934557665,886.6699249912672,0.41729747357923275,417.29747357923276,1.3805569518622864,0.0,1.3805569518622864,1.1749710429888416,1.1749710429888416
9,maneuvering_circular,285,3.0,960.0000000000001,469.28932188134524,1901.0468779986368,76.77022645250588,941.0468779986367,-392.51909542883936,1019.6276118599649,0.47146779538317085,471.4677953831708,4.597222461957735,0.0,4.597222461957735,2.144113444283612,2.144113444283612
9,maneuvering_circular,285,4.0,817.341522555727,585.3990499739547,1901.2463515068296,88.74729877961508,1083.9048289511024,-496.65175119433957,1192.27204957087,0.5375734981299846,537.5734981299846,10.831933633945832,0.0,10.831933633945832,3.2911903065526054,3.2911903065526054
9,maneuvering_circular,285,5.0,871.8322121561289,638.7688340595138,1901.4458250150221,100.72437110672426,1029.6136128588932,-538.0444629527896,1161.7211523848994,0.5262275040990827,526.2275040990827,21.08469046782658,0.0,21.08469046782658,4.5918068848577,4.5918068848577
0,random_walk_accel,60,0.5,956.7059557210468,582.114116374228,971.0784945288342,574.1247939386578,14.37253880778735,-7.989322435570216,16.443817828012417,0.008221723655092009,8.221723655092008,0.026905574491387148,0.0,0.026905574491387148,0.16402918792515905,0.16402918792515905
0,random_walk_accel,60,1.0,941.122755712182,600.3296698183786,969.5946989631478,580.094689033488,28.471943250965865,-20.234980784890695,34.93001574364255,0.01746323243333577,17.46323243333577,0.1819731994633959,0.0,0.1819731994633959,0.4265831682842115,0.4265831682842115
0,random_walk_accel,60,2.0,902.369199833949,636.6163957030635,966.6271078317749,592.0344792231481,64.2579079978259,-44.581916479915435,78.20886150097834,0.03908451675339292,39.08451675339292,1.3806867190559946,0.0,1.3806867190559946,1.1750262631345711,1.1750262631345711
0,random_walk_accel,60,3.0,860.4245427551589,654.0465850684459,963.659516700402,603.9742694128082,103.23497394524315,-50.07231565563768,114.73751191564533,0.057305943092358244,57.30594309235824,4.597504598180035,0.0,4.597504598180035,2.144179236486548,2.144179236486548
0,random_walk_accel,60,4.0,809.338585128124,659.0542527821502,960.6919255690291,615.9140596024683,151.35334044090507,-43.14019317968189,157.38141545367031,0.07852888494113032,78.52888494113031,10.832426836835518,0.0,10.832426836835518,3.2912652334376697,3.2912652334376697
0,random_walk_accel,60,5.0,764.8101843397012,662.7535117228714,957.7243344376562,627.8538497921285,192.91415009795503,-34.89966193074292,196.0455449911996,0.09771062068422086,97.71062068422086,21.08545343502244,0.0,21.08545343502244,4.591889963296425,4.591889963296425
0,random_walk_accel,75,0.5,941.122755712182,600.3296698183786,952.5116817262277,588.4186578257145,11.388926014045751,-11.911011992664157,16.479679682651522,0.008239653367721585,8.239653367721585,0.026898992663005855,0.0,0.026898992663005855,0.1640091237187915,0.1640091237187915
0,random_walk_accel,75,1.0,921.8986387644876,620.0390426611702,944.4011773716688,597.7513362226631,22.502538607181236,-22.287706438507144,31.671850309963812,0.015834601594697354,15.834601594697354,0.181949164069561,0.0,0.181949164069561,0.42655499536350644,0.42655499536350644
0,random_walk_accel,75,2.0,882.9101535749719,647.2942934470692,928.1801686625512,616.4166930165604,45.27001508757928,-30.877600430508778,54.79781450364432,0.027392054217327294,27.392054217327296,1.3805941441614513,0.0,1.3805941441614513,1.1749868697825738,1.1749868697825738
0,random_walk_accel,75,3.0,834.392672860155,656.7345173420397,911.9591599534336,635.0820498104576,77.56648709327862,-21.652467531582033,80.53191460655815,0.040244216748137114,40.24421674813711,4.5972986406250484,0.0,4.5972986406250484,2.144131208817466,2.144131208817466
0,random_walk_accel,75,4.0,788.2796049019457,661.2573774128243,895.738151244316,653.7474066043549,107.45854634237025,-7.509970808469461,107.7206518897811,0.05380833464592682,53.80833464592682,10.832062653460351,0.0,10.832062653460351,3.291209907231739,3.291209907231739
0,random_walk_accel,75,5.0,741.8439469476979,668.889567688299,879.5171425351983,672.4127633982522,137.67319558750046,3.523195709953143,137.71826927203517,0.06875060950924172,68.75060950924173,21.08488618266736,0.0,21.08488618266736,4.5918281961183345,4.5918281961183345
0,random_walk_accel,90,0.5,921.8986387644876,620.0390426611702,929.9122371159629,612.0984750901134,8.013598351475252,-7.9405675710568175,11.281417104658708,0.005640648728881814,5.640648728881814,0.026894777890408124,0.0,0.026894777890408124,0.16399627401379618,0.16399627401379618
0,random_walk_accel,90,1.0,902.369199833949,636.6163957030635,916.2825572228671,626.9803644532773,13.913357388918143,-9.636031249786242,16.924379222843598,0.00846198763143328,8.46198763143328,0.18193808888525917,0.0,0.18193808888525917,0.4265420130365345,0.4265420130365345
0,random_walk_accel,90,2.0,860.4245427551589,654.0465850684459,889.0231974366757,656.7441431796049,28.59865468151679,2.697558111158969,28.725596066151905,0.014361810521588919,14.361810521588918,1.380559551442633,0.0,1.380559551442633,1.174972149219986,1.174972149219986
0,random_walk_accel,90,3.0,809.338585128124,659.0542527821502,861.7638376504843,686.5079219059326,52.425252522360324,27.453669123782333,59.17863677368182,0.029580687497096258,29.580687497096257,4.597227468090236,0.0,4.597227468090236,2.144114611696454,2.144114611696454
0,random_walk_accel,90,4.0,764.8101843397012,662.7535117228714,834.5044778642929,716.2717006322603,69.69429352459167,53.51818890938887,87.87201542034286,0.04390776945149573,43.90776945149573,10.831941838828067,0.0,10.831941838828067,3.2911915530439835,3.2911915530439835
0,random_walk_accel,90,5.0,724.264682799911,682.1387159799375,807.2451180781014,746.0354793585878,82.98043527819038,63.89676337865035,104.73084077398202,0.052317634593517334,52.31763459351733,21.084702663656127,0.0,21.084702663656127,4.59180821285647,4.59180821285647
0,random_walk_accel,105,0.5,902.369199833949,636.6163957030635,906.8527914025706,637.353020982211,4.483591568621591,0.7366252791474608,4.543700051290104,0.0022718461170887203,2.2718461170887205,0.02689432630076509,0.0,0.02689432630076509,0.1639948971790436,0.1639948971790436
0,random_walk_accel,105,1.0,882.9101535749719,647.2942934470692,889.5713900515148,656.1580399435727,6.661236476542854,8.863746496503495,11.087744285953885,0.005543815347944267,5.543815347944267,0.18193717492667874,0.0,0.18193717492667874,0.4265409416769728,0.4265409416769728
0,random_walk_accel,105,2.0,834.392672860155,656.7345173420397,855.0085873494033,693.7680778662962,20.615914489248325,37.03356052425647,42.38514522013303,0.021189400759087533,21.189400759087533,1.3805572158828643,0.0,1.3805572158828643,1.174971155340787,1.174971155340787
0,random_walk_accel,105,3.0,788.2796049019457,661.2573774128243,820.4457846472918,731.3781157890196,32.166179745346085,70.12073837619528,77.14649097549893,0.03855413156542157,38.55413156542157,4.597223048444861,0.0,4.597223048444861,2.144113581050421,2.144113581050421
0,random_walk_accel,105,4.0,741.8439469476979,668.889567688299,785.8829819451803,768.988153711743,44.03903499748242,100.098586023444,109.35796051226586,0.05462458489576075,54.62458489576075,10.831934672612668,0.0,10.831934672612668,3.291190464347615,3.291190464347615
0,random_walk_accel,105,5.0,704.8316079287669,697.1802923567571,751.3201792430689,806.5981916344665,46.48857131430202,109.41789927770935,118.88424599244381,0.05937226078725686,59.37226078725686,21.084692088386284,0.0,21.084692088386284,4.591807061319789,4.591807061319789
0,random_walk_accel,120,0.5,882.9101535749719,647.2942934470692,882.890305706356,656.8095149627499,-0.019847868615897823,9.51522151568065,9.515242216063687,0.0047575852123337235,4.757585212333724,0.02689431924017275,0.0,0.02689431924017275,0.16399487565217624,0.16399487565217624
0,random_walk_accel,120,1.0,860.4245427551589,654.0465850684459,863.1418275225828,675.7043228172226,2.717284767423962,21.657737748776754,21.827534008725397,0.010913333721269495,10.913333721269495,0.18193715068894867,0.0,0.18193715068894867,0.42654091326500987,0.42654091326500987
0,random_walk_accel,120,2.0,809.338585128124,659.0542527821502,823.6448711550364,713.4939385261682,14.306286026912403,54.43968574401799,56.28809113650298,0.028136618250751765,28.136618250751766,1.38055710781602,0.0,1.38055710781602,1.1749711093537663,1.1749711093537663
0,random_walk_accel,120,3.0,764.8101843397012,662.7535117228714,784.14791478749,751.2835542351139,19.337730447788772,88.53004251224252,90.61741690255138,0.04527774215141612,45.27774215141612,4.5972227905824505,0.0,4.5972227905824505,2.1441135209177826,2.1441135209177826
0,random_walk_accel,120,4.0,724.264682799911,682.1387159799375,744.6509584199434,789.0731699440595,20.386275620032393,106.93445396412199,108.86035861717916,0.05437652223411502,54.37652223411502,10.83193419898824,0.0,10.83193419898824,3.2911903923942534,3.2911903923942534
0,random_walk_accel,120,5.0,685.8120652773766,708.012814613861,705.154002052397,826.8627856530051,19.341936775020372,118.84997103914407,120.41356291636865,0.06013419228639157,60.134192286391574,21.084691333033387,0.0,21.084691333033387,4.59180697906972,4.59180697906972
0,random_walk_accel,135,0.5,860.4245427551589,654.0465850684459,863.5032198532795,665.2043959028271,3.078677098120579,11.157810834381166,11.574756813442168,0.005787313794353314,5.787313794353314,0.026894306131107992,0.0,0.026894306131107992,0.16399483568426168,0.16399483568426168
0,random_walk_accel,135,1.0,834.392672860155,656.7345173420397,843.8857774621874,679.9344816666786,9.493104602032417,23.199964324638927,25.067057658401954,0.012532872596441098,12.532872596441099,0.1819371114838094,0.0,0.1819371114838094,0.42654086730793966,0.42654086730793966
0,random_walk_accel,135,2.0,788.2796049019457,661.2573774128243,804.6508926800034,709.3946531943819,16.37128777805765,48.137275781557605,50.84502318990239,0.02541703682669045,25.41703682669045,1.3805569742960409,0.0,1.3805569742960409,1.1749710525353554,1.1749710525353554
0,random_walk_accel,135,3.0,741.8439469476979,668.889567688299,765.4160078978193,738.8548247220851,23.572060950121454,69.96525703378609,73.82939285433677,0.03689794230171932,36.89794230171932,4.597222506584044,0.0,4.597222506584044,2.1441134546903164,2.1441134546903164
0,random_walk_accel,135,4.0,704.8316079287669,697.1802923567571,726.1811231156352,768.3149962497885,21.349515186868302,71.13470389303131,74.26942773889917,0.037117658549760305,37.11765854976031,10.831933708347819,0.0,10.831933708347819,3.2911903178558086,3.2911903178558086
0,random_walk_accel,135,5.0,670.2554952228242,719.7142044751538,686.9462383334511,797.7751677774917,16.690743110626954,78.06096330233788,79.82540258134551,0.03989152756512026,39.891527565120256,21.084690579587363,0.0,21.084690579587363,4.591806897027287,4.591806897027287
0,random_walk_accel,150,0.5,834.392672860155,656.7345173420397,840.6354211175321,666.213556981569,6.242748257377116,9.479039639529333,11.350070409154005,0.005674974282313153,5.674974282313153,0.026894302934260268,0.0,0.026894302934260268,0.1639948259374675,0.1639948259374675
0,random_walk_accel,150,1.0,809.338585128124,659.0542527821502,819.708486645988,675.664534971976,10.369901517864037,16.61028218982574,19.581530377267274,0.009790452362034921,9.790452362034921,0.18193710398793245,0.0,0.18193710398793245,0.42654085852111806,0.42654085852111806
0,random_walk_accel,150,2.0,764.8101843397012,662.7535117228714,777.8546177028998,694.5664909527898,13.04443336319855,31.81297922991837,34.38346825510982,0.017190040722709438,17.190040722709437,1.3805569527522947,0.0,1.3805569527522947,1.174971043367578,1.174971043367578
0,random_walk_accel,150,3.0,724.264682799911,682.1387159799375,736.0007487598115,713.4684469336037,11.73606595990043,31.32973095366617,33.455751162456984,0.01672631556826408,16.72631556826408,4.597222463726014,0.0,4.597222463726014,2.144113444695969,2.144113444695969
0,random_walk_accel,150,4.0,685.8120652773766,708.012814613861,694.1468798167232,732.3704029144175,8.334814539346553,24.357588300556472,25.7441496504489,0.012871363969868193,12.871363969868193,10.83193363690909,0.0,10.83193363690909,3.2911903070027857,3.2911903070027857
0,random_walk_accel,150,5.0,655.8970282525551,733.5716254688897,652.2930108736349,751.2723588952314,-3.6040173789201617,17.700733426341685,18.063911677650786,0.009031710253221244,9.031710253221245,21.084690472301524,0.0,21.084690472301524,4.591806885344975,4.591806885344975
0,random_walk_accel,165,0.5,809.338585128124,659.0542527821502,812.7626305426702,664.4640301099068,3.4240454145461854,5.409777327756615,6.402325963021897,0.003201152046998253,3.201152046998253,0.02689430280725899,0.0,0.02689430280725899,0.1639948255502563,0.1639948255502563
0,random_walk_accel,165,1.0,788.2796049019457,661.2573774128243,789.0933629411512,669.5785923820341,0.8137580392054815,8.321214969209791,8.360910279997785,0.00418043078742366,4.18043078742366,0.18193710378596373,0.0,0.18193710378596373,0.42654085828436616,0.42654085828436616
0,random_walk_accel,165,2.0,741.8439469476979,668.889567688299,741.7548277381134,679.8077169262885,-0.08911920958450992,10.918149237989496,10.918512948956355,0.005459202240498658,5.459202240498658,1.3805569523176144,0.0,1.3805569523176144,1.174971043182603,1.174971043182603
0,random_walk_accel,165,3.0,704.8316079287669,697.1802923567571,694.4162925350755,690.036841470543,-10.415315393691344,-7.143450886214168,12.629635201137754,0.006314733664082258,6.314733664082258,4.597222462948253,0.0,4.597222462948253,2.144113444514598,2.144113444514598
0,random_walk_accel,165,4.0,670.2554952228242,719.7142044751538,647.0777573320377,700.2659660147973,-23.17773789078649,-19.448238460356492,30.256264028212225,0.015126978095882081,15.12697809588208,10.831933635677881,0.0,10.831933635677881,3.2911903068157393,3.2911903068157393
0,random_walk_accel,165,5.0,639.9700997483495,745.2194178652423,599.7392221289998,710.4950905590517,-40.23087761934971,-34.72432730619062,53.14416638626058,0.026565831874684528,26.565831874684527,21.084690470506498,0.0,21.084690470506498,4.5918068851495155,4.5918068851495155
0,random_walk_accel,180,0.5,788.2796049019457,661.2573774128243,783.5227960268872,661.7342255171444,-4.756808875058482,0.4768481043200836,4.780650038271867,0.0023903204666550796,2.3903204666550795,0.02689430278445734,0.0,0.02689430278445734,0.16399482548073688,0.16399482548073688
0,random_walk_accel,180,1.0,764.8101843397012,662.7535117228714,757.828746052083,663.9413387369945,-6.981438287618175,1.1878270141230587,7.081766275393555,0.0035408683394502105,3.5408683394502107,0.18193710370231111,0.0,0.18193710370231111,0.4265408581863068,0.4265408581863068
0,random_walk_accel,180,2.0,724.264682799911,682.1387159799375,706.4406461024746,668.3555651766943,-17.82403669743644,-13.783150803243188,22.53156741677117,0.011265307134871916,11.265307134871916,1.3805569519945013,0.0,1.3805569519945013,1.1749710430451048,1.1749710430451048
0,random_walk_accel,180,3.0,685.8120652773766,708.012814613861,655.0525461528662,672.7697916163943,-30.75951912451046,-35.24302299746671,46.77839978848242,0.023384936236602934,23.384936236602933,4.597222462228669,0.0,4.597222462228669,2.144113444346793,2.144113444346793
0,random_walk_accel,180,4.0,655.8970282525551,733.5716254688897,603.6644462032577,677.1840180560941,-52.23258204929732,-56.387607412795546,76.86224624141641,0.03841221957153976,38.41221957153976,10.831933634404812,0.0,10.831933634404812,3.291190306622334,3.291190306622334
0,random_walk_accel,180,5.0,619.7613369696057,751.5204512033977,552.2763462536493,681.5982444957941,-67.48499071595643,-69.92220670760355,97.176843758138,0.048550239538355765,48.55023953835576,21.084690468522933,0.0,21.084690468522933,4.5918068849335265,4.5918068849335265
0,random_walk_accel,195,0.5,764.8101843397012,662.7535117228714,762.9036869618607,663.6550059469403,-1.9064973778405374,0.9014942240688697,2.108891672832528,0.001054445445619207,1.0544454456192072,0.02689430276953758,0.0,0.02689430276953758,0.16399482543524835,0.16399482543524835
0,random_walk_accel,195,1.0,741.8439469476979,668.889567688299,739.2573946274606,665.7473550881074,-2.586552320237274,-3.1422126001916695,4.069859079885705,0.0020349267311106536,2.034926731110654,0.18193710366303087,0.0,0.18193710366303087,0.4265408581402617,0.4265408581402617
0,random_walk_accel,195,2.0,704.8316079287669,697.1802923567571,691.9648099586603,669.9320533704414,-12.866797970106518,-27.248238986315755,30.133387095693625,0.015065553630235567,15.065553630235568,1.3805569518716465,0.0,1.3805569518716465,1.1749710429928248,1.1749710429928248
0,random_walk_accel,195,3.0,670.2554952228242,719.7142044751538,644.6722252898601,674.1167516527755,-25.583269932964072,-45.59745282237827,52.28414104058625,0.02613611772893407,26.13611772893407,4.597222461975768,0.0,4.597222461975768,2.1441134442878176,2.1441134442878176
0,random_walk_accel,195,4.0,639.9700997483495,745.2194178652423,597.3796406210597,678.3014499351096,-42.59045912728982,-66.9179679301327,79.3218862645841,0.039640167309137504,39.6401673091375,10.831933633975394,0.0,10.831933633975394,3.2911903065570964,3.2911903065570964
0,random_walk_accel,195,5.0,595.5842215856712,755.3106311930699,550.0870559522594,682.4861482174438,-45.49716563341178,-72.8244829756261,85.8684889895086,0.04290789269672975,42.90789269672975,21.084690467870526,0.0,21.084690467870526,4.591806884862486,4.591806884862486
0,random_walk_accel,210,0.5,741.8439469476979,668.889567688299,743.0543611189869,664.3500270038094,1.2104141712890168,-4.53954068448968,4.698141344424868,0.00234906635139859,2.34906635139859,0.026894302767915317,0.0,0.026894302767915317,0.16399482543030228,0.16399482543030228
0,random_walk_accel,210,1.0,724.264682799911,682.1387159799375,720.7390811127517,665.9243428025648,-3.5256016871593374,-16.21437317737275,16.593244552877707,0.008296431921230557,8.296431921230557,0.18193710365973767,0.0,0.18193710365973767,0.42654085813640136,0.42654085813640136
0,random_walk_accel,210,2.0,685.8120652773766,708.012814613861,676.1085211002812,669.0729744000756,-9.70354417709541,-38.939840213785374,40.130660665779956,0.02006263809897051,20.06263809897051,1.3805569518632097,0.0,1.3805569518632097,1.1749710429892346,1.1749710429892346
0,random_walk_accel,210,3.0,655.8970282525551,733.5716254688897,631.4779610878107,672.2216059975864,-24.41906716474432,-61.35001947130331,66.03117241368345,0.03300359806492127,33.00359806492127,4.5972224619597855,0.0,4.5972224619597855,2.1441134442840903,2.1441134442840903
0,random_walk_accel,210,4.0,619.7613369696057,751.5204512033977,586.8474010753403,675.3702375950971,-32.91393589426548,-76.15021360830053,82.95891880106453,0.04145569482873697,41.455694828736966,10.831933633949463,0.0,10.831933633949463,3.291190306553157,3.291190306553157
0,random_walk_accel,210,5.0,571.318750859857,762.0331255395665,542.2168410628698,678.518869192608,-29.10190979698723,-83.51425634695852,88.43953961332839,0.044190981305042516,44.19098130504251,21.084690467832246,0.0,21.084690467832246,4.591806884858317,4.591806884858317
0,random_walk_accel,225,0.5,724.264682799911,682.1387159799375,718.29660814072,670.1031981544692,-5.968074659191075,-12.035517825468332,13.433972028586506,0.006716884998257554,6.716884998257554,0.026894302767890305,0.0,0.026894302767890305,0.163994825430226,0.163994825430226
0,random_walk_accel,225,1.0,704.8316079287669,697.1802923567571,695.1041070612042,673.4172884405416,-9.72750086756264,-23.763003916215553,25.67692793638888,0.012837758666384948,12.837758666384948,0.18193710365965376,0.0,0.18193710365965376,0.426540858136303,0.426540858136303
0,random_walk_accel,225,2.0,670.2554952228242,719.7142044751538,648.719104902173,680.0454690126865,-21.536390320651208,-39.66873546246734,45.13784090133967,0.022565089748353903,22.565089748353902,1.380556951862837,0.0,1.380556951862837,1.1749710429890758,1.1749710429890758
0,random_walk_accel,225,3.0,639.9700997483495,745.2194178652423,602.3341027431416,686.6736495848313,-37.63599700520797,-58.54576828041104,69.59939119072527,0.03478565809839855,34.78565809839855,4.5972224619588955,0.0,4.5972224619588955,2.144113444283883,2.144113444283883
0,random_walk_accel,225,4.0,595.5842215856712,755.3106311930699,555.9491005841103,693.3018301569762,-39.63512100156095,-62.0088010360937,73.59371048358842,0.036780260968708914,36.780260968708916,10.831933633947829,0.0,10.831933633947829,3.2911903065529087,3.2911903065529087
0,random_walk_accel,225,5.0,548.0884588286114,767.3565236613493,509.5640984250789,699.930010729121,-38.524360403532455,-67.42651293222832,77.6560428472969,0.03880852648275602,38.808526482756015,21.084690467829635,0.0,21.084690467829635,4.591806884858033,4.591806884858033
0,random_walk_accel,240,0.5,704.8316079287669,697.1802923567571,701.3778973296508,686.9633124266498,-3.453710599116107,-10.2169799301073,10.784933740856376,0.005392414602699873,5.392414602699874,0.02689430276784422,0.0,0.02689430276784422,0.1639948254300855,0.1639948254300855
0,random_walk_accel,240,1.0,685.8120652773766,708.012814613861,680.7118583013847,695.618975144579,-5.1002069759919095,-12.393839469281943,13.402215040368791,0.0067010072188286585,6.701007218828659,0.18193710365951557,0.0,0.18193710365951557,0.426540858136141,0.426540858136141
0,random_walk_accel,240,2.0,655.8970282525551,733.5716254688897,639.3797802448527,712.9303005804375,-16.517248007702392,-20.641324888452232,26.4364100228943,0.013217435259722606,13.217435259722606,1.3805569518623655,0.0,1.3805569518623655,1.1749710429888753,1.1749710429888753
0,random_walk_accel,240,3.0,619.7613369696057,751.5204512033977,598.0477021883206,730.2416260162958,-21.713634781285123,-21.278825187101916,30.401814695150648,0.015199736697557836,15.199736697557837,4.597222461957892,0.0,4.597222461957892,2.144113444283649,2.144113444283649
0,random_walk_accel,240,4.0,571.318750859857,762.0331255395665,556.7156241317884,747.5529514521542,-14.60312672806856,-14.480174087412365,20.565183000347915,0.010282229124577125,10.282229124577125,10.831933633946095,0.0,10.831933633946095,3.2911903065526453,3.2911903065526453
0,random_walk_accel,240,5.0,523.0237710566655,767.6182039167817,515.3835460752564,764.8642768880126,-7.640224981409119,-2.7539270287691124,8.121400854922323,0.004060678108329086,4.060678108329086,21.084690467826974,0.0,21.084690467826974,4.591806884857744,4.591806884857744
0,random_walk_accel,255,0.5,685.8120652773766,708.012814613861,686.5357413642403,709.2758260093369,0.7236760868636338,1.2630113954759281,1.4556458579614457,0.0007278228004651351,0.727822800465135,0.026894302767832824,0.0,0.026894302767832824,0.16399482543005076,0.16399482543005076
0,random_walk_accel,255,1.0,670.2554952228242,719.7142044751538,667.9684330116488,723.085653110559,-2.287062211175339,3.3714486354051587,4.073980787750666,0.0020369875765006555,2.0369875765006555,0.18193710365948879,0.0,0.18193710365948879,0.4265408581361096,0.4265408581361096
0,random_walk_accel,255,2.0,639.9700997483495,745.2194178652423,630.8338163064657,750.705307313003,-9.136283441883847,5.4858894477606555,10.656765839760798,0.005328332493519274,5.328332493519274,1.3805569518622884,0.0,1.3805569518622884,1.1749710429888425,1.1749710429888425
0,random_walk_accel,255,3.0,595.5842215856712,755.3106311930699,593.6991996012827,778.3249615154471,-1.8850219843885725,23.01433032237719,23.091399006320913,0.011545186518047805,11.545186518047805,4.597222461957738,0.0,4.597222461957738,2.144113444283613,2.144113444283613
0,random_walk_accel,255,4.0,548.0884588286114,767.3565236613493,556.5645828960996,805.9446157178912,8.476124067488286,38.58809205654188,39.50804383630763,0.01975145303900866,19.75145303900866,10.83193363394584,0.0,10.83193363394584,3.2911903065526062,3.2911903065526062
0,random_walk_accel,255,5.0,497.16611298519496,764.8412345226818,519.4299661909165,833.5642699203353,22.263853205721546,68.72303539765346,72.23942658848455,0.03610401791351806,36.104017913518064,21.08469046782659,0.0,21.08469046782659,4.591806884857702,4.591806884857702
0,random_walk_accel,270,0.5,670.2554952228242,719.7142044751538,666.1624272294658,723.1967753924864,-4.093067993358318,3.482570917332623,5.374151634677354,0.0026870693501337122,2.6870693501337124,0.026894302767832362,0.0,0.026894302767832362,0.16399482543004934,0.16399482543004934
0,random_walk_accel,270,1.0,655.8970282525551,733.5716254688897,646.9560805704044,736.8724022448797,-8.940947682150636,3.300776775990016,9.530775035634294,0.004765351446043533,4.765351446043533,0.18193710365948806,0.0,0.18193710365948806,0.42654085813610876,0.42654085813610876
0,random_walk_accel,270,2.0,619.7613369696057,751.5204512033977,608.5433872522817,764.2236559496661,-11.217949717324018,12.703204746268398,16.94738347610114,0.008473488933349349,8.47348893334935,1.3805569518622869,0.0,1.3805569518622869,1.1749710429888418,1.1749710429888418
0,random_walk_accel,270,3.0,571.318750859857,762.0331255395665,570.1306939341589,791.5749096544525,-1.1880569256981062,29.541784114886013,29.565664003185027,0.014781755301549685,14.781755301549685,4.5972224619577355,0.0,4.5972224619577355,2.1441134442836125,2.1441134442836125
0,random_walk_accel,270,4.0,523.0237710566655,767.6182039167817,531.7180006160361,818.926163359239,8.69422955937057,51.30795944245733,52.03937288034782,0.026013816839526863,26.013816839526864,10.831933633945834,0.0,10.831933633945834,3.2911903065526054,3.2911903065526054
0,random_walk_accel,270,5.0,471.0351348831853,761.3359319583924,493.3053072979134,846.2774170640255,22.27017241472805,84.94148510563309,87.81239360894453,0.04387801594219931,43.87801594219931,21.084690467826583,0.0,21.084690467826583,4.591806884857701,4.591806884857701
0,random_walk_accel,285,0.5,655.8970282525551,733.5716254688897,651.7145551609606,731.4723735858282,-4.182473091594488,-2.09925188306147,4.6797371326228445,0.002339864296077088,2.3398642960770877,0.026894302767832282,0.0,0.026894302767832282,0.16399482543004912,0.16399482543004912
0,random_walk_accel,285,1.0,639.9700997483495,745.2194178652423,634.3838005233754,743.1538222760074,-5.586299224974141,-2.065595589234931,5.955957032183282,0.002977969712880561,2.977969712880561,0.18193710365948776,0.0,0.18193710365948776,0.4265408581361084,0.4265408581361084
0,random_walk_accel,285,2.0,595.5842215856712,755.3106311930699,599.7222912482049,766.5167196563656,4.138069662533667,11.206088463295714,11.945712167099574,0.0059727850578369926,5.972785057836993,1.3805569518622858,0.0,1.3805569518622858,1.1749710429888414,1.1749710429888414
0,random_walk_accel,285,3.0,548.0884588286114,767.3565236613493,565.0607819730345,789.8796170367239,16.97232314442317,22.523093375374515,28.201941211813093,0.014100036117411311,14.100036117411312,4.597222461957733,0.0,4.597222461957733,2.1441134442836116,2.1441134442836116
0,random_walk_accel,285,4.0,497.16611298519496,764.8412345226818,530.399272697864,813.242514417082,33.23315971266908,48.401279894400204,58.71223722448192,0.029347690114659455,29.347690114659454,10.83193363394583,0.0,10.83193363394583,3.291190306552605,3.291190306552605
0,random_walk_accel,285,5.0,446.31727288048927,756.306904042755,495.73776342269366,836.6054117974403,49.42049054220439,80.29850775468526,94.28804395606774,0.04710914169322148,47.10914169322148,21.084690467826576,0.0,21.084690467826576,4.5918068848577,4.5918068848577
1,random_walk_accel,60,0.5,1011.1715213047612,611.993879598307,1015.5418066884703,606.909873745345,4.370285383709074,-5.084005852962036,6.7042158264791425,0.0033520953578616078,3.3520953578616077,0.026905574491387148,0.0,0.026905574491387148,0.16402918792515905,0.16402918792515905
1,random_walk_accel,60,1.0,1013.9629598339862,625.9251071969582,1026.040174297975,621.8056243270605,12.077214463988753,-4.119482869897638,12.760456430886759,0.006380141643577463,6.3801416435774625,0.1819731994633959,0.0,0.1819731994633959,0.4265831682842115,0.4265831682842115
1,random_walk_accel,60,2.0,1009.6682396202357,638.5000437524089,1047.0369095169845,651.5971254904915,37.36866989674877,13.09708173808258,39.597361527078974,0.019796094424959085,19.796094424959087,1.3806867190559946,0.0,1.3806867190559946,1.1750262631345711,1.1750262631345711
1,random_walk_accel,60,3.0,992.1959733539429,635.6522987009562,1068.033644735994,681.3886266539225,75.83767138205098,45.73632795296635,88.56164008911107,0.044251912234756156,44.251912234756155,4.597504598180035,0.0,4.597504598180035,2.144179236486548,2.144179236486548
1,random_walk_accel,60,4.0,984.2348541006552,652.3467576334589,1089.0303799550034,711.1801278173535,104.79552585434817,58.83337018389466,120.18097888719554,0.06001831948332145,60.018319483321456,10.832426836835518,0.0,10.832426836835518,3.2912652334376697,3.2912652334376697
1,random_walk_accel,60,5.0,971.9154506285878,673.0376922790251,1110.0271151740126,740.9716289807845,138.1116645454248,67.93393670175942,153.91507931098434,0.0768061511899364,76.8061511899364,21.08545343502244,0.0,21.08545343502244,4.591889963296425,4.591889963296425
1,random_walk_accel,75,0.5,1013.9629598339862,625.9251071969582,1021.1428698978442,628.4421839815508,7.17991006385796,2.517076784592632,7.608336484713593,0.0038041498915940036,3.8041498915940037,0.026898992663005855,0.0,0.026898992663005855,0.1640091237187915,0.1640091237187915
1,random_walk_accel,75,1.0,1013.1794325835574,634.9802298116813,1029.7211440520352,645.8674659462448,16.541711468477843,10.887236134563523,19.803033327147563,0.009901193100935853,9.901193100935853,0.181949164069561,0.0,0.181949164069561,0.42655499536350644,0.42655499536350644
1,random_walk_accel,75,2.0,1001.0926656513266,636.3560684720114,1046.877692360417,680.718029875633,45.785026709090516,44.361961403621535,63.751488534218076,0.0318649549217186,31.8649549217186,1.3805941441614513,0.0,1.3805941441614513,1.1749868697825738,1.1749868697825738
1,random_walk_accel,75,3.0,987.8068546044643,641.0081126562744,1064.034240668799,715.5685938050212,76.22738606433461,74.56048114874682,106.62963816563266,0.05326438980438515,53.264389804385154,4.5972986406250484,0.0,4.5972986406250484,2.144131208817466,2.144131208817466
1,random_walk_accel,75,4.0,978.7254587801252,663.9429861776822,1081.190788977181,750.4191577344094,102.46533019705578,86.4761715567272,134.0793501606425,0.0669395124991489,66.93951249914889,10.832062653460351,0.0,10.832062653460351,3.291209907231739,3.291209907231739
1,random_walk_accel,75,5.0,968.5057205356892,682.2107383810696,1098.3473372855628,785.2697216637976,129.84161674987365,103.05898328272792,165.77092469878627,0.08269643321269514,82.69643321269514,21.08488618266736,0.0,21.08488618266736,4.5918281961183345,4.5918281961183345
1,random_walk_accel,90,0.5,1013.1794325835574,634.9802298116813,1021.6074979923184,644.3848327946849,8.428065408760972,9.404602983003656,12.62849333065012,0.006314162751602614,6.314162751602614,0.026894777890408124,0.0,0.026894777890408124,0.16399627401379618,0.16399627401379618
1,random_walk_accel,90,1.0,1009.6682396202357,638.5000437524089,1026.9953947380407,661.0797128658461,17.327155117804978,22.57966911343715,28.461759639010072,0.014229919266729285,14.229919266729285,0.18193808888525917,0.0,0.18193808888525917,0.4265420130365345,0.4265420130365345
1,random_walk_accel,90,2.0,992.1959733539429,635.6522987009562,1037.771188229485,694.4694730081683,45.57521487554209,58.8171743072121,74.40806545285803,0.0371868817705193,37.1868817705193,1.380559551442633,0.0,1.380559551442633,1.174972149219986,1.174972149219986
1,random_walk_accel,90,3.0,984.2348541006552,652.3467576334589,1048.5469817209294,727.8592331504906,64.31212762027417,75.5124755170317,99.18761877248966,0.049553209865921925,49.55320986592193,4.597227468090236,0.0,4.597227468090236,2.144114611696454,2.144114611696454
1,random_walk_accel,90,4.0,971.9154506285878,673.0376922790251,1059.3227752123737,761.2489932928129,87.40732458378591,88.21130101378776,124.18242233682018,0.06201160144148399,62.01160144148399,10.831941838828067,0.0,10.831941838828067,3.2911915530439835,3.2911915530439835
1,random_walk_accel,90,5.0,965.4519064269292,693.2302206762422,1070.098568703818,794.6387534351351,104.64666227688883,101.40853275889287,145.72101578703285,0.07273198661137543,72.73198661137543,21.084702663656127,0.0,21.084702663656127,4.59180821285647,4.59180821285647
1,random_walk_accel,105,0.5,1009.6682396202357,638.5000437524089,1016.8229530243717,650.1498614747362,7.154713404136032,11.64981772232727,13.671436532375607,0.006835611798202861,6.83561179820286,0.02689432630076509,0.0,0.02689432630076509,0.1639948971790436,0.1639948971790436
1,random_walk_accel,105,1.0,1001.0926656513266,636.3560684720114,1018.2789283992091,662.564861914852,17.18626274788255,26.2087934428406,31.34116272522033,0.01566929882506171,15.669298825061711,0.18193717492667874,0.0,0.18193717492667874,0.4265409416769728,0.4265409416769728
1,random_walk_accel,105,2.0,987.8068546044643,641.0081126562744,1021.1908791488838,687.3948627950838,33.3840245444195,46.38675013880936,57.150885235687596,0.02856766861061574,28.56766861061574,1.3805572158828643,0.0,1.3805572158828643,1.174971155340787,1.174971155340787
1,random_walk_accel,105,3.0,978.7254587801252,663.9429861776822,1024.1028298985584,712.2248636753154,45.37737111843319,48.28187749763322,66.25892773292121,0.033117351302046995,33.117351302047,4.597223048444861,0.0,4.597223048444861,2.144113581050421,2.144113581050421
1,random_walk_accel,105,4.0,968.5057205356892,682.2107383810696,1027.0147806482332,737.054864555547,58.509060112544034,54.844126174477424,80.19468991831873,0.04007587620118361,40.07587620118361,10.831934672612668,0.0,10.831934672612668,3.291190464347615,3.291190464347615
1,random_walk_accel,105,5.0,958.0701840438371,705.8973808685624,1029.9267313979078,761.8848654357787,71.8565473540707,55.987484567216256,91.093149170572,0.04551511841789085,45.51511841789085,21.084692088386284,0.0,21.084692088386284,4.591807061319789,4.591807061319789
1,random_walk_accel,120,0.5,1001.0926656513266,636.3560684720114,1009.5735651879301,649.1495401759612,8.480899536603488,12.793471703949763,15.349220670435503,0.007674459663270755,7.674459663270755,0.02689431924017275,0.0,0.02689431924017275,0.16399487565217624,0.16399487565217624
1,random_walk_accel,120,1.0,992.1959733539429,635.6522987009562,1007.679886165422,656.325421027366,15.483912811479058,20.67312232640984,25.828850974756705,0.01291370759298549,12.91370759298549,0.18193715068894867,0.0,0.18193715068894867,0.42654091326500987,0.42654091326500987
1,random_walk_accel,120,2.0,984.2348541006552,652.3467576334589,1003.8925281204056,670.6771827301754,19.657674019750402,18.330425096716567,26.87803251901274,0.013438207286323951,13.438207286323951,1.38055710781602,0.0,1.38055710781602,1.1749711093537663,1.1749711093537663
1,random_walk_accel,120,3.0,971.9154506285878,673.0376922790251,1000.1051700753893,685.028944432985,28.18971944680152,11.991252153959863,30.634137995204416,0.015315871307052694,15.315871307052694,4.5972227905824505,0.0,4.5972227905824505,2.1441135209177826,2.1441135209177826
1,random_walk_accel,120,4.0,965.4519064269292,693.2302206762422,996.3178120303729,699.3807061357944,30.865905603443707,6.150485459552215,31.472727878416592,0.01573506518371437,15.735065183714369,10.83193419898824,0.0,10.83193419898824,3.2911903923942534,3.2911903923942534
1,random_walk_accel,120,5.0,953.0132582707,718.2002967367356,992.5304539853566,713.732467838604,39.51719571465662,-4.467828898131643,39.76896091442994,0.019881860353537607,19.881860353537608,21.084691333033387,0.0,21.084691333033387,4.59180697906972,4.59180697906972
1,random_walk_accel,135,0.5,992.1959733539429,635.6522987009562,998.2092447326056,640.8552699330774,6.013271378662694,5.202971232121172,7.951750896231876,0.003975854498650835,3.975854498650835,0.026894306131107992,0.0,0.026894306131107992,0.16399483568426168,0.16399483568426168
1,random_walk_accel,135,1.0,987.8068546044643,641.0081126562744,992.5892271694911,642.0542821590155,4.782372565026776,1.0461695027411224,4.895462999470673,0.0024477266113153116,2.4477266113153116,0.1819371114838094,0.0,0.1819371114838094,0.42654086730793966,0.42654086730793966
1,random_walk_accel,135,2.0,978.7254587801252,663.9429861776822,981.3491920432622,644.4523066108919,2.6237332631369554,-19.490679566790277,19.6664833209038,0.009832924744800686,9.832924744800685,1.3805569742960409,0.0,1.3805569742960409,1.1749710525353554,1.1749710525353554
1,random_walk_accel,135,3.0,968.5057205356892,682.2107383810696,970.1091569170331,646.8503310627683,1.603436381343954,-35.36040731830133,35.39674298498657,0.017696523938857175,17.696523938857176,4.597222506584044,0.0,4.597222506584044,2.1441134546903164,2.1441134546903164
1,random_walk_accel,135,4.0,958.0701840438371,705.8973808685624,958.8691217908042,649.2483555146447,0.7989377469671126,-56.64902535391775,56.654658899973484,0.02831975612456453,28.31975612456453,10.831933708347819,0.0,10.831933708347819,3.2911903178558086,3.2911903178558086
1,random_walk_accel,135,5.0,948.0515197379174,731.1431331341088,947.6290866645752,651.6463799665211,-0.4224330733421766,-79.49675316758771,79.4978755306695,0.03972802343849135,39.72802343849135,21.084690579587363,0.0,21.084690579587363,4.591806897027287,4.591806897027287
1,random_walk_accel,150,0.5,987.8068546044643,641.0081126562744,983.8545310952608,633.8201309688804,-3.952323509203552,-7.187981687393972,8.202922763242023,0.004101438383611885,4.101438383611885,0.026894302934260268,0.0,0.026894302934260268,0.1639948259374675,0.1639948259374675
1,random_walk_accel,150,1.0,984.2348541006552,652.3467576334589,974.9907137933275,632.0278154545855,-9.244140307327712,-20.318942178873385,22.32293755960359,0.011161005321857268,11.161005321857267,0.18193710398793245,0.0,0.18193710398793245,0.42654085852111806,0.42654085852111806
1,random_walk_accel,150,2.0,971.9154506285878,673.0376922790251,957.2630791894609,628.4431844259957,-14.65237143912691,-44.59450785302943,46.93998422926924,0.023465684130721545,23.465684130721545,1.3805569527522947,0.0,1.3805569527522947,1.174971043367578,1.174971043367578
1,random_walk_accel,150,3.0,965.4519064269292,693.2302206762422,939.5354445855943,624.8585533974059,-25.91646184133492,-68.3716672788363,73.11872455712874,0.036543087072755186,36.543087072755185,4.597222463726014,0.0,4.597222463726014,2.144113444695969,2.144113444695969
1,random_walk_accel,150,4.0,953.0132582707,718.2002967367356,921.8078099817277,621.2739223688162,-31.20544828897232,-96.92637436791938,101.82584176438604,0.050868998280005656,50.868998280005655,10.83193363690909,0.0,10.83193363690909,3.2911903070027857,3.2911903070027857
1,random_walk_accel,150,5.0,938.3105081479433,742.0677065189298,904.080175377861,617.6892913402264,-34.23033277008233,-124.37841517870334,129.00273580012353,0.0644121394654573,64.4121394654573,21.084690472301524,0.0,21.084690472301524,4.591806885344975,4.591806885344975
1,random_walk_accel,165,0.5,984.2348541006552,652.3467576334589,978.6766093462292,639.306292477065,-5.558244754426028,-13.040465156393907,14.175606380159827,0.007087684503776271,7.087684503776271,0.02689430280725899,0.0,0.02689430280725899,0.1639948255502563,0.1639948255502563
1,random_walk_accel,165,1.0,978.7254587801252,663.9429861776822,971.3649761694943,640.4848663752095,-7.360482610630925,-23.458119802472652,24.585770049533934,0.01229226586770642,12.292265867706421,0.18193710378596373,0.0,0.18193710378596373,0.42654085828436616,0.42654085828436616
1,random_walk_accel,165,2.0,968.5057205356892,682.2107383810696,956.7417098160245,642.8420141714985,-11.764010719664725,-39.368724209571155,41.088786719756776,0.020541503686560606,20.541503686560606,1.3805569523176144,0.0,1.3805569523176144,1.174971043182603,1.174971043182603
1,random_walk_accel,165,3.0,958.0701840438371,705.8973808685624,942.1184434625548,645.1991619677875,-15.951740581282365,-60.69821890077492,62.7593164820883,0.031369364650417904,31.369364650417904,4.597222462948253,0.0,4.597222462948253,2.144113444514598,2.144113444514598
1,random_walk_accel,165,4.0,948.0515197379174,731.1431331341088,927.495177109085,647.5563097640766,-20.55634262883234,-83.58682337003222,86.07740855396911,0.04301215981023774,43.01215981023774,10.831933635677881,0.0,10.831933635677881,3.2911903068157393,3.2911903068157393
1,random_walk_accel,165,5.0,927.2494301195892,747.4397870546682,912.8719107556153,649.9134575603655,-14.377519363973875,-97.52632949430267,98.58041391520293,0.0492503477896142,49.2503477896142,21.084690470506498,0.0,21.084690470506498,4.5918068851495155,4.5918068851495155
1,random_walk_accel,180,0.5,978.7254587801252,663.9429861776822,978.6322407421313,655.6972115953401,-0.09321803799389272,-8.245774582342051,8.246301477960023,0.00412312737418619,4.12312737418619,0.02689430278445734,0.0,0.02689430278445734,0.16399482548073688,0.16399482548073688
1,random_walk_accel,180,1.0,971.9154506285878,673.0376922790251,974.0805238401786,662.8124723700478,2.165073211590766,-10.225219908977351,10.451921555316742,0.00522591320361474,5.22591320361474,0.18193710370231111,0.0,0.18193710370231111,0.4265408581863068,0.4265408581863068
1,random_walk_accel,180,2.0,965.4519064269292,693.2302206762422,964.977090036273,677.0429939194629,-0.4748163906562013,-16.187226756779296,16.194189102274535,0.008096917601656142,8.096917601656141,1.3805569519945013,0.0,1.3805569519945013,1.1749710430451048,1.1749710430451048
1,random_walk_accel,180,3.0,953.0132582707,718.2002967367356,955.8736562323675,691.2735154688779,2.860397961667445,-26.926781267857677,27.078283290233934,0.01353831445682564,13.53831445682564,4.597222462228669,0.0,4.597222462228669,2.144113444346793,2.144113444346793
1,random_walk_accel,180,4.0,938.3105081479433,742.0677065189298,946.7702224284619,705.504037018293,8.459714280518597,-36.563669500636706,37.529570914943875,0.018762583454933562,18.762583454933562,10.831933634404812,0.0,10.831933634404812,3.291190306622334,3.291190306622334
1,random_walk_accel,180,5.0,917.1548222469047,752.1950591254446,937.6667886245564,719.7345585677082,20.511966377651675,-32.460500557736395,38.39824033906655,0.019196761719440764,19.196761719440765,21.084690468522933,0.0,21.084690468522933,4.5918068849335265,4.5918068849335265
1,random_walk_accel,195,0.5,971.9154506285878,673.0376922790251,974.9791984885695,674.4477640934823,3.0637478599817314,1.4100718144571829,3.3726626679033895,0.0016863297354734364,1.6863297354734363,0.02689430276953758,0.0,0.02689430276953758,0.16399482543524835,0.16399482543524835
1,random_walk_accel,195,1.0,968.5057205356892,682.2107383810696,970.6871416837585,685.8957810309903,2.181421148069262,3.6850426499206606,4.282305168595309,0.0021411493122441036,2.1411493122441034,0.18193710366303087,0.0,0.18193710366303087,0.4265408581402617,0.4265408581402617
1,random_walk_accel,195,2.0,958.0701840438371,705.8973808685624,962.1030280741364,708.7918149060062,4.032844030299316,2.894434037443716,4.964028542407221,0.002482009174493144,2.482009174493144,1.3805569518716465,0.0,1.3805569518716465,1.1749710429928248,1.1749710429928248
1,random_walk_accel,195,3.0,948.0515197379174,731.1431331341088,953.5189144645145,731.6878487810219,5.467394726597149,0.5447156469131187,5.494462688235702,0.0027472244327743684,2.7472244327743685,4.597222461975768,0.0,4.597222461975768,2.1441134442878176,2.1441134442878176
1,random_walk_accel,195,4.0,927.2494301195892,747.4397870546682,944.9348008548925,754.5838826560378,17.68537073530331,7.1440956013695995,19.073815559730864,0.009536618660091678,9.536618660091678,10.831933633975394,0.0,10.831933633975394,3.2911903065570964,3.2911903065570964
1,random_walk_accel,195,5.0,906.6550051288696,762.3997356359349,936.3506872452705,777.4799165310536,29.695682116400917,15.080180895118701,33.30533579154902,0.016651128827252844,16.651128827252844,21.084690467870526,0.0,21.084690467870526,4.591806884862486,4.591806884862486
1,random_walk_accel,210,0.5,968.5057205356892,682.2107383810696,967.058638619856,684.8754693079119,-1.4470819158332233,2.664730926842253,3.032298960129282,0.0015161483183373005,1.5161483183373006,0.026894302767915317,0.0,0.026894302767915317,0.16399482543030228,0.16399482543030228
1,random_walk_accel,210,1.0,965.4519064269292,693.2302206762422,961.3494751892648,695.8391911679201,-4.102431237664405,2.608970491677951,4.861755761678181,0.002430873092701395,2.4308730927013946,0.18193710365973767,0.0,0.18193710365973767,0.42654085813640136,0.42654085813640136
1,random_walk_accel,210,2.0,953.0132582707,718.2002967367356,949.9311483280826,717.7666348879369,-3.0821099426174214,-0.4336618487986925,3.1124691641018174,0.001556233325722155,1.556233325722155,1.3805569518632097,0.0,1.3805569518632097,1.1749710429892346,1.1749710429892346
1,random_walk_accel,210,3.0,938.3105081479433,742.0677065189298,938.5128214669003,739.6940786079535,0.20231331895695348,-2.373627910976211,2.382234274539905,0.0011911165739673017,1.1911165739673018,4.5972224619597855,0.0,4.5972224619597855,2.1441134442840903,2.1441134442840903
1,random_walk_accel,210,4.0,917.1548222469047,752.1950591254446,927.0944946057181,761.6215223279703,9.939672358813368,9.426463202525724,13.698733339587644,0.00684925956281504,6.84925956281504,10.831933633949463,0.0,10.831933633949463,3.291190306553157,3.291190306553157
1,random_walk_accel,210,5.0,897.6616518122548,775.977877550366,915.6761677445357,783.5489660479869,18.014515932280915,7.571088497620963,19.540833280932812,0.009770105760223479,9.77010576022348,21.084690467832246,0.0,21.084690467832246,4.591806884858317,4.591806884858317
1,random_walk_accel,225,0.5,965.4519064269292,693.2302206762422,961.7045281373377,692.3801354778824,-3.747378289591552,-0.8500851983598068,3.8425888265299135,0.00192129204919925,1.92129204919925,0.026894302767890305,0.0,0.026894302767890305,0.163994825430226,0.163994825430226
1,random_walk_accel,225,1.0,958.0701840438371,705.8973808685624,956.2637841653797,702.0294124175701,-1.806399878457455,-3.8679684509922936,4.268988224247384,0.0021344908705011657,2.134490870501166,0.18193710365965376,0.0,0.18193710365965376,0.426540858136303,0.426540858136303
1,random_walk_accel,225,2.0,948.0515197379174,731.1431331341088,945.3822962214639,721.3279662969456,-2.669223516453485,-9.815166837163133,10.17163970174599,0.005085776002354631,5.085776002354631,1.380556951862837,0.0,1.380556951862837,1.1749710429890758,1.1749710429890758
1,random_walk_accel,225,3.0,927.2494301195892,747.4397870546682,934.500808277548,740.6265201763212,7.251378157958811,-6.813266878347008,9.95002968564931,0.004974973798280356,4.974973798280356,4.5972224619588955,0.0,4.5972224619588955,2.144113444283883,2.144113444283883
1,random_walk_accel,225,4.0,906.6550051288696,762.3997356359349,923.6193203336322,759.9250740556967,16.96431520476267,-2.474661580238262,17.14386013426525,0.008571720127004951,8.571720127004951,10.831933633947829,0.0,10.831933633947829,3.2911903065529087,3.2911903065529087
1,random_walk_accel,225,5.0,892.3827707435363,789.1020421742772,912.7378323897163,779.2236279350722,20.355061646180047,-9.878414239205085,22.625463586435522,0.01131224923704939,11.312249237049391,21.084690467829635,0.0,21.084690467829635,4.591806884858033,4.591806884858033
1,random_walk_accel,240,0.5,958.0701840438371,705.8973808685624,961.755502479735,702.343516921743,3.685318435897898,-3.5538639468194333,5.119718832755558,0.0025598538249157077,2.5598538249157077,0.02689430276784422,0.0,0.02689430276784422,0.1639948254300855,0.1639948254300855
1,random_walk_accel,240,1.0,953.0132582707,718.2002967367356,958.3636318300616,712.1872705175175,5.350373559361628,-6.013026219218091,8.048787581848599,0.004024372065116364,4.0243720651163635,0.18193710365951557,0.0,0.18193710365951557,0.426540858136141,0.426540858136141
1,random_walk_accel,240,2.0,938.3105081479433,742.0677065189298,951.5798905307151,731.8747777090666,13.269382382771823,-10.192928809863133,16.73237300992161,0.008365991321446572,8.365991321446572,1.3805569518623655,0.0,1.3805569518623655,1.1749710429888753,1.1749710429888753
1,random_walk_accel,240,3.0,917.1548222469047,752.1950591254446,944.7961492313685,751.5622849006156,27.64132698446383,-0.6327742248289496,27.648568872215723,0.01382340388020481,13.82340388020481,4.597222461957892,0.0,4.597222461957892,2.144113444283649,2.144113444283649
1,random_walk_accel,240,4.0,897.6616518122548,775.977877550366,938.0124079320219,771.2497920921646,40.350756119767084,-4.728085458201349,40.626817639792755,0.020310615506476466,20.310615506476466,10.831933633946095,0.0,10.831933633946095,3.2911903065526453,3.2911903065526453
1,random_walk_accel,240,5.0,888.2585451286508,804.2014956945707,931.2286666326753,790.9372992837137,42.97012150402452,-13.264196410856925,44.97077104627427,0.0224815971910566,22.4815971910566,21.084690467826974,0.0,21.084690467826974,4.591806884857744,4.591806884857744
1,random_walk_accel,255,0.5,953.0132582707,718.2002967367356,954.8375760649418,716.4503503027477,1.8243177942417788,-1.7499464339879296,2.5279335308141033,0.001263966092298213,1.263966092298213,0.026894302767832824,0.0,0.026894302767832824,0.16399482543005076,0.16399482543005076
1,random_walk_accel,255,1.0,948.0515197379174,731.1431331341088,949.9757928089142,727.9539640476138,1.9242730709968328,-3.189169086494985,3.724731710340872,0.001862363702027589,1.862363702027589,0.18193710365948879,0.0,0.18193710365948879,0.4265408581361096,0.4265408581361096
1,random_walk_accel,255,2.0,927.2494301195892,747.4397870546682,940.252226296859,750.9611915373462,13.002796177269829,3.521404482678008,13.471191408270007,0.00673549384617887,6.73549384617887,1.3805569518622884,0.0,1.3805569518622884,1.1749710429888425,1.1749710429888425
1,random_walk_accel,255,3.0,906.6550051288696,762.3997356359349,930.528659784804,773.9684190270784,23.873654655934388,11.568683391143509,26.528961947941674,0.013263703109949457,13.263703109949457,4.597222461957738,0.0,4.597222461957738,2.144113444283613,2.144113444283613
1,random_walk_accel,255,4.0,892.3827707435363,789.1020421742772,920.8050932727488,796.9756465168107,28.422322529212465,7.87360434253344,29.492745943661127,0.014745304217890585,14.745304217890585,10.83193363394584,0.0,10.83193363394584,3.2911903065526062,3.2911903065526062
1,random_walk_accel,255,5.0,886.7797921213538,820.5289260723561,911.0815267606936,819.9828740065429,24.30173463933977,-0.5460520658131145,24.307868671264973,0.012153335936558672,12.153335936558673,21.08469046782659,0.0,21.08469046782659,4.591806884857702,4.591806884857702
1,random_walk_accel,270,0.5,948.0515197379174,731.1431331341088,946.1802534165548,730.5313703269073,-1.8712663213625547,-0.611762807201444,1.9687283656565573,0.0009843638648877428,0.9843638648877429,0.026894302767832362,0.0,0.026894302767832362,0.16399482543004934,0.16399482543004934
1,random_walk_accel,270,1.0,938.3105081479433,742.0677065189298,939.9885042256632,742.9861500789418,1.677996077719854,0.9184435600120651,1.9129060117451797,0.0009564527142175967,0.9564527142175967,0.18193710365948806,0.0,0.18193710365948806,0.42654085813610876,0.42654085813610876
1,random_walk_accel,270,2.0,917.1548222469047,752.1950591254446,927.6050058438797,767.895709583011,10.450183596974966,15.70065045756644,18.860454978636277,0.00942994796340051,9.42994796340051,1.3805569518622869,0.0,1.3805569518622869,1.1749710429888418,1.1749710429888418
1,random_walk_accel,270,3.0,897.6616518122548,775.977877550366,915.2215074620963,792.8052690870801,17.559855649841438,16.827391536714117,24.320971123151025,0.01215988619438828,12.15988619438828,4.5972224619577355,0.0,4.5972224619577355,2.1441134442836125,2.1441134442836125
1,random_walk_accel,270,4.0,888.2585451286508,804.2014956945707,902.8380090803128,817.7148285911492,14.579463951661978,13.513332896578504,19.878906788140082,0.009939126098212825,9.939126098212824,10.831933633945834,0.0,10.831933633945834,3.2911903065526054,3.2911903065526054
1,random_walk_accel,270,5.0,889.1576330492536,837.6718904349622,890.4545106985294,842.6243880952183,1.296877649275757,4.9524976602560855,5.119484809239404,0.002559736813924355,2.559736813924355,21.084690467826583,0.0,21.084690467826583,4.591806884857701,4.591806884857701
1,random_walk_accel,285,0.5,938.3105081479433,742.0677065189298,943.158942133308,743.4873577212833,4.848433985364636,1.4196512023535206,5.0520017465142075,0.002525995500742908,2.525995500742908,0.026894302767832282,0.0,0.026894302767832282,0.16399482543004912,0.16399482543004912
1,random_walk_accel,285,1.0,927.2494301195892,747.4397870546682,938.1335687684549,756.1529198430143,10.8841386488657,8.713132788346115,13.942136031293206,0.00697095509742155,6.97095509742155,0.18193710365948776,0.0,0.18193710365948776,0.4265408581361084,0.4265408581361084
1,random_walk_accel,285,2.0,906.6550051288696,762.3997356359349,928.0828220387486,781.4840440864764,21.427816909879084,19.08430845054147,28.69428804760119,0.014346159737395751,14.346159737395752,1.3805569518622858,0.0,1.3805569518622858,1.1749710429888414,1.1749710429888414
1,random_walk_accel,285,3.0,892.3827707435363,789.1020421742772,918.0320753090425,806.8151683299385,25.649304565506213,17.713126155661257,31.17116717257262,0.015584321803318585,15.584321803318586,4.597222461957733,0.0,4.597222461957733,2.1441134442836116,2.1441134442836116
1,random_walk_accel,285,4.0,886.7797921213538,820.5289260723561,907.9813285793364,832.1462925734006,21.20153645798257,11.617366501044557,24.175780289346534,0.012087301447180392,12.087301447180392,10.83193363394583,0.0,10.83193363394583,3.291190306552605,3.291190306552605
1,random_walk_accel,285,5.0,895.3820118353956,857.6079369788828,897.9305818496302,857.4774168168627,2.548570014234656,-0.1305201620200478,2.551909996482982,0.0012759543057979104,1.2759543057979104,21.084690467826576,0.0,21.084690467826576,4.5918068848577,4.5918068848577
2,random_walk_accel,60,0.5,1047.529863377564,542.5300108035611,1036.569864308084,551.0478783092369,-10.959999069479863,8.517867505675781,13.880765340832141,0.006940271236743502,6.940271236743502,0.026905574491387148,0.0,0.026905574491387148,0.16402918792515905,0.16402918792515905
2,random_walk_accel,60,1.0,1079.013883798972,536.6454909628842,1053.912108247684,550.9296107464542,-25.10177555128803,14.284119783569963,28.881399097318955,0.014439695882901617,14.439695882901617,0.1819731994633959,0.0,0.1819731994633959,0.4265831682842115,0.4265831682842115
2,random_walk_accel,60,2.0,1143.4250384388556,539.8146965599745,1088.5965961268842,550.6930756208886,-54.82844231197146,10.878379060914085,55.89720223186592,0.027941327414093296,27.941327414093298,1.3806867190559946,0.0,1.3806867190559946,1.1750262631345711,1.1750262631345711
2,random_walk_accel,60,3.0,1210.5464593244926,543.196739532292,1123.2810840060843,550.4565404953231,-87.26537531840836,7.259800963031125,87.5668341296264,0.0437554717775628,43.7554717775628,4.597504598180035,0.0,4.597504598180035,2.144179236486548,2.144179236486548
2,random_walk_accel,60,4.0,1276.4664912168892,545.1018224952584,1157.9655718852841,550.2200053697576,-118.50091933160502,5.118182874499212,118.61139775912085,0.05923631591201091,59.23631591201091,10.832426836835518,0.0,10.832426836835518,3.2912652334376697,3.2912652334376697
2,random_walk_accel,60,5.0,1344.9025185972823,558.4883607216474,1192.6500597644842,549.9834702441921,-152.25245883279808,-8.50489047745532,152.48981730812844,0.07609767736334618,76.09767736334618,21.08545343502244,0.0,21.08545343502244,4.591889963296425,4.591889963296425
2,random_walk_accel,75,0.5,1079.013883798972,536.6454909628842,1066.8631364959206,541.3015715519368,-12.150747303051503,4.656080589052635,13.012292129919544,0.006506054265707754,6.506054265707754,0.026898992663005855,0.0,0.026898992663005855,0.1640091237187915,0.1640091237187915
2,random_walk_accel,75,1.0,1111.0373236135624,535.8098646664556,1089.244486512055,537.4118846014431,-21.79283710150753,1.6020199349875384,21.851641055191728,0.010925385807388915,10.925385807388915,0.181949164069561,0.0,0.181949164069561,0.42655499536350644,0.42655499536350644
2,random_walk_accel,75,2.0,1176.1732161009436,544.402601343416,1134.0071865443235,529.6325107004559,-42.16602955662006,-14.770090642960099,44.678066499917094,0.022335318395020738,22.33531839502074,1.3805941441614513,0.0,1.3805941441614513,1.1749868697825738,1.1749868697825738
2,random_walk_accel,75,3.0,1245.5042176674303,541.2272240460487,1178.7698865765922,521.8531367994685,-66.73433109083817,-19.37408724658019,69.48975609958428,0.03473090675334624,34.73090675334624,4.5972986406250484,0.0,4.5972986406250484,2.144131208817466,2.144131208817466
2,random_walk_accel,75,4.0,1309.7182508608298,552.891483061547,1223.5325866088608,514.0737628984812,-86.185664251969,-38.817720163065815,94.52398701499642,0.04722685095173368,47.22685095173368,10.832062653460351,0.0,10.832062653460351,3.291209907231739,3.291209907231739
2,random_walk_accel,75,5.0,1378.0053015699184,559.0279017990306,1268.2952866411297,506.29438899749385,-109.71001492878872,-52.73351280153673,121.72555503288898,0.060787793227359964,60.78779322735996,21.08488618266736,0.0,21.08488618266736,4.5918281961183345,4.5918281961183345
2,random_walk_accel,90,0.5,1111.0373236135624,535.8098646664556,1103.4251283573974,529.9834481097428,-7.612195256165023,-5.826416556712843,9.586065225644921,0.004792995909624072,4.7929959096240715,0.026894777890408124,0.0,0.026894777890408124,0.16399627401379618,0.16399627401379618
2,random_walk_accel,90,1.0,1143.4250384388556,539.8146965599745,1131.3250492914185,523.386824885564,-12.0999891474371,-16.42787167441054,20.4030562690739,0.010201174261622533,10.201174261622533,0.18193808888525917,0.0,0.18193808888525917,0.4265420130365345,0.4265420130365345
2,random_walk_accel,90,2.0,1210.5464593244926,543.196739532292,1187.1248911594603,510.19357843720655,-23.42156816503234,-33.00316109508543,40.46947612185531,0.020231977070937737,20.231977070937738,1.380559551442633,0.0,1.380559551442633,1.174972149219986,1.174972149219986
2,random_walk_accel,90,3.0,1276.4664912168892,545.1018224952584,1242.9247330275023,497.00033198884904,-33.54175818938688,-48.101490506409334,58.64130738117534,0.02931225569286604,29.312255692866042,4.597227468090236,0.0,4.597227468090236,2.144114611696454,2.144114611696454
2,random_walk_accel,90,4.0,1344.9025185972823,558.4883607216474,1298.7245748955443,483.8070855404915,-46.17794370173806,-74.68127518115585,87.80487086263732,0.04387426180547826,43.874261805478255,10.831941838828067,0.0,10.831941838828067,3.2911915530439835,3.2911915530439835
2,random_walk_accel,90,5.0,1412.0116429710406,559.5607398546779,1354.524416763586,470.61383909213407,-57.48722620745457,-88.9469007625438,105.90718734953198,0.05290418135650619,52.904181356506186,21.084702663656127,0.0,21.084702663656127,4.59180821285647,4.59180821285647
2,random_walk_accel,105,0.5,1143.4250384388556,539.8146965599745,1142.1686868794172,529.5337108386389,-1.2563515594383716,-10.280985721335696,10.357465261501567,0.005178686334883326,5.178686334883326,0.02689432630076509,0.0,0.02689432630076509,0.1639948971790436,0.1639948971790436
2,random_walk_accel,105,1.0,1176.1732161009436,544.402601343416,1174.1006342253875,525.4240591209438,-2.072581875556125,-18.978542222472242,19.09137660099568,0.009545398381450083,9.545398381450083,0.18193717492667874,0.0,0.18193717492667874,0.4265409416769728,0.4265409416769728
2,random_walk_accel,105,2.0,1245.5042176674303,541.2272240460487,1237.9645289173284,517.2047556855537,-7.539688750101959,-24.022468360495054,25.17788499019328,0.012588277520276555,12.588277520276554,1.3805572158828643,0.0,1.3805572158828643,1.174971155340787,1.174971155340787
2,random_walk_accel,105,3.0,1309.7182508608298,552.891483061547,1301.828423609269,508.98545225016363,-7.889827251560746,-43.906030811383346,44.60929180865366,0.022300948174853726,22.300948174853726,4.597223048444861,0.0,4.597223048444861,2.144113581050421,2.144113581050421
2,random_walk_accel,105,4.0,1378.0053015699184,559.0279017990306,1365.69231830121,500.76614881477354,-12.312983268708422,-58.26175298425704,59.54864748904107,0.02976553000605895,29.76553000605895,10.831934672612668,0.0,10.831934672612668,3.291190464347615,3.291190464347615
2,random_walk_accel,105,5.0,1448.2439843652335,561.2064683590869,1429.5562129931507,492.54684537938346,-18.687771372082807,-68.65962297970344,71.1574073907296,0.03556370272232949,35.56370272232949,21.084692088386284,0.0,21.084692088386284,4.591807061319789,4.591807061319789
2,random_walk_accel,120,0.5,1176.1732161009436,544.402601343416,1175.2482074710822,537.129123499927,-0.9250086298613951,-7.27347784348899,7.332061163482156,0.003666014158325074,3.666014158325074,0.02689431924017275,0.0,0.02689431924017275,0.16399487565217624,0.16399487565217624
2,random_walk_accel,120,1.0,1210.5464593244926,543.196739532292,1207.6268033546824,537.6079376033939,-2.9196559698102647,-5.588801928898079,6.30548158212389,0.0031527303452800735,3.1527303452800735,0.18193715068894867,0.0,0.18193715068894867,0.42654091326500987,0.42654091326500987
2,random_walk_accel,120,2.0,1276.4664912168892,545.1018224952584,1272.383995121883,538.5655658103279,-4.082496095006263,-6.536256684930436,7.706453517477361,0.003853207688831501,3.853207688831501,1.38055710781602,0.0,1.38055710781602,1.1749711093537663,1.1749711093537663
2,random_walk_accel,120,3.0,1344.9025185972823,558.4883607216474,1337.1411868890837,539.5231940172619,-7.761331708198668,-18.965166704385524,20.491847598736022,0.010245565286493402,10.245565286493402,4.5972227905824505,0.0,4.5972227905824505,2.1441135209177826,2.1441135209177826
2,random_walk_accel,120,4.0,1412.0116429710406,559.5607398546779,1401.8983786562842,540.4808222241958,-10.113264314756407,-19.0799176304821,21.594475494582106,0.010796818194744368,10.796818194744368,10.83193419898824,0.0,10.83193419898824,3.2911903923942534,3.2911903923942534
2,random_walk_accel,120,5.0,1487.5499973170859,560.3520481874973,1466.6555704234847,541.4384504311297,-20.89442689360112,-18.913597756367608,28.18335067556226,0.014090742695947553,14.090742695947553,21.084691333033387,0.0,21.084691333033387,4.59180697906972,4.59180697906972
2,random_walk_accel,135,0.5,1210.5464593244926,543.196739532292,1209.4036597172321,547.8555029189409,-1.1427996072604856,4.658763386648957,4.796880990303551,0.0023984358961445613,2.3984358961445613,0.026894306131107992,0.0,0.026894306131107992,0.16399483568426168,0.16399483568426168
2,random_walk_accel,135,1.0,1245.5042176674303,541.2272240460487,1242.4149197120357,552.160425227482,-3.0892979553946134,10.933201181433333,11.361278534165974,0.0056805781641621,5.6805781641621005,0.1819371114838094,0.0,0.1819371114838094,0.42654086730793966,0.42654086730793966
2,random_walk_accel,135,2.0,1309.7182508608298,552.891483061547,1308.4374397016434,560.7702698445643,-1.2808111591864417,7.87878678301729,7.982215131011219,0.0039910863743376915,3.9910863743376916,1.3805569742960409,0.0,1.3805569742960409,1.1749710525353554,1.1749710525353554
2,random_walk_accel,135,3.0,1378.0053015699184,559.0279017990306,1374.4599596912508,569.3801144616464,-3.545341878667614,10.352212662615784,10.942474859402557,0.00547118283787406,5.47118283787406,4.597222506584044,0.0,4.597222506584044,2.1441134546903164,2.1441134546903164
2,random_walk_accel,135,4.0,1448.2439843652335,561.2064683590869,1440.4824796808582,577.9899590787286,-7.761504684375268,16.78349071964169,18.4912551142933,0.009245364126889578,9.245364126889578,10.831933708347819,0.0,10.831933708347819,3.2911903178558086,3.2911903178558086
2,random_walk_accel,135,5.0,1530.926893372727,558.1198033934602,1506.5049996704656,586.5998036958108,-24.421893702261286,28.480000302350618,37.517186851181165,0.018756393601886634,18.756393601886636,21.084690579587363,0.0,21.084690579587363,4.591806897027287,4.591806897027287
2,random_walk_accel,150,0.5,1245.5042176674303,541.2272240460487,1242.785495215635,548.2269041752625,-2.718722451795429,6.999680129213743,7.509126026456493,0.0037545453710069805,3.7545453710069805,0.026894302934260268,0.0,0.026894302934260268,0.1639948259374675,0.1639948259374675
2,random_walk_accel,150,1.0,1276.4664912168892,545.1018224952584,1276.0211199305738,550.8278855004905,-0.4453712863153214,5.726063005232163,5.743357304100325,0.0028716707582865757,2.8716707582865757,0.18193710398793245,0.0,0.18193710398793245,0.42654085852111806,0.42654085852111806
2,random_walk_accel,150,2.0,1344.9025185972823,558.4883607216474,1342.4923693604514,556.0298481509465,-2.4101492368308755,-2.4585125707009183,3.4428336300336806,0.0017214151146755711,1.7214151146755712,1.3805569527522947,0.0,1.3805569527522947,1.174971043367578,1.174971043367578
2,random_walk_accel,150,3.0,1412.0116429710406,559.5607398546779,1408.9636187903293,561.2318108014025,-3.048024180711309,1.671070946724626,3.4760508504893863,0.001738023675211306,1.7380236752113059,4.597222463726014,0.0,4.597222463726014,2.144113444695969,2.144113444695969
2,random_walk_accel,150,4.0,1487.5499973170859,560.3520481874973,1475.4348682202071,566.4337734518585,-12.115129096878718,6.081725264361239,13.555948333672827,0.006777870374209884,6.777870374209884,10.83193363690909,0.0,10.83193363690909,3.2911903070027857,3.2911903070027857
2,random_walk_accel,150,5.0,1578.1665433491185,557.6778322471314,1541.9061176500848,571.6357361023146,-36.2604256990337,13.95790385518319,38.85410598515531,0.01942460955532523,19.42460955532523,21.084690472301524,0.0,21.084690472301524,4.591806885344975,4.591806885344975
2,random_walk_accel,165,0.5,1276.4664912168892,545.1018224952584,1280.1027723391362,541.2779674301667,3.6362811222470555,-3.8238550650917205,5.276780074897751,0.002638383915440398,2.6383839154403983,0.02689430280725899,0.0,0.02689430280725899,0.1639948255502563,0.1639948255502563
2,random_walk_accel,165,1.0,1309.7182508608298,552.891483061547,1314.8562626653713,540.2761266567175,5.13801180454152,-12.615356404829527,13.621541121491406,0.006810665254189929,6.810665254189929,0.18193710378596373,0.0,0.18193710378596373,0.42654085828436616,0.42654085828436616
2,random_walk_accel,165,2.0,1378.0053015699184,559.0279017990306,1384.3632433178414,538.2724451098193,6.3579417479229505,-20.755456689211314,21.70742743043745,0.010853287544961662,10.853287544961661,1.3805569523176144,0.0,1.3805569523176144,1.174971043182603,1.174971043182603
2,random_walk_accel,165,3.0,1448.2439843652335,561.2064683590869,1453.8702239703114,536.268763562921,5.626239605077899,-24.937704796165917,25.564500632605043,0.012781554237949607,12.781554237949607,4.597222462948253,0.0,4.597222462948253,2.144113444514598,2.144113444514598
2,random_walk_accel,165,4.0,1530.926893372727,558.1198033934602,1523.3772046227814,534.2650820160228,-7.549688749945517,-23.854721377437386,25.02090190653051,0.012509798338555363,12.509798338555363,10.831933635677881,0.0,10.831933635677881,3.2911903068157393,3.2911903068157393
2,random_walk_accel,165,5.0,1629.3559917624098,554.7418761291929,1592.8841852752512,532.2614004691245,-36.471806487158574,-22.48047566006835,42.8434878871885,0.02141846809619025,21.41846809619025,21.084690470506498,0.0,21.084690470506498,4.5918068851495155,4.5918068851495155
2,random_walk_accel,180,0.5,1309.7182508608298,552.891483061547,1311.3126663653381,543.1605760417244,1.5944155045083335,-9.730907019822553,9.860664897939104,0.004930292500419179,4.9302925004191795,0.02689430278445734,0.0,0.02689430278445734,0.16399482548073688,0.16399482548073688
2,random_walk_accel,180,1.0,1344.9025185972823,558.4883607216474,1344.5998454971134,543.4594444071196,-0.30267310016893134,-15.028916314527805,15.03196383027334,0.007515840394033604,7.515840394033604,0.18193710370231111,0.0,0.18193710370231111,0.4265408581863068,0.4265408581863068
2,random_walk_accel,180,2.0,1412.0116429710406,559.5607398546779,1411.1742037606643,544.0571811379099,-0.8374392103762602,-15.503558716767998,15.5261597735998,0.007762923944042956,7.7629239440429565,1.3805569519945013,0.0,1.3805569519945013,1.1749710430451048,1.1749710430451048
2,random_walk_accel,180,3.0,1487.5499973170859,560.3520481874973,1477.748562024215,544.6549178687001,-9.801435292870792,-15.697130318797235,18.505891873823227,0.00925268188062576,9.25268188062576,4.597222462228669,0.0,4.597222462228669,2.144113444346793,2.144113444346793
2,random_walk_accel,180,4.0,1578.1665433491185,557.6778322471314,1544.3229202877658,545.2526545994904,-33.84362306135267,-12.425177647641021,36.052404378825564,0.018024250068123318,18.02425006812332,10.831933634404812,0.0,10.831933634404812,3.291190306622334,3.291190306622334
2,random_walk_accel,180,5.0,1678.842441756288,547.9099525368264,1610.8972785513165,545.8503913302807,-67.94516320497155,-2.059561206545709,67.97637086012851,0.03397510681345761,33.975106813457614,21.084690468522933,0.0,21.084690468522933,4.5918068849335265,4.5918068849335265
2,random_walk_accel,195,0.5,1344.9025185972823,558.4883607216474,1341.1368163584227,555.2284248974877,-3.7657022388596033,-3.2599358241596974,4.980732368777908,0.002490361036054398,2.490361036054398,0.02689430276953758,0.0,0.02689430276953758,0.16399482543524835,0.16399482543524835
2,random_walk_accel,195,1.0,1378.0053015699184,559.0279017990306,1373.220839759047,560.0859858906117,-4.784461810871335,1.0580840915811223,4.900062934753314,0.0024500265651637605,2.4500265651637605,0.18193710366303087,0.0,0.18193710366303087,0.4265408581402617,0.4265408581402617
2,random_walk_accel,195,2.0,1448.2439843652335,561.2064683590869,1437.388886560296,569.8011078768598,-10.855097804937486,8.594639517772862,13.845612185642842,0.006922695503610567,6.922695503610567,1.3805569518716465,0.0,1.3805569518716465,1.1749710429928248,1.1749710429928248
2,random_walk_accel,195,3.0,1530.926893372727,558.1198033934602,1501.556933361545,579.5162298631078,-29.369960011182002,21.396426469647622,36.33733089715682,0.018166666683170095,18.166666683170096,4.597222461975768,0.0,4.597222461975768,2.1441134442878176,2.1441134442878176
2,random_walk_accel,195,4.0,1629.3559917624098,554.7418761291929,1565.7249801627938,589.2313518493557,-63.63101159961593,34.489475720162886,72.37699615652865,0.03617271290496006,36.17271290496006,10.831933633975394,0.0,10.831933633975394,3.2911903065570964,3.2911903065570964
2,random_walk_accel,195,5.0,1721.994247277,543.0394030058092,1629.8930269640427,598.9464738356038,-92.10122031295737,55.907070829794634,107.74152102093039,0.05381873902323446,53.81873902323446,21.084690467870526,0.0,21.084690467870526,4.591806884862486,4.591806884862486
2,random_walk_accel,210,0.5,1378.0053015699184,559.0279017990306,1378.0642010310448,565.6139049869904,0.05889946112642974,6.586003187959818,6.586266555366391,0.0032931213733837675,3.2931213733837676,0.026894302767915317,0.0,0.026894302767915317,0.16399482543030228,0.16399482543030228
2,random_walk_accel,210,1.0,1412.0116429710406,559.5607398546779,1412.0146327747152,572.4467438972736,0.002989803674608993,12.886004042595687,12.886004389441997,0.006442913042376995,6.442913042376995,0.18193710365973767,0.0,0.18193710365973767,0.42654085813640136,0.42654085813640136
2,random_walk_accel,210,2.0,1487.5499973170859,560.3520481874973,1479.9154962620564,586.1124217178399,-7.634501055029432,25.760373530342576,26.86787023159856,0.013433127059795272,13.433127059795272,1.3805569518632097,0.0,1.3805569518632097,1.1749710429892346,1.1749710429892346
2,random_walk_accel,210,3.0,1578.1665433491185,557.6778322471314,1547.8163597493974,599.7780995384062,-30.35018359972105,42.100267291274804,51.89957755640753,0.025943966341101833,25.943966341101834,4.5972224619597855,0.0,4.5972224619597855,2.1441134442840903,2.1441134442840903
2,random_walk_accel,210,4.0,1678.842441756288,547.9099525368264,1615.7172232367384,613.4437773589724,-63.12521851954966,65.53382482214602,90.99162274056123,0.04546446017584212,45.46446017584212,10.831933633949463,0.0,10.831933633949463,3.291190306553157,3.291190306553157
2,random_walk_accel,210,5.0,1764.7539484202182,541.0094872638284,1683.6180867240794,627.1094551795387,-81.13586169613882,86.0999679157103,118.30567411693029,0.05908398847204226,59.083988472042265,21.084690467832246,0.0,21.084690467832246,4.591806884858317,4.591806884858317
2,random_walk_accel,225,0.5,1412.0116429710406,559.5607398546779,1412.51433766588,565.5996542889237,0.5026946948394198,6.038914434245839,6.059801110627514,0.003029891283568789,3.029891283568789,0.026894302767890305,0.0,0.026894302767890305,0.163994825430226,0.163994825430226
2,random_walk_accel,225,1.0,1448.2439843652335,561.2064683590869,1446.5912651981678,569.663289108743,-1.6527191670656975,8.456820749656117,8.616803226081037,0.004308374955354534,4.308374955354535,0.18193710365965376,0.0,0.18193710365965376,0.426540858136303,0.426540858136303
2,random_walk_accel,225,2.0,1530.926893372727,558.1198033934602,1514.745120262743,577.7905587483818,-16.18177310998385,19.670755354921653,25.471324999225605,0.012734974004109693,12.734974004109693,1.380556951862837,0.0,1.380556951862837,1.1749710429890758,1.1749710429890758
2,random_walk_accel,225,3.0,1629.3559917624098,554.7418761291929,1582.8989753273186,585.9178283880206,-46.45701643509119,31.175952258827692,55.94814005215041,0.027966776427272202,27.9667764272722,4.5972224619588955,0.0,4.5972224619588955,2.144113444283883,2.144113444283883
2,random_walk_accel,225,4.0,1721.994247277,543.0394030058092,1651.052830391894,594.0450980276593,-70.94141688510604,51.0056950218501,87.37428428507093,0.043659380656023164,43.65938065602317,10.831933633947829,0.0,10.831933633947829,3.2911903065529087,3.2911903065529087
2,random_walk_accel,225,5.0,1806.4165168341062,537.7825445732116,1719.2066854564696,602.172367667298,-87.20983137763665,64.38982309408641,108.40481542350211,0.05414942064691653,54.14942064691653,21.084690467829635,0.0,21.084690467829635,4.591806884858033,4.591806884858033
2,random_walk_accel,240,0.5,1448.2439843652335,561.2064683590869,1445.4460515599196,561.1744350162211,-2.797932805313849,-0.03203334286581594,2.7981161730897774,0.0013990571737242028,1.3990571737242028,0.02689430276784422,0.0,0.02689430276784422,0.1639948254300855,0.1639948254300855
2,random_walk_accel,240,1.0,1487.5499973170859,560.3520481874973,1479.1244753040196,562.0641273620821,-8.425522013066256,1.712079174584801,8.597711107772291,0.004298829073001611,4.298829073001611,0.18193710365951557,0.0,0.18193710365951557,0.426540858136141,0.426540858136141
2,random_walk_accel,240,2.0,1578.1665433491185,557.6778322471314,1546.4813227922193,563.843512053804,-31.68522055689914,6.165679806672642,32.27954165129602,0.016138369616494903,16.138369616494902,1.3805569518623655,0.0,1.3805569518623655,1.1749710429888753,1.1749710429888753
2,random_walk_accel,240,3.0,1678.842441756288,547.9099525368264,1613.838170280419,565.622896745526,-65.00427147586902,17.712944208699582,67.37435493308253,0.03367444310873453,33.67444310873453,4.597222461957892,0.0,4.597222461957892,2.144113444283649,2.144113444283649
2,random_walk_accel,240,4.0,1764.7539484202182,541.0094872638284,1681.1950177686188,567.4022814372478,-83.55893065159944,26.39279417341936,87.62804617198357,0.04378601919876925,43.78601919876925,10.831933633946095,0.0,10.831933633946095,3.2911903065526453,3.2911903065526453
2,random_walk_accel,240,5.0,1841.475025558944,534.4198615343533,1748.5518652568185,569.1816661289697,-92.92316030212555,34.761804594616365,99.21238218694688,0.049565561186924206,49.56556118692421,21.084690467826974,0.0,21.084690467826974,4.591806884857744,4.591806884857744
2,random_walk_accel,255,0.5,1487.5499973170859,560.3520481874973,1482.135404688463,561.9426992796108,-5.414592628622813,1.5906510921134895,5.643401831411471,0.0028216934269509886,2.8216934269509886,0.026894302767832824,0.0,0.026894302767832824,0.16399482543005076,0.16399482543005076
2,random_walk_accel,255,1.0,1530.926893372727,558.1198033934602,1517.017605255839,562.8221463311726,-13.909288116887865,4.7023429377123875,14.682653882130829,0.007341195058192754,7.341195058192754,0.18193710365948879,0.0,0.18193710365948879,0.4265408581361096,0.4265408581361096
2,random_walk_accel,255,2.0,1629.3559917624098,554.7418761291929,1586.7820063905906,564.581040434296,-42.57398537181916,9.839164305103168,43.696148396199504,0.021844598885517232,21.844598885517232,1.3805569518622884,0.0,1.3805569518622884,1.1749710429888425,1.1749710429888425
2,random_walk_accel,255,3.0,1721.994247277,543.0394030058092,1656.5464075253424,566.3399345374195,-65.44783975165774,23.300531531610318,69.47182520859977,0.03472195211516269,34.72195211516269,4.597222461957738,0.0,4.597222461957738,2.144113444283613,2.144113444283613
2,random_walk_accel,255,4.0,1806.4165168341062,537.7825445732116,1726.3108086600942,568.0988286405429,-80.10570817401208,30.316284067331367,85.65046153822591,0.042799079043801286,42.799079043801285,10.83193363394584,0.0,10.83193363394584,3.2911903065526062,3.2911903065526062
2,random_walk_accel,255,5.0,1871.2383965061836,533.9044737921744,1796.0752097948457,569.8577227436664,-75.16318671133786,35.953248951492014,83.31951000078791,0.04163567940895664,41.63567940895664,21.08469046782659,0.0,21.08469046782659,4.591806884857702,4.591806884857702
2,random_walk_accel,270,0.5,1530.926893372727,558.1198033934602,1522.9959103210747,561.502042646271,-7.93098305165222,3.382239252810791,8.62206672027356,0.004311006653570514,4.311006653570514,0.026894302767832362,0.0,0.026894302767832362,0.16399482543004934,0.16399482543004934
2,random_walk_accel,270,1.0,1578.1665433491185,557.6778322471314,1560.239510566448,561.8114757628957,-17.927032782670494,4.133643515764334,18.397432242200626,0.009198456680257632,9.198456680257632,0.18193710365948806,0.0,0.18193710365948806,0.42654085813610876,0.42654085813610876
2,random_walk_accel,270,2.0,1678.842441756288,547.9099525368264,1634.7267110571945,562.4303419961454,-44.11573069909355,14.520389459319063,46.4439383037792,0.023217796276754316,23.217796276754317,1.3805569518622869,0.0,1.3805569518622869,1.1749710429888418,1.1749710429888418
2,random_walk_accel,270,3.0,1764.7539484202182,541.0094872638284,1709.213911547941,563.049208229395,-55.54003687227714,22.03972096556663,59.753200717735126,0.02986771572017867,29.86771572017867,4.5972224619577355,0.0,4.5972224619577355,2.1441134442836125,2.1441134442836125
2,random_walk_accel,270,4.0,1841.475025558944,534.4198615343533,1783.7011120386876,563.6680744626448,-57.77391352025643,29.248212928291423,64.75556379914194,0.03236647491041293,32.36647491041293,10.831933633945834,0.0,10.831933633945834,3.2911903065526054,3.2911903065526054
2,random_walk_accel,270,5.0,1885.0,532.6220733314173,1858.1883125294341,564.2869406958944,-26.811687470565857,31.664867364477118,41.4913293379379,0.020742689246222606,20.742689246222607,21.084690467826583,0.0,21.084690467826583,4.591806884857701,4.591806884857701
2,random_walk_accel,285,0.5,1578.1665433491185,557.6778322471314,1569.47253412707,557.6123048592706,-8.694009222048408,-0.06552738786081136,8.694256160915815,0.0043471006974514165,4.347100697451417,0.026894302767832282,0.0,0.026894302767832282,0.16399482543004912,0.16399482543004912
2,random_walk_accel,285,1.0,1629.3559917624098,554.7418761291929,1610.3142978117626,556.3052642635156,-19.041693950647186,1.5633881343227358,19.10576590897771,0.00955259237942862,9.55259237942862,0.18193710365948776,0.0,0.18193710365948776,0.4265408581361084,0.4265408581361084
2,random_walk_accel,285,2.0,1721.994247277,543.0394030058092,1691.9978251811476,553.6911830720055,-29.996422095852495,10.651780066196352,31.831521439151565,0.01591441704237277,15.914417042372769,1.3805569518622858,0.0,1.3805569518622858,1.1749710429888414,1.1749710429888414
2,random_walk_accel,285,3.0,1806.4165168341062,537.7825445732116,1773.6813525505327,551.0771018804953,-32.73516428357357,13.294557307283753,35.33180202974655,0.01766406361021958,17.664063610219582,4.597222461957733,0.0,4.597222461957733,2.1441134442836116,2.1441134442836116
2,random_walk_accel,285,4.0,1871.2383965061836,533.9044737921744,1855.3648799199177,548.4630206889852,-15.87351658626585,14.558546896810867,21.538797936772106,0.010768982652556753,10.768982652556753,10.83193363394583,0.0,10.83193363394583,3.291190306552605,3.291190306552605
2,random_walk_accel,285,5.0,1885.0,526.9187448571573,1937.0484072893028,545.8489394974752,52.04840728930276,18.930194640317836,55.3840136724801,0.02768493157831177,27.68493157831177,21.084690467826576,0.0,21.084690467826576,4.5918068848577,4.5918068848577
3,random_walk_accel,60,0.5,1015.0171719527376,584.4909472363372,1026.8667532551888,578.5609307621846,11.849581302451156,-5.9300164741525805,13.250572532050116,0.006625189330882846,6.625189330882846,0.026905574491387148,0.0,0.026905574491387148,0.16402918792515905,0.16402918792515905
3,random_walk_accel,60,1.0,1015.957943095734,595.6988564669228,1039.9266764645727,588.3406316470592,23.968733368838684,-7.358224819863608,25.072767135004025,0.012535726886261481,12.53572688626148,0.1819731994633959,0.0,0.1819731994633959,0.4265831682842115,0.4265831682842115
3,random_walk_accel,60,2.0,1008.0842751272545,619.0827145988247,1066.0465228833402,607.9000334168085,57.96224775608573,-11.182681182016267,59.03113181497104,0.02950699937306419,29.50699937306419,1.3806867190559946,0.0,1.3806867190559946,1.1750262631345711,1.1750262631345711
3,random_walk_accel,60,3.0,997.1312265649718,650.4737515891019,1092.166369302108,627.4594351865577,95.0351427371362,-23.014316402544182,97.78208994772133,0.04885214543480641,48.85214543480641,4.597504598180035,0.0,4.597504598180035,2.144179236486548,2.144179236486548
3,random_walk_accel,60,4.0,997.5753110189012,691.2635972916579,1118.2862157208756,647.0188369563069,120.71090470197441,-44.244760335350975,128.5640748074741,0.06419371462303297,64.19371462303297,10.832426836835518,0.0,10.832426836835518,3.2912652334376697,3.2912652334376697
3,random_walk_accel,60,5.0,997.4556702407295,746.6138328966481,1144.4060621396434,666.5782387260562,146.95039189891384,-80.03559417059193,167.33234598691328,0.08347176698588962,83.47176698588962,21.08545343502244,0.0,21.08545343502244,4.591889963296425,4.591889963296425
3,random_walk_accel,75,0.5,1015.957943095734,595.6988564669228,1026.3195731796543,596.1437767920647,10.361630083920318,0.4449203251418794,10.37117795102017,0.005185542495521844,5.185542495521844,0.026898992663005855,0.0,0.026898992663005855,0.1640091237187915,0.1640091237187915
3,random_walk_accel,75,1.0,1013.5859083589766,606.3524350225218,1034.0453380007923,608.8733170552941,20.459429641815746,2.520882032772306,20.61414823589767,0.01030670914787021,10.30670914787021,0.181949164069561,0.0,0.181949164069561,0.42655499536350644,0.42655499536350644
3,random_walk_accel,75,2.0,1002.0162686010482,634.4961902451781,1049.4968676430688,634.3323975817527,47.48059904202057,-0.16379266342539722,47.48088155695634,0.023735982181159933,23.735982181159933,1.3805941441614513,0.0,1.3805941441614513,1.1749868697825738,1.1749868697825738
3,random_walk_accel,75,3.0,996.3172299916033,668.3874705209126,1064.948397285345,659.7914781082114,68.63116729374167,-8.595992412701207,69.1673926764684,0.03456991848769688,34.56991848769688,4.5972986406250484,0.0,4.5972986406250484,2.144131208817466,2.144131208817466
3,random_walk_accel,75,4.0,997.6629120826902,717.3793533932837,1080.3999269276212,685.25055863467,82.73701484493097,-32.12879475861371,88.75625655744756,0.044349029623246876,44.34902962324688,10.832062653460351,0.0,10.832062653460351,3.291209907231739,3.291209907231739
3,random_walk_accel,75,5.0,999.45851937091,781.4399809228858,1095.8514565698974,710.7096391611287,96.3929371989874,-70.73034176175702,119.55910499657848,0.05970849549230176,59.708495492301765,21.08488618266736,0.0,21.08488618266736,4.5918281961183345,4.5918281961183345
3,random_walk_accel,90,0.5,1013.5859083589766,606.3524350225218,1020.6805357431664,609.3331931110399,7.094627384189835,2.980758088518087,7.69536591090783,0.003847663967737973,3.847663967737973,0.026894777890408124,0.0,0.026894777890408124,0.16399627401379618,0.16399627401379618
3,random_walk_accel,90,1.0,1008.0842751272545,619.0827145988247,1023.3250512425129,622.1335986864865,15.240776115258427,3.050884087661757,15.543138367517013,0.00777141272886183,7.77141272886183,0.18193808888525917,0.0,0.18193808888525917,0.4265420130365345,0.4265420130365345
3,random_walk_accel,90,2.0,997.1312265649718,650.4737515891019,1028.614082241206,647.7344098373795,31.48285567623418,-2.7393417517223497,31.601806827510988,0.015799588614500516,15.799588614500516,1.380559551442633,0.0,1.380559551442633,1.174972149219986,1.174972149219986
3,random_walk_accel,90,3.0,997.5753110189012,691.2635972916579,1033.9031132398989,673.3352209882726,36.32780222099768,-17.928376303385335,40.51093545061275,0.02025269824244951,20.25269824244951,4.597227468090236,0.0,4.597227468090236,2.144114611696454,2.144114611696454
3,random_walk_accel,90,4.0,997.4556702407295,746.6138328966481,1039.192144238592,698.9360321391656,41.73647399786239,-47.67780075748249,63.36486366153123,0.03167183751725652,31.671837517256517,10.831941838828067,0.0,10.831941838828067,3.2911915530439835,3.2911915530439835
3,random_walk_accel,90,5.0,1001.5877061466191,817.1925891147903,1044.481175237285,724.5368432900586,42.89346909066592,-92.65574582473164,102.10258040308867,0.05100700888541195,51.00700888541195,21.084702663656127,0.0,21.084702663656127,4.59180821285647,4.59180821285647
3,random_walk_accel,105,0.5,1008.0842751272545,619.0827145988247,1015.2016220283822,618.1562950168035,7.117346901127689,-0.9264195820212535,7.1773867217075855,0.0035886779550471375,3.5886779550471375,0.02689432630076509,0.0,0.02689432630076509,0.1639948971790436,0.1639948971790436
3,random_walk_accel,105,1.0,1002.0162686010482,634.4961902451781,1014.6886093322099,629.4448103309887,12.67234073116174,-5.051379914189397,13.642018129446132,0.006820903282545734,6.820903282545734,0.18193717492667874,0.0,0.18193717492667874,0.4265409416769728,0.4265409416769728
3,random_walk_accel,105,2.0,996.3172299916033,668.3874705209126,1013.6625839398654,652.0218409593592,17.345353948262073,-16.36562956155342,23.84732971501174,0.01192309982818864,11.92309982818864,1.3805572158828643,0.0,1.3805572158828643,1.174971155340787,1.174971155340787
3,random_walk_accel,105,3.0,997.6629120826902,717.3793533932837,1012.6365585475208,674.5988715877297,14.973646464830608,-42.78048180555402,45.325265713165685,0.022658754247303105,22.658754247303104,4.597223048444861,0.0,4.597223048444861,2.144113581050421,2.144113581050421
3,random_walk_accel,105,4.0,999.45851937091,781.4399809228858,1011.6105331551763,697.1759022161002,12.152013784266273,-84.26407870678554,85.13581149737368,0.04254222227388804,42.542222273888044,10.831934672612668,0.0,10.831934672612668,3.291190464347615,3.291190464347615
3,random_walk_accel,105,5.0,998.9009082842507,853.6148111886413,1010.5845077628318,719.7529328444708,11.683599478581073,-133.86187834417046,134.3707891269728,0.06708457859099032,67.08457859099032,21.084692088386284,0.0,21.084692088386284,4.591807061319789,4.591807061319789
3,random_walk_accel,120,0.5,1002.0162686010482,634.4961902451781,1005.7171726473885,629.9549244335207,3.70090404634027,-4.541265811657468,5.858309135949275,0.002929146190687952,2.929146190687952,0.02689431924017275,0.0,0.02689431924017275,0.16399487565217624,0.16399487565217624
3,random_walk_accel,120,1.0,997.1312265649718,650.4737515891019,1001.7697502122201,641.505801320095,4.638523647248235,-8.967950269006906,10.096535725359571,0.005048224978285878,5.048224978285878,0.18193715068894867,0.0,0.18193715068894867,0.42654091326500987,0.42654091326500987
3,random_walk_accel,120,2.0,997.5753110189012,691.2635972916579,993.8749053418832,664.6075550932435,-3.7004056770180114,-26.65604219841441,26.911662673609687,0.013455019323447443,13.455019323447443,1.38055710781602,0.0,1.38055710781602,1.1749711093537663,1.1749711093537663
3,random_walk_accel,120,3.0,997.4556702407295,746.6138328966481,985.9800604715464,687.7093088663921,-11.475609769183166,-58.90452403025597,60.011936902632755,0.02999696794035137,29.996967940351368,4.5972227905824505,0.0,4.5972227905824505,2.1441135209177826,2.1441135209177826
3,random_walk_accel,120,4.0,1001.5877061466191,817.1925891147903,978.0852156012096,710.8110626395408,-23.5024905454095,-106.38152647524953,108.94675872664261,0.054419594579496605,54.419594579496604,10.83193419898824,0.0,10.83193419898824,3.2911903923942534,3.2911903923942534
3,random_walk_accel,120,5.0,991.6960397681604,891.7008619296686,970.1903707308727,733.9128164126894,-21.505669037287703,-157.7880455169792,159.24685588359242,0.07945579720533828,79.45579720533829,21.084691333033387,0.0,21.084691333033387,4.59180697906972,4.59180697906972
3,random_walk_accel,135,0.5,997.1312265649718,650.4737515891019,996.9594656016194,646.4966710453184,-0.1717609633524262,-3.9770805437834724,3.9807877964383875,0.0019903912697989234,1.9903912697989234,0.026894306131107992,0.0,0.026894306131107992,0.16399483568426168,0.16399483568426168
3,random_walk_accel,135,1.0,996.3172299916033,668.3874705209126,991.1959708878658,660.0267130106963,-5.121259103737543,-8.360757510216331,9.804568371542597,0.004902244915135354,4.902244915135354,0.1819371114838094,0.0,0.1819371114838094,0.42654086730793966,0.42654086730793966
3,random_walk_accel,135,2.0,997.6629120826902,717.3793533932837,979.6689814603585,687.0867969414522,-17.99393062233173,-30.2925564518315,35.23379791661248,0.017615076799288327,17.615076799288328,1.3805569742960409,0.0,1.3805569742960409,1.1749710525353554,1.1749710525353554
3,random_walk_accel,135,3.0,999.45851937091,781.4399809228858,968.1419920328514,714.146880872208,-31.316527338058677,-67.29310005067771,74.22321873205107,0.03709458584350584,37.09458584350584,4.597222506584044,0.0,4.597222506584044,2.1441134546903164,2.1441134546903164
3,random_walk_accel,135,4.0,998.9009082842507,853.6148111886413,956.6150026053441,741.206964802964,-42.2859056789066,-112.40784638567732,120.09838362006133,0.05997717033177231,59.97717033177231,10.831933708347819,0.0,10.831933708347819,3.2911903178558086,3.2911903178558086
3,random_walk_accel,135,5.0,982.0309117432593,929.6613476960149,945.0880131778368,768.2670487337198,-36.94289856542241,-161.39429896229512,165.5684072881834,0.08259586457023559,82.59586457023559,21.084690579587363,0.0,21.084690579587363,4.591806897027287,4.591806897027287
3,random_walk_accel,150,0.5,996.3172299916033,668.3874705209126,990.6522592146658,665.4254288656796,-5.66497077693748,-2.9620416552330653,6.392619546859603,0.003196298888574217,3.196298888574217,0.026894302934260268,0.0,0.026894302934260268,0.1639948259374675,0.1639948259374675
3,random_walk_accel,150,1.0,997.5753110189012,691.2635972916579,984.7529205234174,680.9848172013922,-12.822390495483774,-10.278780090265741,16.433715896373407,0.008216673030483944,8.216673030483944,0.18193710398793245,0.0,0.18193710398793245,0.42654085852111806,0.42654085852111806
3,random_walk_accel,150,2.0,997.4556702407295,746.6138328966481,972.9542431409207,712.1035938728176,-24.501427099808893,-34.510239023830536,42.3234748976164,0.021158579420335853,21.158579420335855,1.3805569527522947,0.0,1.3805569527522947,1.174971043367578,1.174971043367578
3,random_walk_accel,150,3.0,1001.5877061466191,817.1925891147903,961.1555657584238,743.2223705442428,-40.43214038819531,-73.97021857054744,84.29917681534795,0.04212465416611606,42.124654166116066,4.597222463726014,0.0,4.597222463726014,2.144113444695969,2.144113444695969
3,random_walk_accel,150,4.0,991.6960397681604,891.7008619296686,949.3568883759269,774.3411472156681,-42.339151392233475,-117.35971471400046,124.76340159824933,0.0623009702359204,62.300970235920396,10.83193363690909,0.0,10.83193363690909,3.2911903070027857,3.2911903070027857
3,random_walk_accel,150,5.0,974.2459513453898,966.2945302636007,937.5582109934301,805.4599238870935,-36.68774035195975,-160.83460637650717,164.9659386067888,0.08229667320302833,82.29667320302833,21.084690472301524,0.0,21.084690472301524,4.591806885344975,4.591806885344975
3,random_walk_accel,165,0.5,997.5753110189012,691.2635972916579,990.7157370505349,683.9675615123061,-6.859573968366249,-7.296035779351769,10.014284453772474,0.005007100382038185,5.007100382038185,0.02689430280725899,0.0,0.02689430280725899,0.1639948255502563,0.1639948255502563
3,random_walk_accel,165,1.0,997.6629120826902,717.3793533932837,987.2079502510509,700.7245816007306,-10.454961831639366,-16.654771792553106,19.6643751582159,0.009831870765357867,9.831870765357866,0.18193710378596373,0.0,0.18193710378596373,0.42654085828436616,0.42654085828436616
3,random_walk_accel,165,2.0,999.45851937091,781.4399809228858,980.1923766520829,734.2386217775799,-19.266142718827155,-47.2013591453059,50.981884629997445,0.02548542322924872,25.48542322924872,1.3805569523176144,0.0,1.3805569523176144,1.174971043182603,1.174971043182603
3,random_walk_accel,165,3.0,998.9009082842507,853.6148111886413,973.176803053115,767.752661954429,-25.724105231135695,-85.86214923421232,89.63279679369985,0.04478642978229749,44.786429782297496,4.597222462948253,0.0,4.597222462948253,2.144113444514598,2.144113444514598
3,random_walk_accel,165,4.0,982.0309117432593,929.6613476960149,966.161229454147,801.2667021312782,-15.869682289112234,-128.39464556473672,129.37168092612745,0.06459584554488067,64.59584554488066,10.831933635677881,0.0,10.831933635677881,3.2911903068157393,3.2911903068157393
3,random_walk_accel,165,5.0,970.8257612992405,1005.0237780773987,959.145655855179,834.7807423081273,-11.680105444061496,-170.2430357692714,170.64324214899872,0.08511547987649133,85.11547987649134,21.084690470506498,0.0,21.084690470506498,4.5918068851495155,4.5918068851495155
3,random_walk_accel,180,0.5,997.6629120826902,717.3793533932837,995.961007709986,708.8260678686094,-1.7019043727042344,-8.55328552467438,8.720961630487436,0.004360453179132551,4.360453179132551,0.02689430278445734,0.0,0.02689430278445734,0.16399482548073688,0.16399482548073688
3,random_walk_accel,180,1.0,997.4556702407295,746.6138328966481,995.7987340524157,728.7864446261375,-1.6569361883138072,-17.827388270510596,17.904223247035397,0.008951872493371402,8.951872493371402,0.18193710370231111,0.0,0.18193710370231111,0.4265408581863068,0.4265408581863068
3,random_walk_accel,180,2.0,1001.5877061466191,817.1925891147903,995.4741867372752,768.707198141194,-6.113519409343894,-48.48539097359628,48.86929769733668,0.024429787670796333,24.429787670796333,1.3805569519945013,0.0,1.3805569519945013,1.1749710430451048,1.1749710430451048
3,random_walk_accel,180,3.0,991.6960397681604,891.7008619296686,995.1496394221347,808.6279516562504,3.4535996539742655,-83.07291027341819,83.1446677295984,0.041548409415895174,41.54840941589517,4.597222462228669,0.0,4.597222462228669,2.144113444346793,2.144113444346793
3,random_walk_accel,180,4.0,974.2459513453898,966.2945302636007,994.8250921069941,848.5487051713069,20.57914076160432,-117.74582509229379,119.53066703215106,0.05969432713003293,59.694327130032924,10.831933634404812,0.0,10.831933634404812,3.291190306622334,3.291190306622334
3,random_walk_accel,180,5.0,972.2622270409158,1044.358979999096,994.5005447918536,888.4694586863633,22.238317750937767,-155.88952131273265,157.46772885739034,0.07857177590668912,78.57177590668913,21.084690468522933,0.0,21.084690468522933,4.5918068849335265,4.5918068849335265
3,random_walk_accel,195,0.5,997.4556702407295,746.6138328966481,998.6476249715689,739.2693353726927,1.1919547308393703,-7.344497523955397,7.440591371642264,0.00372027852225552,3.72027852225552,0.02689430276953758,0.0,0.02689430276953758,0.16399482543524835,0.16399482543524835
3,random_walk_accel,195,1.0,999.45851937091,781.4399809228858,999.5008311889195,763.2682983467416,0.04231181800946615,-18.17168257614412,18.17173183651143,0.009085615908931994,9.085615908931993,0.18193710366303087,0.0,0.18193710366303087,0.4265408581402617,0.4265408581402617
3,random_walk_accel,195,2.0,998.9009082842507,853.6148111886413,1001.2072436236205,811.2662242948394,2.3063353393697525,-42.348586893801894,42.41134275874221,0.021202493644412953,21.202493644412954,1.3805569518716465,0.0,1.3805569518716465,1.1749710429928248,1.1749710429928248
3,random_walk_accel,195,3.0,982.0309117432593,929.6613476960149,1002.9136560583215,859.2641502429371,20.88274431506227,-70.39719745307775,73.42924771081263,0.03669814052580349,36.69814052580349,4.597222461975768,0.0,4.597222461975768,2.1441134442878176,2.1441134442878176
3,random_walk_accel,195,4.0,970.8257612992405,1005.0237780773987,1004.6200684930226,907.2620761910348,33.79430719378206,-97.76170188636388,103.4379309268413,0.051672925814865336,51.67292581486534,10.831933633975394,0.0,10.831933633975394,3.2911903065570964,3.2911903065570964
3,random_walk_accel,195,5.0,974.9966228247159,1045.0,1006.3264809277235,955.2600021391326,31.32985810300761,-89.73999786086745,95.05170816362579,0.04749012017341783,47.490120173417836,21.084690467870526,0.0,21.084690467870526,4.591806884862486,4.591806884862486
3,random_walk_accel,210,0.5,999.45851937091,781.4399809228858,997.9933097527951,771.9666845567833,-1.4652096181149545,-9.473296366102431,9.58593674426376,0.004792931670409249,4.792931670409249,0.026894302767915317,0.0,0.026894302767915317,0.16399482543030228,0.16399482543030228
3,random_walk_accel,210,1.0,1001.5877061466191,817.1925891147903,998.2601458435239,799.3309665153797,-3.327560303095197,-17.861622599410566,18.168935561955998,0.009084217887047361,9.08421788704736,0.18193710365973767,0.0,0.18193710365973767,0.42654085813640136,0.42654085813640136
3,random_walk_accel,210,2.0,991.6960397681604,891.7008619296686,998.7938180249815,854.0595304325727,7.09777825682113,-37.64133149709585,38.3046771694693,0.019149997330318577,19.149997330318577,1.3805569518632097,0.0,1.3805569518632097,1.1749710429892346,1.1749710429892346
3,random_walk_accel,210,3.0,974.2459513453898,966.2945302636007,999.3274902064393,908.7880943497656,25.081538861049467,-57.50643591383505,62.73813643351507,0.0313587850401778,31.3587850401778,4.5972224619597855,0.0,4.5972224619597855,2.1441134442840903,2.1441134442840903
3,random_walk_accel,210,4.0,972.2622270409158,1044.358979999096,999.8611623878969,963.5166582669585,27.59893534698108,-80.8423217321374,85.42354602408669,0.04268582843860266,42.68582843860266,10.831933633949463,0.0,10.831933633949463,3.291190306553157,3.291190306553157
3,random_walk_accel,210,5.0,977.3728541079139,1045.0,1000.3948345693545,1018.2452221841515,23.02198046144065,-26.754777815848456,35.296313126761156,0.01764632468920256,17.64632468920256,21.084690467832246,0.0,21.084690467832246,4.591806884858317,4.591806884858317
3,random_walk_accel,225,0.5,1001.5877061466191,817.1925891147903,999.3193257396248,810.0656892554243,-2.2683804069943108,-7.126899859365949,7.479187875449183,0.0037395765056754122,3.739576505675412,0.026894302767890305,0.0,0.026894302767890305,0.163994825430226,0.163994825430226
3,random_walk_accel,225,1.0,998.9009082842507,853.6148111886413,1000.0607133165153,841.6415114797819,1.1598050322645577,-11.973299708859372,12.029341363143624,0.006014598153709115,6.014598153709115,0.18193710365965376,0.0,0.18193710365965376,0.426540858136303,0.426540858136303
3,random_walk_accel,225,2.0,982.0309117432593,929.6613476960149,1001.5434884702962,904.793155928497,19.512576727036958,-24.868191767517942,31.609612656825636,0.015803490554725436,15.803490554725435,1.380556951862837,0.0,1.380556951862837,1.1749710429890758,1.1749710429890758
3,random_walk_accel,225,3.0,970.8257612992405,1005.0237780773987,1003.0262636240772,967.944800377212,32.200502324836634,-37.07897770018667,49.10929583350539,0.02454971478393243,24.54971478393243,4.5972224619588955,0.0,4.5972224619588955,2.144113444283883,2.144113444283883
3,random_walk_accel,225,4.0,974.9966228247159,1045.0,1004.5090387778581,1031.096444825927,29.51241595314218,-13.903555174073063,32.62348144925331,0.016310294251566125,16.310294251566123,10.831933633947829,0.0,10.831933633947829,3.2911903065529087,3.2911903065529087
3,random_walk_accel,225,5.0,980.7233143638887,1045.0,1005.9918139316391,1094.248089274642,25.268499567750382,49.2480892746421,55.352248080891165,0.027669060945889022,27.669060945889022,21.084690467829635,0.0,21.084690467829635,4.591806884858033,4.591806884858033
3,random_walk_accel,240,0.5,998.9009082842507,853.6148111886413,1003.3479193508464,851.5572953020342,4.447011066595678,-2.0575158866071206,4.8999264331278605,0.002449958314760706,2.449958314760706,0.02689430276784422,0.0,0.02689430276784422,0.1639948254300855,0.1639948254300855
3,random_walk_accel,240,1.0,991.6960397681604,891.7008619296686,1005.317291141858,886.8456308048076,13.621251373697646,-4.855231124861007,14.460697018514672,0.007230222517301804,7.230222517301804,0.18193710365951557,0.0,0.18193710365951557,0.426540858136141,0.426540858136141
3,random_walk_accel,240,2.0,974.2459513453898,966.2945302636007,1009.2560347238814,957.4223018103546,35.01008337849157,-8.872228453246066,36.11678800634853,0.01805643140606742,18.05643140606742,1.3805569518623655,0.0,1.3805569518623655,1.1749710429888753,1.1749710429888753
3,random_walk_accel,240,3.0,972.2622270409158,1044.358979999096,1013.1947783059047,1027.9989728159017,40.93255126498889,-16.360007183194284,44.08087553684831,0.02203686986708744,22.03686986708744,4.597222461957892,0.0,4.597222461957892,2.144113444283649,2.144113444283649
3,random_walk_accel,240,4.0,977.3728541079139,1045.0,1017.1335218879279,1098.5756438214485,39.760667780014046,53.575643821448466,66.71776609865888,0.03334651721546098,33.346517215460985,10.831933633946095,0.0,10.831933633946095,3.2911903065526453,3.2911903065526453
3,random_walk_accel,240,5.0,985.6635516750533,1045.0,1021.0722654699513,1169.1523148269955,35.40871379489795,124.15231482699551,129.10296003388305,0.06446204379768536,64.46204379768535,21.084690467826974,0.0,21.084690467826974,4.591806884857744,4.591806884857744
3,random_walk_accel,255,0.5,991.6960397681604,891.7008619296686,1001.3181772043332,889.0007431372875,9.622137436172807,-2.7001187923810903,9.993806598767444,0.004996861710709689,4.996861710709689,0.026894302767832824,0.0,0.026894302767832824,0.16399482543005076,0.16399482543005076
3,random_walk_accel,255,1.0,982.0309117432593,929.6613476960149,1001.6071410143356,925.1254875635115,19.576229271076386,-4.535860132503444,20.09484460291699,0.010047084223847985,10.047084223847985,0.18193710365948879,0.0,0.18193710365948879,0.4265408581361096,0.4265408581361096
3,random_walk_accel,255,2.0,970.8257612992405,1005.0237780773987,1002.1850686343404,997.3749764159596,31.359307335099857,-7.648801661439052,32.27863571146216,0.01613791676453907,16.13791676453907,1.3805569518622884,0.0,1.3805569518622884,1.1749710429888425,1.1749710429888425
3,random_walk_accel,255,3.0,974.9966228247159,1045.0,1002.7629962543452,1069.6244652684077,27.76637342962931,24.624465268407675,37.1124747650792,0.01855410797497965,18.55410797497965,4.597222461957738,0.0,4.597222461957738,2.144113444283613,2.144113444283613
3,random_walk_accel,255,4.0,980.7233143638887,1045.0,1003.3409238743501,1141.8739541208558,22.61760951046142,96.87395412085584,99.47924028146474,0.04969866182180687,49.69866182180687,10.83193363394584,0.0,10.83193363394584,3.2911903065526062,3.2911903065526062
3,random_walk_accel,255,5.0,995.1402498221936,1045.0,1003.9188514943548,1214.123442973304,8.778601672161244,169.123442973304,169.3511228497257,0.08447405439402392,84.47405439402392,21.08469046782659,0.0,21.08469046782659,4.591806884857702,4.591806884857702
3,random_walk_accel,270,0.5,982.0309117432593,929.6613476960149,990.1598884416675,928.6587939834296,8.128976698408223,-1.002553712585268,8.190566287496999,0.004095260249511381,4.095260249511381,0.026894302767832362,0.0,0.026894302767832362,0.16399482543004934,0.16399482543004934
3,random_walk_accel,270,1.0,974.2459513453898,966.2945302636007,985.999307821939,966.1323890597462,11.753356476549243,-0.16214120385450315,11.754474817482464,0.005877169739789742,5.877169739789743,0.18193710365948806,0.0,0.18193710365948806,0.42654085813610876,0.42654085813610876
3,random_walk_accel,270,2.0,972.2622270409158,1044.358979999096,977.678146582482,1041.0795792123795,5.415919541566154,-3.279400786716451,6.331402214409903,0.0031656905320714603,3.1656905320714603,1.3805569518622869,0.0,1.3805569518622869,1.1749710429888418,1.1749710429888418
3,random_walk_accel,270,3.0,977.3728541079139,1045.0,969.356985343025,1116.0267693650128,-8.015868764888864,71.0267693650128,71.47766167472633,0.035723626513262066,35.72362651326207,4.5972224619577355,0.0,4.5972224619577355,2.1441134442836125,2.1441134442836125
3,random_walk_accel,270,4.0,985.6635516750533,1045.0,961.035824103568,1190.973959517646,-24.627727571485366,145.9739595176461,148.0368934509053,0.07388371364253765,73.88371364253766,10.831933633945834,0.0,10.831933633945834,3.2911903065526054,3.2911903065526054
3,random_walk_accel,270,5.0,1010.981604143151,1045.0,952.714662864111,1265.9211496702792,-58.26694127904,220.9211496702792,228.47579919469152,0.11374480866735254,113.74480866735254,21.084690467826583,0.0,21.084690467826583,4.591806884857701,4.591806884857701
3,random_walk_accel,285,0.5,974.2459513453898,966.2945302636007,975.9308050356428,967.3980218877706,1.6848536902530213,1.1034916241699193,2.014057030516363,0.0010070281748470243,1.0070281748470242,0.026894302767832282,0.0,0.026894302767832282,0.16399482543004912,0.16399482543004912
3,random_walk_accel,285,1.0,970.8257612992405,1005.0237780773987,967.9106801315619,1005.3475730943557,-2.915081167678636,0.32379501695697854,2.933008937449869,0.0014665034174208373,1.4665034174208373,0.18193710365948776,0.0,0.18193710365948776,0.4265408581361084,0.4265408581361084
3,random_walk_accel,285,2.0,974.9966228247159,1045.0,951.8704303233999,1081.2466755075257,-23.12619250131604,36.24667550752565,42.99584008896426,0.021494609132237257,21.494609132237258,1.3805569518622858,0.0,1.3805569518622858,1.1749710429888414,1.1749710429888414
3,random_walk_accel,285,3.0,980.7233143638887,1045.0,935.8301805152379,1157.1457779206958,-44.89313384865079,112.14577792069576,120.79763645117768,0.060325533255621906,60.325533255621906,4.597222461957733,0.0,4.597222461957733,2.1441134442836116,2.1441134442836116
3,random_walk_accel,285,4.0,995.1402498221936,1045.0,919.7899307070759,1233.0448803338659,-75.35031911511771,188.04488033386588,202.57973148991982,0.10094558351783141,100.94558351783141,10.83193363394583,0.0,10.83193363394583,3.291190306552605,3.291190306552605
3,random_walk_accel,285,5.0,1033.6404641587496,1045.0,903.7496808989138,1308.943982747036,-129.89078325983587,263.943982747036,294.17348895544836,0.14603958750510992,146.03958750510992,21.084690467826576,0.0,21.084690467826576,4.5918068848577,4.5918068848577
4,random_walk_accel,60,0.5,958.860503200371,573.8462578527796,955.3178669872468,570.990637134927,-3.542636213124183,-2.855620717852503,4.550257247977008,0.0022751246984859903,2.2751246984859903,0.026905574491387148,0.0,0.026905574491387148,0.16402918792515905,0.16402918792515905
4,random_walk_accel,60,1.0,960.7917064404223,577.2857033615857,952.752728768068,579.3750495964483,-8.03897767235435,2.08934623486266,8.306053798630643,0.004153003022935269,4.153003022935269,0.1819731994633959,0.0,0.1819731994633959,0.4265831682842115,0.4265831682842115
4,random_walk_accel,60,2.0,983.2505772409111,576.5327591371326,947.6224523297102,596.1438745194906,-35.62812491120087,19.61111538235798,40.66889636108029,0.020331646180145865,20.331646180145864,1.3806867190559946,0.0,1.3806867190559946,1.1750262631345711,1.1750262631345711
4,random_walk_accel,60,3.0,1016.4079929885894,572.3735754132945,942.4921758913524,612.912699442533,-73.91581709723698,40.539124029238565,84.30283858927989,0.0421264818059783,42.1264818059783,4.597504598180035,0.0,4.597504598180035,2.144179236486548,2.144179236486548
4,random_walk_accel,60,4.0,1040.2340789940256,575.5704558960591,937.3618994529945,629.6815243655753,-102.87217954103107,54.111068469516226,116.23550685756399,0.058052451458382885,58.05245145838288,10.832426836835518,0.0,10.832426836835518,3.2912652334376697,3.2912652334376697
4,random_walk_accel,60,5.0,1081.0430016201278,574.8240842553575,932.2316230146367,646.4503492886178,-148.8113786054911,71.62626503326021,165.15189446410128,0.08238902213276417,82.38902213276417,21.08545343502244,0.0,21.08545343502244,4.591889963296425,4.591889963296425
4,random_walk_accel,75,0.5,960.7917064404223,577.2857033615857,957.4838262350175,584.4247113898132,-3.3078802054047856,7.139008028227522,7.8681323756280195,0.003934045892316612,3.934045892316612,0.026898992663005855,0.0,0.026898992663005855,0.1640091237187915,0.1640091237187915
4,random_walk_accel,75,1.0,969.2352124932914,577.9045571882887,956.7263872728375,594.6149357755653,-12.5088252204539,16.710378587276637,20.873606802035365,0.010436424476356582,10.436424476356583,0.181949164069561,0.0,0.181949164069561,0.42655499536350644,0.42655499536350644
4,random_walk_accel,75,2.0,1000.0745026801302,573.2270636755812,955.2115093484776,614.9953845470698,-44.86299333165255,41.76832087148853,61.29666221826051,0.03063874031501286,30.63874031501286,1.3805941441614513,0.0,1.3805941441614513,1.1749868697825738,1.1749868697825738
4,random_walk_accel,75,3.0,1028.503898710039,574.9686271415271,953.6966314241176,635.3758333185741,-74.8072672859214,60.40720617704699,96.15174359783367,0.048038883994013924,48.03888399401392,4.5972986406250484,0.0,4.5972986406250484,2.144131208817466,2.144131208817466
4,random_walk_accel,75,4.0,1057.81124459294,575.5312567817848,952.1817534997577,655.7562820900786,-105.62949109318231,80.22502530829377,132.641034654895,0.06622353816688627,66.22353816688627,10.832062653460351,0.0,10.832062653460351,3.291209907231739,3.291209907231739
4,random_walk_accel,75,5.0,1106.686093646948,572.6465547989754,950.6668755753977,676.1367308615829,-156.0192180715502,103.49017606260747,187.2223623105088,0.09333916999691244,93.33916999691245,21.08488618266736,0.0,21.08488618266736,4.5918281961183345,4.5918281961183345
4,random_walk_accel,90,0.5,969.2352124932914,577.9045571882887,959.9486065859506,587.0829056147447,-9.2866059073408,9.178348426456068,13.056918821670205,0.0065283666638578045,6.528366663857804,0.026894777890408124,0.0,0.026894777890408124,0.16399627401379618,0.16399627401379618
4,random_walk_accel,90,1.0,983.2505772409111,576.5327591371326,960.4925996574133,594.2382447936233,-22.75797758349779,17.705485656490623,28.834177047787982,0.014416089772763716,14.416089772763716,0.18193808888525917,0.0,0.18193808888525917,0.4265420130365345,0.4265420130365345
4,random_walk_accel,90,2.0,1016.4079929885894,572.3735754132945,961.5805858003387,608.5489231513802,-54.82740718825073,36.17534773808575,65.68637882360143,0.032831388005349904,32.83138800534991,1.380559551442633,0.0,1.380559551442633,1.174972149219986,1.174972149219986
4,random_walk_accel,90,3.0,1040.2340789940256,575.5704558960591,962.6685719432639,622.8596015091372,-77.56550705076165,47.28914561307806,90.84421377752497,0.04539090769181308,45.390907691813084,4.597227468090236,0.0,4.597227468090236,2.144114611696454,2.144114611696454
4,random_walk_accel,90,4.0,1081.0430016201278,574.8240842553575,963.7565580861892,637.1702798668941,-117.28644353393861,62.34619561153659,132.82754964265416,0.06631638670022823,66.31638670022822,10.831941838828067,0.0,10.831941838828067,3.2911915530439835,3.2911915530439835
4,random_walk_accel,90,5.0,1130.8063750049494,567.9164273457703,964.8445442291145,651.4809582246511,-165.96183077583487,83.56453087888076,185.8127016526972,0.09264041688966793,92.64041688966793,21.084702663656127,0.0,21.084702663656127,4.59180821285647,4.59180821285647
4,random_walk_accel,105,0.5,983.2505772409111,576.5327591371326,970.6861101401092,582.8519865052992,-12.564467100801835,6.319227368166594,14.06408433058183,0.0070319262581325336,7.0319262581325335,0.02689432630076509,0.0,0.02689432630076509,0.1639948971790436,0.1639948971790436
4,random_walk_accel,105,1.0,1000.0745026801302,573.2270636755812,975.2758004208728,585.6324463238502,-24.798702259257425,12.405382648268983,27.728489904667953,0.01386335673891429,13.86335673891429,0.18193717492667874,0.0,0.18193717492667874,0.4265409416769728,0.4265409416769728
4,random_walk_accel,105,2.0,1028.503898710039,574.9686271415271,984.4551809823998,591.1933659609522,-44.0487177276392,16.224738819425056,46.941790370711196,0.02346658670424931,23.46658670424931,1.3805572158828643,0.0,1.3805572158828643,1.174971155340787,1.174971155340787
4,random_walk_accel,105,3.0,1057.81124459294,575.5312567817848,993.6345615439269,596.7542855980543,-64.17668304901315,21.223028816269448,67.59484891106493,0.03378456471943954,33.78456471943954,4.597223048444861,0.0,4.597223048444861,2.144113581050421,2.144113581050421
4,random_walk_accel,105,4.0,1106.686093646948,572.6465547989754,1002.8139421054541,602.3152052351562,-103.87215154149385,29.66865043618077,108.02616666605991,0.05396064892592781,53.960648925927806,10.831934672612668,0.0,10.831934672612668,3.291190464347615,3.291190464347615
4,random_walk_accel,105,5.0,1153.8217999883786,562.8256869482207,1011.9933226669812,607.8761248722582,-141.8284773213975,45.05043792403751,148.81148791828446,0.07426888954026115,74.26888954026114,21.084692088386284,0.0,21.084692088386284,4.591807061319789,4.591807061319789
4,random_walk_accel,120,0.5,1000.0745026801302,573.2270636755812,990.2575478914691,577.8643013644567,-9.816954788661064,4.637237688875416,10.857097895190133,0.005428495623641613,5.428495623641614,0.02689431924017275,0.0,0.02689431924017275,0.16399487565217624,0.16399487565217624
4,random_walk_accel,120,1.0,1016.4079929885894,572.3735754132945,1000.6566520671254,577.6709221219276,-15.75134092146402,5.297346708633086,16.618261731470376,0.008308939648272054,8.308939648272053,0.18193715068894867,0.0,0.18193715068894867,0.42654091326500987,0.42654091326500987
4,random_walk_accel,120,2.0,1040.2340789940256,575.5704558960591,1021.4548604184379,577.2841636368692,-18.77921857558772,1.7137077408100367,18.857249124159416,0.0094283451786722,9.428345178672199,1.38055710781602,0.0,1.38055710781602,1.1749711093537663,1.1749711093537663
4,random_walk_accel,120,3.0,1081.0430016201278,574.8240842553575,1042.2530687697504,576.8974051518109,-38.789932850377454,2.0733208964533105,38.84530280582791,0.01942020962586441,19.42020962586441,4.5972227905824505,0.0,4.5972227905824505,2.1441135209177826,2.1441135209177826
4,random_walk_accel,120,4.0,1130.8063750049494,567.9164273457703,1063.0512771210629,576.5106466667525,-67.75509788388649,8.59421932098212,68.29797870356181,0.034135724311136074,34.13572431113607,10.83193419898824,0.0,10.83193419898824,3.2911903923942534,3.2911903923942534
4,random_walk_accel,120,5.0,1179.8027853991857,557.4869716132745,1083.8494854723754,576.1238881816942,-95.95329992681036,18.63691656841968,97.74645991555224,0.048834372885577584,48.83437288557759,21.084691333033387,0.0,21.084691333033387,4.59180697906972,4.59180697906972
4,random_walk_accel,135,0.5,1016.4079929885894,572.3735754132945,1013.1302752100953,571.9054471738665,-3.277717778494093,-0.4681282394279833,3.310978387728648,0.001655487681497709,1.6554876814977089,0.026894306131107992,0.0,0.026894306131107992,0.16399483568426168,0.16399483568426168
4,random_walk_accel,135,1.0,1028.503898710039,574.9686271415271,1028.282047825286,569.5056999513417,-0.22185088475293924,-5.462927190185383,5.467430045307615,0.002733708212819955,2.733708212819955,0.1819371114838094,0.0,0.1819371114838094,0.42654086730793966,0.42654086730793966
4,random_walk_accel,135,2.0,1057.81124459294,575.5312567817848,1058.5855930556672,564.7062055062923,0.7743484627271755,-10.825051275492456,10.852711673069031,0.005426302577182157,5.426302577182157,1.3805569742960409,0.0,1.3805569742960409,1.1749710525353554,1.1749710525353554
4,random_walk_accel,135,3.0,1106.686093646948,572.6465547989754,1088.8891382860488,559.9067110612428,-17.79695536089912,-12.739843737732599,21.88687365933473,0.010943000003399164,10.943000003399165,4.597222506584044,0.0,4.597222506584044,2.1441134546903164,2.1441134546903164
4,random_walk_accel,135,4.0,1153.8217999883786,562.8256869482207,1119.19268351643,555.1072166161935,-34.62911647194869,-7.718470332027209,35.47887388142657,0.01773757649822767,17.737576498227668,10.831933708347819,0.0,10.831933708347819,3.2911903178558086,3.2911903178558086
4,random_walk_accel,135,5.0,1209.5932366353713,549.990633964516,1149.4962287468115,550.307722171144,-60.0970078885598,0.3170882066280001,60.097844404673964,0.030039882997112924,30.039882997112922,21.084690579587363,0.0,21.084690579587363,4.591806897027287,4.591806897027287
4,random_walk_accel,150,0.5,1028.503898710039,574.9686271415271,1033.211366660368,568.8042348573206,4.707467950328919,-6.164392284206542,7.756286916879693,0.0038781240161937076,3.8781240161937074,0.026894302934260268,0.0,0.026894302934260268,0.1639948259374675,0.1639948259374675
4,random_walk_accel,150,1.0,1040.2340789940256,575.5704558960591,1050.1595142437816,566.2567589602916,9.925435249755992,-9.313696935767553,13.610996124767087,0.006805393000200407,6.805393000200407,0.18193710398793245,0.0,0.18193710398793245,0.42654085852111806,0.42654085852111806
4,random_walk_accel,150,2.0,1081.0430016201278,574.8240842553575,1084.0558094106086,561.1618071662334,3.0128077904807924,-13.662277089124132,13.990526296118666,0.006995149050024641,6.995149050024641,1.3805569527522947,0.0,1.3805569527522947,1.174971043367578,1.174971043367578
4,random_walk_accel,150,3.0,1130.8063750049494,567.9164273457703,1117.9521045774356,556.0668553721754,-12.854270427513711,-11.849571973594948,17.482694991935894,0.008741124860685763,8.741124860685764,4.597222463726014,0.0,4.597222463726014,2.144113444695969,2.144113444695969
4,random_walk_accel,150,4.0,1179.8027853991857,557.4869716132745,1151.8483997442627,550.9719035781172,-27.954385654923044,-6.515068035157242,28.70355010877391,0.014350789814616842,14.350789814616842,10.83193363690909,0.0,10.83193363690909,3.2911903070027857,3.2911903070027857
4,random_walk_accel,150,5.0,1244.502623262988,541.8714830250614,1185.74469491109,545.8769517840592,-58.757928351898045,4.005468758997836,58.894294496038334,0.029438640128088542,29.43864012808854,21.084690472301524,0.0,21.084690472301524,4.591806885344975,4.591806885344975
4,random_walk_accel,165,0.5,1040.2340789940256,575.5704558960591,1045.7603384938725,573.4350794479983,5.526259499846901,-2.1353764480608106,5.924472688314204,0.0029622276798152917,2.9622276798152916,0.02689430280725899,0.0,0.02689430280725899,0.1639948255502563,0.1639948255502563
4,random_walk_accel,165,1.0,1057.81124459294,575.5312567817848,1060.8761258461047,573.7022577104302,3.0648812531646854,-1.8289990713545876,3.569136408014728,0.0017845663095825753,1.7845663095825752,0.18193710378596373,0.0,0.18193710378596373,0.42654085828436616,0.42654085828436616
4,random_walk_accel,165,2.0,1106.686093646948,572.6465547989754,1091.1077005505695,574.2366142352943,-15.578393096378477,1.5900594363188247,15.659330141366812,0.007829505080872412,7.829505080872412,1.3805569523176144,0.0,1.3805569523176144,1.174971043182603,1.174971043182603
4,random_walk_accel,165,3.0,1153.8217999883786,562.8256869482207,1121.3392752550342,574.7709707601582,-32.48252473334446,11.945283811937543,34.60930826237462,0.017302927142489488,17.302927142489487,4.597222462948253,0.0,4.597222462948253,2.144113444514598,2.144113444514598
4,random_walk_accel,165,4.0,1209.5932366353713,549.990633964516,1151.570849959499,575.3053272850223,-58.02238667587244,25.314693320506308,63.30427357987568,0.031641572826374406,31.641572826374407,10.831933635677881,0.0,10.831933635677881,3.2911903068157393,3.2911903068157393
4,random_walk_accel,165,5.0,1285.714252934876,533.7433844011312,1181.8024246639636,575.8396838098862,-103.91182827091234,42.096299408755044,112.11496991265318,0.055998876296672676,55.99887629667268,21.084690470506498,0.0,21.084690470506498,4.5918068851495155,4.5918068851495155
4,random_walk_accel,180,0.5,1057.81124459294,575.5312567817848,1053.1021094914086,577.5955093137077,-4.709135101531501,2.0642525319228753,5.141701267093033,0.002570844969751101,2.5708449697511013,0.02689430278445734,0.0,0.02689430278445734,0.16399482548073688,0.16399482548073688
4,random_walk_accel,180,1.0,1081.0430016201278,574.8240842553575,1065.3068743840286,579.2399882601712,-15.736127236099264,4.415904004813683,16.34398692395569,0.008171811556668336,8.171811556668336,0.18193710370231111,0.0,0.18193710370231111,0.4265408581863068,0.4265408581863068
4,random_walk_accel,180,2.0,1130.8063750049494,567.9164273457703,1089.7164041692681,582.5289461530982,-41.08997083568124,14.612518807327888,43.610909290814455,0.021801999627443367,21.80199962744337,1.3805569519945013,0.0,1.3805569519945013,1.1749710430451048,1.1749710430451048
4,random_walk_accel,180,3.0,1179.8027853991857,557.4869716132745,1114.125933954508,585.8179040460253,-65.67685144467782,28.330932432750842,71.52685193824325,0.03574819024904787,35.74819024904787,4.597222462228669,0.0,4.597222462228669,2.144113444346793,2.144113444346793
4,random_walk_accel,180,4.0,1244.502623262988,541.8714830250614,1138.5354637397477,589.1068619389524,-105.9671595232403,47.235378913891054,116.01818787829227,0.057944157068353604,57.944157068353604,10.831933634404812,0.0,10.831933634404812,3.291190306622334,3.291190306622334
4,random_walk_accel,180,5.0,1330.1644814054284,523.5494259015281,1162.9449935249872,592.3958198318795,-167.2194878804412,68.84639393035138,180.83744934114213,0.09017351889200013,90.17351889200013,21.084690468522933,0.0,21.084690468522933,4.5918068849335265,4.5918068849335265
4,random_walk_accel,195,0.5,1081.0430016201278,574.8240842553575,1069.364907743977,576.350760265017,-11.678093876150797,1.526676009659468,11.777462214698907,0.005888663040620399,5.888663040620399,0.02689430276953758,0.0,0.02689430276953758,0.16399482543524835,0.16399482543524835
4,random_walk_accel,195,1.0,1106.686093646948,572.6465547989754,1083.3102052714803,576.896805358179,-23.37588837546764,4.25025055920355,23.75914112838116,0.011879011779886584,11.879011779886584,0.18193710366303087,0.0,0.18193710366303087,0.4265408581402617,0.4265408581402617
4,random_walk_accel,195,2.0,1153.8217999883786,562.8256869482207,1111.200800326487,577.9888955445031,-42.620999661891574,15.163208596282402,45.23795427639644,0.02261512089564548,22.61512089564548,1.3805569518716465,0.0,1.3805569518716465,1.1749710429928248,1.1749710429928248
4,random_walk_accel,195,3.0,1209.5932366353713,549.990633964516,1139.0913953814936,579.080985730827,-70.50184125387773,29.090351766311073,76.26767458153351,0.03811536879292298,38.11536879292298,4.597222461975768,0.0,4.597222461975768,2.1441134442878176,2.1441134442878176
4,random_walk_accel,195,4.0,1285.714252934876,533.7433844011312,1166.9819904365002,580.1730759171511,-118.7322624983758,46.42969151601994,127.48751473087862,0.06365763127993178,63.65763127993178,10.831933633975394,0.0,10.831933633975394,3.2911903065570964,3.2911903065570964
4,random_walk_accel,195,5.0,1377.959102052702,510.3596620015744,1194.872585491507,581.265166103475,-183.08651656119514,70.90550410190065,196.33711584531702,0.09785501662363112,97.85501662363112,21.084690467870526,0.0,21.084690467870526,4.591806884862486,4.591806884862486
4,random_walk_accel,210,0.5,1106.686093646948,572.6465547989754,1096.9338129442292,575.5585492150248,-9.752280702718735,2.9119944160493105,10.177754682822858,0.0050888334137638444,5.088833413763845,0.026894302767915317,0.0,0.026894302767915317,0.16399482543030228,0.16399482543030228
4,random_walk_accel,210,1.0,1130.8063750049494,567.9164273457703,1116.2029802601517,575.5526884974909,-14.603394744797697,7.636261151720532,16.479430282921225,0.008239528676322225,8.239528676322225,0.18193710365973767,0.0,0.18193710365973767,0.42654085813640136,0.42654085813640136
4,random_walk_accel,210,2.0,1179.8027853991857,557.4869716132745,1154.741314891997,575.5409670624231,-25.061470507188687,18.0539954491486,30.887279835889835,0.015442412293285258,15.442412293285258,1.3805569518632097,0.0,1.3805569518632097,1.1749710429892346,1.1749710429892346
4,random_walk_accel,210,3.0,1244.502623262988,541.8714830250614,1193.2796495238422,575.5292456273552,-51.2229737391458,33.657762602293815,61.29141882901381,0.030636121080478963,30.63612108047896,4.5972224619597855,0.0,4.5972224619597855,2.1441134442840903,2.1441134442840903
4,random_walk_accel,210,4.0,1330.1644814054284,523.5494259015281,1231.8179841556876,575.5175241922874,-98.34649724974088,51.96809829075926,111.2327144380254,0.05555911962294083,55.55911962294083,10.831933633949463,0.0,10.831933633949463,3.291190306553157,3.291190306553157
4,random_walk_accel,210,5.0,1429.0505832722704,494.37629887976124,1270.3563187875327,575.5058027572196,-158.6942644847377,81.12950387745838,178.22981226426293,0.08888012282141924,88.88012282141925,21.084690467832246,0.0,21.084690467832246,4.591806884858317,4.591806884858317
4,random_walk_accel,225,0.5,1130.8063750049494,567.9164273457703,1128.6718232681612,571.8442334530855,-2.1345517367881257,3.9278061073151775,4.470343603537385,0.0022351680794789708,2.235168079478971,0.026894302767890305,0.0,0.026894302767890305,0.163994825430226,0.163994825430226
4,random_walk_accel,225,1.0,1153.8217999883786,562.8256869482207,1152.689896308887,570.4146386970689,-1.1319036794916428,7.588951748848217,7.672900011468488,0.0038364311838308767,3.836431183830877,0.18193710365965376,0.0,0.18193710365965376,0.426540858136303,0.426540858136303
4,random_walk_accel,225,2.0,1209.5932366353713,549.990633964516,1200.7260423903388,567.5554491850357,-8.867194245032579,17.56481522051979,19.67612430104421,0.009837744768581546,9.837744768581546,1.380556951862837,0.0,1.380556951862837,1.1749710429890758,1.1749710429890758
4,random_walk_accel,225,3.0,1285.714252934876,533.7433844011312,1248.7621884717903,564.6962596730026,-36.95206446308566,30.95287527187145,48.20306583278774,0.024096867811493394,24.096867811493393,4.5972224619588955,0.0,4.5972224619588955,2.144113444283883,2.144113444283883
4,random_walk_accel,225,4.0,1377.959102052702,510.3596620015744,1296.7983345532418,561.8370701609695,-81.16076749946023,51.477408159395054,96.10928015499019,0.048017701210517384,48.01770121051739,10.831933633947829,0.0,10.831933633947829,3.2911903065529087,3.2911903065529087
4,random_walk_accel,225,5.0,1482.7075516414368,477.0518359423851,1344.8344806346934,558.9778806489364,-137.87307100674343,81.92604470655135,160.3772443649359,0.08001740557723723,80.01740557723723,21.084690467829635,0.0,21.084690467829635,4.591806884858033,4.591806884858033
4,random_walk_accel,240,0.5,1153.8217999883786,562.8256869482207,1156.5007121517397,566.416327637379,2.6789121633610193,3.590640689158363,4.4798739868040105,0.002239933247254749,2.2399332472547493,0.02689430276784422,0.0,0.02689430276784422,0.1639948254300855,0.1639948254300855
4,random_walk_accel,240,1.0,1179.8027853991857,557.4869716132745,1181.8605059547695,563.3821948386834,2.057720555583728,5.895223225408927,6.244026806658716,0.0031220032600007535,3.1220032600007537,0.18193710365951557,0.0,0.18193710365951557,0.426540858136141,0.426540858136141
4,random_walk_accel,240,2.0,1244.502623262988,541.8714830250614,1232.5800935608295,557.3139292412923,-11.9225297021585,15.442446216230906,19.509378760996874,0.009754379999037895,9.754379999037894,1.3805569518623655,0.0,1.3805569518623655,1.1749710429888753,1.1749710429888753
4,random_walk_accel,240,3.0,1330.1644814054284,523.5494259015281,1283.2996811668893,551.2456636439011,-46.86480023853915,27.696237742373,54.43703781875191,0.02721180030257518,27.21180030257518,4.597222461957892,0.0,4.597222461957892,2.144113444283649,2.144113444283649
4,random_walk_accel,240,4.0,1429.0505832722704,494.37629887976124,1334.019268772949,545.1773980465101,-95.0313144993213,50.801099166748884,107.75760953185055,0.05382675999787812,53.82675999787812,10.831933633946095,0.0,10.831933633946095,3.2911903065526453,3.2911903065526453
4,random_walk_accel,240,5.0,1539.1039309259668,460.48772287389494,1384.7388563790091,539.109132449119,-154.36507454695766,78.62140957522405,173.2336638286073,0.08640118824681645,86.40118824681645,21.084690467826974,0.0,21.084690467826974,4.591806884857744,4.591806884857744
4,random_walk_accel,255,0.5,1179.8027853991857,557.4869716132745,1178.6368321669743,558.1143935671429,-1.16595323221145,0.6274219538684065,1.3240488087303943,0.0006620243076486844,0.6620243076486844,0.026894302767832824,0.0,0.026894302767832824,0.16399482543005076,0.16399482543005076
4,random_walk_accel,255,1.0,1209.5932366353713,549.990633964516,1202.7358631697705,553.1216877184844,-6.857373465600858,3.1310537539684447,7.538373064326719,0.0037691686829970828,3.769168682997083,0.18193710365948879,0.0,0.18193710365948879,0.4265408581361096,0.4265408581361096
4,random_walk_accel,255,2.0,1285.714252934876,533.7433844011312,1250.933925175363,543.1362760211674,-34.78032775951306,9.392891620036266,36.0263460823451,0.018011225149193517,18.011225149193518,1.3805569518622884,0.0,1.3805569518622884,1.1749710429888425,1.1749710429888425
4,random_walk_accel,255,3.0,1377.959102052702,510.3596620015744,1299.131987180955,533.1508643238504,-78.82711487174697,22.791202322276035,82.0557916438475,0.041004898452724134,41.004898452724134,4.597222461957738,0.0,4.597222461957738,2.144113444283613,2.144113444283613
4,random_walk_accel,255,4.0,1482.7075516414368,477.0518359423851,1347.3300491865475,523.1654526265335,-135.37750245488928,46.11361668414838,143.01585162007785,0.07138641590723788,71.38641590723788,10.83193363394584,0.0,10.83193363394584,3.2911903065526062,3.2911903065526062
4,random_walk_accel,255,5.0,1592.8888318164568,443.5108759911189,1395.52811119214,513.1800409292165,-197.36072062431685,69.6691649380976,209.29655178363902,0.10426875630233987,104.26875630233987,21.08469046782659,0.0,21.08469046782659,4.591806884857702,4.591806884857702
4,random_walk_accel,270,0.5,1209.5932366353713,549.990633964516,1203.0641948876253,552.8032657973176,-6.529041747746078,2.812631832801685,7.109098674986902,0.003554534367242076,3.554534367242076,0.026894302767832362,0.0,0.026894302767832362,0.16399482543004934,0.16399482543004934
4,random_walk_accel,270,1.0,1244.502623262988,541.8714830250614,1227.3938503492311,547.6669343844412,-17.108772913756866,5.795451359379854,18.063703027713846,0.009031605936762421,9.031605936762421,0.18193710365948806,0.0,0.18193710365948806,0.42654085813610876,0.42654085813610876
4,random_walk_accel,270,2.0,1330.1644814054284,523.5494259015281,1276.0531612724426,537.3942715586884,-54.11132013298584,13.84484565716025,55.854406431409394,0.027919946202465507,27.919946202465507,1.3805569518622869,0.0,1.3805569518622869,1.1749710429888418,1.1749710429888418
4,random_walk_accel,270,3.0,1429.0505832722704,494.37629887976124,1324.712472195654,527.1216087329357,-104.33811107661631,32.74530985317443,109.35582627558865,0.05462352095831055,54.62352095831055,4.5972224619577355,0.0,4.5972224619577355,2.1441134442836125,2.1441134442836125
4,random_walk_accel,270,4.0,1539.1039309259668,460.48772287389494,1373.3717831188656,516.8489459071828,-165.73214780710123,56.3612230332879,175.05351261418,0.08730426589836497,87.30426589836497,10.831933633945834,0.0,10.831933633945834,3.2911903065526054,3.2911903065526054
4,random_walk_accel,270,5.0,1641.7295686373072,425.01817170343617,1422.031094042077,506.57628308143,-219.6984745952302,81.55811137799384,234.34834172875273,0.11664228685328304,116.64228685328304,21.084690467826583,0.0,21.084690467826583,4.591806884857701,4.591806884857701
4,random_walk_accel,285,0.5,1244.502623262988,541.8714830250614,1234.8186477648421,544.3679725584476,-9.683975498145855,2.4964895333862387,10.000592054423393,0.005000254353769085,5.000254353769085,0.026894302767832282,0.0,0.026894302767832282,0.16399482543004912,0.16399482543004912
4,random_walk_accel,285,1.0,1285.714252934876,533.7433844011312,1262.0710772685663,537.9394277454227,-23.643175666309617,4.196043344291525,24.012632828058408,0.012005739553879114,12.005739553879113,0.18193710365948776,0.0,0.18193710365948776,0.4265408581361084,0.4265408581361084
4,random_walk_accel,285,2.0,1377.959102052702,510.3596620015744,1316.575936276015,525.0823381193728,-61.383165776687065,14.722676117798414,63.12408599605889,0.03155156894913188,31.55156894913188,1.3805569518622858,0.0,1.3805569518622858,1.1749710429888414,1.1749710429888414
4,random_walk_accel,285,3.0,1482.7075516414368,477.0518359423851,1371.0807952834639,512.2252484933229,-111.62675635797291,35.17341255093777,117.037180782351,0.05845192978604267,58.45192978604267,4.597222461957733,0.0,4.597222461957733,2.1441134442836116,2.1441134442836116
4,random_walk_accel,285,4.0,1592.8888318164568,443.5108759911189,1425.5856542909125,499.36815886727305,-167.30317752554424,55.85728287615416,176.3813744714857,0.08796311107551982,87.96311107551982,10.83193363394583,0.0,10.83193363394583,3.291190306552605,3.291190306552605
4,random_walk_accel,285,5.0,1689.6720554141477,404.7578125689375,1480.0905132983612,486.51106924122314,-209.58154211578653,81.75325667228566,224.9622585505307,0.11201032750985164,112.01032750985163,21.084690467826576,0.0,21.084690467826576,4.5918068848577,4.5918068848577
5,random_walk_accel,60,0.5,1009.1528073587947,501.8835566586373,1004.2058200819395,503.8415719308228,-4.946987276855225,1.9580152721854915,5.320385975047214,0.0026601867124859827,2.6601867124859826,0.026905574491387148,0.0,0.026905574491387148,0.16402918792515905,0.16402918792515905
5,random_walk_accel,60,1.0,1019.0186956079065,487.54552504720914,1012.3862079141137,492.77506061176535,-6.632487693792768,5.229535564556215,8.446178735337703,0.004223064262397846,4.223064262397846,0.1819731994633959,0.0,0.1819731994633959,0.4265831682842115,0.4265831682842115
5,random_walk_accel,60,2.0,1029.076662929919,446.5256043089598,1028.746983578462,470.64203797365053,-0.329679351456889,24.116433664690703,24.118686970442734,0.012058758948433921,12.05875894843392,1.3806867190559946,0.0,1.3806867190559946,1.1750262631345711,1.1750262631345711
5,random_walk_accel,60,3.0,1052.5978688189953,389.6270851515288,1045.1077592428105,448.50901533553576,-7.49010957618475,58.88193018400699,59.356410299625836,0.029669496271710998,29.669496271710997,4.597504598180035,0.0,4.597504598180035,2.144179236486548,2.144179236486548
5,random_walk_accel,60,4.0,1083.8436930999771,335.027788083342,1061.468534907159,426.37599269742094,-22.375158192818162,91.34820461407895,94.04861610023443,0.04698969257441885,46.989692574418854,10.832426836835518,0.0,10.832426836835518,3.2912652334376697,3.2912652334376697
5,random_walk_accel,60,5.0,1110.830584178401,280.52207664460985,1077.8293105715072,404.2429700593061,-33.00127360689385,123.72089341469626,128.0466459029978,0.06393606056458745,63.93606056458745,21.08545343502244,0.0,21.08545343502244,4.591889963296425,4.591889963296425
5,random_walk_accel,75,0.5,1019.0186956079065,487.54552504720914,1018.2438800873541,490.7272495516622,-0.7748155205523517,3.1817245044530864,3.274707607272144,0.0016373523404294911,1.6373523404294912,0.026898992663005855,0.0,0.026898992663005855,0.1640091237187915,0.1640091237187915
5,random_walk_accel,75,1.0,1023.9979309346022,469.8364154050874,1028.7178841724078,478.8667195294351,4.719953237805612,9.030304124347708,10.18942349425535,0.005094667668219024,5.094667668219024,0.181949164069561,0.0,0.181949164069561,0.42655499536350644,0.42655499536350644
5,random_walk_accel,75,2.0,1039.0150343805462,417.8869808047542,1049.6658923425152,455.1456594849809,10.650857961968995,37.258678680226694,38.751127884519924,0.019373139878759493,19.373139878759492,1.3805941441614513,0.0,1.3805941441614513,1.1749868697825738,1.1749868697825738
5,random_walk_accel,75,3.0,1069.0909719370009,363.5649536820446,1070.6139005126224,431.4245994405268,1.5229285756215631,67.8596457584822,67.87673264022905,0.03392534510385457,33.925345103854575,4.5972986406250484,0.0,4.5972986406250484,2.144131208817466,2.144131208817466
5,random_walk_accel,75,4.0,1096.8484155852614,306.10748043411206,1091.5619086827298,407.70353939607253,-5.286506902531528,101.59605896196047,101.7335065346352,0.05082294992005355,50.82294992005355,10.832062653460351,0.0,10.832062653460351,3.291209907231739,3.291209907231739
5,random_walk_accel,75,5.0,1127.3966354792567,254.7122825668343,1112.5099168528373,383.9824793516184,-14.886718626419452,129.2701967847841,130.12454867640844,0.0649707017794798,64.97070177947981,21.08488618266736,0.0,21.08488618266736,4.5918281961183345,4.5918281961183345
5,random_walk_accel,90,0.5,1023.9979309346022,469.8364154050874,1030.861627374786,474.95872423837363,6.86369644018373,5.12230883328624,8.564366678660662,0.0042821571653519465,4.282157165351946,0.026894777890408124,0.0,0.026894777890408124,0.16399627401379618,0.16399627401379618
5,random_walk_accel,90,1.0,1029.076662929919,446.5256043089598,1042.0464198006232,461.58643193140443,12.96975687070426,15.060827622444606,19.875691735337686,0.009937518730582186,9.937518730582186,0.18193808888525917,0.0,0.18193808888525917,0.4265420130365345,0.4265420130365345
5,random_walk_accel,90,2.0,1052.5978688189953,389.6270851515288,1064.4160046522975,434.8418473174661,11.818135833302222,45.214762165937316,46.733746396973764,0.023362621736451157,23.362621736451157,1.380559551442633,0.0,1.380559551442633,1.174972149219986,1.174972149219986
5,random_walk_accel,90,3.0,1083.8436930999771,335.027788083342,1086.785589503972,408.09726270352775,2.9418964039948605,73.06947462018576,73.12867341694233,0.03654805486187628,36.54805486187628,4.597227468090236,0.0,4.597227468090236,2.144114611696454,2.144114611696454
5,random_walk_accel,90,4.0,1110.830584178401,280.52207664460985,1109.1551743556463,381.3526780895894,-1.675409822754773,100.83060144497955,100.84451986018128,0.05037959373926709,50.379593739267094,10.831941838828067,0.0,10.831941838828067,3.2911915530439835,3.2911915530439835
5,random_walk_accel,90,5.0,1143.980241145128,229.73086286930675,1131.5247592073206,354.6080934756511,-12.455481937807463,124.87723060634437,125.49685953924568,0.06266626928041351,62.66626928041351,21.084702663656127,0.0,21.084702663656127,4.59180821285647,4.59180821285647
5,random_walk_accel,105,0.5,1029.076662929919,446.5256043089598,1034.698043387509,456.30199090978067,5.621380457590021,9.776386600820842,11.277307002014457,0.005638593742920577,5.638593742920578,0.02689432630076509,0.0,0.02689432630076509,0.1639948971790436,0.1639948971790436
5,random_walk_accel,105,1.0,1039.0150343805462,417.8869808047542,1042.940511764629,440.81008470870137,3.9254773840827966,22.92310390394715,23.256785360064335,0.011627868594006911,11.62786859400691,0.18193717492667874,0.0,0.18193717492667874,0.4265409416769728,0.4265409416769728
5,random_walk_accel,105,2.0,1069.0909719370009,363.5649536820446,1059.4254485188692,409.82627230654276,-9.66552341813167,46.26131862449819,47.260257551390836,0.023625732028021467,23.625732028021467,1.3805572158828643,0.0,1.3805572158828643,1.174971155340787,1.174971155340787
5,random_walk_accel,105,3.0,1096.8484155852614,306.10748043411206,1075.9103852731093,378.84245990438416,-20.938030312152023,72.7349794702721,75.68869368600241,0.03782629552934902,37.82629552934902,4.597223048444861,0.0,4.597223048444861,2.144113581050421,2.144113581050421
5,random_walk_accel,105,4.0,1127.3966354792567,254.7122825668343,1092.3953220273495,347.85864750222555,-35.00131345190721,93.14636493539126,99.50546338787508,0.04971174100818452,49.71174100818452,10.831934672612668,0.0,10.831934672612668,3.291190464347615,3.291190464347615
5,random_walk_accel,105,5.0,1162.0979365714588,204.24377325179086,1108.8802587815899,316.87483510006695,-53.21767778986896,112.63106184827609,124.57077234414382,0.06220502838817356,62.20502838817356,21.084692088386284,0.0,21.084692088386284,4.591807061319789,4.591807061319789
5,random_walk_accel,120,0.5,1039.0150343805462,417.8869808047542,1034.8972280252185,429.55333303216685,-4.11780635532773,11.66635222741263,12.371746177239213,0.0061857941895664586,6.185794189566459,0.02689431924017275,0.0,0.02689431924017275,0.16399487565217624,0.16399487565217624
5,random_walk_accel,120,1.0,1052.5978688189953,389.6270851515288,1040.1423969044704,409.6530147161867,-12.455471914524878,20.02592956465793,23.58339745545918,0.011791152251042358,11.791152251042359,0.18193715068894867,0.0,0.18193715068894867,0.42654091326500987,0.42654091326500987
5,random_walk_accel,120,2.0,1083.8436930999771,335.027788083342,1050.6327346629741,369.8523780842264,-33.210958437003,34.82459000088443,48.121926697027,0.024056321756539857,24.05632175653986,1.38055710781602,0.0,1.38055710781602,1.1749711093537663,1.1749711093537663
5,random_walk_accel,120,3.0,1110.830584178401,280.52207664460985,1061.1230724214777,330.0517414522661,-49.707511756923395,49.529664807656275,70.17139318143442,0.03507131031274408,35.07131031274408,4.5972227905824505,0.0,4.5972227905824505,2.1441135209177826,2.1441135209177826
5,random_walk_accel,120,4.0,1143.980241145128,229.73086286930675,1071.6134101799814,290.25110482030584,-72.36683096514662,60.52024195099909,94.33799822842106,0.04713406341006579,47.13406341006579,10.83193419898824,0.0,10.83193419898824,3.2911903923942534,3.2911903923942534
5,random_walk_accel,120,5.0,1184.7723905795972,176.7576091506506,1082.1037479384852,250.45046818834558,-102.668642641112,73.69285903769497,126.37835121142363,0.06310527442333692,63.10527442333692,21.084691333033387,0.0,21.084691333033387,4.59180697906972,4.59180697906972
5,random_walk_accel,135,0.5,1052.5978688189953,389.6270851515288,1043.8029736838596,395.93809370054146,-8.794895135135675,6.3110085490126835,10.82492537358777,0.00541240983547153,5.4124098354715295,0.026894306131107992,0.0,0.026894306131107992,0.16399483568426168,0.16399483568426168
5,random_walk_accel,135,1.0,1069.0909719370009,363.5649536820446,1050.6069224549146,370.7072255943611,-18.48404948208622,7.142271912316517,19.81595653320014,0.009907654070115053,9.907654070115052,0.1819371114838094,0.0,0.1819371114838094,0.42654086730793966,0.42654086730793966
5,random_walk_accel,135,2.0,1096.8484155852614,306.10748043411206,1064.2148199970243,320.2454893820003,-32.633595588237085,14.138008947888238,35.56451683950135,0.017780384473580716,17.780384473580717,1.3805569742960409,0.0,1.3805569742960409,1.1749710525353554,1.1749710525353554
5,random_walk_accel,135,3.0,1127.3966354792567,254.7122825668343,1077.8227175391341,269.78375316963945,-49.573917940122556,15.071470602805164,51.8143085070642,0.025901360459758608,25.901360459758607,4.597222506584044,0.0,4.597222506584044,2.1441134546903164,2.1441134546903164
5,random_walk_accel,135,4.0,1162.0979365714588,204.24377325179086,1091.4306150812438,219.32201695727866,-70.66732149021504,15.078243705487807,72.25803595340446,0.03611331046947314,36.113310469473134,10.831933708347819,0.0,10.831933708347819,3.2911903178558086,3.2911903178558086
5,random_walk_accel,135,5.0,1205.3618095601637,147.91250749394086,1105.0385126233537,168.86028074491787,-100.32329693681004,20.947773250977008,102.48694118006306,0.05119868783074377,51.19868783074377,21.084690579587363,0.0,21.084690579587363,4.591806897027287,4.591806897027287
5,random_walk_accel,150,0.5,1069.0909719370009,363.5649536820446,1061.1009390834754,361.34251515519173,-7.990032853525463,-2.222438526852841,8.293362285952307,0.00414665737587634,4.14665737587634,0.026894302934260268,0.0,0.026894302934260268,0.1639948259374675,0.1639948259374675
5,random_walk_accel,150,1.0,1083.8436930999771,335.027788083342,1071.980424058932,332.66041216132146,-11.863269041045214,-2.3673759220205284,12.097174095481323,0.006048513286023657,6.048513286023657,0.18193710398793245,0.0,0.18193710398793245,0.42654085852111806,0.42654085852111806
5,random_walk_accel,150,2.0,1110.830584178401,280.52207664460985,1093.7393940098445,275.29620617358086,-17.091190168556523,-5.225870471028998,17.872283109825,0.008935903702228324,8.935903702228325,1.3805569527522947,0.0,1.3805569527522947,1.174971043367578,1.174971043367578
5,random_walk_accel,150,3.0,1143.980241145128,229.73086286930675,1115.4983639607574,217.9320001858403,-28.48187718437066,-11.798862683466439,30.829052670636358,0.015413305639691744,15.413305639691744,4.597222463726014,0.0,4.597222463726014,2.144113444695969,2.144113444695969
5,random_walk_accel,150,4.0,1184.7723905795972,176.7576091506506,1137.2573339116702,160.56779419809973,-47.515056667926956,-16.189814952550876,50.19751705367656,0.02509349021638609,25.09349021638609,10.83193363690909,0.0,10.83193363690909,3.2911903070027857,3.2911903070027857
5,random_walk_accel,150,5.0,1221.7466401212803,113.72481518115359,1159.0163038625828,103.20358821035916,-62.730336258697434,-10.52122697079443,63.6065350738446,0.031792551590739675,31.792551590739674,21.084690472301524,0.0,21.084690472301524,4.591806885344975,4.591806885344975
5,random_walk_accel,165,0.5,1083.8436930999771,335.027788083342,1081.6363678354255,335.0508062267887,-2.2073252645516277,0.02301814344673403,2.2074452787001646,0.0011037221911640886,1.1037221911640887,0.02689430280725899,0.0,0.02689430280725899,0.1639948255502563,0.1639948255502563
5,random_walk_accel,165,1.0,1096.8484155852614,306.10748043411206,1096.235882063267,307.348917691867,-0.6125335219944645,1.2414372577549102,1.3843279165389155,0.0006921638477329946,0.6921638477329946,0.18193710378596373,0.0,0.18193710378596373,0.42654085828436616,0.42654085828436616
5,random_walk_accel,165,2.0,1127.3966354792567,254.7122825668343,1125.4349105189494,251.9451406220234,-1.961724960307265,-2.767141944810902,3.3919668870176785,0.0016959818174254232,1.695981817425423,1.3805569523176144,0.0,1.3805569523176144,1.174971043182603,1.174971043182603
5,random_walk_accel,165,3.0,1162.0979365714588,204.24377325179086,1154.633938974632,196.5413635521798,-7.463997596826857,-7.702409699611053,10.7255944033932,0.005362745791960613,5.362745791960613,4.597222462948253,0.0,4.597222462948253,2.144113444514598,2.144113444514598
5,random_walk_accel,165,4.0,1205.3618095601637,147.91250749394086,1183.8329674303143,141.13758648233625,-21.52884212984941,-6.774921011604619,22.56968316493301,0.01128436258638173,11.28436258638173,10.831933635677881,0.0,10.831933635677881,3.2911903068157393,3.2911903068157393
5,random_walk_accel,165,5.0,1234.6436091710636,74.58450064007911,1213.0319958859968,85.73380941249269,-21.611613285066824,11.149308772413576,24.318077943906157,0.012158439818626705,12.158439818626706,21.084690470506498,0.0,21.084690470506498,4.5918068851495155,4.5918068851495155
5,random_walk_accel,180,0.5,1096.8484155852614,306.10748043411206,1100.4906148249602,308.20449311851996,3.6421992396988117,2.0970126844079005,4.202746423498595,0.0021013701186976676,2.1013701186976674,0.02689430278445734,0.0,0.02689430278445734,0.16399482548073688,0.16399482548073688
5,random_walk_accel,180,1.0,1110.830584178401,280.52207664460985,1116.5813820077385,280.74861669650346,5.7507978293374435,0.2265400518936076,5.7552581235791855,0.0028776211188543815,2.8776211188543814,0.18193710370231111,0.0,0.18193710370231111,0.4265408581863068,0.4265408581863068
5,random_walk_accel,180,2.0,1143.980241145128,229.73086286930675,1148.762916373295,225.83686385247046,4.782675228166909,-3.8939990168362897,6.167431449253683,0.003083705950020553,3.083705950020553,1.3805569519945013,0.0,1.3805569519945013,1.1749710430451048,1.1749710430451048
5,random_walk_accel,180,3.0,1184.7723905795972,176.7576091506506,1180.9444507388512,170.92511100843743,-3.827939840746012,-5.832498142213183,6.976471744606354,0.0034882217243665256,3.4882217243665257,4.597222462228669,0.0,4.597222462228669,2.144113444346793,2.144113444346793
5,random_walk_accel,180,4.0,1221.7466401212803,113.72481518115359,1213.1259851044076,116.01335816440442,-8.62065501687266,2.288542983250835,8.919255681171967,0.004459598276162336,4.459598276162335,10.831933634404812,0.0,10.831933634404812,3.291190306622334,3.291190306622334
5,random_walk_accel,180,5.0,1247.8127760693953,35.710855754554466,1245.307519469964,61.10160532037139,-2.505256599431277,25.390749565816925,25.514044644921086,0.012756330357206061,12.756330357206062,21.084690468522933,0.0,21.084690468522933,4.5918068849335265,4.5918068849335265
5,random_walk_accel,195,0.5,1110.830584178401,280.52207664460985,1111.9903943788404,277.76919411478474,1.159810200439324,-2.752882529825115,2.9872264601230736,0.0014936121193721565,1.4936121193721565,0.02689430276953758,0.0,0.02689430276953758,0.16399482543524835,0.16399482543524835
5,random_walk_accel,195,1.0,1127.3966354792567,254.7122825668343,1126.3027089023574,249.19182446097108,-1.093926576899321,-5.520458105863213,5.62780001903386,0.0028138925827009215,2.8138925827009214,0.18193710366303087,0.0,0.18193710366303087,0.4265408581402617,0.4265408581402617
5,random_walk_accel,195,2.0,1162.0979365714588,204.24377325179086,1154.9273379493914,192.03708515334375,-7.170598622067473,-12.206688098447103,14.15700246985802,0.007078383015290833,7.078383015290833,1.3805569518716465,0.0,1.3805569518716465,1.1749710429928248,1.1749710429928248
5,random_walk_accel,195,3.0,1205.3618095601637,147.91250749394086,1183.5519669964253,134.88234584571643,-21.809842563738357,-13.030161648224436,25.405793536788263,0.012702213572878953,12.702213572878954,4.597222461975768,0.0,4.597222461975768,2.1441134442878176,2.1441134442878176
5,random_walk_accel,195,4.0,1234.6436091710636,74.58450064007911,1212.1765960434593,77.7276065380891,-22.467013127604332,3.143105898009992,22.68580599322075,0.011342416569384317,11.342416569384318,10.831933633975394,0.0,10.831933633975394,3.2911903065570964,3.2911903065570964
5,random_walk_accel,195,5.0,1265.2683690573513,35.0,1240.8012250904933,20.57286723046178,-24.467143966857975,-14.427132769538218,28.403930957612857,0.01420101076863306,14.20101076863306,21.084690467870526,0.0,21.084690467870526,4.591806884862486,4.591806884862486
5,random_walk_accel,210,0.5,1127.3966354792567,254.7122825668343,1124.5820338536525,251.62984068489854,-2.814601625604155,-3.0824418819357504,4.174138266320985,0.0020870661028431206,2.0870661028431208,0.026894302767915317,0.0,0.026894302767915317,0.16399482543030228,0.16399482543030228
5,random_walk_accel,210,1.0,1143.980241145128,229.73086286930675,1138.2678956749185,224.08602524319593,-5.712345470209584,-5.644837626110814,8.03088305207966,0.004015419944895872,4.015419944895871,0.18193710365973767,0.0,0.18193710365973767,0.42654085813640136,0.42654085813640136
5,random_walk_accel,210,2.0,1184.7723905795972,176.7576091506506,1165.6396193174503,168.99839435979072,-19.13277126214689,-7.759214790859886,20.646267225344456,0.01032276693402285,10.32276693402285,1.3805569518632097,0.0,1.3805569518632097,1.1749710429892346,1.1749710429892346
5,random_walk_accel,210,3.0,1221.7466401212803,113.72481518115359,1193.011342959982,113.91076347638551,-28.735297161298377,0.18594829523192402,28.735898797786405,0.014366960824569229,14.36696082456923,4.5972224619597855,0.0,4.5972224619597855,2.1441134442840903,2.1441134442840903
5,random_walk_accel,210,4.0,1247.8127760693953,35.710855754554466,1220.3830666025137,58.8231325929803,-27.429709466881604,23.112276838425835,35.8687371131682,0.01793244611471995,17.93244611471995,10.831933633949463,0.0,10.831933633949463,3.291190306553157,3.291190306553157
5,random_walk_accel,210,5.0,1284.3927006636018,35.0,1247.7547902450456,3.7355017095750895,-36.6379104185562,-31.26449829042491,48.16435749794791,0.02407752487105555,24.07752487105555,21.084690467832246,0.0,21.084690467832246,4.591806884858317,4.591806884858317
5,random_walk_accel,225,0.5,1143.980241145128,229.73086286930675,1140.761826444989,228.66095468734088,-3.2184147001389647,-1.0699081819658716,3.391592059771944,0.0016957944043415637,1.6957944043415638,0.026894302767890305,0.0,0.026894302767890305,0.163994825430226,0.163994825430226
5,random_walk_accel,225,1.0,1162.0979365714588,204.24377325179086,1155.4979177361363,202.8142362435407,-6.600018835322544,-1.4295370082501506,6.753060393967252,0.003376517365180474,3.376517365180474,0.18193710365965376,0.0,0.18193710365965376,0.426540858136303,0.426540858136303
5,random_walk_accel,225,2.0,1205.3618095601637,147.91250749394086,1184.9701003184302,151.12079935594033,-20.39170924173345,3.20829186199947,20.64255174321163,0.01032090939087378,10.32090939087378,1.380556951862837,0.0,1.380556951862837,1.1749710429890758,1.1749710429890758
5,random_walk_accel,225,3.0,1234.6436091710636,74.58450064007911,1214.4422829007244,99.42736246833994,-20.201326270339223,24.842861828260823,32.01970279216776,0.016008483749563145,16.008483749563144,4.5972224619588955,0.0,4.5972224619588955,2.144113444283883,2.144113444283883
5,random_walk_accel,225,4.0,1265.2683690573513,35.0,1243.9144654830186,47.733925580739566,-21.353903574332662,12.733925580739566,24.86246284175626,0.01243059112466444,12.43059112466444,10.831933633947829,0.0,10.831933633947829,3.2911903065529087,3.2911903065529087
5,random_walk_accel,225,5.0,1302.8451198981554,35.0,1273.3866480653126,-3.9595113068608043,-29.45847183284286,-38.959511306860804,48.84306587424474,0.02441667958126212,24.41667958126212,21.084690467829635,0.0,21.084690467829635,4.591806884858033,4.591806884858033
5,random_walk_accel,240,0.5,1162.0979365714588,204.24377325179086,1160.2734443722732,203.50885841248552,-1.82449219918567,-0.7349148393053326,1.9669447389086825,0.0009834720523771649,0.9834720523771648,0.02689430276784422,0.0,0.02689430276784422,0.1639948254300855,0.1639948254300855
5,random_walk_accel,240,1.0,1184.7723905795972,176.7576091506506,1176.7801664616031,177.96948529872145,-7.992224117994056,1.2118761480708429,8.083581517527294,0.004041768749983697,4.041768749983697,0.18193710365951557,0.0,0.18193710365951557,0.426540858136141,0.426540858136141
5,random_walk_accel,240,2.0,1221.7466401212803,113.72481518115359,1209.7936106402628,126.89073907119337,-11.953029481017438,13.165923890039778,17.78247636445476,0.0088910038970139,8.891003897013901,1.3805569518623655,0.0,1.3805569518623655,1.1749710429888753,1.1749710429888753
5,random_walk_accel,240,3.0,1247.8127760693953,35.710855754554466,1242.8070548189226,75.81199284366525,-5.005721250472789,40.101137089110786,40.412355054823166,0.02020342821010821,20.20342821010821,4.597222461957892,0.0,4.597222461957892,2.144113444283649,2.144113444283649
5,random_walk_accel,240,4.0,1284.3927006636018,35.0,1275.8204989975823,24.733246616137166,-8.57220166601951,-10.266753383862834,13.374934259575507,0.006687367439678236,6.687367439678236,10.831933633946095,0.0,10.831933633946095,3.2911903065526453,3.2911903065526453
5,random_walk_accel,240,5.0,1320.7747098687441,35.0,1308.833943176242,-26.34549961139092,-11.940766692502166,-61.34549961139092,62.49681777319492,0.031238243869092536,31.238243869092535,21.084690467826974,0.0,21.084690467826974,4.591806884857744,4.591806884857744
5,random_walk_accel,255,0.5,1184.7723905795972,176.7576091506506,1178.1104112973426,179.75626453591477,-6.661979282254606,2.9986553852641578,7.305744457395381,0.0036528559814907138,3.6528559814907138,0.026894302767832824,0.0,0.026894302767832824,0.16399482543005076,0.16399482543005076
5,random_walk_accel,255,1.0,1205.3618095601637,147.91250749394086,1195.194133258785,154.83309801465865,-10.167676301378606,6.920590520717781,12.299439602073946,0.0061496422772684325,6.149642277268432,0.18193710365948879,0.0,0.18193710365948879,0.4265408581361096,0.4265408581361096
5,random_walk_accel,255,2.0,1234.6436091710636,74.58450064007911,1229.3615771816699,104.9867649721464,-5.282031989393772,30.40226433206729,30.857698204076566,0.015427625000860102,15.427625000860102,1.3805569518622884,0.0,1.3805569518622884,1.1749710429888425,1.1749710429888425
5,random_walk_accel,255,3.0,1265.2683690573513,35.0,1263.5290211045549,55.14043192963416,-1.739347952796379,20.14043192963416,20.215398329321243,0.010107354966102218,10.107354966102218,4.597222461957738,0.0,4.597222461957738,2.144113444283613,2.144113444283613
5,random_walk_accel,255,4.0,1302.8451198981554,35.0,1297.69646502744,5.294098887121919,-5.148654870715518,-29.70590111287808,30.14878451788453,0.01507325059318703,15.07325059318703,10.83193363394584,0.0,10.83193363394584,3.2911903065526062,3.2911903065526062
5,random_walk_accel,255,5.0,1337.7673991198085,35.0,1331.863908950325,-44.55223415539032,-5.903490169483575,-79.55223415539032,79.77097940539052,0.03986435922744871,39.86435922744871,21.08469046782659,0.0,21.08469046782659,4.591806884857702,4.591806884857702
5,random_walk_accel,270,0.5,1205.3618095601637,147.91250749394086,1202.805931034631,151.19117085315688,-2.555878525532762,3.2786633592160115,4.157180349749713,0.0020785871813406177,2.078587181340618,0.026894302767832362,0.0,0.026894302767832362,0.16399482543004934,0.16399482543004934
5,random_walk_accel,270,1.0,1221.7466401212803,113.72481518115359,1222.8854898453085,124.84780244121998,1.138849724028205,11.122987260066395,11.18113698518708,0.005590510250293282,5.590510250293281,0.18193710365948806,0.0,0.18193710365948806,0.42654085813610876,0.42654085813610876
5,random_walk_accel,270,2.0,1247.8127760693953,35.710855754554466,1263.0446074666634,72.16106561734624,15.231831397268024,36.45020986279177,39.50476536769156,0.019749814444062354,19.749814444062356,1.3805569518622869,0.0,1.3805569518622869,1.1749710429888418,1.1749710429888418
5,random_walk_accel,270,3.0,1284.3927006636018,35.0,1303.2037250880185,19.474328793472495,18.8110244244167,-15.525671206527505,24.390594628036418,0.012194692784973885,12.194692784973885,4.5972224619577355,0.0,4.5972224619577355,2.1441134442836125,2.1441134442836125
5,random_walk_accel,270,4.0,1320.7747098687441,35.0,1343.3628427093736,-33.212408030401264,22.58813284062944,-68.21240803040126,71.85510666982461,0.03591210699798464,35.91210699798464,10.831933633945834,0.0,10.831933633945834,3.2911903065526054,3.2911903065526054
5,random_walk_accel,270,5.0,1354.1621656941745,35.0,1383.5219603307285,-85.89914485427502,29.359794636553943,-120.89914485427502,124.41302491136366,0.06212645909313043,62.12645909313043,21.084690467826583,0.0,21.084690467826583,4.591806884857701,4.591806884857701
5,random_walk_accel,285,0.5,1221.7466401212803,113.72481518115359,1227.5456271017129,121.21043056215173,5.7989869804325735,7.485615380998141,9.469038368887436,0.004734483809109934,4.734483809109934,0.026894302767832282,0.0,0.026894302767832282,0.16399482543004912,0.16399482543004912
5,random_walk_accel,285,1.0,1234.6436091710636,74.58450064007911,1249.2789481885786,93.43690908030612,14.63533901751498,18.85240844022701,23.86642939684818,0.01193264831047544,11.93264831047544,0.18193710365948776,0.0,0.18193710365948776,0.4265408581361084,0.4265408581361084
5,random_walk_accel,285,2.0,1265.2683690573513,35.0,1292.7455903623104,37.8898661166149,27.47722130495913,2.889866116614897,27.628771540075007,0.013813507104161666,13.813507104161665,1.3805569518622858,0.0,1.3805569518622858,1.1749710429888414,1.1749710429888414
5,random_walk_accel,285,3.0,1302.8451198981554,35.0,1336.2122325360422,-17.65717684707633,33.36711263788675,-52.65717684707633,62.338932291896796,0.031159377943720576,31.159377943720575,4.597222461957733,0.0,4.597222461957733,2.1441134442836116,2.1441134442836116
5,random_walk_accel,285,4.0,1337.7673991198085,35.0,1379.678874709774,-73.20421981076754,41.91147558996545,-108.20421981076754,116.03760153926471,0.05795383133893968,57.95383133893968,10.83193363394583,0.0,10.83193363394583,3.291190306552605,3.291190306552605
5,random_walk_accel,285,5.0,1371.6193743332183,35.0,1423.145516883506,-128.75126277445875,51.52614255028766,-163.75126277445875,171.66659379839285,0.08562343567537996,85.62343567537995,21.084690467826576,0.0,21.084690467826576,4.5918068848577,4.5918068848577
6,random_walk_accel,60,0.5,991.1902831454331,549.4972832737556,986.608776974471,556.4429579560651,-4.581506170962143,6.945674682309573,8.320612693007671,0.004160282344352528,4.160282344352527,0.026905574491387148,0.0,0.026905574491387148,0.16402918792515905,0.16402918792515905
6,random_walk_accel,60,1.0,1003.0185601262028,547.3698272828536,991.6234880994592,557.1573601312213,-11.395072026743605,9.787532848367618,15.02143354518968,0.007510575548694509,7.51057554869451,0.1819731994633959,0.0,0.1819731994633959,0.4265831682842115,0.4265831682842115
6,random_walk_accel,60,2.0,1040.863618928651,546.58466163427,1001.6529103494356,558.5861644815336,-39.21070857921541,12.001502847263623,41.00628900396906,0.02050027219641078,20.50027219641078,1.3806867190559946,0.0,1.3806867190559946,1.1750262631345711,1.1750262631345711
6,random_walk_accel,60,3.0,1084.509823299496,534.2292011021528,1011.682332599412,560.0149688318459,-72.82749070008401,25.78576772969302,77.25768064781974,0.03860964368625873,38.60964368625873,4.597504598180035,0.0,4.597504598180035,2.144179236486548,2.144179236486548
6,random_walk_accel,60,4.0,1136.8764997550163,523.8561575667703,1021.7117548493883,561.4437731821582,-115.16474490562803,37.587615615387904,121.14349886324288,0.0604978341038231,60.4978341038231,10.832426836835518,0.0,10.832426836835518,3.2912652334376697,3.2912652334376697
6,random_walk_accel,60,5.0,1193.8330825217877,537.4758531065576,1031.7411770993647,562.8725775324705,-162.091905422423,25.396724425912907,164.06943473736197,0.0818514339943807,81.8514339943807,21.08545343502244,0.0,21.08545343502244,4.591889963296425,4.591889963296425
6,random_walk_accel,75,0.5,1003.0185601262028,547.3698272828536,997.3524363353314,548.0833825972493,-5.666123790871438,0.7135553143956486,5.71087734067031,0.0028554309097381663,2.8554309097381663,0.026898992663005855,0.0,0.026898992663005855,0.1640091237187915,0.1640091237187915
6,random_walk_accel,75,1.0,1021.4596237549218,546.9501036819308,1004.5727133416867,545.3576271462568,-16.886910413235114,-1.5924765356739954,16.961831411180242,0.008480712381778069,8.48071238177807,0.181949164069561,0.0,0.181949164069561,0.42655499536350644,0.42655499536350644
6,random_walk_accel,75,2.0,1060.4208404160922,542.2167329930447,1019.0132673543975,539.9061162442719,-41.407573061694734,-2.3106167487728726,41.47199123045935,0.02073302435014807,20.73302435014807,1.3805941441614513,0.0,1.3805941441614513,1.1749868697825738,1.1749868697825738
6,random_walk_accel,75,3.0,1110.5468869554618,526.8213241188653,1033.4538213671083,534.4546053422869,-77.09306558835351,7.633281223421591,77.47004417222193,0.03871566680683469,38.71566680683469,4.5972986406250484,0.0,4.5972986406250484,2.144131208817466,2.144131208817466
6,random_walk_accel,75,4.0,1164.8653483455905,527.5995642950882,1047.894375379819,529.0030944403018,-116.97097296577158,1.4035301452136082,116.97939311446177,0.05842313451069115,58.42313451069115,10.832062653460351,0.0,10.832062653460351,3.291209907231739,3.291209907231739
6,random_walk_accel,75,5.0,1220.7541824160162,552.3639828195248,1062.3349293925296,523.5515835383168,-158.4192530234866,-28.81239928120806,161.01805513935145,0.08033575571442539,80.33575571442539,21.08488618266736,0.0,21.08488618266736,4.5918281961183345,4.5918281961183345
6,random_walk_accel,90,0.5,1021.4596237549218,546.9501036819308,1010.5716863628702,543.6113302892351,-10.88793739205164,-3.338773392695771,11.38835319179246,0.005694115055102618,5.6941150551026185,0.026894777890408124,0.0,0.026894777890408124,0.16399627401379618,0.16399627401379618
6,random_walk_accel,90,1.0,1040.863618928651,546.58466163427,1020.1782347885606,540.3066360346464,-20.685384140090378,-6.278025599623561,21.617093293332278,0.010808125774496736,10.808125774496736,0.18193808888525917,0.0,0.18193808888525917,0.4265420130365345,0.4265420130365345
6,random_walk_accel,90,2.0,1084.509823299496,534.2292011021528,1039.3913316399417,533.697247525469,-45.118491659554365,-0.5319535766838044,45.12162745558967,0.022556987151104532,22.556987151104533,1.380559551442633,0.0,1.380559551442633,1.174972149219986,1.174972149219986
6,random_walk_accel,90,3.0,1136.8764997550163,523.8561575667703,1058.6044284913226,527.0878590162918,-78.27207126369376,3.231701449521438,78.33875818627452,0.03914936576695762,39.14936576695762,4.597227468090236,0.0,4.597227468090236,2.144114611696454,2.144114611696454
6,random_walk_accel,90,4.0,1193.8330825217877,537.4758531065576,1077.8175253427034,520.4784705071145,-116.01555717908423,-16.997382599443085,117.25408531392503,0.05856001124856338,58.56001124856338,10.831941838828067,0.0,10.831941838828067,3.2911915530439835,3.2911915530439835
6,random_walk_accel,90,5.0,1246.7592684789101,568.4151040368752,1097.0306221940846,513.8690819979371,-149.72864628482557,-54.54602203893808,159.3547490304532,0.07950940368922911,79.50940368922912,21.084702663656127,0.0,21.084702663656127,4.59180821285647,4.59180821285647
6,random_walk_accel,105,0.5,1040.863618928651,546.58466163427,1032.5059791164795,544.0946810583515,-8.357639812171556,-2.48998057591848,8.720673511744739,0.004360309122500175,4.360309122500174,0.02689432630076509,0.0,0.02689432630076509,0.1639948971790436,0.1639948971790436
6,random_walk_accel,105,1.0,1060.4208404160922,542.2167329930447,1046.9581752559952,542.2827361975648,-13.462665160097004,0.06600320452002961,13.46282695558019,0.006731311809447866,6.731311809447866,0.18193717492667874,0.0,0.18193717492667874,0.4265409416769728,0.4265409416769728
6,random_walk_accel,105,2.0,1110.5468869554618,526.8213241188653,1075.8625675350265,538.6588464759911,-34.68431942043526,11.837522357125863,36.64872370512017,0.018322311267267632,18.322311267267633,1.3805572158828643,0.0,1.3805572158828643,1.174971155340787,1.174971155340787
6,random_walk_accel,105,3.0,1164.8653483455905,527.5995642950882,1104.766959814058,535.0349567544176,-60.098388531532464,7.435392459329478,60.55659637984359,0.03026905047718195,30.26905047718195,4.597223048444861,0.0,4.597223048444861,2.144113581050421,2.144113581050421
6,random_walk_accel,105,4.0,1220.7541824160162,552.3639828195248,1133.6713520930894,531.411067032844,-87.08283032292684,-20.95291578668082,89.56809709386151,0.04475414473041808,44.75414473041808,10.831934672612668,0.0,10.831934672612668,3.291190464347615,3.291190464347615
6,random_walk_accel,105,5.0,1274.046594089374,580.7655644766686,1162.5757443721209,527.7871773112705,-111.47084971725303,-52.97838716539809,123.41985190127733,0.061631771614741794,61.631771614741794,21.084692088386284,0.0,21.084692088386284,4.591807061319789,4.591807061319789
6,random_walk_accel,120,0.5,1060.4208404160922,542.2167329930447,1058.431692897374,545.6881245399134,-1.989147518718255,3.471391546868631,4.000908287238534,0.0020004514751420207,2.000451475142021,0.02689431924017275,0.0,0.02689431924017275,0.16399487565217624,0.16399487565217624
6,random_walk_accel,120,1.0,1084.509823299496,534.2292011021528,1077.1879022883923,545.1545033768608,-7.321921011103768,10.925302274707974,13.151910777015713,0.006575860602539317,6.575860602539318,0.18193715068894867,0.0,0.18193715068894867,0.42654091326500987,0.42654091326500987
6,random_walk_accel,120,2.0,1136.8764997550163,523.8561575667703,1114.7003210704288,544.0872610507558,-22.176178684587512,20.23110348398552,30.01800208592312,0.015007874168818085,15.007874168818086,1.38055710781602,0.0,1.38055710781602,1.1749711093537663,1.1749711093537663
6,random_walk_accel,120,3.0,1193.8330825217877,537.4758531065576,1152.2127398524653,543.0200187246508,-41.620342669322326,5.544165618093189,41.98798276069785,0.020990907844787698,20.9909078447877,4.5972227905824505,0.0,4.5972227905824505,2.1441135209177826,2.1441135209177826
6,random_walk_accel,120,4.0,1246.7592684789101,568.4151040368752,1189.7251586345017,541.9527763985457,-57.034109844408476,-26.462327638329498,62.874036531642766,0.031426668146214254,31.426668146214254,10.83193419898824,0.0,10.83193419898824,3.2911903923942534,3.2911903923942534
6,random_walk_accel,120,5.0,1302.5925319576797,590.127488111681,1227.2375774165382,540.8855340724406,-75.35495454114152,-49.241954039240454,90.01743837446261,0.04497836341547912,44.978363415479116,21.084691333033387,0.0,21.084691333033387,4.59180697906972,4.59180697906972
6,random_walk_accel,135,0.5,1084.509823299496,534.2292011021528,1079.56828775293,542.2995162629095,-4.941535546566001,8.07031516075665,9.463020677981952,0.004731475031058121,4.731475031058121,0.026894306131107992,0.0,0.026894306131107992,0.16399483568426168,0.16399483568426168
6,random_walk_accel,135,1.0,1110.5468869554618,526.8213241188653,1099.220731919907,540.5301573777724,-11.326155035554848,13.708833258907134,17.78240414595121,0.008890967790616475,8.890967790616475,0.1819371114838094,0.0,0.1819371114838094,0.42654086730793966,0.42654086730793966
6,random_walk_accel,135,2.0,1164.8653483455905,527.5995642950882,1138.525620253861,536.9914396074981,-26.339728091729512,9.39187531240998,27.964059037094398,0.01398111847643699,13.98111847643699,1.3805569742960409,0.0,1.3805569742960409,1.1749710525353554,1.1749710525353554
6,random_walk_accel,135,3.0,1220.7541824160162,552.3639828195248,1177.830508587815,533.452721837224,-42.92367382820112,-18.91126098230086,46.90498445635061,0.023448193871424078,23.448193871424078,4.597222506584044,0.0,4.597222506584044,2.1441134546903164,2.1441134546903164
6,random_walk_accel,135,4.0,1274.046594089374,580.7655644766686,1217.1353969217694,529.9140040669498,-56.91119716760454,-50.851560409718786,76.3201517238615,0.03814156923745285,38.14156923745285,10.831933708347819,0.0,10.831933708347819,3.2911903178558086,3.2911903178558086
6,random_walk_accel,135,5.0,1330.8380877710133,598.1731753003684,1256.4402852557234,526.3752862966757,-74.39780251528987,-71.79788900369272,103.3923105675207,0.05165017645951586,51.65017645951586,21.084690579587363,0.0,21.084690579587363,4.591806897027287,4.591806897027287
6,random_walk_accel,150,0.5,1110.5468869554618,526.8213241188653,1104.3114405469119,530.742677105621,-6.235446408549933,3.921352986755778,7.365989489582287,0.0036829780923269607,3.6829780923269606,0.026894302934260268,0.0,0.026894302934260268,0.1639948259374675,0.1639948259374675
6,random_walk_accel,150,1.0,1136.8764997550163,523.8561575667703,1126.0152030955826,525.1816613023742,-10.86129665943372,1.3255037356038883,10.9418794216225,0.005470885127895329,5.470885127895329,0.18193710398793245,0.0,0.18193710398793245,0.42654085852111806,0.42654085852111806
6,random_walk_accel,150,2.0,1193.8330825217877,537.4758531065576,1169.4227281929243,514.0596296958806,-24.410354328863377,-23.416223410676935,33.82580253710758,0.016911288921389996,16.911288921389996,1.3805569527522947,0.0,1.3805569527522947,1.174971043367578,1.174971043367578
6,random_walk_accel,150,3.0,1246.7592684789101,568.4151040368752,1212.8302532902658,502.9375980893871,-33.92901518864437,-65.47750594748805,73.74606333069308,0.036856334175104755,36.856334175104756,4.597222463726014,0.0,4.597222463726014,2.144113444695969,2.144113444695969
6,random_walk_accel,150,4.0,1302.5925319576797,590.127488111681,1256.2377783876072,491.8155664828936,-46.35475357007249,-98.31192162878745,108.6922127518204,0.054292697261627665,54.292697261627666,10.83193363690909,0.0,10.83193363690909,3.2911903070027857,3.2911903070027857
6,random_walk_accel,150,5.0,1357.1617708160052,602.585911465762,1299.645303484949,480.6935348764,-57.51646733105622,-121.89237658936202,134.7809166197029,0.06728871806150812,67.28871806150812,21.084690472301524,0.0,21.084690472301524,4.591806885344975,4.591806885344975
6,random_walk_accel,165,0.5,1136.8764997550163,523.8561575667703,1134.0231185382243,519.5398979601595,-2.8533812167920587,-4.316259606610856,5.174155134899053,0.002587071795728229,2.587071795728229,0.02689430280725899,0.0,0.02689430280725899,0.1639948255502563,0.1639948255502563
6,random_walk_accel,165,1.0,1164.8653483455905,527.5995642950882,1158.7843074464338,511.8928306559906,-6.081040899156733,-15.706733639097536,16.84281864851531,0.008421210250233192,8.421210250233193,0.18193710378596373,0.0,0.18193710378596373,0.42654085828436616,0.42654085828436616
6,random_walk_accel,165,2.0,1220.7541824160162,552.3639828195248,1208.3066852628526,496.59869604765294,-12.447497153163567,-55.7652867718719,57.13761802986826,0.028561040418739064,28.561040418739065,1.3805569523176144,0.0,1.3805569523176144,1.174971043182603,1.174971043182603
6,random_walk_accel,165,3.0,1274.046594089374,580.7655644766686,1257.8290630792715,481.3045614393153,-16.217531010102448,-99.4610030373533,100.77449795092028,0.050344671509428694,50.34467150942869,4.597222462948253,0.0,4.597222462948253,2.144113444514598,2.144113444514598
6,random_walk_accel,165,4.0,1330.8380877710133,598.1731753003684,1307.3514408956903,466.0104268309776,-23.486646875323004,-132.16274846939075,134.23343348223486,0.06701620906490921,67.0162090649092,10.831933635677881,0.0,10.831933635677881,3.2911903068157393,3.2911903068157393
6,random_walk_accel,165,5.0,1384.4348021595836,606.4243198372274,1356.873818712109,450.71629222264,-27.560983447474655,-155.70802761458737,158.12842145616037,0.07890007850043187,78.90007850043187,21.084690470506498,0.0,21.084690470506498,4.5918068851495155,4.5918068851495155
6,random_walk_accel,180,0.5,1164.8653483455905,527.5995642950882,1162.438288571411,515.6895803384976,-2.4270597741794973,-11.909983956590509,12.154766019701224,0.006077308189637081,6.0773081896370815,0.02689430278445734,0.0,0.02689430278445734,0.16399482548073688,0.16399482548073688
6,random_walk_accel,180,1.0,1193.8330825217877,537.4758531065576,1188.580138214161,509.65358736508654,-5.252944307626649,-27.82226574147103,28.313811027271825,0.01415595986124301,14.15595986124301,0.18193710370231111,0.0,0.18193710370231111,0.4265408581863068,0.4265408581863068
6,random_walk_accel,180,2.0,1246.7592684789101,568.4151040368752,1240.8638374996608,497.5816014182643,-5.8954309792493405,-70.83350261861085,71.07841584934096,0.035524256828580056,35.52425682858006,1.3805569519945013,0.0,1.3805569519945013,1.1749710430451048,1.1749710430451048
6,random_walk_accel,180,3.0,1302.5925319576797,590.127488111681,1293.1475367851608,485.50961547144215,-9.44499517251893,-104.61787264023889,105.04335871238196,0.0524734649780575,52.4734649780575,4.597222462228669,0.0,4.597222462228669,2.144113444346793,2.144113444346793
6,random_walk_accel,180,4.0,1357.1617708160052,602.585911465762,1345.4312360706608,473.4376295246199,-11.730534745344357,-129.1482819411421,129.67992972607775,0.06474932621079707,64.74932621079707,10.831933634404812,0.0,10.831933634404812,3.291190306622334,3.291190306622334
6,random_walk_accel,180,5.0,1414.2415525904369,615.6597651993947,1397.7149353561608,461.3656435777977,-16.526617234276046,-154.29412162159696,155.17668975779972,0.07743321214460842,77.43321214460842,21.084690468522933,0.0,21.084690468522933,4.5918068849335265,4.5918068849335265
6,random_walk_accel,195,0.5,1193.8330825217877,537.4758531065576,1191.3434053094654,523.1529998823847,-2.489677212322249,-14.322853224172832,14.537627629801046,0.0072686858014474635,7.268685801447464,0.02689430276953758,0.0,0.02689430276953758,0.16399482543524835,0.16399482543524835
6,random_walk_accel,195,1.0,1220.7541824160162,552.3639828195248,1218.567616087695,522.4270175937058,-2.1865663283213053,-29.936965225818994,30.01671133285664,0.0150072289376299,15.0072289376299,0.18193710366303087,0.0,0.18193710366303087,0.4265408581402617,0.4265408581402617
6,random_walk_accel,195,2.0,1274.046594089374,580.7655644766686,1273.016037644154,520.975053016348,-1.0305564452198723,-59.790511460320545,59.79939219819468,0.0298907908473639,29.890790847363903,1.3805569518716465,0.0,1.3805569518716465,1.1749710429928248,1.1749710429928248
6,random_walk_accel,195,3.0,1330.8380877710133,598.1731753003684,1327.4644592006134,519.5230884389903,-3.3736285703998874,-78.6500868613781,78.72240807440623,0.03934089541708851,39.34089541708851,4.597222461975768,0.0,4.597222461975768,2.1441134442878176,2.1441134442878176
6,random_walk_accel,195,4.0,1384.4348021595836,606.4243198372274,1381.9128807570726,518.0711238616325,-2.5219214025109977,-88.35319597559487,88.38918104984522,0.0441658511345606,44.1658511345606,10.831933633975394,0.0,10.831933633975394,3.2911903065570964,3.2911903065570964
6,random_walk_accel,195,5.0,1444.9364652427982,626.2302176162251,1436.3613023135317,516.6191592842748,-8.575162929266526,-109.61105833195029,109.94597549666689,0.054917711280639325,54.917711280639324,21.084690467870526,0.0,21.084690467870526,4.591806884862486,4.591806884862486
6,random_walk_accel,210,0.5,1220.7541824160162,552.3639828195248,1221.6913748433417,539.537865649043,0.937192427325499,-12.82611717048178,12.86031147821715,0.006430067118965559,6.430067118965559,0.026894302767915317,0.0,0.026894302767915317,0.16399482543030228,0.16399482543030228
6,random_walk_accel,210,1.0,1246.7592684789101,568.4151040368752,1250.1124225561966,545.4391265967324,3.35315407728649,-22.975977440142742,23.219370826875807,0.011609163852591971,11.609163852591971,0.18193710365973767,0.0,0.18193710365973767,0.42654085813640136,0.42654085813640136
6,random_walk_accel,210,2.0,1302.5925319576797,590.127488111681,1306.954517981906,557.2416484921112,4.361986024226326,-32.88583961956988,33.173865761463766,0.01658541196439883,16.58541196439883,1.3805569518632097,0.0,1.3805569518632097,1.1749710429892346,1.1749710429892346
6,random_walk_accel,210,3.0,1357.1617708160052,602.585911465762,1363.7966134076155,569.04417038749,6.634842591610322,-33.541741078272025,34.191658789495534,0.01709416416898199,17.09416416898199,4.5972224619597855,0.0,4.5972224619597855,2.1441134442840903,2.1441134442840903
6,random_walk_accel,210,4.0,1414.2415525904369,615.6597651993947,1420.6387088333252,580.8466922828687,6.397156242888286,-34.813072916525925,35.39595533231552,0.017696130235839432,17.696130235839433,10.831933633949463,0.0,10.831933633949463,3.291190306553157,3.291190306553157
6,random_walk_accel,210,5.0,1473.2852428072408,633.8659674871861,1477.4808042590348,592.6492141782475,4.195561451793992,-41.21675330893868,41.42974160220755,0.020711908606155256,20.711908606155255,21.084690467832246,0.0,21.084690467832246,4.591806884858317,4.591806884858317
6,random_walk_accel,225,0.5,1246.7592684789101,568.4151040368752,1249.858634248577,561.0417397984843,3.099365769666747,-7.373364238390877,7.998285339131346,0.003999121350151264,3.999121350151264,0.026894302767890305,0.0,0.026894302767890305,0.163994825430226,0.163994825430226
6,random_walk_accel,225,1.0,1274.046594089374,580.7655644766686,1278.0983277504213,572.9470405577024,4.051733661047365,-7.818523918966207,8.806012828261776,0.004402977961551222,4.402977961551222,0.18193710365965376,0.0,0.18193710365965376,0.426540858136303,0.426540858136303
6,random_walk_accel,225,2.0,1330.8380877710133,598.1731753003684,1334.5777147541098,596.7576420761385,3.739626983096514,-1.4155332242298755,3.998567778793072,0.0019992812255996747,1.9992812255996746,1.380556951862837,0.0,1.380556951862837,1.1749710429890758,1.1749710429890758
6,random_walk_accel,225,3.0,1384.4348021595836,606.4243198372274,1391.0571017577986,620.5682435945746,6.622299598215022,14.143923757347238,15.617471985637447,0.007808577282531926,7.808577282531926,4.5972224619588955,0.0,4.5972224619588955,2.144113444283883,2.144113444283883
6,random_walk_accel,225,4.0,1444.9364652427982,626.2302176162251,1447.5364887614871,644.3788451130107,2.600023518688886,18.148627496785593,18.333924902072045,0.009166705687583775,9.166705687583775,10.831933633947829,0.0,10.831933633947829,3.2911903065529087,3.2911903065529087
6,random_walk_accel,225,5.0,1499.5167732577233,636.9276632006212,1504.015875765176,668.1894466314468,4.499102507452562,31.26178343082563,31.58387288868181,0.015790623882027732,15.790623882027733,21.084690467829635,0.0,21.084690467829635,4.591806884858033,4.591806884858033
6,random_walk_accel,240,0.5,1274.046594089374,580.7655644766686,1274.0080922615573,582.9692167622225,-0.03850182781661715,2.203652285553858,2.203988608494146,0.0011019938581632457,1.1019938581632456,0.02689430276784422,0.0,0.02689430276784422,0.1639948254300855,0.1639948254300855
6,random_walk_accel,240,1.0,1302.5925319576797,590.127488111681,1300.6881391438023,598.6312239460462,-1.9043928138773936,8.503735834365216,8.714369462572432,0.004357157157797556,4.357157157797555,0.18193710365951557,0.0,0.18193710365951557,0.426540858136141,0.426540858136141
6,random_walk_accel,240,2.0,1357.1617708160052,602.585911465762,1354.0482329082924,629.9552383136937,-3.1135379077127254,27.36932684793169,27.545855775627636,0.013772057108426054,13.772057108426054,1.3805569518623655,0.0,1.3805569518623655,1.1749710429888753,1.1749710429888753
6,random_walk_accel,240,3.0,1414.2415525904369,615.6597651993947,1407.4083266727826,661.2792526813413,-6.8332259176543175,45.619487481946635,46.128414394570164,0.023060118774945067,23.060118774945067,4.597222461957892,0.0,4.597222461957892,2.144113444283649,2.144113444283649
6,random_walk_accel,240,4.0,1473.2852428072408,633.8659674871861,1460.7684204372729,692.6032670489888,-12.51682236996794,58.737299561802615,60.05615040988115,0.030019054793243148,30.019054793243146,10.831933633946095,0.0,10.831933633946095,3.2911903065526453,3.2911903065526453
6,random_walk_accel,240,5.0,1525.188633653313,640.3115930420804,1514.128514201763,723.9272814166363,-11.060119451550008,83.61568837455593,84.34399554582058,0.042147023768656505,42.1470237686565,21.084690467826974,0.0,21.084690467826974,4.591806884857744,4.591806884857744
6,random_walk_accel,255,0.5,1302.5925319576797,590.127488111681,1300.3574847302834,597.403834965483,-2.235047227396308,7.276346853802011,7.611876223739213,0.003805919735482253,3.8059197354822527,0.026894302767832824,0.0,0.026894302767832824,0.16399482543005076,0.16399482543005076
6,random_walk_accel,255,1.0,1330.8380877710133,598.1731753003684,1326.9549983711538,612.4391100619038,-3.8830893998595,14.26593476153539,14.78496797114167,0.007392349326478579,7.392349326478579,0.18193710365948879,0.0,0.18193710365948879,0.4265408581361096,0.4265408581361096
6,random_walk_accel,255,2.0,1384.4348021595836,606.4243198372274,1380.1500256528943,642.5096602547451,-4.284776506689241,36.08534041751773,36.33883738867294,0.018167419680353177,18.167419680353177,1.3805569518622884,0.0,1.3805569518622884,1.1749710429888425,1.1749710429888425
6,random_walk_accel,255,3.0,1444.9364652427982,626.2302176162251,1433.345052934635,672.5802104475865,-11.591412308163171,46.34999283136142,47.77742850724693,0.023884171612754097,23.8841716127541,4.597222461957738,0.0,4.597222461957738,2.144113444283613,2.144113444283613
6,random_walk_accel,255,4.0,1499.5167732577233,636.9276632006212,1486.5400802163758,702.650760640428,-12.976693041347517,65.72309743980679,66.99194055535109,0.03348345143427611,33.48345143427611,10.83193363394584,0.0,10.83193363394584,3.2911903065526062,3.2911903065526062
6,random_walk_accel,255,5.0,1552.535920692177,648.0177824132784,1539.7351074981166,732.7213108332694,-12.80081319406031,84.70352841999102,85.66532872303388,0.04280649902559352,42.80649902559352,21.08469046782659,0.0,21.08469046782659,4.591806884857702,4.591806884857702
6,random_walk_accel,270,0.5,1330.8380877710133,598.1731753003684,1329.3889838817943,603.6606272450216,-1.4491038892190318,5.48745194465323,5.675564370758933,0.0028377745678556466,2.8377745678556465,0.026894302767832362,0.0,0.026894302767832362,0.16399482543004934,0.16399482543004934
6,random_walk_accel,270,1.0,1357.1617708160052,602.585911465762,1356.9525642919189,615.2905188145546,-0.20920652408631213,12.704607348792592,12.706329731937348,0.006353079391068074,6.353079391068074,0.18193710365948806,0.0,0.18193710365948806,0.42654085813610876,0.42654085813610876
6,random_walk_accel,270,2.0,1414.2415525904369,615.6597651993947,1412.0797251121685,638.5503019536206,-2.1618274782683784,22.89053675422599,22.992393762772227,0.011495690466005782,11.495690466005781,1.3805569518622869,0.0,1.3805569518622869,1.1749710429888418,1.1749710429888418
6,random_walk_accel,270,3.0,1473.2852428072408,633.8659674871861,1467.206885932418,661.8100850926868,-6.07835687482293,27.94411760550065,28.597554634054966,0.014297802950891524,14.297802950891523,4.5972224619577355,0.0,4.5972224619577355,2.1441134442836125,2.1441134442836125
6,random_walk_accel,270,4.0,1525.188633653313,640.3115930420804,1522.3340467526673,685.0698682317528,-2.8545869006456996,44.75827518967242,44.84921252739878,0.02242084856272645,22.420848562726448,10.831933633945834,0.0,10.831933633945834,3.2911903065526054,3.2911903065526054
6,random_walk_accel,270,5.0,1579.2865586727985,654.4997143793826,1577.461207572917,708.3296513708189,-1.8253510998815727,53.829936991436284,53.86087655376433,0.026923930688378693,26.923930688378693,21.084690467826583,0.0,21.084690467826583,4.591806884857701,4.591806884857701
6,random_walk_accel,285,0.5,1357.1617708160052,602.585911465762,1359.1916055581894,608.4230911629335,2.029834742184221,5.83717969717145,6.180040121038751,0.0030900102258411767,3.090010225841177,0.026894302767832282,0.0,0.026894302767832282,0.16399482543004912,0.16399482543004912
6,random_walk_accel,285,1.0,1384.4348021595836,606.4243198372274,1387.5786392105244,617.4287861531448,3.143837050940874,11.004466315917398,11.44473635786466,0.0057223057195617075,5.7223057195617075,0.18193710365948776,0.0,0.18193710365948776,0.4265408581361084,0.4265408581361084
6,random_walk_accel,285,2.0,1444.9364652427982,626.2302176162251,1444.352706515195,635.4401761335674,-0.5837587276032536,9.20995851734233,9.228440287676975,0.004614187397094101,4.614187397094101,1.3805569518622858,0.0,1.3805569518622858,1.1749710429888414,1.1749710429888414
6,random_walk_accel,285,3.0,1499.5167732577233,636.9276632006212,1501.1267738198653,653.4515661139901,1.6100005621419768,16.523902913368943,16.60215255021288,0.00830088561316837,8.300885613168369,4.597222461957733,0.0,4.597222461957733,2.1441134442836116,2.1441134442836116
6,random_walk_accel,285,4.0,1552.535920692177,648.0177824132784,1557.9008411245359,671.4629560944128,5.364920432358986,23.445173681134406,24.051165048373445,0.012025002882738021,12.025002882738022,10.83193363394583,0.0,10.83193363394583,3.291190306552605,3.291190306552605
6,random_walk_accel,285,5.0,1605.2227756028321,659.0891749059998,1614.6749084292062,689.4743460748355,9.452132826374054,30.385171168835654,31.82139911956826,0.015909357163898675,15.909357163898674,21.084690467826576,0.0,21.084690467826576,4.5918068848577,4.5918068848577
7,random_walk_accel,60,0.5,984.4083820661664,555.0326549494667,985.35377523688,552.0170366813707,0.9453931707136007,-3.015618268096091,3.1603357078175702,0.0015801665387210138,1.5801665387210138,0.026905574491387148,0.0,0.026905574491387148,0.16402918792515905,0.16402918792515905
7,random_walk_accel,60,1.0,985.9244665941203,561.6816642319479,988.1600740360755,555.6587680668321,2.2356074419551533,-6.022896165115867,6.424423620083959,0.0032122007619169593,3.2122007619169595,0.1819731994633959,0.0,0.1819731994633959,0.4265831682842115,0.4265831682842115
7,random_walk_accel,60,2.0,985.62143111084,590.6637629202229,993.7726716344664,562.9422308377549,8.15124052362637,-27.721532082468002,28.895087178849476,0.014446538496074348,14.446538496074348,1.3806867190559946,0.0,1.3806867190559946,1.1750262631345711,1.1750262631345711
7,random_walk_accel,60,3.0,985.5055764890229,627.0698681887529,999.3852692328574,570.2256936086777,13.879692743834426,-56.84417458007522,58.514152598780065,0.029248732794021626,29.248732794021628,4.597504598180035,0.0,4.597504598180035,2.144179236486548,2.144179236486548
7,random_walk_accel,60,4.0,984.8127517720069,683.3226399645896,1004.9978668312483,577.5091563796005,20.18511505924141,-105.81348358498906,107.72154927564662,0.053808782040984916,53.808782040984916,10.832426836835518,0.0,10.832426836835518,3.2912652334376697,3.2912652334376697
7,random_walk_accel,60,5.0,981.6258692971091,735.5599745999587,1010.6104644296394,584.7926191505234,28.984595132530217,-150.76735544943529,153.5281805539721,0.0766138379189871,76.6138379189871,21.08545343502244,0.0,21.08545343502244,4.591889963296425,4.591889963296425
7,random_walk_accel,75,0.5,985.9244665941203,561.6816642319479,987.6411749908598,560.2855377862774,1.7167083967394774,-1.3961264456705749,2.2127486915003654,0.0011063738943261072,1.1063738943261072,0.026898992663005855,0.0,0.026898992663005855,0.1640091237187915,0.1640091237187915
7,random_walk_accel,75,1.0,987.0654375808352,574.787548453234,990.2098976497163,565.6263001195118,3.144460068881017,-9.161248333722142,9.685871161486402,0.004842897719165211,4.842897719165212,0.181949164069561,0.0,0.181949164069561,0.42655499536350644,0.42655499536350644
7,random_walk_accel,75,2.0,985.3694529539733,606.8980067736528,995.3473429674292,576.3078247859809,9.977890013455863,-30.59018198767194,32.176350370411974,0.01608678736991696,16.08678736991696,1.3805941441614513,0.0,1.3805941441614513,1.1749868697825738,1.1749868697825738
7,random_walk_accel,75,3.0,984.4543084448741,653.7054527991903,1000.4847882851421,586.9893494524498,16.03047984026807,-66.71610334674051,68.61497452948738,0.03429403674930206,34.29403674930206,4.5972986406250484,0.0,4.5972986406250484,2.144131208817466,2.144131208817466
7,random_walk_accel,75,4.0,983.923947042258,709.6049366690496,1005.622233602855,597.6708741189187,21.698286560597012,-111.93406255013088,114.01776176825432,0.056947241178955076,56.947241178955075,10.832062653460351,0.0,10.832062653460351,3.291209907231739,3.291209907231739
7,random_walk_accel,75,5.0,982.3412993935668,766.191370220379,1010.7596789205679,608.3523987853877,28.418379527001093,-157.83897143499132,160.37688486373804,0.08001722697508598,80.01722697508598,21.08488618266736,0.0,21.08488618266736,4.5918281961183345,4.5918281961183345
7,random_walk_accel,90,0.5,987.0654375808352,574.787548453234,987.5034387030388,566.4452145736282,0.43800112220355913,-8.342333879605803,8.353824246527479,0.0041768878325534504,4.176887832553451,0.026894777890408124,0.0,0.026894777890408124,0.16399627401379618,0.16399627401379618
7,random_walk_accel,90,1.0,985.62143111084,590.6637629202229,989.0731924526565,572.1640146073338,3.45176134181645,-18.499748312889096,18.81901548968759,0.009409230057307637,9.409230057307637,0.18193808888525917,0.0,0.18193808888525917,0.4265420130365345,0.4265420130365345
7,random_walk_accel,90,2.0,985.5055764890229,627.0698681887529,992.2126999518921,583.6016146747452,6.707123462869163,-43.468253514007756,43.982662137531165,0.021987786957883906,21.987786957883905,1.380559551442633,0.0,1.380559551442633,1.174972149219986,1.174972149219986
7,random_walk_accel,90,3.0,984.8127517720069,683.3226399645896,995.3522074511276,595.0392147421567,10.539455679120692,-88.28342522243292,88.91031039770952,0.04442590488090571,44.42590488090571,4.597227468090236,0.0,4.597227468090236,2.144114611696454,2.144114611696454
7,random_walk_accel,90,4.0,981.6258692971091,735.5599745999587,998.4917149503631,606.476814809568,16.865845653253928,-129.0831597903906,130.18033219757467,0.06499847591895687,64.99847591895687,10.831941838828067,0.0,10.831941838828067,3.2911915530439835,3.2911915530439835
7,random_walk_accel,90,5.0,984.0770187880197,798.7761611873032,1001.6312224495987,617.9144148769794,17.55420366157898,-180.86174631032372,181.7116433930751,0.09060705436737662,90.60705436737662,21.084702663656127,0.0,21.084702663656127,4.59180821285647,4.59180821285647
7,random_walk_accel,105,0.5,985.62143111084,590.6637629202229,989.0745839877156,581.0957922048318,3.453152876875606,-9.567970715391084,10.172036590656546,0.005085974441676965,5.085974441676965,0.02689432630076509,0.0,0.02689432630076509,0.1639948971790436,0.1639948971790436
7,random_walk_accel,105,1.0,985.3694529539733,606.8980067736528,990.6086131284037,590.3823038125287,5.239160174430367,-16.515702961124134,17.3267782242811,0.008663172380333812,8.663172380333812,0.18193717492667874,0.0,0.18193717492667874,0.4265409416769728,0.4265409416769728
7,random_walk_accel,105,2.0,984.4543084448741,653.7054527991903,993.6766714097798,608.9553270279223,9.222362964905756,-44.75012577126802,45.690543170340746,0.022841298464513788,22.841298464513788,1.3805572158828643,0.0,1.3805572158828643,1.174971155340787,1.174971155340787
7,random_walk_accel,105,3.0,983.923947042258,709.6049366690496,996.7447296911558,627.528350243316,12.820782648897875,-82.07658642573358,83.07188758557972,0.041512082072002056,41.51208207200206,4.597223048444861,0.0,4.597223048444861,2.144113581050421,2.144113581050421
7,random_walk_accel,105,4.0,982.3412993935668,766.191370220379,999.812787972532,646.1013734587098,17.471488578965136,-120.08999676166923,121.35427571941021,0.06060283661365399,60.60283661365399,10.831934672612668,0.0,10.831934672612668,3.291190464347615,3.291190464347615
7,random_walk_accel,105,5.0,981.9543528555731,829.0064894551534,1002.8808462539081,664.6743966741035,20.92649339833497,-164.33209278104994,165.6591526108659,0.08264092823090309,82.64092823090309,21.084692088386284,0.0,21.084692088386284,4.591807061319789,4.591807061319789
7,random_walk_accel,120,0.5,985.3694529539733,606.8980067736528,986.7007102012577,602.593497725111,1.331257247284384,-4.304509048541831,4.5056679868167935,0.0022528301821798324,2.2528301821798324,0.02689431924017275,0.0,0.02689431924017275,0.16399487565217624,0.16399487565217624
7,random_walk_accel,120,1.0,985.5055764890229,627.0698681887529,986.6916954136275,616.5426866680376,1.186118924604557,-10.527181520715317,10.593791996891158,0.005296846460753189,5.296846460753189,0.18193715068894867,0.0,0.18193715068894867,0.42654091326500987,0.42654091326500987
7,random_walk_accel,120,2.0,984.8127517720069,683.3226399645896,986.6736658383669,644.441064553891,1.86091406636001,-38.88157541069859,38.926082612821666,0.01946058426676148,19.46058426676148,1.38055710781602,0.0,1.38055710781602,1.1749711093537663,1.1749711093537663
7,random_walk_accel,120,3.0,981.6258692971091,735.5599745999587,986.6556362631063,672.3394424397443,5.029766965997169,-63.22053216021436,63.420298346451624,0.03169952704130083,31.69952704130083,4.5972227905824505,0.0,4.5972227905824505,2.1441135209177826,2.1441135209177826
7,random_walk_accel,120,4.0,984.0770187880197,798.7761611873032,986.6376066878456,700.2378203255976,2.5605878998259186,-98.53834086170559,98.571604583523,0.04924595379813028,49.24595379813028,10.83193419898824,0.0,10.83193419898824,3.2911903923942534,3.2911903923942534
7,random_walk_accel,120,5.0,978.7000642898143,859.5244502577731,986.619577112585,728.1361982114508,7.919512822770685,-131.38825204632224,131.62671255918355,0.06571858118616353,65.71858118616353,21.084691333033387,0.0,21.084691333033387,4.59180697906972,4.59180697906972
7,random_walk_accel,135,0.5,985.5055764890229,627.0698681887529,984.2404422632943,622.2011826524796,-1.265134225728616,-4.868685536273347,5.030374087503556,0.0025151817399417693,2.5151817399417693,0.026894306131107992,0.0,0.026894306131107992,0.16399483568426168,0.16399483568426168
7,random_walk_accel,135,1.0,984.4543084448741,653.7054527991903,983.3629327956679,638.2768339717279,-1.0913756492061566,-15.428618827462401,15.467171031924599,0.007733431343844694,7.7334313438446936,0.1819371114838094,0.0,0.1819371114838094,0.42654086730793966,0.42654086730793966
7,random_walk_accel,135,2.0,983.923947042258,709.6049366690496,981.607913860415,670.4281366102248,-2.316033181842954,-39.176800058824824,39.24519935671795,0.01962008172281101,19.62008172281101,1.3805569742960409,0.0,1.3805569742960409,1.1749710525353554,1.1749710525353554
7,random_walk_accel,135,3.0,982.3412993935668,766.191370220379,979.8528949251622,702.5794392487215,-2.4884044684046103,-63.61193097165744,63.660583713482296,0.03181954858130166,31.819548581301664,4.597222506584044,0.0,4.597222506584044,2.1441134546903164,2.1441134546903164
7,random_walk_accel,135,4.0,981.9543528555731,829.0064894551534,978.0978759899093,734.7307418872184,-3.856476865663808,-94.27574756793501,94.35459179768839,0.0471423417728104,47.142341772810404,10.831933708347819,0.0,10.831933708347819,3.2911903178558086,3.2911903178558086
7,random_walk_accel,135,5.0,976.5882354311541,894.1031309862333,976.3428570546565,766.8820445257152,-0.24537837649756966,-127.22108646051811,127.2213230977507,0.06352507295931607,63.52507295931607,21.084690579587363,0.0,21.084690579587363,4.591806897027287,4.591806897027287
7,random_walk_accel,150,0.5,984.4543084448741,653.7054527991903,985.1662810425208,643.2833197284851,0.7119725976467635,-10.422133070705172,10.446423441699379,0.005223164221843095,5.223164221843095,0.026894302934260268,0.0,0.026894302934260268,0.1639948259374675,0.1639948259374675
7,random_walk_accel,150,1.0,984.8127517720069,683.3226399645896,984.9711702280163,661.3648450134685,0.15841845600937177,-21.95779495112106,21.958366412888775,0.010978742085749846,10.978742085749847,0.18193710398793245,0.0,0.18193710398793245,0.42654085852111806,0.42654085852111806
7,random_walk_accel,150,2.0,981.6258692971091,735.5599745999587,984.580948599007,697.5278955834352,2.955079301897854,-38.032079016523426,38.14671057902092,0.019071042877269555,19.071042877269555,1.3805569527522947,0.0,1.3805569527522947,1.174971043367578,1.174971043367578
7,random_walk_accel,150,3.0,984.0770187880197,798.7761611873032,984.1907269699979,733.6909461534019,0.11370818197815424,-65.08521503390125,65.08531436168849,0.03253117665071505,32.531176650715054,4.597222463726014,0.0,4.597222463726014,2.144113444695969,2.144113444695969
7,random_walk_accel,150,4.0,978.7000642898143,859.5244502577731,983.8005053409886,769.8539967233685,5.1004410511742435,-89.6704535344046,89.81539253369836,0.0448775442749063,44.8775442749063,10.83193363690909,0.0,10.83193363690909,3.2911903070027857,3.2911903070027857
7,random_walk_accel,150,5.0,976.1236172337494,934.2275033677067,983.4102837119794,806.0170472933352,7.286666478230018,-128.21045607437156,128.41735301415974,0.06412065527636934,64.12065527636935,21.084690472301524,0.0,21.084690472301524,4.591806885344975,4.591806885344975
7,random_walk_accel,165,0.5,984.8127517720069,683.3226399645896,984.2614933616054,673.0637506136751,-0.5512584104014877,-10.258889350914501,10.27368952953832,0.005136799583212045,5.136799583212045,0.02689430280725899,0.0,0.02689430280725899,0.1639948255502563,0.1639948255502563
7,random_walk_accel,165,1.0,983.923947042258,709.6049366690496,983.7673373996834,695.7541253671195,-0.1566096425746082,-13.850811301930094,13.851696657876312,0.006925737593870305,6.925737593870305,0.18193710378596373,0.0,0.18193710378596373,0.42654085828436616,0.42654085828436616
7,random_walk_accel,165,2.0,982.3412993935668,766.191370220379,982.7790254758393,741.1348748740082,0.4377260822724338,-25.056495346370752,25.060318496894663,0.012529503544787298,12.529503544787298,1.3805569523176144,0.0,1.3805569523176144,1.174971043182603,1.174971043182603
7,random_walk_accel,165,3.0,981.9543528555731,829.0064894551534,981.7907135519952,786.515624380897,-0.16363930357795198,-42.490865074256476,42.49118017401193,0.021242394375669816,21.242394375669814,4.597222462948253,0.0,4.597222462948253,2.144113444514598,2.144113444514598
7,random_walk_accel,165,4.0,976.5882354311541,894.1031309862333,980.8024016281511,831.8963738877858,4.214166196996985,-62.2067570984475,62.34933700883403,0.031164575251976277,31.164575251976277,10.831933635677881,0.0,10.831933635677881,3.2911903068157393,3.2911903068157393
7,random_walk_accel,165,5.0,976.6619313409783,975.3404970349023,979.814089704307,877.2771233946746,3.152158363328681,-98.06337364022772,98.11402219892126,0.04901771445012743,49.017714450127436,21.084690470506498,0.0,21.084690470506498,4.5918068851495155,4.5918068851495155
7,random_walk_accel,180,0.5,983.923947042258,709.6049366690496,983.8836120423607,708.8537340408568,-0.04033499989725442,-0.7512026281928001,0.752284720581564,0.00037614234255152425,0.37614234255152423,0.02689430278445734,0.0,0.02689430278445734,0.16399482548073688,0.16399482548073688
7,random_walk_accel,180,1.0,981.6258692971091,735.5599745999587,983.4843966744439,736.5423341765504,1.8585273773347808,0.9823595765917617,2.1021784772051215,0.0010510888515256856,1.0510888515256855,0.18193710370231111,0.0,0.18193710370231111,0.4265408581863068,0.4265408581863068
7,random_walk_accel,180,2.0,984.0770187880197,798.7761611873032,982.6859659386105,791.9195344479376,-1.3910528494092205,-6.856626739365538,6.99631033279914,0.003498140897424971,3.498140897424971,1.3805569519945013,0.0,1.3805569519945013,1.1749710430451048,1.1749710430451048
7,random_walk_accel,180,3.0,978.7000642898143,859.5244502577731,981.887535202777,847.2967347193248,3.187470912962681,-12.227715538448251,12.636336419634924,0.006318084139653289,6.318084139653289,4.597222462228669,0.0,4.597222462228669,2.144113444346793,2.144113444346793
7,random_walk_accel,180,4.0,976.1236172337494,934.2275033677067,981.0891044669436,902.673934990712,4.965487233194153,-31.55356837699469,31.941880670754085,0.015969582635594403,15.969582635594403,10.831933634404812,0.0,10.831933634404812,3.291190306622334,3.291190306622334
7,random_walk_accel,180,5.0,975.1409224743471,1014.135699934294,980.2906737311101,958.0511352620993,5.149751256763011,-56.0845646721948,56.32049655743576,0.028152808130036216,28.152808130036217,21.084690468522933,0.0,21.084690468522933,4.5918068849335265,4.5918068849335265
7,random_walk_accel,195,0.5,981.6258692971091,735.5599745999587,984.3984129640165,739.2199395369097,2.7725436669073815,3.6599649369510416,4.591551124034151,0.00229577152866942,2.29577152866942,0.02689430276953758,0.0,0.02689430276953758,0.16399482543524835,0.16399482543524835
7,random_walk_accel,195,1.0,982.3412993935668,766.191370220379,984.2799237924097,767.7616132514167,1.938624398842876,1.5702430310377622,2.4947800977864882,0.0012473894019217212,1.247389401921721,0.18193710366303087,0.0,0.18193710366303087,0.4265408581402617,0.4265408581402617
7,random_walk_accel,195,2.0,981.9543528555731,829.0064894551534,984.042945449196,824.8449606804309,2.088592593622934,-4.161528774722569,4.656236759979082,0.0023281141737644334,2.3281141737644333,1.3805569518716465,0.0,1.3805569518716465,1.1749710429928248,1.1749710429928248
7,random_walk_accel,195,3.0,976.5882354311541,894.1031309862333,983.8059671059824,881.928308109445,7.217731674828315,-12.174822876788312,14.15351414352591,0.00707663893949048,7.07663893949048,4.597222461975768,0.0,4.597222461975768,2.1441134442878176,2.1441134442878176
7,random_walk_accel,195,4.0,976.6619313409783,975.3404970349023,983.5689887627688,939.0116555384592,6.907057421790455,-36.32884149644315,36.97961826062568,0.018487702506652205,18.487702506652205,10.831933633975394,0.0,10.831933633975394,3.2911903065570964,3.2911903065570964
7,random_walk_accel,195,5.0,972.3066627745119,1045.0,983.3320104195551,996.0950029674733,11.025347645043212,-48.904997032526694,50.13239497017377,0.02506094964690891,25.06094964690891,21.084690467870526,0.0,21.084690467870526,4.591806884862486,4.591806884862486
7,random_walk_accel,210,0.5,982.3412993935668,766.191370220379,980.7241199332058,762.5663292834067,-1.6171794603610579,-3.6250409369722547,3.969406908057974,0.0019847008480878875,1.9847008480878876,0.026894302767915317,0.0,0.026894302767915317,0.16399482543030228,0.16399482543030228
7,random_walk_accel,210,1.0,984.0770187880197,798.7761611873032,979.2395590599903,789.1506385206509,-4.837459728029444,-9.625522666652273,10.772729608903372,0.005386312713957649,5.386312713957649,0.18193710365973767,0.0,0.18193710365973767,0.42654085813640136,0.42654085813640136
7,random_walk_accel,210,2.0,978.7000642898143,859.5244502577731,976.270437313559,842.3192569951391,-2.4296269762553493,-17.205193262633998,17.3758960185751,0.008687729429138662,8.687729429138662,1.3805569518632097,0.0,1.3805569518632097,1.1749710429892346,1.1749710429892346
7,random_walk_accel,210,3.0,976.1236172337494,934.2275033677067,973.3013155671279,895.4878754696274,-2.82230166662157,-38.739627898079334,38.84229854654667,0.019418708062628777,19.418708062628777,4.5972224619597855,0.0,4.5972224619597855,2.1441134442840903,2.1441134442840903
7,random_walk_accel,210,4.0,975.1409224743471,1014.135699934294,970.3321938206966,948.6564939441156,-4.808728653650519,-65.47920599017846,65.6555427086599,0.03281598655324414,32.815986553244144,10.831933633949463,0.0,10.831933633949463,3.291190306553157,3.291190306553157
7,random_walk_accel,210,5.0,972.7765112265486,1045.0,967.3630720742655,1001.8251124186039,-5.413439152283104,-43.17488758139609,43.51294337460593,0.02175303989635236,21.75303989635236,21.084690467832246,0.0,21.084690467832246,4.591806884858317,4.591806884858317
7,random_walk_accel,225,0.5,984.0770187880197,798.7761611873032,980.2347592608361,792.3913248761079,-3.8422595271836144,-6.384836311195272,7.451784551031444,0.0037258750343744417,3.725875034374442,0.026894302767890305,0.0,0.026894302767890305,0.163994825430226,0.163994825430226
7,random_walk_accel,225,1.0,981.9543528555731,829.0064894551534,979.2348593808322,820.3494420387977,-2.7194934747409434,-8.657047416355681,9.074145399330405,0.004537041568125823,4.537041568125823,0.18193710365965376,0.0,0.18193710365965376,0.426540858136303,0.426540858136303
7,random_walk_accel,225,2.0,976.5882354311541,894.1031309862333,977.2350596208244,876.2656763641772,0.6468241896702693,-17.837454622056043,17.84917838238643,0.008924352259753174,8.924352259753174,1.380556951862837,0.0,1.380556951862837,1.1749710429890758,1.1749710429890758
7,random_walk_accel,225,3.0,976.6619313409783,975.3404970349023,975.2352598608165,932.1819106895568,-1.4266714801617582,-43.1585863453455,43.18216028455443,0.021587726008325234,21.587726008325234,4.5972224619588955,0.0,4.5972224619588955,2.144113444283883,2.144113444283883
7,random_walk_accel,225,4.0,972.3066627745119,1045.0,973.2354601008087,988.0981450149364,0.9287973262968308,-56.90185498506355,56.909434764496986,0.028447041458284656,28.447041458284655,10.831933633947829,0.0,10.831933633947829,3.2911903065529087,3.2911903065529087
7,random_walk_accel,225,5.0,975.9673006292355,1045.0,971.2356603408009,1044.014379340316,-4.731640288434619,-0.9856206596839456,4.833204723983194,0.0024165976577154176,2.4165976577154176,21.084690467829635,0.0,21.084690467829635,4.591806884858033,4.591806884858033
7,random_walk_accel,240,0.5,981.9543528555731,829.0064894551534,984.2736033091935,828.3748415296199,2.319250453620384,-0.6316479255335707,2.4037266417896235,0.0012018627422079626,1.2018627422079626,0.02689430276784422,0.0,0.02689430276784422,0.1639948254300855,0.1639948254300855
7,random_walk_accel,240,1.0,978.7000642898143,859.5244502577731,985.1927272409254,859.4126662680052,6.492662951111015,-0.1117839897679005,6.493625170665306,0.003246801176330542,3.2468011763305418,0.18193710365951557,0.0,0.18193710365951557,0.426540858136141,0.426540858136141
7,random_walk_accel,240,2.0,976.1236172337494,934.2275033677067,987.0309751043891,921.4883157447757,10.907357870639657,-12.739187622931013,16.77072917348687,0.008385168057911209,8.385168057911208,1.3805569518623655,0.0,1.3805569518623655,1.1749710429888753,1.1749710429888753
7,random_walk_accel,240,3.0,975.1409224743471,1014.135699934294,988.8692229678528,983.5639652215464,13.728300493505685,-30.571734712747684,33.51264235757321,0.016754753194814467,16.754753194814466,4.597222461957892,0.0,4.597222461957892,2.144113444283649,2.144113444283649
7,random_walk_accel,240,4.0,972.7765112265486,1045.0,990.7074708313165,1045.639614698317,17.930959604767963,0.6396146983170183,17.942363816123102,0.008970941246481897,8.970941246481898,10.831933633946095,0.0,10.831933633946095,3.2911903065526453,3.2911903065526453
7,random_walk_accel,240,5.0,977.6264046432415,1045.0,992.5457186947802,1107.7152641750877,14.919314051538777,62.71526417508767,64.46541935270007,0.032221553931168045,32.221553931168046,21.084690467826974,0.0,21.084690467826974,4.591806884857744,4.591806884857744
7,random_walk_accel,255,0.5,978.7000642898143,859.5244502577731,983.6922689750724,861.3437732263475,4.992204685258002,1.8193229685743972,5.313383449695148,0.002656685474554307,2.656685474554307,0.026894302767832824,0.0,0.026894302767832824,0.16399482543005076,0.16399482543005076
7,random_walk_accel,255,1.0,976.5882354311541,894.1031309862333,983.9017525233515,893.0065878117722,7.313517092197458,-1.0965431744610896,7.395264646469494,0.0036976154714324144,3.6976154714324143,0.18193710365948879,0.0,0.18193710365948879,0.4265408581361096,0.4265408581361096
7,random_walk_accel,255,2.0,976.6619313409783,975.3404970349023,984.3207196199098,956.3322169826217,7.6587882789315245,-19.00828005228061,20.49321225302241,0.010246247542009354,10.246247542009353,1.3805569518622884,0.0,1.3805569518622884,1.1749710429888425,1.1749710429888425
7,random_walk_accel,255,3.0,972.3066627745119,1045.0,984.7396867164682,1019.6578461534714,12.433023941956321,-25.342153846528618,28.227731859332664,0.014112928875263917,14.112928875263917,4.597222461957738,0.0,4.597222461957738,2.144113444283613,2.144113444283613
7,random_walk_accel,255,4.0,975.9673006292355,1045.0,985.1586538130266,1082.9834753243208,9.19135318379108,37.98347532432081,39.07973094920785,0.019537379229279287,19.53737922927929,10.83193363394584,0.0,10.83193363394584,3.2911903065526062,3.2911903065526062
7,random_walk_accel,255,5.0,977.3226355805675,1045.0,985.5776209095849,1146.3091044951705,8.254985329017359,101.30910449517046,101.64486920841435,0.05077874553292655,50.77874553292655,21.08469046782659,0.0,21.08469046782659,4.591806884857702,4.591806884857702
7,random_walk_accel,270,0.5,976.5882354311541,894.1031309862333,977.2440739592762,890.1364408163582,0.6558385281221035,-3.9666901698750507,4.020541639972496,0.002010268112031527,2.0102681120315267,0.026894302767832362,0.0,0.026894302767832362,0.16399482543004934,0.16399482543004934
7,random_walk_accel,270,1.0,976.1236172337494,934.2275033677067,974.9250252998961,920.7387865415267,-1.1985919338533222,-13.488716826180053,13.541864873080485,0.006770828967066571,6.770828967066572,0.18193710365948806,0.0,0.18193710365948806,0.42654085813610876,0.42654085813610876
7,random_walk_accel,270,2.0,975.1409224743471,1014.135699934294,970.2869279811359,981.9434779918635,-4.853994493211189,-32.19222194243059,32.55611180916471,0.016276618373269186,16.276618373269187,1.3805569518622869,0.0,1.3805569518622869,1.1749710429888418,1.1749710429888418
7,random_walk_accel,270,3.0,972.7765112265486,1045.0,965.6488306623758,1043.1481694422002,-7.127680564172806,-1.851830557799758,7.36431304601371,0.0036821398819099484,3.6821398819099485,4.5972224619577355,0.0,4.5972224619577355,2.1441134442836125,2.1441134442836125
7,random_walk_accel,270,4.0,977.6264046432415,1045.0,961.0107333436156,1104.352860892537,-16.615671299625888,59.35286089253691,61.63475179528225,0.03080762558958212,30.80762558958212,10.831933633945834,0.0,10.831933633945834,3.2911903065526054,3.2911903065526054
7,random_walk_accel,270,5.0,973.3116793540468,1045.0,956.3726360248554,1165.5575523428738,-16.93904332919135,120.5575523428738,121.74175378978643,0.06079586271022533,60.79586271022533,21.084690467826583,0.0,21.084690467826583,4.591806884857701,4.591806884857701
7,random_walk_accel,285,0.5,976.1236172337494,934.2275033677067,973.7930568210722,924.6415952366502,-2.330560412677187,-9.585908131056499,9.865148074620734,0.004932534034247614,4.932534034247614,0.026894302767832282,0.0,0.026894302767832282,0.16399482543004912,0.16399482543004912
7,random_walk_accel,285,1.0,976.6619313409783,975.3404970349023,971.0845512938811,956.8458393526477,-5.577380047097222,-18.494657682254683,19.317337574664382,0.009658368452116746,9.658368452116745,0.18193710365948776,0.0,0.18193710365948776,0.4265408581361084,0.4265408581361084
7,random_walk_accel,285,2.0,972.3066627745119,1045.0,965.6675402394987,1021.2543275846427,-6.6391225350131435,-23.745672415357262,24.656336031381024,0.012327543512332312,12.327543512332312,1.3805569518622858,0.0,1.3805569518622858,1.1749710429888414,1.1749710429888414
7,random_walk_accel,285,3.0,975.9673006292355,1045.0,960.2505291851163,1085.6628158166377,-15.716771444119217,40.6628158166377,43.59451220927335,0.02179380498158063,21.793804981580628,4.597222461957733,0.0,4.597222461957733,2.1441134442836116,2.1441134442836116
7,random_walk_accel,285,4.0,977.3226355805675,1045.0,954.833518130734,1150.0713040486328,-22.489117449833543,105.07130404863278,107.45110207974902,0.053673948611323595,53.673948611323596,10.83193363394583,0.0,10.83193363394583,3.291190306552605,3.291190306552605
7,random_walk_accel,285,5.0,964.624156229123,1045.0,949.4165070763516,1214.4797922806279,-15.207649152771296,169.47979228062786,170.16072573963285,0.08487596039492089,84.87596039492088,21.084690467826576,0.0,21.084690467826576,4.5918068848577,4.5918068848577
8,random_walk_accel,60,0.5,977.8826600568882,518.212861462121,981.1320726033111,517.8885332395569,3.2494125464229455,-0.3243282225641906,3.265558251325874,0.001632777674686469,1.632777674686469,0.026905574491387148,0.0,0.026905574491387148,0.16402918792515905,0.16402918792515905
8,random_walk_accel,60,1.0,979.4247601717656,509.4027196486299,985.8300816397845,510.736295968736,6.405321468018883,1.33357632010609,6.542672917868604,0.003271324789451768,3.2713247894517683,0.1819731994633959,0.0,0.1819731994633959,0.4265831682842115,0.4265831682842115
8,random_walk_accel,60,2.0,993.4804940395682,489.8491026224447,995.2260997127308,496.4318214270943,1.745605673162686,6.5827188046495735,6.810236855445255,0.0034051052672227065,3.4051052672227065,1.3806867190559946,0.0,1.3806867190559946,1.1750262631345711,1.1750262631345711
8,random_walk_accel,60,3.0,1021.9934566822386,476.1289686785184,1004.6221177856773,482.1273468854526,-17.37133889656127,5.9983782069342055,18.37781151749592,0.009188647147067526,9.188647147067526,4.597504598180035,0.0,4.597504598180035,2.144179236486548,2.144179236486548
8,random_walk_accel,60,4.0,1048.6416726539617,468.81583249525903,1014.0181358586237,467.8228723438109,-34.62353679533794,-0.9929601514481305,34.637772302509354,0.017317154898535327,17.31715489853533,10.832426836835518,0.0,10.832426836835518,3.2912652334376697,3.2912652334376697
8,random_walk_accel,60,5.0,1079.1613106984385,457.5209544974085,1023.4141539315702,453.5183978021692,-55.747156766868216,-4.002556695239321,55.890660648165415,0.027938059174845403,27.938059174845403,21.08545343502244,0.0,21.08545343502244,4.591889963296425,4.591889963296425
8,random_walk_accel,75,0.5,979.4247601717656,509.4027196486299,981.7984571684874,510.3383413070758,2.373696996721833,0.9356216584458821,2.551435932959962,0.0012757172744222302,1.2757172744222303,0.026898992663005855,0.0,0.026898992663005855,0.1640091237187915,0.1640091237187915
8,random_walk_accel,75,1.0,983.6999256419678,498.7363245717309,984.9347909242495,503.12484317644635,1.234865282281703,4.388518604715443,4.558945909891699,0.002279469006913316,2.279469006913316,0.181949164069561,0.0,0.181949164069561,0.42655499536350644,0.42655499536350644
8,random_walk_accel,75,2.0,1006.0231631682523,482.07822741328994,991.2074584357733,488.69784691518754,-14.815704732478935,6.619619501897603,16.227275466630307,0.008113459697068266,8.113459697068265,1.3805941441614513,0.0,1.3805941441614513,1.1749868697825738,1.1749868697825738
8,random_walk_accel,75,3.0,1037.7828736090994,473.0353619057174,997.4801259472973,474.2708506539287,-40.30274766180207,1.235488748211253,40.32168029159808,0.020158109290254383,20.158109290254384,4.5972986406250484,0.0,4.5972986406250484,2.144131208817466,2.144131208817466
8,random_walk_accel,75,4.0,1061.0336457033013,463.2196778358254,1003.7527934588212,459.8438543926698,-57.280852244480116,-3.375823443155582,57.380242399046395,0.02868225325153341,28.68225325153341,10.832062653460351,0.0,10.832062653460351,3.291209907231739,3.291209907231739
8,random_walk_accel,75,5.0,1095.9073256475644,447.9835283570906,1010.0254609703452,445.416858131411,-85.88186467721926,-2.5666702256796157,85.92020994203628,0.04293370556219903,42.93370556219903,21.08488618266736,0.0,21.08488618266736,4.5918281961183345,4.5918281961183345
8,random_walk_accel,90,0.5,983.6999256419678,498.7363245717309,982.1470847925459,503.321555873774,-1.552840849421841,4.585231302043098,4.841039226950035,0.002420514886285251,2.420514886285251,0.026894777890408124,0.0,0.026894777890408124,0.16399627401379618,0.16399627401379618
8,random_walk_accel,90,1.0,993.4804940395682,489.8491026224447,984.2076789139718,496.0692257401142,-9.272815125596367,6.220123117669459,11.165797416774799,0.005582840705465885,5.582840705465885,0.18193808888525917,0.0,0.18193808888525917,0.4265420130365345,0.4265420130365345
8,random_walk_accel,90,2.0,1021.9934566822386,476.1289686785184,988.3288671568238,481.5645654727946,-33.66458952541484,5.435596794276194,34.100590910197084,0.01704864349813641,17.04864349813641,1.380559551442633,0.0,1.380559551442633,1.174972149219986,1.174972149219986
8,random_walk_accel,90,3.0,1048.6416726539617,468.81583249525903,992.4500553996756,467.059905205475,-56.19161725428603,-1.7559272897840401,56.21904597464443,0.02810212295960245,28.10212295960245,4.597227468090236,0.0,4.597227468090236,2.144114611696454,2.144114611696454
8,random_walk_accel,90,4.0,1079.1613106984385,457.5209544974085,996.5712436425275,452.5552449381554,-82.59006705591094,-4.965709559253128,82.73921348264511,0.04134603035299328,41.34603035299328,10.831941838828067,0.0,10.831941838828067,3.2911915530439835,3.2911915530439835
8,random_walk_accel,90,5.0,1111.3770810068227,434.86660973796575,1000.6924318853795,438.0505846708358,-110.68464912144316,3.1839749328700577,110.73043505518315,0.05530875087514863,55.30875087514863,21.084702663656127,0.0,21.084702663656127,4.59180821285647,4.59180821285647
8,random_walk_accel,105,0.5,993.4804940395682,489.8491026224447,984.7496288026263,490.0048710483147,-8.730865236941895,0.15576842587000783,8.732254668076195,0.004366099590428152,4.366099590428152,0.02689432630076509,0.0,0.02689432630076509,0.1639948971790436,0.1639948971790436
8,random_walk_accel,105,1.0,1006.0231631682523,482.07822741328994,987.1400961891918,480.43941673540337,-18.88306697906046,-1.6388106778865676,18.954047561764703,0.009476740073096788,9.476740073096789,0.18193717492667874,0.0,0.18193717492667874,0.4265409416769728,0.4265409416769728
8,random_walk_accel,105,2.0,1037.7828736090994,473.0353619057174,991.9210309623229,461.30850810958054,-45.861842646776495,-11.72685379613688,47.33738174966648,0.02366427257163717,23.66427257163717,1.3805572158828643,0.0,1.3805572158828643,1.174971155340787,1.174971155340787
8,random_walk_accel,105,3.0,1061.0336457033013,463.2196778358254,996.7019657354541,442.1775994837577,-64.33167996784721,-21.042078352067676,67.68555317687866,0.03382986503787072,33.82986503787072,4.597223048444861,0.0,4.597223048444861,2.144113581050421,2.144113581050421
8,random_walk_accel,105,4.0,1095.9073256475644,447.9835283570906,1001.4829005085852,423.04669085793495,-94.42442513897925,-24.936837499155672,97.66175263267597,0.04879212008143864,48.79212008143864,10.831934672612668,0.0,10.831934672612668,3.291190464347615,3.291190464347615
8,random_walk_accel,105,5.0,1124.461462260325,423.8595114793903,1006.2638352817163,403.9157822321122,-118.19762697860881,-19.9437292472781,119.86839182896836,0.059862586822780985,59.86258682278098,21.084692088386284,0.0,21.084692088386284,4.591807061319789,4.591807061319789
8,random_walk_accel,120,0.5,1006.0231631682523,482.07822741328994,996.9787831139147,479.762817691952,-9.04438005433758,-2.3154097213379146,9.336055523879748,0.00466799385618968,4.66799385618968,0.02689431924017275,0.0,0.02689431924017275,0.16399487565217624,0.16399487565217624
8,random_walk_accel,120,1.0,1021.9934566822386,476.1289686785184,1003.2517280428598,469.9962263865799,-18.741728639378834,-6.132742291938484,19.719607511597275,0.00985948426509388,9.859484265093881,0.18193715068894867,0.0,0.18193715068894867,0.42654091326500987,0.42654091326500987
8,random_walk_accel,120,2.0,1048.6416726539617,468.81583249525903,1015.7976179007502,450.4630437758356,-32.84405475321148,-18.352788719423415,37.62388584944077,0.018809724281337634,18.809724281337633,1.38055710781602,0.0,1.38055710781602,1.1749711093537663,1.1749711093537663
8,random_walk_accel,120,3.0,1079.1613106984385,457.5209544974085,1028.3435077586405,430.9298611650914,-50.81780293979796,-26.591093332317143,57.35447096989161,0.028669378130006244,28.669378130006244,4.5972227905824505,0.0,4.5972227905824505,2.1441135209177826,2.1441135209177826
8,random_walk_accel,120,4.0,1111.3770810068227,434.86660973796575,1040.889397616531,411.3966785543471,-70.48768339029175,-23.469931183618655,74.2923359404845,0.037129096872389335,37.12909687238933,10.83193419898824,0.0,10.83193419898824,3.2911903923942534,3.2911903923942534
8,random_walk_accel,120,5.0,1130.511606514451,413.519806008649,1053.435287474421,391.86349594360286,-77.07631904002983,-21.65631006504617,80.06094380154336,0.04000911030987169,40.009110309871694,21.084691333033387,0.0,21.084691333033387,4.59180697906972,4.59180697906972
8,random_walk_accel,135,0.5,1021.9934566822386,476.1289686785184,1014.507965740094,472.54175769813224,-7.4854909421445655,-3.5872109803861463,8.300641978951464,0.004150297159735012,4.150297159735012,0.026894306131107992,0.0,0.026894306131107992,0.16399483568426168,0.16399483568426168
8,random_walk_accel,135,1.0,1037.7828736090994,473.0353619057174,1025.0953554879245,463.7856626012786,-12.68751812117489,-9.24969930443882,15.701275530913952,0.007850476486575386,7.850476486575387,0.1819371114838094,0.0,0.1819371114838094,0.42654086730793966,0.42654086730793966
8,random_walk_accel,135,2.0,1061.0336457033013,463.2196778358254,1046.2701349835856,446.2734724075714,-14.763510719715669,-16.946205428254018,22.475211393616423,0.011237132690198954,11.237132690198955,1.3805569742960409,0.0,1.3805569742960409,1.1749710525353554,1.1749710525353554
8,random_walk_accel,135,3.0,1095.9073256475644,447.9835283570906,1067.4449144792466,428.7612822138642,-28.462411168317885,-19.222246143226414,34.34535771112552,0.017170991074711532,17.170991074711534,4.597222506584044,0.0,4.597222506584044,2.1441134546903164,2.1441134546903164
8,random_walk_accel,135,4.0,1124.461462260325,423.8595114793903,1088.6196939749077,411.249092020157,-35.8417682854174,-12.610419459233299,37.99546068628939,0.018995445323856146,18.995445323856146,10.831933708347819,0.0,10.831933708347819,3.2911903178558086,3.2911903178558086
8,random_walk_accel,135,5.0,1132.745002195925,404.1790982332797,1109.7944734705686,393.73690182644975,-22.950528725356435,-10.442196406829964,25.21440529880139,0.012606534776944742,12.606534776944741,21.084690579587363,0.0,21.084690579587363,4.591806897027287,4.591806897027287
8,random_walk_accel,150,0.5,1037.7828736090994,473.0353619057174,1033.828042000879,467.9019244121696,-3.954831608220502,-5.133437493547831,6.480190857493519,0.0032400840904083764,3.2400840904083763,0.026894302934260268,0.0,0.026894302934260268,0.1639948259374675,0.1639948259374675
8,random_walk_accel,150,1.0,1048.6416726539617,468.81583249525903,1047.8063485854514,460.7556247845131,-0.8353240685103174,-8.060207710745942,8.103376743049836,0.004051666200663233,4.051666200663234,0.18193710398793245,0.0,0.18193710398793245,0.42654085852111806,0.42654085852111806
8,random_walk_accel,150,2.0,1079.1613106984385,457.5209544974085,1075.7629617545963,446.46302552920014,-3.3983489438421657,-11.057928968208387,11.568343382267633,0.0057841071861078775,5.784107186107877,1.3805569527522947,0.0,1.3805569527522947,1.174971043367578,1.174971043367578
8,random_walk_accel,150,3.0,1111.3770810068227,434.86660973796575,1103.7195749237412,432.1704262738872,-7.657506083081444,-2.6961834640785582,8.118300603229715,0.0040591280080330755,4.059128008033076,4.597222463726014,0.0,4.597222463726014,2.144113444695969,2.144113444695969
8,random_walk_accel,150,4.0,1130.511606514451,413.519806008649,1131.676188092886,417.8778270185742,1.1645815784349907,4.358021009925153,4.510941961029778,0.0022554671558873236,2.2554671558873234,10.83193363690909,0.0,10.83193363690909,3.2911903070027857,3.2911903070027857
8,random_walk_accel,150,5.0,1132.7597239181262,398.24471559779244,1159.6328012620309,403.5852277632612,26.873077343904697,5.340512165468738,27.3986013533721,0.013698443786754558,13.698443786754558,21.084690472301524,0.0,21.084690472301524,4.591806885344975,4.591806885344975
8,random_walk_accel,165,0.5,1048.6416726539617,468.81583249525903,1053.884856344564,466.5689697953863,5.243183690602336,-2.246862699872736,5.7043288128821725,0.002852156672510089,2.852156672510089,0.02689430280725899,0.0,0.02689430280725899,0.1639948255502563,0.1639948255502563
8,random_walk_accel,165,1.0,1061.0336457033013,463.2196778358254,1070.0907511833414,461.7031032031502,9.057105480040036,-1.5165746326752014,9.183199785099156,0.004591567625046303,4.591567625046303,0.18193710378596373,0.0,0.18193710378596373,0.42654085828436616,0.42654085828436616
8,random_walk_accel,165,2.0,1095.9073256475644,447.9835283570906,1102.5025408608963,451.97137001867793,6.595215213331812,3.9878416615873107,7.707122992923807,0.0038535424215843956,3.8535424215843954,1.3805569523176144,0.0,1.3805569523176144,1.174971043182603,1.174971043182603
8,random_walk_accel,165,3.0,1124.461462260325,423.8595114793903,1134.9143305384514,442.2396368342057,10.452868278126289,18.380125354815448,21.144537434018,0.010571874845832207,10.571874845832207,4.597222462948253,0.0,4.597222462948253,2.144113444514598,2.144113444514598
8,random_walk_accel,165,4.0,1132.745002195925,404.1790982332797,1167.3261202160063,432.5079036497335,34.58111802008125,28.328805416453804,44.703187132933714,0.022347872443129066,22.347872443129067,10.831933635677881,0.0,10.831933635677881,3.2911903068157393,3.2911903068157393
8,random_walk_accel,165,5.0,1131.8440475319721,393.17617357652324,1199.7379098935612,422.7761704652613,67.89386236158907,29.599996888738076,74.0657570148831,0.03701596304031171,37.01596304031171,21.084690470506498,0.0,21.084690470506498,4.5918068851495155,4.5918068851495155
8,random_walk_accel,180,0.5,1061.0336457033013,463.2196778358254,1064.9230393395812,465.63235250440357,3.8893936362799195,2.412674668578177,4.576940234953211,0.002288466122510324,2.2884661225103238,0.02689430278445734,0.0,0.02689430278445734,0.16399482548073688,0.16399482548073688
8,random_walk_accel,180,1.0,1079.1613106984385,457.5209544974085,1079.0046342748692,462.1715439215142,-0.1566764235692517,4.6505894241057035,4.653227857445438,0.002326609730646628,2.326609730646628,0.18193710370231111,0.0,0.18193710370231111,0.4265408581863068,0.4265408581863068
8,random_walk_accel,180,2.0,1111.3770810068227,434.86660973796575,1107.167824145445,455.2499267557356,-4.209256861377753,20.383317017769855,20.81339607012661,0.010406322379880113,10.406322379880113,1.3805569519945013,0.0,1.3805569519945013,1.1749710430451048,1.1749710430451048
8,random_walk_accel,180,3.0,1130.511606514451,413.519806008649,1135.3310140160208,448.32830958995703,4.819407501569913,34.808503581308,35.14055506442834,0.017568469799671898,17.5684697996719,4.597222462228669,0.0,4.597222462228669,2.144113444346793,2.144113444346793
8,random_walk_accel,180,4.0,1132.7597239181262,398.24471559779244,1163.4942038865966,441.4066924241784,30.734479968470396,43.16197682638597,52.9864558400898,0.02648703207526535,26.48703207526535,10.831933634404812,0.0,10.831933634404812,3.291190306622334,3.291190306622334
8,random_walk_accel,180,5.0,1130.2461476375586,385.6903515071189,1191.6573937571725,434.4850752583998,61.41124611961391,48.794723751280856,78.43638324099095,0.03919810342581458,39.19810342581458,21.084690468522933,0.0,21.084690468522933,4.5918068849335265,4.5918068849335265
8,random_walk_accel,195,0.5,1079.1613106984385,457.5209544974085,1072.6892621144195,459.1216650969421,-6.472048584018921,1.6007105995335564,6.667059869039756,0.003333517586738607,3.333517586738607,0.02689430276953758,0.0,0.02689430276953758,0.16399482543524835,0.16399482543524835
8,random_walk_accel,195,1.0,1095.9073256475644,447.9835283570906,1084.4718004876752,454.4769423559434,-11.435525159889266,6.493413998852759,13.150500410363,0.006575155449702748,6.5751554497027485,0.18193710366303087,0.0,0.18193710366303087,0.4265408581402617,0.4265408581402617
8,random_walk_accel,195,2.0,1124.461462260325,423.8595114793903,1108.0368772341862,445.1874968739461,-16.424585026138857,21.32798539455581,26.91932306487759,0.013458848825516673,13.458848825516673,1.3805569518716465,0.0,1.3805569518716465,1.1749710429928248,1.1749710429928248
8,random_walk_accel,195,3.0,1132.745002195925,404.1790982332797,1131.6019539806973,435.89805139194874,-1.1430482152277364,31.718953158669024,31.739542351838896,0.01586843911183066,15.86843911183066,4.597222461975768,0.0,4.597222461975768,2.1441134442878176,2.1441134442878176
8,random_walk_accel,195,4.0,1131.8440475319721,393.17617357652324,1155.1670307272084,426.6086059099514,23.322983195236247,33.43243233342815,40.76382068519246,0.020379088679390076,20.379088679390076,10.831933633975394,0.0,10.831933633975394,3.2911903065570964,3.2911903065570964
8,random_walk_accel,195,5.0,1129.8631604900977,376.94252223171264,1178.7321074737192,417.3191604279541,48.86894698362153,40.37663819624146,63.39122093254078,0.03168500293212967,31.68500293212967,21.084690467870526,0.0,21.084690467870526,4.591806884862486,4.591806884862486
8,random_walk_accel,210,0.5,1095.9073256475644,447.9835283570906,1091.1789101868712,452.6552617608624,-4.728415460693213,4.671733403771782,6.647029845339924,0.0033235026858444787,3.323502685844479,0.026894302767915317,0.0,0.026894302767915317,0.16399482543030228,0.16399482543030228
8,random_walk_accel,210,1.0,1111.3770810068227,434.86660973796575,1105.6813631554867,447.30267765714905,-5.695717851335985,12.436067919183301,13.678340072266353,0.006839063406783311,6.839063406783311,0.18193710365973767,0.0,0.18193710365973767,0.42654085813640136,0.42654085813640136
8,random_walk_accel,210,2.0,1130.511606514451,413.519806008649,1134.6862690927178,436.5975094497223,4.174662578266862,23.077703441073254,23.452253703141324,0.011725589440409825,11.725589440409825,1.3805569518632097,0.0,1.3805569518632097,1.1749710429892346,1.1749710429892346
8,random_walk_accel,210,3.0,1132.7597239181262,398.24471559779244,1163.6911750299487,425.8923412422956,30.931451111822525,27.647625644503137,41.48669511616531,0.02074037313204023,20.74037313204023,4.5972224619597855,0.0,4.5972224619597855,2.1441134442840903,2.1441134442840903
8,random_walk_accel,210,4.0,1130.2461476375586,385.6903515071189,1192.6960809671796,415.18717303486886,62.44993332962099,29.496821527749944,69.06559674044698,0.03451908123323005,34.519081233230054,10.831933633949463,0.0,10.831933633949463,3.291190306553157,3.291190306553157
8,random_walk_accel,210,5.0,1134.1461580428359,372.8635591860907,1221.7009869044105,404.4820048274421,87.5548288615746,31.6184456413514,93.08906574756624,0.04651096523696565,46.51096523696565,21.084690467832246,0.0,21.084690467832246,4.591806884858317,4.591806884858317
8,random_walk_accel,225,0.5,1111.3770810068227,434.86660973796575,1112.9966223387144,442.53957498840055,1.6195413318916962,7.6729652504348,7.842022051746953,0.0039209909317563345,3.9209909317563345,0.026894302767890305,0.0,0.026894302767890305,0.163994825430226,0.163994825430226
8,random_walk_accel,225,1.0,1124.461462260325,423.8595114793903,1130.1849072983027,435.2620251216566,5.723445037977626,11.402513642266342,12.75833611662668,0.006379081529594643,6.379081529594643,0.18193710365965376,0.0,0.18193710365965376,0.426540858136303,0.426540858136303
8,random_walk_accel,225,2.0,1132.745002195925,404.1790982332797,1164.5614772174797,420.7069253881689,31.816475021554652,16.527827154889167,35.853272559964495,0.017924716323268638,17.924716323268637,1.380556951862837,0.0,1.380556951862837,1.1749710429890758,1.1749710429890758
8,random_walk_accel,225,3.0,1131.8440475319721,393.17617357652324,1198.9380471366565,406.1518256546811,67.09399960468431,12.97565207815785,68.33719579999446,0.034155310006308615,34.15531000630862,4.5972224619588955,0.0,4.5972224619588955,2.144113444283883,2.144113444283883
8,random_walk_accel,225,4.0,1129.8631604900977,376.94252223171264,1233.3146170558332,391.5967259211933,103.4514565657355,14.654203689480653,104.4842071862779,0.052194654235158865,52.194654235158865,10.831933633947829,0.0,10.831933633947829,3.2911903065529087,3.2911903065529087
8,random_walk_accel,225,5.0,1137.0880560657956,370.5503030435567,1267.6911869750102,377.04162618770556,130.60313090921454,6.491323144148851,130.7643494208234,0.06528924707688921,65.28924707688921,21.084690467829635,0.0,21.084690467829635,4.591806884858033,4.591806884858033
8,random_walk_accel,240,0.5,1124.461462260325,423.8595114793903,1128.0545653024024,426.03756050402717,3.593103042077246,2.1780490246368913,4.201700492027778,0.0021008471552709704,2.10084715527097,0.02689430276784422,0.0,0.02689430276784422,0.1639948254300855,0.1639948254300855
8,random_walk_accel,240,1.0,1130.511606514451,413.519806008649,1144.4103890089443,415.1829331330651,13.898782494493389,1.6631271244160644,13.997933656836794,0.006998852549061802,6.998852549061802,0.18193710365951557,0.0,0.18193710365951557,0.426540858136141,0.426540858136141
8,random_walk_accel,240,2.0,1132.7597239181262,398.24471559779244,1177.122036422028,393.47367839114105,44.362312503901876,-4.7710372066513855,44.61813047093189,0.022305365308045885,22.305365308045886,1.3805569518623655,0.0,1.3805569518623655,1.1749710429888753,1.1749710429888753
8,random_walk_accel,240,3.0,1130.2461476375586,385.6903515071189,1209.8336838351115,371.76442364921695,79.58753619755294,-13.925927857901968,80.79670404602089,0.040376396453237116,40.37639645323711,4.597222461957892,0.0,4.597222461957892,2.144113444283649,2.144113444283649
8,random_walk_accel,240,4.0,1134.1461580428359,372.8635591860907,1242.5453312481952,350.0551689072929,108.39917320535938,-22.808390278797788,110.77275576022951,0.05532984653826371,55.329846538263716,10.831933633946095,0.0,10.831933633946095,3.2911903065526453,3.2911903065526453
8,random_walk_accel,240,5.0,1139.9897966331018,363.02180508531706,1275.256978661279,328.3459141653688,135.2671820281771,-34.675890919948245,139.64106826050903,0.06970740862893858,69.70740862893858,21.084690467826974,0.0,21.084690467826974,4.591806884857744,4.591806884857744
8,random_walk_accel,255,0.5,1130.511606514451,413.519806008649,1141.1495024395053,411.0408136240876,10.637895925054409,-2.4789923845614226,10.922922363314807,0.0054614068819453555,5.461406881945355,0.026894302767832824,0.0,0.026894302767832824,0.16399482543005076,0.16399482543005076
8,random_walk_accel,255,1.0,1132.745002195925,404.1790982332797,1156.153901677801,398.7307923588735,23.408899481876006,-5.4483058744062305,24.034571180981455,0.012016707147899174,12.016707147899174,0.18193710365948879,0.0,0.18193710365948879,0.4265408581361096,0.4265408581361096
8,random_walk_accel,255,2.0,1131.8440475319721,393.17617357652324,1186.162700154393,374.11074982844536,54.318652622420814,-19.065423748077876,57.567407492512594,0.028775758580549787,28.775758580549788,1.3805569518622884,0.0,1.3805569518622884,1.1749710429888425,1.1749710429888425
8,random_walk_accel,255,3.0,1129.8631604900977,376.94252223171264,1216.1714986309846,349.4907072980172,86.30833814088692,-27.45181493369546,90.56893162556098,0.04525354915165464,45.25354915165464,4.597222461957738,0.0,4.597222461957738,2.144113444283613,2.144113444283613
8,random_walk_accel,255,4.0,1137.0880560657956,370.5503030435567,1246.1802971075765,324.87066476758906,109.09224104178088,-45.67963827596765,118.26980345185862,0.05906611565855997,59.06611565855997,10.83193363394584,0.0,10.83193363394584,3.2911903065526062,3.2911903065526062
8,random_walk_accel,255,5.0,1148.7449976612172,350.50866335575387,1276.1890955841682,300.2506222371609,127.44409792295096,-50.258041118592985,136.99587144316757,0.06839110628232296,68.39110628232297,21.08469046782659,0.0,21.08469046782659,4.591806884857702,4.591806884857702
8,random_walk_accel,270,0.5,1132.745002195925,404.1790982332797,1144.324525944824,402.1819658894956,11.579523748898964,-1.9971323437841306,11.750485430394091,0.00587517511512034,5.87517511512034,0.026894302767832362,0.0,0.026894302767832362,0.16399482543004934,0.16399482543004934
8,random_walk_accel,270,1.0,1132.7597239181262,398.24471559779244,1154.6524759738566,391.184025634274,21.892752055730398,-7.060689963518428,23.003172288504416,0.011501079016373454,11.501079016373454,0.18193710365948806,0.0,0.18193710365948806,0.42654085813610876,0.42654085813610876
8,random_walk_accel,270,2.0,1130.2461476375586,385.6903515071189,1175.3083760319216,369.18814512383096,45.062228394363046,-16.502206383287955,47.988824150862136,0.023989808883344153,23.989808883344153,1.3805569518622869,0.0,1.3805569518622869,1.1749710429888418,1.1749710429888418
8,random_walk_accel,270,3.0,1134.1461580428359,372.8635591860907,1195.964276089987,347.19226461338786,61.818118047151074,-25.671294572702834,66.93650038603742,0.03345576239047083,33.45576239047083,4.5972224619577355,0.0,4.5972224619577355,2.1441134442836125,2.1441134442836125
8,random_walk_accel,270,4.0,1139.9897966331018,363.02180508531706,1216.620176148052,325.19638410294476,76.63037951495016,-37.82542098237229,85.45746039462549,0.04270275473304751,42.702754733047506,10.831933633945834,0.0,10.831933633945834,3.2911903065526054,3.2911903065526054
8,random_walk_accel,270,5.0,1162.026769883203,333.8630519512258,1237.276076206117,303.2005035925017,75.24930632291398,-30.66254835872411,81.25669187169039,0.040606013487407715,40.606013487407715,21.084690467826583,0.0,21.084690467826583,4.591806884857701,4.591806884857701
8,random_walk_accel,285,0.5,1132.7597239181262,398.24471559779244,1140.2017136030722,392.94112563152487,7.441989684946066,-5.303589966267566,9.138450470464763,0.004569193437144514,4.569193437144515,0.026894302767832282,0.0,0.026894302767832282,0.16399482543004912,0.16399482543004912
8,random_walk_accel,285,1.0,1131.8440475319721,393.17617357652324,1144.9911054272807,382.6702947723656,13.147057895308535,-10.505878804157646,16.82910041417079,0.008414351619079908,8.414351619079907,0.18193710365948776,0.0,0.18193710365948776,0.4265408581361084,0.4265408581361084
8,random_walk_accel,285,2.0,1129.8631604900977,376.94252223171264,1154.569889075698,362.128633054047,24.70672858560033,-14.813889177665658,28.807529397202394,0.014402768713727502,14.402768713727502,1.3805569518622858,0.0,1.3805569518622858,1.1749710429888414,1.1749710429888414
8,random_walk_accel,285,3.0,1137.0880560657956,370.5503030435567,1164.1486727241152,341.58697133572844,27.060616658319532,-28.963331707828274,39.63775419402834,0.019816282836748154,19.816282836748154,4.597222461957733,0.0,4.597222461957733,2.1441134442836116,2.1441134442836116
8,random_walk_accel,285,4.0,1148.7449976612172,350.50866335575387,1173.7274563725325,321.0453096174099,24.982458711315303,-29.463353738343983,38.62916588244383,0.019312181690236973,19.312181690236972,10.83193363394583,0.0,10.83193363394583,3.291190306552605,3.291190306552605
8,random_walk_accel,285,5.0,1174.7759444255662,316.21235974212675,1183.3062400209496,300.50364789909133,8.53029559538345,-15.708711843035417,17.87539008559364,0.008937457066047793,8.937457066047793,21.084690467826576,0.0,21.084690467826576,4.5918068848577,4.5918068848577
9,random_walk_accel,60,0.5,998.3733709374541,557.6339427055497,995.2986786523155,555.9937912194322,-3.0746922851385534,-1.6401514861174746,3.4847997855980046,0.0017423981295182727,1.7423981295182727,0.026905574491387148,0.0,0.026905574491387148,0.16402918792515905,0.16402918792515905
9,random_walk_accel,60,1.0,1007.8423915455857,568.157281843915,1001.6582465752133,558.6647662261682,-6.184144970372358,-9.49251561774679,11.329232179090887,0.005664555502213408,5.664555502213408,0.1819731994633959,0.0,0.1819731994633959,0.4265831682842115,0.4265831682842115
9,random_walk_accel,60,2.0,1030.7578220419607,599.8137884073748,1014.3773824210087,564.0067162396404,-16.38043962095196,-35.80707216773442,39.37594721909549,0.01968543040779992,19.68543040779992,1.3806867190559946,0.0,1.3806867190559946,1.1750262631345711,1.1750262631345711
9,random_walk_accel,60,3.0,1046.6953840504832,649.0350521530889,1027.0965182668042,569.3486662531125,-19.598865783679003,-79.68638589997647,82.06117009771816,0.04100758316022669,41.007583160226694,4.597504598180035,0.0,4.597504598180035,2.144179236486548,2.144179236486548
9,random_walk_accel,60,4.0,1055.6851411473494,704.1802677788347,1039.8156541125998,574.6906162665846,-15.869487034749682,-129.48965151225013,130.458462613623,0.06513695318189097,65.13695318189097,10.832426836835518,0.0,10.832426836835518,3.2912652334376697,3.2912652334376697
9,random_walk_accel,60,5.0,1056.3088934015123,741.3281973635868,1052.5347899583953,580.0325662800567,-3.7741034431169282,-161.2956310835301,161.3397795443938,0.08049557991264791,80.49557991264791,21.08545343502244,0.0,21.08545343502244,4.591889963296425,4.591889963296425
9,random_walk_accel,75,0.5,1007.8423915455857,568.157281843915,1005.9080709310499,559.7800369368241,-1.9343206145357499,-8.377244907090926,8.597664128889825,0.004298805583994457,4.298805583994457,0.026898992663005855,0.0,0.026898992663005855,0.1640091237187915,0.1640091237187915
9,random_walk_accel,75,1.0,1020.2742179794864,582.5832695776324,1013.8834637941844,562.970762761707,-6.390754185301944,-19.612506815925485,20.62746137220181,0.010313365008475005,10.313365008475005,0.181949164069561,0.0,0.181949164069561,0.42655499536350644,0.42655499536350644
9,random_walk_accel,75,2.0,1039.0825437116755,621.5031550324562,1029.8342495204536,569.3522144114727,-9.24829419122193,-52.15094062098353,52.96462548815709,0.026476124552038963,26.476124552038964,1.3805941441614513,0.0,1.3805941441614513,1.1749868697825738,1.1749868697825738
9,random_walk_accel,75,3.0,1052.109208545391,678.3564616314488,1045.7850352467226,575.7336660612384,-6.324173298668484,-102.62279557021043,102.81747584217769,0.05136352093022602,51.36352093022602,4.5972986406250484,0.0,4.5972986406250484,2.144131208817466,2.144131208817466
9,random_walk_accel,75,4.0,1056.219442055987,725.4022637885606,1061.7358209729916,582.115117711004,5.516378917004658,-143.2871460775566,143.39329366259435,0.07157417431175071,71.57417431175071,10.832062653460351,0.0,10.832062653460351,3.291209907231739,3.291209907231739
9,random_walk_accel,75,5.0,1056.5702388063482,756.5894815926818,1077.6866066992607,588.4965693607697,21.11636789291242,-168.092912231912,169.41407301518402,0.08450530532581343,84.50530532581344,21.08488618266736,0.0,21.08488618266736,4.5918281961183345,4.5918281961183345
9,random_walk_accel,90,0.5,1020.2742179794864,582.5832695776324,1015.6616804731946,571.906557050309,-4.612537506291801,-10.676712527323502,11.630463990660699,0.0058151664455758445,5.815166445575844,0.026894777890408124,0.0,0.026894777890408124,0.16399627401379618,0.16399627401379618
9,random_walk_accel,90,1.0,1030.7578220419607,599.8137884073748,1024.359778196015,578.6693732661744,-6.398043845945722,-21.144415141200398,22.09120315234253,0.011045152401688277,11.045152401688277,0.18193808888525917,0.0,0.18193808888525917,0.4265420130365345,0.4265420130365345
9,random_walk_accel,90,2.0,1046.6953840504832,649.0350521530889,1041.755973641656,592.1950056979051,-4.939410408827143,-56.840046455183824,57.0542606315627,0.028519395659511858,28.519395659511858,1.380559551442633,0.0,1.380559551442633,1.174972149219986,1.174972149219986
9,random_walk_accel,90,3.0,1055.6851411473494,704.1802677788347,1059.152169087297,605.720638129636,3.4670279399474566,-98.45962964919875,98.52065242066637,0.049220539418619855,49.22053941861986,4.597227468090236,0.0,4.597227468090236,2.144114611696454,2.144114611696454
9,random_walk_accel,90,4.0,1056.3088934015123,741.3281973635868,1076.548364532938,619.2462705613668,20.239471131425717,-122.08192680221998,123.74826480974353,0.06179535347139214,61.79535347139214,10.831941838828067,0.0,10.831941838828067,3.2911915530439835,3.2911915530439835
9,random_walk_accel,90,5.0,1053.5462917317238,772.6762393698201,1093.9445599785788,632.7719029930977,40.39826824685497,-139.90433637672243,145.62020263121443,0.07268184602834682,72.68184602834683,21.084702663656127,0.0,21.084702663656127,4.59180821285647,4.59180821285647
9,random_walk_accel,105,0.5,1030.7578220419607,599.8137884073748,1029.770394160251,591.9483088231798,-0.9874278817096638,-7.865479584194986,7.927217854390389,0.0039635881710334995,3.9635881710334995,0.02689432630076509,0.0,0.02689432630076509,0.1639948971790436,0.1639948971790436
9,random_walk_accel,105,1.0,1039.0825437116755,621.5031550324562,1040.584582715771,603.8135916937354,1.5020390040954226,-17.68956333872086,17.753218645767898,0.00887637619214919,8.876376192149191,0.18193717492667874,0.0,0.18193717492667874,0.4265409416769728,0.4265409416769728
9,random_walk_accel,105,2.0,1052.109208545391,678.3564616314488,1062.2129598268107,627.5441574348463,10.10375128141959,-50.812304196602554,51.80710422060725,0.025897760732261625,25.897760732261624,1.3805572158828643,0.0,1.3805572158828643,1.174971155340787,1.174971155340787
9,random_walk_accel,105,3.0,1056.219442055987,725.4022637885606,1083.8413369378504,651.2747231759573,27.621894881863454,-74.1275406126033,79.1066454486465,0.039532715463665775,39.532715463665774,4.597223048444861,0.0,4.597223048444861,2.144113581050421,2.144113581050421
9,random_walk_accel,105,4.0,1056.5702388063482,756.5894815926818,1105.4697140488904,675.0052889170684,48.89947524254217,-81.5841926756134,95.11645059361501,0.047522418386517606,47.52241838651761,10.831934672612668,0.0,10.831934672612668,3.291190464347615,3.291190464347615
9,random_walk_accel,105,5.0,1048.469497947658,788.4913147460304,1127.0980911599302,698.7358546581793,78.62859321227211,-89.75546008785113,119.32517876007059,0.059591948053011656,59.591948053011656,21.084692088386284,0.0,21.084692088386284,4.591807061319789,4.591807061319789
9,random_walk_accel,120,0.5,1039.0825437116755,621.5031550324562,1042.9399376511692,613.2426220458406,3.8573939394937042,-8.260532986615658,9.116791827578831,0.004558364341254037,4.558364341254037,0.02689431924017275,0.0,0.02689431924017275,0.16399487565217624,0.16399487565217624
9,random_walk_accel,120,1.0,1046.6953840504832,649.0350521530889,1054.5524325538627,628.7406724712156,7.857048503379474,-20.29437968187335,21.76223926567511,0.010880690226301693,10.880690226301693,0.18193715068894867,0.0,0.18193715068894867,0.42654091326500987,0.42654091326500987
9,random_walk_accel,120,2.0,1055.6851411473494,704.1802677788347,1077.7774223592496,659.7367733219658,22.092281211900172,-44.44349445686896,49.63157350601953,0.02481069458806835,24.810694588068348,1.38055710781602,0.0,1.38055710781602,1.1749711093537663,1.1749711093537663
9,random_walk_accel,120,3.0,1056.3088934015123,741.3281973635868,1101.0024121646366,690.7328741727158,44.6935187631243,-50.595323190871,67.50849834071583,0.033741438632819726,33.74143863281972,4.5972227905824505,0.0,4.5972227905824505,2.1441135209177826,2.1441135209177826
9,random_walk_accel,120,4.0,1053.5462917317238,772.6762393698201,1124.2274019700235,721.7289750234659,70.68111023829965,-50.947264346354245,87.12888779788233,0.043536915489488494,43.53691548948849,10.83193419898824,0.0,10.83193419898824,3.2911903923942534,3.2911903923942534
9,random_walk_accel,120,5.0,1040.7855419114144,803.7678916037544,1147.4523917754102,752.725075874216,106.66684986399582,-51.04281572953835,118.2505217642097,0.05905650840521448,59.05650840521448,21.084691333033387,0.0,21.084691333033387,4.59180697906972,4.59180697906972
9,random_walk_accel,135,0.5,1046.6953840504832,649.0350521530889,1049.9715390613896,638.4158126467087,3.27615501090645,-10.619239506380268,11.113120144646816,0.005556502886452221,5.556502886452221,0.026894306131107992,0.0,0.026894306131107992,0.16399483568426168,0.16399483568426168
9,random_walk_accel,135,1.0,1052.109208545391,678.3564616314488,1059.792877276181,657.6746686771091,7.683668730789805,-20.6817929543397,22.062985404760894,0.01103104524684778,11.03104524684778,0.1819371114838094,0.0,0.1819371114838094,0.42654086730793966,0.42654086730793966
9,random_walk_accel,135,2.0,1056.219442055987,725.4022637885606,1079.4355537057636,696.1923807379102,23.21611164977662,-29.209883050650433,37.31226484639561,0.01865396844484721,18.653968444847212,1.3805569742960409,0.0,1.3805569742960409,1.1749710525353554,1.1749710525353554
9,random_walk_accel,135,3.0,1056.5702388063482,756.5894815926818,1099.078230135346,734.7100927987111,42.50799132899783,-21.879388793970634,47.80833589264411,0.023899616485813655,23.899616485813656,4.597222506584044,0.0,4.597222506584044,2.1441134546903164,2.1441134546903164
9,random_walk_accel,135,4.0,1048.469497947658,788.4913147460304,1118.7209065649286,773.227804859512,70.2514086172705,-15.263509886518364,71.89043849335287,0.03592975012499314,35.929750124993134,10.831933708347819,0.0,10.831933708347819,3.2911903178558086,3.2911903178558086
9,random_walk_accel,135,5.0,1030.180160821979,814.291424439128,1138.3635829945113,811.7455169203131,108.18342217253235,-2.5459075188149427,108.21337476511266,0.054053980217375064,54.05398021737506,21.084690579587363,0.0,21.084690579587363,4.591806897027287,4.591806897027287
9,random_walk_accel,150,0.5,1052.109208545391,678.3564616314488,1055.8003606397237,669.7664655694228,3.691152094332665,-8.589996062025989,9.349472505394003,0.0046747022005585665,4.674702200558566,0.026894302934260268,0.0,0.026894302934260268,0.1639948259374675,0.1639948259374675
9,random_walk_accel,150,1.0,1055.6851411473494,704.1802677788347,1064.0878396256478,693.7584670328495,8.402698478298362,-10.421800745985252,13.387280250529468,0.006693540158842635,6.693540158842635,0.18193710398793245,0.0,0.18193710398793245,0.42654085852111806,0.42654085852111806
9,random_walk_accel,150,2.0,1056.3088934015123,741.3281973635868,1080.6627975974961,741.7424699597029,24.353904195983887,0.41427259611612044,24.357427437458465,0.012178111652366562,12.178111652366562,1.3805569527522947,0.0,1.3805569527522947,1.174971043367578,1.174971043367578
9,random_walk_accel,150,3.0,1053.5462917317238,772.6762393698201,1097.2377555693442,789.7264728865563,43.691463837620404,17.05023351673617,46.90047414738283,0.023445939956517888,23.44593995651789,4.597222463726014,0.0,4.597222463726014,2.144113444695969,2.144113444695969
9,random_walk_accel,150,4.0,1040.7855419114144,803.7678916037544,1113.8127135411926,837.7104758134097,73.0271716297782,33.942584209655365,80.52991257337007,0.040243217351871245,40.243217351871245,10.83193363690909,0.0,10.83193363690909,3.2911903070027857,3.2911903070027857
9,random_walk_accel,150,5.0,1015.4256444090327,818.0343606041641,1130.3876715130407,885.6944787402631,114.96202710400803,67.66011813609896,133.39474975445452,0.06659873604702596,66.59873604702595,21.084690472301524,0.0,21.084690472301524,4.591806885344975,4.591806885344975
9,random_walk_accel,165,0.5,1055.6851411473494,704.1802677788347,1059.9255689254112,705.291075767481,4.240427778061758,1.1108079886462292,4.383505689353905,0.0021917493351205192,2.191749335120519,0.02689430280725899,0.0,0.02689430280725899,0.1639948255502563,0.1639948255502563
9,random_walk_accel,165,1.0,1056.219442055987,725.4022637885606,1066.5797884251763,733.6317157805439,10.360346369189301,8.229451991983296,13.231048974965356,0.006615427980178274,6.615427980178274,0.18193710378596373,0.0,0.18193710378596373,0.42654085828436616,0.42654085828436616
9,random_walk_accel,165,2.0,1056.5702388063482,756.5894815926818,1079.8882274247062,790.3129958066697,23.31798861835796,33.72351421398798,41.00004883103093,0.020497153420809777,20.497153420809777,1.3805569523176144,0.0,1.3805569523176144,1.174971043182603,1.174971043182603
9,random_walk_accel,165,3.0,1048.469497947658,788.4913147460304,1093.1966664242364,846.9942758327957,44.7271684765783,58.502961086765254,73.64180915656398,0.036804277764991004,36.80427776499101,4.597222462948253,0.0,4.597222462948253,2.144113444514598,2.144113444514598
9,random_walk_accel,165,4.0,1030.180160821979,814.291424439128,1106.5051054237665,903.6755558589216,76.32494460178759,89.38413141979356,117.53731372690493,0.058701139207250175,58.70113920725017,10.831933635677881,0.0,10.831933635677881,3.2911903068157393,3.2911903068157393
9,random_walk_accel,165,5.0,996.4495019983462,817.9047956858311,1119.8135444232967,960.3568358850475,123.36404242495041,142.4520401992164,188.44434382688203,0.09394481870807299,93.94481870807299,21.084690470506498,0.0,21.084690470506498,4.5918068851495155,4.5918068851495155
9,random_walk_accel,180,0.5,1056.219442055987,725.4022637885606,1061.397179510623,733.6180125857468,5.177737454635917,8.215748797186166,9.711204531241506,0.0048555641061873225,4.855564106187322,0.02689430278445734,0.0,0.02689430278445734,0.16399482548073688,0.16399482548073688
9,random_walk_accel,180,1.0,1056.3088934015123,741.3281973635868,1066.054679534654,761.809882042252,9.745786133141792,20.481684678665147,22.68214616453226,0.011340586890411243,11.340586890411243,0.18193710370231111,0.0,0.18193710370231111,0.4265408581863068,0.4265408581863068
9,random_walk_accel,180,2.0,1053.5462917317238,772.6762393698201,1075.369679582716,818.1936209552623,21.82338785099205,45.517381585442195,50.47863195144634,0.025233958681016064,25.233958681016063,1.3805569519945013,0.0,1.3805569519945013,1.1749710430451048,1.1749710430451048
9,random_walk_accel,180,3.0,1040.7855419114144,803.7678916037544,1084.684679630778,874.5773598682727,43.89913771936358,70.80946826451827,83.31335480226127,0.04163260714132801,41.63260714132801,4.597222462228669,0.0,4.597222462228669,2.144113444346793,2.144113444346793
9,random_walk_accel,180,4.0,1015.4256444090327,818.0343606041641,1093.99967967884,930.9610987812829,78.57403526980738,112.92673817711875,137.57298867839015,0.06867831165699649,68.67831165699648,10.831933634404812,0.0,10.831933634404812,3.291190306622334,3.291190306622334
9,random_walk_accel,180,5.0,978.3331256273469,818.4581468559409,1103.314679726902,987.3448376942932,124.98155409955518,168.88669083835237,210.10260161994483,0.10466739874832501,104.66739874832501,21.084690468522933,0.0,21.084690468522933,4.5918068849335265,4.5918068849335265
9,random_walk_accel,195,0.5,1056.3088934015123,741.3281973635868,1060.3574330679598,752.6900374847525,4.048539666447596,11.361840121165642,12.061595432185948,0.006030724603269946,6.030724603269945,0.02689430276953758,0.0,0.02689430276953758,0.16399482543524835,0.16399482543524835
9,random_walk_accel,195,1.0,1056.5702388063482,756.5894815926818,1062.7646412270708,777.2718195615581,6.194402420722554,20.682337968876368,21.59003763796345,0.010794599525035165,10.794599525035165,0.18193710366303087,0.0,0.18193710366303087,0.4265408581402617,0.4265408581402617
9,random_walk_accel,195,2.0,1048.469497947658,788.4913147460304,1067.579057545293,826.4353837151693,19.10955959763487,37.944068969138925,42.484439951002415,0.021239025784422084,21.239025784422086,1.3805569518716465,0.0,1.3805569518716465,1.1749710429928248,1.1749710429928248
9,random_walk_accel,195,3.0,1030.180160821979,814.291424439128,1072.3934738635148,875.5989478687807,42.21331304153591,61.30752342965263,74.43504703444549,0.037200353907226404,37.2003539072264,4.597222461975768,0.0,4.597222461975768,2.1441134442878176,2.1441134442878176
9,random_walk_accel,195,4.0,996.4495019983462,817.9047956858311,1077.2078901817367,924.7625120223919,80.75838818339048,106.85771633656077,133.9421098932075,0.06687119907353858,66.87119907353859,10.831933633975394,0.0,10.831933633975394,3.2911903065570964,3.2911903065570964
9,random_walk_accel,195,5.0,964.172816590889,818.8374226133737,1082.0223064999589,973.9260761760032,117.8494899090698,155.08865356262947,194.78447765593964,0.09708604966404899,97.08604966404899,21.084690467870526,0.0,21.084690467870526,4.591806884862486,4.591806884862486
9,random_walk_accel,210,0.5,1056.5702388063482,756.5894815926818,1056.9758357549883,763.9489324638473,0.40559694864009543,7.3594508711655635,7.3706191062790465,0.0036852928692569253,3.685292869256925,0.026894302767915317,0.0,0.026894302767915317,0.16399482543030228,0.16399482543030228
9,random_walk_accel,210,1.0,1053.5462917317238,772.6762393698201,1057.225348716969,783.3448898954238,3.679056985245097,10.668650525603653,11.28519225968897,0.005642536246320585,5.642536246320585,0.18193710365973767,0.0,0.18193710365973767,0.42654085813640136,0.42654085813640136
9,random_walk_accel,210,2.0,1040.7855419114144,803.7678916037544,1057.7243746409304,822.1368047585765,16.93883272951598,18.368913154822167,24.986817018738513,0.012492758557947613,12.492758557947614,1.3805569518632097,0.0,1.3805569518632097,1.1749710429892346,1.1749710429892346
9,random_walk_accel,210,3.0,1015.4256444090327,818.0343606041641,1058.2234005648916,860.9287196217293,42.797756155858906,42.89435901756519,60.59351423629541,0.030287492487917754,30.287492487917753,4.5972224619597855,0.0,4.5972224619597855,2.1441134442840903,2.1441134442840903
9,random_walk_accel,210,4.0,978.3331256273469,818.4581468559409,1058.722426488853,899.7206344848821,80.38930086150606,81.26248762894124,114.3067434084515,0.05709126273983852,57.09126273983852,10.831933633949463,0.0,10.831933633949463,3.291190306553157,3.291190306553157
9,random_walk_accel,210,5.0,952.6324038659602,814.1205008077764,1059.2214524128142,938.5125493480349,106.58904854685397,124.39204854025854,163.8127193174133,0.08172393298542706,81.72393298542706,21.084690467832246,0.0,21.084690467832246,4.591806884858317,4.591806884858317
9,random_walk_accel,225,0.5,1053.5462917317238,772.6762393698201,1056.9162096242314,773.124486761976,3.369917892507601,0.4482473921558494,3.399598847925648,0.0016997977868785917,1.6997977868785916,0.026894302767890305,0.0,0.026894302767890305,0.163994825430226,0.163994825430226
9,random_walk_accel,225,1.0,1048.469497947658,788.4913147460304,1057.0494900264832,788.6999115967794,8.579992078825171,0.2085968507490179,8.582527408569407,0.004291237363448551,4.291237363448551,0.18193710365965376,0.0,0.18193710365965376,0.426540858136303,0.426540858136303
9,random_walk_accel,225,2.0,1030.180160821979,814.291424439128,1057.3160508309868,819.8507612663861,27.13589000900788,5.559336827258107,27.69950816422346,0.013848868650643364,13.848868650643364,1.380556951862837,0.0,1.380556951862837,1.1749710429890758,1.1749710429890758
9,random_walk_accel,225,3.0,996.4495019983462,817.9047956858311,1057.5826116354904,851.001610935993,61.133109637144116,33.09681525016185,69.51730916549079,0.03474466666865235,34.74466666865235,4.5972224619588955,0.0,4.5972224619588955,2.144113444283883,2.144113444283883
9,random_walk_accel,225,4.0,964.172816590889,818.8374226133737,1057.849172439994,882.1524606055998,93.67635584910488,63.31503799222605,113.06658958828268,0.05647318296674558,56.47318296674558,10.831933633947829,0.0,10.831933633947829,3.2911903065529087,3.2911903065529087
9,random_walk_accel,225,5.0,941.1139159509476,808.9570731103382,1058.1157332444975,913.3033102752065,117.00181729354995,104.34623716486828,156.77232683244893,0.07822620763296237,78.22620763296237,21.084690467829635,0.0,21.084690467829635,4.591806884858033,4.591806884858033
9,random_walk_accel,240,0.5,1048.469497947658,788.4913147460304,1053.6658985899003,787.9084123350959,5.196400642242224,-0.58290241093448,5.228991762794108,0.0026144899242153065,2.6144899242153063,0.02689430276784422,0.0,0.02689430276784422,0.1639948254300855,0.1639948254300855
9,random_walk_accel,240,1.0,1040.7855419114144,803.7678916037544,1052.422993852329,803.225568678891,11.637451940914616,-0.5423229248633561,11.650081623402032,0.0058249749296939626,5.824974929693963,0.18193710365951557,0.0,0.18193710365951557,0.426540858136141,0.426540858136141
9,random_walk_accel,240,2.0,1015.4256444090327,818.0343606041641,1049.9371843771867,833.8598813664813,34.51153996815401,15.825520762317183,37.96700539115541,0.018981222805548405,18.981222805548406,1.3805569518623655,0.0,1.3805569518623655,1.1749710429888753,1.1749710429888753
9,random_walk_accel,240,3.0,978.3331256273469,818.4581468559409,1047.4513749020443,864.4941940540715,69.1182492746974,46.03604719813063,83.04607169774931,0.04149919635206919,41.49919635206919,4.597222461957892,0.0,4.597222461957892,2.144113444283649,2.144113444283649
9,random_walk_accel,240,4.0,952.6324038659602,814.1205008077764,1044.965565426902,895.1285067416618,92.33316156094179,81.00800593388544,122.83203877337296,0.06133897475285599,61.33897475285599,10.831933633946095,0.0,10.831933633946095,3.2911903065526453,3.2911903065526453
9,random_walk_accel,240,5.0,931.965415564991,806.6675558425508,1042.47975595176,925.762819429252,110.51434038676894,119.09526358670121,162.4718475302982,0.08105792861014167,81.05792861014167,21.084690467826974,0.0,21.084690467826974,4.591806884857744,4.591806884857744
9,random_walk_accel,255,0.5,1040.7855419114144,803.7678916037544,1046.0336158026919,803.8261377564558,5.2480738912775,0.05824615270137201,5.248397106032762,0.00262419252926518,2.62419252926518,0.026894302767832824,0.0,0.026894302767832824,0.16399482543005076,0.16399482543005076
9,random_walk_accel,255,1.0,1030.180160821979,814.291424439128,1042.3294132838055,819.38579558461,12.149252461826563,5.094371145482,13.174101591726034,0.006586955529304486,6.586955529304486,0.18193710365948879,0.0,0.18193710365948879,0.4265408581361096,0.4265408581361096
9,random_walk_accel,255,2.0,996.4495019983462,817.9047956858311,1034.9210082460324,850.5051112409185,38.47150624768619,32.60031555508738,50.42655418781884,0.025207936358925754,25.207936358925753,1.3805569518622884,0.0,1.3805569518622884,1.1749710429888425,1.1749710429888425
9,random_walk_accel,255,3.0,964.172816590889,818.8374226133737,1027.5126032082594,881.624426897227,63.33978661737035,62.78700428385321,89.18596568785141,0.044563459837815136,44.56345983781514,4.597222461957738,0.0,4.597222461957738,2.144113444283613,2.144113444283613
9,random_walk_accel,255,4.0,941.1139159509476,808.9570731103382,1020.1041981704863,912.7437425535354,78.9902822195387,103.78666944319718,130.4267512408166,0.06512116465700615,65.12116465700615,10.83193363394584,0.0,10.83193363394584,3.2911903065526062,3.2911903065526062
9,random_walk_accel,255,5.0,927.0530037942608,806.8217072642782,1012.6957931327131,943.8630582098438,85.6427893384523,137.04135094556557,161.60142089306078,0.08062555339511823,80.62555339511823,21.08469046782659,0.0,21.08469046782659,4.591806884857702,4.591806884857702
9,random_walk_accel,270,0.5,1030.180160821979,814.291424439128,1036.4183865262044,819.6566655521855,6.238225704225442,5.3652411130574365,8.228078277344038,0.004114015928434114,4.114015928434114,0.026894302767832362,0.0,0.026894302767832362,0.16399482543004934,0.16399482543004934
9,random_walk_accel,270,1.0,1015.4256444090327,818.0343606041641,1030.3991739196515,835.2910098005639,14.973529510618846,17.256649196399735,22.847287092628243,0.011423146658127294,11.423146658127294,0.18193710365948806,0.0,0.18193710365948806,0.42654085813610876,0.42654085813610876
9,random_walk_accel,270,2.0,978.3331256273469,818.4581468559409,1018.3607487065459,866.5596982973207,40.027623079198975,48.1015514413798,62.57771057204098,0.031278650761586056,31.278650761586057,1.3805569518622869,0.0,1.3805569518622869,1.1749710429888418,1.1749710429888418
9,random_walk_accel,270,3.0,952.6324038659602,814.1205008077764,1006.3223234934402,897.8283867940775,53.68991962747998,83.70788598630111,99.44655673225114,0.04968236036424314,49.68236036424314,4.5972224619577355,0.0,4.5972224619577355,2.1441134442836125,2.1441134442836125
9,random_walk_accel,270,4.0,931.965415564991,806.6675558425508,994.2838982803346,929.0970752908343,62.318482715343634,122.42951944828349,137.37751096988256,0.0685810324336349,68.5810324336349,10.831933633945834,0.0,10.831933633945834,3.2911903065526054,3.2911903065526054
9,random_walk_accel,270,5.0,922.768183511335,805.4737785015769,982.2454730672289,960.365763787591,59.47728955589389,154.89198528601412,165.91888101948632,0.08276990616323635,82.76990616323634,21.084690467826583,0.0,21.084690467826583,4.591806884857701,4.591806884857701
9,random_walk_accel,285,0.5,1015.4256444090327,818.0343606041641,1022.8197191297281,830.1149350960045,7.394074720695471,12.080574491840366,14.163778486976273,0.007081770854020433,7.081770854020433,0.026894302767832282,0.0,0.026894302767832282,0.16399482543004912,0.16399482543004912
9,random_walk_accel,285,1.0,996.4495019983462,817.9047956858311,1013.8719975087296,843.6278182859693,17.422495510383328,25.723022600138165,31.067945562855392,0.015532723490768445,15.532723490768445,0.18193710365948776,0.0,0.18193710365948776,0.4265408581361084,0.4265408581361084
9,random_walk_accel,285,2.0,964.172816590889,818.8374226133737,995.9765542667326,870.6535846658986,31.803737675843536,51.816162052524874,60.79796361727413,0.03038962311670582,30.38962311670582,1.3805569518622858,0.0,1.3805569518622858,1.1749710429888414,1.1749710429888414
9,random_walk_accel,285,3.0,941.1139159509476,808.9570731103382,978.0811110247356,897.6793510458281,36.96719507378805,88.72227793548984,96.11563927730911,0.048020873445712986,48.020873445712986,4.597222461957733,0.0,4.597222461957733,2.1441134442836116,2.1441134442836116
9,random_walk_accel,285,4.0,927.0530037942608,806.8217072642782,960.1856677827386,924.7051174257574,33.132663988477816,117.88341016147922,122.45109968584568,0.06114921873755563,61.149218737555636,10.83193363394583,0.0,10.83193363394583,3.291190306552605,3.291190306552605
9,random_walk_accel,285,5.0,918.7521604148276,802.2290885579795,942.2902245407417,951.7308838056869,23.53806412591416,149.50179524770738,151.34340833046898,0.07552776111520094,75.52776111520095,21.084690467826576,0.0,21.084690467826576,4.5918068848577,4.5918068848577
