scenario_id,experiment_sub_id,method_name,psf_sigma_px,snr_db,background_level,roi_size,total_trials,success_count,success_rate,mean_radial_error,median_radial_error,std_radial_error,rmse_x,rmse_y,radial_rmse,p95_radial_error,max_radial_error,bias_x,bias_y,bias_magnitude,angular_rmse_urad,mean_latency_ms,median_latency_ms,p95_latency_ms,rmse_ci_lower,rmse_ci_upper
9A_primary_sig_0.5px,9A_primary,Gaussian Fitting,0.5,15.0,10.0,31,50,43,0.86,0.36990661227735033,0.27002748425602724,0.5264456395004439,0.3758836990952503,0.5221947509406895,0.6434095998316605,0.6731425044770175,3.520804169825622,0.011056228571863697,0.10048920264854082,0.10109559851533002,311.24132705775713,170.16685999697074,28.098199982196093,722.8053399710916,0.2896641183076321,1.0200479167192735
9A_primary_sig_0.5px,9A_primary,Intensity-Weighted Centroid,0.5,15.0,10.0,31,50,50,1.0,0.688003960050833,0.6760067205940199,0.3573986867390528,0.5274506901050077,0.5682244625464296,0.7752956019018988,1.3172181150257185,1.8447211084784425,0.10004121939850108,0.05245874391982511,0.112960902051926,378.38299225544364,0.23765200516209006,0.21834997460246086,0.33035995438694954,0.6685405321433856,0.890999759224579
9A_primary_sig_0.5px,9A_primary,PSF Fitting,0.5,15.0,10.0,31,50,50,1.0,0.21653596875873543,0.16119178839141798,0.16577237842724196,0.2023466178505922,0.18282273780942884,0.2727055320592319,0.47506874777640373,0.9114865172238295,-0.01696610376745923,-0.0015285982657059095,0.017034825790307143,131.49090829119226,22.39634800236672,8.755149960052222,109.23231004271655,0.20925425879117443,0.3403638979798825
9A_primary_sig_1.5px,9A_primary,Gaussian Fitting,1.5,15.0,10.0,31,50,50,1.0,0.15929392622742342,0.13557212089671575,0.08521450504492815,0.11884852830761874,0.1360554817789899,0.1806545510165739,0.3045108331759929,0.39639184836154695,0.01581517345922066,0.003494227239817178,0.01619658407037478,88.89788849098855,6.331971993204206,6.036899983882904,8.925355004612355,0.1549279808650038,0.20652203505566474
9A_primary_sig_1.5px,9A_primary,Intensity-Weighted Centroid,1.5,15.0,10.0,31,50,50,1.0,0.5949170485087795,0.569253987736408,0.266290247677869,0.5111725616142697,0.4044000530012874,0.6517950526160339,1.0674765634751198,1.1585793367913282,-0.019908614407776214,-0.02740597480329143,0.03387388939221712,319.77347010980395,0.22868199506774545,0.2100499696098268,0.31407498754560936,0.5756898739299875,0.7273440129005115
9A_primary_sig_1.5px,9A_primary,PSF Fitting,1.5,15.0,10.0,31,50,50,1.0,0.15348252262635007,0.14553608934481616,0.07686653757095713,0.10859315869280546,0.13293936676174817,0.17165473879242432,0.2833115521759626,0.3390590673053941,0.01094380862227979,0.00827491618314582,0.013720101493763594,84.52438098658983,3.6866579949855804,3.6455500521697104,5.204774992307647,0.14876784613357708,0.1934426425382908
9A_primary_sig_1px,9A_primary,Gaussian Fitting,1.0,15.0,10.0,31,50,50,1.0,0.1874789132403242,0.17807601284053962,0.10976270219742794,0.1576446786775846,0.14948026287137497,0.217246849697422,0.3783006941902487,0.500190642274152,-0.026067131440800608,-0.020787503331824837,0.03334090035260902,104.6917564054958,8.043784007895738,7.417500019073486,11.69181995792314,0.18430499447783172,0.25121682512052684
9A_primary_sig_1px,9A_primary,Intensity-Weighted Centroid,1.0,15.0,10.0,31,50,50,1.0,0.6854315208357527,0.6547826162882304,0.34970449545605475,0.5837898048842188,0.5012973844043398,0.769486584611705,1.1610562149235177,1.518250149153638,-0.12071031717659934,0.02132346045195959,0.12257924228237625,371.4060643759018,0.22948999889194965,0.21059997379779816,0.3078399517107755,0.6668230453074624,0.860547462002731
9A_primary_sig_1px,9A_primary,PSF Fitting,1.0,15.0,10.0,31,50,50,1.0,0.18748717156174827,0.1774811105279951,0.10229362128632882,0.15341358717603087,0.14859238111652184,0.21357767780387377,0.3806732956876784,0.4278535738219952,-0.02464341954931399,-0.016830701431561578,0.029842430158448556,103.12760878577505,4.4594059977680445,4.300299973692745,6.699294998543337,0.18341983356437844,0.24211291430139717
9A_primary_sig_2.5px,9A_primary,Gaussian Fitting,2.5,15.0,10.0,31,50,50,1.0,0.17209469095356508,0.16740353368142485,0.10305011932505115,0.10141419093400299,0.17306377906573037,0.20058890733864213,0.39001731810849455,0.47307637293600985,-0.005791080949641696,-0.009807206814737129,0.011389377685911086,98.3743118983068,4.680750006809831,4.7918500495143235,5.516010004794225,0.1671404581729891,0.23376902772155742
9A_primary_sig_2.5px,9A_primary,Intensity-Weighted Centroid,2.5,15.0,10.0,31,50,50,1.0,0.4139348695743245,0.42516974500517823,0.21187654730965585,0.3047420482604345,0.3512350090344198,0.4650094058719393,0.738481646757364,0.9313059610536777,0.05239952701196728,0.014531908468488269,0.05437726358336184,226.44417035456198,0.21776599809527397,0.2013499615713954,0.28721002745442087,0.4048039428358136,0.5208188590936491
9A_primary_sig_2.5px,9A_primary,PSF Fitting,2.5,15.0,10.0,31,50,50,1.0,0.17089066904002087,0.15795258266857398,0.09988805773553149,0.10162428262673225,0.16986391619094646,0.19794252914197805,0.37502849087843715,0.4620400007893099,-0.006008617510909744,-0.00892083405201845,0.01075568522113134,96.98932243183022,3.171223998069763,3.1208000145852566,3.966445004334673,0.16640428881412903,0.23014385023622366
9A_primary_sig_2px,9A_primary,Gaussian Fitting,2.0,15.0,10.0,31,50,50,1.0,0.17580653886975658,0.1854712519550715,0.08061113739338427,0.1386954940686127,0.13479486083038078,0.19340655258087378,0.31827584407742143,0.35665152871502126,-0.028635395880193072,0.0018280655262196887,0.028693687821253148,93.28238767582994,5.192672007251531,4.901350010186434,6.656809977721422,0.1705643092851964,0.21317356935367496
9A_primary_sig_2px,9A_primary,Intensity-Weighted Centroid,2.0,15.0,10.0,31,50,50,1.0,0.5634913904107719,0.5479117810578842,0.2490756591921819,0.3885316135458354,0.4781259419280181,0.616085408907795,0.976519124209356,1.1018060232605813,-0.07286418387019353,0.024408101117654155,0.07684363793599962,301.0250163847569,0.22524200612679124,0.2101999707520008,0.29598997789435083,0.5466482336820588,0.6834598838782429
9A_primary_sig_2px,9A_primary,PSF Fitting,2.0,15.0,10.0,31,50,50,1.0,0.1741502942104078,0.17783292143643598,0.07783953216589677,0.1378772130749995,0.1318225771863396,0.19075460083934356,0.29653231368928057,0.3492534777780783,-0.028561702479860288,-0.00036762895797835425,0.02856406833066329,92.13332982097357,3.445767993107438,3.405849973205477,4.532405006466433,0.16944988746881023,0.21006114635902762
9A_primary_sig_3px,9A_primary,Gaussian Fitting,3.0,15.0,10.0,31,50,50,1.0,0.18161393586770122,0.15513495634045243,0.09467480312238558,0.1539508032315487,0.13507808938529198,0.20480952137930494,0.3423561671292175,0.4717167503051006,-0.010105203034152055,0.006600083067236823,0.012069640626624396,98.58846089396599,4.611351990606636,4.538249981123954,5.806099937763065,0.1746428256369936,0.2342176771813969
9A_primary_sig_3px,9A_primary,Intensity-Weighted Centroid,3.0,15.0,10.0,31,50,50,1.0,0.36749661542543,0.3245013517539303,0.18963944957870726,0.3038885970403739,0.28047923947147085,0.4135418759758937,0.7556519205826168,0.7897126095535302,0.013183406417681454,-0.010266153511055335,0.01670916253695314,202.04321604253676,0.21242599934339523,0.20210002548992634,0.25930999545380473,0.3537016644524032,0.4674246450296487
9A_primary_sig_3px,9A_primary,PSF Fitting,3.0,15.0,10.0,31,50,50,1.0,0.1833203927974267,0.15982412415192393,0.09196415887044783,0.15265492812515777,0.13696804682572752,0.20509454632474208,0.3393329719637994,0.4677057765684316,-0.010357680065043838,0.008565282021858706,0.01344044614005735,98.82539597991648,3.112239991314709,3.031750035006553,3.7733300821855664,0.1756789765277836,0.2344812223880336
9A_primary_sig_4px,9A_primary,Gaussian Fitting,4.0,15.0,10.0,31,50,50,1.0,0.15986425581954525,0.12748483477487588,0.08817335618792034,0.14873330111732558,0.10587504979418824,0.1825681270928167,0.3163722539088971,0.3992141081127658,0.034970879757484,-0.0053143425532869056,0.035372371531833716,86.95448143166422,5.008596011903137,4.996900039259344,5.937855021329597,0.15525483800491532,0.21008597473177085
9A_primary_sig_4px,9A_primary,Intensity-Weighted Centroid,4.0,15.0,10.0,31,50,50,1.0,0.33409842700714754,0.3194898663765147,0.16010861555243477,0.2556831315559372,0.2681094253108552,0.3704814809174241,0.6555123261747285,0.7831088810755641,0.018556049338628783,0.023644437779611848,0.03005638709112527,178.78853332494523,0.21593599813058972,0.20140002015978098,0.29415502795018256,0.32265876247321007,0.41942426410554307
9A_primary_sig_4px,9A_primary,PSF Fitting,4.0,15.0,10.0,31,50,50,1.0,0.16339187244317765,0.12794494720320326,0.08706188911786406,0.1512864448936526,0.10671967067367999,0.18513961358190983,0.31493463461905513,0.402488343377761,0.03675629504012704,-0.004124611273292658,0.03698699289253778,88.15297635677123,3.101991997100413,3.083149960730225,4.1174800775479525,0.1583523499782509,0.21145013723950173
9B_snr_sig_0.5_snr_0dB,9B_snr,Gaussian Fitting,0.5,0.0,10.0,31,50,35,0.7,2.5322629186501944,2.546361328564763,1.5393676545355275,2.182195849016824,2.0050011325519876,2.963445336934868,4.576065470431709,6.600027268899965,0.6194684538130836,0.41956787300085807,0.7481833768027973,1460.0569081289927,253.11223400523886,52.070400037337095,695.1228900172282,2.45776915874514,3.432272595355245
9B_snr_sig_0.5_snr_0dB,9B_snr,Intensity-Weighted Centroid,0.5,0.0,10.0,31,50,50,1.0,0.8528154520635841,0.8056878554194211,0.4075715343748929,0.6542726601018158,0.6821554347466665,0.9452030210019009,1.5431625587218676,1.7778425473926105,0.0414887187197246,-0.006361395315336722,0.04197357658530441,460.7766740801406,0.2144699962809682,0.20355003653094172,0.29358002357184887,0.83500355094823,1.0548176936662677
9B_snr_sig_0.5_snr_0dB,9B_snr,PSF Fitting,0.5,0.0,10.0,31,50,36,0.72,1.5262588875003091,0.9504764963878023,2.545913243446943,2.479876060396681,1.6313660410538324,2.9683565208431784,3.280456872994005,15.872044898682615,0.8175793535331835,0.35693888644205096,0.8920994159723621,1420.2786521985768,265.5123859923333,149.20520002488047,565.9573299984913,1.1221649952391743,4.810899542808619
9B_snr_sig_0.5_snr_10dB,9B_snr,Gaussian Fitting,0.5,10.0,10.0,31,50,44,0.88,0.5924137565753269,0.4739416104380813,0.5257931044787464,0.46354188497018184,0.642293833518102,0.7920937114363986,1.9746463603171578,2.23147997791014,-0.08537565021055632,0.12108660956515975,0.1481585929497871,388.48510409967304,135.414632007014,27.059599990025163,664.1605749784503,0.5708682808793346,1.001130523355824
9B_snr_sig_0.5_snr_10dB,9B_snr,Intensity-Weighted Centroid,0.5,10.0,10.0,31,50,50,1.0,0.7280913350087921,0.712238438699909,0.3716269359949365,0.6102100269068298,0.5439368481122012,0.8174494306511382,1.3750559222060124,1.866659237454372,-0.1554521521266065,0.007738872017166045,0.15564466499334853,397.0782885168046,0.21965400082990527,0.19975000759586692,0.30248002731241286,0.7105440149785751,0.9335111459143233
9B_snr_sig_0.5_snr_10dB,9B_snr,PSF Fitting,0.5,10.0,10.0,31,50,50,1.0,0.45849253276840995,0.37172076064654785,0.3785470693241549,0.31783660653378637,0.5024869927126323,0.5945698329870915,1.1927814997587518,1.9760338552256573,-0.007730914682834964,0.19838517773293632,0.19853575442716107,293.90323403140326,34.0360760060139,8.169749984517694,233.22653497452836,0.4434304960619602,0.752839374092426
9B_snr_sig_0.5_snr_15dB,9B_snr,Gaussian Fitting,0.5,15.0,10.0,31,50,46,0.92,0.3191915172180764,0.23339666184096358,0.29008165859029644,0.37568642988823187,0.21187331052378816,0.4313126398732999,0.6967521881732422,1.5798681491768751,0.011824540134025186,-0.033446663109084736,0.03547532977315056,211.03150541982293,132.09889598889276,30.688000028021634,604.4064199551939,0.2771275493808679,0.5781543856965222
9B_snr_sig_0.5_snr_15dB,9B_snr,Intensity-Weighted Centroid,0.5,15.0,10.0,31,50,50,1.0,0.7025306017181003,0.6366079540963294,0.3862499836549691,0.5822741067758307,0.5510854387499898,0.8017096084143313,1.3972869881371404,1.803978210756051,-0.09432357824665359,0.06905991032947612,0.116902560399539,386.82773055753154,0.21677599754184484,0.20080001559108496,0.295209971955046,0.6801351659367034,0.9122799369176712
9B_snr_sig_0.5_snr_15dB,9B_snr,PSF Fitting,0.5,15.0,10.0,31,50,50,1.0,0.2224777082705277,0.16661595804823465,0.15546609106046755,0.19420196118487887,0.18960916227565178,0.2714148782711214,0.4904414493264188,0.7120025986449523,-0.0016870691931944748,0.016259699771206896,0.01634698868637314,132.50496935600773,21.014546013902873,7.126200012862682,91.94107001530936,0.22147078511821433,0.3209982522222047
9B_snr_sig_0.5_snr_20dB,9B_snr,Gaussian Fitting,0.5,20.0,10.0,31,50,50,1.0,0.14570575570272362,0.13714007011986334,0.09849452357851386,0.13615667296826345,0.11132249919074563,0.1758730747438624,0.3211816319961174,0.3894471341938003,-0.02062712308482901,-6.294181272664901e-05,0.02062721911524855,86.20329334299365,56.15752001060173,28.47359998850152,236.5656150155698,0.14787436696419357,0.2032842831462356
9B_snr_sig_0.5_snr_20dB,9B_snr,Intensity-Weighted Centroid,0.5,20.0,10.0,31,50,50,1.0,0.6542748419659294,0.661738743935953,0.2960586153525364,0.5418413948229082,0.4713111237923081,0.7181408445103251,1.0668032623887398,1.3922795130116428,-0.060599240269432926,0.07831604995875238,0.09902359114056741,348.3246071040806,0.22891200613230467,0.21174998255446553,0.32043998362496484,0.634175799571347,0.7965523122697825
9B_snr_sig_0.5_snr_20dB,9B_snr,PSF Fitting,0.5,20.0,10.0,31,50,50,1.0,0.10049259138182606,0.0800717998747975,0.07938051899333771,0.10223083289659211,0.07712901220393899,0.12806259297033742,0.23584390792887655,0.4485401226935235,-0.020039900223175665,-0.00937529072711925,0.022124503998346364,62.85586599486225,10.236920008901507,5.212699994444847,26.02967503480609,0.09652207015342615,0.16179874043250178
9B_snr_sig_0.5_snr_25dB,9B_snr,Gaussian Fitting,0.5,25.0,10.0,31,50,50,1.0,0.11823619992493452,0.11739604364148054,0.05825095594698,0.1048865765808849,0.07982342322005655,0.13180657358958275,0.21594817494915483,0.246669098859662,0.011974533807686498,-0.01479205598437204,0.019031405101994536,63.50179888079301,21.79635599255562,24.25359998596832,39.70263001392595,0.1160379457854739,0.14608598791704228
9B_snr_sig_0.5_snr_25dB,9B_snr,Intensity-Weighted Centroid,0.5,25.0,10.0,31,50,50,1.0,0.603571475284035,0.6158399919948667,0.3010410007325632,0.5017563535732715,0.4507380298437926,0.6744806964610697,1.025649235340962,1.598428855851091,-0.05037412504243889,-0.007448488037790071,0.05092182683133404,328.974375446991,0.215962000656873,0.20220002625137568,0.28318006079643965,0.5885832276826268,0.7643849877759886
9B_snr_sig_0.5_snr_25dB,9B_snr,PSF Fitting,0.5,25.0,10.0,31,50,50,1.0,0.06421576158307712,0.05401008132623973,0.04433483072764779,0.05710820533113547,0.053177947828029766,0.07803359053217906,0.14179199255335212,0.1959125390239124,0.006728140283614153,-0.010688257589579848,0.01262959706313716,37.73611872264752,5.234827995300293,4.439799929969013,9.49981500743888,0.0633794491624816,0.09149936873442113
9B_snr_sig_0.5_snr_30dB,9B_snr,Gaussian Fitting,0.5,30.0,10.0,31,50,50,1.0,0.0616242625647843,0.04913906012035604,0.05379721443267225,0.054339928744921884,0.06114623587241661,0.0818027506711626,0.15952726991554603,0.2612828177945704,-0.0018979441783920946,0.0038748868902217736,0.004314735277662468,40.013546902892315,14.469541986472905,7.012849964667112,45.03393498598596,0.05986084080108879,0.10361880907782994
9B_snr_sig_0.5_snr_30dB,9B_snr,Intensity-Weighted Centroid,0.5,30.0,10.0,31,50,50,1.0,0.5793134430748131,0.5930732125521554,0.26445329263590817,0.39512747850397784,0.4994135411102272,0.6368199190612429,0.9631978514878583,1.000562526261456,-0.07719170253145535,0.04878053583777273,0.09131319519283573,311.385862020528,0.213943999260664,0.2003999543376267,0.26615504757501185,0.5682073542688357,0.7023765913844192
9B_snr_sig_0.5_snr_30dB,9B_snr,PSF Fitting,0.5,30.0,10.0,31,50,50,1.0,0.03480398731216457,0.03009507899511695,0.02196216089797373,0.027140895879577506,0.030935833833723166,0.04115402828562228,0.07673100594370073,0.11175787848716803,0.0013465831796025895,0.003437718016705844,0.003692044341821016,20.056040572291597,4.560841994825751,3.892200067639351,6.139389978488907,0.03351765288614652,0.04928906889450155
9B_snr_sig_0.5_snr_3dB,9B_snr,Gaussian Fitting,0.5,3.0,10.0,31,50,33,0.66,2.1678848368424224,1.6976317374006302,1.6334539315876038,1.6414538397649514,2.161833875289957,2.714386931229646,5.09183062234137,7.575231401955108,0.27701309237995597,0.641937617714302,0.6991567480805856,1328.7078928817414,273.718692001421,53.08719997992739,689.2596950114239,1.9358444715258618,3.4352634977626924
9B_snr_sig_0.5_snr_3dB,9B_snr,Intensity-Weighted Centroid,0.5,3.0,10.0,31,50,50,1.0,0.7582985575089047,0.8169129398614365,0.37825727799297965,0.5298873800633135,0.6612976902457635,0.8474050216246917,1.3105717964165138,1.6622894680340217,0.013588102268175249,0.12134460568557132,0.12210302966035354,413.2955192725582,0.22213799180462956,0.2012000186368823,0.29252993990667153,0.7509539514993886,0.9453546439969385
9B_snr_sig_0.5_snr_3dB,9B_snr,PSF Fitting,0.5,3.0,10.0,31,50,40,0.8,1.2216223507429684,0.8509324137887242,1.8572461801193607,1.8755642274867927,1.1933077431972878,2.2229989971663806,2.3048947521892673,12.246904070440634,0.05658521829640861,0.08607240870713753,0.10300653605621704,1030.7973722473157,212.46228799922392,127.11240001954138,560.053760005394,0.9161577899346814,3.578339211508731
9B_snr_sig_0.5_snr_5dB,9B_snr,Gaussian Fitting,0.5,5.0,10.0,31,50,37,0.74,1.869203758229067,1.061315448350598,1.73140523862089,1.9226632357912616,1.6718411622633909,2.5478788805792028,5.154006607861318,6.519776533274494,0.4119381768421604,-0.06400983985176904,0.4168816632305769,1235.5370824012741,236.84923600638285,81.1238000751473,681.5052349935286,1.8582318270272322,3.145954870694108
9B_snr_sig_0.5_snr_5dB,9B_snr,Intensity-Weighted Centroid,0.5,5.0,10.0,31,50,50,1.0,0.9169354964582321,0.8681954947632098,0.44050246807925375,0.7388417755202125,0.6992324075692992,1.0172576512609863,1.649775354512976,2.1261818433777364,-0.034498366712637105,0.003911319314049137,0.03471938542969967,494.32927512445974,0.21194200962781906,0.19920000340789557,0.2881250344216823,0.8855817440253745,1.1436004337313657
9B_snr_sig_0.5_snr_5dB,9B_snr,PSF Fitting,0.5,5.0,10.0,31,50,44,0.88,0.8600463783851976,0.7077177705811484,0.6592656086556579,0.8610243972097872,0.6579877682291155,1.0836562719467875,2.128011422187003,2.643154374405529,0.16749107492093304,-0.06739728978821931,0.18054266766880014,526.5563255148801,141.25762999756262,41.34669998893514,533.9318199898116,0.8630143103279285,1.3047060283616052
9B_snr_sig_0.5_snr_7dB,9B_snr,Gaussian Fitting,0.5,7.0,10.0,31,50,35,0.7,1.521831673829346,0.7703724096159693,1.486516897622215,1.5425978773211988,1.4649559444811764,2.127370238201758,4.7693390610717605,5.440547564001542,0.571348825042987,0.35114163596219,0.6706265192968475,1035.4584095348441,254.61929200217128,75.62934997258708,685.9838549979031,1.499767670674084,2.692733206045445
9B_snr_sig_0.5_snr_7dB,9B_snr,Intensity-Weighted Centroid,0.5,7.0,10.0,31,50,50,1.0,0.6498418086141876,0.5620830272789423,0.36467840074639435,0.48702974343513583,0.5639917917872671,0.7451742831002063,1.430083747218072,1.6391518413605857,-0.02518884539756698,0.04315235238262972,0.049966022941766934,365.7241020941412,0.20789200440049171,0.20050001330673695,0.2770500141195953,0.6284815310212152,0.8566546791896098
9B_snr_sig_0.5_snr_7dB,9B_snr,PSF Fitting,0.5,7.0,10.0,31,50,47,0.94,0.5844443062800574,0.45835154475714696,0.509707449830852,0.6434305226109439,0.4328671783917736,0.7754849009208677,1.5022234074758922,2.611805914189634,0.17165665608626599,-0.00035182402715499753,0.17165701663160957,371.525399101049,131.55841199913993,30.748800025321543,527.1503049763851,0.5694567084444653,0.9818277972889708
9B_snr_sig_1.5_snr_0dB,9B_snr,Gaussian Fitting,1.5,0.0,10.0,31,50,47,0.94,1.6655674556331734,1.406946158066991,1.3731676010919922,1.2240085509234298,1.7780627877607207,2.158634802358449,3.090664361373317,8.8997347651614,-0.12945368467320953,-0.056306737460745424,0.1411690658711889,1059.7954146287295,63.09282399946824,16.62639999995008,497.18638001359,1.5105438504463675,2.937895126601126
9B_snr_sig_1.5_snr_0dB,9B_snr,Intensity-Weighted Centroid,1.5,0.0,10.0,31,50,50,1.0,0.6966992174819135,0.6074676910644466,0.36336379155726045,0.5116400364426164,0.596361901670267,0.7857627152358267,1.3402334283474922,1.8650516480799737,0.04053680653059302,-0.04614729098798364,0.06142316459796227,383.7893111783197,0.21265198942273855,0.19794999388977885,0.2836250525433569,0.6703304854380187,0.8969323530422859
9B_snr_sig_1.5_snr_0dB,9B_snr,PSF Fitting,1.5,0.0,10.0,31,50,50,1.0,1.2917063550902999,1.0290563089498215,0.8857929587483695,0.9260914249157296,1.2631267340399426,1.5662485350508262,2.7716882092362796,4.352960051853392,-0.07207660206265018,-0.008551763907137798,0.07258215504392972,769.255677626752,8.797599996905774,5.660300026647747,14.23526500002481,1.2591690083868934,1.8890196881664685
9B_snr_sig_1.5_snr_10dB,9B_snr,Gaussian Fitting,1.5,10.0,10.0,31,50,50,1.0,0.3947906196903176,0.3223223430309694,0.2406758632776397,0.3281864014106445,0.32569646987499495,0.4623683645751536,0.8812930107247746,1.275224951695107,-0.007543415206030204,0.026690869751418517,0.027736359549475047,226.2148222050688,7.754830007907003,7.253349991515279,10.781449975911528,0.3754332643332931,0.5522383351745668
9B_snr_sig_1.5_snr_10dB,9B_snr,Intensity-Weighted Centroid,1.5,10.0,10.0,31,50,50,1.0,0.7150614534204134,0.6618962726051307,0.3551934437348545,0.5858351615070928,0.5424688269217854,0.79842048109999,1.264580071632307,1.3414194234212278,0.011419319976052975,-0.0058074366325951135,0.012811213406898277,389.84009468266606,0.20503199193626642,0.19859994063153863,0.255234952783212,0.7056277409962419,0.8883452995275644
9B_snr_sig_1.5_snr_10dB,9B_snr,PSF Fitting,1.5,10.0,10.0,31,50,50,1.0,0.3604505621711029,0.3296907749248994,0.1993544281912179,0.2875983374797886,0.2948796230460374,0.4119062949372242,0.7970519698559215,0.899182739915002,-0.0055502708991082275,0.0255294319323599,0.02612579954455911,202.36800819554986,4.151505995541811,3.7706500152125955,6.472450005821884,0.3486362018768452,0.47249848193826344
9B_snr_sig_1.5_snr_15dB,9B_snr,Gaussian Fitting,1.5,15.0,10.0,31,50,50,1.0,0.20793406452042973,0.17110016578894577,0.10284341083574224,0.14814017619539047,0.17851563107222346,0.23197702976871554,0.3916582533486611,0.4678389125216674,0.0035178592955713837,-0.007721679141652089,0.008485261503929207,113.35209780309705,5.606230013072491,5.439349974039942,6.783454993274063,0.20039430475052744,0.26197458420014097
9B_snr_sig_1.5_snr_15dB,9B_snr,Intensity-Weighted Centroid,1.5,15.0,10.0,31,50,50,1.0,0.600227122600599,0.5841274816167348,0.31030045766998277,0.4423153184642118,0.5107995025325475,0.6756914774774024,1.1670431081778647,1.618065342874098,0.0037101579696849287,0.06287109672661984,0.06298047376582686,329.44939484529556,0.21301399217918515,0.20594993839040399,0.2642800332978368,0.5758784635474381,0.7819448092674344
9B_snr_sig_1.5_snr_15dB,9B_snr,PSF Fitting,1.5,15.0,10.0,31,50,50,1.0,0.20401614273877086,0.15838651858868957,0.10256630826773813,0.14553954939435254,0.1759564538508549,0.22834717885202616,0.38497935830095614,0.4670039617944633,0.002077765088933461,-0.011678677189847804,0.011862065952837309,111.57013704220577,3.448251998052001,3.4072499838657677,4.585365008097142,0.19692071310458067,0.25809996604478247
9B_snr_sig_1.5_snr_20dB,9B_snr,Gaussian Fitting,1.5,20.0,10.0,31,50,50,1.0,0.10473714759118272,0.10760708801241203,0.04115378496752877,0.08422513668518136,0.07462995680725874,0.11253223583796239,0.16106475613602633,0.20836637245960796,-0.00643754432304604,0.02237369447381468,0.02328141278614311,54.5486412907043,5.075369991827756,4.983699996955693,6.465264956932514,0.10159787155646792,0.12291808429235766
9B_snr_sig_1.5_snr_20dB,9B_snr,Intensity-Weighted Centroid,1.5,20.0,10.0,31,50,50,1.0,0.4688592447365014,0.4153196662042029,0.28237278302854046,0.39738708610276835,0.3763600453939243,0.547323834644688,0.9259377305367812,1.249219428937091,-0.055496076128845856,0.06651014677763215,0.08662224939402594,267.82334861813985,0.21904399385675788,0.20650000078603625,0.28211005264893174,0.46117559122360513,0.6289615368485957
9B_snr_sig_1.5_snr_20dB,9B_snr,PSF Fitting,1.5,20.0,10.0,31,50,50,1.0,0.10308414800581439,0.10403172918573311,0.039326473583792355,0.08285218322361065,0.072858965335109,0.11033092537734543,0.16170121255726488,0.20762653601102224,-0.006840305046882236,0.021334456117400008,0.02240421368760058,53.501463169696976,3.221659988630563,3.084049967583269,4.105779959354549,0.09979586058461212,0.12049655747898197
9B_snr_sig_1.5_snr_25dB,9B_snr,Gaussian Fitting,1.5,25.0,10.0,31,50,50,1.0,0.05277060203935943,0.0474576919530902,0.03302228465960905,0.048652482022993056,0.03883482608096803,0.06225116644478798,0.11508842402591675,0.12871773237926248,0.009948923010741738,0.001795429399859927,0.01010963084407872,30.321410625753096,4.794061998836696,4.801000060979277,5.959409987553953,0.05197787032762343,0.07118095263332352
9B_snr_sig_1.5_snr_25dB,9B_snr,Intensity-Weighted Centroid,1.5,25.0,10.0,31,50,50,1.0,0.37714940789286466,0.3491534949189693,0.20341997488566668,0.267500973803988,0.33476049807338637,0.4285106323726678,0.7024572800280218,0.871994299496864,0.0040121807015378865,0.004623899685933566,0.006121931254707911,208.68003380285813,0.22553000133484602,0.20779995247721672,0.29462503152899444,0.3705489311308182,0.4846310668973594
9B_snr_sig_1.5_snr_25dB,9B_snr,PSF Fitting,1.5,25.0,10.0,31,50,50,1.0,0.05258926714361548,0.04750738258239953,0.03241777056619098,0.04864015874124491,0.03808776476522676,0.06177817468317393,0.11344046905546036,0.1271908618307601,0.010187326002195504,0.0018278358944303363,0.01035000459574664,30.071818757375418,3.0830219946801662,2.994249982293695,3.8256950268987566,0.051522157905581664,0.07063028714057554
9B_snr_sig_1.5_snr_30dB,9B_snr,Gaussian Fitting,1.5,30.0,10.0,31,50,50,1.0,0.03733154195077322,0.03557935652514779,0.019134329167686846,0.025502794340056204,0.03330726734465812,0.04194957183476051,0.0686599739170443,0.08789175404283794,0.004883556897430026,-0.002146921036563185,0.005334641310123289,20.5951154524969,4.41684999037534,4.256749991327524,5.739489977713672,0.03647695141419259,0.04744186358693085
9B_snr_sig_1.5_snr_30dB,9B_snr,Intensity-Weighted Centroid,1.5,30.0,10.0,31,50,50,1.0,0.26583342621940936,0.2559509805457372,0.1363907259235814,0.20639026919023978,0.21603911080425234,0.29878058941891067,0.48347394893275414,0.684393596546005,-0.040204098954053503,-0.011579585536527475,0.04183845568260237,145.5437716938945,0.22293598856776953,0.20709994714707136,0.30146501958370203,0.2574987168036734,0.33928685117410207
9B_snr_sig_1.5_snr_30dB,9B_snr,PSF Fitting,1.5,30.0,10.0,31,50,50,1.0,0.037415795899237374,0.03558704850909977,0.019105240049016505,0.025539711174959154,0.03335678541471884,0.04201133156785123,0.06848846000212677,0.08770504359209849,0.005007561599975361,-0.0020849833194182565,0.005424281392018685,20.628285440482045,3.051222001668066,3.009800042491406,4.005294997477904,0.03652619320236417,0.047490744697856864
9B_snr_sig_1.5_snr_3dB,9B_snr,Gaussian Fitting,1.5,3.0,10.0,31,50,50,1.0,0.9601974167227217,0.7992972834411892,0.682035210122625,0.7214221324090754,0.9309678908524955,1.1777737927666763,1.919973968405418,3.94042293556736,-0.03137635641060285,-0.08190104499157826,0.08770551243974181,573.3125139204275,14.603895985055715,11.609599983785301,30.647634936030954,0.9119938929445928,1.4629857304231209
9B_snr_sig_1.5_snr_3dB,9B_snr,Intensity-Weighted Centroid,1.5,3.0,10.0,31,50,50,1.0,0.7429857455683987,0.7008556397826584,0.30366544296012254,0.5281362422780845,0.6044109768678768,0.8026459489500939,1.331643025824295,1.479344265780616,0.04789818959983052,0.041566991604105395,0.06341964488986895,391.2210976953016,0.21333400392904878,0.20015001064166427,0.2802399860229343,0.7139624904091437,0.8886315398126683
9B_snr_sig_1.5_snr_3dB,9B_snr,PSF Fitting,1.5,3.0,10.0,31,50,50,1.0,0.8322737928303091,0.6815257047206134,0.5126627750557533,0.7180274734096387,0.663279228220653,0.9774982287247451,1.67400410837027,2.173309932864185,0.06623606196212961,0.03055573081469163,0.07294428414804664,475.0686703914644,5.946226001251489,5.159950000233948,9.624670009361578,0.8208406210374334,1.1262372316792995
9B_snr_sig_1.5_snr_5dB,9B_snr,Gaussian Fitting,1.5,5.0,10.0,31,50,50,1.0,0.740265262430278,0.7173403507768447,0.36277560630650646,0.6297653665685744,0.5319721631465041,0.8243778255703035,1.378213124313347,1.5967068275607743,0.12864455383113862,0.01812998822928421,0.12991581006023364,402.7948636009125,11.120733998250216,9.69934999011457,23.835739970672876,0.7208969710559912,0.9248248247841068
9B_snr_sig_1.5_snr_5dB,9B_snr,Intensity-Weighted Centroid,1.5,5.0,10.0,31,50,50,1.0,0.7451457617410047,0.7375092003403882,0.4149662137946331,0.5575477299465508,0.6454298518530759,0.8529004425087581,1.3639995481387646,1.889125433597242,0.06770324727562865,-0.03903411978562474,0.0781498061360578,415.95663176849484,0.2052060072310269,0.19714998779818416,0.24543999461457122,0.7347378421541583,0.98207281428819
9B_snr_sig_1.5_snr_5dB,9B_snr,PSF Fitting,1.5,5.0,10.0,31,50,50,1.0,0.6535837578618116,0.6238999539682382,0.30649432060315884,0.5579798940117554,0.45800538750258074,0.7218798356393942,1.249670722451292,1.350663962713276,0.09448985428474885,-0.03249096613167069,0.09991994517073377,351.981437717308,4.78491400135681,4.3056500144302845,6.817549938568841,0.6348890165640152,0.805857534987218
9B_snr_sig_1.5_snr_7dB,9B_snr,Gaussian Fitting,1.5,7.0,10.0,31,50,50,1.0,0.5176758097702004,0.4669960909806528,0.3585663795018773,0.3659760389440504,0.512464273339264,0.6297285864007739,1.2519577634153656,1.7403987097390026,0.004596137660245176,0.08405970444334969,0.08418526232361118,308.2806048628202,9.99135799240321,8.302350004669279,21.592950000194826,0.5039372280441089,0.7576049318594416
9B_snr_sig_1.5_snr_7dB,9B_snr,Intensity-Weighted Centroid,1.5,7.0,10.0,31,50,50,1.0,0.6752336703287941,0.6378620710414075,0.3093970013433751,0.5517154255407788,0.4972696483863904,0.7427428989805066,1.2027702126033875,1.249699528376908,-0.003347285644724707,0.012399556561978215,0.012843415594034053,363.71413793455434,0.20854199770838022,0.19639998208731413,0.26509492308832705,0.6595235969587924,0.8246016242601311
9B_snr_sig_1.5_snr_7dB,9B_snr,PSF Fitting,1.5,7.0,10.0,31,50,50,1.0,0.4553700092864532,0.38531876263286596,0.3278484268693297,0.3588961865758578,0.43132350228053384,0.5611117859733822,1.1189382805676216,1.6011776015031753,0.015018706069497512,0.05731992546642061,0.05925483429626629,274.0698494089681,4.388227988965809,4.187399928923696,6.8779349385295045,0.4375599925199366,0.6857906031334992
9B_snr_sig_1_snr_0dB,9B_snr,Gaussian Fitting,1.0,0.0,10.0,31,50,44,0.88,1.9094912511111983,1.2502684726824143,1.8039471177898423,1.691479069960271,2.009796158255564,2.6268578267299674,5.61136820994676,7.643765889056649,-0.10701812883911609,0.34811428342319123,0.3641928530647843,1278.55690604104,127.74474800564349,27.9627499403432,657.549055077834,1.8730294364433588,3.2620147861012154
9B_snr_sig_1_snr_0dB,9B_snr,Intensity-Weighted Centroid,1.0,0.0,10.0,31,50,50,1.0,0.6689164652446878,0.6376624846009236,0.3116752725251886,0.536024340286071,0.5072165411340415,0.7379638967992258,1.1784301218296944,1.310830788671964,-0.0486727752828466,0.02820286187875638,0.056253359649772856,357.66768668280844,0.2182260062545538,0.1999500091187656,0.2924400032497942,0.6489384216983014,0.819691738638394
9B_snr_sig_1_snr_0dB,9B_snr,PSF Fitting,1.0,0.0,10.0,31,50,50,1.0,1.2304692275018956,1.0157800177485061,0.7691220956799905,1.2068091000965724,0.8057388620492334,1.451069715035185,2.44149524175604,3.6476890877965653,0.22915489796013502,0.11491103096338805,0.25635232063741614,702.0706834804477,16.347310000564903,7.328650041017681,33.82502995082173,1.1964441009819051,1.6925537903185994
9B_snr_sig_1_snr_10dB,9B_snr,Gaussian Fitting,1.0,10.0,10.0,31,50,50,1.0,0.37988801759007385,0.3655066435186791,0.21705222671647942,0.2716820722831737,0.34295105573684803,0.4375232279903528,0.7075727717961315,0.9535322467270805,-0.055576406787520224,-0.04919026267644426,0.0742187236052299,214.28276258043084,14.964580000378191,10.038900014478713,34.95411003823391,0.3732596735338633,0.49782320651819445
9B_snr_sig_1_snr_10dB,9B_snr,Intensity-Weighted Centroid,1.0,10.0,10.0,31,50,50,1.0,0.8004934346884088,0.8233618972275196,0.4037875121265177,0.6711747206478065,0.5944397263742619,0.8965679527668655,1.4001475660519112,1.8117685355767588,-0.02930453148381844,-0.040063976565973575,0.04963746351058831,433.17498649898215,0.22332200780510902,0.2048499882221222,0.32567503512836987,0.7821319017276589,1.0042152832086
9B_snr_sig_1_snr_10dB,9B_snr,PSF Fitting,1.0,10.0,10.0,31,50,50,1.0,0.33907425351451237,0.32242052902140195,0.19756984447522224,0.25421463842312164,0.298965065607654,0.3924349536450433,0.6809277030905231,0.7579751827921123,-0.055211245120743796,-0.07068470037204293,0.08969174128351139,192.11287591959854,5.5945120099931955,4.830299993045628,10.36076500895433,0.3354411124878335,0.4435442845581238
9B_snr_sig_1_snr_15dB,9B_snr,Gaussian Fitting,1.0,15.0,10.0,31,50,50,1.0,0.20029878352961739,0.17064627719781328,0.12625698395659032,0.1743260646408983,0.16022125910152052,0.23677083579119118,0.4438896986292528,0.5065465329952147,0.00016277250015605204,0.0233157802141983,0.023316348382274785,115.59925894698365,7.533748000860214,6.992899929173291,10.337840043939648,0.19785743459137595,0.27218073009201355
9B_snr_sig_1_snr_15dB,9B_snr,Intensity-Weighted Centroid,1.0,15.0,10.0,31,50,50,1.0,0.631232361525287,0.5539414249875869,0.370209908884662,0.5185498287184573,0.5163484734258822,0.7317852628149739,1.3625671535604766,1.4632130803684917,0.008939531058557578,-0.023254806600592134,0.02491387656664171,355.95076054086104,0.2192759932950139,0.2084499574266374,0.2697200106922537,0.6265915429320216,0.8329816732994721
9B_snr_sig_1_snr_15dB,9B_snr,PSF Fitting,1.0,15.0,10.0,31,50,50,1.0,0.1970566078211893,0.17214308277581877,0.1258603084532285,0.17053315255102372,0.1599705216936704,0.23382070894156445,0.42711660995916545,0.5020869317739659,-0.0023018772733382777,0.030084059681441885,0.03017199505995698,114.15994874223814,3.890177996363491,3.735999984201044,5.340480018639936,0.19496758358962601,0.2685432648868255
9B_snr_sig_1_snr_20dB,9B_snr,Gaussian Fitting,1.0,20.0,10.0,31,50,50,1.0,0.10432152072911303,0.09931906348637692,0.04377666535834304,0.0824029666103533,0.07751856042873932,0.11313432775745438,0.17660573110388064,0.2260608724075377,-0.0221461297449315,-0.006986379546724493,0.023221984451166744,55.01107647939316,6.177567995619029,5.99824998062104,7.610104972263798,0.10057768119859246,0.12591509401069712
9B_snr_sig_1_snr_20dB,9B_snr,Intensity-Weighted Centroid,1.0,20.0,10.0,31,50,50,1.0,0.5795459310450002,0.5199125072293516,0.2576366967440593,0.43575093168092777,0.4608375844472865,0.6342319399872625,0.9665906037181854,1.4298225565831488,-0.018609641485935528,-0.09335402553528752,0.0951908232965666,309.91744082360776,0.22371599916368723,0.20760000916197896,0.3272199828643351,0.5565250114023453,0.7123866931285701
9B_snr_sig_1_snr_20dB,9B_snr,PSF Fitting,1.0,20.0,10.0,31,50,50,1.0,0.10437302961560523,0.10054246519503543,0.04400412533181328,0.08280820132951193,0.0772845013565395,0.1132699976046523,0.17622693822929275,0.24710354219583816,-0.02245150241318129,-0.007476722179679314,0.023663713469385863,55.023455643325065,3.521498003974557,3.432700061239302,4.596065019723027,0.10001791990376721,0.1268897426429789
9B_snr_sig_1_snr_25dB,9B_snr,Gaussian Fitting,1.0,25.0,10.0,31,50,50,1.0,0.05577336723594847,0.05358779368304242,0.023637194181767254,0.04425112278062209,0.04136693817865723,0.060575452467336484,0.09750419779200181,0.10675597969453744,0.009872796558900632,-0.007535909910752139,0.012420227456709981,29.288119466929302,5.697951994370669,5.551899957936257,6.752935016993433,0.05386717113961817,0.06729134058452227
9B_snr_sig_1_snr_25dB,9B_snr,Intensity-Weighted Centroid,1.0,25.0,10.0,31,50,50,1.0,0.5629057552067607,0.5073687797585034,0.29137794102034986,0.4347417407831011,0.4612630622313379,0.633848557431625,1.1389118455027625,1.2246108323725615,-0.0002574511508009891,0.03126163300288283,0.03126269308780006,307.2826498616129,0.2317679999396205,0.21130003733560443,0.3293049870990216,0.5469248157901238,0.7185355722268298
9B_snr_sig_1_snr_25dB,9B_snr,PSF Fitting,1.0,25.0,10.0,31,50,50,1.0,0.05567896291761296,0.05466134128291461,0.02359703198491269,0.04428782941235959,0.04117711738356207,0.060472860276969805,0.09478244897837637,0.10809534418816463,0.008975376645812503,-0.008027806729831468,0.012041721921125893,29.23696951803317,3.3430040068924427,3.218050056602806,4.185250087175518,0.05381302367990254,0.06719830517381538
9B_snr_sig_1_snr_30dB,9B_snr,Gaussian Fitting,1.0,30.0,10.0,31,50,50,1.0,0.03233493428990579,0.032755631082197006,0.016091002845735808,0.026415518573779887,0.02463105208049979,0.03611742443909869,0.06417763127116695,0.07446815502655187,0.0030746182208883964,-0.00817571416284693,0.008734734070181804,17.582018262582103,5.636949997860938,5.523200030438602,6.918050016975029,0.031280443937761075,0.04090852138250895
9B_snr_sig_1_snr_30dB,9B_snr,Intensity-Weighted Centroid,1.0,30.0,10.0,31,50,50,1.0,0.4460073984049261,0.4164168719850292,0.23468655430494606,0.36069021965773207,0.3519984994949777,0.5039845019476877,0.868226899746245,1.2047216466497863,-0.0974504649120479,-0.16645415444866785,0.19288229220121594,246.69737826184397,0.22979599190875888,0.2080500707961619,0.3306449973024427,0.42707613609896505,0.5775873738449182
9B_snr_sig_1_snr_30dB,9B_snr,PSF Fitting,1.0,30.0,10.0,31,50,50,1.0,0.03225001556657764,0.03200436011586939,0.01619529234523543,0.026257004164101143,0.0247572359224231,0.03608810050684493,0.06414834829906024,0.07459414800204536,0.003011239849881804,-0.008225977810452036,0.008759810293126528,17.572774592940807,3.254461996257305,3.2205000170506537,4.179289966123179,0.03113454034285085,0.04088994034021627
9B_snr_sig_1_snr_3dB,9B_snr,Gaussian Fitting,1.0,3.0,10.0,31,50,44,0.88,1.063798466670217,0.9517799564809286,0.720306638960139,0.8897868492055279,0.9267082576522429,1.2847213051163884,2.1148515485881445,3.4060646254099036,-0.1253953086630543,0.20803213620831942,0.2429019413880824,631.0118775786622,107.59038600604981,23.83590000681579,635.189819970401,1.0296614630459044,1.5533519878261792
9B_snr_sig_1_snr_3dB,9B_snr,Intensity-Weighted Centroid,1.0,3.0,10.0,31,50,50,1.0,0.7930712704877836,0.7785843530097485,0.40475371013877387,0.6428892340890101,0.6160203232334591,0.890386211676826,1.4780445838562668,1.7107709864245404,0.030178753033703744,-0.026364302708486775,0.04007285355417063,433.6364257118766,0.2190240053460002,0.20180002320557833,0.3168050199747085,0.7719710124951122,0.9968733586104793
9B_snr_sig_1_snr_3dB,9B_snr,PSF Fitting,1.0,3.0,10.0,31,50,50,1.0,0.7491776260783545,0.6106565459498849,0.5181134835542147,0.6253631166567455,0.6622912271670552,0.9108834707343646,1.4350378567888207,2.817113826114486,-0.11371108670274112,0.03383003219408806,0.1186367662968413,446.10886255256196,8.22783200070262,6.691450020298362,12.286689964821562,0.7368864392533035,1.0990001588626708
9B_snr_sig_1_snr_5dB,9B_snr,Gaussian Fitting,1.0,5.0,10.0,31,50,48,0.96,0.9156532725637426,0.7646276694144688,0.8320789000355909,0.6908080136888044,1.0264309522147408,1.2372454127783747,1.6456769928443653,5.523376243434335,-0.11773619557317379,0.19440991991225687,0.22728182661254454,606.0790174717647,56.24097200576216,18.498949997592717,263.8906050764484,0.8433681898812168,1.7164707248949294
9B_snr_sig_1_snr_5dB,9B_snr,Intensity-Weighted Centroid,1.0,5.0,10.0,31,50,50,1.0,0.7603248702237169,0.7145181153441733,0.3771810357757955,0.6153513340069833,0.5845529725913979,0.8487399142432348,1.3911513553193553,1.810889041585935,-0.04748880551705668,0.09870088212945859,0.10953104939956575,415.5741739744185,0.23340000305324793,0.20415004109963775,0.36413003108464176,0.7353066538798482,0.9639295228552061
9B_snr_sig_1_snr_5dB,9B_snr,PSF Fitting,1.0,5.0,10.0,31,50,50,1.0,0.7686297487100294,0.5879130024764447,0.6290959725415106,0.5805145959446287,0.8059505178143609,0.9932539621214668,1.8254363474878033,3.006019919276467,-0.04211782495956072,0.18965257899952234,0.1942730344141828,484.93219151947363,7.100809994153678,5.8661000221036375,11.976319953100752,0.7504408328727241,1.2607279736986143
9B_snr_sig_1_snr_7dB,9B_snr,Gaussian Fitting,1.0,7.0,10.0,31,50,50,1.0,0.5834430280449783,0.5028664637125799,0.4400086606697787,0.5952029148145276,0.4239656573768634,0.7307621969140888,1.176557026683281,2.7678669670143115,0.025571241693118054,-0.08696777862032945,0.09064923011191264,347.5188851008214,27.97953999834135,12.047250056639314,64.25812993547878,0.543522511446562,0.9465894589002717
9B_snr_sig_1_snr_7dB,9B_snr,Intensity-Weighted Centroid,1.0,7.0,10.0,31,50,50,1.0,0.7234859439271766,0.6607740030693292,0.36205150487521504,0.5925134405239872,0.5508548139401462,0.8090199028717437,1.2947220945568396,1.4203701153536041,-0.10510297722682367,-0.017947698505870448,0.1066243673069146,394.02489767605226,0.2174959983676672,0.20674994448199868,0.28227498987689614,0.7079968736890951,0.9026500026159989
9B_snr_sig_1_snr_7dB,9B_snr,PSF Fitting,1.0,7.0,10.0,31,50,50,1.0,0.5322792300156253,0.43661368732780975,0.3491030060642191,0.48371623690170457,0.41377855153059245,0.6365485743830561,1.097396861895341,1.8917255260052248,-0.02849849642549202,-0.06510399140288825,0.07106823478250412,305.6031507376368,6.1085659940727055,5.6098499917425215,10.772969946265219,0.5070078852998323,0.7705240450257849
9B_snr_sig_2.5_snr_0dB,9B_snr,Gaussian Fitting,2.5,0.0,10.0,31,50,49,0.98,1.3945806779666554,1.1825469310175423,0.7840743594905047,1.196017360208782,1.062624271625488,1.599883704701183,2.8164626065501257,4.2668576136193135,0.027183435518327664,-0.10276832981155193,0.1063027223491242,782.765336320781,26.66233000345528,9.6790999523364,49.85081495251502,1.3300595326944415,1.8743135114900427
9B_snr_sig_2.5_snr_0dB,9B_snr,Intensity-Weighted Centroid,2.5,0.0,10.0,31,50,50,1.0,0.6497987458807417,0.6146544214195111,0.3732344875530947,0.569347881410816,0.4872221082629783,0.7493613232928464,1.3423962880537303,1.7626239168365219,-0.11284496077698009,-0.08215658789010433,0.13958398943468628,361.59644433198076,0.21274400874972343,0.19869999960064888,0.27092996751889586,0.6358046433809735,0.8620840644069345
9B_snr_sig_2.5_snr_0dB,9B_snr,PSF Fitting,2.5,0.0,10.0,31,50,50,1.0,1.2399988397513497,0.9658194758306013,0.8715088107405653,1.0382909062630257,1.1041180750964243,1.5156268438448588,3.0573874428814984,4.4566717756829,-0.08587523542963708,-0.14943228976473108,0.17235012412071582,742.1195122044032,4.555649999529123,4.3895000126212835,6.5598399785812935,1.1879099663286146,1.8326949401066437
9B_snr_sig_2.5_snr_10dB,9B_snr,Gaussian Fitting,2.5,10.0,10.0,31,50,50,1.0,0.3647958566903118,0.35228219915056336,0.163638282820779,0.30544209964942104,0.257989589760333,0.3998168388937012,0.6939580402876185,0.7566083787673216,-0.05882402031053175,0.005358230038437455,0.05906755450023867,194.63697639764686,5.548714005853981,5.358099995646626,7.7537700068205595,0.351639760731817,0.44960241509755683
9B_snr_sig_2.5_snr_10dB,9B_snr,Intensity-Weighted Centroid,2.5,10.0,10.0,31,50,50,1.0,0.5677620780825301,0.5660109282346419,0.27546199980550234,0.4716648645643862,0.4192437789412012,0.6310571215392784,1.08059007543242,1.1570412929992795,0.13300343583688742,-0.02878926088108301,0.13608356067687266,307.5849933466802,0.22355600725859404,0.20115001825615764,0.3026950289495289,0.5539231255093444,0.7097314422607136
9B_snr_sig_2.5_snr_10dB,9B_snr,PSF Fitting,2.5,10.0,10.0,31,50,50,1.0,0.34862046509983835,0.3356988881745747,0.1555431018782129,0.29836379979868116,0.23813636471151617,0.3817458385212912,0.6447394822400451,0.7535541946067515,-0.054723706756910816,0.004412558901850047,0.05490131835647176,185.61574541367594,3.4153740061447024,3.238700039219111,4.348260071128605,0.33593829159193017,0.42826642676934584
9B_snr_sig_2.5_snr_15dB,9B_snr,Gaussian Fitting,2.5,15.0,10.0,31,50,50,1.0,0.16914217650838115,0.16231191436538872,0.08601695367375532,0.13635669013667392,0.13196531835401465,0.1897577197199243,0.32750224501365494,0.4419137808928335,0.006428655172674098,-0.03485848941726715,0.0354463240940845,92.6926488518134,4.64125199476257,4.559450026135892,6.037130020558833,0.16254713359195846,0.21609445954511725
9B_snr_sig_2.5_snr_15dB,9B_snr,Intensity-Weighted Centroid,2.5,15.0,10.0,31,50,50,1.0,0.4823711587162077,0.4436281076883109,0.23067480772936377,0.38455411538125456,0.3714982288323008,0.5346894441469701,0.880550829678357,0.9479847712262948,-0.018393511250710048,0.03257519306455436,0.037409416719898045,260.1291178644852,0.22060800809413195,0.2011999604292214,0.3051349835004657,0.46599942023976154,0.5965505985952514
9B_snr_sig_2.5_snr_15dB,9B_snr,PSF Fitting,2.5,15.0,10.0,31,50,50,1.0,0.1669885863747977,0.156224867461942,0.08742221001359646,0.13625623073124415,0.13023851338996695,0.18848827757479944,0.32500403535864486,0.4652235345539656,0.008114973567920174,-0.030870294418793378,0.0319190832185235,92.05637100106148,3.1312539894133806,3.089499950874597,3.7976150342728943,0.15974900261471536,0.21612024363447077
9B_snr_sig_2.5_snr_20dB,9B_snr,Gaussian Fitting,2.5,20.0,10.0,31,50,50,1.0,0.09328044208300167,0.08557613890706559,0.0530788472243192,0.07956616848733525,0.07202659043789196,0.10732476367485208,0.18238462640929248,0.2587178478540166,-0.009526360605585751,-0.0073521820896013425,0.012033541783959987,52.16937555487239,4.392323999200016,4.344250017311424,5.65283497562632,0.09033773350734906,0.12466320356231374
9B_snr_sig_2.5_snr_20dB,9B_snr,Intensity-Weighted Centroid,2.5,20.0,10.0,31,50,50,1.0,0.3427878126595374,0.32318495931611524,0.18302484629885224,0.28489318413339487,0.2642677666779741,0.3885892161018221,0.6728115775202569,0.9834354945394811,0.039328925212738,0.02536463127414265,0.04679881278475293,187.35675122437863,0.21519399248063564,0.20504998974502087,0.2370749949477613,0.32863489233965726,0.44980060298780894
9B_snr_sig_2.5_snr_20dB,9B_snr,PSF Fitting,2.5,20.0,10.0,31,50,50,1.0,0.09246806928944792,0.08709783837374341,0.051982587745255215,0.07884653055273082,0.07096307410624617,0.10607795844006095,0.176762977114617,0.25809638710381977,-0.00988070375844302,-0.007313734212847862,0.012293047421135711,51.544609306823546,2.954649990424514,2.888949995394796,3.8824399816803634,0.08940281966645927,0.12324327901843582
9B_snr_sig_2.5_snr_25dB,9B_snr,Gaussian Fitting,2.5,25.0,10.0,31,50,50,1.0,0.060164971618976056,0.054785700731393744,0.02713725118547421,0.043797954716516284,0.049376040489955295,0.06600192581899195,0.10733004652049753,0.11981484050930148,0.001689952047204315,-0.003533354991776605,0.00391669955699473,32.34336733706227,4.292665994726121,4.208300029858947,5.187810026109219,0.057923438206610375,0.07315687121425857
9B_snr_sig_2.5_snr_25dB,9B_snr,Intensity-Weighted Centroid,2.5,25.0,10.0,31,50,50,1.0,0.26893221230105957,0.26473463138394066,0.11866396839402439,0.21536502090602697,0.2000589412605865,0.2939484175976462,0.44650465363968894,0.47098694458120277,0.036990678991243156,0.005230151390181277,0.03735859761550764,143.40182776693,0.22452400298789144,0.20735000725835562,0.3305800084490329,0.2625129878694812,0.32203189243255814
9B_snr_sig_2.5_snr_25dB,9B_snr,PSF Fitting,2.5,25.0,10.0,31,50,50,1.0,0.060135089133442426,0.055166771679054726,0.027286476585359393,0.04396927570626966,0.049269499118587315,0.06603620786758149,0.10652863358296655,0.12103065563924005,0.0016943574564783149,-0.0034229876325667873,0.0038193836574804637,32.35419276994787,2.870185987558216,2.750249987002462,3.7564050289802244,0.05790490472634374,0.07320886007028664
9B_snr_sig_2.5_snr_30dB,9B_snr,Gaussian Fitting,2.5,30.0,10.0,31,50,50,1.0,0.03130847224190172,0.02863135690593374,0.016477618897831225,0.026234971652863297,0.02373728335419946,0.03537982982808277,0.06528462350668007,0.07490789940875726,-0.009235153065542363,0.0020277968517484622,0.009455157968852634,17.065786625378266,4.375525999348611,4.282799956854433,5.566774925682693,0.03003239285843387,0.04039205142492638
9B_snr_sig_2.5_snr_30dB,9B_snr,Intensity-Weighted Centroid,2.5,30.0,10.0,31,50,50,1.0,0.16328275805984213,0.15671383532421296,0.08693593581825314,0.13186870194780542,0.12972957050273937,0.1849840966575894,0.326315315636932,0.3920872576680096,0.009181266823068768,-0.016637135933488593,0.01900236702481458,90.2464650656996,0.22565600462257862,0.21344999549910426,0.30160502064973116,0.1596992943593289,0.20981590842566877
9B_snr_sig_2.5_snr_30dB,9B_snr,PSF Fitting,2.5,30.0,10.0,31,50,50,1.0,0.03125194729520773,0.02797587097847392,0.01651189678043986,0.02617295007482027,0.023755075866250305,0.03534581934303323,0.0654949928517139,0.07472670453424488,-0.009192883998985622,0.0020533101099169926,0.009419405428491397,17.05001757609397,3.1316380039788783,3.0648999963887036,4.108635021839291,0.02997565682430955,0.04037876709474393
9B_snr_sig_2.5_snr_3dB,9B_snr,Gaussian Fitting,2.5,3.0,10.0,31,50,50,1.0,0.7626159988458019,0.7395477435633131,0.3344101913926417,0.5769970064545521,0.6004063560167638,0.8327144395306493,1.3608401785568136,1.4183488805503621,-0.012551415401021586,-0.08465270379183323,0.08557814141377959,406.3860427562558,9.935677994508296,8.905549999326468,16.456225002184503,0.7350521637947312,0.9228231267749789
9B_snr_sig_2.5_snr_3dB,9B_snr,Intensity-Weighted Centroid,2.5,3.0,10.0,31,50,50,1.0,0.7468797314999955,0.723559747278175,0.3315837481491116,0.5631834090334759,0.5921161736952907,0.8171763061678421,1.252315167999785,1.870655575383569,0.044325279944507655,-0.13359006043333238,0.14075167739227967,400.04886394701083,0.20549599081277847,0.19895000150427222,0.24324504192918536,0.7183582796686192,0.9227692996714538
9B_snr_sig_2.5_snr_3dB,9B_snr,PSF Fitting,2.5,3.0,10.0,31,50,50,1.0,0.7371175221360182,0.7409568239670108,0.33217325475543413,0.5479992927285849,0.5944561277198954,0.8085056045660796,1.2870498320371393,1.4444648984542132,0.022860386798975584,-0.004215906697085075,0.02324588466540484,395.51320478635245,4.134571992326528,3.7883499753661454,6.313330057309939,0.7157041370629191,0.8949320834396921
9B_snr_sig_2.5_snr_5dB,9B_snr,Gaussian Fitting,2.5,5.0,10.0,31,50,50,1.0,0.533749662261863,0.46866590722865203,0.31891402338812913,0.4662503614183152,0.4113459088839313,0.62176752591162,1.1741244312289199,1.3795904217951875,-0.028976615860827337,0.020640311796857987,0.03557621027902586,299.1357709142817,8.103843999560922,7.796450052410364,12.135540024610235,0.5229143402090587,0.722592701078624
9B_snr_sig_2.5_snr_5dB,9B_snr,Intensity-Weighted Centroid,2.5,5.0,10.0,31,50,50,1.0,0.6317623272986334,0.7142204590000707,0.3184030965289671,0.43005123252815675,0.5617473697971657,0.7074631934404929,1.0759954447431919,1.4668359009587488,0.05787140014669262,-0.08566694315200038,0.10338241680260081,345.2112786884563,0.20890799118205905,0.19895000150427222,0.27026501484215254,0.6251755785868811,0.7892019914857913
9B_snr_sig_2.5_snr_5dB,9B_snr,PSF Fitting,2.5,5.0,10.0,31,50,50,1.0,0.5368599163831127,0.4733540634400527,0.330336725104722,0.4840646917165679,0.4037601961624493,0.6303498407803364,1.1027758095990585,1.8548292831286233,-0.012174717910967274,-0.014239280429830501,0.018734483269388064,301.9248659603814,4.043056003283709,3.787799971178174,5.961604986805465,0.5101433935701433,0.7575925687983668
9B_snr_sig_2.5_snr_7dB,9B_snr,Gaussian Fitting,2.5,7.0,10.0,31,50,50,1.0,0.5449975511924684,0.4910785562844806,0.28545617175379406,0.43849370929362186,0.43154469491356207,0.6152296780862565,1.132314986561539,1.2949541390374053,0.001091850175968716,0.040631011442173987,0.04064567907688142,300.3243655260204,6.6108280047774315,6.3119500409811735,8.85802498087287,0.5250094217303136,0.7044962992094567
9B_snr_sig_2.5_snr_7dB,9B_snr,Intensity-Weighted Centroid,2.5,7.0,10.0,31,50,50,1.0,0.6814658381354203,0.6832788823387673,0.35347119311337927,0.5307824861951197,0.5546237691040065,0.7676832503751835,1.2590093043744086,1.5404944361381527,0.03138604635111051,-0.07620327305934665,0.08241372901714498,376.42853740020735,0.2116300049237907,0.20415004109963775,0.2245849638711661,0.6686612748162671,0.8654050217539352
9B_snr_sig_2.5_snr_7dB,9B_snr,PSF Fitting,2.5,7.0,10.0,31,50,50,1.0,0.5476423774956539,0.5230456752922934,0.2724830947663941,0.441550933079015,0.42331074172481764,0.6116855487606062,1.1344417966179579,1.2236212727622224,0.01250127692448359,0.06440180248675745,0.06560391823882125,298.25843680163973,3.5581160080619156,3.5194000229239464,4.217925015836954,0.52699916832103,0.6949418635669184
9B_snr_sig_2_snr_0dB,9B_snr,Gaussian Fitting,2.0,0.0,10.0,31,50,50,1.0,1.1150789563781003,1.0844401629761757,0.7158621848548589,0.7285833882428278,1.1068089234547427,1.3250885806852482,2.395980951552011,3.203339234521748,0.09584935167957952,-0.14220812760821333,0.17149416834175324,647.7461642231365,13.606992005370557,11.479099979624152,31.561130040790886,1.095823330588821,1.5547571861178884
9B_snr_sig_2_snr_0dB,9B_snr,Intensity-Weighted Centroid,2.0,0.0,10.0,31,50,50,1.0,0.7349492849811853,0.7551562713017064,0.3680249855979466,0.6412765400015953,0.5141568250663473,0.8219445489318147,1.2857628362917322,1.6438989241372162,0.07557637201158798,0.08711290351040475,0.11532755943159045,396.7475972974089,0.21790599217638373,0.2004000125452876,0.29583497671410436,0.720292978000928,0.9203218253304783
9B_snr_sig_2_snr_0dB,9B_snr,PSF Fitting,2.0,0.0,10.0,31,50,50,1.0,1.0006337192032297,0.7495028124564108,0.6878930005827864,0.673268353588245,1.0105317136606107,1.21427534779278,2.3396671049179862,2.871041908512978,0.0909694870901211,-0.23189654259941847,0.24910129275257406,594.6415578793226,5.416560007724911,4.868449992500246,8.701770048355682,1.0000551704660143,1.4219649878549891
9B_snr_sig_2_snr_10dB,9B_snr,Gaussian Fitting,2.0,10.0,10.0,31,50,50,1.0,0.34419675761850277,0.31671542911035966,0.17921121078581104,0.24809645600159624,0.29838936734718735,0.38805678196161797,0.6843844180810321,0.7668736956827968,-0.0013000664476908242,0.0030056801458846396,0.0032747955520576466,189.25116602608077,6.05572001542896,5.61840005684644,8.308535040123386,0.3369247214550602,0.44339069193833225
9B_snr_sig_2_snr_10dB,9B_snr,Intensity-Weighted Centroid,2.0,10.0,10.0,31,50,50,1.0,0.6042157940678939,0.6137276511115577,0.2831877788468416,0.4873979625489584,0.4557579072187639,0.6672870775680458,1.0760373639666088,1.176236740888149,-0.027715178480690952,0.028988775315663132,0.0401058625704342,322.08990398320725,0.21415000082924962,0.2012000186368823,0.27899497654289007,0.5897970319052768,0.7418757289235737
9B_snr_sig_2_snr_10dB,9B_snr,PSF Fitting,2.0,10.0,10.0,31,50,50,1.0,0.3213480816507456,0.28198538380853333,0.15865949250990607,0.23079904642893426,0.27417006457965076,0.35838167383965835,0.6404391222713571,0.7126044722374533,-0.012534979263734272,-0.00673916486158987,0.014231726816305034,174.7894250268929,3.5789520060643554,3.555550007149577,4.413824994117022,0.31320400230061396,0.407506438473773
9B_snr_sig_2_snr_15dB,9B_snr,Gaussian Fitting,2.0,15.0,10.0,31,50,50,1.0,0.18330706341146868,0.17828200991533927,0.09810124021743227,0.14235459231088035,0.15152723476899324,0.20790702929130256,0.3749967173065276,0.40577798105294477,-0.024493046887110948,-0.0017011922862764095,0.024552054924366344,100.19105480369974,4.901117999106646,4.793400061316788,6.042660016100853,0.17979065901035382,0.23523452240090992
9B_snr_sig_2_snr_15dB,9B_snr,Intensity-Weighted Centroid,2.0,15.0,10.0,31,50,50,1.0,0.5402221243098386,0.547187977429926,0.24371365326047031,0.448094761935118,0.387875460303574,0.592651911647469,0.9268186387641316,1.1903389478117368,-0.0066743464869330185,-0.06866581369588744,0.0689894257951605,286.34026562271924,0.2203680039383471,0.20584999583661556,0.3038249851670116,0.5259625111739694,0.6585548366159667
9B_snr_sig_2_snr_15dB,9B_snr,PSF Fitting,2.0,15.0,10.0,31,50,50,1.0,0.18089557352864205,0.1726543820942214,0.1012997645579745,0.14477516076214145,0.14840823308716233,0.20732788240310904,0.382465906363507,0.40363175558042563,-0.025012152317122515,0.001593771730869662,0.025062878363529127,99.71515413033761,3.42736599734053,3.2986000296659768,4.879914980847388,0.17733818576023366,0.2357886242872814
9B_snr_sig_2_snr_20dB,9B_snr,Gaussian Fitting,2.0,20.0,10.0,31,50,50,1.0,0.09026174757542972,0.0796368975783837,0.05102030364894757,0.06753567307852495,0.07867138820201411,0.10368343387350462,0.17580405818172684,0.25364384515493416,-0.0014350121229739442,0.011569344368422208,0.011658001068288886,51.0642388595909,4.2865739949047565,4.287849995307624,5.209580040536821,0.08778713324934395,0.11939901147390337
9B_snr_sig_2_snr_20dB,9B_snr,Intensity-Weighted Centroid,2.0,20.0,10.0,31,50,50,1.0,0.39185995653879296,0.36448713828549795,0.21763689314522655,0.3192961704817704,0.314594975026887,0.4482410543407324,0.7364267069342627,0.9107906839446034,0.010505570257120667,0.002113278807308916,0.010716013892521761,219.27324828495213,0.21463400684297085,0.2034500357694924,0.27126002241857344,0.3839620862754614,0.5096594687853674
9B_snr_sig_2_snr_20dB,9B_snr,PSF Fitting,2.0,20.0,10.0,31,50,50,1.0,0.09150925408077029,0.0809441390250066,0.04998989470717106,0.06773559866414253,0.07927686818273814,0.1042733578401167,0.17645566761888312,0.24164493974746903,-0.0012663747102214984,0.011950588647788436,0.012017498655516398,51.34235522414866,3.084719986654818,3.03934991825372,3.9331600069999686,0.08858413987890128,0.1199000953010171
9B_snr_sig_2_snr_25dB,9B_snr,Gaussian Fitting,2.0,25.0,10.0,31,50,50,1.0,0.05052350166268063,0.048693700224638994,0.027151383771434025,0.0387007914442334,0.042332854883087384,0.0573569687218788,0.10396742099758399,0.12013163414318766,-0.007101910012268036,0.01128441868118557,0.013333237821123677,27.893684484591546,4.09174200380221,4.116200027056038,4.795725009171291,0.04955698384024969,0.06546462022659405
9B_snr_sig_2_snr_25dB,9B_snr,Intensity-Weighted Centroid,2.0,25.0,10.0,31,50,50,1.0,0.3148505392428208,0.2949792155604571,0.12456386257515109,0.23159558039148365,0.24700304667001174,0.33859565549654674,0.5406577049635101,0.6123021575571085,-0.006805675440710956,0.011452636039518325,0.013322165381722682,165.34918130791,0.21617398830130696,0.20269991364330053,0.2853750134818256,0.30240116736843486,0.37241732883218737
9B_snr_sig_2_snr_25dB,9B_snr,PSF Fitting,2.0,25.0,10.0,31,50,50,1.0,0.05072549592386457,0.049811431372098675,0.027154260901727848,0.03872628358903686,0.04255237691624994,0.05753633479672742,0.10255837325707896,0.1201608680357664,-0.0073074210689412665,0.011325743372914303,0.013478533511770446,27.985001721687667,2.926075996365398,2.827199932653457,3.5907400131691247,0.04971159369140904,0.06557127290578416
9B_snr_sig_2_snr_30dB,9B_snr,Gaussian Fitting,2.0,30.0,10.0,31,50,50,1.0,0.032713415707898534,0.03240874219136605,0.014784790847783584,0.028638432739132778,0.021647119391195117,0.035899270294679916,0.05458373233253059,0.07799342131590203,0.004233121278169279,0.004730081970791389,0.00634767604766463,17.527437043316365,4.059609998948872,4.08694997895509,4.766275023575872,0.03168447597859461,0.04007959800273453
9B_snr_sig_2_snr_30dB,9B_snr,Intensity-Weighted Centroid,2.0,30.0,10.0,31,50,50,1.0,0.25309195076657354,0.2190037242206287,0.1414715488151707,0.2195444374515816,0.18939370277562423,0.289947813695832,0.50336854642748,0.7047163470376316,0.005972868548848851,-0.008647496534413221,0.010509726686004563,141.03085342146554,0.21440199576318264,0.2019999665208161,0.29222006560303265,0.24412834669064162,0.3389192285368185
9B_snr_sig_2_snr_30dB,9B_snr,PSF Fitting,2.0,30.0,10.0,31,50,50,1.0,0.03274391506258505,0.03230753373731459,0.0147281644726071,0.028627922883968437,0.021668521724093375,0.03590379927470002,0.0548184049238559,0.07827493393834835,0.004231941620386124,0.004772314382370837,0.006378425702517815,17.528548230726738,2.9302320047281682,2.9223000165075064,3.6412100133020426,0.03166442272475362,0.04014761118256025
9B_snr_sig_2_snr_3dB,9B_snr,Gaussian Fitting,2.0,3.0,10.0,31,50,50,1.0,0.7501509028269676,0.6798530514600625,0.4321054669642543,0.6234187355969161,0.6006584651024682,0.8657029003027024,1.4257857226154536,2.1996149408257213,-0.10851576595689949,0.0015622699963358856,0.1085270111481655,419.11948480489696,11.772076007910073,9.075000009033829,36.240899993572384,0.725288912931744,1.0237976603303607
9B_snr_sig_2_snr_3dB,9B_snr,Intensity-Weighted Centroid,2.0,3.0,10.0,31,50,50,1.0,0.6702375191402035,0.6700080772044277,0.3567679561707883,0.5439786596920589,0.5297064511718991,0.7592770947509851,1.1967162441388304,1.5580892787079275,-0.06396560415692874,0.09944586798664375,0.11824161354945167,370.3260111037965,0.21446600556373596,0.20005000988021493,0.2689250046387315,0.6550795143085013,0.8473675316566311
9B_snr_sig_2_snr_3dB,9B_snr,PSF Fitting,2.0,3.0,10.0,31,50,50,1.0,0.7137218856753528,0.631802355396873,0.3853620876431221,0.6129494219093549,0.5312211167354272,0.8111121184427259,1.333832532837369,1.768510297624886,-0.12467875452772546,-0.07090442520749775,0.14343022465502334,393.61434440273086,5.107237985357642,4.382549959700555,7.2509099903982115,0.7013964183140069,0.9168175893301912
9B_snr_sig_2_snr_5dB,9B_snr,Gaussian Fitting,2.0,5.0,10.0,31,50,50,1.0,0.5980648475060376,0.541906396517408,0.2943462247796348,0.4469401573779293,0.4945359012118688,0.6665742733292692,1.2457246342631325,1.426454513828593,0.0009590971251589053,-0.14602186456246558,0.14602501428726014,327.3356855286331,9.432923996355385,7.741650042589754,22.482549992855617,0.5752627431024285,0.759886150661049
9B_snr_sig_2_snr_5dB,9B_snr,Intensity-Weighted Centroid,2.0,5.0,10.0,31,50,50,1.0,0.7359212117855501,0.7172157350789791,0.33838221055921597,0.5311088884607472,0.6115602169670978,0.8099892285573027,1.2468681087560154,1.4001259651866076,0.029549024295122878,0.14135513596525698,0.14441059275742224,394.24831902008816,0.21053599892184138,0.1996000064536929,0.2870549622457474,0.719376462638214,0.898931007917007
9B_snr_sig_2_snr_5dB,9B_snr,PSF Fitting,2.0,5.0,10.0,31,50,50,1.0,0.5376031301482763,0.5210210071707658,0.25454201726990977,0.4118657668534149,0.4291565614030712,0.5948182614051619,0.9609531140918748,1.3590548909093332,0.013040604271037638,-0.1130069336971144,0.11375686539008453,291.6811434832443,3.9532519946806133,3.8439000491052866,5.493174947332591,0.5184589864593059,0.6756127311614223
9B_snr_sig_2_snr_7dB,9B_snr,Gaussian Fitting,2.0,7.0,10.0,31,50,50,1.0,0.4571404087566403,0.37762669646888025,0.3113079912258783,0.37921190922109116,0.40260197046732726,0.5530732489637152,1.0971019605827224,1.4767820864527619,0.09565015802783478,-0.039525373874923844,0.10349496562974586,271.51864480641433,7.069016001187265,6.700899975840002,11.878204985987395,0.44140076721265986,0.6599946032323886
9B_snr_sig_2_snr_7dB,9B_snr,Intensity-Weighted Centroid,2.0,7.0,10.0,31,50,50,1.0,0.6874372771939248,0.6284954105694436,0.30922133979398386,0.49357172155685614,0.5697146678287163,0.7537823605390241,1.193703556265982,1.2594525010498911,0.011644497848967603,-0.05293326647864831,0.054198939383111586,367.9783557959267,0.2056839969009161,0.2017999649979174,0.2574850339442491,0.6698763838246299,0.8366836868110541
9B_snr_sig_2_snr_7dB,9B_snr,PSF Fitting,2.0,7.0,10.0,31,50,50,1.0,0.4496482275655233,0.3784279763835303,0.29975393799220346,0.37333348958034585,0.39071480321637697,0.5404035084033507,1.044375834758758,1.4464427413690686,0.05232556204147386,-0.05740729097791984,0.0776760033754292,265.2942283540777,3.769344005268067,3.5145499859936535,5.386644997633993,0.43288937644731984,0.6497559818277931
9B_snr_sig_3_snr_0dB,9B_snr,Gaussian Fitting,3.0,0.0,10.0,31,50,50,1.0,1.382794103155775,1.254189693342004,0.9009183498239155,1.123532331770414,1.2089038440828812,1.6503858351221483,2.475042732222288,5.609666471882758,-0.3282316504185235,0.20483055395367103,0.3868999511106657,805.3543348824707,11.061307997442782,9.80810000328347,22.662074939580613,1.2787993583594057,2.084370032627349
9B_snr_sig_3_snr_0dB,9B_snr,Intensity-Weighted Centroid,3.0,0.0,10.0,31,50,50,1.0,0.6028050363554028,0.5494636265807713,0.29483237426392617,0.4933517007711355,0.4548671675508912,0.6710439931700026,1.1173338719706034,1.2702181266913337,-0.20081626807958458,0.0853778590467482,0.21821217276040764,325.01933005584107,0.22371599450707436,0.21005002781748772,0.3201900981366633,0.5818089524064087,0.7503577622771705
9B_snr_sig_3_snr_0dB,9B_snr,PSF Fitting,3.0,0.0,10.0,31,50,50,1.0,1.2898740055676123,1.1282939634459557,0.9073715589828371,1.048204794856768,1.1782889307505442,1.5770536123702263,2.695980076066504,4.996087037503355,-0.15625037830535463,0.22685161713262744,0.2754556895695833,770.3762158489023,4.696715997997671,4.498650028835982,7.6614999969024185,1.2066903042485257,1.9834221548873558
9B_snr_sig_3_snr_10dB,9B_snr,Gaussian Fitting,3.0,10.0,10.0,31,50,50,1.0,0.3397706107556081,0.33141648111201083,0.1645826411107479,0.28338569711454664,0.24944751022836575,0.37753346035580504,0.623412025883726,0.6904335605376346,0.03206566296828555,0.022145266427435216,0.03896946967483351,184.30234290123784,5.512401999440044,5.351050000172108,7.424504944356158,0.33081342776415074,0.4209275466065973
9B_snr_sig_3_snr_10dB,9B_snr,Intensity-Weighted Centroid,3.0,10.0,10.0,31,50,50,1.0,0.4854753784150504,0.4671333207953592,0.24654356896432894,0.435241477459864,0.32716193351834183,0.5444906559757525,0.8993699008193106,1.0627370555229905,-0.099832548511759,-0.0118761386309302,0.10053646309242129,264.8848755153217,0.21407800260931253,0.20195002434775233,0.28330006171017885,0.4718121269967066,0.6104570925887164
9B_snr_sig_3_snr_10dB,9B_snr,PSF Fitting,3.0,10.0,10.0,31,50,50,1.0,0.33769372436343753,0.30762314438309524,0.1571620165960852,0.27442107320910253,0.2518531824570852,0.37247409431395023,0.6242997675009406,0.6552073539243929,0.028441630892023683,0.02259976248848375,0.036327340011814695,181.93600690803964,3.4040239988826215,3.3063999726437032,4.366459982702507,0.3278762217387107,0.4149441572697289
9B_snr_sig_3_snr_15dB,9B_snr,Gaussian Fitting,3.0,15.0,10.0,31,50,50,1.0,0.17585431016006944,0.17676425993869604,0.08845035162625912,0.15836939680469414,0.11690738753560494,0.19684563267871294,0.3152527248328866,0.44521403678757543,-0.026493671476263785,-0.02910957081228105,0.03936091641676294,95.53261798891084,4.5343679911457,4.370149981696159,5.319940019398927,0.17085041801108178,0.22272218409045494
9B_snr_sig_3_snr_15dB,9B_snr,Intensity-Weighted Centroid,3.0,15.0,10.0,31,50,50,1.0,0.3825844109243651,0.3722013546775109,0.1957216381472722,0.34391400993342985,0.2576838079757904,0.42974153990671565,0.7143906828911837,1.0773133490233322,0.04504051665122177,-0.05621727056693089,0.07203491965848577,209.54035993598774,0.21376800257712603,0.20129996119067073,0.2941499638836831,0.3682592351470856,0.49533205397004193
9B_snr_sig_3_snr_15dB,9B_snr,PSF Fitting,3.0,15.0,10.0,31,50,50,1.0,0.17767999046945526,0.17722851245521104,0.08864135895878665,0.16037342049398226,0.11708046604940779,0.19856351510608938,0.31674726815112053,0.4432493254005506,-0.024229196841650945,-0.03135186922128526,0.03962314580217025,96.3465413298152,3.0897959927096963,2.987749991007149,3.8508099736645818,0.17214600107400524,0.22428039475671988
9B_snr_sig_3_snr_20dB,9B_snr,Gaussian Fitting,3.0,20.0,10.0,31,50,50,1.0,0.0953741367871337,0.0968329751737471,0.04978573341581185,0.07448529854462804,0.0776323741770069,0.10758645462901534,0.18248221068098483,0.20519461536138298,0.02166293757610447,0.007731577552629574,0.023001307699314067,52.53413579713698,4.39989599166438,4.342500003986061,5.121669988147914,0.09309889522486922,0.12124685076788576
9B_snr_sig_3_snr_20dB,9B_snr,Intensity-Weighted Centroid,3.0,20.0,10.0,31,50,50,1.0,0.25459963749483794,0.26229132619954565,0.11429244420283,0.2158365171690406,0.17691335752480178,0.27907658127180773,0.4305523664779497,0.5800783038587275,0.03207868117211774,0.01119350949563625,0.03397552708305318,136.4925582741392,0.2109560021199286,0.19880000036209822,0.26934995548799634,0.24809967827372778,0.30907578175959183
9B_snr_sig_3_snr_20dB,9B_snr,PSF Fitting,3.0,20.0,10.0,31,50,50,1.0,0.09549264667362238,0.09328991342865908,0.05029181645859039,0.07420668934350773,0.07836759297129116,0.10792642109992263,0.18449347399605115,0.20693872524163073,0.021112554367903158,0.00768685292283294,0.02246837020780395,52.73674547698457,2.873960011638701,2.8461500187404454,3.48630003281869,0.09340843633215705,0.12175104289117952
9B_snr_sig_3_snr_25dB,9B_snr,Gaussian Fitting,3.0,25.0,10.0,31,50,50,1.0,0.05932368594175804,0.053708220009288245,0.027818349488003047,0.045067418299552374,0.047561413874759775,0.06552221212652255,0.11033752845118114,0.14557613010516093,0.0012636406006720335,0.006948999129279514,0.007062958053563268,31.863603762220333,4.295848002657294,4.189949948340654,5.062495049787684,0.057027063615709715,0.07404944289890386
9B_snr_sig_3_snr_25dB,9B_snr,Intensity-Weighted Centroid,3.0,25.0,10.0,31,50,50,1.0,0.19953887869854767,0.18671340930549757,0.11057560451858413,0.14860450896868438,0.17308792084111546,0.22812875405552024,0.3943994829401605,0.4394994124366389,0.009812329146248544,0.026486807873945396,0.02824593412556247,110.47606812859092,0.22545800311490893,0.2051499905064702,0.30924995080567885,0.19848887468921744,0.2572336461189322
9B_snr_sig_3_snr_25dB,9B_snr,PSF Fitting,3.0,25.0,10.0,31,50,50,1.0,0.05919553501141233,0.053388335511198204,0.02783213886784926,0.04506760003751343,0.04740939512486221,0.06541207319177851,0.10996593755628507,0.14641690178755118,0.0016967934697873944,0.006682074364160826,0.006894144318716316,31.802634259899126,2.8943259990774095,2.9491999885067344,3.536619991064071,0.056751665054749094,0.07387387468841987
9B_snr_sig_3_snr_30dB,9B_snr,Gaussian Fitting,3.0,30.0,10.0,31,50,50,1.0,0.031957754963770915,0.030097404944422156,0.015525067094453985,0.023516028765917553,0.02663310349343953,0.03552922473980712,0.06376487378585492,0.07389731216163123,0.0010084920478652748,0.0024339011633651353,0.002634564685794914,17.34467620426143,4.212933997623622,4.160200012847781,4.889560007723048,0.03105400806700722,0.04005537952563424
9B_snr_sig_3_snr_30dB,9B_snr,Intensity-Weighted Centroid,3.0,30.0,10.0,31,50,50,1.0,0.11453976529747807,0.12151609206187983,0.05554046697348231,0.09614964204814345,0.08342270458363076,0.12729533104569798,0.19671524226861586,0.27907414254574014,0.012026718960951257,0.004478269939900201,0.012833427859317955,62.36443425264374,0.20715200575068593,0.19779999274760485,0.2818999870214611,0.11203747647056624,0.14257293909180832
9B_snr_sig_3_snr_30dB,9B_snr,PSF Fitting,3.0,30.0,10.0,31,50,50,1.0,0.031972487239703994,0.029820286490555695,0.0155184670570528,0.023511180205888337,0.02665121320728406,0.03553959425899328,0.0634182019324792,0.07385866111251677,0.0010407731555017107,0.002438531674427509,0.002651347862578432,17.349107175774012,2.7883039973676205,2.773500047624111,3.389555058674887,0.031069419750080183,0.0400232282967414
9B_snr_sig_3_snr_3dB,9B_snr,Gaussian Fitting,3.0,3.0,10.0,31,50,50,1.0,0.6760502254869327,0.6478117773213072,0.3255834589031548,0.4786722345632139,0.577859315015804,0.7503655749648134,1.2490791251912952,1.5134585447132582,-0.0197347250115655,-0.01738615445216965,0.026300907549299653,366.6863534325476,8.634135990869254,7.827499939594418,13.999315042747183,0.6540633818709016,0.8420650396621406
9B_snr_sig_3_snr_3dB,9B_snr,Intensity-Weighted Centroid,3.0,3.0,10.0,31,50,50,1.0,0.6413256750458315,0.5542092772024121,0.36308756650620116,0.45517717822099585,0.5796075731485557,0.7369743566938992,1.4295435954420286,1.706189245167658,-0.04562487312451708,-0.08400127411895313,0.09559206609983793,361.23951841647045,0.22305001271888614,0.20619994029402733,0.29624004382640123,0.618131299510234,0.8485456205945321
9B_snr_sig_3_snr_3dB,9B_snr,PSF Fitting,3.0,3.0,10.0,31,50,50,1.0,0.6401568876765288,0.6384323847816258,0.3348582719263225,0.45842503082288827,0.5583703020686335,0.7224478549467657,1.2311923466373942,1.5923559734475747,-0.0006694476704808494,-0.05006455935159351,0.05006903497425072,353.0897083662008,4.045770007651299,3.957750042900443,5.70007498608902,0.6196186169754528,0.826734218952647
9B_snr_sig_3_snr_5dB,9B_snr,Gaussian Fitting,3.0,5.0,10.0,31,50,50,1.0,0.653374900280137,0.6430310760745397,0.32689753006559247,0.5218680206521775,0.5112871253020581,0.7305893206713769,1.1872472067748663,1.3674835773224239,0.04572988023089351,0.09389949974026876,0.10444298922093621,357.4272678763788,7.280691992491484,6.501050025690347,12.213099986547604,0.6350497042517278,0.8156440226429014
9B_snr_sig_3_snr_5dB,9B_snr,Intensity-Weighted Centroid,3.0,5.0,10.0,31,50,50,1.0,0.5975094073034054,0.6264226652571112,0.2678234118656312,0.5217027289768743,0.3956932326152375,0.6547876539454714,0.9960927430326633,1.2687641448907152,0.06906380861893638,-0.024209447592246535,0.07318406256607242,316.9061514673454,0.21259400295093656,0.20409998251125216,0.26587498141452665,0.5879107932999401,0.7212380414654397
9B_snr_sig_3_snr_5dB,9B_snr,PSF Fitting,3.0,5.0,10.0,31,50,50,1.0,0.6317007817869584,0.6502642693863272,0.30902913363456763,0.48488499885025976,0.5093441086683632,0.7032388521300469,1.2212286458658301,1.3857156752158697,0.042198094256673355,0.10978790026518481,0.11761829025935233,344.4947087061163,3.6038399930112064,3.546649997588247,4.537344974232838,0.6086291308562644,0.7890207450143001
9B_snr_sig_3_snr_7dB,9B_snr,Gaussian Fitting,3.0,7.0,10.0,31,50,50,1.0,0.5642159678103112,0.5454629081962745,0.25005462470129824,0.37527864428778546,0.48993153889921703,0.617144208160972,0.9648385256045047,1.0458248429181547,-0.03458724971775837,-0.13561540097492242,0.13995647475064368,302.56726967756265,6.250863999594003,6.041650020051748,7.8856349748093635,0.5471667089184026,0.6814726883045833
9B_snr_sig_3_snr_7dB,9B_snr,Intensity-Weighted Centroid,3.0,7.0,10.0,31,50,50,1.0,0.5527688665954092,0.5143908206930017,0.30153352237818276,0.4028381613141582,0.4839393565148381,0.629663310821718,1.1772236771789633,1.343861265424814,0.08606396924336536,-0.061598287838701825,0.10583645811620163,310.4027839521415,0.22079398855566978,0.20359992049634457,0.29269501683302224,0.5324213850945047,0.7277366396188913
9B_snr_sig_3_snr_7dB,9B_snr,PSF Fitting,3.0,7.0,10.0,31,50,50,1.0,0.5614680267266039,0.5337357119199452,0.25336942243352834,0.3783991849854301,0.48606220390288357,0.615988968456876,0.9910258409836592,1.0906646867593102,-0.026970816420093798,-0.14172879416899548,0.14427222891105512,302.03973727354133,3.594146000687033,3.492899995762855,4.569914966123179,0.5423341163022675,0.6823623422723581
9B_snr_sig_4_snr_0dB,9B_snr,Gaussian Fitting,4.0,0.0,10.0,31,50,50,1.0,1.156405850109186,1.0340264779550687,0.7417928233952965,1.0685179942452856,0.8635973477156739,1.373874478621506,2.4904283553699074,3.023581171486472,-0.027620988204059813,-0.11076092318622045,0.11415297234164619,667.1825913539521,9.111119988374412,7.960150018334389,15.949214994907363,1.1662230417730832,1.5790909843100207
9B_snr_sig_4_snr_0dB,9B_snr,Intensity-Weighted Centroid,4.0,0.0,10.0,31,50,50,1.0,0.635993478590086,0.610355760951539,0.2872314462276487,0.5288654988258463,0.45529209598106757,0.6978464075361748,1.1005754450532856,1.312076169558247,-0.059504286085573316,0.08553568124759466,0.10419747035818033,336.09156300309957,0.21101799560710788,0.20055001368746161,0.26745999348349864,0.613743046634989,0.7725418047533232
9B_snr_sig_4_snr_0dB,9B_snr,PSF Fitting,4.0,0.0,10.0,31,50,50,1.0,1.1430573958981778,1.0621543256464192,0.6824233127942957,0.93972575705066,0.9429725816259074,1.3312707418713385,2.3034245521056786,2.847936701343525,-0.029628900828413976,-0.15854133203103743,0.16128616098870865,646.8503720867927,4.099379999097437,4.020899999886751,5.236919934395701,1.145689101445542,1.5080003756209497
9B_snr_sig_4_snr_10dB,9B_snr,Gaussian Fitting,4.0,10.0,10.0,31,50,50,1.0,0.33483908694055187,0.29992221516143014,0.17257462523696018,0.2676786509336226,0.26504217636673516,0.3766951226374715,0.6381421819824405,1.051199716645337,0.013562640421582159,0.06243001441849344,0.06388624198916722,180.93057144257597,5.17348799854517,5.218449980020523,6.251964927650988,0.3190921144714636,0.4425007568375193
9B_snr_sig_4_snr_10dB,9B_snr,Intensity-Weighted Centroid,4.0,10.0,10.0,31,50,50,1.0,0.42405665800210757,0.43802606852492354,0.19673903278071714,0.3123204679301082,0.3478307368927115,0.46747224111748975,0.7259896077111448,0.9799304570284489,0.03569147454195672,0.08414514331791281,0.09140178608195373,227.05687494340566,0.2140739979222417,0.20524993306025863,0.2727750339545309,0.41234764689965736,0.5218420814884966
9B_snr_sig_4_snr_10dB,9B_snr,PSF Fitting,4.0,10.0,10.0,31,50,50,1.0,0.33220500298714595,0.3032217202427566,0.17261084491560788,0.27272030114279344,0.25647281559017865,0.37437236515556227,0.5912429358174649,1.0673668597120447,0.022319939128244072,0.06827619380246802,0.07183187539554214,179.41728139759377,3.3156600082293153,3.2730000093579292,3.879655041964724,0.3174419942870108,0.4435749050547611
9B_snr_sig_4_snr_15dB,9B_snr,Gaussian Fitting,4.0,15.0,10.0,31,50,50,1.0,0.18076677853505949,0.1695705593760949,0.08917691149868666,0.1499202753038068,0.1347332951397635,0.20156673774804176,0.33829704958949874,0.4136185328371184,-0.0231402561894987,0.015602156358413026,0.02790875739885244,97.44196545056775,4.910505996085703,4.854150058235973,5.622660013614222,0.1757512707739848,0.2261421575448455
9B_snr_sig_4_snr_15dB,9B_snr,Intensity-Weighted Centroid,4.0,15.0,10.0,31,50,50,1.0,0.3037991696485888,0.2902722430516075,0.12833687045534417,0.22402735734667661,0.2420248560741402,0.3297943113479125,0.5106268091577426,0.5840817043710345,-0.02786465244029671,0.022675325256881252,0.03592505018958067,159.48058500575866,0.21409198408946395,0.20254997070878744,0.2882199827581644,0.29553508296359277,0.36300514141014106
9B_snr_sig_4_snr_15dB,9B_snr,PSF Fitting,4.0,15.0,10.0,31,50,50,1.0,0.1792306648410991,0.16836692529046232,0.08795764502636882,0.14852571934777842,0.13341772457283202,0.19965014034046433,0.3306804775424352,0.40438874462920343,-0.019559445646609105,0.017415035487267118,0.026188840658292394,96.48485408950552,3.0270920041948557,2.9907499556429684,3.7806199688930064,0.17362504024643838,0.22344758396000022
9B_snr_sig_4_snr_20dB,9B_snr,Gaussian Fitting,4.0,20.0,10.0,31,50,50,1.0,0.09215025149883684,0.07793313561501405,0.04723554202049138,0.07282023406775671,0.07362118439406969,0.10355126885397632,0.17920340940969628,0.24641137404197294,-0.02354029797231874,-0.007425317628965899,0.02468361745199811,50.53996833639805,4.870705993380398,4.807949997484684,6.188004970317705,0.08881181627533682,0.1177413055959461
9B_snr_sig_4_snr_20dB,9B_snr,Intensity-Weighted Centroid,4.0,20.0,10.0,31,50,50,1.0,0.1982696626696141,0.19157039945478183,0.10221208778139333,0.15728347829873626,0.15817736082639886,0.223065394052403,0.38177873715865634,0.45282543944656506,-0.0573133204737212,-0.01819569799449482,0.06013235509466042,109.34557640479942,0.21462199511006474,0.20459998631849885,0.27862502611242235,0.19534116094913767,0.2505340515510431
9B_snr_sig_4_snr_20dB,9B_snr,PSF Fitting,4.0,20.0,10.0,31,50,50,1.0,0.09155278559432337,0.07847249014617377,0.04715436138069125,0.07241707306131905,0.07322031054654543,0.1029827478138983,0.17671719938396444,0.24629728414108343,-0.023276432209206065,-0.007936224028595689,0.024592192830689683,50.280712645559916,2.9191719903610647,2.7649500407278538,4.067005007527768,0.08848508578855568,0.11737414804680807
9B_snr_sig_4_snr_25dB,9B_snr,Gaussian Fitting,4.0,25.0,10.0,31,50,50,1.0,0.05056444658507106,0.04275267282773305,0.030252994018947352,0.04049383320332661,0.042804863953365524,0.05892373804813275,0.10967643643679731,0.1319925387343047,0.003449291455219736,0.005832394649531807,0.006776019398654282,28.716803493739064,4.815916002262384,4.770450002979487,5.816005042288452,0.0496785712630975,0.06835154009897647
9B_snr_sig_4_snr_25dB,9B_snr,Intensity-Weighted Centroid,4.0,25.0,10.0,31,50,50,1.0,0.15358386782924613,0.15474225424113663,0.0661005493276179,0.10818837092751844,0.12748554221892722,0.1672043273327703,0.2591719806252735,0.279027194159727,-0.01453192453471786,0.013322000451092891,0.019714272157542467,81.13582684285406,0.2163459942676127,0.20145002054050565,0.31699499813839777,0.14929334631623517,0.18457747316872009
9B_snr_sig_4_snr_25dB,9B_snr,PSF Fitting,4.0,25.0,10.0,31,50,50,1.0,0.05047111484480291,0.04276088818893101,0.030094439415418506,0.0404254881844496,0.04264725808835202,0.05876230694421025,0.1091088048538345,0.13190904713182586,0.003295891903408119,0.00571946063308701,0.006601146368047239,28.63400278313195,2.738750008866191,2.632149960845709,3.2554849982261653,0.04962726355608193,0.06830938924683069
9B_snr_sig_4_snr_30dB,9B_snr,Gaussian Fitting,4.0,30.0,10.0,31,50,50,1.0,0.031282303647380966,0.028694647673083058,0.013165635837467082,0.025587412677851775,0.022297999931497278,0.033939895233953535,0.05806074161104035,0.06886396084207938,-0.006154625951971866,-0.006012449329113565,0.008604008806587994,16.50776490201502,4.9206620012409985,4.990199988242239,5.410970008233561,0.029694456445696363,0.03804374611651322
9B_snr_sig_4_snr_30dB,9B_snr,Intensity-Weighted Centroid,4.0,30.0,10.0,31,50,50,1.0,0.07193405550344323,0.06847179832230063,0.04020538540351495,0.055413228700183094,0.06099471650593049,0.08240741081127123,0.14101702271164077,0.16071720720704588,0.0026755336219105173,0.0007639194484880818,0.002782454507400246,39.93198282859933,0.21663800347596407,0.20559999393299222,0.23615999962203205,0.07069667532601134,0.09335741386847134
9B_snr_sig_4_snr_30dB,9B_snr,PSF Fitting,4.0,30.0,10.0,31,50,50,1.0,0.03131163100561779,0.028932428351969255,0.01318487536254299,0.0256376679641185,0.022292805025823256,0.03397438998065688,0.05806211716221422,0.06900855889732763,-0.006161915353044378,-0.006030436897295317,0.008621796216006545,16.522752739874804,2.726291997823864,2.6204499881714582,3.3650149765890087,0.029703460243035534,0.03807979482322402
9B_snr_sig_4_snr_3dB,9B_snr,Gaussian Fitting,4.0,3.0,10.0,31,50,50,1.0,0.7656299450868592,0.741277160665387,0.40560824726472783,0.5368683456455706,0.6800585581452967,0.8664336460819557,1.4223242100091689,1.9603069459899458,0.07841628275026209,0.014935457336426339,0.07982594369136681,424.14926106327624,8.069775989279151,7.072449952829629,12.620379973668603,0.7501030951651599,0.9896561353845449
9B_snr_sig_4_snr_3dB,9B_snr,Intensity-Weighted Centroid,4.0,3.0,10.0,31,50,50,1.0,0.5574422747493281,0.4868396971849053,0.24373269358539626,0.42946609198202285,0.43093664434321055,0.6083974980225495,1.0292175406626487,1.1621148580281047,0.09450903913372884,0.10592609291784755,0.14195878147836138,296.7346396405344,0.20583800273016095,0.20399998174980283,0.2377050637733191,0.535739610637203,0.6807358322290291
9B_snr_sig_4_snr_3dB,9B_snr,PSF Fitting,4.0,3.0,10.0,31,50,50,1.0,0.7341721963416862,0.7016253738709093,0.3715636375237072,0.5141051664633218,0.642467297554315,0.8228416315494886,1.329354788989889,1.6002968015514902,0.07873311718741263,-0.0071562104959389215,0.0790576693984147,402.0736102127844,3.793506007641554,3.697899985127151,4.738459968939424,0.7204684647941091,0.9232531154259765
9B_snr_sig_4_snr_5dB,9B_snr,Gaussian Fitting,4.0,5.0,10.0,31,50,50,1.0,0.6094614099218216,0.6456261592683308,0.3317072885874909,0.46441887015024585,0.5155463592484469,0.6938825084162012,1.1578134334405292,1.357880370545257,-0.055762106822343754,-0.09054257432424435,0.10633611955740999,339.10687814788787,6.996569999027997,6.402249971870333,9.306485031265765,0.5947218445937703,0.785071088239462
9B_snr_sig_4_snr_5dB,9B_snr,Intensity-Weighted Centroid,4.0,5.0,10.0,31,50,50,1.0,0.6555405201251482,0.6685806057182742,0.2781370265535082,0.4984305732598894,0.5085868094099519,0.7121050337316658,1.162523731971745,1.236149323154263,-0.03543085995247907,-0.0230726981809255,0.04228114518695381,346.1622706937489,0.22104399977251887,0.20474998746067286,0.2944500301964581,0.6349553450446445,0.7842280869977337
9B_snr_sig_4_snr_5dB,9B_snr,PSF Fitting,4.0,5.0,10.0,31,50,50,1.0,0.5929764160485858,0.6039081772964667,0.3117811232558885,0.45633270905008216,0.49049868242385947,0.6699466387769469,1.1582497566324588,1.3480307911256098,-0.05166952751429676,-0.0660443125306523,0.08385458419905942,327.5477841816199,3.715260005556047,3.7014999543316662,4.674325021915138,0.5838080433404423,0.7522915490299316
9B_snr_sig_4_snr_7dB,9B_snr,Gaussian Fitting,4.0,7.0,10.0,31,50,50,1.0,0.45713946887434376,0.45336216867462586,0.2018745900850078,0.36751762563298745,0.3386157689384803,0.4997297711010491,0.7974128955050782,0.835292920554315,-0.015535433675083823,0.11571396201790662,0.11675217644804085,243.69347381752274,5.8647079998627305,5.6951999431476,7.556215015938504,0.44366140683009736,0.5505442787533954
9B_snr_sig_4_snr_7dB,9B_snr,Intensity-Weighted Centroid,4.0,7.0,10.0,31,50,50,1.0,0.5455557932943194,0.5185315361056977,0.2647139919179251,0.441149366085753,0.4160430962247248,0.6063865278138337,1.0701575522732385,1.2104665730727187,0.07200965731580254,0.007849298077640583,0.07243619417840066,294.21906756568916,0.21556998835876584,0.20334997680038214,0.28845503693446517,0.5288762585940627,0.6831828186343842
9B_snr_sig_4_snr_7dB,9B_snr,PSF Fitting,4.0,7.0,10.0,31,50,50,1.0,0.4617636835205046,0.44717303604935354,0.19833697310124812,0.37296537589780915,0.3368383628668146,0.502556717512949,0.8158594768557383,0.8650654736293357,-0.016265333174362694,0.12033529418042008,0.12142958489907336,244.95428740119047,3.490672006737441,3.4212999744340777,4.4330349715892226,0.44677300015214183,0.5538633715253756
9C_bg_sig_0.5_bg_0,9C_background,Gaussian Fitting,0.5,15.0,0.0,31,50,45,0.9,0.27811851878255417,0.26388784077615784,0.15338240316143623,0.23488254775654224,0.2137902262704611,0.3176099370129646,0.5471337217943261,0.7257546536231486,-0.010829101141656059,0.013588245238511515,0.017375552946543815,154.27275115744803,139.54398600850254,29.51680001569912,656.3918200379703,0.26634352896003055,0.36497099060013966
9C_bg_sig_0.5_bg_0,9C_background,Intensity-Weighted Centroid,0.5,15.0,0.0,31,50,50,1.0,0.75281701803065,0.6531458821458276,0.3958637622818619,0.66428571057445,0.5311930681504687,0.8505536907947142,1.3660716912846314,1.8129836491353972,-0.15519237206029515,0.03996637795961362,0.16025599431195006,408.6590908568124,0.20986199844628572,0.20119990222156048,0.2575600345153361,0.7367173270983064,0.9572523189639768
9C_bg_sig_0.5_bg_0,9C_background,PSF Fitting,0.5,15.0,0.0,31,50,50,1.0,0.2355778780655668,0.22397498444046413,0.11859069782756916,0.18108912119431478,0.1917483257558607,0.2637436070222459,0.4923141573514955,0.5388547522183185,-0.0117761241380083,-0.001207488390762137,0.011837868386141445,128.54079212422675,19.127547999378294,7.199749990832061,91.64222999825117,0.2266083049822862,0.2996234192469406
9C_bg_sig_0.5_bg_10,9C_background,Gaussian Fitting,0.5,15.0,10.0,31,50,46,0.92,0.32280682822880497,0.24459059857153925,0.25952186325471194,0.2528832964606434,0.32803335840968506,0.41419300556424,0.8393587862311159,1.4515915030248168,0.011543080856373832,0.013828845283284083,0.018013319447725135,200.7051517942384,111.69180400436744,25.941799976862967,650.2498149813619,0.2957103562851464,0.5355571368378675
9C_bg_sig_0.5_bg_10,9C_background,Intensity-Weighted Centroid,0.5,15.0,10.0,31,50,50,1.0,0.671214068800689,0.676121885422812,0.3334989217731293,0.47522778900723417,0.5795760567303586,0.7494997378117061,1.1997894889685432,1.4457147676597133,-0.03101397023251252,-0.09519379602330445,0.10011855547754206,364.7644637758166,0.2221060055308044,0.19794999388977885,0.34909998066723347,0.6569459115314208,0.8404450018964823
9C_bg_sig_0.5_bg_10,9C_background,PSF Fitting,0.5,15.0,10.0,31,50,50,1.0,0.2664846143289331,0.25045168067419943,0.1785417810362023,0.2639587245510998,0.18225534006710492,0.32076660868865303,0.59871387422936,0.9282224996249251,0.03419252521130602,-0.0055183906427583905,0.03463497387918578,154.49130768658227,23.325261999852955,5.023100005928427,110.76302497531265,0.25089116273777345,0.391033449098569
9C_bg_sig_0.5_bg_100,9C_background,Gaussian Fitting,0.5,15.0,100.0,31,50,47,0.94,0.3114401770737726,0.2578757257532075,0.24459326812278442,0.29449663414472516,0.2647500390635571,0.3960061245823442,0.532747621544683,1.3221089926817369,0.012140321278963029,0.0050402098386801665,0.013145003460416846,193.85415417897696,104.45269801653922,25.38020006613806,565.224029961973,0.2758185699492804,0.5154644649921316
9C_bg_sig_0.5_bg_100,9C_background,Intensity-Weighted Centroid,0.5,15.0,100.0,31,50,50,1.0,0.7018642959707694,0.6876474037684492,0.31885885011907006,0.5054450840895371,0.5820736407255701,0.7708984733788227,1.1947547257795692,1.6995109984522137,0.10984914419602262,0.02750949933050606,0.11324136626698604,377.12049071016537,0.213472000323236,0.19694998627528548,0.2973750524688512,0.6779129587344302,0.8614843959369144
9C_bg_sig_0.5_bg_100,9C_background,PSF Fitting,0.5,15.0,100.0,31,50,50,1.0,0.24165828926676916,0.23638760560467587,0.13710242606669398,0.2043829485439391,0.18821108986773413,0.2778413288276508,0.49437326767465767,0.6252188727725217,0.039574317836548974,-0.0037073777247297814,0.03974759466712446,135.2284447396511,20.993819998111576,5.781800020486116,95.90196001227012,0.23785246466580223,0.31818125035101774
9C_bg_sig_0.5_bg_200,9C_background,Gaussian Fitting,0.5,15.0,200.0,31,50,50,1.0,0.8758134069078138,0.45852231829542783,1.0335509647808325,0.992099744039946,0.9225046441046979,1.3547238539713036,2.958544578319777,4.964670178512023,0.012428100296159528,-0.07889635315810609,0.07986921946920476,668.1411734411164,24.526879978366196,18.101900001056492,38.9543399447575,0.8406121360128256,1.828286609959563
9C_bg_sig_0.5_bg_200,9C_background,Intensity-Weighted Centroid,0.5,15.0,200.0,31,50,50,1.0,0.5879041418255376,0.5678768587850034,0.3480673331129883,0.5209013925577981,0.4420903613373136,0.6832145697773211,1.2746675282073603,1.5536815405737536,-0.08654358505098571,0.09637172135686001,0.12952722026956906,331.0099524944244,0.22210800321772695,0.2006999566219747,0.3270150336902588,0.5739524371096347,0.7936593351845994
9C_bg_sig_0.5_bg_200,9C_background,PSF Fitting,0.5,15.0,200.0,31,50,50,1.0,0.39012998787015296,0.3737802458408831,0.21256359339548964,0.3048087804821139,0.3232279319826417,0.44427996654448504,0.7561839119221707,0.8547877796675978,0.06574021402108088,0.06336965352278412,0.09130985011013447,217.3638938870835,16.281512009445578,5.812399962451309,87.29130504652832,0.39022720837002073,0.5003673585582843
9C_bg_sig_0.5_bg_50,9C_background,Gaussian Fitting,0.5,15.0,50.0,31,50,49,0.98,0.26567128833698345,0.18927820194725645,0.22248305264833865,0.29885454687676916,0.17540211507686274,0.34652552887537164,0.6268154740581703,1.1649635952377222,0.01943960351125228,0.019244325673382114,0.02735401716929135,164.44721792465646,79.92993999505416,24.542549916077405,253.3398749539628,0.24244301184537612,0.44325851783790304
9C_bg_sig_0.5_bg_50,9C_background,Intensity-Weighted Centroid,0.5,15.0,50.0,31,50,50,1.0,0.6263620398422081,0.49996102037564893,0.40563587134599427,0.5500356141509977,0.5043120940880267,0.746237137294785,1.4666263398619168,1.5946021810803028,-0.0885082937231374,-0.033585633482001075,0.09466632365402428,362.53768336832474,0.20806799177080393,0.20049995509907603,0.2551100158598274,0.6211914813646422,0.8659802012542801
9C_bg_sig_0.5_bg_50,9C_background,PSF Fitting,0.5,15.0,50.0,31,50,50,1.0,0.19864994957402135,0.17739477667728348,0.13394534089976215,0.1678695434912332,0.17094728188116853,0.23958955906824222,0.47440331936233177,0.7285839196042595,0.019485012106617888,0.03068337896553601,0.0363474268901905,116.95423932251197,15.390428006649017,4.9316500662826,63.798040029359946,0.1896825086535993,0.29137062051419305
9C_bg_sig_0.5_bg_500,9C_background,Gaussian Fitting,0.5,15.0,500.0,31,50,50,1.0,0.7495893262425087,0.784944420535691,0.2696924708233351,0.5822221700501723,0.5437237639992959,0.7966292656157529,1.1275920567717233,1.2415686616787318,0.4881691748611576,0.46346900747440317,0.6731364380078766,387.07422979546607,21.338857989758253,20.942249975632876,23.716889956267547,0.7245708907689071,0.8607412183574418
9C_bg_sig_0.5_bg_500,9C_background,Intensity-Weighted Centroid,0.5,15.0,500.0,31,50,0,0.0,,,,,,,,,,,,,0.1927340100519359,0.18649996491149068,0.2346150402445346,,
9C_bg_sig_0.5_bg_500,9C_background,PSF Fitting,0.5,15.0,500.0,31,50,50,1.0,0.7545188291560369,0.789874381942365,0.26986650601612955,0.5860985038294273,0.546456895307633,0.801328019365572,1.1329414261115223,1.2471395849332867,0.49278590095271513,0.46667239877777605,0.6786907041935839,389.3524405496528,10.084363997448236,9.960299998056144,11.132009985158218,0.729133718827086,0.865551848698862
9C_bg_sig_1.5_bg_0,9C_background,Gaussian Fitting,1.5,15.0,0.0,31,50,50,1.0,0.18808947988524152,0.18274949735425125,0.11657634686589802,0.15892715370815044,0.15398005359891515,0.2212864593509934,0.4086013073980986,0.5146743702716894,-0.008999842851549715,0.012690971945901311,0.015558211345917776,106.7091117689966,6.130328008439392,5.835550022311509,8.591749996412544,0.18503776762317523,0.25543296071093985
9C_bg_sig_1.5_bg_0,9C_background,Intensity-Weighted Centroid,1.5,15.0,0.0,31,50,50,1.0,0.6144450780397362,0.5813562826631591,0.32365792628856094,0.5250766781965347,0.4545235848564538,0.6944762106628773,1.1980816005503387,1.3930504778513735,-0.0004244009845024266,0.09717235287951893,0.09717327966235059,336.0183436384275,0.21117399679496884,0.20305003272369504,0.2688000560738145,0.6059081029266031,0.783542334909419
9C_bg_sig_1.5_bg_0,9C_background,PSF Fitting,1.5,15.0,0.0,31,50,50,1.0,0.18195195237164039,0.1756723800482603,0.11824776994003079,0.15234788357783635,0.1545288660315482,0.21700011075490758,0.4051891191141395,0.5042851271072323,-0.008002332193330517,0.015799946414763327,0.01771089007480444,104.71989091905638,3.5699420142918825,3.436050028540194,5.063685070490464,0.18135175613469603,0.25166988281027614
9C_bg_sig_1.5_bg_10,9C_background,Gaussian Fitting,1.5,15.0,10.0,31,50,50,1.0,0.18023153479936022,0.17903284267793534,0.08152228976108576,0.13557037946346706,0.1440484712732314,0.19781124807255884,0.3060505183485069,0.33845532106332477,-2.3895911102158607e-05,0.012812531910694815,0.01281255419411525,96.31090490847053,6.023762004915625,5.860249977558851,8.046490076230839,0.17692995728300173,0.2171971354992912
9C_bg_sig_1.5_bg_10,9C_background,Intensity-Weighted Centroid,1.5,15.0,10.0,31,50,50,1.0,0.5821682119880002,0.5894561128348925,0.2872169071728323,0.4438410569370153,0.4737282923704954,0.6491635994225433,1.1057996882727714,1.2336535347815927,0.04491581830344387,0.05301151383567685,0.06948130203888052,317.1654451517887,0.23001199588179588,0.206699944101274,0.31942998757585883,0.5683154829517274,0.7272811466442101
9C_bg_sig_1.5_bg_10,9C_background,PSF Fitting,1.5,15.0,10.0,31,50,50,1.0,0.17451554086642573,0.1440101415284167,0.08197946102854903,0.13365335718675816,0.13897152998776882,0.19281158169164136,0.30269052916495737,0.3334190546884462,-0.001010638915687423,0.008784532209129453,0.008842476867435653,93.87241767754327,3.4345019957982004,3.4014999982900918,4.31610494852066,0.17117885193473317,0.2137495124559614
9C_bg_sig_1.5_bg_100,9C_background,Gaussian Fitting,1.5,15.0,100.0,31,50,50,1.0,0.1827042249842214,0.1695270452897071,0.09380581113766004,0.13821117689105958,0.15191456353051733,0.20537858707830117,0.3665085739187871,0.4180473255386135,0.02562676552011169,-0.013449859187147695,0.02894183517292721,99.78008129004962,5.33962199697271,5.295599985402077,6.707124970853329,0.17872700527836843,0.2342527740671701
9C_bg_sig_1.5_bg_100,9C_background,Intensity-Weighted Centroid,1.5,15.0,100.0,31,50,50,1.0,0.5612306313490663,0.5491906269376823,0.28847647199838705,0.45527461102269207,0.43694796603170516,0.6310297112348259,1.041407053762563,1.243287834185434,-0.02919880924029826,-0.04012588281556475,0.049625164309851526,303.9338623444395,0.22642999421805143,0.2075500669889152,0.3243350132834165,0.5465832128053931,0.7114761580436052
9C_bg_sig_1.5_bg_100,9C_background,PSF Fitting,1.5,15.0,100.0,31,50,50,1.0,0.1811581295082003,0.16367085076601795,0.09440026072112777,0.13945384480913461,0.14927257711675163,0.20427843036191257,0.36545924669427826,0.40719657949301263,0.022077577278826654,-0.01048162792048288,0.024439393248728764,99.21041195659316,3.3387439884245396,3.3039500121958554,4.520294966641812,0.17675314104260567,0.23283362050574277
9C_bg_sig_1.5_bg_200,9C_background,Gaussian Fitting,1.5,15.0,200.0,31,50,50,1.0,0.2697351402534709,0.23207584433105677,0.15761382191709275,0.2224569393621809,0.21934464405698081,0.31240864704241567,0.5642922382634179,0.7039631084890555,-0.020411642528634387,0.016657978634774508,0.02634622179579759,152.87240789227278,7.774438003543764,7.363500015344471,11.755200027255341,0.2618759665523809,0.35922618514236226
9C_bg_sig_1.5_bg_200,9C_background,Intensity-Weighted Centroid,1.5,15.0,200.0,31,50,50,1.0,0.5557240167488651,0.487788200131656,0.3341169628174879,0.4476492855872523,0.469119861812627,0.6484314363399384,1.2626344009634443,1.7271461622472886,-0.03992871452063298,-0.026460488630330018,0.04790051880539532,316.4205582721182,0.23540399270132184,0.20979996770620346,0.3517399891279638,0.5319610420385061,0.7645376539680593
9C_bg_sig_1.5_bg_200,9C_background,PSF Fitting,1.5,15.0,200.0,31,50,50,1.0,0.22292175724374172,0.20383358411185115,0.11956850280216262,0.17620895116273144,0.18149694830800492,0.25296390397641416,0.43451809016510756,0.5773391387415739,-0.02178514902960103,0.01496300317125815,0.026428851320952414,123.68842359116728,4.175892006605864,3.9824499981477857,5.89444997604005,0.21596080723518188,0.28806115481776273
9C_bg_sig_1.5_bg_50,9C_background,Gaussian Fitting,1.5,15.0,50.0,31,50,50,1.0,0.209616164169561,0.20274854183196517,0.11407479983722184,0.1680104700671338,0.169482973147403,0.2386461737364808,0.3990380614700804,0.5805711658452177,0.011009972984422802,-0.004986424015197599,0.012086518505221399,116.0410345512965,5.662907992955297,5.508999980520457,7.34393995371647,0.2028844020171889,0.2750177393859061
9C_bg_sig_1.5_bg_50,9C_background,Intensity-Weighted Centroid,1.5,15.0,50.0,31,50,50,1.0,0.5378759405447794,0.5428188787958432,0.27499970837945814,0.4516305243351311,0.4012047314208704,0.6040988056814202,1.108502252080684,1.2817793622020812,0.026183955417486686,-0.039930407251782186,0.04774973240341887,293.4595105008709,0.22602399112656713,0.20819995552301407,0.3166800190228969,0.5205505755591265,0.6909171026649108
9C_bg_sig_1.5_bg_50,9C_background,PSF Fitting,1.5,15.0,50.0,31,50,50,1.0,0.20875260685982544,0.19103208560343712,0.11264727906809632,0.1644285278112014,0.17096876789068632,0.23720678816639798,0.3870178887559358,0.587085105419747,0.01110016041363565,-0.005203413028580712,0.012259244199967934,115.29906394374977,3.4319199970923364,3.4338500117883086,4.349339974578469,0.20138332298074277,0.27408009483607076
9C_bg_sig_1.5_bg_500,9C_background,Gaussian Fitting,1.5,15.0,500.0,31,50,50,1.0,0.716798868325514,0.7067686763115136,0.25686198091259205,0.5611975049877357,0.5146222452115911,0.7614320027888758,1.0690219426859628,1.2746770792814412,0.4994219951749562,0.4273774494976499,0.6573232185185993,371.4403661879342,21.816659995820373,21.324200031813234,25.491195026552305,0.6924646817061977,0.8298998139973648
9C_bg_sig_1.5_bg_500,9C_background,Intensity-Weighted Centroid,1.5,15.0,500.0,31,50,0,0.0,,,,,,,,,,,,,0.1975799910724163,0.18625002121552825,0.24530494119971988,,
9C_bg_sig_1.5_bg_500,9C_background,PSF Fitting,1.5,15.0,500.0,31,50,50,1.0,0.711909420056427,0.7016246762427363,0.2567653083281874,0.5583868623226721,0.5108302633080666,0.7567981540185913,1.0635612430534147,1.2692406927526283,0.49626160205544123,0.4228037215823508,0.6519498175922125,369.17558974890306,11.936098001897335,11.880600010044873,12.810720008565113,0.6879700580720279,0.8251950200988039
9C_bg_sig_1_bg_0,9C_background,Gaussian Fitting,1.0,15.0,0.0,31,50,50,1.0,0.18153403511621227,0.17371869241474724,0.10345565900000493,0.12395264877950635,0.1682064806874094,0.20894420136653588,0.3885538810573467,0.4469608656859684,0.010213446339938627,-0.00041709290440508087,0.01022195933418397,102.26667720532805,7.119211992248893,6.862499983981252,9.416224953019992,0.17809887106960828,0.23962953163628017
9C_bg_sig_1_bg_0,9C_background,Intensity-Weighted Centroid,1.0,15.0,0.0,31,50,50,1.0,0.685700099994613,0.619660922245681,0.3517940055877605,0.5411882296972284,0.548688390197281,0.7706773965156261,1.267375325091796,1.4186586178473326,0.05196126691500922,0.023735092859787414,0.05712554500812717,376.25887778077,0.21751599153503776,0.20080001559108496,0.2724400314036756,0.6731829991807585,0.8586004671999012
9C_bg_sig_1_bg_0,9C_background,PSF Fitting,1.0,15.0,0.0,31,50,50,1.0,0.18084267001435653,0.16726799994768266,0.10246983489877505,0.13204896304973646,0.16052167990521715,0.20785605202183474,0.368460673919059,0.4281153175094358,0.011968534396691552,-0.00021523087798243522,0.011970469495204685,101.42752931725799,4.2474839999340475,4.02185000712052,5.524610058637336,0.17711703238680523,0.2379550742028662
9C_bg_sig_1_bg_10,9C_background,Gaussian Fitting,1.0,15.0,10.0,31,50,50,1.0,0.1995650213494821,0.18179159267016445,0.11141287117965874,0.17721824077571446,0.14433544522076125,0.22855858244816463,0.358695117485839,0.588986174946009,-0.03557939131943272,-0.007860829332220192,0.036437422033557994,112.40107721502791,7.552246006671339,7.101950002834201,10.499434999655929,0.19332858457311694,0.26295124281343385
9C_bg_sig_1_bg_10,9C_background,Intensity-Weighted Centroid,1.0,15.0,10.0,31,50,50,1.0,0.7412074613553247,0.6305929975610369,0.40986972832519153,0.5775962266533909,0.6194871216756133,0.8469838811725825,1.5888268570934434,1.7029700111279682,0.10806130030713632,0.04186889916066093,0.11588895262705023,417.13414087718536,0.21240999922156334,0.20270003005862236,0.2545799594372511,0.7222672216427344,0.967495592796741
9C_bg_sig_1_bg_10,9C_background,PSF Fitting,1.0,15.0,10.0,31,50,50,1.0,0.1951539940779393,0.18525635666905998,0.10620691944120295,0.17365924039386543,0.13859097866595863,0.22218233760081502,0.3597596234585004,0.4849907001181076,-0.029358753442361375,-0.007962651377928865,0.030419405330410362,109.20292034086383,4.066044008359313,3.880399977788329,5.621965014142914,0.19077819195137838,0.2505899334569138
9C_bg_sig_1_bg_100,9C_background,Gaussian Fitting,1.0,15.0,100.0,31,50,50,1.0,0.178831474717712,0.16357732366042335,0.09493782566462856,0.14818319633061622,0.13796966121898363,0.20246947199921045,0.33821384630582585,0.4954351312199232,0.01177654526511219,-0.02281538313799615,0.025675449871711994,98.11860681330536,7.794971992261708,7.4478499591350555,10.84795500501059,0.17035195668731742,0.23476895844944154
9C_bg_sig_1_bg_100,9C_background,Intensity-Weighted Centroid,1.0,15.0,100.0,31,50,50,1.0,0.6678349914104335,0.6700055679001793,0.33354112051855433,0.5214767318413284,0.5341491111824808,0.7464939750787991,1.2565882566774491,1.4411998904014998,-0.019272924974122817,-0.020012733216249787,0.027784080475030202,365.99115198234375,0.22215000353753567,0.20270003005862236,0.3217699937522411,0.6519482157802966,0.8348025867755535
9C_bg_sig_1_bg_100,9C_background,PSF Fitting,1.0,15.0,100.0,31,50,50,1.0,0.17464821052053636,0.167824863256212,0.09208191171732842,0.14570590367439828,0.13323237421126458,0.19743625782399613,0.29640372236682117,0.5317392506730281,0.008436625277840903,-0.019951268249766372,0.02166171163257511,95.52625998019268,3.6226439918391407,3.4460999886505306,4.928304965142161,0.16555013273520144,0.23044352529757478
9C_bg_sig_1_bg_200,9C_background,Gaussian Fitting,1.0,15.0,200.0,31,50,50,1.0,0.3348435497029676,0.300531445090779,0.1824759782905425,0.27065080150980597,0.2686369838143547,0.3813367087375332,0.6035238333598134,1.1124489009464809,0.04213600830326641,-0.025921234824171507,0.049470734889859654,184.9657411782191,8.900099997408688,9.02235001558438,12.337420013500378,0.317544317685125,0.4538477215833848
9C_bg_sig_1_bg_200,9C_background,Intensity-Weighted Centroid,1.0,15.0,200.0,31,50,50,1.0,0.5811353465403861,0.5120220595419585,0.2692965635699778,0.4832019836760458,0.42042213681102486,0.6404989696706886,1.0751004703136076,1.2831932330702265,-0.14435512040796653,-0.016846620177121848,0.14533481826248906,311.3341996877022,0.22085800068452954,0.20605005556717515,0.3301249525975436,0.555332024980571,0.7247058254061198
9C_bg_sig_1_bg_200,9C_background,PSF Fitting,1.0,15.0,200.0,31,50,50,1.0,0.2620094632531112,0.220803572700075,0.14579010021173383,0.2068833910539321,0.21703219728868947,0.29983947731066174,0.5509322291957557,0.6118177020558482,0.026786410883614734,-0.028904061195831332,0.03940756985197383,147.20874846816213,4.66297798557207,4.353800031822175,7.03979496611282,0.2573201569111132,0.34275152418925314
9C_bg_sig_1_bg_50,9C_background,Gaussian Fitting,1.0,15.0,50.0,31,50,50,1.0,0.19783316285812585,0.20145214996267918,0.10680852942146954,0.1446234851978275,0.17213387177676695,0.22482442546046166,0.3767735744535463,0.406495152822459,-0.024553822718784205,-0.03245856766089048,0.04069949415781588,110.21368716601765,7.347715999931097,7.424250012263656,9.887764975428581,0.19471259414901151,0.25234760408076823
9C_bg_sig_1_bg_50,9C_background,Intensity-Weighted Centroid,1.0,15.0,50.0,31,50,50,1.0,0.5627005441320929,0.5020713708003709,0.3110218505263978,0.46886033238556857,0.4399278152000763,0.6429358396227561,1.017994834810248,1.2576936611701002,0.06610933870972985,0.12615141285703374,0.14242409778707943,311.25111300485764,0.21515199914574623,0.20080001559108496,0.2744399826042354,0.5564824529887781,0.7208545536394774
9C_bg_sig_1_bg_50,9C_background,PSF Fitting,1.0,15.0,50.0,31,50,50,1.0,0.1825729445806461,0.15445759897659464,0.10243949869717035,0.139919397521759,0.15572184555586036,0.2093483484199845,0.3444005226307548,0.42097415497283636,-0.022569012463496848,-0.030222108962674382,0.037719175411575996,102.64355308775447,3.66934800054878,3.6753499880433083,4.485619999468327,0.1787376162788455,0.23682591612236048
9C_bg_sig_1_bg_500,9C_background,Gaussian Fitting,1.0,15.0,500.0,31,50,50,1.0,0.7004281400524784,0.732011137873471,0.2658905206519005,0.5253986420386534,0.5340913922671401,0.7491978032201596,1.0933256086573233,1.2768862502288898,0.4376767615824451,0.4665461307736797,0.6397079331766864,363.46217050596033,21.66958398418501,21.25939994584769,23.212160007096823,0.6759331369727835,0.8162125666608944
9C_bg_sig_1_bg_500,9C_background,Intensity-Weighted Centroid,1.0,15.0,500.0,31,50,0,0.0,,,,,,,,,,,,,0.19715199247002602,0.18715002806857228,0.2529250516090541,,
9C_bg_sig_1_bg_500,9C_background,PSF Fitting,1.0,15.0,500.0,31,50,50,1.0,0.8093285557091324,0.8407866483759736,0.26553253187115516,0.5970849104278488,0.6074618064598829,0.8517747569446611,1.2104226356945267,1.3941707164956192,0.5215626566711603,0.5490186910784957,0.7572642392107416,413.4801323673701,14.112078004982322,14.055499981623143,14.721824956359342,0.7782730809520446,0.9201116807457462
9C_bg_sig_2.5_bg_0,9C_background,Gaussian Fitting,2.5,15.0,0.0,31,50,50,1.0,0.18024941590429894,0.15909993321050142,0.09898864983291022,0.1463511203590728,0.14446437034517415,0.20564193329567643,0.3299196163166123,0.44712606228851337,0.009284971135973024,-0.007270727088857711,0.011792970846928331,100.69215073824427,4.7586539993062615,4.811000020708889,5.685944983270018,0.1759053866394249,0.23399880627528713
9C_bg_sig_2.5_bg_0,9C_background,Intensity-Weighted Centroid,2.5,15.0,0.0,31,50,50,1.0,0.4782007158841819,0.47223356036708,0.24044715695921556,0.36034780026887175,0.39577799686604487,0.5352483161691531,0.8752551903962829,1.0197845732772932,-0.08588796059769947,-0.060788947562263045,0.10522375169779656,261.81375638321373,0.22093999898061156,0.20690006203949451,0.2851300756447017,0.4698402764318328,0.597390935081243
9C_bg_sig_2.5_bg_0,9C_background,PSF Fitting,2.5,15.0,0.0,31,50,50,1.0,0.18087562198671392,0.1646162107188732,0.0975236221851929,0.14752515783691092,0.1430495554638161,0.20549172127655377,0.33746520849122896,0.4431022304352397,0.005601723956608566,-0.007369071523292518,0.009256485639887476,100.51747772546736,3.297550012357533,3.2086000428535044,4.332679946674034,0.1768315247478966,0.23308909933569041
9C_bg_sig_2.5_bg_10,9C_background,Gaussian Fitting,2.5,15.0,10.0,31,50,50,1.0,0.1816062653338925,0.16399567835811707,0.1048385850242665,0.1407994711906003,0.15539457336362114,0.20969493202844589,0.3625656014743813,0.38794204040170704,0.03403099311314236,0.013871150168114924,0.0367493850187066,102.31090923323917,4.629475986585021,4.522799979895353,6.228159996680913,0.180744234248882,0.23692436611573453
9C_bg_sig_2.5_bg_10,9C_background,Intensity-Weighted Centroid,2.5,15.0,10.0,31,50,50,1.0,0.4249428423566819,0.39644383299296737,0.2097536090161383,0.313413145445983,0.355450694227942,0.4738913332879921,0.8615398433791337,0.9132236802466264,0.03851866777382384,-0.11178123968590228,0.11823169335160244,230.55714216346453,0.22549400106072426,0.20840007346123457,0.2925900160335004,0.4090322036197328,0.5363921678072989
9C_bg_sig_2.5_bg_10,9C_background,PSF Fitting,2.5,15.0,10.0,31,50,50,1.0,0.17916704587838977,0.17131327073286529,0.10471188493338202,0.13633881762841793,0.15645170495324062,0.20752206912781795,0.35625051016929943,0.39106366340759924,0.03258922431218991,0.0127732918990381,0.0350030645402408,101.36673962646599,3.386884001083672,3.3758499776013196,4.181795014301315,0.1783833626738189,0.23490915493167072
9C_bg_sig_2.5_bg_100,9C_background,Gaussian Fitting,2.5,15.0,100.0,31,50,50,1.0,0.18607861401725553,0.16812793226710915,0.10248304293309032,0.15793531916101114,0.1420720227381801,0.21243357710919528,0.36576674666083064,0.46042113865906503,0.00038932491542936987,-0.02123341089605617,0.021236979826955882,103.56615498058805,4.615796003490686,4.641000006813556,5.583344947081059,0.18253738048528503,0.24126766502662045
9C_bg_sig_2.5_bg_100,9C_background,Intensity-Weighted Centroid,2.5,15.0,100.0,31,50,50,1.0,0.463531652596374,0.4321022568519745,0.2857469893706971,0.41870500999637056,0.34813653858376015,0.5445300128488261,1.1446995364904997,1.1827734469716829,-0.07676541303604836,0.03871214286832867,0.08597417428538058,265.22021468230685,0.21692599868401885,0.2071999479085207,0.2778550726361572,0.4540585419799103,0.6322263271864761
9C_bg_sig_2.5_bg_100,9C_background,PSF Fitting,2.5,15.0,100.0,31,50,50,1.0,0.18606713274769165,0.1687877869828536,0.10414561926152932,0.15620948273223548,0.1451409156814231,0.2132305979457792,0.36855707738909677,0.4683465950430789,-0.00041884026610830463,-0.020605495816331542,0.020609752182046498,104.07812877580635,3.0033760145306587,3.01349995424971,3.88375498005189,0.18228183097124256,0.24264092001617787
9C_bg_sig_2.5_bg_200,9C_background,Gaussian Fitting,2.5,15.0,200.0,31,50,50,1.0,0.2360851511635496,0.21941522309236705,0.14111457734881067,0.18850254383633838,0.20029057268748043,0.2750445828229481,0.48677552194940715,0.6113275010172011,-0.006543838327278877,0.011960162881215979,0.013633316404997741,133.9022045636913,7.056892004329711,6.951349962037057,9.58880499820225,0.2345710399407897,0.31508226690406965
9C_bg_sig_2.5_bg_200,9C_background,Intensity-Weighted Centroid,2.5,15.0,200.0,31,50,50,1.0,0.49110736134081034,0.4374180434323709,0.24224351664150415,0.34922726505659013,0.42179222261567384,0.5476023755591057,0.9129880824693587,0.9781796882084441,-0.009156844776641719,0.11083182657606017,0.11120944918688064,268.92652736202535,0.2238979935646057,0.20634994143620133,0.2973849244881421,0.48018053160979174,0.6096774832708914
9C_bg_sig_2.5_bg_200,9C_background,PSF Fitting,2.5,15.0,200.0,31,50,50,1.0,0.23075956265444797,0.19364366542973688,0.12107949240264904,0.16602076310322209,0.20086643685688024,0.2605958925941758,0.44668951387921557,0.5276067995170699,-0.01842774818629664,-0.0019398542154965526,0.018529569277102444,127.21987976012285,3.854050007648766,3.8498000358231366,4.905545018846168,0.22525699657417722,0.29399089211176344
9C_bg_sig_2.5_bg_50,9C_background,Gaussian Fitting,2.5,15.0,50.0,31,50,50,1.0,0.16970400105348368,0.15174416795160675,0.06692772179329257,0.1356515387587001,0.12197306239657198,0.18242469108648962,0.3075514725247964,0.33497628220296805,-0.007841721116871554,-0.008200804332628877,0.011346619839267278,88.90211153239416,4.661109996959567,4.801300005055964,5.77767004724592,0.16224038069681862,0.20223503494626455
9C_bg_sig_2.5_bg_50,9C_background,Intensity-Weighted Centroid,2.5,15.0,50.0,31,50,50,1.0,0.43393328334867654,0.41720273403506386,0.21335984592911642,0.3221078033010199,0.3606481405819952,0.4835499128866214,0.8528054226286239,1.0397575106839423,0.015131710139601183,0.01262441473832439,0.01970645831280018,235.3092361617181,0.21608200622722507,0.20730006508529186,0.2556250197812915,0.42008990505253146,0.5429503570714633
9C_bg_sig_2.5_bg_50,9C_background,PSF Fitting,2.5,15.0,50.0,31,50,50,1.0,0.16871017450507503,0.15240233310595327,0.0671452751583091,0.13512226596371824,0.12129956388399799,0.18158086616606364,0.3013729114952236,0.3449357188722867,-0.008298344185362794,-0.008790156251733947,0.012088397873524923,88.55311608300349,3.229327986482531,3.0972500098869205,4.17957499739714,0.161079711221055,0.2017740318011438
9C_bg_sig_2.5_bg_500,9C_background,Gaussian Fitting,2.5,15.0,500.0,31,50,50,1.0,0.7140465372133512,0.7111141365492857,0.2985678676745195,0.510904276997992,0.581362235322562,0.7739542808939602,1.1655674188773264,1.3327026992785378,0.417422667736746,0.4913667950732071,0.6447348376200691,378.59177416307375,21.52691199677065,21.205049939453602,23.195175029104576,0.6905256863611942,0.8486895561595121
9C_bg_sig_2.5_bg_500,9C_background,Intensity-Weighted Centroid,2.5,15.0,500.0,31,50,0,0.0,,,,,,,,,,,,,0.21095399744808674,0.18889998318627477,0.2851350116543471,,
9C_bg_sig_2.5_bg_500,9C_background,PSF Fitting,2.5,15.0,500.0,31,50,50,1.0,0.6583613128518964,0.6551584898568295,0.29609275976783583,0.4753779064637918,0.5432553604826265,0.7218798657997091,1.1028954107943587,1.2690133787793292,0.3730987231812912,0.4456295157800622,0.5811955975176365,353.13635210519743,11.93061799975112,11.855449993163347,12.91405498050153,0.6405929666211243,0.795391657486392
9C_bg_sig_2_bg_0,9C_background,Gaussian Fitting,2.0,15.0,0.0,31,50,50,1.0,0.18498146465021634,0.18395577491540555,0.08196337348249198,0.14583994778149553,0.1402385342474042,0.2023268070641399,0.3029012771807501,0.4267895753968228,-0.030974887979284063,0.0040538692001092615,0.031239038730741873,98.69244559769118,5.050380013417453,4.893250006716698,6.686255033127963,0.18026502158384955,0.22536096800635308
9C_bg_sig_2_bg_0,9C_background,Intensity-Weighted Centroid,2.0,15.0,0.0,31,50,50,1.0,0.5333312589640161,0.5378512643849287,0.26731836790710045,0.3557898288887021,0.478868394517749,0.596574673958473,0.994460297957194,1.301528810780167,-0.0058274418684368355,-0.022590572131117596,0.023330088468354285,292.8229925729622,0.21370599046349525,0.20735000725835562,0.2678049961104989,0.5172176641795808,0.6778028081776979
9C_bg_sig_2_bg_0,9C_background,PSF Fitting,2.0,15.0,0.0,31,50,50,1.0,0.18238920383908777,0.18855524763753256,0.0820196085217139,0.1449489513237623,0.13777822530883865,0.19998259389034717,0.3064576042970624,0.4162889469676367,-0.028942146353647332,0.001457555035182736,0.028978825066529667,97.50902153437357,3.5587379964999855,3.5515999770723283,4.531739960657433,0.17891236356558476,0.22291990102466638
9C_bg_sig_2_bg_10,9C_background,Gaussian Fitting,2.0,15.0,10.0,31,50,50,1.0,0.19081492278492376,0.19072906010547674,0.0737602713975735,0.14828386421966663,0.1409354746192157,0.20457495544191162,0.2976139340499995,0.350402248140971,-0.0363596370453331,0.04489586463011449,0.05777250095810224,99.2445015776764,4.730055991094559,4.643750027753413,5.515474948333576,0.1849139273797251,0.22268216202379815
9C_bg_sig_2_bg_10,9C_background,Intensity-Weighted Centroid,2.0,15.0,10.0,31,50,50,1.0,0.5275233141723884,0.49768014653840437,0.23111249607179743,0.4272903073606706,0.3861564787383226,0.5759286699201187,0.9098091481405525,1.0364954706292573,-0.07782243313298749,-0.022969896832838118,0.08114152610870426,278.0444121436522,0.2178500033915043,0.19854999845847487,0.2780250099021941,0.5115724525522873,0.6388359257622696
9C_bg_sig_2_bg_10,9C_background,PSF Fitting,2.0,15.0,10.0,31,50,50,1.0,0.189851872123922,0.19012821645196407,0.07373258101117884,0.14809137000246111,0.13981835710064053,0.20366695080824496,0.303845149383684,0.3615239711839702,-0.03232609169513296,0.0447973473451475,0.05524290482445631,98.81977955694619,3.157198012340814,3.061200026422739,4.001605062512681,0.1842581551094995,0.22216054609296554
9C_bg_sig_2_bg_100,9C_background,Gaussian Fitting,2.0,15.0,100.0,31,50,50,1.0,0.17700721013907067,0.161386622459522,0.09037859320595917,0.12017684083795267,0.15829519726547228,0.19874567303744095,0.33502483804284094,0.40307102111113696,0.02323276177267644,0.016930116020422475,0.02874700067921698,96.71557205934556,4.405404010321945,4.372349998448044,5.463129992131144,0.17227345739443176,0.2242407903496463
9C_bg_sig_2_bg_100,9C_background,Intensity-Weighted Centroid,2.0,15.0,100.0,31,50,50,1.0,0.5627849988554599,0.5881874690823312,0.256056590814796,0.4030571172961549,0.4688676709193643,0.6182976084673429,0.8911841865750709,1.1955661977323895,0.0280654501289564,-0.013455466144716297,0.03112425196069048,299.8455979593487,0.21929800044745207,0.20374997984617949,0.2619550155941397,0.5454770554992446,0.6904700444970362
9C_bg_sig_2_bg_100,9C_background,PSF Fitting,2.0,15.0,100.0,31,50,50,1.0,0.17707636863701978,0.15791710835953876,0.08670223940075075,0.1179513366465372,0.1579898757201678,0.19716317771525904,0.33279041007570037,0.4068942320939598,0.023486023746461342,0.01856534974396027,0.029937694008305177,96.04042553271553,3.080518003553152,3.0805999995209277,3.736099967500195,0.17139445630986536,0.22183692840697486
9C_bg_sig_2_bg_200,9C_background,Gaussian Fitting,2.0,15.0,200.0,31,50,50,1.0,0.2576874927037636,0.23268092150302433,0.14453990833457814,0.20907066046809475,0.2087680242009181,0.29545664486912543,0.5252039622721363,0.7048481317244472,-0.008995676449423513,-0.0029206355259486826,0.009457922956873055,143.1723904724863,6.828656003344804,6.31020002765581,11.353689979296178,0.24762785077377242,0.34286536990583527
9C_bg_sig_2_bg_200,9C_background,Intensity-Weighted Centroid,2.0,15.0,200.0,31,50,50,1.0,0.5336703878375648,0.5461118682518894,0.24805756690591363,0.37737382913997686,0.4515812578420524,0.5885037292608932,0.9049668017737813,0.9407849214875753,-0.0664493418397393,0.003039346466839561,0.06651881431504938,288.13230073179597,0.2056419849395752,0.19999995129182935,0.2429199870675802,0.5250893095926124,0.6542407511358137
9C_bg_sig_2_bg_200,9C_background,PSF Fitting,2.0,15.0,200.0,31,50,50,1.0,0.23549587268297573,0.20668565619910956,0.1415962639705362,0.19021790500272184,0.198305210817834,0.27478684106254087,0.5515967029822628,0.6167031057621711,-0.00644098238365359,0.017483565013865814,0.018632265016916453,133.86312403014378,3.627900006249547,3.4846499911509454,4.76735508418642,0.2291905589804399,0.3210090343243953
9C_bg_sig_2_bg_50,9C_background,Gaussian Fitting,2.0,15.0,50.0,31,50,50,1.0,0.1759861470136646,0.14692611175113487,0.11114942860116683,0.13210727940532874,0.1608508195415972,0.2081473502571701,0.37683005920352974,0.4382114374636872,0.0027262515901537655,0.04192584287270393,0.04201438739669394,101.49662640504948,4.881120002828538,4.853899998124689,6.040619983104988,0.1753974855150418,0.23982502227612076
9C_bg_sig_2_bg_50,9C_background,Intensity-Weighted Centroid,2.0,15.0,50.0,31,50,50,1.0,0.48380651996261564,0.3970982461036169,0.29609781250433825,0.3744206142300217,0.4260890364322981,0.5672236448951956,1.0650296142704612,1.3118463403800447,0.11802203703425676,0.037577899587130335,0.12386000065838819,276.0192941681422,0.21199199371039867,0.2033999771811068,0.2744049939792603,0.47138056504671183,0.660800704974713
9C_bg_sig_2_bg_50,9C_background,PSF Fitting,2.0,15.0,50.0,31,50,50,1.0,0.17546293919331218,0.14581922296501043,0.11368439552022727,0.1353741212138033,0.15932743681094583,0.2090726783086576,0.3904815125362037,0.4362720585770967,0.0037933399764642673,0.03991660477662094,0.040096443297005784,101.84334426378467,3.201306003611535,3.1134499586187303,4.252190026454627,0.17604113177950054,0.2410297756954302
9C_bg_sig_2_bg_500,9C_background,Gaussian Fitting,2.0,15.0,500.0,31,50,50,1.0,0.7138636920924152,0.7556080904834833,0.2716398714828997,0.5685375631641276,0.5100535559511926,0.7637994440080857,1.0855532292351606,1.1622560009620573,0.49204440415580164,0.4374515278276027,0.6583855518309479,370.77782583894776,21.57737800385803,21.012350043747574,24.421365075977516,0.6914806768646674,0.8281330912219115
9C_bg_sig_2_bg_500,9C_background,Intensity-Weighted Centroid,2.0,15.0,500.0,31,50,0,0.0,,,,,,,,,,,,,0.19467199919745326,0.18465000903233886,0.27995503623969853,,
9C_bg_sig_2_bg_500,9C_background,PSF Fitting,2.0,15.0,500.0,31,50,50,1.0,0.9692189224919427,0.9472917437899435,0.2604050949299541,0.594549197052901,0.8085217285055928,1.0035916167355727,1.3773069972830743,1.4110762880201158,0.5218826330207605,0.7647984013620323,0.9258931241642321,491.16158883427397,14.609917995985597,14.512550027575344,15.74956501717679,0.9311807922982182,1.072491460872263
9C_bg_sig_3_bg_0,9C_background,Gaussian Fitting,3.0,15.0,0.0,31,50,50,1.0,0.18220279640132056,0.1648625791247581,0.0955206064690294,0.13443069556109585,0.1557255064773662,0.20572322493260758,0.35465186880705535,0.439480300349341,-2.7171095798053102e-05,-0.017237028187947204,0.01723704960312331,100.632589212112,4.654635987244546,4.545999981928617,5.360984988510609,0.17754565758915883,0.23423877109143082
9C_bg_sig_3_bg_0,9C_background,Intensity-Weighted Centroid,3.0,15.0,0.0,31,50,50,1.0,0.42138743807199525,0.41889189948614614,0.1909925555820014,0.3278279463757463,0.32645729709670196,0.4626505476627294,0.7703550701695315,1.0255292274986105,0.030392083005705218,0.028230200332864684,0.041480391997416675,224.53825492692957,0.21424400387331843,0.20235002739354968,0.2664500498212874,0.4039004546654426,0.5195343673345667
9C_bg_sig_3_bg_0,9C_background,PSF Fitting,3.0,15.0,0.0,31,50,50,1.0,0.1788193899107848,0.17233711579560845,0.09602001088888013,0.1317928998938189,0.15435947731429966,0.20296851159518797,0.3372139991885281,0.4248296867539642,0.0013157416354670204,-0.015372361918356319,0.015428567237440844,99.36290800699416,3.179287996608764,3.171099931932986,3.7171899515669793,0.17506967816932517,0.2306718331562282
9C_bg_sig_3_bg_10,9C_background,Gaussian Fitting,3.0,15.0,10.0,31,50,50,1.0,0.18425587669469556,0.1605789564065206,0.10284461378179234,0.16809228278380456,0.12756264009884072,0.21101479256312075,0.35526419756759053,0.5212642238731702,-0.009699333189999493,0.0029425239220421417,0.010135852769373479,102.96115124106562,4.715922006871551,4.583549976814538,5.877335014520213,0.17819847903643846,0.24417816105289497
9C_bg_sig_3_bg_10,9C_background,Intensity-Weighted Centroid,3.0,15.0,10.0,31,50,50,1.0,0.43615599308567654,0.44223316870251,0.20916062018869194,0.3153761314121014,0.36676710740987656,0.4837150145925501,0.7726842064847529,0.8289256555872748,0.025904256188283056,-0.05379961570591945,0.059711214514300545,235.85953870160495,0.2296980028040707,0.2062499988824129,0.34098005271516707,0.42467571833149803,0.5372463229046527
9C_bg_sig_3_bg_10,9C_background,PSF Fitting,3.0,15.0,10.0,31,50,50,1.0,0.18470897387816806,0.16412917005876593,0.10292242066444146,0.16753259356840122,0.12900875861273495,0.21144840908967374,0.3626116367364033,0.514286289844965,-0.009798347148895914,0.005090498729001638,0.011041774502327241,103.17919815423542,3.2388060120865703,3.0667000683024526,4.002195014618337,0.179020197471224,0.2436291525649004
9C_bg_sig_3_bg_100,9C_background,Gaussian Fitting,3.0,15.0,100.0,31,50,50,1.0,0.17967543529101196,0.15867656083499698,0.09366123966172861,0.12001165208650053,0.16325713835987432,0.2026220369604116,0.3457620431716764,0.4205224569956956,0.011905211678278533,-0.0073254396543813985,0.013978416621155738,99.04376047286786,4.595469993073493,4.588749958202243,5.363590019987896,0.17532851224137458,0.2292874030048056
9C_bg_sig_3_bg_100,9C_background,Intensity-Weighted Centroid,3.0,15.0,100.0,31,50,50,1.0,0.3899097243832316,0.3584077520915301,0.2160489268724178,0.27249014938261323,0.3527830076134224,0.44576533285051556,0.8479706675488925,0.9633839515743908,-0.023036372830975437,-0.02005207600187191,0.030541123509009137,219.04353583291757,0.22141200257465243,0.20765000954270363,0.2816749969497323,0.3771318682127627,0.5144031096186698
9C_bg_sig_3_bg_100,9C_background,PSF Fitting,3.0,15.0,100.0,31,50,50,1.0,0.17937509237382382,0.1680411736370957,0.09592559605769511,0.118211632098161,0.16553897963872727,0.20341372555248557,0.35443220234469625,0.4144132423994812,0.012044384299608168,-0.009799073357139605,0.01552704195316194,99.50836186544446,3.033643984235823,3.03354999050498,3.752724960213526,0.1739515339741937,0.23177102574164993
9C_bg_sig_3_bg_200,9C_background,Gaussian Fitting,3.0,15.0,200.0,31,50,50,1.0,0.29186794705568736,0.25942989377330916,0.1510323603613935,0.24251148965534308,0.22177883077512553,0.3286299931455365,0.5441848847240506,0.5967138474518964,0.055172808957308916,0.00965718999534431,0.0560116074295845,158.89574425255068,6.752354002092034,6.528249941766262,9.036224987357855,0.2851117844014236,0.36984683957063513
9C_bg_sig_3_bg_200,9C_background,Intensity-Weighted Centroid,3.0,15.0,200.0,31,50,50,1.0,0.4646259079276159,0.45214793025336053,0.24146089543356652,0.339628469882363,0.3985387067607185,0.5236225724137007,0.937455797779084,1.0632793641396807,-0.04659114192062475,0.005158937183985586,0.0468758908004542,256.6580713006672,0.22255000425502658,0.20815007155761123,0.30544504988938564,0.451715383563271,0.5934219424950371
9C_bg_sig_3_bg_200,9C_background,PSF Fitting,3.0,15.0,200.0,31,50,50,1.0,0.2733769470650047,0.267105592215136,0.13454900767141095,0.22253843975520984,0.2081226404869509,0.3046939294635582,0.516554472217109,0.560113667256649,0.031490274058031675,0.013715602484248848,0.03434756340347705,147.8843321781646,3.616306008771062,3.5220999852754176,4.685000015888363,0.26742003472675346,0.341920909424967
9C_bg_sig_3_bg_50,9C_background,Gaussian Fitting,3.0,15.0,50.0,31,50,50,1.0,0.17427672373895237,0.15460185836472315,0.09776730377463473,0.1291236097754637,0.1525054606337052,0.1998269804719694,0.3731843991517579,0.46275347803145167,-0.014474036115279318,0.0011491327106654126,0.014519580829112502,97.66314144568612,4.683659998700023,4.65519999852404,5.69441998959519,0.1681760236439232,0.23055870735146017
9C_bg_sig_3_bg_50,9C_background,Intensity-Weighted Centroid,3.0,15.0,50.0,31,50,50,1.0,0.3860738614069929,0.3509094611531365,0.17206600844610465,0.28271289162539776,0.31421832956256235,0.4226816032479778,0.6876335518212751,0.7571254266809069,-0.06074646811628725,0.03751687205927169,0.07139782263987372,205.6656894241875,0.22060598246753216,0.2038499223999679,0.3428899857681244,0.37411836682516264,0.4679948252050875
9C_bg_sig_3_bg_50,9C_background,PSF Fitting,3.0,15.0,50.0,31,50,50,1.0,0.17487501797990468,0.14646865690017175,0.09673780755594975,0.12937876179408395,0.1523174688630088,0.19984863102909653,0.37099688576692047,0.4563412821947573,-0.01261720949497942,0.0008491986062779233,0.01264575477040035,97.61760667480686,3.1108939927071333,3.0960000003688037,3.8276399602182205,0.16876638896163088,0.23016518162278163
9C_bg_sig_3_bg_500,9C_background,Gaussian Fitting,3.0,15.0,500.0,31,50,50,1.0,0.775576752644271,0.7909141404337523,0.3142178511934477,0.5758568152738011,0.6071582047156866,0.8368107057458458,1.2380521459240659,1.270527012882439,0.48668599727713685,0.5386956607837112,0.7259864150883545,405.84386303485786,21.591448003891855,21.23815001687035,24.328015046194196,0.7578487453267095,0.9120351789780695
9C_bg_sig_3_bg_500,9C_background,Intensity-Weighted Centroid,3.0,15.0,500.0,31,50,0,0.0,,,,,,,,,,,,,0.20232400856912136,0.19189994782209396,0.26353002758696675,,
9C_bg_sig_3_bg_500,9C_background,PSF Fitting,3.0,15.0,500.0,31,50,50,1.0,0.7826499977731628,0.7966301880179611,0.3146152433332102,0.5811136672410352,0.6114169412909837,0.8435186840562258,1.2457985141810914,1.2782831318103636,0.49289479861598406,0.5434911273344266,0.7337083126106296,409.0840931894093,9.00423799874261,8.93625000026077,9.752815030515194,0.7643814284725146,0.918987344014363
9C_bg_sig_4_bg_0,9C_background,Gaussian Fitting,4.0,15.0,0.0,31,50,50,1.0,0.19193569848842265,0.1785584311197841,0.10751581363761839,0.16299896453459523,0.14775080404873459,0.21999764211554132,0.37398329533725505,0.49943270336850043,0.022733463514482535,0.009616671425786195,0.02468381519692289,105.95224306787017,4.722577983047813,4.6661500236950815,5.426320031983778,0.18676144269863604,0.25178551976672287
9C_bg_sig_4_bg_0,9C_background,Intensity-Weighted Centroid,4.0,15.0,0.0,31,50,50,1.0,0.322053995248862,0.3154699526025599,0.15500729176382302,0.25243540393637187,0.2530264871415437,0.35741577519145545,0.5711203158515422,0.697293909671572,0.010506665566320522,-0.01885346998796706,0.021583404548626707,172.46573561338468,0.21886000176891685,0.20714994752779603,0.28459000750444824,0.31270936844701375,0.3991693883444313
9C_bg_sig_4_bg_0,9C_background,PSF Fitting,4.0,15.0,0.0,31,50,50,1.0,0.18947245705054477,0.17696620502464916,0.10668098888654844,0.16054618624462344,0.14664776661405068,0.2174411308160956,0.3669411804840586,0.4744912162527177,0.025372330273873443,0.008872470806747969,0.026878911468716692,104.77291810920903,3.0867719976231456,3.0724500538781285,3.6206649558153003,0.18569540929439993,0.2471953964108049
9C_bg_sig_4_bg_10,9C_background,Gaussian Fitting,4.0,15.0,10.0,31,50,50,1.0,0.1741489129882822,0.16422454794531427,0.08646450835538783,0.1418714595338338,0.13295278887589745,0.19443239210620025,0.31978509622411555,0.36609783421368325,0.018954289555389324,0.001129087549788892,0.018987889067630163,94.26625531132834,5.0803300039842725,5.037750001065433,6.055259983986616,0.17086646301893113,0.2175763236674615
9C_bg_sig_4_bg_10,9C_background,Intensity-Weighted Centroid,4.0,15.0,10.0,31,50,50,1.0,0.28698047373819013,0.27207155010867723,0.14238349887739288,0.2325112555621752,0.220384593600518,0.3203605048372296,0.5215810150660969,0.7807813013273593,-0.05337776474608802,-0.008038985537141911,0.05397972821120067,155.99245015981916,0.22900200448930264,0.20840001525357366,0.3135299950372427,0.2768060444355751,0.3666468096403156
9C_bg_sig_4_bg_10,9C_background,PSF Fitting,4.0,15.0,10.0,31,50,50,1.0,0.1713356286729755,0.15800090127024113,0.08710843438598558,0.1391599001101259,0.1325831784023941,0.19220764031104817,0.3228014692937885,0.3620123613598948,0.01577802491581565,0.0005986270902405977,0.015789376955322506,93.22692719193634,3.1475219898857176,3.0786499846726656,4.089910013135523,0.1683763431942321,0.2157295758289408
9C_bg_sig_4_bg_100,9C_background,Gaussian Fitting,4.0,15.0,100.0,31,50,50,1.0,0.17303632107650319,0.16668059654120038,0.1010038981942235,0.148671253491265,0.13431386468810946,0.20035806912155985,0.31755822515770915,0.5011083239332124,0.04452746611495286,0.009454163731153925,0.045520066459460946,97.3182879585251,7.901600005570799,7.8943000407889485,9.867695003049448,0.16989119876002223,0.23262546492058997
9C_bg_sig_4_bg_100,9C_background,Intensity-Weighted Centroid,4.0,15.0,100.0,31,50,50,1.0,0.33244668650890274,0.3298809394186069,0.14644863307807585,0.23257366388437228,0.2790653908469923,0.3632740033379564,0.5306054136865058,0.8392996605265837,0.02092361244001438,-0.03145801171392918,0.03778100129077616,176.96998979163487,0.3134940052405,0.3064500051550567,0.4339299804996699,0.32233300804960824,0.4063695455584177
9C_bg_sig_4_bg_100,9C_background,PSF Fitting,4.0,15.0,100.0,31,50,50,1.0,0.17198913769268528,0.17067944948613523,0.1009788521865037,0.14797044774114024,0.13372261838770474,0.19944170093833744,0.31503637719461386,0.5063988958221869,0.04486477019574863,0.010010818767155457,0.04596807693504446,96.88854087444935,4.575195994693786,4.338850034400821,6.0265349864494056,0.1682903516952073,0.23253227246268252
9C_bg_sig_4_bg_200,9C_background,Gaussian Fitting,4.0,15.0,200.0,31,50,50,1.0,0.25815839630425347,0.25898229186713473,0.14531698316328995,0.19655896045740356,0.22164692247348877,0.2962478407989903,0.5163454144920067,0.7361552738840865,0.036949961634633155,0.021563785084056236,0.04278196456396349,145.34694292425323,11.194104012101889,11.125100019853562,13.383205031277612,0.25080187288448386,0.3421910469725122
9C_bg_sig_4_bg_200,9C_background,Intensity-Weighted Centroid,4.0,15.0,200.0,31,50,50,1.0,0.38185447227455815,0.3915156986150065,0.1608409236779797,0.2815862162931451,0.30396026634969436,0.414346039833455,0.612362353900597,0.7959769543698769,0.025575555576029956,0.027564725873926933,0.037602169558781234,201.58910855045937,0.3184180078096688,0.30509999487549067,0.46761500416323537,0.37266468981910367,0.4550223173883817
9C_bg_sig_4_bg_200,9C_background,PSF Fitting,4.0,15.0,200.0,31,50,50,1.0,0.22380229274718555,0.20869169405340185,0.12317849862768519,0.1669589351745995,0.1933523279622759,0.2554611687968792,0.4998963280307903,0.585969392672415,0.021250152982502185,0.02129337723260903,0.030082834237317786,125.62944044736994,5.546776005066931,5.574699956923723,7.349274994339794,0.2142383618195538,0.29642947285979226
9C_bg_sig_4_bg_50,9C_background,Gaussian Fitting,4.0,15.0,50.0,31,50,50,1.0,0.1710197892942055,0.15408141720663449,0.09024736192808443,0.1356727667296966,0.13778699152359206,0.19337102850534024,0.34039996115253246,0.37606615901502133,0.008229685543865913,0.04527245451981628,0.046014376692505014,93.4222403777341,8.27258599922061,8.162249985616654,10.290439944947138,0.1655678542818318,0.21987244575922807
9C_bg_sig_4_bg_50,9C_background,Intensity-Weighted Centroid,4.0,15.0,50.0,31,50,50,1.0,0.2896439818929043,0.23843572018737438,0.15140949211555463,0.23521548710174905,0.2269188074553411,0.3268309510273885,0.6163387667280037,0.7074100580757522,0.00992274462645355,0.02256057979120726,0.024646310503546816,157.6690804721556,0.34498800290748477,0.3164499648846686,0.49105501384474337,0.2792873490813449,0.37688479551272613
9C_bg_sig_4_bg_50,9C_background,PSF Fitting,4.0,15.0,50.0,31,50,50,1.0,0.17085467481064498,0.1504064649010707,0.08824529243104037,0.13479722738776495,0.13714320628256532,0.19229807991992817,0.32560404843401997,0.3721104960869181,0.007140201477598112,0.04374903695725038,0.04432787736659126,92.8521472360565,5.08039599750191,5.090449936687946,6.551260029664262,0.16503323999722208,0.2182046036219285
9C_bg_sig_4_bg_500,9C_background,Gaussian Fitting,4.0,15.0,500.0,31,50,50,1.0,0.7759211368438382,0.8360207837604134,0.31702469185607896,0.5709545839163661,0.6136522866838884,0.8381874884818288,1.2081171192995317,1.3258151900735329,0.4805308332607876,0.5249955006702072,0.7117093208875857,408.52035193123766,25.70757600478828,22.414100007154047,36.35431504808366,0.7560353985991501,0.9115928589375374
9C_bg_sig_4_bg_500,9C_background,Intensity-Weighted Centroid,4.0,15.0,500.0,31,50,0,0.0,,,,,,,,,,,,,0.22789399372413754,0.201700022444129,0.334174948511645,,
9C_bg_sig_4_bg_500,9C_background,PSF Fitting,4.0,15.0,500.0,31,50,50,1.0,0.7331689940994424,0.7769515887131424,0.3106206078715493,0.4763166402345001,0.6380786739728862,0.7962549440620629,1.1604186295820993,1.2734809110289624,0.3630403374054799,0.5533493841603064,0.661811021012853,389.55033528157304,16.807637996971607,14.54930001636967,24.82982498477213,0.7175098451425822,0.8689361876558824
9C_grad_horizontal_sig_0.5,9C_background,Gaussian Fitting,0.5,15.0,10.0,31,50,46,0.92,0.33685854588077185,0.21906774706863458,0.5225346061567628,0.5255002247654016,0.332213197112673,0.6217041857381301,0.6759928213965076,3.603557340121515,0.03163134053683151,0.0472885814902281,0.0568924568243888,301.49951514212955,110.23492999840528,20.14884998789057,640.6626350653823,0.26719653335370674,0.997098071365032
9C_grad_horizontal_sig_0.5,9C_background,Intensity-Weighted Centroid,0.5,15.0,10.0,31,50,50,1.0,0.6591352817263502,0.6663885344841991,0.3526343466346589,0.517853789125686,0.5391082962922172,0.747536154338322,1.2564675274705346,1.4898407312867183,0.21895276480084702,0.000206585686711378,0.2189528622593936,366.3261652830172,0.20580200711265206,0.195500033441931,0.2597400511149317,0.6454010443231384,0.850972027711511
9C_grad_horizontal_sig_0.5,9C_background,PSF Fitting,0.5,15.0,10.0,31,50,50,1.0,0.2320582415633848,0.16140538715671643,0.20265345652579803,0.2291731188102344,0.20591049641563672,0.3080900045755197,0.6798702394504553,0.8958297399521612,0.00431902586498893,-0.012414136029007636,0.013144000828102105,150.08628654176215,23.415330012794584,6.433699978515506,112.90693499613542,0.22453555978452983,0.3858744023720473
9C_grad_horizontal_sig_1,9C_background,Gaussian Fitting,1.0,15.0,10.0,31,50,50,1.0,0.1818571328818658,0.15297837764709937,0.10132444630846733,0.14981320721142924,0.144549863869723,0.20817939427265628,0.34548082905344124,0.4501580846689648,-0.003173048704585426,0.014037485371114827,0.014391637628356754,100.73502261875429,7.871059991884977,7.138849992770702,12.062119907932354,0.17949238678493537,0.2363350426761247
9C_grad_horizontal_sig_1,9C_background,Intensity-Weighted Centroid,1.0,15.0,10.0,31,50,50,1.0,0.6559138932723506,0.7271619246001157,0.29532400221232313,0.5059730451675201,0.5113028253728934,0.7193325390043167,1.1272035626503123,1.3722343371870276,0.1997525036976242,0.02389752098161523,0.20117692273850923,349.96372094548855,0.2264299988746643,0.20640000002458692,0.33229002146981657,0.6378165501472138,0.7905513679817053
9C_grad_horizontal_sig_1,9C_background,PSF Fitting,1.0,15.0,10.0,31,50,50,1.0,0.1825456164834251,0.15785695377154801,0.1004274428793244,0.1507382872598139,0.14382816877987262,0.20834724231578802,0.35295419795096183,0.4733458870053652,0.0025263925116416884,0.0127091685959158,0.01295784031088096,100.72873359898348,3.75594399869442,3.6496500251814723,5.098404991440475,0.1785154551349378,0.23742999924838062
9C_grad_horizontal_sig_1.5,9C_background,Gaussian Fitting,1.5,15.0,10.0,31,50,50,1.0,0.18725421466528153,0.17302489616083933,0.10802427488400432,0.1616422034591923,0.14354505541809282,0.2161790574364831,0.38696938793438196,0.5057819100303916,0.019363302375174384,-0.040259476575299685,0.04467396258436829,104.98365440891745,5.661932001821697,5.3661499987356365,8.320860064122822,0.18177174699517126,0.2488146325493905
9C_grad_horizontal_sig_1.5,9C_background,Intensity-Weighted Centroid,1.5,15.0,10.0,31,50,50,1.0,0.6000591911941029,0.589424949643298,0.26128542108307656,0.40883667306786464,0.5110711094964002,0.6544777339276574,1.0764621359863669,1.1248754195452304,0.13850820447969966,-0.009021561041936934,0.13880169765468897,318.567518828678,0.20626600366085768,0.20150002092123032,0.24396004737354812,0.584862952619849,0.7235156886693715
9C_grad_horizontal_sig_1.5,9C_background,PSF Fitting,1.5,15.0,10.0,31,50,50,1.0,0.18632484849980419,0.17325724895037453,0.10408862281388197,0.16193523223689213,0.13902651232102958,0.21342771743090347,0.3722843166674351,0.5007087795920028,0.021880409284757433,-0.035136530257615275,0.04139236727964243,103.65675289569442,3.1546880025416613,3.035850008018315,3.8654349569696933,0.179660398412688,0.2440435566589911
9C_grad_horizontal_sig_2,9C_background,Gaussian Fitting,2.0,15.0,10.0,31,50,50,1.0,0.17659413679512365,0.166875850532818,0.08656283421693337,0.15196275302206855,0.12484364265767373,0.1966687911644426,0.3228672554137581,0.40266193262758293,-0.01449248311441238,0.013918177048423672,0.020093474542069507,95.6128781918332,4.516347991302609,4.4703499297611415,5.351975007215515,0.17195488078931426,0.2219707841572291
9C_grad_horizontal_sig_2,9C_background,Intensity-Weighted Centroid,2.0,15.0,10.0,31,50,50,1.0,0.4873177589915241,0.46881576606961506,0.22660496341075453,0.4126815819668616,0.3442707068227546,0.5374275836528216,0.8674651933452038,0.9760714879901032,0.11957834233803397,0.10758799059450666,0.16085445494755718,261.42312499998815,0.20876599941402674,0.20019995281472802,0.26805000961758196,0.4735986134766528,0.5987824599841536
9C_grad_horizontal_sig_2,9C_background,PSF Fitting,2.0,15.0,10.0,31,50,50,1.0,0.17342844284005807,0.16337428261552783,0.08447891337718158,0.14935202942072093,0.12209866051365496,0.1929095943474991,0.33439300060452093,0.3899912097836675,-0.013092075871683165,0.015344956333772758,0.02017102217328862,93.72869788085772,3.117124002892524,3.0988999642431736,3.8859800028149034,0.16795298224418134,0.21794444589866332
9C_grad_horizontal_sig_2.5,9C_background,Gaussian Fitting,2.5,15.0,10.0,31,50,50,1.0,0.16347436219346254,0.15324318641999793,0.08719130738070657,0.12306954454628398,0.13849216000368558,0.18527328781374885,0.32233820709682653,0.3591563304524646,0.037804841519049434,-0.01022552907259069,0.03916334366591853,90.35473274420158,4.664089996367693,4.576299979817122,5.8975949883461,0.1616122198123565,0.20837583453113545
9C_grad_horizontal_sig_2.5,9C_background,Intensity-Weighted Centroid,2.5,15.0,10.0,31,50,50,1.0,0.4310863007348899,0.42373353596692,0.19646476155758577,0.33817386970562097,0.33177135961908555,0.47374444716025005,0.7645139536308103,0.8441074336751168,0.100290676272042,-0.04529414661828639,0.11004444313540938,230.7102659196066,0.2192559977993369,0.20700000459328294,0.2903050393797456,0.4205028111107545,0.5274735456930344
9C_grad_horizontal_sig_2.5,9C_background,PSF Fitting,2.5,15.0,10.0,31,50,50,1.0,0.16175818906881329,0.14977508830171768,0.08451403922397158,0.11949324468355088,0.1379481751665095,0.18250571102508806,0.3096309633073388,0.3377718530206825,0.036666111332367565,-0.011898891178994404,0.0385485062165465,89.05432299098418,3.1603199942037463,3.02754994481802,4.261904995655639,0.15980752809985524,0.20470748163853317
9C_grad_horizontal_sig_3,9C_background,Gaussian Fitting,3.0,15.0,10.0,31,50,50,1.0,0.1757440000768201,0.15923741945838768,0.09246609682587245,0.13504220730222574,0.14560060052127416,0.19858482476063716,0.3307860349092967,0.4381232790769309,-0.01970191848530476,0.018470410915439286,0.027005956220559423,96.37175765650744,4.747963997069746,4.529749974608421,5.957355018472298,0.16877462387135755,0.2264633609019016
9C_grad_horizontal_sig_3,9C_background,Intensity-Weighted Centroid,3.0,15.0,10.0,31,50,50,1.0,0.40514207768145793,0.40772967877436905,0.1810084932079245,0.29777814417352927,0.3289868607923735,0.4437388620815758,0.7037427749932116,0.8048766961163992,0.1211851614162282,0.061636145446105385,0.1359590297587135,216.28336844820763,0.22236399818211794,0.2037500380538404,0.30303501989692433,0.3927344502014052,0.4897969112529345
9C_grad_horizontal_sig_3,9C_background,PSF Fitting,3.0,15.0,10.0,31,50,50,1.0,0.17332461944681404,0.15878790999400946,0.09352146207594203,0.13488551154335068,0.14350465619934916,0.19694590012286317,0.3362428994534736,0.4426021223250604,-0.017550575993768688,0.01684064889241597,0.024323449032377813,95.61375446256702,3.1201080116443336,3.0743000097572803,3.9305700513068587,0.16660602130486366,0.22570670158234374
9C_grad_horizontal_sig_4,9C_background,Gaussian Fitting,4.0,15.0,10.0,31,50,50,1.0,0.15813514778765628,0.16506664472388105,0.0828285436501651,0.12579304807063374,0.12666255036959592,0.1785141243964499,0.31022204388731267,0.3870007827566565,0.034735813560660064,-0.028222273531071096,0.04475570876417367,87.73423082343889,4.91421400103718,4.857199965044856,5.679244990460574,0.15493006238885573,0.2007253219669665
9C_grad_horizontal_sig_4,9C_background,Intensity-Weighted Centroid,4.0,15.0,10.0,31,50,50,1.0,0.3077959802949657,0.29778974851101836,0.17923509695574152,0.2779036617334918,0.22278496417305624,0.3561791479950405,0.6108693761838794,0.8443492470132594,0.06437298944977783,-0.0373372278941207,0.07441740628051151,173.29524506035713,0.2122520050033927,0.19854999845847487,0.286619970574975,0.3024223384480999,0.4090109395162127
9C_grad_horizontal_sig_4,9C_background,PSF Fitting,4.0,15.0,10.0,31,50,50,1.0,0.15801469863603781,0.1599286967850016,0.0805626094239023,0.1254846861897186,0.1253498007740496,0.17736679233223474,0.30935937057064405,0.3841158810073407,0.03477014119178534,-0.026065510243712994,0.043455420177025035,87.14692776206024,2.9607220040634274,2.8606000123545527,3.6279749707318842,0.15437807401487189,0.19933806016594569
9C_grad_twod_sig_0.5,9C_background,Gaussian Fitting,0.5,15.0,10.0,31,50,45,0.9,0.3116577907566042,0.2260656040475439,0.272721410996472,0.2871887423081947,0.29837924332404775,0.41413469614992887,0.7123082618414299,1.570491482681722,-0.015096698459990421,-0.0589028822666939,0.06080674176204379,200.77965005602306,113.9795619994402,25.1479500439018,662.2534499212634,0.28862676879223786,0.549701669475805
9C_grad_twod_sig_0.5,9C_background,Intensity-Weighted Centroid,0.5,15.0,10.0,31,50,50,1.0,0.7954700795290944,0.7429423595173423,0.3550891191741003,0.6049936319650752,0.6267723951033335,0.8711262422759758,1.3754267552048287,1.4898425452068178,0.1038210233202011,0.2350845023852463,0.2569893541471565,424.3920707728346,0.22062400355935097,0.2026500296778977,0.30093501554802055,0.7728581896228511,0.959903611668406
9C_grad_twod_sig_0.5,9C_background,PSF Fitting,0.5,15.0,10.0,31,50,49,0.98,0.22094596137158223,0.18244128507252186,0.19152105629522342,0.21892086835776292,0.19383262431369472,0.2923994405788952,0.4612438461200846,1.2297481624560345,0.05572324972347801,0.0015376968355681408,0.05574446224786107,143.84385192367264,30.888817999511957,5.746650043874979,147.558724990813,0.20398898845710772,0.394962664970866
9C_grad_twod_sig_1,9C_background,Gaussian Fitting,1.0,15.0,10.0,31,50,50,1.0,0.18472268477487866,0.17340194495949957,0.11917469700141999,0.1648592777475904,0.14541835240561043,0.21982965831711485,0.4352675273110133,0.45386817700375703,0.02196237020298213,0.01133307379951873,0.02471404998534589,107.59700448636575,7.540838001295924,7.193650002591312,10.195214982377365,0.18563642482378367,0.2530086325005367
9C_grad_twod_sig_1,9C_background,Intensity-Weighted Centroid,1.0,15.0,10.0,31,50,50,1.0,0.6328260324684123,0.59540513506675,0.32802098143088915,0.5446670849876047,0.4597872531505207,0.712787872812519,1.2935152531759575,1.627344307163288,0.17870636493884887,0.1954312413395513,0.2648194384126192,348.27346193768443,0.22274200106039643,0.206399941816926,0.32336501753889024,0.6067621392619764,0.8199464032138998
9C_grad_twod_sig_1,9C_background,PSF Fitting,1.0,15.0,10.0,31,50,50,1.0,0.18232632930522416,0.1595962492289285,0.11068304643866873,0.16135106921818404,0.13949716695693257,0.21329235130885857,0.3814676652821972,0.45641329669014535,0.029026878956498196,0.01265001884729145,0.03166358600651585,104.29906286203364,3.551930000539869,3.4932499984279275,4.5872700633481145,0.1815095658947902,0.2407906535082354
9C_grad_twod_sig_1.5,9C_background,Gaussian Fitting,1.5,15.0,10.0,31,50,50,1.0,0.18361835848138686,0.177270481942641,0.09891253017609761,0.15411017569006716,0.14053271486032415,0.20856507425078757,0.3779361931409546,0.4647088965705473,-0.0030173584867969794,-0.023764005000995212,0.023954798807862512,101.02097535601668,5.556175995152444,5.313650006428361,7.639205054147168,0.17780813828680034,0.2404014244942636
9C_grad_twod_sig_1.5,9C_background,Intensity-Weighted Centroid,1.5,15.0,10.0,31,50,50,1.0,0.6925206998597574,0.6637563252378178,0.2779569795173144,0.5399764911214017,0.5150440672727488,0.7462204782747771,1.2007068468588404,1.2713087181067353,0.29672292046436893,0.19301222504283827,0.3539748727591995,362.0724820866171,0.20942999981343746,0.19964994862675667,0.25132998707704246,0.668592329061882,0.824380105713014
9C_grad_twod_sig_1.5,9C_background,PSF Fitting,1.5,15.0,10.0,31,50,50,1.0,0.18552722613325162,0.17456829090150416,0.10171485402480937,0.15752276978553867,0.1412545226358404,0.21158039409639767,0.39731464620367596,0.4795330246737195,-0.008925473902086195,-0.02523592070462939,0.026767812353406174,102.44274889234191,3.4183240053243935,3.395750012714416,4.303424956742674,0.1787288148767483,0.24413377236153383
9C_grad_twod_sig_2,9C_background,Gaussian Fitting,2.0,15.0,10.0,31,50,50,1.0,0.20461285064288198,0.19668129106258625,0.10041195201345413,0.1470038296791507,0.17418051789744396,0.22792318608548484,0.3878265219067041,0.4721453118763989,-0.015272403515102156,0.024749084842515572,0.02908201350783915,111.32172220878346,4.704196001403034,4.660500038880855,6.008350040065125,0.19660863798374167,0.25736736342532657
9C_grad_twod_sig_2,9C_background,Intensity-Weighted Centroid,2.0,15.0,10.0,31,50,50,1.0,0.5477144614923802,0.5730007935100292,0.27954458888609857,0.4065908073505069,0.4613244236775773,0.6149278888645285,0.917114946758711,1.3654348254100572,0.10801393422529884,0.22384871379669677,0.24854628674607604,299.3402233091745,0.22190599469467998,0.20589999621734023,0.31154504395090044,0.5373392670631548,0.6900017713813767
9C_grad_twod_sig_2,9C_background,PSF Fitting,2.0,15.0,10.0,31,50,50,1.0,0.20229918399361477,0.19142376541292166,0.10268597043991536,0.14723107977270777,0.17260468567982773,0.22686861477443188,0.3827664932588035,0.46756904812703004,-0.015407097739683876,0.022702614386711843,0.027436970691967936,110.76779303312351,3.1344459927640855,3.0202000052668154,3.994109970517456,0.19474014791284905,0.25639028666054464
9C_grad_twod_sig_2.5,9C_background,Gaussian Fitting,2.5,15.0,10.0,31,50,50,1.0,0.20750500355927023,0.1899424594939812,0.0977688800059161,0.15817578312647465,0.166124959088243,0.2293841328421475,0.3961369544882482,0.4230203779488721,0.0012562878901837848,0.0162449431540864,0.01629344768127731,111.65999842236897,4.676259998232126,4.512550018262118,5.87202004971914,0.1998394611862623,0.2572328609232552
9C_grad_twod_sig_2.5,9C_background,Intensity-Weighted Centroid,2.5,15.0,10.0,31,50,50,1.0,0.4813198238290179,0.43346376291317257,0.28260048278677175,0.405419227703008,0.38362358568108124,0.5581503432607682,0.9927251316394012,1.1764203517343206,0.21179418565880212,0.06717024764702842,0.2221905021548812,271.3461445889969,0.21269999677315354,0.202000024728477,0.25765491882339114,0.4727359629520328,0.63563710437777
9C_grad_twod_sig_2.5,9C_background,PSF Fitting,2.5,15.0,10.0,31,50,50,1.0,0.2047933522226982,0.18554185103677337,0.0971583222342438,0.15614453647868104,0.16431354302625556,0.2266716936319647,0.38983090931631004,0.4225633765644397,0.0033945265251020375,0.015441313044566982,0.015810027162213726,110.33507481230042,3.1222759932279587,3.075299959164113,3.8100800069514658,0.1973204349091684,0.2542360909100218
9C_grad_twod_sig_3,9C_background,Gaussian Fitting,3.0,15.0,10.0,31,50,50,1.0,0.18550713103703464,0.17143765165054148,0.08903560309690582,0.1423510134472519,0.1485813691381312,0.20576742765661746,0.3335044643885607,0.34119896314779785,0.0074808792003335615,0.06304470827391753,0.06348699705414762,100.7505033453091,4.56675200490281,4.551250021904707,5.3365400002803645,0.18241992823361078,0.22854691776698102
9C_grad_twod_sig_3,9C_background,Intensity-Weighted Centroid,3.0,15.0,10.0,31,50,50,1.0,0.4395342279998393,0.42203109265236655,0.21521966269302556,0.3300394920162192,0.3613637703240192,0.4893974262224052,0.8333972721008738,0.9936831679278738,0.1105423887937792,0.1924596549161339,0.2219467019143839,238.89821889850353,0.22249200148507953,0.1994500053115189,0.32745501375757136,0.4244676771680836,0.55046188413092
9C_grad_twod_sig_3,9C_background,PSF Fitting,3.0,15.0,10.0,31,50,50,1.0,0.18367502815363554,0.17294467891640697,0.0896482236723109,0.13965471805123417,0.14923096093260868,0.20438522445333343,0.33222359528245643,0.3470897070542899,0.008377559979145417,0.06266826761668881,0.06322574853080909,100.09662778421662,2.954177986830473,2.940349979326129,3.7203349522314966,0.18042194364440772,0.22750619490408827
9C_grad_twod_sig_4,9C_background,Gaussian Fitting,4.0,15.0,10.0,31,50,50,1.0,0.17693214627857226,0.17435762907445124,0.08636688083067594,0.12445157746230001,0.152564830017627,0.19688631869980777,0.340295206136959,0.40294456964898123,0.010787639120060248,0.00016497398587205224,0.010788900509350744,96.41873598740553,4.935861995909363,4.972600028850138,5.651110038161278,0.17147835271440634,0.22354028017470523
9C_grad_twod_sig_4,9C_background,Intensity-Weighted Centroid,4.0,15.0,10.0,31,50,50,1.0,0.31911569324611766,0.28013387285497837,0.17672973508263987,0.2787915509231619,0.2352519842045724,0.36478517642350866,0.6520982369956126,0.7705366070780749,0.11577881582243207,0.03375996646149474,0.12060045409834035,179.1024961829419,0.20507599459961057,0.20070001482963562,0.2540600078646093,0.3110445095579542,0.4182200755050415
9C_grad_twod_sig_4,9C_background,PSF Fitting,4.0,15.0,10.0,31,50,50,1.0,0.17657171426526688,0.17129603692214565,0.08591590235761593,0.12303449596966615,0.15304125377815178,0.19636474366978013,0.3416335440582447,0.4025531798030061,0.01093050310463468,-0.0010825902772393192,0.01098398378680529,96.18609017099125,2.8399959905073047,2.688899985514581,3.5912250517867506,0.170843840966032,0.22268800934237962
9C_grad_vertical_sig_0.5,9C_background,Gaussian Fitting,0.5,15.0,10.0,31,50,44,0.88,0.4441507943814264,0.29010404483056584,0.5780993599006559,0.5995353425814137,0.41476037788461295,0.7290190656403988,1.1231251847700905,3.214172836510311,-0.026611198558774293,-0.015605814602501766,0.030849592187615193,354.12933941063625,118.53629200952128,26.12329996190965,676.518284942722,0.36560939995392755,1.0821244600703994
9C_grad_vertical_sig_0.5,9C_background,Intensity-Weighted Centroid,0.5,15.0,10.0,31,50,50,1.0,0.6723723532482722,0.6085691265499951,0.3533141741795838,0.5312431126359035,0.5428593209715914,0.7595495290557558,1.3689472961874576,1.6745008875176715,-0.04596100056785019,0.07102650151630768,0.08460010337371926,368.15885439341713,0.20886399783194065,0.19859999883919954,0.26913000619970256,0.6560238321152828,0.8685089665249457
9C_grad_vertical_sig_0.5,9C_background,PSF Fitting,0.5,15.0,10.0,31,50,50,1.0,0.24383902809022706,0.22643625836972886,0.1393244781651241,0.22688383354301941,0.1655068213482277,0.280835862802404,0.4665140360092303,0.7445621234721074,-0.010433471945264615,-0.04388094524568942,0.04510426468182157,136.14005426002203,22.757580007892102,5.927649966906756,124.80684996116895,0.2353225006010631,0.3286304308922106
9C_grad_vertical_sig_1,9C_background,Gaussian Fitting,1.0,15.0,10.0,31,50,50,1.0,0.18319632570095504,0.16350000839308365,0.09301656339321297,0.148068014827331,0.14243889146194338,0.20545796362227967,0.3415169782600006,0.37035463717036177,-0.006823177994017442,0.0027155164288348035,0.007343690313004464,99.4926394532726,7.606777993496507,7.249999966006726,11.313944990979504,0.17919860182072495,0.23056250676014092
9C_grad_vertical_sig_1,9C_background,Intensity-Weighted Centroid,1.0,15.0,10.0,31,50,50,1.0,0.6246765410350865,0.6656084273082004,0.24309048925306273,0.42521688202602703,0.518174073188651,0.6703087101364965,1.0223859025277195,1.262434683202482,-0.02694141413082491,0.08438161241516412,0.08857819319195663,327.49586014843817,0.21112000802531838,0.20494998898357153,0.25983005180023605,0.6029993167585863,0.7357390801175258
9C_grad_vertical_sig_1,9C_background,PSF Fitting,1.0,15.0,10.0,31,50,50,1.0,0.17889013483287247,0.176030342676332,0.08814916411136528,0.14587048750314463,0.13599175103531327,0.19942907379330552,0.34152950742083854,0.3582947873666932,-0.007047837031418567,0.004309260761783662,0.00826085559336823,96.4942071623224,3.603298005182296,3.568249987438321,4.826285014860331,0.17424367396714743,0.22430101339048275
9C_grad_vertical_sig_1.5,9C_background,Gaussian Fitting,1.5,15.0,10.0,31,50,50,1.0,0.16926851008287147,0.14643154119909157,0.08485601705168962,0.12028795401439675,0.1462298883764266,0.18934722637406604,0.32762996614797235,0.3824829307430468,-0.036943896184164944,-0.019098898462461874,0.04158869302762213,92.75747169806772,5.73931600432843,5.61669998569414,7.323149958392603,0.16254034896434144,0.2145867652113164
9C_grad_vertical_sig_1.5,9C_background,Intensity-Weighted Centroid,1.5,15.0,10.0,31,50,50,1.0,0.5593677348020321,0.5768004184867038,0.31336381582577966,0.451996885923295,0.4547394406933418,0.6411623381066994,1.0098692937702551,1.5183795372762807,-0.010077103512732605,0.21596224250649926,0.2161972206196054,314.30009463122747,0.2142640040256083,0.2044999855570495,0.2743350458331406,0.549065859579187,0.7317217595899336
9C_grad_vertical_sig_1.5,9C_background,PSF Fitting,1.5,15.0,10.0,31,50,50,1.0,0.16530458256100772,0.15241081428189157,0.08534142061913565,0.12099036925372919,0.14131558171980724,0.18603430621517433,0.30606986629355254,0.3817715554482877,-0.039455174982885526,-0.025376247010822226,0.04691124327156956,91.17501513022684,3.5162880015559494,3.4622499952092767,4.374029947211966,0.16033169525571103,0.21054155317482698
9C_grad_vertical_sig_2,9C_background,Gaussian Fitting,2.0,15.0,10.0,31,50,50,1.0,0.18575742954319302,0.1776707713487467,0.0979959675475567,0.1586359085360801,0.1376360447303268,0.21002150434199848,0.35637439740357246,0.47240307628691364,0.0303569616216987,0.01046229502939184,0.032109262467134386,101.99772713192942,4.493110000621527,4.3617000337690115,5.690790078369901,0.18051585468801368,0.239983004582563
9C_grad_vertical_sig_2,9C_background,Intensity-Weighted Centroid,2.0,15.0,10.0,31,50,50,1.0,0.5401384971005597,0.5215733546768275,0.2490273560388126,0.37781214956474624,0.45937152692237976,0.5947808168609113,0.9579241593033492,1.0630840159994135,-0.08978463212753127,0.12837692675521112,0.15665859532559634,291.88656148520425,0.21743000019341707,0.2035499783232808,0.29417496407404536,0.5244240624374942,0.6614169017340172
9C_grad_vertical_sig_2,9C_background,PSF Fitting,2.0,15.0,10.0,31,50,50,1.0,0.18395746628786555,0.17496212280253498,0.09828665595361669,0.15658813269009111,0.1377707256358411,0.2085680132273302,0.34222137739689923,0.47433674556591265,0.0292507974364014,0.012550534411586227,0.031829625581866285,101.29103907182478,3.124775991309434,3.0176499858498573,3.9258450677152723,0.17919506443219804,0.2389859756264075
9C_grad_vertical_sig_2.5,9C_background,Gaussian Fitting,2.5,15.0,10.0,31,50,50,1.0,0.1586405378432355,0.14968149926373406,0.09662699253995273,0.12551253619629926,0.13693136672099562,0.18575143588814358,0.3215900656096064,0.4067539185782367,0.03396317176249454,0.026719444246402303,0.043213721628729315,90.13990994122213,4.781927994918078,4.707700049038976,5.894704966340214,0.15758105493201324,0.2122322081348936
9C_grad_vertical_sig_2.5,9C_background,Intensity-Weighted Centroid,2.5,15.0,10.0,31,50,50,1.0,0.5137586079583294,0.45192243541783017,0.2681477028462807,0.36063478108551156,0.45364485279172156,0.579526615258538,1.007648329747725,1.1793433964419586,0.08936081167252496,0.1356497812423737,0.16243835081001134,282.6586534824588,0.22641999181360006,0.2065499429591,0.3119999833870679,0.5026711023313992,0.6581826998205631
9C_grad_vertical_sig_2.5,9C_background,PSF Fitting,2.5,15.0,10.0,31,50,50,1.0,0.15947783371142502,0.1395049357987348,0.0954592951131885,0.1251971559033302,0.13737295447981376,0.18586461865776321,0.3253814960727299,0.4080906236667732,0.03483832320892475,0.027948388480025413,0.04466342108078961,90.22352816197127,3.200132006313652,3.061349969357252,3.9922450145240873,0.1580957446861455,0.21243795721466666
9C_grad_vertical_sig_3,9C_background,Gaussian Fitting,3.0,15.0,10.0,31,50,50,1.0,0.20347996851964376,0.20487728885245893,0.08755131478741245,0.1758420652262049,0.13471784739500142,0.2215159820639581,0.36801675309812104,0.4181701098843349,0.012007481629137829,0.030634685406173503,0.032903853345912275,107.66896586751962,4.694863986223936,4.586399998515844,5.907404999015853,0.19648258650986972,0.24607002614866452
9C_grad_vertical_sig_3,9C_background,Intensity-Weighted Centroid,3.0,15.0,10.0,31,50,50,1.0,0.36248822296249494,0.3106094081430379,0.1768094632013834,0.2854140228723767,0.28495286208753046,0.4033104239467023,0.6714637618590003,0.9107503478126586,-0.017530772660473985,0.1421581172288927,0.14323497577106237,197.04382012841435,0.20951400278136134,0.19990000873804092,0.2565249742474407,0.34732497558008757,0.45819802648264274
9C_grad_vertical_sig_3,9C_background,PSF Fitting,3.0,15.0,10.0,31,50,50,1.0,0.20034598407589094,0.2014496698568026,0.08388535528681884,0.17025286755856398,0.13486744327308595,0.21719867901746776,0.3604157346028234,0.4130829335998824,0.010513070773474737,0.02871016969871505,0.03057447466788439,105.72178288994374,3.050348001997918,2.972849935758859,3.859604976605624,0.19302980664162678,0.2412091722092307
9C_grad_vertical_sig_4,9C_background,Gaussian Fitting,4.0,15.0,10.0,31,50,50,1.0,0.19328114237532998,0.1765941848233467,0.09577603803140251,0.1388400017606998,0.16508816847367988,0.21570964155295708,0.3365343115195754,0.4980317023570627,-7.319810997216791e-05,0.010070704460252386,0.010070970474043244,104.87462810904168,4.971793994773179,4.892349999863654,6.0133800143375975,0.18598562194300539,0.24774858716166043
9C_grad_vertical_sig_4,9C_background,Intensity-Weighted Centroid,4.0,15.0,10.0,31,50,50,1.0,0.31869440721592585,0.3221997208561418,0.15216956484412195,0.2276454550232243,0.26999860826091115,0.3531595979943909,0.5873896325754489,0.6301216082481007,0.003498997410657694,0.08890459003854743,0.08897341801235904,171.49912687813622,0.21641799714416265,0.20385003881528974,0.30060502467676997,0.3130765191180871,0.3915195596460232
9C_grad_vertical_sig_4,9C_background,PSF Fitting,4.0,15.0,10.0,31,50,50,1.0,0.19243319971963596,0.1753993932880413,0.0948656485437783,0.1389017402981913,0.16351248933981402,0.21454609674372768,0.3357472363599887,0.5031438492784504,0.0009150941319200001,0.006872621488214463,0.006933276526328774,104.26589129496263,3.1059259991161525,3.0547500355169177,3.9711200108285993,0.18484961885898615,0.2461805017805828
9D_phase_sig_1_px0.125_py0,9D_phase,Gaussian Fitting,1.0,15.0,10.0,31,20,20,1.0,0.21473328012865714,0.22680057168699796,0.11001099429509621,0.17393293314131167,0.16721284409239634,0.24127328998587483,0.3757553439771824,0.4301500769214341,-0.08045193778384033,-0.05653471229961156,0.09832948686927419,120.63664440911825,7.8687099914532155,7.865899940952659,10.23196498863399,0.1948944261294127,0.28555429707668395
9D_phase_sig_1_px0.125_py0,9D_phase,Intensity-Weighted Centroid,1.0,15.0,10.0,31,20,20,1.0,0.5342785937607784,0.5574649374208801,0.2802378825888089,0.4501739461966596,0.4016594387719289,0.6033132574283893,0.9739023544205775,1.043896131493037,-0.08345544066477828,-0.1513793758254735,0.17285984496655746,301.6566176073248,0.214894994860515,0.20579993724822998,0.2827400516252965,0.48150708828253025,0.7188020030534759
9D_phase_sig_1_px0.125_py0,9D_phase,PSF Fitting,1.0,15.0,10.0,31,20,20,1.0,0.20524825047030792,0.21561390803830355,0.09962893736493109,0.16526582344150464,0.1572894690810196,0.22815076042298787,0.36445716359071756,0.37297373217525814,-0.08260697646085191,-0.04957374277991562,0.09634037851914938,114.07537976760466,3.7516699987463653,3.6623000050894916,4.666595015441999,0.18584818735701125,0.2690106985846192
9D_phase_sig_1_px0.125_py0.125,9D_phase,Gaussian Fitting,1.0,15.0,10.0,31,20,20,1.0,0.19782085229149698,0.20061187111862677,0.10656073597792423,0.13722781836753614,0.17792359573585978,0.22469597249058818,0.35209838700487667,0.4410983123124537,-0.021867087766082705,-0.055807001718824266,0.0599382262685043,112.34798531794307,7.5023400073405355,7.250500028021634,10.554875049274415,0.1798726332937694,0.2694999422914547
9D_phase_sig_1_px0.125_py0.125,9D_phase,Intensity-Weighted Centroid,1.0,15.0,10.0,31,20,20,1.0,0.4662530914699524,0.4716778206554061,0.2692903125937248,0.35968989553131,0.40066494333144403,0.5384321849240755,0.9142467365364031,1.0613560858889803,-0.10881225765369891,-0.10984883676493382,0.15461847998963135,269.2160845394821,0.22509997943416238,0.2093999646604061,0.2909649629145861,0.41722580984441326,0.6592568221461156
9D_phase_sig_1_px0.125_py0.125,9D_phase,PSF Fitting,1.0,15.0,10.0,31,20,20,1.0,0.18754556597960895,0.17144621467688992,0.10421396329816515,0.13397056674396515,0.1675881162589518,0.21455509657177377,0.3476699748950729,0.45212715439817414,-0.020465897472530515,-0.0542880557785395,0.05801763490155339,107.27754738083351,3.88578501297161,3.6603500484488904,5.588745069690049,0.16644987963171967,0.26389742580562814
9D_phase_sig_1_px0.125_py0.25,9D_phase,Gaussian Fitting,1.0,15.0,10.0,31,20,20,1.0,0.17045444205515042,0.13138621702724973,0.10410351694504973,0.1524047226818632,0.12909322042975482,0.1997304660202366,0.33551319652130945,0.404507561127279,0.015383799857659142,0.025159900906322717,0.029490369812474243,99.86523139334733,7.665190007537603,7.126300013624132,12.21455507911742,0.1542926368392945,0.2438389359247333
9D_phase_sig_1_px0.125_py0.25,9D_phase,Intensity-Weighted Centroid,1.0,15.0,10.0,31,20,20,1.0,0.6509532806144885,0.5680518462290711,0.21913693096086528,0.4547068130017602,0.5147843065435216,0.6868487228303711,1.0105967937182243,1.2611571790555407,-0.1695272797441021,-0.2364669889490642,0.2909572742518597,343.424350196208,0.24997498840093613,0.2051499905064702,0.4293100209906699,0.5864451708957613,0.7962910499292616
9D_phase_sig_1_px0.125_py0.25,9D_phase,PSF Fitting,1.0,15.0,10.0,31,20,20,1.0,0.16828393831097993,0.12722326417250784,0.10195578651394782,0.14835495628379392,0.12924888101320262,0.1967599204541703,0.2967872566033816,0.41741753560294453,0.017827978306956992,0.029354909701703492,0.03434454154750788,98.37995854022124,3.8207650010008365,3.6980000440962613,4.696445009903983,0.15073269594170324,0.2421462455708225
9D_phase_sig_1_px0.125_py0.375,9D_phase,Gaussian Fitting,1.0,15.0,10.0,31,20,20,1.0,0.17993036487382483,0.17716791534312354,0.08875162063992031,0.13071744403005203,0.152199658988088,0.20062847846165824,0.33099520235697705,0.3531206299441226,-0.01556377160266038,0.03141853686831268,0.03506216544147411,100.31423599726736,6.587109994143248,6.416700023692101,7.978735078359023,0.16177427607322886,0.23760119409980288
9D_phase_sig_1_px0.125_py0.375,9D_phase,Intensity-Weighted Centroid,1.0,15.0,10.0,31,20,20,1.0,0.5568602593342508,0.5569143041754323,0.24225943056791707,0.41864131036545743,0.43991184728351324,0.6072750448725027,0.9012692717475757,0.9307990649728605,-0.05743044870424115,-0.12951263616233746,0.14167490731985138,303.637511054038,0.21068999776616693,0.20155002130195498,0.2658999292179942,0.5022383502726478,0.7029001973951354
9D_phase_sig_1_px0.125_py0.375,9D_phase,PSF Fitting,1.0,15.0,10.0,31,20,20,1.0,0.17678298275991922,0.1749875637152687,0.0897567171859996,0.12025506535703713,0.15762997979279242,0.198263691263684,0.33400391854448147,0.3732658567252266,-0.02351799933033476,0.042052607548203016,0.04818213459473135,99.13184213124404,3.6344700027257204,3.4187500714324415,4.621614998904988,0.15496696475570715,0.23858995560003363
9D_phase_sig_1_px0.125_py0.5,9D_phase,Gaussian Fitting,1.0,15.0,10.0,31,20,20,1.0,0.17957269490272237,0.154660851283058,0.10213219313891758,0.15807494856204407,0.133002437072027,0.20658494047241532,0.3917609506384458,0.39326099380355256,0.00037017292459609055,0.02232633470769656,0.02232940324939742,103.29246624676207,6.712474988307804,6.047499948181212,9.014550014398992,0.15682843110308042,0.2534688783421229
9D_phase_sig_1_px0.125_py0.5,9D_phase,Intensity-Weighted Centroid,1.0,15.0,10.0,31,20,20,1.0,0.6284397450759452,0.5821166005379365,0.2668947027622236,0.3998511469661208,0.5534332442341464,0.6827659156355527,0.9741743476064282,1.3652300043162264,-0.28839904136823974,-0.38666171059185783,0.4823704857264189,341.382948177196,0.2075950033031404,0.2016499638557434,0.2480400202330202,0.5566201328379761,0.8096897202935961
9D_phase_sig_1_px0.125_py0.5,9D_phase,PSF Fitting,1.0,15.0,10.0,31,20,20,1.0,0.16908292794639648,0.179826189221892,0.08388144837738411,0.14565649790092136,0.12003882090412643,0.18874621560395335,0.30693756676512957,0.3478026018921467,0.0032930996252275692,0.025281844764634798,0.025495414878851565,94.37310393213437,3.5657550033647567,3.6579000297933817,4.689845046959817,0.1501401229712099,0.22391915425911083
9D_phase_sig_1_px0.125_py0.625,9D_phase,Gaussian Fitting,1.0,15.0,10.0,31,20,20,1.0,0.21359955698406297,0.2155065106732048,0.12576027202233359,0.19632633281034628,0.1513155240157481,0.2478717748411854,0.4081350677948592,0.4598869463866987,0.05020137521083825,0.03697033284984741,0.06234567815083794,123.93588117449126,8.070190000580624,7.434449973516166,11.95495506981388,0.19218972581533592,0.2990436266939782
9D_phase_sig_1_px0.125_py0.625,9D_phase,Intensity-Weighted Centroid,1.0,15.0,10.0,31,20,20,1.0,0.7461444621782163,0.7619563451154796,0.3796782442558822,0.43064808880285294,0.7179340855614106,0.8371900188132017,1.3413229732115528,1.630940386901729,-0.21005658947824485,0.49609021813869847,0.5387293154415613,418.5948919907949,0.20467998692765832,0.1970999874174595,0.24600501055829227,0.6702006270220892,1.0073861984757944
9D_phase_sig_1_px0.125_py0.625,9D_phase,PSF Fitting,1.0,15.0,10.0,31,20,20,1.0,0.200030900031406,0.204410854710102,0.117279014859883,0.19119589197199818,0.13119016421558058,0.23187653674720735,0.38496105422990035,0.47491172702123896,0.051040071035174606,0.03655816144373034,0.06278206765806238,115.93826229974444,4.005574993789196,3.8554499624297023,5.051299929618836,0.1788740360004014,0.2841231334560356
9D_phase_sig_1_px0.125_py0.75,9D_phase,Gaussian Fitting,1.0,15.0,10.0,31,20,20,1.0,0.15068587799355995,0.13284719425044553,0.09750835569750235,0.1263321649214601,0.12749234237309184,0.17948290519578924,0.2778148285378202,0.37211674846416953,0.04467327410687858,0.012858632210554787,0.04648705025869705,89.74144488066824,7.423624990042299,7.212249969597906,10.060994920786472,0.13325816174587385,0.22088143197611423
9D_phase_sig_1_px0.125_py0.75,9D_phase,Intensity-Weighted Centroid,1.0,15.0,10.0,31,20,20,1.0,0.5688176074852364,0.553770143010366,0.2947714690501336,0.49380024469085215,0.40817276721317025,0.6406587933925534,1.006452561930459,1.1190155204859291,-0.1418383788198298,0.08837115035819351,0.16711548678045368,320.329363737874,0.2190950035583228,0.1996000064536929,0.26964004500769084,0.5040557484093765,0.7646753646065918
9D_phase_sig_1_px0.125_py0.75,9D_phase,PSF Fitting,1.0,15.0,10.0,31,20,20,1.0,0.14802643227202789,0.12900085276198486,0.09475239838327716,0.1163154288714129,0.13175948792033085,0.17575506152190476,0.2703980460800302,0.37128427392642765,0.03585522256630611,0.0033298689422622376,0.0360095128049796,87.87752269965834,3.7465150002390146,3.8566499715670943,4.61838492192328,0.1312637392239564,0.21584687583609263
9D_phase_sig_1_px0.125_py0.875,9D_phase,Gaussian Fitting,1.0,15.0,10.0,31,20,20,1.0,0.19814125392663196,0.19439413022186464,0.0862496759641841,0.18584946254125978,0.11026758537607359,0.2160994287626527,0.31265542870683977,0.34368032167508983,0.011617647155651412,0.011741011947952984,0.016517296600690744,108.04970784603522,7.959015009691939,7.747099967673421,10.668034985428676,0.18133491632366514,0.24890115457660433
9D_phase_sig_1_px0.125_py0.875,9D_phase,Intensity-Weighted Centroid,1.0,15.0,10.0,31,20,20,1.0,0.5008661945262256,0.4000477271568024,0.32912975377870146,0.3683548738225328,0.47276635516161414,0.5993274060491574,1.0239916509480809,1.5076144572843497,-0.08199656798811361,0.08877292184216116,0.12084729543611555,299.6636624694698,0.2247450058348477,0.19839999731630087,0.36491997889243066,0.42466074524790337,0.7780012965880542
9D_phase_sig_1_px0.125_py0.875,9D_phase,PSF Fitting,1.0,15.0,10.0,31,20,20,1.0,0.19507467744516677,0.1951516673677479,0.07732022618288979,0.1709627167819481,0.12167290835615172,0.20983933653466666,0.29106021841989177,0.3259043250485682,0.014572309864155386,0.009782663021081817,0.017551430442018165,104.91966014246073,3.598854993470013,3.491999988909811,4.3991949525661775,0.17903826384003238,0.2380237016480251
9D_phase_sig_1_px0.25_py0,9D_phase,Gaussian Fitting,1.0,15.0,10.0,31,20,20,1.0,0.1869316516053892,0.16955592508614592,0.09253537881811491,0.15041104102022046,0.1445086760168544,0.20858149176024854,0.348602969869659,0.4379559890450031,0.007568649141558126,-0.008318106985677786,0.011246126162069771,104.29074479782477,7.420530001400039,7.164200069382787,9.649999946122989,0.16308829183875578,0.2537034078151288
9D_phase_sig_1_px0.25_py0,9D_phase,Intensity-Weighted Centroid,1.0,15.0,10.0,31,20,20,1.0,0.5055316682819847,0.48085151930620906,0.27177240974619205,0.39892120932679137,0.41265527875512414,0.5739534043240957,0.911880378731849,1.0122035227267563,-0.08967916930598108,-0.11382033796444375,0.14490487480326883,286.97669279963486,0.21598497405648232,0.19729998894035816,0.2949650108348579,0.44637634278071714,0.6821325329746131
9D_phase_sig_1_px0.25_py0,9D_phase,PSF Fitting,1.0,15.0,10.0,31,20,20,1.0,0.1776528218342988,0.15870437411097416,0.09736161720651326,0.14221287002406954,0.1442751163932084,0.20258284628950382,0.3386231119843877,0.4425952462872457,-0.005252529605826339,-0.003177217188385839,0.006138711291652069,101.29142220413398,3.776184987509623,3.800349950324744,4.756410012487322,0.15306416236237638,0.25003150919356393
9D_phase_sig_1_px0.25_py0.125,9D_phase,Gaussian Fitting,1.0,15.0,10.0,31,20,20,1.0,0.173912316568893,0.17432163509719112,0.08938122065138633,0.10456017915333314,0.1652321560559976,0.19553643256306652,0.29337432986301093,0.42326189076909054,0.032480987981188036,0.034975460489243916,0.04773151387363221,97.76821506171686,7.371444994350895,7.148000004235655,9.718629956478253,0.15464565409438388,0.23858687345652924
9D_phase_sig_1_px0.25_py0.125,9D_phase,Intensity-Weighted Centroid,1.0,15.0,10.0,31,20,20,1.0,0.7197465061499824,0.6598810954881392,0.3724251979683277,0.6738066902800759,0.45024449505870096,0.8103922267623591,1.3675510643847457,1.565951584515248,-0.299381340718918,-0.16206000939415616,0.34043007184367663,405.19608996201123,0.24471998331137002,0.21440000273287296,0.41965493583120406,0.6276937314890537,0.9762800975571606
9D_phase_sig_1_px0.25_py0.125,9D_phase,PSF Fitting,1.0,15.0,10.0,31,20,20,1.0,0.18417054639676386,0.1841069402413421,0.08994437939337244,0.11451424016886495,0.1699860886751883,0.20496043897430907,0.362145297511149,0.40474212953965827,0.033036930231372705,0.03664587299792288,0.049339221385146334,102.48021805680165,3.525650012306869,3.3480499987490475,4.855434986529872,0.16260519554197206,0.24698655586468204
9D_phase_sig_1_px0.25_py0.25,9D_phase,Gaussian Fitting,1.0,15.0,10.0,31,20,20,1.0,0.1801028179648215,0.1563642396545103,0.1023873211555668,0.12932158119190035,0.16185214614057342,0.20717188171246315,0.2882539193428256,0.5104339835806929,0.03456488274562162,0.006020168232208789,0.03508523257387169,103.5859387576017,7.003755011828616,6.806200020946562,8.341039979131892,0.153121695021564,0.2653227643862024
9D_phase_sig_1_px0.25_py0.25,9D_phase,Intensity-Weighted Centroid,1.0,15.0,10.0,31,20,20,1.0,0.6129650155344504,0.5473919522789972,0.3076309221796619,0.5063499995977152,0.46257169439736806,0.6858300770236446,1.0364953132399772,1.2316227724064284,-0.16985002871430196,-0.11717561787475006,0.2063471775396471,342.91501874050493,0.21150499815121293,0.2009000163525343,0.2666899294126779,0.5530647317473987,0.8130562286672856
9D_phase_sig_1_px0.25_py0.25,9D_phase,PSF Fitting,1.0,15.0,10.0,31,20,20,1.0,0.181689922442337,0.15837647515314027,0.10361783298643137,0.13267021378308097,0.1616987866517805,0.2091599465239615,0.29366181945090897,0.5086669168382276,0.036518240791104974,0.0025943803679808752,0.03661028161556379,104.57997116194633,3.4978050098288804,3.396500018425286,4.893215012270957,0.15437648480179186,0.26752631730187815
9D_phase_sig_1_px0.25_py0.375,9D_phase,Gaussian Fitting,1.0,15.0,10.0,31,20,20,1.0,0.17314898967048506,0.18194542780505008,0.07759130844763419,0.13907803475467495,0.12906697493667027,0.18973925205535527,0.27667186929221343,0.35430814536641814,-0.04137485024141938,0.033142481227969256,0.053012284373022224,94.86962368680359,7.9746150120627135,7.559700054116547,11.480530072003605,0.15839893967354796,0.22197437001550951
9D_phase_sig_1_px0.25_py0.375,9D_phase,Intensity-Weighted Centroid,1.0,15.0,10.0,31,20,20,1.0,0.7336052523667533,0.7843154435337888,0.3256115746738214,0.5963999490217218,0.5371281640991664,0.8026204357363781,1.2255515279975118,1.4407782979806507,-0.3054547843333012,-0.3250433103754403,0.44604459294102916,401.3102005852373,0.21577998995780945,0.2087999600917101,0.25158503558486706,0.6625163724672928,0.9391505765858322
9D_phase_sig_1_px0.25_py0.375,9D_phase,PSF Fitting,1.0,15.0,10.0,31,20,20,1.0,0.1673199334469285,0.17867471082348013,0.0835825879687719,0.13913369086480737,0.12499530073798092,0.18703478056297998,0.2695885751585177,0.3715313495062269,-0.04568256830908126,0.028159554499205798,0.053664304308428494,93.51738812979585,3.7316049681976438,3.466599970124662,5.061249993741512,0.1532952633837762,0.2239915248743757
9D_phase_sig_1_px0.25_py0.5,9D_phase,Gaussian Fitting,1.0,15.0,10.0,31,20,20,1.0,0.2063489785893534,0.17633474219302808,0.15329693367556466,0.19834506933565244,0.16352089869321026,0.2570600140807588,0.5319102629630462,0.5803824700422497,0.0554304968274721,-0.015156736010834494,0.05746535151761034,128.5299993771719,8.262230013497174,7.422850059811026,12.494344951119277,0.1803104548666545,0.3268261241766938
9D_phase_sig_1_px0.25_py0.5,9D_phase,Intensity-Weighted Centroid,1.0,15.0,10.0,31,20,20,1.0,0.8227126672668346,0.780039491023041,0.41235920628201966,0.610824316623175,0.6883239804835206,0.9202696604185356,1.5166342509962791,1.707938272439597,-0.43682683661945704,-0.579978958923499,0.7260807654696187,460.13481774284264,0.21644499502144754,0.2087999600917101,0.26845994871109724,0.7381964724323198,1.0880753630942779
9D_phase_sig_1_px0.25_py0.5,9D_phase,PSF Fitting,1.0,15.0,10.0,31,20,20,1.0,0.20402857309134254,0.176507549162841,0.14808421133925723,0.19477329347616193,0.16006235170741429,0.2521043281771638,0.53531666272402,0.5424478829602505,0.05542112082421795,-0.012559561334876434,0.05682643059648466,126.05215660097711,3.3602249925024807,3.33059998229146,4.820404981728643,0.17654406946261303,0.3200248301435627
9D_phase_sig_1_px0.25_py0.625,9D_phase,Gaussian Fitting,1.0,15.0,10.0,31,20,20,1.0,0.15906609079498196,0.13902519193227234,0.09424898525807661,0.1290842728525325,0.13237123163704234,0.18489156947512395,0.341182124692595,0.39662242750569116,0.031255610350569896,-0.035090205043451304,0.046991868109047416,92.44577840279887,7.277225016150624,7.098949979990721,10.03445996902883,0.13968714682533306,0.22855307499750135
9D_phase_sig_1_px0.25_py0.625,9D_phase,Intensity-Weighted Centroid,1.0,15.0,10.0,31,20,20,1.0,0.8075372365033516,0.8568644956399529,0.3698229938294392,0.6234219930063104,0.6326376954786043,0.8881922286895103,1.3723912018371152,1.4901626993280148,-0.3180667728148364,0.5028061424975817,0.594962594540315,444.09604212379867,0.20026498823426664,0.1984999980777502,0.21938503487035632,0.7457139823778186,1.0306476210880182
9D_phase_sig_1_px0.25_py0.625,9D_phase,PSF Fitting,1.0,15.0,10.0,31,20,20,1.0,0.1509744480359135,0.14738993673946554,0.09324414775564124,0.1230492497621017,0.1278539681957839,0.17744789390247662,0.30831965889022395,0.3983943431652265,0.019963396181145752,-0.02882138097414213,0.035060079696743796,88.72394071684629,4.217290005180985,4.162199969869107,5.39926503552124,0.13184020446928868,0.22181213672103475
9D_phase_sig_1_px0.25_py0.75,9D_phase,Gaussian Fitting,1.0,15.0,10.0,31,20,20,1.0,0.1856454828303547,0.19115271886762697,0.07684567705019646,0.13420168274432115,0.14953063808200373,0.20092163491425857,0.26579794352751673,0.3550667683137548,-0.0003685393969760753,0.04486997975982945,0.044871493232726586,100.46080777340569,7.447705004597083,7.2399500058963895,10.768235061550513,0.16985424304431587,0.230732646881216
9D_phase_sig_1_px0.25_py0.75,9D_phase,Intensity-Weighted Centroid,1.0,15.0,10.0,31,20,20,1.0,0.6416665694395917,0.6464554301976234,0.27238750454515953,0.5391894892635666,0.4418208162099291,0.697087468664237,1.0187465063383956,1.1361052202245978,-0.3099346322151689,0.31854804928775593,0.4444461001644481,348.5436870514438,0.2009450050536543,0.19489997066557407,0.2291700977366418,0.5808408593453019,0.8028418323299099
9D_phase_sig_1_px0.25_py0.75,9D_phase,PSF Fitting,1.0,15.0,10.0,31,20,20,1.0,0.17432527160812564,0.18627252056485927,0.07988399331992774,0.12832816607742245,0.1424873134745354,0.19175701476082965,0.2577133829794398,0.352775501889689,-0.005946036821495681,0.03975847051049186,0.04020063844289333,95.87849831295948,3.82796500925906,3.7429999792948365,4.727370053296909,0.15961352891747696,0.2236866927669862
9D_phase_sig_1_px0.25_py0.875,9D_phase,Gaussian Fitting,1.0,15.0,10.0,31,20,20,1.0,0.19043029960829366,0.1809250203325221,0.08024405348633291,0.17309216717809042,0.11288006374207066,0.20664657541034145,0.31625558761052314,0.3375921859147971,-0.04383601804878481,-0.056604232131098796,0.07159354421681263,103.32328190406979,7.05625502159819,6.703500053845346,9.228544984944167,0.170650186313591,0.24082121136247558
9D_phase_sig_1_px0.25_py0.875,9D_phase,Intensity-Weighted Centroid,1.0,15.0,10.0,31,20,20,1.0,0.632971845266606,0.5826403488165823,0.40038531023077817,0.4889752129650173,0.5673314680630932,0.7489738003086681,1.2013693251476842,1.3705651791074849,-0.21847158812130943,0.21396100590495165,0.3057926533847827,374.48682442931,0.21808998426422477,0.19965000683441758,0.3357249894179404,0.5729607970090391,0.9071723328069126
9D_phase_sig_1_px0.25_py0.875,9D_phase,PSF Fitting,1.0,15.0,10.0,31,20,20,1.0,0.18582057191798565,0.1655026150998532,0.07369813712735229,0.16958059487731236,0.10584480244691354,0.19990172676585188,0.3067477256549392,0.3105530261943775,-0.03698301312385297,-0.04737502153323021,0.06010104761976373,99.95085785144094,3.6805150099098682,3.6073500523343682,4.531190020497888,0.166038048261718,0.23036832224668613
9D_phase_sig_1_px0.375_py0,9D_phase,Gaussian Fitting,1.0,15.0,10.0,31,20,20,1.0,0.17192397369416718,0.13662716886523418,0.10149459755702514,0.16618070934168885,0.11064799097474971,0.19964720399758962,0.335953642142269,0.35820232519464607,0.05869138354469783,-0.00503578344847142,0.05890702519505399,99.82359783794818,7.821740012150258,7.1360000292770565,10.020715009886779,0.15572559205473135,0.24109255148123152
9D_phase_sig_1_px0.375_py0,9D_phase,Intensity-Weighted Centroid,1.0,15.0,10.0,31,20,20,1.0,0.6054141009985694,0.5807994025785685,0.31596447907682984,0.5029227262945516,0.4619832433137095,0.6829054002760547,1.2068051549618972,1.2857338768081448,-0.2998911528874146,-0.07112617978809795,0.3082103778775002,341.4526859699023,0.2233449835330248,0.2028999151661992,0.2633349213283511,0.5248941142069671,0.8199240407367008
9D_phase_sig_1_px0.375_py0,9D_phase,PSF Fitting,1.0,15.0,10.0,31,20,20,1.0,0.16060155514761754,0.13733751178508818,0.09481797675068561,0.15675943102056014,0.10104350061749166,0.18650283705865386,0.32453864365845536,0.350034028609957,0.06190579368800968,-0.004920738517932932,0.0621010544170088,93.25141446467167,3.68785000173375,3.466449968982488,5.4795650066807875,0.14305165172090176,0.22756627841277136
9D_phase_sig_1_px0.375_py0.125,9D_phase,Gaussian Fitting,1.0,15.0,10.0,31,20,20,1.0,0.1925381877816734,0.17269745232448835,0.12302611807439949,0.11844903674582072,0.19538732092102146,0.2284871538680173,0.386228541403683,0.4982729702852266,0.005240265336658468,-0.09371130918865447,0.09385771066167223,114.24357548225629,7.707639993168414,7.361199997831136,10.86404001689516,0.16991949547806193,0.2871709088940539
9D_phase_sig_1_px0.375_py0.125,9D_phase,Intensity-Weighted Centroid,1.0,15.0,10.0,31,20,20,1.0,0.6945324435104357,0.5995456067554972,0.2698111329913055,0.6253537767021975,0.40510000807075613,0.7450995655445175,1.209833334115936,1.2113206837306927,-0.4597974703664818,0.19121598163458203,0.49797315729654795,372.5497708081172,0.22749000345356762,0.21319999359548092,0.28765497845597565,0.6151246017880692,0.8637748831838419
9D_phase_sig_1_px0.375_py0.125,9D_phase,PSF Fitting,1.0,15.0,10.0,31,20,20,1.0,0.19035112262392734,0.1526537516475398,0.12527108143811075,0.11751184958620606,0.19523667415650187,0.22787363544048528,0.3653954465889248,0.546835579004537,-0.002839748054049096,-0.09206198959806784,0.09210577667966992,113.93681625577454,3.7150399817619473,3.5361999762244523,4.871834983350709,0.1650390074180429,0.2939023444949135
9D_phase_sig_1_px0.375_py0.25,9D_phase,Gaussian Fitting,1.0,15.0,10.0,31,20,20,1.0,0.16413686429473878,0.13192360934268701,0.07678831984364522,0.1158367737812647,0.13935278298214052,0.18121080620349175,0.28180942897009614,0.29573316887022777,-0.026949635585941677,0.024981743518605982,0.0367473858586494,90.60540062281554,7.186535000801086,6.966900022234768,9.430415026145056,0.1453401545570882,0.21302937207720396
9D_phase_sig_1_px0.375_py0.25,9D_phase,Intensity-Weighted Centroid,1.0,15.0,10.0,31,20,20,1.0,0.6366751052901108,0.65212708284044,0.3557170242727071,0.4817795739091954,0.5475200756296317,0.7293077478359896,1.0324401843085635,1.4791500982767005,-0.32093736217180435,-0.13011658701040574,0.346310722694277,364.65386152929375,0.2204999909736216,0.20319997565820813,0.27520495932549244,0.5745524689429446,0.8847609248028152
9D_phase_sig_1_px0.375_py0.25,9D_phase,PSF Fitting,1.0,15.0,10.0,31,20,20,1.0,0.15546849741039195,0.14729222147558868,0.06846987915385834,0.11331727588202486,0.12656134095791685,0.16987812701577865,0.26311045654306386,0.30247890897383034,-0.030411924668470647,0.020007815396456862,0.03640326687234856,84.9390612135505,3.4493650076910853,3.472600015811622,4.615030012791976,0.13878189187119308,0.19924786535254604
9D_phase_sig_1_px0.375_py0.375,9D_phase,Gaussian Fitting,1.0,15.0,10.0,31,20,20,1.0,0.20428009610790024,0.20564245601393394,0.07552662813489776,0.15765704582809456,0.15026272034020347,0.21779492469587095,0.30042814601192835,0.33452059271029333,0.04536077496190387,-0.012954711528936968,0.04717440466971955,108.8974578063165,7.188054989092052,7.1068499819375575,8.97065493045375,0.1862115417319972,0.24657262836570631
9D_phase_sig_1_px0.375_py0.375,9D_phase,Intensity-Weighted Centroid,1.0,15.0,10.0,31,20,20,1.0,0.7635021844603315,0.8159619695192109,0.30625325577890095,0.586141377817561,0.577204407087304,0.8226339662029979,1.2558387913156006,1.382473758979501,-0.24993172303534267,-0.3418603281163996,0.4234788662014524,411.3169650004778,0.21771503379568458,0.20095001673325896,0.28256003279238945,0.6834841876901985,0.9577307623557849
9D_phase_sig_1_px0.375_py0.375,9D_phase,PSF Fitting,1.0,15.0,10.0,31,20,20,1.0,0.19886364478396254,0.1953591726782381,0.07452663823006998,0.16192491567311382,0.13740920895956266,0.21236988727839398,0.3058313204863647,0.31812798912024526,0.04098818821722716,-0.009232293715842842,0.04201507849078032,106.18493937610107,3.264935006154701,3.2916500349529088,4.071250080596656,0.18126864066065154,0.24081681100378954
9D_phase_sig_1_px0.375_py0.5,9D_phase,Gaussian Fitting,1.0,15.0,10.0,31,20,20,1.0,0.2042300841950572,0.2076354218631918,0.07916716037673031,0.1396677097615333,0.1687314357859944,0.21903736341646157,0.3013472065681781,0.3834771057875626,-0.06323633462644693,0.003993248269097194,0.06336229200973256,109.51867696425526,7.594135002000257,6.803850003052503,10.350655007641764,0.1834905484706722,0.2533755185125124
9D_phase_sig_1_px0.375_py0.5,9D_phase,Intensity-Weighted Centroid,1.0,15.0,10.0,31,20,20,1.0,0.7901289251705597,0.8747781570406732,0.35857287835882046,0.5180051994808816,0.6960954250650448,0.867685557956172,1.2715311334525052,1.5569631867672111,-0.4062467396432908,-0.5610489514135508,0.692684877381518,433.8427700294076,0.2103599952533841,0.20225002663210034,0.2443349803797901,0.7249225184895698,1.0167013821371012
9D_phase_sig_1_px0.375_py0.5,9D_phase,PSF Fitting,1.0,15.0,10.0,31,20,20,1.0,0.20894387708481837,0.19929792259986534,0.07235959851448943,0.14333640117299043,0.16836903327865654,0.22111864523014294,0.3149658803257892,0.3494255202929513,-0.05974601564676618,0.01332894150626771,0.06121476184174154,110.55931764887605,3.369865007698536,3.352649975568056,4.225595016032457,0.18800486966443514,0.251701315638341
9D_phase_sig_1_px0.375_py0.625,9D_phase,Gaussian Fitting,1.0,15.0,10.0,31,20,20,1.0,0.17566240537918393,0.16293258831159535,0.11733966960483325,0.14032762721883255,0.15790514800254155,0.2112483815951549,0.3593889975171772,0.3721324931514654,-0.008210721610163318,-0.03226945277693858,0.03329765054598705,105.62418271413101,7.138455001404509,6.834799947682768,8.96850996068679,0.1573127937525052,0.2552120417924782
9D_phase_sig_1_px0.375_py0.625,9D_phase,Intensity-Weighted Centroid,1.0,15.0,10.0,31,20,20,1.0,0.7450054075617059,0.6462480376375945,0.33996132882990754,0.6713198901111457,0.4689737386433692,0.8189058324349509,1.297794437152801,1.4500426213798825,-0.4882857914654835,0.27860936718142854,0.5621798587892577,409.4528744304017,0.19684500875882804,0.1957999775186181,0.20777994650416076,0.6450664056393595,0.974041522898876
9D_phase_sig_1_px0.375_py0.625,9D_phase,PSF Fitting,1.0,15.0,10.0,31,20,20,1.0,0.17415434157015008,0.1782700200475892,0.10773861230544964,0.14797540366391754,0.14156490800949623,0.20478609149362775,0.32956325044770163,0.369482655860072,-0.004765877910222116,-0.026448040526861404,0.026874010492772497,102.3930390473822,3.782130003673956,3.4088999964296818,4.9918949021957815,0.15831437469533574,0.24318752602880403
9D_phase_sig_1_px0.375_py0.75,9D_phase,Gaussian Fitting,1.0,15.0,10.0,31,20,20,1.0,0.17079964438311795,0.15892735085593096,0.09493298676707693,0.1280956292517813,0.14756795134617734,0.19540928969196317,0.31557320586525767,0.4264557850431257,0.04489891144379499,0.03318442609702856,0.055831159617429536,97.70463195898749,7.0174850057810545,6.968350033275783,8.264039939967915,0.15105573188152022,0.23864656339363138
9D_phase_sig_1_px0.375_py0.75,9D_phase,Intensity-Weighted Centroid,1.0,15.0,10.0,31,20,20,1.0,0.5757940317199858,0.47736333040362533,0.37978153164257633,0.5372373602203018,0.4326069781275598,0.6897628423894239,1.0646544481673323,1.5765217439993076,-0.3836302831440207,0.202436092364411,0.43376556529643273,344.8813685174209,0.21342000691220164,0.19605003762990236,0.26148995966650557,0.5038093754685824,0.8721831742878322
9D_phase_sig_1_px0.375_py0.75,9D_phase,PSF Fitting,1.0,15.0,10.0,31,20,20,1.0,0.18260542186004075,0.18105653388503595,0.08917373246520256,0.13649181506696098,0.1505545717478732,0.20321588189523715,0.31146359601436924,0.4198248980328448,0.03966568670241486,0.03327539322579583,0.051774689722928036,101.60792828438231,3.6774400155991316,3.6993499961681664,4.567669966490939,0.16172409044952726,0.24438518484067134
9D_phase_sig_1_px0.375_py0.875,9D_phase,Gaussian Fitting,1.0,15.0,10.0,31,20,20,1.0,0.16384191969777082,0.1186947407931502,0.10706438364293351,0.11951652204492554,0.15499276710020005,0.1957216311374193,0.38314638882286234,0.4176402055476562,-0.014974841157305718,0.017780936624654943,0.023246668039453154,97.86080114734386,8.076539996545762,7.558849989436567,11.26751504489221,0.13796576118521695,0.24585704464498173
9D_phase_sig_1_px0.375_py0.875,9D_phase,Intensity-Weighted Centroid,1.0,15.0,10.0,31,20,20,1.0,0.7171636760694798,0.6580654849906801,0.32210890454860835,0.6429359947218217,0.4524502087015274,0.786179295493715,1.2074216752279212,1.6572355924637348,-0.379142531068868,0.11816296086132069,0.3971291278473811,393.08960441043786,0.21995498100295663,0.20805001258850098,0.2563149202615024,0.623551132643011,0.9437863496518055
9D_phase_sig_1_px0.375_py0.875,9D_phase,PSF Fitting,1.0,15.0,10.0,31,20,20,1.0,0.16751738060475505,0.13010999718816707,0.10094353119731862,0.13680684058983586,0.1397696593080546,0.1955803397462598,0.3571127380980542,0.38990798257759196,-0.02730259028379578,0.023637264557680737,0.036113040746724855,97.79015774457297,3.891010006191209,3.8282499881461263,4.948390007484704,0.14276423993782877,0.24104122698027775
9D_phase_sig_1_px0.5_py0,9D_phase,Gaussian Fitting,1.0,15.0,10.0,31,20,20,1.0,0.23133399995400145,0.19164441053431325,0.1412364042620601,0.1817919658004461,0.2010343816216605,0.27104084825648334,0.4882581477827494,0.5012177400753098,0.06565573804453492,-0.009255376269385352,0.06630488615524871,135.52041801634013,7.125859998632222,6.881150067783892,9.453649912029505,0.20477363024486078,0.32649038791752627
9D_phase_sig_1_px0.5_py0,9D_phase,Intensity-Weighted Centroid,1.0,15.0,10.0,31,20,20,1.0,0.6611249181327096,0.6704639706709363,0.3268723368833155,0.583320772934373,0.45129652985458163,0.7375172418293293,1.199325146076431,1.3098209799181624,-0.4310456222184655,0.1446003070251379,0.4546532494390293,368.75860859226464,0.21970499656163156,0.2030999748967588,0.3046899859327823,0.5885584416094012,0.8687510997148171
9D_phase_sig_1_px0.5_py0,9D_phase,PSF Fitting,1.0,15.0,10.0,31,20,20,1.0,0.20882032465344952,0.15525120263008882,0.1392041578148152,0.16980287523675514,0.18479910471275288,0.25096558636853783,0.4773538527143179,0.4859156215879537,0.06624915243243094,-0.00852618478106706,0.06679555393090449,125.48278707723671,3.9074850094038993,3.7163500674068928,5.96934001077898,0.18429562136658265,0.3099761834390257
9D_phase_sig_1_px0.5_py0.125,9D_phase,Gaussian Fitting,1.0,15.0,10.0,31,20,20,1.0,0.2160696838315316,0.20054108136557156,0.09916150732043646,0.17235747888981914,0.16374373965396216,0.237737487168345,0.38428988275174103,0.4436363875450739,0.027951039720119298,0.07754080199046029,0.08242473290681297,118.8687381649153,7.345424994127825,6.441600038670003,10.269339976366611,0.19095344651979837,0.28556060901125485
9D_phase_sig_1_px0.5_py0.125,9D_phase,Intensity-Weighted Centroid,1.0,15.0,10.0,31,20,20,1.0,0.6741582357929001,0.7205024511608213,0.32703144490982894,0.5976937179862967,0.4518861718695575,0.7492922613020944,1.251368998868118,1.3072261150927391,-0.46675403212717015,-0.025266385444990647,0.4674373933912714,374.6461166022035,0.2217549888882786,0.20285003120079637,0.2915899676736445,0.5996928698945502,0.8773088738577081
9D_phase_sig_1_px0.5_py0.125,9D_phase,PSF Fitting,1.0,15.0,10.0,31,20,20,1.0,0.20789045855045982,0.17410772540296532,0.0955516407282623,0.16879176799375367,0.15446002026325847,0.22879807429736682,0.3646796234946617,0.43077665659023623,0.029921349509930906,0.06390377888814669,0.07056188852830247,114.39903196992499,3.6597700032871217,3.5014000022783875,5.073905031895265,0.18446484486950518,0.27411353574851155
9D_phase_sig_1_px0.5_py0.25,9D_phase,Gaussian Fitting,1.0,15.0,10.0,31,20,20,1.0,0.19866491904213496,0.19876645843567806,0.11259346419282275,0.17458862905998404,0.14718644244601403,0.22835288094735853,0.3926507233866913,0.4262151360501729,0.03565463136381482,0.002526421533815437,0.035744028081010314,114.17643348076184,7.8302000008989125,7.176299986895174,11.11940498230979,0.1763204699531206,0.2736459126554126
9D_phase_sig_1_px0.5_py0.25,9D_phase,Intensity-Weighted Centroid,1.0,15.0,10.0,31,20,20,1.0,0.5830956306125595,0.5130245150155827,0.34041277928480684,0.5621460592708235,0.37399623365235746,0.6751898805075984,1.0997179177130088,1.3797182077261005,-0.376184894802401,-0.1745566795926095,0.4147108745474255,337.5949319862518,0.24099001893773675,0.208650017157197,0.35184494336135697,0.5172183458885498,0.8265285406928154
9D_phase_sig_1_px0.5_py0.25,9D_phase,PSF Fitting,1.0,15.0,10.0,31,20,20,1.0,0.1888496237266888,0.1637255233943763,0.10779412167399519,0.17633261431264827,0.12724213994918057,0.21744827672156894,0.34899321875112177,0.41941626514489555,0.03270528574148557,-0.0029498051511211544,0.03283804296637971,108.72413141373995,3.715294983703643,3.4689499880187213,5.333390034502372,0.165638242850334,0.26188354093574456
9D_phase_sig_1_px0.5_py0.375,9D_phase,Gaussian Fitting,1.0,15.0,10.0,31,20,20,1.0,0.21120765880133835,0.21244838552045858,0.10911206606899303,0.16777017181678291,0.16842591115013747,0.23772698226786723,0.37387417678953283,0.415854951936706,-0.016079180815501103,0.06957100632895959,0.07140493664531686,118.86348428085293,7.394884992390871,7.13400001404807,9.542354982113467,0.19321364276331496,0.2820325925314982
9D_phase_sig_1_px0.5_py0.375,9D_phase,Intensity-Weighted Centroid,1.0,15.0,10.0,31,20,20,1.0,0.8149001893100086,0.8312931277725356,0.31104455945078296,0.5588878545333461,0.6696681286701146,0.8722448260101173,1.331672670299272,1.4740851916667674,-0.4106337215955705,-0.23818712783359502,0.4747137676295536,436.12239198585837,0.21580001339316368,0.20450004376471043,0.2629050053656102,0.7253588807106964,1.0102518925753234
9D_phase_sig_1_px0.5_py0.375,9D_phase,PSF Fitting,1.0,15.0,10.0,31,20,20,1.0,0.2003915578424198,0.21230930337167375,0.10203836684383955,0.1579325623939634,0.1600809498295994,0.22487464232916496,0.35496965837692773,0.40547224282043537,-0.021962153923186633,0.06962174186355127,0.0730035830974118,112.43731508091386,3.3517800213303417,3.280700067989528,4.687124938936904,0.18261481859481124,0.2654862569963484
9D_phase_sig_1_px0.5_py0.5,9D_phase,Gaussian Fitting,1.0,15.0,10.0,31,20,20,1.0,0.1826314616279098,0.20231156769597058,0.08416636097306432,0.14381012564901247,0.14055915073950218,0.20109258339330877,0.2959438779912748,0.3704603221825229,0.022424650467411312,0.06492646450816437,0.06868996099951942,100.54628364129594,7.703699998091906,7.284149993211031,10.759689967380838,0.16364789885074055,0.23568841013394012
9D_phase_sig_1_px0.5_py0.5,9D_phase,Intensity-Weighted Centroid,1.0,15.0,10.0,31,20,20,1.0,0.9250192057531537,0.9205203282797505,0.4672180888025187,0.741382805919239,0.7240889507538346,1.036317168398012,1.7526390802710798,1.8549827173231461,-0.5441067774865701,-0.57130190383441,0.7889474321091624,518.158563767591,0.21589998505078256,0.20919996313750744,0.2566500683315099,0.824436129227709,1.2354795817799729
9D_phase_sig_1_px0.5_py0.5,9D_phase,PSF Fitting,1.0,15.0,10.0,31,20,20,1.0,0.16999015891243924,0.17808836156022367,0.08569847787018141,0.13236087710077868,0.13682646472614451,0.19037038434678413,0.30387083186964226,0.36581737906148315,0.016984223620607964,0.053298447924822766,0.05593914911034902,95.18518444454165,3.5196400014683604,3.4747999161481857,4.561855061911047,0.15334090746566012,0.22705557971129917
9D_phase_sig_1_px0.5_py0.625,9D_phase,Gaussian Fitting,1.0,15.0,10.0,31,20,20,1.0,0.19998013365873796,0.1745194965956296,0.10485515285804685,0.1566516242222379,0.16262510743297248,0.22580225184672334,0.3763120679257058,0.43665237852526045,0.001897246238434036,-0.025506873814720166,0.025577336747388484,112.90111669849377,7.440510019659996,7.292800000868738,9.662964986637235,0.17602140298889465,0.2726621482223612
9D_phase_sig_1_px0.5_py0.625,9D_phase,Intensity-Weighted Centroid,1.0,15.0,10.0,31,20,20,1.0,0.7519375064153289,0.766400832278249,0.32900918811780133,0.6365657279328315,0.5181130508309765,0.8207661417359013,1.226943240416369,1.471950787025329,-0.5336444739137562,0.265915859212987,0.596227866440064,410.38302361798765,0.21685498650185764,0.20824995590373874,0.2568249532487244,0.6758645566227465,0.961302330281839
9D_phase_sig_1_px0.5_py0.625,9D_phase,PSF Fitting,1.0,15.0,10.0,31,20,20,1.0,0.1843786414101331,0.14753069398073743,0.10769275988299357,0.13932125611307025,0.16181100560387987,0.21352567512939175,0.34051724035220604,0.4538724886802787,0.00022423993518145836,-0.013765895011914608,0.013767721272149059,106.7628286910491,3.811409999616444,3.7349999765865505,4.927465034415945,0.1611966115102153,0.26624078063222206
9D_phase_sig_1_px0.5_py0.75,9D_phase,Gaussian Fitting,1.0,15.0,10.0,31,20,20,1.0,0.19599342239821058,0.19464325752428638,0.07653129847974495,0.14609438175121903,0.15141629004531937,0.21040546872731042,0.313478319205154,0.33658394271734565,-0.05344164985124848,0.006330136522240082,0.05381524474731714,105.20272391509634,7.444914989173412,6.76199997542426,11.634879955090582,0.17789890724875768,0.24165841836013077
9D_phase_sig_1_px0.5_py0.75,9D_phase,Intensity-Weighted Centroid,1.0,15.0,10.0,31,20,20,1.0,0.7614135859574851,0.7562624065441748,0.3094930586571539,0.5418019889453749,0.618051136243946,0.8219103371035049,1.174639304752216,1.3111138382395628,-0.44978142173943636,0.3873451437028336,0.5935819974461133,410.9550888121059,0.21796999499201775,0.20864995894953609,0.28775997343473136,0.6879485088423765,0.9395657862469781
9D_phase_sig_1_px0.5_py0.75,9D_phase,PSF Fitting,1.0,15.0,10.0,31,20,20,1.0,0.19299516038483408,0.18090529016032664,0.07313798566556992,0.13490112017138053,0.15619854242499087,0.20638870337105403,0.31901958693774934,0.34303275197911576,-0.06298009569881628,0.0025018838377718565,0.06302976976770391,103.19434192693491,3.6487349891103804,3.567799984011799,4.694539983756841,0.1754433940430114,0.23751553123595306
9D_phase_sig_1_px0.5_py0.875,9D_phase,Gaussian Fitting,1.0,15.0,10.0,31,20,20,1.0,0.1568033970558009,0.1540997120255666,0.07820589944668656,0.12497196283952505,0.12282294793946599,0.17522405096477026,0.25760732028020583,0.305453490104902,0.051826176751700356,0.040557693383658486,0.06580941489864,87.61201205278773,7.586824998725206,7.079750008415431,10.528364963829517,0.14489320998050875,0.20437854621700874
9D_phase_sig_1_px0.5_py0.875,9D_phase,Intensity-Weighted Centroid,1.0,15.0,10.0,31,20,20,1.0,0.7304219015120079,0.6904543143648723,0.3499474907721566,0.6454861065369233,0.4892106772893961,0.8099255524467331,1.2542339528113327,1.281245933946495,-0.528898606955704,0.2604044920733145,0.5895288253611058,404.96270713517924,0.21647498360835016,0.2111499779857695,0.2445299818646163,0.6583975821025932,0.9464933955976573
9D_phase_sig_1_px0.5_py0.875,9D_phase,PSF Fitting,1.0,15.0,10.0,31,20,20,1.0,0.15588485215311404,0.1545397940427504,0.0806343427183854,0.11911038478421215,0.12889802400727943,0.17550494111683654,0.28851959354441686,0.3015163719877562,0.04470222767255905,0.0490924124996468,0.06639543752340805,87.75245641908508,3.8515600143000484,3.7804999738000333,5.031209997832776,0.14217907593803125,0.20774198752656936
9D_phase_sig_1_px0.625_py0,9D_phase,Gaussian Fitting,1.0,15.0,10.0,31,20,20,1.0,0.18167642026966963,0.16736728663068476,0.08558090233370444,0.11989244074815625,0.16110932678682052,0.2008243325054329,0.3285559067869682,0.4317772819207954,0.03605445370096163,0.0023687438873139397,0.03613218204424517,100.41216145664029,7.753015001071617,7.148100004997104,12.237065029330552,0.15918083878001188,0.24476854612896223
9D_phase_sig_1_px0.625_py0,9D_phase,Intensity-Weighted Centroid,1.0,15.0,10.0,31,20,20,1.0,0.7372485953053298,0.6774709696338105,0.3841594115276827,0.7644926159923441,0.32659605759739274,0.8313326318297491,1.5534964838067555,1.5704446972395771,0.4975463208530016,0.051341153973510245,0.5001882200588992,415.6661877165969,0.21281001972965896,0.1959499786607921,0.25817498681135476,0.6469922849026765,1.0100347844385318
9D_phase_sig_1_px0.625_py0,9D_phase,PSF Fitting,1.0,15.0,10.0,31,20,20,1.0,0.18066257933360624,0.16553510406969446,0.07564431366024513,0.12630270195422885,0.14969521448484036,0.19585971959696336,0.32962790608615455,0.40912614210289033,0.03484292675544225,-0.00597888899226291,0.03535218039197746,97.9298547022171,4.42998000071384,4.278949985746294,5.698939965805039,0.1585809939764075,0.237702180860621
9D_phase_sig_1_px0.625_py0.125,9D_phase,Gaussian Fitting,1.0,15.0,10.0,31,20,20,1.0,0.22924198342367336,0.15411112245921754,0.13183530712763353,0.15203750216251055,0.2163724407258045,0.2644474147528336,0.47224880602266434,0.5157452741965415,0.03512346451225312,-0.004980811605321378,0.03547486777411874,132.2237011693392,7.778734993189573,7.031249988358468,12.045679980656132,0.19976462216644852,0.32668973037437704
9D_phase_sig_1_px0.625_py0.125,9D_phase,Intensity-Weighted Centroid,1.0,15.0,10.0,31,20,20,1.0,0.6695256372289886,0.6468176847395177,0.34978551946110475,0.5532760710827755,0.5142957103639556,0.7553902888782448,1.2378418946866256,1.6381609519723401,0.3095072868606678,-0.042849091454240804,0.31245928576105014,377.69506698524134,0.20101501722820103,0.19859999883919954,0.21538499859161678,0.5774941757387682,0.9255460776188278
9D_phase_sig_1_px0.625_py0.125,9D_phase,PSF Fitting,1.0,15.0,10.0,31,20,20,1.0,0.22286642782624666,0.17513194581004188,0.12943069042681563,0.14964702859699427,0.20982734595015057,0.2577241709199853,0.4528747753942818,0.4782279728307499,0.04721361329665115,0.007414264047935148,0.04779222313199312,128.86207915530971,3.972745005739853,3.822850005235523,4.8479799879714855,0.19889016489752667,0.31506216324610076
9D_phase_sig_1_px0.625_py0.25,9D_phase,Gaussian Fitting,1.0,15.0,10.0,31,20,20,1.0,0.18289753503034706,0.19910909303020635,0.08153541897087371,0.14310341656173964,0.14007478372387433,0.2002486775660028,0.3206795002216047,0.3277917626511118,0.009263795731322943,0.012580603228718701,0.015623363560710113,100.12433255585556,9.148474992252886,7.1023000054992735,15.927129995543522,0.16651038457716896,0.23144839243291165
9D_phase_sig_1_px0.625_py0.25,9D_phase,Intensity-Weighted Centroid,1.0,15.0,10.0,31,20,20,1.0,0.7159263406578626,0.723999605738401,0.2411606802518107,0.5677341237147491,0.4983843534031943,0.7554528436290873,1.087096183703094,1.2052283910709727,0.33657824640354195,-0.1446506575788476,0.3663450950812313,377.7263577155971,0.21876999526284635,0.20545005099847913,0.2809849276673049,0.6497131135383981,0.8535122424956938
9D_phase_sig_1_px0.625_py0.25,9D_phase,PSF Fitting,1.0,15.0,10.0,31,20,20,1.0,0.16117023856609408,0.1867569850658012,0.08509072007237742,0.13728052831764642,0.119876323712046,0.18225333039998848,0.2712056884439713,0.28714372900825313,0.003906775807087115,0.017432766324384376,0.01786516831511618,91.1266593097753,4.2703700077254325,3.995249979197979,6.166414980543778,0.1485811617289697,0.2099662187269083
9D_phase_sig_1_px0.625_py0.375,9D_phase,Gaussian Fitting,1.0,15.0,10.0,31,20,20,1.0,0.20173996429870353,0.18563354661255824,0.1110375432831586,0.1565767136303927,0.16885521005378387,0.2302788509907097,0.3987678654928211,0.471062529743181,0.049087696488538765,-0.036611490869938736,0.06123726978132278,115.13941815283522,8.248269994510338,7.539299956988543,11.733964912127707,0.17836306858979442,0.28200593511338506
9D_phase_sig_1_px0.625_py0.375,9D_phase,Intensity-Weighted Centroid,1.0,15.0,10.0,31,20,20,1.0,0.6482025315671803,0.6285870678027414,0.32276935773446647,0.5193901567353771,0.5045596548564122,0.7241177944384611,1.0757818948342093,1.3697539321968044,0.2839332757996772,-0.2444112174812915,0.37463975808371264,362.0588493772091,0.21583999041467905,0.20525004947558045,0.28068991377949715,0.5769079165499866,0.8637407473246242
9D_phase_sig_1_px0.625_py0.375,9D_phase,PSF Fitting,1.0,15.0,10.0,31,20,20,1.0,0.20635016106923382,0.19234751494424746,0.10902628700333288,0.1651160076936118,0.16493581853058775,0.2333819192461829,0.3807369527697645,0.4719741814928263,0.04287766421442711,-0.03066144639805657,0.052712601754286985,116.69095154300803,3.863675007596612,3.439850057475269,5.303225101670251,0.18179867910977748,0.28374722607580005
9D_phase_sig_1_px0.625_py0.5,9D_phase,Gaussian Fitting,1.0,15.0,10.0,31,20,20,1.0,0.16057551730700229,0.11521513373152079,0.09230163268377303,0.1383435107588561,0.1231469089559938,0.18521362842539843,0.27962648474925705,0.40465034870538796,0.03520395854737899,-0.0117573759347124,0.03711542248548078,92.60680609112939,7.135954994009808,7.020599965471774,8.481495006708428,0.13946457676250068,0.23083531357133202
9D_phase_sig_1_px0.625_py0.5,9D_phase,Intensity-Weighted Centroid,1.0,15.0,10.0,31,20,20,1.0,0.766790673505074,0.7562904736658345,0.3618602738131405,0.6269453855975756,0.5708329687539022,0.8478860741505819,1.2982347474997267,1.4482978071756916,0.39517480679255074,-0.1794677397465989,0.43401819954154314,423.9429543779567,0.2258949971292168,0.1971000456251204,0.3404050134122372,0.6925991452046164,0.9789844943998274
9D_phase_sig_1_px0.625_py0.5,9D_phase,PSF Fitting,1.0,15.0,10.0,31,20,20,1.0,0.15690320143671,0.12634773559945947,0.09120824735233658,0.13520643928616674,0.12106517988971854,0.18148707669190606,0.28651000514384856,0.40504496538582807,0.03338425570163395,-0.020232039964821525,0.03903644412456409,90.74353022023885,3.9455149963032454,3.826199972536415,5.012740060919896,0.13629210506814812,0.2273065912558113
9D_phase_sig_1_px0.625_py0.625,9D_phase,Gaussian Fitting,1.0,15.0,10.0,31,20,20,1.0,0.18535630251848004,0.16125842379536826,0.07125921824328946,0.1274329626434735,0.15230126427536356,0.19858206129448616,0.2921605547686209,0.3204121903301531,0.06844931482871175,-0.011504075055103157,0.06940931092723472,99.29102010695993,7.325810025213286,7.21560005331412,8.954085013829173,0.16589550863916255,0.22897498159916443
9D_phase_sig_1_px0.625_py0.625,9D_phase,Intensity-Weighted Centroid,1.0,15.0,10.0,31,20,20,1.0,0.660909769872202,0.6590210549381432,0.32920825015696165,0.6066932484485337,0.42083618923626476,0.7383629161082885,1.0948595539125086,1.2862079148676115,0.42332847035741566,0.2415065806626842,0.4873729807021835,369.1813556692961,0.21975000854581594,0.20340003538876772,0.31475505093112593,0.6030839592926358,0.8665751928958543
9D_phase_sig_1_px0.625_py0.625,9D_phase,PSF Fitting,1.0,15.0,10.0,31,20,20,1.0,0.18562234492823154,0.15756797834861425,0.08200298302881182,0.13454790763952346,0.15191117375659116,0.20292891406174468,0.2996266228160722,0.3586360692984779,0.0772208730351224,-0.005921799618135992,0.07744760127353105,101.4644459190064,4.4024650123901665,4.396350006572902,5.5646350781898954,0.1657393384141363,0.23873695999170627
9D_phase_sig_1_px0.625_py0.75,9D_phase,Gaussian Fitting,1.0,15.0,10.0,31,20,20,1.0,0.1837596910255142,0.18047806417744183,0.07651489585445892,0.13818800051878752,0.1432697799468915,0.19905314198326818,0.29847043424587555,0.33523096748698883,-0.03195971866296645,0.01554904612588075,0.03554147510220606,99.52655823252724,8.046830008970574,7.466350041795522,9.97807993553579,0.1657127593435498,0.22991312745367307
9D_phase_sig_1_px0.625_py0.75,9D_phase,Intensity-Weighted Centroid,1.0,15.0,10.0,31,20,20,1.0,0.7472693861550075,0.7119985472319765,0.2739943867147943,0.54853765972752,0.576706940565443,0.7959173697286032,1.1608350502190554,1.5026823184151794,0.3603644819349142,0.41723498037886203,0.5513144190858502,397.9585616083819,0.2179949835408479,0.1953499740920961,0.2713649417273701,0.6672774387955538,0.9293663275835179
9D_phase_sig_1_px0.625_py0.75,9D_phase,PSF Fitting,1.0,15.0,10.0,31,20,20,1.0,0.1876001052354528,0.1792890291961724,0.07525220677064845,0.13891791132805784,0.14682815813206693,0.20213038887857854,0.3205435490409719,0.3356067487954174,-0.02933284499540605,0.01758332117024679,0.034199254069358975,101.06518177088483,4.19148001819849,4.06035000924021,5.36939506419003,0.16756577393477143,0.23365065260234982
9D_phase_sig_1_px0.625_py0.875,9D_phase,Gaussian Fitting,1.0,15.0,10.0,31,20,20,1.0,0.1682549326805873,0.16180140938047888,0.09072776786382973,0.1387232694755744,0.13151845778790563,0.19115765805455442,0.3197519542942487,0.3843353002810851,-0.015118348496508815,-0.01565513697068468,0.021763450434910098,95.57881460853568,7.620875001884997,7.1579000214114785,10.681570018641652,0.14784745959624476,0.23307880845723952
9D_phase_sig_1_px0.625_py0.875,9D_phase,Intensity-Weighted Centroid,1.0,15.0,10.0,31,20,20,1.0,0.7573857191169788,0.6723534342999133,0.33493471318483303,0.5360920039313112,0.6312050007243768,0.82813911247963,1.2736057715984161,1.5095075604210244,0.2598194396129713,0.3087500597559483,0.403525390279348,414.0694073152836,0.20745500223711133,0.1937499619089067,0.29990005423314875,0.6715426054875714,0.9854409824213153
9D_phase_sig_1_px0.625_py0.875,9D_phase,PSF Fitting,1.0,15.0,10.0,31,20,20,1.0,0.16246972110800662,0.15545010065720774,0.08165062339745767,0.13445865017617903,0.12240958283936278,0.18183298539623363,0.2808842289752535,0.36182774097282866,-0.012111213082118866,-0.01435625675267147,0.018782534181231037,90.91647909085557,4.163210006663576,3.980850044172257,5.432444938924164,0.14473220832257508,0.21806234012927803
9D_phase_sig_1_px0.75_py0,9D_phase,Gaussian Fitting,1.0,15.0,10.0,31,20,20,1.0,0.15280562920214208,0.13992029292680308,0.06935668881515963,0.12916232117176316,0.1071307863724883,0.16780914933121321,0.2643192938699735,0.2677267000313808,0.01140007537967449,-0.024789265318548814,0.027284966441168065,83.90456721714025,7.315214996924624,6.759650015737861,10.592220013495535,0.13922115161240678,0.19603063486255612
9D_phase_sig_1_px0.75_py0,9D_phase,Intensity-Weighted Centroid,1.0,15.0,10.0,31,20,20,1.0,0.6199178892815307,0.6289843847418923,0.30190897785980847,0.5055370037027926,0.4689131670691549,0.6895268090245821,0.8931643179819394,1.619195611329883,0.21628072357679,-0.04124701685093442,0.22017871784076026,344.76334433909875,0.21994000999256968,0.2108500339090824,0.27756490744650364,0.5484064288657745,0.8584042070810137
9D_phase_sig_1_px0.75_py0,9D_phase,PSF Fitting,1.0,15.0,10.0,31,20,20,1.0,0.16145144923274352,0.15843132022825018,0.08433391461431346,0.14391910276226053,0.11165156279082421,0.18215043127461286,0.28873894342560047,0.36410855792536995,0.01774654536455955,-0.024231851357046707,0.030035354044298804,91.07520630645872,3.788845002418384,3.5499000223353505,4.681655077729375,0.14589153846261327,0.2187071652893537
9D_phase_sig_1_px0.75_py0.125,9D_phase,Gaussian Fitting,1.0,15.0,10.0,31,20,20,1.0,0.2388034980228476,0.23793969207034552,0.10309150885138332,0.1984338433742767,0.16816355035772776,0.2601056897978262,0.4067945154777764,0.4250814492557689,0.040373721529527985,0.026330856876217012,0.04820115573282135,130.05283192321465,7.531555014429614,7.560049998573959,9.781125088920817,0.21483533354583642,0.30111192956682015
9D_phase_sig_1_px0.75_py0.125,9D_phase,Intensity-Weighted Centroid,1.0,15.0,10.0,31,20,20,1.0,0.6117454565492253,0.5788585797163197,0.30391136775195443,0.4715763744033497,0.4941764322203919,0.6830773185061,1.14331027902693,1.203482582585562,0.2644626747190614,-0.09045412025453174,0.27950394306803855,341.53859963382104,0.2028350019827485,0.19905000226572156,0.24337998474948108,0.54622607935234,0.8127046244196071
9D_phase_sig_1_px0.75_py0.125,9D_phase,PSF Fitting,1.0,15.0,10.0,31,20,20,1.0,0.2272656996475036,0.23237150430207265,0.10557314568201782,0.18680374835572383,0.167032173325133,0.2505900782662112,0.42936118808119766,0.4475571434202316,0.043025924112600936,0.020463483656510562,0.04764435233166224,125.29502695518066,3.9335249981377274,3.9000999531708658,4.812834906624631,0.20467906099098182,0.2953164419735426
9D_phase_sig_1_px0.75_py0.25,9D_phase,Gaussian Fitting,1.0,15.0,10.0,31,20,20,1.0,0.1504863765365099,0.1454038761919434,0.07889159885329432,0.1046626523300192,0.1338497781095018,0.16991184153177008,0.2267787633380467,0.3984748187596019,0.016094465113172873,0.014675055845782482,0.021780474543865506,84.95591409667607,7.418464979855344,7.047599996440113,10.725724912481384,0.13197272843524657,0.21246740474303796
9D_phase_sig_1_px0.75_py0.25,9D_phase,Intensity-Weighted Centroid,1.0,15.0,10.0,31,20,20,1.0,0.642747509255759,0.6616584988354882,0.35419010630570885,0.5239730699706477,0.5138357850567299,0.733876687229763,1.187025554397963,1.2179774906648224,0.21414491863944818,-0.23519942749715597,0.31808303455872305,366.9382780496377,0.21585498470813036,0.20319997565820813,0.2784599084407091,0.5745653428223558,0.869110394445959
9D_phase_sig_1_px0.75_py0.25,9D_phase,PSF Fitting,1.0,15.0,10.0,31,20,20,1.0,0.16133662467776602,0.16611098599318447,0.07482803859397226,0.11789173349087427,0.1331551012794929,0.17784471266314147,0.23069010567432896,0.3872286694016094,0.0031706847180714703,-0.00784250140230256,0.008459200306561464,88.9223489930504,3.838689991971478,3.5397999454289675,5.062789906514809,0.14352600950175343,0.21581108433185248
9D_phase_sig_1_px0.75_py0.375,9D_phase,Gaussian Fitting,1.0,15.0,10.0,31,20,20,1.0,0.18884623660143526,0.1946057110738626,0.07024508985938137,0.13460553921973442,0.14992872486365771,0.20148765155184534,0.28664388643937355,0.3709644795304962,0.019473103217296738,0.003894115216434102,0.019858647542830208,100.74381600642738,7.3096999898552895,7.771049975417554,8.171544916694984,0.16892850835534431,0.23363142130432749
9D_phase_sig_1_px0.75_py0.375,9D_phase,Intensity-Weighted Centroid,1.0,15.0,10.0,31,20,20,1.0,0.6157241402087169,0.5792533675737663,0.29639731613847736,0.3939453187016066,0.5583678641567276,0.6833502658592123,1.1468423806282877,1.1740412009290848,0.18185914629988814,-0.19660071694157183,0.26781447122002977,341.67508532086424,0.22010001121088862,0.20625005709007382,0.28610504814423626,0.5497095848773161,0.8049533720988363
9D_phase_sig_1_px0.75_py0.375,9D_phase,PSF Fitting,1.0,15.0,10.0,31,20,20,1.0,0.18625210647618573,0.1949850840167583,0.06958026872532456,0.13367058557071967,0.1471850383560969,0.19882469907610775,0.29659506018192566,0.34978691906196274,0.021203247156154247,-0.0004032296397724622,0.02120708098978627,99.41233987376467,4.267289978452027,4.022549954243004,5.716239975299687,0.1675053546772371,0.22853073991502829
9D_phase_sig_1_px0.75_py0.5,9D_phase,Gaussian Fitting,1.0,15.0,10.0,31,20,20,1.0,0.16614533686298832,0.1338809139733378,0.11553048624848111,0.12744885628708158,0.1571889157836556,0.2023649332619818,0.3534095697689326,0.5399640806799705,0.0015241779917857911,0.015457305984682534,0.015532270499020633,101.1824572977225,7.398844981798902,7.113049970939755,8.856620051665233,0.13578722943217073,0.269805604677776
9D_phase_sig_1_px0.75_py0.5,9D_phase,Intensity-Weighted Centroid,1.0,15.0,10.0,31,20,20,1.0,0.8380333243003648,0.8616591877330995,0.39903812857366033,0.5892428298506539,0.7171639757845361,0.9281870935826942,1.4110443112621942,1.7197381176820643,0.39256273678610115,-0.5427081178794424,0.6698041531113706,464.09346302887735,0.20709499367512763,0.1998000079765916,0.2529049466829747,0.7431394135173136,1.1041494661984212
9D_phase_sig_1_px0.75_py0.5,9D_phase,PSF Fitting,1.0,15.0,10.0,31,20,20,1.0,0.1722987832374941,0.14785932453500542,0.10996633855622688,0.1316909493548121,0.15632325539922712,0.20440026007954018,0.3537979316891753,0.5167587822959566,0.0005479320247161468,0.015999870602593093,0.016009250101220614,102.20012055732387,3.575020015705377,3.628999984357506,4.269505001138897,0.14439701744382416,0.26613445630890015
9D_phase_sig_1_px0.75_py0.625,9D_phase,Gaussian Fitting,1.0,15.0,10.0,31,20,20,1.0,0.16874226785309848,0.17531480822957568,0.08622045018778977,0.1413403658238912,0.12621735213337576,0.18949384948011366,0.28524512145846637,0.33316729078144414,0.04061803293484445,0.041957452865443653,0.058397366810944776,94.74691104475076,7.336404995294288,7.291899994015694,9.757540025748312,0.15384994037454244,0.22269635832813178
9D_phase_sig_1_px0.75_py0.625,9D_phase,Intensity-Weighted Centroid,1.0,15.0,10.0,31,20,20,1.0,0.8364918180320681,0.8224283775275869,0.354935132747593,0.5696589851345126,0.7079450195803789,0.9086789917749534,1.3346023555774895,1.4900175857362967,0.24683803626854228,0.4235092218265322,0.49019289786881354,454.33935763714146,0.21099001169204712,0.20925007993355393,0.25270504993386567,0.7572994396997749,1.057595942357862
9D_phase_sig_1_px0.75_py0.625,9D_phase,PSF Fitting,1.0,15.0,10.0,31,20,20,1.0,0.1698053424209089,0.1731656864670862,0.08984082018310036,0.14587920299577375,0.1249979416597415,0.1921073327227628,0.30987079650476956,0.3134809503135468,0.04590629531916761,0.0413929961009444,0.061812361839226206,96.053652093589,3.9833499817177653,3.857300034724176,5.037749919574708,0.15320825686126144,0.2260692281294556
9D_phase_sig_1_px0.75_py0.75,9D_phase,Gaussian Fitting,1.0,15.0,10.0,31,20,20,1.0,0.20151312111460915,0.20792168638792,0.11630449409386787,0.14370823734238508,0.1829814631259855,0.232667731599768,0.40314155679932195,0.48485413104356206,-0.013173945569025135,-0.055640940256893145,0.05717925388221491,116.33385239596541,7.379025005502626,7.024849997833371,10.091030033072457,0.1784491589890324,0.2892000073188998
9D_phase_sig_1_px0.75_py0.75,9D_phase,Intensity-Weighted Centroid,1.0,15.0,10.0,31,20,20,1.0,0.6342840971868575,0.6603246043262487,0.3041010138183159,0.48361188228191865,0.5107967206876077,0.7034157679135963,1.077006289337227,1.266811321602667,0.17899929769411074,0.1882530941538562,0.25976908213543337,351.70779143920515,0.21479500574059784,0.2080000122077763,0.2492500236257911,0.5687969920948519,0.8270396523994654
9D_phase_sig_1_px0.75_py0.75,9D_phase,PSF Fitting,1.0,15.0,10.0,31,20,20,1.0,0.18452479937166258,0.1724042463942534,0.11335398095434483,0.10900544314327602,0.18712653458686268,0.2165606764427704,0.3465574850725859,0.4871469867991647,0.001433123634774347,-0.04387994466152918,0.043903341408728924,108.28032479681131,4.270019999239594,4.037150007206947,6.064629973843695,0.16095897116786703,0.2776510377362528
9D_phase_sig_1_px0.75_py0.875,9D_phase,Gaussian Fitting,1.0,15.0,10.0,31,20,20,1.0,0.1697631103427265,0.17037209201155515,0.07450635986287536,0.12983495682425722,0.13233894090439244,0.18539339603462962,0.27266327647126876,0.34206009653343056,0.04959305455020626,-0.026870496615146067,0.05640473958777144,92.69668181787814,7.499179989099503,7.564549916423857,9.695010044379162,0.15131134596166523,0.21716987916664834
9D_phase_sig_1_px0.75_py0.875,9D_phase,Intensity-Weighted Centroid,1.0,15.0,10.0,31,20,20,1.0,0.43329688132437943,0.4368623504711768,0.2309123451896795,0.39270544256252765,0.294701771131767,0.49098543616530127,0.8337111318016094,0.836231285996382,0.17633366441245926,0.011593686568136263,0.17671438756752655,245.49265922513237,0.21007501636631787,0.19885000074282289,0.25778508279472595,0.39526097757371326,0.5812762195848458
9D_phase_sig_1_px0.75_py0.875,9D_phase,PSF Fitting,1.0,15.0,10.0,31,20,20,1.0,0.15987782287278707,0.15771996383086212,0.08237410431804185,0.12466373056898894,0.1296355105261072,0.1798510809218057,0.26474673177397073,0.38136042700470063,0.04362685000259603,-0.014667369872250901,0.04602644652934253,89.92552479279193,4.268729995237663,4.328350012656301,5.314870039001107,0.1397737447838066,0.21932434002236953
9D_phase_sig_1_px0.875_py0,9D_phase,Gaussian Fitting,1.0,15.0,10.0,31,20,20,1.0,0.16133046537279916,0.1447110723418719,0.08652108310282892,0.12629666874226322,0.1325238406600775,0.18306670062764163,0.28068007596572847,0.3642741840303821,0.06351682153532465,0.026003757584282992,0.06863367997166141,91.53334025211596,7.6039700012188405,7.47974996920675,10.783860005903989,0.14279036963181213,0.22136797279998288
9D_phase_sig_1_px0.875_py0,9D_phase,Intensity-Weighted Centroid,1.0,15.0,10.0,31,20,20,1.0,0.681581213639878,0.5753750886009072,0.44953209027871993,0.7226893908833645,0.37993696224741813,0.8164753829584602,1.484741444725339,1.5464929883613623,0.2707378972048048,0.1013718563203895,0.2890938640592725,408.23755114053495,0.2524999843444675,0.2084499574266374,0.4043499880935998,0.5917460208171126,0.9979642281763517
9D_phase_sig_1_px0.875_py0,9D_phase,PSF Fitting,1.0,15.0,10.0,31,20,20,1.0,0.16450521566582124,0.15174339192494193,0.09371685132635488,0.13160756972553972,0.13610386399629387,0.1893272674597731,0.30508246960582863,0.3742778151758588,0.06028518641404048,0.02840339133038583,0.06664125103899722,94.66362318440476,3.899785003159195,3.9859499665908515,4.666645085671917,0.14649763231974083,0.2295706313046467
9D_phase_sig_1_px0.875_py0.125,9D_phase,Gaussian Fitting,1.0,15.0,10.0,31,20,20,1.0,0.191960393862732,0.16645438857383937,0.10812941048832274,0.18264149591131773,0.12321869255824583,0.22031968188177695,0.4320907580868857,0.4483239392664563,0.008038108430423564,0.016421473514810714,0.01828321578762544,110.15982276975923,6.640575005440041,6.073250027839094,8.194295025896281,0.16303427184554353,0.2702906007874189
9D_phase_sig_1_px0.875_py0.125,9D_phase,Intensity-Weighted Centroid,1.0,15.0,10.0,31,20,20,1.0,0.6293527213063265,0.5908425138214026,0.3223060921830798,0.502458602394844,0.497495143447076,0.7070827850216739,1.1767275888907904,1.2915220570461512,0.2429681513996627,0.022539951602419707,0.24401141779189114,353.54131349561163,0.22305002203211188,0.2053500502370298,0.2976900374051184,0.5612911640725025,0.8338047091914353
9D_phase_sig_1_px0.875_py0.125,9D_phase,PSF Fitting,1.0,15.0,10.0,31,20,20,1.0,0.1931038803940312,0.18175721969512693,0.10685226435166069,0.18318925362587418,0.12307807431181492,0.2206955256010178,0.4288129817819372,0.44756094856937484,0.00413752212676286,0.016223827001653035,0.016743107594739348,110.34774486804045,3.574775002198294,3.5433999728411436,4.341965046478435,0.16640774223824978,0.2704642389705268
9D_phase_sig_1_px0.875_py0.25,9D_phase,Gaussian Fitting,1.0,15.0,10.0,31,20,20,1.0,0.16643526289872684,0.15345141673371696,0.09309660591223054,0.13630143608130263,0.13337763414725887,0.19070310634215024,0.34626548459106105,0.38557998768804996,-0.012673600650379058,-0.024568563306621626,0.027644790764206607,95.35154330242345,7.888150017242879,7.13250000262633,10.332925000693654,0.14601001454418164,0.2352073275371147
9D_phase_sig_1_px0.875_py0.25,9D_phase,Intensity-Weighted Centroid,1.0,15.0,10.0,31,20,20,1.0,0.7328814667371625,0.6578176475671097,0.37720532424881087,0.527670775474975,0.6332161192184734,0.82425669601676,1.4425583462497062,1.4571671594057871,0.3032319034877048,-0.3611790540272978,0.4715929350200556,412.1282766792364,0.19974999595433474,0.19799999427050352,0.22235005744732916,0.6359125604867495,0.993729176022785
9D_phase_sig_1_px0.875_py0.25,9D_phase,PSF Fitting,1.0,15.0,10.0,31,20,20,1.0,0.16741346234200072,0.1463298113424639,0.09395060695370065,0.13311223687078905,0.1383297376400323,0.19197391468713979,0.3695536280875259,0.3711204476092293,-0.011888652610662121,-0.027749881115397557,0.03018933524964903,95.98694768910653,3.330990008544177,3.377100045327097,4.29801496793516,0.14572441049296997,0.23610937231860932
9D_phase_sig_1_px0.875_py0.375,9D_phase,Gaussian Fitting,1.0,15.0,10.0,31,20,20,1.0,0.18278821125219538,0.17892554648240172,0.0883172646175277,0.17383532253914788,0.10484631629203783,0.20300608218055835,0.3111415604772961,0.37614542061973294,0.07401568956632901,0.0053014848570114735,0.07420531007730044,101.50302235084797,7.436719996621832,7.1770999929867685,9.36939502716996,0.16158513218763798,0.240759100026033
9D_phase_sig_1_px0.875_py0.375,9D_phase,Intensity-Weighted Centroid,1.0,15.0,10.0,31,20,20,1.0,0.6140231316031469,0.6091596686865198,0.24688982074728388,0.4649000989983221,0.47100625015355363,0.6617998109189528,1.028709329860914,1.074616156992675,-0.009956108751026704,-0.3863654726764253,0.3864937290279621,330.89985635004746,0.23348000831902027,0.20115001825615764,0.3728300391230732,0.5510620952439311,0.7631065822608532
9D_phase_sig_1_px0.875_py0.375,9D_phase,PSF Fitting,1.0,15.0,10.0,31,20,20,1.0,0.18420590916838883,0.1796898830686016,0.09095591784498865,0.1756920162360591,0.10647587235841462,0.20543805870280477,0.31783532305551054,0.4038119252589423,0.07541769272928037,0.007137496082697226,0.07575468452141206,102.71901021133242,3.7795899785123765,3.693699953146279,5.29428495792672,0.1625988868659283,0.24572896187906534
9D_phase_sig_1_px0.875_py0.5,9D_phase,Gaussian Fitting,1.0,15.0,10.0,31,20,20,1.0,0.2116949973869299,0.17637322343639186,0.13678521908098693,0.17030067663724344,0.18580271153721867,0.25204159989510827,0.46500210955121546,0.5596054488658142,-0.035816605847060146,0.07271252603158018,0.08105517069439117,126.02078501743398,8.90797000611201,7.323099998757243,10.495114949299046,0.1816179572439183,0.31983901391671976
9D_phase_sig_1_px0.875_py0.5,9D_phase,Intensity-Weighted Centroid,1.0,15.0,10.0,31,20,20,1.0,0.6323515825394771,0.6119858975394772,0.24614050980298469,0.4806222457441839,0.4790155857611228,0.6785673691729174,0.9389029578759192,1.442230703135803,-0.04555318348277524,-0.3869993144709099,0.389671094548171,339.28365442395466,0.20960498950444162,0.20329997641965747,0.2404249564278871,0.5552404831526264,0.8244997348971396
9D_phase_sig_1_px0.875_py0.5,9D_phase,PSF Fitting,1.0,15.0,10.0,31,20,20,1.0,0.19957000766209637,0.17084921406311265,0.12577593543120294,0.15446762762216415,0.17829056595519505,0.23589780391483792,0.4014614497892494,0.589582447509189,-0.019819973501671483,0.07518667925652948,0.07775518045269525,117.94888801353244,3.7646100157871842,3.7735000369139016,5.054044962162152,0.16696131682422677,0.3071001032773438
9D_phase_sig_1_px0.875_py0.625,9D_phase,Gaussian Fitting,1.0,15.0,10.0,31,20,20,1.0,0.14272691049079192,0.14307889109703664,0.08428651808785777,0.12045786492602042,0.11386435301307399,0.1657564119713663,0.29195940212961313,0.345813910791371,-0.048021924704647743,0.016508048747704153,0.05078012333379502,82.87819511810964,7.050989998970181,7.041400007437915,8.510719990590589,0.12452217580172992,0.20243672431660237
9D_phase_sig_1_px0.875_py0.625,9D_phase,Intensity-Weighted Centroid,1.0,15.0,10.0,31,20,20,1.0,0.6427905282914417,0.5154784477280634,0.3105283006775389,0.4863194153563268,0.5225905806942478,0.7138679771378392,1.1627622095226384,1.1643798630817168,0.04213325410669881,0.3676955261248963,0.3701016225766701,356.93389483901655,0.21661000209860504,0.2048499882221222,0.27003996074199677,0.56890483182505,0.8434905752011199
9D_phase_sig_1_px0.875_py0.625,9D_phase,PSF Fitting,1.0,15.0,10.0,31,20,20,1.0,0.15523401923569724,0.1367967778829896,0.08885421319941193,0.1236049919180017,0.12928448439122964,0.17886495445266903,0.2990746016143344,0.38000418027537003,-0.049577911796575336,0.034324317653857864,0.06030031608965199,89.43246587115723,4.0538250003010035,4.1473000310361385,5.037240078672768,0.13270362180915113,0.21946108466817635
9D_phase_sig_1_px0.875_py0.75,9D_phase,Gaussian Fitting,1.0,15.0,10.0,31,20,20,1.0,0.1808494560219814,0.19209442500564144,0.07866666852883862,0.16228799995455817,0.11206058875279071,0.19721807848387723,0.27370246172337925,0.3153986864981637,-0.00435664841597827,-0.04035303027439454,0.04058752810589293,98.60902176564886,8.381530013866723,7.4496500310488045,12.70505501306616,0.16495066339931444,0.22453278411596286
9D_phase_sig_1_px0.875_py0.75,9D_phase,Intensity-Weighted Centroid,1.0,15.0,10.0,31,20,20,1.0,0.4913065056655485,0.4690601289448846,0.2583278691915801,0.37929229015253785,0.4052810495707846,0.5550814089035533,0.881692512045136,0.9957483510239243,0.064183379239347,0.04640439037988244,0.07920147484176268,277.5406385977495,0.21650500129908323,0.208650017157197,0.23883491521701225,0.4403179336279007,0.6574646494314256
9D_phase_sig_1_px0.875_py0.75,9D_phase,PSF Fitting,1.0,15.0,10.0,31,20,20,1.0,0.17910144508598563,0.1791663550563566,0.08930998014297564,0.16440630636953896,0.11412347090301954,0.20013395560230915,0.2881746294907211,0.3336921609166253,-0.012676455955647726,-0.034679044060675325,0.036923280360197375,100.06696025337509,3.942515008384362,3.714699996635318,5.810440005734563,0.1610870963479012,0.23345324052254074
9D_phase_sig_1_px0.875_py0.875,9D_phase,Gaussian Fitting,1.0,15.0,10.0,31,20,20,1.0,0.15272021836811633,0.13997766986204396,0.08132468216327624,0.11889448067039958,0.12570310852751024,0.1730236082948308,0.24226331405639023,0.38756670104414853,-0.010295643877657312,-0.01610158341215424,0.019111809732050573,86.51178802275285,8.084049995522946,7.685349963139743,10.991705046035355,0.13267112716852308,0.21331136979742385
9D_phase_sig_1_px0.875_py0.875,9D_phase,Intensity-Weighted Centroid,1.0,15.0,10.0,31,20,20,1.0,0.4841644665611472,0.49646567600056213,0.2508464890156232,0.3911480354868453,0.3799242109509303,0.5452881731084083,0.830149880616099,0.9717124300698751,0.08917926518287231,0.05958171786900266,0.107251678041784,272.6440064568361,0.23976500378921628,0.2181500312872231,0.3654849890153855,0.4326120706902149,0.6367525518189938
9D_phase_sig_1_px0.875_py0.875,9D_phase,PSF Fitting,1.0,15.0,10.0,31,20,20,1.0,0.15458022569055163,0.13700882876091844,0.08052801486517756,0.12196586036838121,0.12451560648074875,0.17429804173503538,0.2545883234772022,0.40749927798166513,-0.011262461084430696,-0.015028767222668193,0.018780491844237246,87.14900468489535,4.270744987297803,4.311749944463372,5.171924969181419,0.13256023131514796,0.21827609306900114
9D_phase_sig_1_px0_py0,9D_phase,Gaussian Fitting,1.0,15.0,10.0,31,20,20,1.0,0.15356016141583534,0.1331642452176383,0.09206564499534634,0.13963093300928694,0.11207144466554611,0.17904414584807446,0.2740140249206054,0.4176417512225083,0.031732973012844924,0.008173305379540353,0.03276865113276968,89.5220724216702,8.317909995093942,8.259949972853065,10.42758501134813,0.13395200625705794,0.22654564769921282
9D_phase_sig_1_px0_py0,9D_phase,Intensity-Weighted Centroid,1.0,15.0,10.0,31,20,20,1.0,0.4927938925408921,0.4729559117886212,0.3107228549899486,0.424022914907655,0.39949853663302004,0.5825757574244819,0.9774853689614382,1.1007545428530605,0.1134117492663961,0.013856837960912572,0.11425513918392854,291.2878646130183,0.20470499875955284,0.19605003762990236,0.2367899287492037,0.4432500388048751,0.7139833226781579
9D_phase_sig_1_px0_py0,9D_phase,PSF Fitting,1.0,15.0,10.0,31,20,20,1.0,0.14755371720846305,0.15636597397784946,0.09043277459511093,0.1332101456970861,0.11047734277382996,0.17306122091042012,0.27168164008107876,0.3751710889461859,0.02785499585796174,0.010290447245955648,0.029695018079955126,86.53061007141295,3.9851050009019673,3.6604999331757426,5.890055035706611,0.13358162814108485,0.2134957897725911
9D_phase_sig_1_px0_py0.125,9D_phase,Gaussian Fitting,1.0,15.0,10.0,31,20,20,1.0,0.19836705316656794,0.18683784374830767,0.09087682807201626,0.1619010297609414,0.1462742021846831,0.21819277179232766,0.39104442625329305,0.3953825360228942,-0.008065412128945581,-0.030164632538861723,0.03122428428345953,109.09638531240579,7.968695001909509,7.537199999205768,11.895845079561697,0.17628570757069775,0.25945585907718227
9D_phase_sig_1_px0_py0.125,9D_phase,Intensity-Weighted Centroid,1.0,15.0,10.0,31,20,20,1.0,0.5019312833936026,0.40951903825149005,0.27606558032233586,0.39384374851529946,0.41597394106274804,0.5728413549036565,0.9303235286643083,1.0247423345043598,-0.07814199157658094,-0.13690510343335519,0.1576362210713392,286.4206653860791,0.23879999644123018,0.22094999440014362,0.2931799914222211,0.4488909725246605,0.6907482563047243
9D_phase_sig_1_px0_py0.125,9D_phase,PSF Fitting,1.0,15.0,10.0,31,20,20,1.0,0.19225391285735757,0.1928931336714773,0.08693382555157357,0.1556175671636474,0.1424858934212912,0.21099539576492155,0.33689562294898157,0.36819428218428507,-0.0031549489606561565,-0.026218342526556172,0.02640748355644985,105.49769733360357,4.143920005299151,3.947500023059547,5.4770500340964645,0.1733232659330758,0.24785021706879307
9D_phase_sig_1_px0_py0.25,9D_phase,Gaussian Fitting,1.0,15.0,10.0,31,20,20,1.0,0.21282566058742783,0.20929760959724672,0.06741074726606357,0.15172519077907343,0.16376335711781767,0.22324643480119477,0.31980780843007683,0.32366363259693987,0.010602173406317661,0.05033837828011656,0.05144276828485944,111.62321565725735,7.300239981850609,6.718049990013242,10.205649968702348,0.1927962085856964,0.25171710935055347
9D_phase_sig_1_px0_py0.25,9D_phase,Intensity-Weighted Centroid,1.0,15.0,10.0,31,20,20,1.0,0.6441163267478177,0.5895680007717172,0.27592126502852143,0.36953674479671195,0.595366257964869,0.7007270416346446,1.1139717654095052,1.2311315639437321,0.12635598172927304,-0.3788340214597611,0.3993507855684562,350.36350958721715,0.2232150116469711,0.20305003272369504,0.2740050374995918,0.5787932347576095,0.8208367627022849
9D_phase_sig_1_px0_py0.25,9D_phase,PSF Fitting,1.0,15.0,10.0,31,20,20,1.0,0.21296455017814697,0.2133179311857557,0.061255344414939426,0.14368951083149753,0.168699262976986,0.22159900011501255,0.3064405975885047,0.3270114858525862,-0.002906005058895289,0.04222730212232477,0.04232717696625206,110.79949835990558,3.8296200160402805,3.6638500168919563,5.916264996631071,0.1955592924936203,0.24661584965017602
9D_phase_sig_1_px0_py0.375,9D_phase,Gaussian Fitting,1.0,15.0,10.0,31,20,20,1.0,0.22367602039761864,0.21738384651462125,0.1368180741415189,0.21585385365592166,0.14885315372741695,0.262202493338088,0.44038401417559914,0.5212706012570226,0.009355617566205865,0.013199687365676028,0.016178977921880205,131.10124420207228,7.711264991667122,6.709849985782057,13.369475008221345,0.20275139871137868,0.31785965128019816
9D_phase_sig_1_px0_py0.375,9D_phase,Intensity-Weighted Centroid,1.0,15.0,10.0,31,20,20,1.0,0.7179243441532541,0.6278535442070402,0.4400085522999957,0.48736345027851175,0.6866583993206832,0.8420349695974736,1.5075221314936171,1.5856464011064793,-0.07041858458346724,-0.3464389450967246,0.3535232944721894,421.0174582488637,0.21350999013520777,0.2086500753648579,0.25147992419078946,0.6503892415514623,1.025794846490412
9D_phase_sig_1_px0_py0.375,9D_phase,PSF Fitting,1.0,15.0,10.0,31,20,20,1.0,0.22033335096170212,0.22267865964094313,0.12376681767583704,0.21377664801727142,0.13477594542838914,0.2527152759601534,0.4093101558197155,0.452840910075358,-0.0015965056729498883,0.005433855206848648,0.0056635335942110685,126.35763605091122,3.522594989044592,3.402350004762411,5.102324998006225,0.20202058003293072,0.3008292931272436
9D_phase_sig_1_px0_py0.5,9D_phase,Gaussian Fitting,1.0,15.0,10.0,31,20,20,1.0,0.1588500543892881,0.14894947142314285,0.09463413966677262,0.1499515317349921,0.10818270795408877,0.1849025693979129,0.3135416454291644,0.4027027535679618,0.05622058298504271,0.013986736127884569,0.05793429673940252,92.4512819829764,7.599519990617409,7.3718500207178295,10.464379948098212,0.13800123126912375,0.22859379764599347
9D_phase_sig_1_px0_py0.5,9D_phase,Intensity-Weighted Centroid,1.0,15.0,10.0,31,20,20,1.0,0.6923256264171901,0.6757654716938896,0.28206584869566276,0.44550246347811034,0.6003361317039765,0.7475800398581809,1.1895184033397181,1.3631748901498395,-0.019185228222687555,-0.4997868825517912,0.5001549769349442,373.7900101473299,0.2192299929447472,0.20195002434775233,0.3624050703365356,0.6195681204180633,0.8766953376897858
9D_phase_sig_1_px0_py0.5,9D_phase,PSF Fitting,1.0,15.0,10.0,31,20,20,1.0,0.14312167536616754,0.14695739740929967,0.08748265355483242,0.13713260240920316,0.09660061070766003,0.1677409569324483,0.31095688462298743,0.35534732972286903,0.048104925284206956,0.010226866794278066,0.04918000245045786,83.87047622333228,4.040220001479611,3.6562500172294676,6.274190067779274,0.12519799775611784,0.20802155313559392
9D_phase_sig_1_px0_py0.625,9D_phase,Gaussian Fitting,1.0,15.0,10.0,31,20,20,1.0,0.19603829893032404,0.19069452159481737,0.08421595944218532,0.15105526713967157,0.15068393657462417,0.21336199866017122,0.31709663807545974,0.35519079215323307,-0.06571245477246634,-0.08063068697671838,0.1040165102017991,106.6809950282168,7.50847501331009,7.391350052785128,10.254800057737157,0.17662372398923712,0.24614141859947394
9D_phase_sig_1_px0_py0.625,9D_phase,Intensity-Weighted Centroid,1.0,15.0,10.0,31,20,20,1.0,0.581273153355264,0.5324269784876503,0.28317102171730796,0.3846559102363776,0.5197154385548118,0.6465789250756604,1.0971112948413553,1.257184002988036,-0.10332367483236453,0.43181438948137724,0.44400388370377886,323.28939902482455,0.2248649951070547,0.2105499734170735,0.2739399613346905,0.5145358237498051,0.7773683474322547
9D_phase_sig_1_px0_py0.625,9D_phase,PSF Fitting,1.0,15.0,10.0,31,20,20,1.0,0.18323669841910428,0.18296585739290538,0.08612277226549768,0.1341795369296896,0.15162015505717777,0.2024668356798924,0.3057095847760744,0.36950459038256644,-0.052233101485904855,-0.0766571329768226,0.09276105285659009,101.23341341048057,4.440174985211343,4.368949972558767,6.0222549887839705,0.164992148181058,0.23806083386713064
9D_phase_sig_1_px0_py0.75,9D_phase,Gaussian Fitting,1.0,15.0,10.0,31,20,20,1.0,0.21805535908554013,0.19505246019799474,0.1208897028558811,0.20025772347985493,0.14852374917558822,0.2493240058287751,0.40163224071500764,0.43455618547259034,-0.010340322717178196,0.0018585774347059214,0.010506026079169494,124.66199555670995,7.900389999849722,7.402449962683022,13.515849993564188,0.19542888651647392,0.2958929501327658
9D_phase_sig_1_px0_py0.75,9D_phase,Intensity-Weighted Centroid,1.0,15.0,10.0,31,20,20,1.0,0.567569144296443,0.4968201193311147,0.31036665514119677,0.3532709076902007,0.5419057666796624,0.6468865388775152,0.9895492316585671,1.5445575621116538,-0.010329189233146963,0.22191016091651364,0.22215042576643226,323.44318739756335,0.22122999071143568,0.20760000916197896,0.2847799332812429,0.4890391722282574,0.8145301634336561
9D_phase_sig_1_px0_py0.75,9D_phase,PSF Fitting,1.0,15.0,10.0,31,20,20,1.0,0.21396906229703316,0.2305027267899345,0.11264040814625363,0.18998044072079895,0.1495929587619593,0.24180699156067895,0.35851847451857993,0.4112180269165595,-0.006225763710489218,0.0001656631548144105,0.006227967409974745,120.90348836972167,3.6463200114667416,3.46550001995638,4.9487699929159135,0.19397960629841465,0.28494885702208755
9D_phase_sig_1_px0_py0.875,9D_phase,Gaussian Fitting,1.0,15.0,10.0,31,20,20,1.0,0.19129465444870397,0.13968676745013425,0.1138230964621114,0.14762096661390678,0.16660549908345762,0.22259681513640794,0.32808772236769657,0.5665842391190999,0.053751133626627735,-0.03319941897320859,0.06317741516005726,111.29839488162261,7.443429995328188,7.024849997833371,9.07330508343876,0.16076985923852313,0.2870603941621294
9D_phase_sig_1_px0_py0.875,9D_phase,Intensity-Weighted Centroid,1.0,15.0,10.0,31,20,20,1.0,0.4722893216155155,0.4754786920136679,0.24570260617284037,0.42887359340459635,0.31542735276509987,0.5323786002387492,0.8273065616736985,1.0591066492525634,0.04809657239414946,-0.02111244296727364,0.05252633172145226,266.1892760108846,0.2350399794522673,0.21104997722432017,0.30603998457081644,0.4242690423842819,0.6409960898170133
9D_phase_sig_1_px0_py0.875,9D_phase,PSF Fitting,1.0,15.0,10.0,31,20,20,1.0,0.19499741744709426,0.16895121707440336,0.11008329657232031,0.14630706564749332,0.16951863477767232,0.22392481996256194,0.3871569549526485,0.5330343095186763,0.05936246222143495,-0.024353070188300307,0.06416364974491065,111.96239648920178,4.036874981829897,4.0350499912165105,5.343039962463081,0.1650126684212288,0.28442836063617805
9D_phase_sig_2_px0.125_py0,9D_phase,Gaussian Fitting,2.0,15.0,10.0,31,20,20,1.0,0.19038084851245118,0.141611400102238,0.09205695801836543,0.12919457886692357,0.1674159842766343,0.21146950371132947,0.3402768503450785,0.36382556849353453,-0.007489949401247031,-0.07026559800169707,0.07066366537740125,105.73475125838975,4.78697998332791,4.881099972408265,5.657380010234192,0.1688070324658852,0.24860029168986109
9D_phase_sig_2_px0.125_py0,9D_phase,Intensity-Weighted Centroid,2.0,15.0,10.0,31,20,20,1.0,0.4670971787813891,0.3552564593837796,0.2941776663120546,0.38231414392723967,0.3981911213670156,0.5520147405480578,1.061445706791089,1.1008002334528908,-0.12410533082120309,0.04014308698069158,0.13043619348393923,276.007359235883,0.21175501751713455,0.20604999735951424,0.2786600205581635,0.40540471821651497,0.6848862521768795
9D_phase_sig_2_px0.125_py0,9D_phase,PSF Fitting,2.0,15.0,10.0,31,20,20,1.0,0.19131793231874547,0.1642414524549985,0.09084322646619293,0.12767564455014008,0.168979208218687,0.2117900918870099,0.3659043157618017,0.36952529746544605,-0.00699521198698676,-0.07250602260562573,0.07284268188933185,105.89504532800242,3.3127999980933964,3.281949961092323,3.8460099895019084,0.16980462482410552,0.25013814372180393
9D_phase_sig_2_px0.125_py0.125,9D_phase,Gaussian Fitting,2.0,15.0,10.0,31,20,20,1.0,0.19209511333518395,0.18343207100537323,0.05581030757239513,0.1462612058355698,0.13646604949989427,0.20003830382849808,0.2764141392872438,0.28590278452755424,-0.013929359009216569,0.007124977036977498,0.01564584098682776,100.01915132187042,4.599549999693409,4.548799945041537,5.515534954611213,0.17476113813362618,0.22294543556706617
9D_phase_sig_2_px0.125_py0.125,9D_phase,Intensity-Weighted Centroid,2.0,15.0,10.0,31,20,20,1.0,0.45814511378998296,0.43344819796559036,0.20313025803568546,0.36602796626097167,0.3423191127210655,0.501157507196371,0.7474172913234197,1.1875837471547905,-0.0836827110721913,-0.024078420231870724,0.08707793321648379,250.57874515355772,0.21220500930212438,0.20489998860284686,0.26454002945683897,0.40039309471408563,0.6296585713111018
9D_phase_sig_2_px0.125_py0.125,9D_phase,PSF Fitting,2.0,15.0,10.0,31,20,20,1.0,0.19686223191294316,0.19357608528810624,0.05161539498205536,0.1500073563677677,0.1375379234555057,0.2035163073389919,0.2738741458475126,0.2811102747865335,-0.01092266033246574,0.010747320044470144,0.015323491667263382,101.75815302567844,3.0258999904617667,2.9907500138506293,3.922019968740642,0.18160260394363317,0.22357874265172226
9D_phase_sig_2_px0.125_py0.25,9D_phase,Gaussian Fitting,2.0,15.0,10.0,31,20,20,1.0,0.1705920565832027,0.1688429785920792,0.07860559045735185,0.1360162040352774,0.12953795142841087,0.1878310108060848,0.2877272273464971,0.3261603071421186,-0.010961570804596477,0.030019794731674664,0.03195847477956455,93.91550414716068,5.107149988180026,5.002049962058663,6.615615030750632,0.15452241809615352,0.21920987101083256
9D_phase_sig_2_px0.125_py0.25,9D_phase,Intensity-Weighted Centroid,2.0,15.0,10.0,31,20,20,1.0,0.390210589375919,0.3879497771183983,0.16402843438584722,0.2796850303353465,0.3177198689954574,0.4232843386521338,0.6723160459009431,0.708084713192622,0.03475339181986783,-0.1580844783374232,0.16185950863078907,211.64216437725833,0.23160999990068376,0.21234998712316155,0.3205049957614392,0.3483195574489763,0.4925524078803136
9D_phase_sig_2_px0.125_py0.25,9D_phase,PSF Fitting,2.0,15.0,10.0,31,20,20,1.0,0.16885063011749563,0.1683079969537593,0.07918462256088202,0.13423247673269825,0.12946961779270955,0.18649595100479974,0.2687577594562822,0.3227209944177419,-0.006012346226327736,0.03369989901828489,0.03423202449443848,93.24797420902637,3.2482249953318387,3.2620999263599515,3.9318149327300493,0.15242324483532121,0.2176032332082396
9D_phase_sig_2_px0.125_py0.375,9D_phase,Gaussian Fitting,2.0,15.0,10.0,31,20,20,1.0,0.18097318177172889,0.16943679125903888,0.1019370316973293,0.11576637945232862,0.1724546211046402,0.20770760927767074,0.3003251217267038,0.5120508553270561,-0.0004628337769020163,-0.0040839641690809,0.0041101068647150804,103.8538001599554,4.342364997137338,4.26399998832494,5.491555092157797,0.15391258726805918,0.2647671932844179
9D_phase_sig_2_px0.125_py0.375,9D_phase,Intensity-Weighted Centroid,2.0,15.0,10.0,31,20,20,1.0,0.554608480529434,0.5280143227817875,0.25286430066093685,0.3736833290802036,0.4815513376489036,0.6095333635035182,0.9671114860061063,1.0308651846826133,-0.19735015672575856,-0.3711991629429008,0.42039969425439844,304.76667748614545,0.22692999336868525,0.20394998136907816,0.33134502009488653,0.49422240464998435,0.7124467075254446
9D_phase_sig_2_px0.125_py0.375,9D_phase,PSF Fitting,2.0,15.0,10.0,31,20,20,1.0,0.18064715655969513,0.15390433991654812,0.09957392644893288,0.11848948154867822,0.16884491334916177,0.20627254301423764,0.29296915867007967,0.5150439580472681,0.001956716450541762,0.005960556079622847,0.006273513213993387,103.13626698270741,2.9172099952120334,2.9952499899081886,3.392354986863211,0.15210192731296063,0.2648104865044705
9D_phase_sig_2_px0.125_py0.5,9D_phase,Gaussian Fitting,2.0,15.0,10.0,31,20,20,1.0,0.2264520622456732,0.2179287912727496,0.10526373848814506,0.1769128641116418,0.17624650251177923,0.24972182751177127,0.39097192532505604,0.41709654993121575,0.004801126392112565,0.0332070794281492,0.033552361150602346,124.86090695142694,4.664369998499751,4.67814999865368,5.268644948955626,0.2034071731632111,0.2926172858814977
9D_phase_sig_2_px0.125_py0.5,9D_phase,Intensity-Weighted Centroid,2.0,15.0,10.0,31,20,20,1.0,0.5541297158283353,0.5150548543877371,0.2007201712289212,0.42725018685157506,0.40596256839449296,0.5893626465107533,0.9252822318628222,0.9848796508305468,-0.0314423224070822,-0.2028887725932691,0.2053106760077375,294.6813131687208,0.2171250176616013,0.2090000780299306,0.2565549686551094,0.49747623204826796,0.6790930899303921
9D_phase_sig_2_px0.125_py0.5,9D_phase,PSF Fitting,2.0,15.0,10.0,31,20,20,1.0,0.23303230787501775,0.22280541952194177,0.10379210140746531,0.17800668264323807,0.18273061528513534,0.25510165979102256,0.4031155242738311,0.4232681568636642,0.005390764288318905,0.04230272053985686,0.04264481802851833,127.55082267394579,3.2288899878039956,3.265049948822707,3.979079984128475,0.2085006164634324,0.29841951021350943
9D_phase_sig_2_px0.125_py0.625,9D_phase,Gaussian Fitting,2.0,15.0,10.0,31,20,20,1.0,0.2329923928749989,0.20131860132581508,0.12871307102527674,0.1960091992736834,0.1800913756693119,0.2661813475628519,0.5081820213201207,0.5521262528474132,-0.014439915967307116,0.03661034379077251,0.03935515780201429,133.09066691997072,4.772715014405549,4.649650014471263,6.114954984514044,0.19967375691103292,0.3280364877113478
9D_phase_sig_2_px0.125_py0.625,9D_phase,Intensity-Weighted Centroid,2.0,15.0,10.0,31,20,20,1.0,0.4906275764975024,0.5131209446161915,0.21486509724043137,0.29822819623307373,0.4449071496430685,0.5356140670594384,0.7872975404920494,0.8071011572932584,-0.053852714187104314,0.313782028281679,0.3183697160501959,267.8069940924985,0.21952498937025666,0.2114999806508422,0.28103502118028706,0.44249070214162595,0.6128417133003958
9D_phase_sig_2_px0.125_py0.625,9D_phase,PSF Fitting,2.0,15.0,10.0,31,20,20,1.0,0.23116309271689434,0.1942214901816626,0.13328528160145214,0.19688442711410675,0.1801051473055889,0.26683579543610314,0.5238800383405926,0.5548559564948917,-0.02151144548489583,0.040967447109864,0.04627174093925091,133.4178908344769,3.626240009907633,3.6564000183716416,4.307335085468367,0.1980970127354576,0.33104220791462047
9D_phase_sig_2_px0.125_py0.75,9D_phase,Gaussian Fitting,2.0,15.0,10.0,31,20,20,1.0,0.22814842000998148,0.25665742848908596,0.13853807046926234,0.16853553517355338,0.20697891657403458,0.2669166508901182,0.4485143725208504,0.47834346402938105,0.009118875669861382,-0.03719142200413898,0.038293025006812184,133.45831512498108,4.94452498969622,4.911599971819669,5.6515600241255015,0.20558823868850992,0.31983801120933997
9D_phase_sig_2_px0.125_py0.75,9D_phase,Intensity-Weighted Centroid,2.0,15.0,10.0,31,20,20,1.0,0.5487190444188884,0.45522007456301045,0.29244064533318215,0.39078200143330205,0.4836357597476108,0.6217830174191525,1.0623006725243889,1.2806670285382828,-0.08824080490958863,0.30646404707159147,0.3189148033544236,310.89144393293634,0.21114000119268894,0.20899996161460876,0.23088001180440187,0.4755256965023955,0.758837666059884
9D_phase_sig_2_px0.125_py0.75,9D_phase,PSF Fitting,2.0,15.0,10.0,31,20,20,1.0,0.23041977300441047,0.2641896438163316,0.13718361483125507,0.16923489182071266,0.20801963215044367,0.2681652773376415,0.4162641369775555,0.48071273275446263,0.006348229846423692,-0.03405293871422828,0.03463961110142565,134.0826282620442,3.3418300095945597,3.09639994520694,4.5644800120498985,0.2097438643539979,0.32020831358887275
9D_phase_sig_2_px0.125_py0.875,9D_phase,Gaussian Fitting,2.0,15.0,10.0,31,20,20,1.0,0.16987798416761382,0.18406089985449176,0.0842491721491312,0.14577698313093224,0.12126633375306554,0.1896218671795687,0.3140634385982862,0.321379060367437,-0.04286622042408226,-0.0015281623757573471,0.04289345094175435,94.81092537066063,5.300809995969757,5.320750002283603,6.678190006641671,0.15298576038572997,0.22247791046540552
9D_phase_sig_2_px0.125_py0.875,9D_phase,Intensity-Weighted Centroid,2.0,15.0,10.0,31,20,20,1.0,0.4839035836167372,0.43182707377004603,0.2784095996900993,0.3983624558308193,0.3911290544323707,0.5582782312044076,0.9091071196786241,1.0003473963045177,-0.14536406505832247,0.11606352052914418,0.1860146558954409,279.13906473764007,0.21806999575346708,0.2056500525213778,0.28994996100664144,0.42799825478514875,0.6728030230068441
9D_phase_sig_2_px0.125_py0.875,9D_phase,PSF Fitting,2.0,15.0,10.0,31,20,20,1.0,0.16878131693077345,0.1675118613881606,0.08509353345980346,0.14832348795588082,0.11716733888828643,0.1890186297208846,0.3097829023597602,0.3440155021909466,-0.0468215799413997,4.445878266778891e-06,0.046821580152475804,94.5093071688354,3.525200003059581,3.549850021954626,4.006574937375262,0.15053898057475187,0.22621589941565665
9D_phase_sig_2_px0.25_py0,9D_phase,Gaussian Fitting,2.0,15.0,10.0,31,20,20,1.0,0.15626074050109315,0.1423951257688369,0.07456713080260181,0.11145207741326289,0.13249947342669088,0.17314062497889487,0.2948653176298812,0.3216022212365399,-0.03922506538987136,-0.06895383552532622,0.07932992618484795,86.57031175719963,4.786744975717738,4.70774999121204,5.989034939557314,0.136011727779521,0.20740068198545966
9D_phase_sig_2_px0.25_py0,9D_phase,Intensity-Weighted Centroid,2.0,15.0,10.0,31,20,20,1.0,0.5752065064655912,0.501299172012576,0.2878697834732056,0.47310938633813315,0.43577407664524476,0.6432196649024815,1.0217457991679055,1.199700761806015,-0.24673783906266636,-0.08849153050783798,0.26212651944611376,321.60982231033313,0.22776498808525503,0.20674994448199868,0.29569496982730936,0.5066302643264868,0.77002549098306
9D_phase_sig_2_px0.25_py0,9D_phase,PSF Fitting,2.0,15.0,10.0,31,20,20,1.0,0.15444825368647117,0.13865762719196217,0.0672837141566514,0.10596892160220983,0.13096544930621679,0.16846768609295532,0.276457732260348,0.32320704943265466,-0.037502718474854646,-0.06872564455899806,0.07829219701256278,84.233842371824,3.1652549747377634,3.3023000578396022,3.856930014444515,0.1359649202538965,0.2009314488650604
9D_phase_sig_2_px0.25_py0.125,9D_phase,Gaussian Fitting,2.0,15.0,10.0,31,20,20,1.0,0.2191834428058892,0.23153782328163297,0.07179145162526386,0.17573886953452708,0.14936948771898348,0.23064126718066974,0.304893251195701,0.31958263182583346,-0.08368492514544527,-0.016011720354674706,0.08520294528544822,115.32063254492817,4.919974994845688,4.965399915818125,6.176169979153201,0.20092103522166604,0.2563016525793866
9D_phase_sig_2_px0.25_py0.125,9D_phase,Intensity-Weighted Centroid,2.0,15.0,10.0,31,20,20,1.0,0.39022607359844536,0.40882006916254043,0.16972178413697472,0.3070742383833549,0.29459681710429203,0.42553715763338124,0.658089951134668,0.7928543284678302,-0.15961017789727522,-0.1603682103853316,0.22625952309371164,212.7685763200364,0.25236502406187356,0.25340000865980983,0.3358751011546701,0.34939387994627963,0.505457336408586
9D_phase_sig_2_px0.25_py0.125,9D_phase,PSF Fitting,2.0,15.0,10.0,31,20,20,1.0,0.2118948663606941,0.22475622270358775,0.06947767599726754,0.17057659511908468,0.14363219363909177,0.2229945780775795,0.3001101624067772,0.30531575941128725,-0.08531169832258456,-0.017481290043951957,0.08708433482713439,111.49728810954596,3.2857799902558327,3.3184499479830265,3.862594906240702,0.194464374713471,0.2472537926755964
9D_phase_sig_2_px0.25_py0.25,9D_phase,Gaussian Fitting,2.0,15.0,10.0,31,20,20,1.0,0.2070541569717362,0.1990849227604788,0.09803515790667004,0.1625873554290876,0.16139289934702103,0.22909019207522202,0.35694851382070053,0.42432561114456746,0.01882052913642269,0.024327950909929542,0.030758112953347398,114.54509276788703,4.823735007084906,4.904399975202978,6.201785051962361,0.18388585474337873,0.27036731713562673
9D_phase_sig_2_px0.25_py0.25,9D_phase,Intensity-Weighted Centroid,2.0,15.0,10.0,31,20,20,1.0,0.6017757019122525,0.5761348781258555,0.25933495658098704,0.4425189461930716,0.48328624786664476,0.6552775100038507,0.9988606258677545,1.1781128810098276,-0.263333246703246,-0.21158637056580573,0.33780644018207096,327.6387471078811,0.23547998862341046,0.21964992629364133,0.3079699061345309,0.5382201745335206,0.7671977278273271
9D_phase_sig_2_px0.25_py0.25,9D_phase,PSF Fitting,2.0,15.0,10.0,31,20,20,1.0,0.20173864041404732,0.2101959879768062,0.09930606023173341,0.1574659275848657,0.1605137199266617,0.22485589304009126,0.3425289514111936,0.4217618789387065,0.017548216652943437,0.024265406174737335,0.029945781748413617,112.42794337352046,3.3633649989496917,3.268349973950535,4.3665999721270055,0.18132899110124848,0.264662217523927
9D_phase_sig_2_px0.25_py0.375,9D_phase,Gaussian Fitting,2.0,15.0,10.0,31,20,20,1.0,0.16921193128623907,0.16066687366498342,0.09430395670331126,0.15613035600496933,0.11467007400922191,0.19371606525923163,0.3016800139020806,0.4763305531043655,0.01728131614187305,-0.029925790550436204,0.03455715306074762,96.8580292179422,5.114120012149215,5.197099992074072,6.528515036916361,0.14403827349399848,0.2477943631104087
9D_phase_sig_2_px0.25_py0.375,9D_phase,Intensity-Weighted Centroid,2.0,15.0,10.0,31,20,20,1.0,0.5392619506639191,0.4901526057283332,0.32635737032005707,0.533882400075357,0.3350853137424175,0.6303273630393004,1.0560731935268541,1.4707270142458289,-0.2097038684484005,-0.2747656886721245,0.3456470687184992,315.16366984620504,0.2433400077279657,0.215300009585917,0.3265699837356807,0.4722594389039377,0.8007214628132436
9D_phase_sig_2_px0.25_py0.375,9D_phase,PSF Fitting,2.0,15.0,10.0,31,20,20,1.0,0.16923226772889022,0.16117381505939357,0.09927566648275497,0.15739551879638197,0.11714038184620942,0.196201983670548,0.31468241634815075,0.4866343064085032,0.0179776371105163,-0.03867610655706812,0.04265016593743922,98.10098844054637,3.350769996177405,3.1989499693736434,4.56694996682927,0.14332955923397248,0.25246526321483964
9D_phase_sig_2_px0.25_py0.5,9D_phase,Gaussian Fitting,2.0,15.0,10.0,31,20,20,1.0,0.16219064455898624,0.16843802531538127,0.0713810525222112,0.10681670301422176,0.14139042329241977,0.1772034419576496,0.2692844319239874,0.2919720100905127,0.02872530826267621,0.03614922666857297,0.046172610100812375,88.60171636898566,4.738324997015297,4.603499954100698,6.011575023876503,0.14752726802486818,0.2058575318442189
9D_phase_sig_2_px0.25_py0.5,9D_phase,Intensity-Weighted Centroid,2.0,15.0,10.0,31,20,20,1.0,0.6715653181132031,0.7004114188459146,0.33540068290405384,0.510132356565801,0.5506891803636748,0.7506621041354048,1.0677605116552413,1.2857313244144792,-0.2046561993156729,-0.4222078936249318,0.4691946987739079,375.33104214016043,0.2515199827030301,0.2127499901689589,0.4147199913859368,0.6246792527555484,0.8737647770052067
9D_phase_sig_2_px0.25_py0.5,9D_phase,PSF Fitting,2.0,15.0,10.0,31,20,20,1.0,0.1630532126661039,0.16356800888983578,0.07332025479914284,0.10926784506568286,0.14150175956238442,0.17877978052494897,0.2663810673027046,0.3021635277629498,0.03121741395506774,0.03505880302888613,0.046943014430906475,89.38988570649164,3.1929099874105304,3.154750040266663,3.986774996155873,0.14805561178307794,0.20826077326538675
9D_phase_sig_2_px0.25_py0.625,9D_phase,Gaussian Fitting,2.0,15.0,10.0,31,20,20,1.0,0.15698487106030518,0.17567203594836128,0.07751519298878899,0.13792825821700036,0.10783622058999615,0.17507956729987037,0.24971135132238537,0.29182442676005715,0.02716317165663895,-0.019787099335690072,0.033606058896700465,87.53977953925676,5.133995006326586,5.162100016605109,5.858689965680242,0.14457656510736172,0.2035046611904541
9D_phase_sig_2_px0.25_py0.625,9D_phase,Intensity-Weighted Centroid,2.0,15.0,10.0,31,20,20,1.0,0.5896841915059002,0.5869852855995352,0.23489392121051564,0.46412893328994287,0.43299761340769405,0.6347460909163751,0.8868616364664956,1.1510455031105238,-0.25765410950309614,0.2880727576061474,0.3864861625189751,317.3730110477525,0.2268599986564368,0.20805001258850098,0.352705002296716,0.5262972941264688,0.7439799247743616
9D_phase_sig_2_px0.25_py0.625,9D_phase,PSF Fitting,2.0,15.0,10.0,31,20,20,1.0,0.16058418584019649,0.18403277771287202,0.07123155750080844,0.1362242527561964,0.11092415646271854,0.17567360509180013,0.24211917092140017,0.2611168966983778,0.03208837382571232,-0.019259367290027286,0.03742441667135017,87.83679814534226,3.619290015194565,3.7135499878786504,4.432725015794858,0.1473171274812914,0.20064398570080455
9D_phase_sig_2_px0.25_py0.75,9D_phase,Gaussian Fitting,2.0,15.0,10.0,31,20,20,1.0,0.2001004254594108,0.21428096928397183,0.10126256124221653,0.15229349419934998,0.1646237473845235,0.2242638771143736,0.37126101164570613,0.3875326482194287,0.07662103754820464,0.03658957287083808,0.08490924706905459,112.13192578755184,5.046329996548593,5.041399970650673,6.003925000550226,0.1813851359223272,0.2638423790499466
9D_phase_sig_2_px0.25_py0.75,9D_phase,Intensity-Weighted Centroid,2.0,15.0,10.0,31,20,20,1.0,0.5048426828119719,0.36863814201119877,0.32749124780040456,0.4187428859901617,0.4321701600148785,0.6017612913561783,1.0974574851385075,1.2171038761584083,-0.189654894282188,0.10815392143729241,0.21832601688175401,300.88059102244733,0.23076499346643686,0.20790001144632697,0.2865650283638389,0.44105671796894047,0.7451302981235037
9D_phase_sig_2_px0.25_py0.75,9D_phase,PSF Fitting,2.0,15.0,10.0,31,20,20,1.0,0.19312783529414662,0.20092505313529102,0.1066313676130527,0.14849855596055367,0.16314652372043764,0.22060963107813994,0.3613550429878219,0.38390750682113833,0.07378163445743553,0.03771262770118824,0.08286116020995041,110.30480295917714,3.297674999339506,3.083449963014573,4.010030016070233,0.17749042480607183,0.25973341941441075
9D_phase_sig_2_px0.25_py0.875,9D_phase,Gaussian Fitting,2.0,15.0,10.0,31,20,20,1.0,0.1964054161398715,0.18226127246082502,0.0810320307598707,0.14566249747518611,0.1546729269375741,0.21246476766312275,0.3394119180915115,0.3604483759502458,0.0430256571158452,-0.05509111667690832,0.06990163307791175,106.23237366721736,5.458914989139885,5.247200024314225,7.11246500723064,0.17533439423272876,0.24939053043742673
9D_phase_sig_2_px0.25_py0.875,9D_phase,Intensity-Weighted Centroid,2.0,15.0,10.0,31,20,20,1.0,0.4527021518815662,0.4027577102724245,0.24502001840253043,0.36830621119530443,0.35961727229255364,0.5147562993652208,0.8437432489701976,0.938573557428463,-0.16987871577047714,0.19374411932170119,0.25767336269697755,257.3781093726371,0.23579500266350806,0.22110005374997854,0.31126998947002005,0.4100016514593395,0.615041447491951
9D_phase_sig_2_px0.25_py0.875,9D_phase,PSF Fitting,2.0,15.0,10.0,31,20,20,1.0,0.1914353684734423,0.17309118460018125,0.075830934296635,0.14075454541249618,0.15028635614913535,0.2059073357092049,0.3260465290886137,0.3350427153052891,0.04000036529932345,-0.05143727506987261,0.0651599761409798,102.95365786925561,3.4888799767941236,3.2833999721333385,4.60522006615065,0.17139932241767025,0.2404113692195487
9D_phase_sig_2_px0.375_py0,9D_phase,Gaussian Fitting,2.0,15.0,10.0,31,20,20,1.0,0.19996361756077527,0.21527977765994827,0.1030647754762078,0.14987459809952533,0.1677659117236242,0.22496176628919218,0.35215222443674576,0.3934193548935595,-0.012839692953997428,0.033771860669662604,0.036130268311265486,112.48088134395286,4.700789996422827,4.713700036518276,5.729554983554408,0.18244029339723267,0.2631535986380227
9D_phase_sig_2_px0.375_py0,9D_phase,Intensity-Weighted Centroid,2.0,15.0,10.0,31,20,20,1.0,0.4212083965158436,0.3718227861524275,0.16462848964063745,0.3255867045931907,0.31386677219634446,0.4522378278039173,0.6766331483131055,0.9461883546274323,-0.14515181549238604,0.08491188771728275,0.16816384336844858,226.11890833652404,0.21774500492028892,0.2119499840773642,0.2544099581427872,0.3659333687867985,0.5446709140188516
9D_phase_sig_2_px0.375_py0,9D_phase,PSF Fitting,2.0,15.0,10.0,31,20,20,1.0,0.2050048619131176,0.20888719762851043,0.10383292252981002,0.15714378367872786,0.16767259901436224,0.22980049871377112,0.36320762643128546,0.4027590179214359,-0.008752054249555385,0.03987091897683968,0.040820198843769424,114.90024734623061,3.262250008992851,3.235550073441118,3.903929993975908,0.18594639790906958,0.269442463723674
9D_phase_sig_2_px0.375_py0.125,9D_phase,Gaussian Fitting,2.0,15.0,10.0,31,20,20,1.0,0.1353638070387888,0.14368659077556056,0.07073749683800011,0.11330349672610021,0.10241812019647271,0.15273229427642515,0.2585332043350014,0.26593418129568175,-0.02228169462899814,-0.01053361282316132,0.024646113581012995,76.36614549931059,4.839835001621395,4.62024996522814,6.0840850113891065,0.12231710445082838,0.1795968028176997
9D_phase_sig_2_px0.375_py0.125,9D_phase,Intensity-Weighted Centroid,2.0,15.0,10.0,31,20,20,1.0,0.4630560289060785,0.39248814476918037,0.2862445441142124,0.46523186708821884,0.28269441944797946,0.5443866502233686,1.031848925871742,1.1602519839661953,-0.26411263299449955,-0.11525782325853698,0.28816635599872403,272.19332034603354,0.21752998582087457,0.20919996313750744,0.2853699552360922,0.39391461495262975,0.6827478464512404
9D_phase_sig_2_px0.375_py0.125,9D_phase,PSF Fitting,2.0,15.0,10.0,31,20,20,1.0,0.13691061688609837,0.1436210846235995,0.06979626506115318,0.11348242846462617,0.10362323128714801,0.1536750976333471,0.24485758689485573,0.2647920040600199,-0.0236214665791465,-0.011792260883822792,0.026401346558497202,76.83754717011583,3.1787249841727316,3.2529999152757227,3.703955019591376,0.12503450875092037,0.17998177657151013
9D_phase_sig_2_px0.375_py0.25,9D_phase,Gaussian Fitting,2.0,15.0,10.0,31,20,20,1.0,0.20496689399281834,0.21166899887306917,0.09399331433836614,0.14885698642593592,0.16937463908614794,0.22549095497020302,0.3293728831307616,0.4793246163497305,-0.0090633495223301,0.017660400624879457,0.019850291050641147,112.74547334054654,5.060209985822439,4.979400022421032,6.743169930996373,0.17764016398811852,0.27496545930057326
9D_phase_sig_2_px0.375_py0.25,9D_phase,Intensity-Weighted Centroid,2.0,15.0,10.0,31,20,20,1.0,0.5077630377681646,0.5271853499203805,0.14590598817580547,0.41068351463301817,0.33234155731383397,0.5283103821704745,0.7181991836818705,0.8531242615337001,-0.28311997424197555,-0.1934959613647095,0.3429250747309535,264.15518747283,0.2373150084167719,0.22315001115202904,0.30445498414337635,0.46404395430490064,0.5903357689759458
9D_phase_sig_2_px0.375_py0.25,9D_phase,PSF Fitting,2.0,15.0,10.0,31,20,20,1.0,0.20664373209002976,0.21456796231557196,0.09526961857440008,0.151018918499534,0.17020933726044166,0.22754764827483426,0.3259445111152119,0.47870330306683645,-0.007199365069772057,0.016097551981278,0.017634115719190494,113.77381995868724,3.269015019759536,3.249650006182492,4.1447249823249885,0.1785275907724725,0.2773986592938321
9D_phase_sig_2_px0.375_py0.375,9D_phase,Gaussian Fitting,2.0,15.0,10.0,31,20,20,1.0,0.19090455285636485,0.17276932907120715,0.09890034365269623,0.1503910245762138,0.15365014156461643,0.2150019215632968,0.380986458171881,0.40493134537673464,0.054259483627117785,-0.008909789262037292,0.05498614287414037,107.50095660774163,4.807840019930154,4.828349978197366,5.951845092931763,0.1695104252615318,0.2584874032271027
9D_phase_sig_2_px0.375_py0.375,9D_phase,Intensity-Weighted Centroid,2.0,15.0,10.0,31,20,20,1.0,0.5682809629171544,0.5238341131689429,0.2217898800723239,0.465333528413625,0.394460024654806,0.6100278712620794,1.0214451095208896,1.0358986095594305,-0.19444485619129637,-0.34211696390900104,0.3935134293687658,305.0139303788515,0.23574000224471092,0.22250000620260835,0.300089962547645,0.506801088518358,0.7093956955660304
9D_phase_sig_2_px0.375_py0.375,9D_phase,PSF Fitting,2.0,15.0,10.0,31,20,20,1.0,0.1882939094368906,0.17238043601227535,0.10469139424123357,0.14585527013098099,0.1585595299381905,0.21544113896654313,0.3863072726030811,0.41941798193864577,0.04928116150435358,-0.012242256333428259,0.0507789889555862,107.72056539103089,3.238980012247339,3.1771500362083316,4.151440045097843,0.16661735411306916,0.26450648781582126
9D_phase_sig_2_px0.375_py0.5,9D_phase,Gaussian Fitting,2.0,15.0,10.0,31,20,20,1.0,0.18753588518485198,0.17623437372804057,0.08196090577207951,0.11277794674523592,0.17078768408458028,0.20466386663758132,0.3375305337040088,0.35610931782255356,-0.00014866162768498726,0.04207747768869581,0.04207774030199625,102.33192630136129,4.858740005875006,4.670950002036989,7.152795034926385,0.16631949747327193,0.240456779427995
9D_phase_sig_2_px0.375_py0.5,9D_phase,Intensity-Weighted Centroid,2.0,15.0,10.0,31,20,20,1.0,0.6363523733494512,0.5981281921270002,0.29280643601459866,0.5428696684077174,0.442687785196232,0.700485511655345,1.1567932038847661,1.2453446406673572,-0.416499020153492,-0.3223912089861528,0.5266949073423552,350.2427480745894,0.24470999487675726,0.2230500103905797,0.34662006073631346,0.5713637083006221,0.8248124390702769
9D_phase_sig_2_px0.375_py0.5,9D_phase,PSF Fitting,2.0,15.0,10.0,31,20,20,1.0,0.18754438312448884,0.16295528400907605,0.0831638204751664,0.11343923042796052,0.17094050917638812,0.20515632253862115,0.34463307569062657,0.3551664734822076,-0.0024137289177815547,0.04694894897663175,0.047010955077501956,102.57815407966352,3.0914300063159317,3.006249957252294,3.954175021499396,0.16628494918255465,0.2415202466420795
9D_phase_sig_2_px0.375_py0.625,9D_phase,Gaussian Fitting,2.0,15.0,10.0,31,20,20,1.0,0.22967619890795793,0.2094149886714154,0.11236230313790008,0.18426422051342672,0.17726573428003634,0.25568817632276464,0.38992709164874184,0.5337087438708914,0.03563998828082617,0.041361918969124646,0.05459869142631405,127.84407670187547,5.086809996282682,5.057499976828694,5.92331996303983,0.2006860433982326,0.31085918413885155
9D_phase_sig_2_px0.375_py0.625,9D_phase,Intensity-Weighted Centroid,2.0,15.0,10.0,31,20,20,1.0,0.5499717349767945,0.5617533024119967,0.23769503289343513,0.42859539958655,0.4186571645019852,0.599139247533991,0.8533635061853264,0.9533701610067271,-0.2868587047902281,0.25766039208366465,0.3855862992413437,299.5695896773455,0.2148950006812811,0.2092499635182321,0.25814498658291996,0.491318437247981,0.689765553209499
9D_phase_sig_2_px0.375_py0.625,9D_phase,PSF Fitting,2.0,15.0,10.0,31,20,20,1.0,0.22980272293264742,0.2218213392349393,0.1079586818336575,0.18332053781762883,0.175664307315901,0.2538983427486678,0.3842356779984992,0.504470504538526,0.03233669789991041,0.039100908686140204,0.050739955569077365,126.9491603806462,3.3688049879856408,3.3041000133380294,4.007735016057268,0.20281856902499318,0.3052017857455779
9D_phase_sig_2_px0.375_py0.75,9D_phase,Gaussian Fitting,2.0,15.0,10.0,31,20,20,1.0,0.19918747866601869,0.179910086984635,0.10580151352564253,0.128644309243704,0.18525726334169096,0.22554292700424539,0.4020149258872466,0.4169177731270498,-0.01882232169667759,-0.07336174264912074,0.07573787083466924,112.7714548260156,4.770230012945831,4.7846000525169075,5.745925015071407,0.1745353892482992,0.27143115627156816
9D_phase_sig_2_px0.375_py0.75,9D_phase,Intensity-Weighted Centroid,2.0,15.0,10.0,31,20,20,1.0,0.54704088825807,0.5052008384010953,0.2662032057035599,0.46326067808674487,0.39434429663891335,0.6083731422022425,0.968011754860474,1.2834436989544087,-0.30215028286306167,0.20547267484968756,0.3653954208034272,304.1865312138851,0.21316501661203802,0.20409998251125216,0.24799001403152945,0.4743179287901589,0.7506276080875619
9D_phase_sig_2_px0.375_py0.75,9D_phase,PSF Fitting,2.0,15.0,10.0,31,20,20,1.0,0.19246649293799978,0.16632587399540283,0.10821096824903763,0.12363229291633575,0.18294267053231922,0.22080073494725358,0.38297571633991584,0.4378362215933758,-0.022037367985637955,-0.06830352877006476,0.07177059028723036,110.40035894559135,3.5041950060985982,3.4235999919474125,4.09698003786616,0.1660797786641809,0.2695699709579716
9D_phase_sig_2_px0.375_py0.875,9D_phase,Gaussian Fitting,2.0,15.0,10.0,31,20,20,1.0,0.19613319094830567,0.18980613639395127,0.06928515211161324,0.1472688264647938,0.14690321183138358,0.20801120377204182,0.30290075114411047,0.36248292016734135,-0.022477019275714837,0.03662874802866441,0.04297536012261262,104.00558922875985,4.57378001883626,4.450150008779019,5.467949947342277,0.17635948877156699,0.2381121659973443
9D_phase_sig_2_px0.375_py0.875,9D_phase,Intensity-Weighted Centroid,2.0,15.0,10.0,31,20,20,1.0,0.4636715031468497,0.4233588007367831,0.2367910440003487,0.29609452357858923,0.4282397628151809,0.5206354399666182,0.7986583881892068,1.0746812603542923,-0.1823269326980153,0.18964572411317135,0.26307529542219604,260.3176718686779,0.21270998986437917,0.2056499943137169,0.2525999385397881,0.40734586161332004,0.6352297826616783
9D_phase_sig_2_px0.375_py0.875,9D_phase,PSF Fitting,2.0,15.0,10.0,31,20,20,1.0,0.19695528361584697,0.19057958417585102,0.07146883574082236,0.14805988720036384,0.14824792756920044,0.20952130733256552,0.3035775613285097,0.36424727639513327,-0.02612606273518736,0.032186158559966316,0.04145503536230838,104.760640825615,3.0115699919406325,2.992349967826158,3.506510029546917,0.17743294287284833,0.24032442240840451
9D_phase_sig_2_px0.5_py0,9D_phase,Gaussian Fitting,2.0,15.0,10.0,31,20,20,1.0,0.20414736339996722,0.1821476299295589,0.12638512248875056,0.16315985790739815,0.17614824988427338,0.24010278042882963,0.4930104109593987,0.5243088324547349,0.08424798046148681,0.018969779228712014,0.08635725062683004,120.05138365253617,4.588584980228916,4.464950005058199,5.648515047505498,0.17717795533752229,0.3083545160670198
9D_phase_sig_2_px0.5_py0,9D_phase,Intensity-Weighted Centroid,2.0,15.0,10.0,31,20,20,1.0,0.5049498570370939,0.4844270019652597,0.27764218410008634,0.4477825109401647,0.3626987226470051,0.5762460763542324,0.9978814034890875,1.0684468396058215,-0.31382247750005376,-0.13031566961623753,0.3398039451386639,288.1230313429225,0.2061300037894398,0.20034995395690203,0.2563549729529768,0.4486507273941015,0.6903638429228824
9D_phase_sig_2_px0.5_py0,9D_phase,PSF Fitting,2.0,15.0,10.0,31,20,20,1.0,0.20070866913119229,0.18009150999016937,0.12320629419605077,0.15990573209949105,0.17289857615279552,0.23550745379698335,0.4772188557357929,0.5136984023383844,0.07777684032279808,0.022323564655317797,0.08091710838579307,117.75372067741961,3.044049988966435,3.043850010726601,3.5935299878474325,0.1723330449632328,0.3019528321501426
9D_phase_sig_2_px0.5_py0.125,9D_phase,Gaussian Fitting,2.0,15.0,10.0,31,20,20,1.0,0.17902000220655992,0.16901108414084776,0.08692521481271073,0.1660531156871592,0.10968371315222493,0.1990079248680128,0.3111125955542913,0.360152191126063,-0.045204625197715134,-0.025802531748257706,0.052050252486282415,99.50395847845517,4.475990007631481,4.350100003648549,5.946505011525005,0.15869796249555523,0.23512329437884555
9D_phase_sig_2_px0.5_py0.125,9D_phase,Intensity-Weighted Centroid,2.0,15.0,10.0,31,20,20,1.0,0.546739390538821,0.56118066304368,0.2659511255461576,0.4393339614688568,0.42028518014094984,0.607991745294317,0.9027386238955599,0.9396725103174859,-0.28466039694547474,-0.07467118182545392,0.29429122818114245,303.99586315114556,0.21198998438194394,0.2021499676629901,0.2772800100501627,0.5003218515078625,0.7103263132010461
9D_phase_sig_2_px0.5_py0.125,9D_phase,PSF Fitting,2.0,15.0,10.0,31,20,20,1.0,0.18008076806903667,0.1761476366996897,0.08179586437692214,0.16485469654416357,0.10928209132714183,0.19778687129711625,0.2983201061724007,0.31630643968466127,-0.04477203381925392,-0.027783024254313206,0.052691853725487514,98.89343174740998,2.9776500072330236,2.9659499996341765,3.480069932993502,0.1622452695365651,0.23060222274127154
9D_phase_sig_2_px0.5_py0.25,9D_phase,Gaussian Fitting,2.0,15.0,10.0,31,20,20,1.0,0.16443697521357156,0.14021973740686067,0.1072909180319927,0.12510151460440372,0.15132901556945613,0.19634372897940117,0.3598108414763102,0.3864036826391096,-0.0016768009781685579,0.04677754168326942,0.04680758557595548,98.17185985955139,4.576874984195456,4.460499971173704,5.403900035889819,0.14310227307105414,0.2467801584249303
9D_phase_sig_2_px0.5_py0.25,9D_phase,Intensity-Weighted Centroid,2.0,15.0,10.0,31,20,20,1.0,0.6485273434064555,0.5651579789739528,0.3501144801032084,0.6043202554272459,0.421858854599643,0.7369992295272597,1.2353938433331868,1.4345487039615108,-0.3938773610571502,-0.2592597498368491,0.4715453249039908,368.4996056829502,0.22773999953642488,0.20699994638562202,0.3062900854274631,0.573455956477131,0.8973565927926838
9D_phase_sig_2_px0.5_py0.25,9D_phase,PSF Fitting,2.0,15.0,10.0,31,20,20,1.0,0.1625338882047451,0.13766054460230687,0.10674281170323562,0.12239809784503311,0.15109599038089225,0.1944512603848712,0.35198425478277445,0.3931435979607301,-0.0010848510273604006,0.0458681424039014,0.04588096979507018,97.22562557464417,2.9219800082501024,2.8292500064708292,3.49923005560413,0.14095855032810978,0.2456165872447018
9D_phase_sig_2_px0.5_py0.375,9D_phase,Gaussian Fitting,2.0,15.0,10.0,31,20,20,1.0,0.18318571137844702,0.15464555564584337,0.1147769962388634,0.17628113492849243,0.12512284038962027,0.21617299488799185,0.4318215337335288,0.5208179864692575,-0.005793166230364477,-0.05615054642017299,0.05644860173872013,108.08649275291768,4.825479991268367,4.911800031550229,5.648169911000878,0.15147106996976664,0.27721092726937885
9D_phase_sig_2_px0.5_py0.375,9D_phase,Intensity-Weighted Centroid,2.0,15.0,10.0,31,20,20,1.0,0.6448030834192318,0.6324691800820479,0.26139159138754703,0.5491330108664149,0.42725813837988963,0.695770494081966,1.034528052237442,1.0692300847089964,-0.4145658421024677,-0.30174738463215933,0.5127536655846319,347.88523960775564,0.22284999722614884,0.20804995438084006,0.27557498542591935,0.5810240733647648,0.7959486757527224
9D_phase_sig_2_px0.5_py0.375,9D_phase,PSF Fitting,2.0,15.0,10.0,31,20,20,1.0,0.1766116320474856,0.1484476815871052,0.10780053120542502,0.17276367114345342,0.11386543389319223,0.20691211444149002,0.4116828292905564,0.47771716896440114,-0.009147123017652348,-0.046395600070212595,0.04728870441633157,103.45605264607853,2.8596049989573658,2.865999995265156,3.591714985668659,0.14808265314973731,0.26250856522757
9D_phase_sig_2_px0.5_py0.5,9D_phase,Gaussian Fitting,2.0,15.0,10.0,31,20,20,1.0,0.21275491914359174,0.21943215059369486,0.07929227869014589,0.15074799148123436,0.16978505276980568,0.22705048134648825,0.30711381379207475,0.3377206662377442,-0.02233554000836193,0.048102255967063454,0.05303492600717029,113.52523241269716,4.212165006902069,4.243900009896606,5.364949989598244,0.19505793587386308,0.2538614093450148
9D_phase_sig_2_px0.5_py0.5,9D_phase,Intensity-Weighted Centroid,2.0,15.0,10.0,31,20,20,1.0,0.6321795754494238,0.6083141684914941,0.3252625127936533,0.5992989085932904,0.3824755364767088,0.7109477602779654,1.1565829393053322,1.4905877993882457,-0.5243089436858839,-0.17871292670259323,0.5539297596262669,355.47387132609623,0.2127949963323772,0.20634994143620133,0.2644249238073826,0.5570129469354614,0.8597901373194601
9D_phase_sig_2_px0.5_py0.5,9D_phase,PSF Fitting,2.0,15.0,10.0,31,20,20,1.0,0.21202926888066992,0.22384865226490025,0.07809999868640649,0.15299702236245524,0.16627667246222635,0.22595579359000317,0.30512978415332037,0.3212486200897553,-0.02172563714757416,0.042798993756935036,0.047997470517457674,112.97788883912372,3.120755002601072,3.0969000072218478,3.802654950413853,0.19549039102562607,0.2521580505747817
9D_phase_sig_2_px0.5_py0.625,9D_phase,Gaussian Fitting,2.0,15.0,10.0,31,20,20,1.0,0.15115405968015258,0.1311510038034441,0.1076378026372837,0.1221020610097363,0.13973021509877026,0.18556251322498832,0.34533169610971537,0.46113740086346433,-0.050169471828007774,0.01026283065011171,0.05120841333662017,92.78125072950749,5.0734999880660325,5.135099985636771,6.035810022149235,0.12630109262339068,0.24156209669056758
9D_phase_sig_2_px0.5_py0.625,9D_phase,Intensity-Weighted Centroid,2.0,15.0,10.0,31,20,20,1.0,0.6087171465035585,0.5731183627790739,0.2722426573761765,0.5394149744885194,0.39202565507913745,0.6668227867602283,1.0226894048291548,1.0892790495099995,-0.4725996002040119,0.18399536939545555,0.5071535054319964,333.41136574495704,0.21590000251308084,0.2066000015474856,0.2617600141093135,0.5443124178203271,0.7759886702060648
9D_phase_sig_2_px0.5_py0.625,9D_phase,PSF Fitting,2.0,15.0,10.0,31,20,20,1.0,0.15138997667037724,0.1267294260173131,0.11125485085326725,0.12202898360110323,0.14284780024880253,0.18787380571713586,0.3692568261013352,0.47040805284036225,-0.0404666243918939,0.005550421529068217,0.04084549998255581,93.93689691427407,3.3701399865094572,3.2369999680668116,3.974679979728535,0.1242788500748409,0.24557137832305978
9D_phase_sig_2_px0.5_py0.75,9D_phase,Gaussian Fitting,2.0,15.0,10.0,31,20,20,1.0,0.19016640070720975,0.18246061250277557,0.10805947826513794,0.13379200056728768,0.17303124395632075,0.21872382312146268,0.36672704900925035,0.44387743438248234,0.014748886780648719,0.0380201524435563,0.04078065292635289,109.36189752335328,4.94538500206545,4.709999950136989,6.028649996733294,0.16759942307182252,0.26681878703986844
9D_phase_sig_2_px0.5_py0.75,9D_phase,Intensity-Weighted Centroid,2.0,15.0,10.0,31,20,20,1.0,0.5798927403597998,0.5382369737188668,0.3305500545355101,0.5512887321508372,0.3763238800274962,0.6674870252487511,1.1927515910838502,1.4747085744602342,-0.39366819243316514,0.26412587161778445,0.4740644700791759,333.7434756367902,0.2126599953044206,0.206099939532578,0.2431600587442518,0.5008514202108594,0.8400211024705054
9D_phase_sig_2_px0.5_py0.75,9D_phase,PSF Fitting,2.0,15.0,10.0,31,20,20,1.0,0.18601112157470662,0.1769539075052568,0.10126436625545379,0.13032749762530071,0.16694116504123901,0.21178906775987982,0.3418982675555268,0.4179664896989407,0.018854678841756824,0.039898532618741454,0.044129262619656,105.89452042028508,3.5283000208437443,3.289500018581748,5.248040019068868,0.1627570022424743,0.2555707212063121
9D_phase_sig_2_px0.5_py0.875,9D_phase,Gaussian Fitting,2.0,15.0,10.0,31,20,20,1.0,0.2038643881682193,0.18923781134258133,0.12138223534585853,0.17228392571225365,0.16313364080389564,0.2372642742191917,0.38786441702334384,0.4311090391338847,-0.0068219367937047085,-0.02539591751220769,0.026296224974398118,118.63212407158153,4.752359993290156,4.645349981728941,5.893200065474958,0.1819520725934288,0.28753183925358256
9D_phase_sig_2_px0.5_py0.875,9D_phase,Intensity-Weighted Centroid,2.0,15.0,10.0,31,20,20,1.0,0.591905646901427,0.5636889260853417,0.3139535671988359,0.5726249610033551,0.3478789893433872,0.6700142813333687,1.1133480874172421,1.3395927080535102,-0.29907118221568113,-0.01115898746418793,0.299279292690141,335.00710929660613,0.21434500231407583,0.20290003158152103,0.2723200770560652,0.5173080759100083,0.8169355545641049
9D_phase_sig_2_px0.5_py0.875,9D_phase,PSF Fitting,2.0,15.0,10.0,31,20,20,1.0,0.20501281485156717,0.18557694542785158,0.11727217916371789,0.17196985185823077,0.16189313855450535,0.23618428876445213,0.4008289031753681,0.4235348798070365,-0.002093646325403142,-0.02674858541228673,0.026830396502740553,118.0921313986145,3.3186050131917,3.084600029978901,4.642359953140841,0.18205595405834338,0.28672925169323044
9D_phase_sig_2_px0.625_py0,9D_phase,Gaussian Fitting,2.0,15.0,10.0,31,20,20,1.0,0.17875182534264952,0.15638145498891448,0.11201519972298311,0.12301987315931578,0.17136432195814488,0.2109493304855668,0.38746241492382794,0.45725557804397593,-0.011840021045912863,0.04010601010852497,0.04181719915528498,105.47466095323635,4.710425005760044,4.663250001613051,5.545610043918714,0.1519010014823186,0.2646373536040472
9D_phase_sig_2_px0.625_py0,9D_phase,Intensity-Weighted Centroid,2.0,15.0,10.0,31,20,20,1.0,0.4784102014634006,0.372692709861854,0.33023577337633675,0.47636276591238075,0.3331823856899177,0.5813191781471851,1.1353017124612514,1.196158621421901,0.2860207363790835,0.0020809330166116522,0.2860283061535218,290.6595393290023,0.21290999720804393,0.20479998784139752,0.2514950116164983,0.42948187601591853,0.724854959108119
9D_phase_sig_2_px0.625_py0,9D_phase,PSF Fitting,2.0,15.0,10.0,31,20,20,1.0,0.17823109381829486,0.1639356796193616,0.10629013256093232,0.11951409939602337,0.16964756151811863,0.20751846925872985,0.38010779505168335,0.45567201314770145,-0.015114449518853235,0.03801057143429034,0.04090538014759491,103.75923051046665,3.2957800081931055,3.2495000050403178,3.93699502456002,0.1526303537282994,0.260873401832217
9D_phase_sig_2_px0.625_py0.125,9D_phase,Gaussian Fitting,2.0,15.0,10.0,31,20,20,1.0,0.1834016608978391,0.18550648437820294,0.08044397814201146,0.1588494196032694,0.12196009483065698,0.2002683270999146,0.28247288112814506,0.3978342972203458,-0.006544956080529118,-0.03278123553189403,0.03342821941254973,100.1341574754531,5.189060006523505,5.05380000686273,6.455880001885817,0.16265729544326618,0.23910895466291082
9D_phase_sig_2_px0.625_py0.125,9D_phase,Intensity-Weighted Centroid,2.0,15.0,10.0,31,20,20,1.0,0.47648821228399274,0.5197263216735272,0.19842016647173327,0.3803830871333865,0.34888434463463697,0.5161507327402197,0.8330097528855831,0.864849625923909,0.17340798854910416,-0.044620855361085884,0.17905683797554672,258.07533613282766,0.212494982406497,0.20344997756183147,0.25763498269952834,0.4302613671120933,0.5974402601857016
9D_phase_sig_2_px0.625_py0.125,9D_phase,PSF Fitting,2.0,15.0,10.0,31,20,20,1.0,0.17850317188773296,0.17425021229581883,0.09085244160063215,0.15801048880079413,0.12308628659485965,0.20029365571275046,0.2932862249506097,0.43570572816423964,-0.0041144318643148384,-0.03251183236162092,0.03277114268798436,100.14682207270367,3.662025008816272,3.390250029042363,5.221735034137965,0.1561573918593975,0.24593873944163178
9D_phase_sig_2_px0.625_py0.25,9D_phase,Gaussian Fitting,2.0,15.0,10.0,31,20,20,1.0,0.17640981983048157,0.14672594035144898,0.09996827217610549,0.1324817672200044,0.1535013398272583,0.20276607204978567,0.36226554170053354,0.38195051645343053,0.03781878283309652,-0.0414843520611214,0.05613565534406794,101.3830299532032,4.640034993644804,4.480700066778809,5.709019914502278,0.1578651054958198,0.2464404337114046
9D_phase_sig_2_px0.625_py0.25,9D_phase,Intensity-Weighted Centroid,2.0,15.0,10.0,31,20,20,1.0,0.6230544597829224,0.5168066148354378,0.3070222007046201,0.5705815295198344,0.39610126199206125,0.6945930402623519,1.1660436260055902,1.3041561149822045,0.40105830432227096,-0.09638841491774315,0.4124784721609242,347.2964451498934,0.21306498674675822,0.2014999627135694,0.2685550483874977,0.5505969758212615,0.8286024349658433
9D_phase_sig_2_px0.625_py0.25,9D_phase,PSF Fitting,2.0,15.0,10.0,31,20,20,1.0,0.17033302206129003,0.1530684360469705,0.09769335954397917,0.1292398237029815,0.1478323336511447,0.19636020702657936,0.36065497431117,0.38508457799135737,0.0387119626404683,-0.041889384887309686,0.05703802782104394,98.1800976195596,3.3429100003559142,3.1617500353604555,4.0540450369007885,0.1509053358813509,0.24190504506568972
9D_phase_sig_2_px0.625_py0.375,9D_phase,Gaussian Fitting,2.0,15.0,10.0,31,20,20,1.0,0.2057379620781067,0.15488361261613937,0.1086372681859541,0.1224008167155184,0.1978590537385981,0.232658902857723,0.3551865257142296,0.4918657699749169,-0.023630929407636357,-0.0011613198149518667,0.023659448184209467,116.32944511233366,5.125135008711368,5.131750018335879,6.493199989199638,0.1773214011388177,0.2866634908831411
9D_phase_sig_2_px0.625_py0.375,9D_phase,Intensity-Weighted Centroid,2.0,15.0,10.0,31,20,20,1.0,0.6634307024458643,0.758739114240394,0.27362633851815193,0.592497994564122,0.4049170242360243,0.7176431356033884,1.0638203804651212,1.2736897173321238,0.31348485628168987,-0.3437402051214008,0.4652204678803959,358.8214966757834,0.21491998923011124,0.20415004109963775,0.2735199872404337,0.5997674893044097,0.8308689710094558
9D_phase_sig_2_px0.625_py0.375,9D_phase,PSF Fitting,2.0,15.0,10.0,31,20,20,1.0,0.20733000931719045,0.1505021873262389,0.1163416325916614,0.12600808742632866,0.20160126522598537,0.2377416838452176,0.38920155560460934,0.5185915024739752,-0.019483362956555082,-0.004969748094879378,0.020107208364748698,118.87083536329652,3.52055998519063,3.442399960476905,4.3781599728390574,0.17623782988225045,0.29596079272921494
9D_phase_sig_2_px0.625_py0.5,9D_phase,Gaussian Fitting,2.0,15.0,10.0,31,20,20,1.0,0.16394593809389382,0.16423469388804646,0.06659174108377897,0.1450946285258706,0.10129303712988144,0.1769540352692075,0.25804326221150814,0.29825881643271923,0.026491056628049136,0.037299747918257256,0.0457498336175777,88.4770087712139,4.801825003232807,4.835649975575507,5.307324993191287,0.14751801474433787,0.20357239328105423
9D_phase_sig_2_px0.625_py0.5,9D_phase,Intensity-Weighted Centroid,2.0,15.0,10.0,31,20,20,1.0,0.5651510754940133,0.5787385987365232,0.2647234837920641,0.4604476935089361,0.42126260520647685,0.6240787298114294,1.036445786566885,1.1518175144044591,0.24836215959825267,-0.34445412265275765,0.4246556309914999,312.03931735058194,0.21392999915406108,0.19970000721514225,0.28240001411177224,0.49471662585612214,0.7365928501362671
9D_phase_sig_2_px0.625_py0.5,9D_phase,PSF Fitting,2.0,15.0,10.0,31,20,20,1.0,0.16720916206694186,0.1699593830157578,0.06572484477622031,0.14293171900377416,0.10885395170876087,0.1796626257739408,0.2679048466178947,0.2953779892956061,0.027515194237213336,0.03606089148634055,0.04535938501237871,89.83130400257815,3.32918498897925,3.2433500164188445,4.827955015935004,0.14975395440779413,0.20586102280018548
9D_phase_sig_2_px0.625_py0.625,9D_phase,Gaussian Fitting,2.0,15.0,10.0,31,20,20,1.0,0.15830674637256575,0.14900786022109758,0.06521602680797414,0.12947462410304708,0.11202891507580054,0.1712137731016003,0.242386713175424,0.3514964839380567,-0.0032310406150315883,0.01995063929086314,0.020210582168015738,85.60687728649178,5.2447650174144655,5.2705000271089375,6.230025045806542,0.13974611891736563,0.2049114569438699
9D_phase_sig_2_px0.625_py0.625,9D_phase,Intensity-Weighted Centroid,2.0,15.0,10.0,31,20,20,1.0,0.5158962041331492,0.5509718539992794,0.30807117646906845,0.449187035652302,0.3991086947335593,0.6008799740464212,0.9565658613367214,0.9596336938941297,0.23581633652579512,0.27223785560824465,0.3601705076746603,300.4399197141525,0.20882998360320926,0.20399998174980283,0.23123499704524877,0.47323415098864346,0.7145803879818566
9D_phase_sig_2_px0.625_py0.625,9D_phase,PSF Fitting,2.0,15.0,10.0,31,20,20,1.0,0.15254934239211287,0.14445863085818947,0.06672681010543118,0.12591053164353377,0.10895093883191206,0.16650456165256364,0.2304532344493646,0.3542028785568762,-0.007037636177864215,0.02194218134943071,0.023043169168829362,83.25227175809538,3.6205750075168908,3.4222000394947827,4.821715014986694,0.13453951189861862,0.20168986784199983
9D_phase_sig_2_px0.625_py0.75,9D_phase,Gaussian Fitting,2.0,15.0,10.0,31,20,20,1.0,0.19262872136498382,0.18583715225354264,0.11091225979234588,0.12064578952961913,0.1866867620795011,0.2222776499492322,0.36490883416893255,0.3841784639761841,0.025049844581297977,0.047848031391595214,0.054008599515246315,111.13880816403429,4.871849995106459,4.648200003430247,5.92957497574389,0.17513981609148882,0.26417342664723414
9D_phase_sig_2_px0.625_py0.75,9D_phase,Intensity-Weighted Centroid,2.0,15.0,10.0,31,20,20,1.0,0.5774451498799344,0.5281577709780232,0.2523636498985049,0.47240214682082976,0.41709294478452436,0.6301827615144318,0.9808931273564653,1.1269993714791606,0.34920558299930915,0.2606060772384751,0.4357293502755047,315.0913003572707,0.21527999779209495,0.20774995209649205,0.2684199542272836,0.5110404016296048,0.7448221563925571
9D_phase_sig_2_px0.625_py0.75,9D_phase,PSF Fitting,2.0,15.0,10.0,31,20,20,1.0,0.19403910145120648,0.1862952427198406,0.1099786225170536,0.1229799749161617,0.1860709436541891,0.2230391676426815,0.36951818704389766,0.39367485789520273,0.024643154597890772,0.05159865697446549,0.057181347221835384,111.51956678598711,3.619900008197874,3.6357999779284,4.36726498301141,0.17484862448711874,0.2658310655054541
9D_phase_sig_2_px0.625_py0.875,9D_phase,Gaussian Fitting,2.0,15.0,10.0,31,20,20,1.0,0.19727878630836143,0.19005541032989426,0.07759416875431974,0.15566785713148323,0.1439002877275306,0.2119900340864494,0.328061151712904,0.3331381761281483,-0.008049223764407998,-0.0595919218662118,0.06013307870813037,105.99500407322579,5.133300001034513,4.959149984642863,6.469095003558323,0.17787030575688856,0.24319041145245016
9D_phase_sig_2_px0.625_py0.875,9D_phase,Intensity-Weighted Centroid,2.0,15.0,10.0,31,20,20,1.0,0.4139889993059379,0.36714665593758133,0.2491091235167172,0.398354250003422,0.2734156880462605,0.483158614707012,0.764031652112229,0.8416721254198599,0.24961417575270844,0.11658950692034864,0.27550018123521086,241.57924980808323,0.21840498666279018,0.2039000391960144,0.2725700673181564,0.3659252936582547,0.5775685368331369
9D_phase_sig_2_px0.625_py0.875,9D_phase,PSF Fitting,2.0,15.0,10.0,31,20,20,1.0,0.19602414716822433,0.18271488253100937,0.07882832981303076,0.14973937445215005,0.1490553306420821,0.2112803158227042,0.32214080383189214,0.3266119790581329,-0.01381704909504151,-0.05595957650839978,0.05764013401003016,105.64014477999328,3.5865150101017207,3.515050048008561,4.6375150384847075,0.17686539745695773,0.242686208540435
9D_phase_sig_2_px0.75_py0,9D_phase,Gaussian Fitting,2.0,15.0,10.0,31,20,20,1.0,0.18099336066072086,0.16361477250488682,0.07433231965275183,0.14393477139896124,0.13253932220495704,0.19566269534129557,0.2987618333260001,0.34009709643350977,0.03523813036073875,-0.01683540801263348,0.039053255872875205,97.83133967695515,5.185519997030497,5.435550003312528,6.034160061972216,0.16147489986275315,0.2269079945546963
9D_phase_sig_2_px0.75_py0,9D_phase,Intensity-Weighted Centroid,2.0,15.0,10.0,31,20,20,1.0,0.45526712457026514,0.47245720289020104,0.17154011686349221,0.33359167235803966,0.3541338201039038,0.4865122469250057,0.720612300061092,0.8823122974149107,0.06556683836947741,0.15293546571716093,0.1663979175587666,243.2560964141165,0.22681000409647822,0.20830007269978523,0.283400050830096,0.41262918582325053,0.5627178846195515
9D_phase_sig_2_px0.75_py0,9D_phase,PSF Fitting,2.0,15.0,10.0,31,20,20,1.0,0.1811861669894612,0.16647590868860407,0.07162310955689596,0.14604857270258884,0.12895003428641913,0.19482889141739745,0.28992674885146197,0.3360702957568453,0.03546687834419231,-0.011292408928630948,0.03722120308229116,97.41443753283262,3.292105015134439,3.233449999243021,4.104585002642125,0.16276532483889508,0.2254310014163098
9D_phase_sig_2_px0.75_py0.125,9D_phase,Gaussian Fitting,2.0,15.0,10.0,31,20,20,1.0,0.20220840807590182,0.17186167959430307,0.11938378408407646,0.16479708039092494,0.16728015570727695,0.23482062984078678,0.36089629446582544,0.489740839018054,0.04126189970060068,-0.05670587913496661,0.0701291743525608,117.4103059214806,5.131264991359785,4.937300051096827,5.9038600185886025,0.17962061399399026,0.2895946357448302
9D_phase_sig_2_px0.75_py0.125,9D_phase,Intensity-Weighted Centroid,2.0,15.0,10.0,31,20,20,1.0,0.5243381470640147,0.5120971834637719,0.27382618778043066,0.3817131615010945,0.4518919515965374,0.5915329860463303,0.9222756495166451,0.9359588302515237,0.12445638943951849,-0.16680464107741955,0.2081181903565564,295.7664656661299,0.21605999791063368,0.20300003234297037,0.25411991518922156,0.47814078780194735,0.692983158426081
9D_phase_sig_2_px0.75_py0.125,9D_phase,PSF Fitting,2.0,15.0,10.0,31,20,20,1.0,0.1985513356439235,0.15908556242806227,0.11468781010715405,0.1615380477624397,0.1627310228513922,0.22929441047081936,0.36347802354854614,0.4762502452716748,0.03414237758187255,-0.05679515197337537,0.06626757302498679,114.64719627181069,3.372170013608411,3.3373000333085656,4.007439996348694,0.17429661765003626,0.28258199643409254
9D_phase_sig_2_px0.75_py0.25,9D_phase,Gaussian Fitting,2.0,15.0,10.0,31,20,20,1.0,0.18980656156690787,0.1819323376305383,0.08887760424131223,0.1409069496392144,0.15514828678686599,0.20958473071654748,0.3194590135388877,0.34000999149570726,-0.034354787391572474,0.026148005516563443,0.04317371433192168,104.79235821650359,4.915950016584247,5.0060999928973615,5.950525071239099,0.16924620914710722,0.24587327040786514
9D_phase_sig_2_px0.75_py0.25,9D_phase,Intensity-Weighted Centroid,2.0,15.0,10.0,31,20,20,1.0,0.5199698118320377,0.5075038031706941,0.19061384298057357,0.29525441507314665,0.4685371625946884,0.5538070443326515,0.8086513350636501,1.0630647266716438,0.19724305645775644,-0.16429049225120024,0.2567025304996805,276.9034976583532,0.21828999160788953,0.19799999427050352,0.31679506646469235,0.46429309080340714,0.6491806645613967
9D_phase_sig_2_px0.75_py0.25,9D_phase,PSF Fitting,2.0,15.0,10.0,31,20,20,1.0,0.18670559884702564,0.18500655902663693,0.08054460409039971,0.14434232911866496,0.14321908362192767,0.20333817617187802,0.31064894874636984,0.3333129138454557,-0.029485529411959987,0.023164170826657938,0.037496336551590584,101.66908057515872,3.361094987485558,3.3516999683342874,3.8880600070115188,0.16730891501980213,0.23819917394062984
9D_phase_sig_2_px0.75_py0.375,9D_phase,Gaussian Fitting,2.0,15.0,10.0,31,20,20,1.0,0.16523842267748826,0.16392089316845115,0.07763529181602145,0.1424059127264246,0.11424329689245233,0.1825677267873571,0.2969378742173731,0.32942582300653606,0.012845907240057386,-0.005886056997695732,0.014130215844079724,91.28385461693645,4.7246950038243085,4.713500034995377,5.389165016822518,0.14731386020332238,0.2172463642637474
9D_phase_sig_2_px0.75_py0.375,9D_phase,Intensity-Weighted Centroid,2.0,15.0,10.0,31,20,20,1.0,0.5609321458391346,0.5630414726002281,0.25809417080125585,0.4770844811214982,0.39197942689676324,0.6174605033824302,0.9514281071122711,0.9741149903106051,0.08555756225885033,-0.2919925224378517,0.3042691729690939,308.730210165756,0.2156450180336833,0.2070499467663467,0.28325004386715597,0.5083689485867984,0.7197599378373221
9D_phase_sig_2_px0.75_py0.375,9D_phase,PSF Fitting,2.0,15.0,10.0,31,20,20,1.0,0.15797230076353408,0.15561219219350253,0.07532102570655971,0.13597495329427786,0.11017856778263027,0.1750100132049955,0.2853961675242389,0.3193870050087327,0.009819337016773488,-0.009186839315736961,0.013446835912665418,87.50499832231748,3.372164990287274,3.2806999515742064,4.087200033245608,0.14156927635984523,0.20904879508726112
9D_phase_sig_2_px0.75_py0.5,9D_phase,Gaussian Fitting,2.0,15.0,10.0,31,20,20,1.0,0.21588742540048478,0.20021484561656117,0.09867098825731058,0.1665543946250953,0.16912414966761027,0.23736753015044879,0.39688564881931726,0.4214960910384346,0.039243270822686326,-0.06985813471396227,0.08012610866987616,118.68375186004151,4.933374986285344,4.65219997568056,7.396584958769381,0.1936601618693032,0.27740396341396867
9D_phase_sig_2_px0.75_py0.5,9D_phase,Intensity-Weighted Centroid,2.0,15.0,10.0,31,20,20,1.0,0.670552139130513,0.6332256786120825,0.2991035690079078,0.3857460827556992,0.6247424076564745,0.7342364171612404,1.1545900099165007,1.4489983107504032,0.19265842451108597,-0.4531927428472898,0.49244383507618766,367.11817508402413,0.22300498676486313,0.20954996580258012,0.29060998931527143,0.5840139018414291,0.8813515386690253
9D_phase_sig_2_px0.75_py0.5,9D_phase,PSF Fitting,2.0,15.0,10.0,31,20,20,1.0,0.21198635778377053,0.19513935784524802,0.09416568725289527,0.16235122428146542,0.16567278749555753,0.23195989425381028,0.3838702382658633,0.4326890738048921,0.04295273611375592,-0.06267721907472038,0.07598270415429056,115.97993395482511,3.5518799908459187,3.4568000119179487,4.616294999141246,0.18911233580113684,0.27366919654418853
9D_phase_sig_2_px0.75_py0.625,9D_phase,Gaussian Fitting,2.0,15.0,10.0,31,20,20,1.0,0.2204143814890433,0.2081915035781642,0.08567685842587597,0.15391785210455344,0.17953361367845835,0.23648049314251085,0.38947912656924444,0.40087568068269586,0.02112865177672916,0.012950059417016746,0.024781524666705728,118.2402318213493,5.156104982597753,4.786500008776784,6.220294919330628,0.19724538133990097,0.2736637331039175
9D_phase_sig_2_px0.75_py0.625,9D_phase,Intensity-Weighted Centroid,2.0,15.0,10.0,31,20,20,1.0,0.47590334102883547,0.4293444718872901,0.2126835073420994,0.3646180726797405,0.37252104017498994,0.5212660206629097,0.8318443679799004,0.971882126015626,0.03489865346901979,0.1638012070834975,0.16747761479063866,260.63295890645014,0.2312550088390708,0.20524999126791954,0.34947001840919273,0.422575823517792,0.6164649287197329
9D_phase_sig_2_px0.75_py0.625,9D_phase,PSF Fitting,2.0,15.0,10.0,31,20,20,1.0,0.2222876414756226,0.21442085010552048,0.09158351845049838,0.15630161771615944,0.18267222203684738,0.24041492550290572,0.4054581259976389,0.4208280565191061,0.017832280297733406,0.008274182691121724,0.01965839057051694,120.20744825285514,3.490219992818311,3.522949991747737,4.419089999282733,0.19890740285995864,0.28123656587852364
9D_phase_sig_2_px0.75_py0.75,9D_phase,Gaussian Fitting,2.0,15.0,10.0,31,20,20,1.0,0.1848264029477613,0.16923517260130094,0.12219983236234178,0.18761726576293508,0.11787009732596662,0.22157075225758624,0.41435939508565944,0.43729612509916255,-0.03595016792320962,0.012261225672324372,0.03798357840823632,110.78536124624118,5.444764997810125,5.157599982339889,7.769630005350336,0.1671614949705085,0.27407705393149007
9D_phase_sig_2_px0.75_py0.75,9D_phase,Intensity-Weighted Centroid,2.0,15.0,10.0,31,20,20,1.0,0.5055075725671732,0.5059191936518316,0.29523051548568874,0.4600464440696987,0.3620168953177836,0.5854049565870633,0.9751554662788192,1.3048855271235151,0.2315886951835239,0.19924801146489698,0.30550465431728346,292.70238692699746,0.20778499892912805,0.20264997147023678,0.23419502540491524,0.4480275075280899,0.7284198664954697
9D_phase_sig_2_px0.75_py0.75,9D_phase,PSF Fitting,2.0,15.0,10.0,31,20,20,1.0,0.19155615459336706,0.19420443403948007,0.12036690669850661,0.1910961535645316,0.12109588219095598,0.2262342869477678,0.4116169461266093,0.4262676776014767,-0.033013024405914845,0.010043435484925567,0.03450696127979674,113.11712843635313,3.277654980774969,3.0269499984569848,4.282169986981899,0.17264917191094897,0.2771588295671343
9D_phase_sig_2_px0.75_py0.875,9D_phase,Gaussian Fitting,2.0,15.0,10.0,31,20,20,1.0,0.17816730850464807,0.16394228331874539,0.10695350895485486,0.1357033828642747,0.15737609340919206,0.20780433801426443,0.3200933431378855,0.5326311451599839,0.036195049462799035,0.016742943315296088,0.039879916705952215,103.90214669508482,5.049214989412576,5.011199973523617,6.000464933458716,0.15426737417994923,0.26980225191832596
9D_phase_sig_2_px0.75_py0.875,9D_phase,Intensity-Weighted Centroid,2.0,15.0,10.0,31,20,20,1.0,0.5050618289223137,0.473571655888572,0.25308852641086754,0.439336368618614,0.3551405474515491,0.5649258829573812,0.9447971702997361,1.0115091297968075,0.15011991718712353,-0.013548127250351172,0.1507300278254487,282.4628718633399,0.24146002251654863,0.2116499817930162,0.31206002458930043,0.4455878028843834,0.6706306159516854
9D_phase_sig_2_px0.75_py0.875,9D_phase,PSF Fitting,2.0,15.0,10.0,31,20,20,1.0,0.17406626834616828,0.1582661513730846,0.10634844763193435,0.1308845032044048,0.1564554406552188,0.20398298480432764,0.32267867477207185,0.5234420371707116,0.03371533997715233,0.016396298382323947,0.03749083555240087,101.99147044313067,3.388415015069768,3.294650057796389,4.143810004461557,0.1488182123357958,0.2656308422742801
9D_phase_sig_2_px0.875_py0,9D_phase,Gaussian Fitting,2.0,15.0,10.0,31,20,20,1.0,0.16144352146633034,0.12110325517667334,0.09841321823927043,0.13619547130521797,0.13114863988470973,0.18907451480212698,0.3273924451311597,0.3463999434253765,-0.025626711370580323,0.0009619402117209575,0.02564475900923923,94.53724933281174,5.125984986079857,4.9985499936155975,6.827504991088063,0.13888884857242728,0.23316719500150068
9D_phase_sig_2_px0.875_py0,9D_phase,Intensity-Weighted Centroid,2.0,15.0,10.0,31,20,20,1.0,0.3096501422047883,0.2657332564764605,0.16756177119933446,0.2811434314289513,0.21193991766361128,0.35207976047325384,0.6024937216265224,0.7778005463854528,-0.01053417098709133,-0.018065802861997327,0.02091272319507499,176.03986427421947,0.21593000274151564,0.20495004719123244,0.2534799161367119,0.26938156516060524,0.43848864801287163
9D_phase_sig_2_px0.875_py0,9D_phase,PSF Fitting,2.0,15.0,10.0,31,20,20,1.0,0.16259211947773727,0.11921540334626493,0.09989928889960671,0.13545604274278664,0.134416240549177,0.1908299380047844,0.32843277767309376,0.3497662782022276,-0.020124784076369907,-0.0002438652009971065,0.02012626155938477,95.41496085236724,3.177575010340661,3.074200008995831,3.738429996883497,0.14026892383061162,0.2355749408983462
9D_phase_sig_2_px0.875_py0.125,9D_phase,Gaussian Fitting,2.0,15.0,10.0,31,20,20,1.0,0.1823123115897303,0.15683669224378372,0.09234092649432357,0.1619299496098128,0.12467284019538681,0.2043639539229484,0.3092775745601012,0.4042480812604498,-0.004966825514458151,0.013474480987247262,0.014360744882030334,102.18196465445799,5.00971000874415,4.83525003073737,6.532269989838824,0.16056758427146683,0.24509537956124025
9D_phase_sig_2_px0.875_py0.125,9D_phase,Intensity-Weighted Centroid,2.0,15.0,10.0,31,20,20,1.0,0.4214809245494665,0.41127532592877397,0.2352175419297809,0.3309263169486706,0.3513705089237703,0.4826732453643575,0.8564950835659976,1.01454722434752,0.1322139010433716,-0.12605006863046242,0.18267220760381353,241.33659438728748,0.21851001074537635,0.20044995471835136,0.3394649946130813,0.36828829922210454,0.5952078678105069
9D_phase_sig_2_px0.875_py0.125,9D_phase,PSF Fitting,2.0,15.0,10.0,31,20,20,1.0,0.18828572434633914,0.16138090390941803,0.08684456270078057,0.16283220559050496,0.12837119959650972,0.20734872091072906,0.3000481942066231,0.3949674089143785,0.0037693221262543376,0.0112444477037684,0.011859401057989943,103.67434787847274,3.2975100039038807,3.0877500539645553,4.088665050221608,0.1648240612335915,0.2459445952627607
9D_phase_sig_2_px0.875_py0.25,9D_phase,Gaussian Fitting,2.0,15.0,10.0,31,20,20,1.0,0.1703936286285524,0.16533658919263344,0.08997439917084754,0.1629357300605961,0.10286558731169809,0.19268985749997336,0.2765143069491501,0.41510888275097174,0.06976344952246336,-0.006956523482449484,0.07010942952438826,96.34491179518338,4.8383249959442765,4.741349956020713,6.43709494615905,0.14982471183965348,0.23827261124601845
9D_phase_sig_2_px0.875_py0.25,9D_phase,Intensity-Weighted Centroid,2.0,15.0,10.0,31,20,20,1.0,0.5533808031987201,0.46889723754829377,0.2826194189178736,0.39596471898980495,0.47886949225614905,0.621372713673796,0.9154616144480515,1.4159864732146996,0.07297068296269345,-0.16091529490601034,0.17668744354574323,310.6863218844721,0.24265499087050557,0.20599993877112865,0.3593400586396458,0.4839104506518467,0.7715142625107211
9D_phase_sig_2_px0.875_py0.25,9D_phase,PSF Fitting,2.0,15.0,10.0,31,20,20,1.0,0.16646488365924528,0.16330101110893605,0.08906421194615444,0.15938390139786163,0.10119171565139275,0.18879351509327746,0.27224567808146144,0.4045506582516173,0.07126970778626288,-0.006499822869773198,0.07156548710990324,94.39674098847571,3.174104989739135,3.129050019197166,3.8071699673309927,0.1486125107102774,0.23278270913766114
9D_phase_sig_2_px0.875_py0.375,9D_phase,Gaussian Fitting,2.0,15.0,10.0,31,20,20,1.0,0.19389984361163387,0.18291668210220136,0.08669244728930024,0.14953990788599147,0.1508328403202477,0.21239757477340498,0.36409718351292747,0.39010025553159694,-0.04610110683910875,0.0663685385281326,0.08080900295233905,106.19877590551603,5.018550000386313,5.045450001489371,6.226004933705553,0.17006702950063585,0.2546855135485878
9D_phase_sig_2_px0.875_py0.375,9D_phase,Intensity-Weighted Centroid,2.0,15.0,10.0,31,20,20,1.0,0.6416819978017994,0.7125332148603318,0.2627068731044364,0.4932927063940182,0.4872709649647554,0.6933762957292519,1.0059779399685733,1.0436430991769734,-0.013444438418224536,-0.3917380366736495,0.391968675153139,346.6881059178096,0.21132499095983803,0.20305003272369504,0.2696149575058371,0.5879692989657807,0.7810749923513923
9D_phase_sig_2_px0.875_py0.375,9D_phase,PSF Fitting,2.0,15.0,10.0,31,20,20,1.0,0.19194650607851732,0.1835445434203281,0.08905101451384259,0.14764934351665251,0.15156917806993755,0.2115976001321728,0.3537830009568258,0.38925251238250547,-0.04876682139213813,0.06574353202543079,0.08185606191279633,105.79878864684979,3.405770007520914,3.5027500125579536,4.19123494066298,0.16999777976070202,0.25453536115802605
9D_phase_sig_2_px0.875_py0.5,9D_phase,Gaussian Fitting,2.0,15.0,10.0,31,20,20,1.0,0.21922817141893036,0.20197738909458612,0.09515661759280493,0.1974178610445239,0.13469209760040227,0.23898906463558378,0.36175785768386115,0.43079277760055706,-0.10206960638284954,-0.020831813932659315,0.1041737443834807,119.49451735687394,5.281829979503527,4.811499908100814,7.43291499093175,0.1971697013763897,0.2834255739229954
9D_phase_sig_2_px0.875_py0.5,9D_phase,Intensity-Weighted Centroid,2.0,15.0,10.0,31,20,20,1.0,0.608749176662643,0.5510129836306826,0.26197361304548583,0.2525115074321893,0.6127345857986761,0.6627259871315986,0.9864623908164903,1.2435976554933008,0.04429211117686123,-0.5201362033463226,0.52201864060973,331.3629758710906,0.2270100056193769,0.20524999126791954,0.3073249594308437,0.5393701007309712,0.786682775368098
9D_phase_sig_2_px0.875_py0.5,9D_phase,PSF Fitting,2.0,15.0,10.0,31,20,20,1.0,0.21262426451971622,0.1949159187302085,0.09862792133977011,0.189276864843363,0.13824186473504127,0.23438546185792788,0.37008734385170255,0.41045271667402705,-0.1016940396969062,-0.021006557962624583,0.10384099954889225,117.19271645163582,3.53065999224782,3.4580000210553408,5.523345014080405,0.19197840113460896,0.2795904439919661
9D_phase_sig_2_px0.875_py0.625,9D_phase,Gaussian Fitting,2.0,15.0,10.0,31,20,20,1.0,0.19229865943268773,0.18834912283406785,0.09057026136734515,0.13430642867503725,0.16475293587768072,0.21255998368403692,0.3508361306866515,0.3735477305978507,-0.02816493973389811,-0.031740261733267515,0.0424347504424197,106.27997770722254,5.170499987434596,5.141050030943006,6.807815009960905,0.1721078171296634,0.2513089343528146
9D_phase_sig_2_px0.875_py0.625,9D_phase,Intensity-Weighted Centroid,2.0,15.0,10.0,31,20,20,1.0,0.5200587292336227,0.47168555527863354,0.2825573298447519,0.3152708887192618,0.500903177497661,0.5918612392284921,1.0570674366337003,1.2642735865004313,0.07503544840515701,0.2947623247107458,0.30416302633003595,295.9305450361214,0.2274349913932383,0.2051499905064702,0.32664492609910667,0.45036560356607214,0.7334875949396599
9D_phase_sig_2_px0.875_py0.625,9D_phase,PSF Fitting,2.0,15.0,10.0,31,20,20,1.0,0.19761325392040408,0.1896847546371367,0.08412773582704712,0.13233504142715755,0.16916238018799576,0.21477540376028986,0.36256676681820804,0.36794791297353113,-0.028620097829752923,-0.032083092588669614,0.04299342775166659,107.38768780433516,3.4868499846197665,3.4418999566696584,4.216739954426885,0.17546418939892622,0.2521863471247518
9D_phase_sig_2_px0.875_py0.75,9D_phase,Gaussian Fitting,2.0,15.0,10.0,31,20,20,1.0,0.16943300589960938,0.14034322263479743,0.09550889582521102,0.13278121528656892,0.1421219248988344,0.19449805312631815,0.30837899835552185,0.45267698625055736,0.006011783323793906,0.04344695734853872,0.043860912457198024,97.24900760501839,4.981739993672818,4.97369997901842,5.643390095792711,0.14399764664044268,0.24997890120547855
9D_phase_sig_2_px0.875_py0.75,9D_phase,Intensity-Weighted Centroid,2.0,15.0,10.0,31,20,20,1.0,0.45438300597231523,0.42454196769736363,0.23589207789592145,0.36103594371851133,0.36299040741289085,0.5119658079701149,0.9146418691329193,0.9363911642741177,-0.0953608491898649,0.07008244673079958,0.11834374042587768,255.98285607118797,0.2076399978250265,0.20209996728226542,0.22069500409998008,0.40320322491770333,0.6112843836919228
9D_phase_sig_2_px0.875_py0.75,9D_phase,PSF Fitting,2.0,15.0,10.0,31,20,20,1.0,0.1661626135334781,0.14870045011653743,0.0940298025552304,0.13121575023670148,0.13868685876704823,0.19092306802702394,0.30728437962467814,0.4398494364180991,0.0004327065727295576,0.04461587524928064,0.04461797349989638,95.4615155415886,3.2400300027802587,3.1405999907292426,3.9068999874871224,0.14132315269946305,0.24380549065482793
9D_phase_sig_2_px0.875_py0.875,9D_phase,Gaussian Fitting,2.0,15.0,10.0,31,20,20,1.0,0.1962979385017429,0.1663149046009384,0.09466047068888528,0.158842795581747,0.14920607113268106,0.21793000108079508,0.35741405673642695,0.39524646920929724,0.007818491331164523,0.01829465340778711,0.019895304722636228,108.96498059944598,5.072870006551966,5.0416000303812325,6.2833200267050415,0.17205245274089795,0.25947787929101224
9D_phase_sig_2_px0.875_py0.875,9D_phase,Intensity-Weighted Centroid,2.0,15.0,10.0,31,20,20,1.0,0.39631046150646554,0.4206175970880873,0.17172864274800184,0.29434342001375596,0.3160928024080019,0.4319174789696968,0.6972883908402542,0.7075592587501456,0.20882959074765495,0.18559261182710998,0.2793822033284178,215.95867565038805,0.215750013012439,0.20710000535473228,0.2619100152514875,0.35761849930401146,0.5000013681064854
9D_phase_sig_2_px0.875_py0.875,9D_phase,PSF Fitting,2.0,15.0,10.0,31,20,20,1.0,0.19510962345798455,0.16676421643069309,0.09585857322704709,0.15810822188327414,0.14919256482798,0.21738590392903046,0.3550075493172418,0.3730911737854324,0.009620858339042115,0.01141829951026807,0.01493112450172807,108.69293200717289,3.6441350064706057,3.5218499833717942,4.538134910399094,0.17256040956322183,0.2580301797847481
9D_phase_sig_2_px0_py0,9D_phase,Gaussian Fitting,2.0,15.0,10.0,31,20,20,1.0,0.17820799917847657,0.15046119205541394,0.08086590422816035,0.1312985172241612,0.14511404071477912,0.1956971778995137,0.2741595737190794,0.42731487722190514,0.013395388637258065,0.0010240330580870705,0.013434473582810667,97.84858845749662,5.079300003126264,4.833500017412007,6.956730061210692,0.15610049930901415,0.24182005211081806
9D_phase_sig_2_px0_py0,9D_phase,Intensity-Weighted Centroid,2.0,15.0,10.0,31,20,20,1.0,0.4774146748263016,0.521599203389606,0.2026491865862809,0.356912690025813,0.3763041273519633,0.518643870650743,0.8337060779045263,0.842153921293746,0.13477060122131093,-0.03752958654016538,0.1398984804042895,259.32192985314055,0.22880000178702176,0.20520004909485579,0.28786997427232563,0.4302481757680892,0.5965734636151062
9D_phase_sig_2_px0_py0,9D_phase,PSF Fitting,2.0,15.0,10.0,31,20,20,1.0,0.1751231681411946,0.14905695782965783,0.08469014128931514,0.13240886129059462,0.14250767524291932,0.19452646105713559,0.3008297766594318,0.4190693209390901,0.014159735118937533,0.0011852488219574297,0.014209254498685861,97.26323001935572,3.3067849930375814,3.103549941442907,4.241740010911599,0.15336298305372123,0.24049353114945454
9D_phase_sig_2_px0_py0.125,9D_phase,Gaussian Fitting,2.0,15.0,10.0,31,20,20,1.0,0.17280691762467457,0.17757140436422356,0.06411380789938301,0.14259087224147302,0.11679321168508029,0.18431714825891826,0.25572386471251235,0.2690689354004657,-0.04439511061675603,-0.009481603532952932,0.04539632862060664,92.15857374556435,6.458879995625466,6.747049978002906,7.946944987634197,0.15795536958505943,0.20809860285594328
9D_phase_sig_2_px0_py0.125,9D_phase,Intensity-Weighted Centroid,2.0,15.0,10.0,31,20,20,1.0,0.40298607455366164,0.36045725897031183,0.22510713442344635,0.3481545950132192,0.3030831176817446,0.4615961419384968,0.7828356918592188,0.9885221951233196,0.02348039943788649,0.0018464901205732076,0.023552891192549476,230.798064571937,0.2623200067318976,0.26424997486174107,0.32040499499998987,0.3508524045124129,0.5638781996953741
9D_phase_sig_2_px0_py0.125,9D_phase,PSF Fitting,2.0,15.0,10.0,31,20,20,1.0,0.17361806048629563,0.17980922978743397,0.06453050902750239,0.14241065511835885,0.11843404422348934,0.18522261612009366,0.2571270679492579,0.27647448895889887,-0.044625707147110914,-0.003923221878483219,0.04479782816485098,92.61130763877104,4.532505013048649,4.441950062755495,6.502020027255639,0.16008487041596892,0.20925235938342598
9D_phase_sig_2_px0_py0.25,9D_phase,Gaussian Fitting,2.0,15.0,10.0,31,20,20,1.0,0.17463572965752466,0.16648680489137713,0.08605893893681914,0.13691287656880227,0.13841475092490363,0.19468892891982123,0.30594711128752056,0.3356332600714476,-0.019379826965081292,0.012677248875314717,0.023157943178165892,97.34446332810991,5.862024996895343,5.901700002141297,8.052709978073835,0.1528134441109206,0.2294207118936831
9D_phase_sig_2_px0_py0.25,9D_phase,Intensity-Weighted Centroid,2.0,15.0,10.0,31,20,20,1.0,0.3779398282063714,0.368579120320465,0.19817025835079716,0.3241417042075761,0.27756462424612305,0.42674344170646983,0.6379976960928264,0.8721833414895084,-0.035564831209131856,-0.1182522412917649,0.12348461357375592,213.37171669775057,0.2506299933884293,0.24744996335357428,0.2994900336489082,0.3353326868826546,0.512761666379326
9D_phase_sig_2_px0_py0.25,9D_phase,PSF Fitting,2.0,15.0,10.0,31,20,20,1.0,0.17539332268889024,0.16879624718567565,0.09045421646847526,0.14232129595962306,0.1367092960889944,0.19734432578813854,0.303602053615878,0.3653443064107259,-0.02323025163707939,0.012738590313728083,0.026493702540472456,98.67216167905507,4.038055002456531,3.6559500149451196,6.082929956028238,0.15477583204720294,0.23568386530276722
9D_phase_sig_2_px0_py0.375,9D_phase,Gaussian Fitting,2.0,15.0,10.0,31,20,20,1.0,0.18597483872845988,0.18727081511887828,0.11012521416809866,0.11206419436742969,0.1848129318430537,0.21613468818226814,0.40092731831861006,0.40463946405742096,0.043739393583678066,-0.015751630955969632,0.046489229170217035,108.0673412747871,5.560295010218397,5.52350003272295,7.682350010145456,0.16148933135291876,0.2620106010015388
9D_phase_sig_2_px0_py0.375,9D_phase,Intensity-Weighted Centroid,2.0,15.0,10.0,31,20,20,1.0,0.5499510470401401,0.5675130478948444,0.2539844760050304,0.34785535959274894,0.4959343877920704,0.6057675034137242,0.9707313391393729,0.9707376100593147,-0.006079434608017209,-0.3706572306901876,0.37070708408131625,302.88374617892873,0.2318449958693236,0.2159500145353377,0.291740003740415,0.4931434169049772,0.7062598719947367
9D_phase_sig_2_px0_py0.375,9D_phase,PSF Fitting,2.0,15.0,10.0,31,20,20,1.0,0.17792897775465183,0.18261051759472813,0.10911087489968078,0.10944929881418196,0.17772100364130594,0.20871967838751854,0.3609296823910068,0.3956428750188182,0.05319142267242114,-0.017399781597873698,0.0559649876759556,104.35983665357006,3.6600799940060824,3.447399998549372,4.74858995876275,0.15639949278574705,0.2534934841639373
9D_phase_sig_2_px0_py0.5,9D_phase,Gaussian Fitting,2.0,15.0,10.0,31,20,20,1.0,0.17643352107790017,0.18155372035885137,0.08284818334260892,0.14437190757087265,0.13095556936405492,0.1949169280568427,0.29252764579505963,0.33841421763601515,0.035297778879396446,-0.04106313581081054,0.054149001065909204,97.45846157642032,5.76037498540245,5.396999942604452,8.279924996895717,0.1574414474033197,0.22959161123712743
9D_phase_sig_2_px0_py0.5,9D_phase,Intensity-Weighted Centroid,2.0,15.0,10.0,31,20,20,1.0,0.5096473129338517,0.5100755397998434,0.29549679988357175,0.41175351629504986,0.4213285940222774,0.5891169173620181,0.8660524952230753,1.4508088620745512,-0.055755913840471294,-0.2739771158838494,0.27959288609730093,294.5584433116612,0.24602499324828386,0.2130499924533069,0.31418503494933253,0.4424082864312606,0.7572311634117171
9D_phase_sig_2_px0_py0.5,9D_phase,PSF Fitting,2.0,15.0,10.0,31,20,20,1.0,0.17242736115241633,0.18096059276553056,0.08083203738115412,0.1440432543560082,0.12456546076543222,0.19043375000554422,0.29163947522181655,0.32549511553723454,0.03164207271922805,-0.03712872775088272,0.048782816548125676,95.21687272166581,3.7106349947862327,3.4902000334113836,5.37167998845689,0.15395295432245906,0.22260604688299207
9D_phase_sig_2_px0_py0.625,9D_phase,Gaussian Fitting,2.0,15.0,10.0,31,20,20,1.0,0.15787578481065828,0.13882575715026552,0.08085558541955376,0.14347097044108742,0.10429990299042782,0.17737640520407452,0.3013392778413472,0.3585130536013917,0.002816830354669264,-0.031095441147357405,0.031222764025559208,88.68819944469985,5.157530010910705,5.029049993027002,6.2819999118801215,0.13660231629322042,0.21804462329447044
9D_phase_sig_2_px0_py0.625,9D_phase,Intensity-Weighted Centroid,2.0,15.0,10.0,31,20,20,1.0,0.517468888763897,0.5033895263017791,0.1945956590959835,0.3960120462514081,0.385766743773119,0.5528485519358286,0.7821117066048504,1.0205464338100265,0.08224421190816429,0.15575131895619734,0.1761322904778966,276.42424881255295,0.1981849956791848,0.19509997218847275,0.2179450180847198,0.46754708193222705,0.6449143593389184
9D_phase_sig_2_px0_py0.625,9D_phase,PSF Fitting,2.0,15.0,10.0,31,20,20,1.0,0.15138989656173674,0.12491950946111019,0.07733734973124204,0.13963256103204638,0.09696759429859872,0.16999990130710602,0.25536792592927743,0.36547491087767725,0.0006159418635775183,-0.026733833304643895,0.026740927948367733,84.99994780302968,3.2978849951177835,3.1818500137887895,4.064819973427802,0.1315741258732579,0.2099072700238683
9D_phase_sig_2_px0_py0.75,9D_phase,Gaussian Fitting,2.0,15.0,10.0,31,20,20,1.0,0.16952064946101225,0.16150088378085692,0.10695361865132369,0.14094958617624764,0.142511547928723,0.20044033310762627,0.375483077289657,0.39475918938393306,-0.058229362492744484,0.05476649884337235,0.07993765102798896,100.22015699769909,4.737695003859699,4.630050039850175,5.7356100471224645,0.1500483052419306,0.24607256627109136
9D_phase_sig_2_px0_py0.75,9D_phase,Intensity-Weighted Centroid,2.0,15.0,10.0,31,20,20,1.0,0.4515077831715469,0.3711144357677207,0.2896869554007633,0.35001307215901234,0.4065324829723431,0.5364492617143288,0.9902652715062256,1.102382294478971,-0.07585497672700399,0.1630324393169417,0.1798153323937828,268.2245927421497,0.20445999107323587,0.19950000569224358,0.24045996833592653,0.3892831702065248,0.6689740389547526
9D_phase_sig_2_px0_py0.75,9D_phase,PSF Fitting,2.0,15.0,10.0,31,20,20,1.0,0.17075595208920827,0.16828575062705292,0.10366408255838654,0.13940289517941717,0.14307574917560414,0.19975944830361334,0.36875381644311767,0.4021028983777019,-0.05631268271423551,0.06079204042688957,0.08286609930326595,99.87971434474507,3.4806900017429143,3.3745000255294144,4.479644988896325,0.14985915421481683,0.24592159706899477
9D_phase_sig_2_px0_py0.875,9D_phase,Gaussian Fitting,2.0,15.0,10.0,31,20,20,1.0,0.20991315749579717,0.18420327731053196,0.10209675032312128,0.17191205842124105,0.15790352841456368,0.2334251060113224,0.3832119653898385,0.5026709465407303,0.07732873448881036,0.025972565425905713,0.0815739378260231,116.71254344490808,4.769330000272021,4.8463999992236495,5.801689997315408,0.1828354766641367,0.2842930085447274
9D_phase_sig_2_px0_py0.875,9D_phase,Intensity-Weighted Centroid,2.0,15.0,10.0,31,20,20,1.0,0.46405488731040406,0.4130575055516363,0.2271358159626615,0.3591253998166521,0.37143850707247034,0.5166600597391827,0.8797084510560914,1.00265455519554,0.07234811767737029,0.052178724927892974,0.08920128623825634,258.3299869100828,0.21683998056687415,0.20005000988021493,0.298385025234893,0.405155222109138,0.6244812988944465
9D_phase_sig_2_px0_py0.875,9D_phase,PSF Fitting,2.0,15.0,10.0,31,20,20,1.0,0.20595844024402726,0.19240353767227236,0.09837857903981231,0.16873649596937812,0.15370497340561629,0.22824816301921283,0.3316325836372449,0.49645800981574056,0.07225559648485387,0.02282447929538307,0.0757748512270885,114.12407224099961,3.1580599898006767,3.01059999037534,3.6773550265934323,0.1802625457079735,0.2773052266433927
9D_phase_sig_3_px0.125_py0,9D_phase,Gaussian Fitting,3.0,15.0,10.0,31,20,20,1.0,0.1606399596804574,0.1721174187491084,0.08675707938957788,0.09977845515624624,0.15289292775331845,0.18257050000026978,0.3350202344898019,0.34416527698134647,-0.02592382906161106,0.023904610653153212,0.03526294547672494,91.28524953958728,4.679015011060983,4.577699990477413,5.806280008982867,0.14553807022813414,0.21925541408030402
9D_phase_sig_3_px0.125_py0,9D_phase,Intensity-Weighted Centroid,3.0,15.0,10.0,31,20,20,1.0,0.28467718724499874,0.2691896626872483,0.16213019766540768,0.25449774965809363,0.20629638230399133,0.32760845827412366,0.535644530223017,0.7211820092446934,-0.05935513480014833,0.039975789633808746,0.07156183189375681,163.80422638414143,0.2269649994559586,0.21214998560026288,0.31688505550846463,0.2456430132941892,0.4072545920437407
9D_phase_sig_3_px0.125_py0,9D_phase,PSF Fitting,3.0,15.0,10.0,31,20,20,1.0,0.1589788963791326,0.17333621128856302,0.08676739400935972,0.09962642156278356,0.15125292157078152,0.18111562648513369,0.3242910368010322,0.3450879220705471,-0.024024014889459978,0.0272033551855543,0.036292917005394026,90.55781279377162,3.178070008289069,3.0748500139452517,4.0713050053454936,0.14420192702752926,0.21687988212624007
9D_phase_sig_3_px0.125_py0.125,9D_phase,Gaussian Fitting,3.0,15.0,10.0,31,20,20,1.0,0.16116052248810536,0.14177084418186803,0.09163947189904907,0.11539887002043968,0.14509861342060232,0.18539284457221028,0.32071627858639407,0.3223132961535869,0.025157886579205525,-0.04791708359388167,0.05411992384764795,92.69642180372081,4.768979985965416,4.724099941086024,5.3736399684567004,0.14203543444644295,0.22431067337464475
9D_phase_sig_3_px0.125_py0.125,9D_phase,Intensity-Weighted Centroid,3.0,15.0,10.0,31,20,20,1.0,0.3408168798395672,0.292766312514133,0.20364816224144894,0.23002845212583736,0.3235979461932489,0.3970248349510362,0.6762124254434151,0.8319460397325504,-0.04330735103737311,-0.17247251293144927,0.1778265851068484,198.51241488616648,0.22869000677019358,0.20560005214065313,0.32195007079280924,0.2990367222765081,0.49176852603682936
9D_phase_sig_3_px0.125_py0.125,9D_phase,PSF Fitting,3.0,15.0,10.0,31,20,20,1.0,0.1625561356446309,0.13741333910771242,0.09283215923033332,0.11413161080580385,0.14837884767699916,0.18719590546558865,0.32392889564301264,0.3348578234245107,0.026116513734751833,-0.049470218683558186,0.05594081538784138,93.59795224627194,2.996384975267574,2.807549957651645,3.905919956741855,0.14209433468019558,0.22676164122520964
9D_phase_sig_3_px0.125_py0.25,9D_phase,Gaussian Fitting,3.0,15.0,10.0,31,20,20,1.0,0.19669968952778608,0.1938568028332278,0.11769890082873173,0.14474896911566656,0.17774007723800184,0.22922434232999572,0.411674201763766,0.4645898259124702,0.034241076187606724,0.0647569757486508,0.07325242116542521,114.61216787586824,4.599395004333928,4.47900005383417,5.1621150400023925,0.17691954665006418,0.2785987410141996
9D_phase_sig_3_px0.125_py0.25,9D_phase,Intensity-Weighted Centroid,3.0,15.0,10.0,31,20,20,1.0,0.33488023168361714,0.33528936011508015,0.10732766512093779,0.25305404616798843,0.24418772899307373,0.3516589217875543,0.4945689501790519,0.5189470420219237,-0.09894893040540183,-0.09670786361986075,0.13835932102424703,175.82945884265786,0.22035498404875398,0.20384998060762882,0.3144299436826259,0.3049676885365952,0.3924560857802405
9D_phase_sig_3_px0.125_py0.25,9D_phase,PSF Fitting,3.0,15.0,10.0,31,20,20,1.0,0.1920217386105604,0.18450797842463812,0.11293140650526014,0.14505758691894977,0.16906846882707025,0.222768603430283,0.3964304132777694,0.4491837348299983,0.03342564816352933,0.06169287859117958,0.07016612590144959,111.3842986649088,2.9263200180139393,2.706600003875792,3.6443899443838745,0.17253967132164463,0.2699074464964165
9D_phase_sig_3_px0.125_py0.375,9D_phase,Gaussian Fitting,3.0,15.0,10.0,31,20,20,1.0,0.17665387523108778,0.15779496530433101,0.08389620267701565,0.12277049501648296,0.15222539213676328,0.1955637094600724,0.3096653748699992,0.4060407803524232,-0.04563791921727898,-0.013555335757291686,0.04760847401435791,97.78185261771335,4.775550006888807,4.666250024456531,5.982309998944403,0.15435019703006173,0.23606354246415057
9D_phase_sig_3_px0.125_py0.375,9D_phase,Intensity-Weighted Centroid,3.0,15.0,10.0,31,20,20,1.0,0.4302771506880121,0.3721955583144237,0.1975415809044744,0.2826942428654977,0.37979608692183275,0.47345654773213697,0.7751912479274577,0.9119751368117257,-0.11208524031231377,-0.1780353358919001,0.21037985151152386,236.7282692363722,0.23264498449862003,0.20859995856881142,0.32306497450917965,0.37682978268828393,0.5647126028578118
9D_phase_sig_3_px0.125_py0.375,9D_phase,PSF Fitting,3.0,15.0,10.0,31,20,20,1.0,0.177007892743153,0.15978502907623243,0.08702435357747931,0.1236841467473292,0.15364655561493995,0.19724358597670466,0.30614529860736006,0.414011812630266,-0.04273399418536883,-0.012350709548462646,0.04448296623861344,98.62179087720014,3.0037949967663735,2.805700001772493,3.9451800752431154,0.15565176388566815,0.23889692184628045
9D_phase_sig_3_px0.125_py0.5,9D_phase,Gaussian Fitting,3.0,15.0,10.0,31,20,20,1.0,0.20247980929234002,0.16061281326943172,0.1164386343331173,0.14168799303341126,0.18568936794169935,0.23357232014180063,0.34673723720281163,0.5543636997605191,0.009008814925158504,-0.03291719821348806,0.034127711387988216,116.78615629632591,4.598670004634187,4.6051000244915485,5.10516008362174,0.1726493694946905,0.2979167853970211
9D_phase_sig_3_px0.125_py0.5,9D_phase,Intensity-Weighted Centroid,3.0,15.0,10.0,31,20,20,1.0,0.47743458045812925,0.5021947869113087,0.23309654647097672,0.29145868197938407,0.44421798173055344,0.5312982011958314,0.7557884918418862,0.770995091377033,-0.052038884116313966,-0.3698231825769597,0.3734665069740825,265.64909572534685,0.2178099995944649,0.20855001639574766,0.2547300595324487,0.4419930980137421,0.6056728351115755
9D_phase_sig_3_px0.125_py0.5,9D_phase,PSF Fitting,3.0,15.0,10.0,31,20,20,1.0,0.19882891481825057,0.16059114907184324,0.11332946613585829,0.1402735516451558,0.18083095965927848,0.22885913847264608,0.3315899881883018,0.5420411183632158,0.0029581796881927858,-0.0295967651134049,0.02974423191554453,114.42956553745036,2.9360550339333713,2.7778000221587718,3.556535008829087,0.1690772716214695,0.29122387118544013
9D_phase_sig_3_px0.125_py0.625,9D_phase,Gaussian Fitting,3.0,15.0,10.0,31,20,20,1.0,0.19736730446312242,0.18393736239038888,0.10054538132010839,0.18278270335787947,0.12511478701188888,0.2215022044491767,0.3152413757434693,0.5260946533022912,0.0032251619034980193,0.03530887795300828,0.03545586737909833,110.75109637999094,4.604445013683289,4.435400071088225,5.6973100756295025,0.16917847945214853,0.27650876676518754
9D_phase_sig_3_px0.125_py0.625,9D_phase,Intensity-Weighted Centroid,3.0,15.0,10.0,31,20,20,1.0,0.3633523747264428,0.3117373671557291,0.24602207683123548,0.23019729684924936,0.37357865976390864,0.4388072589505552,0.8018331767595862,1.0284049747624884,-0.017670113340648184,0.23113206219099994,0.23180652078432912,219.4035918497678,0.2303500019479543,0.20840001525357366,0.2955849457066508,0.3127959075350056,0.5679668887370879
9D_phase_sig_3_px0.125_py0.625,9D_phase,PSF Fitting,3.0,15.0,10.0,31,20,20,1.0,0.19673711404302072,0.1870526309781101,0.10057175116309056,0.1807543047573393,0.12707497977838927,0.22095286640817116,0.32418647245118565,0.5274192939447285,0.0019515218176707095,0.038751543038307544,0.03880065109317944,110.4764271554528,3.2994749897625297,3.3290000283159316,3.9231149828992784,0.16839533133366769,0.27652756906211823
9D_phase_sig_3_px0.125_py0.75,9D_phase,Gaussian Fitting,3.0,15.0,10.0,31,20,20,1.0,0.1680061945642055,0.17993392700544514,0.0769188162798764,0.10901347667587898,0.14919332295005916,0.1847771244224865,0.25200412096224717,0.2896437643254107,0.02162355900940156,0.08162085879895357,0.08443662058201873,92.38855141174649,4.672144999494776,4.557350010145456,6.635579967405648,0.15526246562854246,0.2124342380361415
9D_phase_sig_3_px0.125_py0.75,9D_phase,Intensity-Weighted Centroid,3.0,15.0,10.0,31,20,20,1.0,0.3685004781920154,0.3267088215658507,0.20583990449314066,0.2622158071796764,0.33076508155275414,0.4220931990798825,0.7546499986104718,0.8694923704512005,-0.12967793121963495,0.20826610804946882,0.24533882205529028,211.04656463456612,0.22350498475134373,0.21064997417852283,0.32807503594085574,0.3198382050569912,0.5253071816439863
9D_phase_sig_3_px0.125_py0.75,9D_phase,PSF Fitting,3.0,15.0,10.0,31,20,20,1.0,0.16520350539115816,0.1831298063660351,0.07900393134327124,0.11055116812673747,0.1459871863796017,0.18312241632639828,0.2603739573557633,0.294218714040215,0.023557829167373256,0.08167391564104491,0.0850035282280663,91.56119773815269,3.243434993783012,3.1442000763490796,3.893799957586453,0.15271536609715228,0.21101100730181152
9D_phase_sig_3_px0.125_py0.875,9D_phase,Gaussian Fitting,3.0,15.0,10.0,31,20,20,1.0,0.16588483478440358,0.1415225279226023,0.09648484366384061,0.13882373190764719,0.13249556569001975,0.1919038912275742,0.3251932656655454,0.32803629094374726,0.03837925598164134,0.020091677156466405,0.04332023523324898,95.9519342963899,4.599279991816729,4.4015999883413315,5.623070074943826,0.14935930421788335,0.23247438953071645
9D_phase_sig_3_px0.125_py0.875,9D_phase,Intensity-Weighted Centroid,3.0,15.0,10.0,31,20,20,1.0,0.37912131339131344,0.3995369103544729,0.1873317146662198,0.29250475267073056,0.30539664577787234,0.42287840047387204,0.6403624357498829,0.854779031426717,-0.13626835432586404,0.1203825368235357,0.18182689449789644,211.4391690212279,0.22365502081811428,0.2045500441454351,0.26095001958310626,0.3395329691945134,0.505603747046239
9D_phase_sig_3_px0.125_py0.875,9D_phase,PSF Fitting,3.0,15.0,10.0,31,20,20,1.0,0.16888788204434632,0.15195348786462515,0.09433618092491121,0.13796531423299815,0.13560237387860397,0.19344878322936696,0.32921506757712604,0.3334172650510036,0.03688446035610582,0.022410354831441735,0.04315886258269865,96.72437989622976,3.3136249985545874,3.4272000193595886,3.7845750397536904,0.15170314713305955,0.23313368970556259
9D_phase_sig_3_px0.25_py0,9D_phase,Gaussian Fitting,3.0,15.0,10.0,31,20,20,1.0,0.2210805054399795,0.2204464454512648,0.07767607781060783,0.144572972063928,0.1844148006485355,0.2343291764796616,0.3494022729140287,0.3846440524642168,-0.04025843365849937,0.04031991072799883,0.056977510315470874,117.1645872758084,4.5736099884379655,4.454049980267882,5.420714966021478,0.20214240064464717,0.26627069805474696
9D_phase_sig_3_px0.25_py0,9D_phase,Intensity-Weighted Centroid,3.0,15.0,10.0,31,20,20,1.0,0.37495512543342063,0.3074969285695149,0.16363348737150052,0.32120318299445816,0.2533688605815242,0.4091054439605409,0.7066748219419995,0.7357496778860911,-0.11989041516677616,0.04623998203534256,0.128498434183031,204.5527181790718,0.21978001459501684,0.20700006280094385,0.2608099835924805,0.32908590063485904,0.4865730111144113
9D_phase_sig_3_px0.25_py0,9D_phase,PSF Fitting,3.0,15.0,10.0,31,20,20,1.0,0.21753333431841457,0.2270936608886181,0.0813512155954581,0.14382032468972328,0.18235812574351704,0.23224722133654432,0.3378955754854611,0.39022245870585154,-0.04022251619330745,0.04151553910920711,0.05780476447879522,116.1236097179308,3.221845004009083,2.971649984829128,4.621439962647855,0.19901163645916872,0.265571574311008
9D_phase_sig_3_px0.25_py0.125,9D_phase,Gaussian Fitting,3.0,15.0,10.0,31,20,20,1.0,0.15334474638076695,0.14385076793912857,0.10023990598632196,0.14491520243389472,0.11208137266411275,0.18320111897782831,0.3521698004634701,0.3530398552251831,0.02699472205168263,-0.005314735110431457,0.02751293201281269,91.6005574510553,4.772264999337494,4.468249971978366,6.035389966564254,0.13402881195947344,0.22707916156192437
9D_phase_sig_3_px0.25_py0.125,9D_phase,Intensity-Weighted Centroid,3.0,15.0,10.0,31,20,20,1.0,0.311971925184387,0.2899956940942599,0.1953571386220308,0.2969810197177943,0.21746992353247183,0.3680908769771944,0.7101346942614283,0.762509924422068,-0.10238226268182302,0.009902546815527557,0.10286004153841045,184.04543455774527,0.22668001474812627,0.20540005061775446,0.31085003283806145,0.27419650286114855,0.45527761810659934
9D_phase_sig_3_px0.25_py0.125,9D_phase,PSF Fitting,3.0,15.0,10.0,31,20,20,1.0,0.15060058049698544,0.1405214577451412,0.09816032358920208,0.1429123670231948,0.10905062734800533,0.1797664706589242,0.34427288543650086,0.35134976973641835,0.02643013415961377,-0.0017481030350211314,0.02648788130289459,89.88323337324219,3.0603000021073967,2.909649978391826,4.107830044813454,0.129267193088063,0.2235376768007851
9D_phase_sig_3_px0.25_py0.25,9D_phase,Gaussian Fitting,3.0,15.0,10.0,31,20,20,1.0,0.18684613705609082,0.18502908031034904,0.11861972317701978,0.16746007163784923,0.1447039808243805,0.2213190404356938,0.36642334390854436,0.45732185936230957,0.06519317177597941,-0.008826155215456311,0.06578792185576077,110.65951757037375,4.830000002402812,4.53670002752915,5.932445038342848,0.1670880320637913,0.27089062265718866
9D_phase_sig_3_px0.25_py0.25,9D_phase,Intensity-Weighted Centroid,3.0,15.0,10.0,31,20,20,1.0,0.36984520631676976,0.37556267982026265,0.17755287809478837,0.333328927959371,0.23917007952645994,0.4102566284110919,0.6323383200368732,0.6949779621489656,-0.1929077855126195,-0.15364042793228805,0.246614668676864,205.12831253908368,0.21669500856660306,0.208800018299371,0.2532849495764822,0.33336017720865263,0.4800783897799217
9D_phase_sig_3_px0.25_py0.25,9D_phase,PSF Fitting,3.0,15.0,10.0,31,20,20,1.0,0.18370112032406172,0.18073193698066278,0.1191881799893702,0.16848476898940773,0.1398742523700478,0.21897927723301563,0.36527433015090716,0.4610839208073022,0.06499904307713109,-0.009116772086593982,0.06563528878752375,109.48963591174169,2.9517250193748623,2.9317999724298716,3.4938250028062616,0.16422039150759998,0.26960615571057106
9D_phase_sig_3_px0.25_py0.375,9D_phase,Gaussian Fitting,3.0,15.0,10.0,31,20,20,1.0,0.1322280825614855,0.12720647371192847,0.0803331631582577,0.11161649148215745,0.1071421567363274,0.15471807561141096,0.2913208236299465,0.34964864277407187,-0.010466161696518839,0.013862858414165657,0.017370071504426276,77.35903596229595,4.5508099952712655,4.528850025963038,5.74797501321882,0.11344323894622535,0.1935988119312684
9D_phase_sig_3_px0.25_py0.375,9D_phase,Intensity-Weighted Centroid,3.0,15.0,10.0,31,20,20,1.0,0.3722971604541357,0.3118907795161584,0.19818135912701978,0.23402343025043676,0.35087613324571426,0.42175944184765474,0.7213156943277083,0.7582862140007969,-0.041437082978711716,-0.22388339374365956,0.2276857611708803,210.87971685799943,0.22377001587301493,0.20760006736963987,0.309729902073741,0.3346539258850532,0.5044865457579809
9D_phase_sig_3_px0.25_py0.375,9D_phase,PSF Fitting,3.0,15.0,10.0,31,20,20,1.0,0.13573601532409052,0.13302096314098127,0.0775836591542091,0.11336493940409413,0.10766559588709984,0.15634413971690217,0.27803194029012473,0.3435833686641616,-0.011504338573217865,0.010801749631770007,0.015780608388610114,78.17206803789004,3.0990799830760807,2.982499951031059,4.040829959558323,0.11784245779978923,0.19417122131551298
9D_phase_sig_3_px0.25_py0.5,9D_phase,Gaussian Fitting,3.0,15.0,10.0,31,20,20,1.0,0.173827596457492,0.17372017360165004,0.06426126314750837,0.12160912414054725,0.13984550102620735,0.18532550615471685,0.2763965203633601,0.2850330792423235,-0.029697213405142975,-0.02936542691672912,0.04176425244191931,92.66274966711613,4.668575007235631,4.449350060895085,5.696629919111729,0.1573116142303612,0.20955881611851468
9D_phase_sig_3_px0.25_py0.5,9D_phase,Intensity-Weighted Centroid,3.0,15.0,10.0,31,20,20,1.0,0.4534270636994967,0.47789721204251195,0.23153753879034064,0.3179886938456654,0.39760397954568266,0.5091225137078854,0.7944859119170157,0.9885105065465596,-0.03958175058118059,-0.2996738091565703,0.30227654039551155,254.56125015156448,0.2125800005160272,0.20684994524344802,0.24837001692503693,0.39791208841220155,0.6108077037400081
9D_phase_sig_3_px0.25_py0.5,9D_phase,PSF Fitting,3.0,15.0,10.0,31,20,20,1.0,0.17211801042157784,0.17181399077410608,0.06498926807320021,0.12165048232327748,0.13801947191134525,0.1839788424688357,0.27190324743538924,0.28647419591889833,-0.0314472798936265,-0.028991668945542413,0.042772050230916146,91.98941787643686,2.901354996720329,2.6791999698616564,3.6550749500747775,0.15585540339053836,0.2085119408386911
9D_phase_sig_3_px0.25_py0.625,9D_phase,Gaussian Fitting,3.0,15.0,10.0,31,20,20,1.0,0.19797999342051323,0.17884573181661323,0.09641488822849338,0.14864848237521244,0.1624670340544367,0.22020878380959133,0.35621055460836354,0.3903008279882937,-0.030751323683767852,0.007679051734106679,0.03169561079769482,110.10438446916561,4.860154999187216,5.006749997846782,5.679224978666753,0.17548229387965275,0.2606989023860999
9D_phase_sig_3_px0.25_py0.625,9D_phase,Intensity-Weighted Centroid,3.0,15.0,10.0,31,20,20,1.0,0.48217079366773,0.49353336684479326,0.23111624056011534,0.35588320674485774,0.3990620679465873,0.5346993462842551,0.865450143627876,0.8982707894715208,-0.16981878409050638,0.18169069104522464,0.2486964548248915,267.3496420418189,0.2187000121921301,0.21030002972111106,0.2677099488209933,0.4347373504377888,0.6239068492132025
9D_phase_sig_3_px0.25_py0.625,9D_phase,PSF Fitting,3.0,15.0,10.0,31,20,20,1.0,0.19406771636140913,0.17933165320115313,0.09722144486646671,0.14609477472062576,0.16053225431353468,0.21705825917401936,0.356150871611551,0.3821031749036107,-0.029560932394059592,0.005369851462779707,0.030044700510048008,108.529122186986,3.179970005294308,3.0894000083208084,3.857445006724447,0.17216826928670886,0.25851538809000174
9D_phase_sig_3_px0.25_py0.75,9D_phase,Gaussian Fitting,3.0,15.0,10.0,31,20,20,1.0,0.14305799192424645,0.13149449686652065,0.07621962210436622,0.10871474530874478,0.12023362258363883,0.16209571199488945,0.2706708371067295,0.276192329948176,0.019272111909481283,-0.03268229340811786,0.03794135738038209,81.04784961042527,4.758155014133081,4.574150021653622,6.051879993174225,0.12717593433808813,0.19548855034505408
9D_phase_sig_3_px0.25_py0.75,9D_phase,Intensity-Weighted Centroid,3.0,15.0,10.0,31,20,20,1.0,0.39121450705119243,0.3711808644564768,0.17282755249187615,0.31431131489457975,0.29004577355458905,0.4276893188140658,0.6640456109087761,0.694506108270683,-0.0533820506824668,-0.0021515991935302735,0.05342539390734573,213.8446383566931,0.21233997540548444,0.20554993534460664,0.2529049466829747,0.3521744975683004,0.502534832589054
9D_phase_sig_3_px0.25_py0.75,9D_phase,PSF Fitting,3.0,15.0,10.0,31,20,20,1.0,0.14163142965530856,0.1273420427276067,0.07402398384307131,0.10205273924931661,0.12298069141908773,0.1598092990104327,0.25926862011232427,0.2793182114017168,0.016023744597185897,-0.0382242281413653,0.04144697827247467,79.90464301991113,3.2126749923918396,3.0665500089526176,4.0935149940196425,0.12502131760487198,0.1924926460342103
9D_phase_sig_3_px0.25_py0.875,9D_phase,Gaussian Fitting,3.0,15.0,10.0,31,20,20,1.0,0.18766098392643596,0.16720667090342023,0.11538159312946202,0.1455835321245502,0.16533297340661005,0.2202942507677646,0.39144596836032813,0.48360822589614105,0.04032742246442922,0.016531137162627375,0.04358416568564953,110.14710825030153,4.809519986156374,4.618399951141328,6.150584958959372,0.1666638000341914,0.27494989079579096
9D_phase_sig_3_px0.25_py0.875,9D_phase,Intensity-Weighted Centroid,3.0,15.0,10.0,31,20,20,1.0,0.40974680429998644,0.3857743701437205,0.18479417470704748,0.38800872636109407,0.22691531219235014,0.4494900784663774,0.7290974973029029,0.7627208657985219,-0.28611956892088986,0.002855928802574681,0.2861338219239404,224.74502391107387,0.22444502683356404,0.2086500753648579,0.27379496605135506,0.3737848110542685,0.5250283317279602
9D_phase_sig_3_px0.25_py0.875,9D_phase,PSF Fitting,3.0,15.0,10.0,31,20,20,1.0,0.1879950179764392,0.16843209885936367,0.11436115405616458,0.14387198791203626,0.16649760189041282,0.2200468139760708,0.39182463417296687,0.47744064363932,0.04265520406117389,0.017826180492772892,0.04623028384577908,110.02338987718966,3.2125899917446077,3.1201999518088996,4.0045749803539366,0.16756922010604877,0.2737356250584704
9D_phase_sig_3_px0.375_py0,9D_phase,Gaussian Fitting,3.0,15.0,10.0,31,20,20,1.0,0.2295261190284478,0.24845814867055946,0.10030112349879662,0.16445412101246215,0.18893754728322398,0.250484639631619,0.3737444393816864,0.40896217237774307,-0.008766241513745854,-0.005144236765988808,0.010164160672769405,125.24231710868901,4.839360003825277,4.656449949834496,6.389090063748881,0.20811580790738105,0.2887529923474033
9D_phase_sig_3_px0.375_py0,9D_phase,Intensity-Weighted Centroid,3.0,15.0,10.0,31,20,20,1.0,0.3850729592100156,0.3815035425095951,0.22750693573095407,0.2874882400253759,0.3426238485096427,0.4472589738847582,0.8284440791723715,0.8574390734506182,-0.09853047078605073,-0.026764207992619048,0.102100815387503,223.62948064172454,0.22645501885563135,0.2169999643228948,0.28616006602533167,0.34664227047156465,0.5447069628189188
9D_phase_sig_3_px0.375_py0,9D_phase,PSF Fitting,3.0,15.0,10.0,31,20,20,1.0,0.22633839808929226,0.24560466229855257,0.09395294621275914,0.15675723202156275,0.1883703712387447,0.24506371937046206,0.36145355184439154,0.38357634467230267,-0.0071615116321027015,-0.008596015065660368,0.011188329806803262,122.53185710590071,2.983745001256466,2.9923500260338187,3.5710399912204593,0.2055286229663857,0.2805657411590183
9D_phase_sig_3_px0.375_py0.125,9D_phase,Gaussian Fitting,3.0,15.0,10.0,31,20,20,1.0,0.18316706119661813,0.18214906655878962,0.0869927365933101,0.13763583973204432,0.1489103225053713,0.20277551264242605,0.33345716144757426,0.34028070067061605,0.025329255476128763,0.01002900879367985,0.027242470525976652,101.38775353683337,4.352674999972805,4.333649994805455,5.089304957073182,0.16555008294885443,0.2381568065959327
9D_phase_sig_3_px0.375_py0.125,9D_phase,Intensity-Weighted Centroid,3.0,15.0,10.0,31,20,20,1.0,0.3658275777559371,0.3543876723506175,0.16212469786362177,0.2556365370186714,0.3078379366570149,0.40014276740201976,0.6821489663289162,0.6846695140444427,-0.2159843958162469,-0.01914445250808967,0.2168312000103853,200.07138055343918,0.23952500196173787,0.21899997955188155,0.3079150046687573,0.325504006813727,0.47098071738551184
9D_phase_sig_3_px0.375_py0.125,9D_phase,PSF Fitting,3.0,15.0,10.0,31,20,20,1.0,0.18030183073939146,0.17229650855792578,0.08934203556537354,0.1341514098574007,0.14998049446582157,0.20122313357797764,0.33855368384330614,0.34196427199322577,0.025913881648597224,0.012947164234884668,0.028968229559684533,100.61156404353393,3.1798100157175213,3.0514500685967505,3.877539950190112,0.16390200009290518,0.23679211566202393
9D_phase_sig_3_px0.375_py0.25,9D_phase,Gaussian Fitting,3.0,15.0,10.0,31,20,20,1.0,0.16834024888133584,0.16063134024870032,0.08514741399800056,0.1286648591535773,0.13796331223541677,0.18864920223519896,0.32552175595128474,0.3641947224719123,-0.03566581964536795,0.0044473001143785496,0.03594202511383111,94.32459935880695,5.167130014160648,5.186649970710278,6.54418005142361,0.14618082894804227,0.2288447991090888
9D_phase_sig_3_px0.375_py0.25,9D_phase,Intensity-Weighted Centroid,3.0,15.0,10.0,31,20,20,1.0,0.4387474466082188,0.4078153663211418,0.21835646774749132,0.4003431717285567,0.28267333401421574,0.49008047187415354,0.8208846769214146,0.9605341498616966,-0.34655843051195917,-0.14724141387885084,0.3765405419340067,245.0402332772243,0.21592999692074955,0.20559999393299222,0.2642900100909174,0.39005070798910413,0.5926525280607093
9D_phase_sig_3_px0.375_py0.25,9D_phase,PSF Fitting,3.0,15.0,10.0,31,20,20,1.0,0.170289808350426,0.1448519720714322,0.08874158167043915,0.12889984740597507,0.1423324154369355,0.19202522528406535,0.3265019172567326,0.3650277437657698,-0.037699366070677344,0.007656340585947418,0.03846897130544257,96.0126108463788,3.252395009621978,3.2581000705249608,4.144559957785532,0.1491742157588211,0.23197511497613438
9D_phase_sig_3_px0.375_py0.375,9D_phase,Gaussian Fitting,3.0,15.0,10.0,31,20,20,1.0,0.17818126228938444,0.1772008127694823,0.07314745182693957,0.13822319841295727,0.13413970091030142,0.19261129753940415,0.28988871235418223,0.3073570421054382,0.062349820625155414,0.025193278815453368,0.06724731540710177,96.30564461777814,4.616545018507168,4.444749967660755,5.412815022282304,0.16136704057240506,0.22161300966603026
9D_phase_sig_3_px0.375_py0.375,9D_phase,Intensity-Weighted Centroid,3.0,15.0,10.0,31,20,20,1.0,0.43034335111702093,0.4050763237514829,0.1605879429960547,0.31211122852962053,0.33700217849750264,0.45932982407669953,0.6740047897203255,0.7129836209461072,-0.19609201796659476,-0.2506305937131629,0.318225979478772,229.6649085167236,0.22407499491237104,0.2070499467663467,0.3238200093619526,0.3905187774012807,0.5245952233952127
9D_phase_sig_3_px0.375_py0.375,9D_phase,PSF Fitting,3.0,15.0,10.0,31,20,20,1.0,0.17899930999396496,0.1783246455496856,0.07526164759017344,0.1394746600979841,0.1350995476189866,0.19417793019883342,0.300187273835797,0.31245068937002024,0.0633449993315935,0.025432117695800116,0.06825966269190473,97.0889609166882,2.9621300054714084,2.9946999857202172,3.5247700521722436,0.16131239557604818,0.22419540568770085
9D_phase_sig_3_px0.375_py0.5,9D_phase,Gaussian Fitting,3.0,15.0,10.0,31,20,20,1.0,0.1634410820302426,0.16072196855496484,0.07958390270932564,0.14949453576260602,0.10343098492611777,0.18178719664944473,0.26269846722318374,0.3867351212656125,-0.020389512848720415,-0.004906466026756107,0.020971543650381265,90.89359488495674,4.750849999254569,4.623749991878867,5.979540024418384,0.14526872832025917,0.22036266320925188
9D_phase_sig_3_px0.375_py0.5,9D_phase,Intensity-Weighted Centroid,3.0,15.0,10.0,31,20,20,1.0,0.4587580007879362,0.43874119787506943,0.21664087449403424,0.3439739354920389,0.3729264049254258,0.5073383208357949,0.7718815346031542,0.9511491476341477,-0.2640347959528867,-0.28305857711916926,0.38708724023740587,253.66915584119803,0.2781999937724322,0.21445000311359763,0.49878501449711654,0.4072621677668478,0.6021216954549381
9D_phase_sig_3_px0.375_py0.5,9D_phase,PSF Fitting,3.0,15.0,10.0,31,20,20,1.0,0.16491059267650293,0.1582946473836367,0.0799203820886848,0.15214877662023896,0.10214460741067764,0.18325602595853932,0.25277793357339123,0.40845978384320797,-0.019741949859690067,-0.0068140293728561115,0.0208848169864297,91.62800955065707,3.06698500062339,2.846399962436408,3.8344300410244614,0.14559298653191952,0.22475792642789916
9D_phase_sig_3_px0.375_py0.625,9D_phase,Gaussian Fitting,3.0,15.0,10.0,31,20,20,1.0,0.176649246968062,0.16871002778774902,0.07658463679998738,0.1373757794755792,0.13490017887922304,0.19253613439603834,0.27874133616017727,0.2880424236693046,-0.021161395532351433,-0.025011398458963184,0.032762397863246355,96.26806154093309,5.150135001167655,5.034100031480193,6.305369979236275,0.15928444309773765,0.22173823652309085
9D_phase_sig_3_px0.375_py0.625,9D_phase,Intensity-Weighted Centroid,3.0,15.0,10.0,31,20,20,1.0,0.486408232689146,0.4468055949394454,0.26445651611814625,0.3526270693711817,0.4268306077260833,0.553651711588726,0.9385996691513855,1.1157147984785212,-0.22690658049862691,0.3082824966509577,0.3827854412264495,276.82581913744355,0.23964999127201736,0.22069999249652028,0.3103349066805095,0.4318044877862557,0.67243254864105
9D_phase_sig_3_px0.375_py0.625,9D_phase,PSF Fitting,3.0,15.0,10.0,31,20,20,1.0,0.17587233194770704,0.16555946097825525,0.0740118176833224,0.1357278753918763,0.13411476482148077,0.1908109700764445,0.27607956626009433,0.297833380543528,-0.02178085850048319,-0.02523192131000087,0.03333250140646733,95.40547938996268,3.3662499918136746,3.2057000207714736,4.541524912929162,0.15946305849786857,0.21941899209496857
9D_phase_sig_3_px0.375_py0.75,9D_phase,Gaussian Fitting,3.0,15.0,10.0,31,20,20,1.0,0.182180120015311,0.19445352869662064,0.07428198130605877,0.1249855466077623,0.15194085038167213,0.19674198554336794,0.3006964470065112,0.31300862161429527,-0.0024153474265006026,0.002119603413103732,0.0032135061567615014,98.3709832294631,4.646610002964735,4.684800049290061,5.435564985964447,0.16306650707998918,0.22430504740060772
9D_phase_sig_3_px0.375_py0.75,9D_phase,Intensity-Weighted Centroid,3.0,15.0,10.0,31,20,20,1.0,0.43655204179836166,0.4654998720809128,0.18230305221162646,0.35004018365139294,0.31825140671062635,0.4730878227602074,0.7066932820870032,0.7299795656125966,-0.2050767360387681,0.16201423921570496,0.2613524083932617,236.5438866287749,0.21572498371824622,0.20715000573545694,0.2694349503144622,0.3955195431928463,0.5408901281017764
9D_phase_sig_3_px0.375_py0.75,9D_phase,PSF Fitting,3.0,15.0,10.0,31,20,20,1.0,0.1785939234891607,0.20010581914812037,0.07653590106165069,0.12131332771829499,0.15177816106569658,0.19430268566999007,0.3056494370261238,0.30695529793537063,-0.006993554459961615,-0.0013054148210301264,0.0071143454962079335,97.15133346147516,2.9995949764270335,2.908600028604269,3.7580799777060747,0.15999204107675644,0.22188395809218653
9D_phase_sig_3_px0.375_py0.875,9D_phase,Gaussian Fitting,3.0,15.0,10.0,31,20,20,1.0,0.15237759765114192,0.12639264944773002,0.09597687106240811,0.14509450768460286,0.10666806403336532,0.18008468020590593,0.3398885570444676,0.3513217859413155,-0.003055646327447903,0.011455821856270632,0.01185634129405247,90.04233127282065,4.799625009763986,4.789200029335916,5.55894507560879,0.1343443833773009,0.2213766028418325
9D_phase_sig_3_px0.375_py0.875,9D_phase,Intensity-Weighted Centroid,3.0,15.0,10.0,31,20,20,1.0,0.39800694366850375,0.3961976214302196,0.22823652429384614,0.3437890050455914,0.3038265265572466,0.4588043572483581,0.736611927941327,0.7396958257604749,-0.22471625978839144,0.10388378024107396,0.24756663185990874,229.4021526405349,0.2100550103932619,0.20454998593777418,0.23395502357743683,0.35606691943534696,0.542718285223551
9D_phase_sig_3_px0.375_py0.875,9D_phase,PSF Fitting,3.0,15.0,10.0,31,20,20,1.0,0.15246340904684208,0.12860227932132082,0.09129287635864138,0.1427827589326033,0.10579491539584004,0.17770616301079395,0.32423734198628856,0.3527899451531437,-0.005332997034111031,0.012520652929833887,0.013609100159642992,88.85307295387835,2.9997099947649986,3.0384499696083367,3.484899940667674,0.13287124865839328,0.2182188153226908
9D_phase_sig_3_px0.5_py0,9D_phase,Gaussian Fitting,3.0,15.0,10.0,31,20,20,1.0,0.15895317123783995,0.14921043602517164,0.08953069195323905,0.1314494746714743,0.12650253379590976,0.18243315336909532,0.28961168224597506,0.31601099702427754,0.004052388111159644,0.029156619305973665,0.029436886702858784,91.21657338533448,4.965505003929138,4.759249975904822,6.047340022632853,0.14221411012138913,0.2179750195087136
9D_phase_sig_3_px0.5_py0,9D_phase,Intensity-Weighted Centroid,3.0,15.0,10.0,31,20,20,1.0,0.4161031531464225,0.40114828790357054,0.18489853310549506,0.38306522527209896,0.24615104060351867,0.45533427457523884,0.696239606973376,0.766996313117808,-0.2919539470070049,-0.012084321763211392,0.2922039322210532,227.66713261054943,0.2114150149282068,0.2052999916486442,0.22806506021879622,0.37378877046922737,0.5330718028306504
9D_phase_sig_3_px0.5_py0,9D_phase,PSF Fitting,3.0,15.0,10.0,31,20,20,1.0,0.153873226789515,0.14233177852612872,0.08544333648082403,0.12696406501506446,0.1218920008304208,0.17600435696764108,0.2634886647891461,0.3149864176331683,0.007203788769203356,0.030293021816282815,0.031137786424103545,88.00217519427093,2.9863100266084075,2.9789000400342047,3.775989980204031,0.13751279967778096,0.21017130559712438
9D_phase_sig_3_px0.5_py0.125,9D_phase,Gaussian Fitting,3.0,15.0,10.0,31,20,20,1.0,0.1511111184632497,0.14424010081855845,0.0887485422269705,0.12489637695541664,0.12292993489804316,0.175245182160956,0.31105822396250693,0.3518607884781264,-0.009796697304290091,-0.003221044999207834,0.010312633463805768,87.62258721830814,4.952784988563508,4.917750018648803,5.851645010989159,0.13285999835151724,0.21676051760789045
9D_phase_sig_3_px0.5_py0.125,9D_phase,Intensity-Weighted Centroid,3.0,15.0,10.0,31,20,20,1.0,0.39318486598742125,0.40839928481821297,0.1746336234155261,0.325343867608132,0.281500637794241,0.4302223160980636,0.6248443124729324,0.7235780892712743,-0.23260770971872374,-0.058091790300272804,0.239751960828021,215.11115360292928,0.22703000577166677,0.215150008443743,0.2998049429152161,0.36117798478188157,0.4985764805020282
9D_phase_sig_3_px0.5_py0.125,9D_phase,PSF Fitting,3.0,15.0,10.0,31,20,20,1.0,0.15041274168381444,0.13480100203553105,0.09394981094178581,0.12574606941828276,0.1250539318162032,0.17734305691748742,0.3301007990758692,0.36209900785394467,-0.008462877409908743,-0.0006798153507190819,0.008490137982754874,88.67152448030348,3.31509000970982,3.3267499529756606,4.644850076874718,0.13032104480086096,0.22162699165662197
9D_phase_sig_3_px0.5_py0.25,9D_phase,Gaussian Fitting,3.0,15.0,10.0,31,20,20,1.0,0.15384967747904818,0.1588168683470801,0.09557421000052128,0.1228064243607468,0.13312676294929982,0.18111916761522204,0.3319192675314455,0.33926543244530866,0.03061063813996725,-0.01858021538712933,0.03580831706696274,90.55957971980853,4.741555015789345,4.684700048528612,5.716945067979396,0.1390675683266738,0.22095452091817722
9D_phase_sig_3_px0.5_py0.25,9D_phase,Intensity-Weighted Centroid,3.0,15.0,10.0,31,20,20,1.0,0.39072418198855646,0.35214062197017704,0.17716529289554428,0.3119585598953107,0.29450769821081835,0.4290139011703358,0.6361689568480136,0.8439932071841935,-0.12530935512943414,-0.13124538317987913,0.18146014738500557,214.5069441240701,0.21663999068550766,0.20700006280094385,0.25975996977649635,0.3444647138547046,0.5101981904097092
9D_phase_sig_3_px0.5_py0.25,9D_phase,PSF Fitting,3.0,15.0,10.0,31,20,20,1.0,0.15420253741063036,0.1649523025138318,0.09467894447702666,0.11996884216016893,0.13546217915680092,0.1809489570877952,0.3284371656260824,0.3407300775869013,0.03109830184649809,-0.018633963286981726,0.036253675200129565,90.47447456102361,2.963710011681542,2.9177500400692225,3.81529001169838,0.13980303994883378,0.22045006341281762
9D_phase_sig_3_px0.5_py0.375,9D_phase,Gaussian Fitting,3.0,15.0,10.0,31,20,20,1.0,0.20292686822618006,0.17573907084851917,0.13512007388856737,0.20411827861444837,0.13331345225149557,0.24379653036033422,0.4132897071610474,0.4378498603525976,-0.05486405270604564,0.07796851756143042,0.09533705475867627,121.89825784095154,4.709770006593317,4.702350008301437,5.380684998817743,0.181422477014941,0.2974194219177274
9D_phase_sig_3_px0.5_py0.375,9D_phase,Intensity-Weighted Centroid,3.0,15.0,10.0,31,20,20,1.0,0.38849201891193974,0.3365517266635445,0.16901484057688812,0.33827622004751917,0.25507109605729184,0.423665038790677,0.7222564435618554,0.777598181451603,-0.20405300227818088,-0.13464782526232852,0.24447426160357624,211.83251426140194,0.2248849894385785,0.20284997299313545,0.3048449812922627,0.339779636459034,0.5041744155471857
9D_phase_sig_3_px0.5_py0.375,9D_phase,PSF Fitting,3.0,15.0,10.0,31,20,20,1.0,0.20170578264981506,0.1780584104291822,0.13130626855526834,0.20135532535649675,0.13184305771204644,0.24067936952776547,0.39623016020179663,0.4432182067144529,-0.04961249736975333,0.0753767248870986,0.09023885277400821,120.33967751798453,2.958879998186603,2.7892000507563353,3.9848200220149015,0.17995214911598892,0.2926772260518511
9D_phase_sig_3_px0.5_py0.5,9D_phase,Gaussian Fitting,3.0,15.0,10.0,31,20,20,1.0,0.16324402814081926,0.15592091042600936,0.09067232742287153,0.1089556701521085,0.1516533732748004,0.18673533057223268,0.3077914964788261,0.3391574904424544,0.005652322828319711,-0.008886248772125783,0.010531579681873519,93.36765893032418,4.87124000210315,4.824099945835769,5.683365074219183,0.14386470515083324,0.22320223421376575
9D_phase_sig_3_px0.5_py0.5,9D_phase,Intensity-Weighted Centroid,3.0,15.0,10.0,31,20,20,1.0,0.494390617333451,0.5369394181669691,0.2334993984465117,0.37910729788038816,0.39398186287704196,0.5467577631659505,0.8294464079007275,0.8813164551050385,-0.28725582581637354,-0.2867582972297839,0.4058894313671789,273.3788751289473,0.23662997991777956,0.20769995171576738,0.3092249506153168,0.44869414845153843,0.6397264697804927
9D_phase_sig_3_px0.5_py0.5,9D_phase,PSF Fitting,3.0,15.0,10.0,31,20,20,1.0,0.1638208792846856,0.14445609761756095,0.09101144979105678,0.10618178670837783,0.15442082972868054,0.18740428085472752,0.31950441503285393,0.34528497032194666,0.00588118324258744,-0.007676124293482189,0.009670118949727493,93.7021339426651,3.016720013692975,2.9878499917685986,3.690955037018284,0.14356201494183243,0.226056974268599
9D_phase_sig_3_px0.5_py0.625,9D_phase,Gaussian Fitting,3.0,15.0,10.0,31,20,20,1.0,0.15714935886659173,0.1286243736323832,0.07751064908772039,0.11031250268122549,0.136143209402398,0.17522506017742032,0.3055053086243754,0.32482038251571316,0.037243293974876225,-0.025499580389646326,0.045136366115883626,87.6125224364844,4.969795001670718,4.886450013145804,6.090160069288686,0.13832110170101825,0.21112347796201078
9D_phase_sig_3_px0.5_py0.625,9D_phase,Intensity-Weighted Centroid,3.0,15.0,10.0,31,20,20,1.0,0.4857402917662112,0.48997878792865157,0.18057192806712344,0.41284083005033606,0.31322883215686254,0.5182179582482668,0.7158295312535907,0.8337784553793445,-0.31945032548979385,0.21159820028952936,0.38317399288221926,259.1089579345129,0.2347300003748387,0.20659994333982468,0.40249997400678705,0.4451230442792849,0.5904826185601417
9D_phase_sig_3_px0.5_py0.625,9D_phase,PSF Fitting,3.0,15.0,10.0,31,20,20,1.0,0.15588225957838717,0.12773401923802818,0.07729340393332962,0.109822362846909,0.13495405796635535,0.17399295716454888,0.30940855037731607,0.3190277941791457,0.037773125615024127,-0.02346533037429026,0.04446831173209728,86.99647096899645,3.5044349962845445,3.536250034812838,4.192050010897219,0.13823796266649507,0.20930278393042848
9D_phase_sig_3_px0.5_py0.75,9D_phase,Gaussian Fitting,3.0,15.0,10.0,31,20,20,1.0,0.1710084821981615,0.17204610297805423,0.0801361400217305,0.14220787695817366,0.12426834533520693,0.18885365212592872,0.28384149244620116,0.38168118122488426,0.030382443040821272,-0.01573267443233135,0.034214176738926246,94.42681701275494,4.632264998508617,4.528149962425232,5.521489976672457,0.1523035524232925,0.22721302787267386
9D_phase_sig_3_px0.5_py0.75,9D_phase,Intensity-Weighted Centroid,3.0,15.0,10.0,31,20,20,1.0,0.5404161456981702,0.4919782904469273,0.28932324892861916,0.4801206020327647,0.38110597004714225,0.6129906629809934,1.0240854820543095,1.2281983981220148,-0.3616892990903636,0.2964377701925855,0.46764783830702206,306.49529574698016,0.2296100021339953,0.21039997227489948,0.30064004240557557,0.4680552007247835,0.7400505586503751
9D_phase_sig_3_px0.5_py0.75,9D_phase,PSF Fitting,3.0,15.0,10.0,31,20,20,1.0,0.16747724197132133,0.18368746855920376,0.07847507345209805,0.1433808465258101,0.11682849216340498,0.18495124690477946,0.28869704547848185,0.34426186236751494,0.030418804387312547,-0.01010011081433504,0.03205176904346206,92.47561449740753,3.202295012306422,3.128900018054992,3.7131700548343365,0.1513965417440091,0.21985013587938093
9D_phase_sig_3_px0.5_py0.875,9D_phase,Gaussian Fitting,3.0,15.0,10.0,31,20,20,1.0,0.17391017224929772,0.1655641429586952,0.11042317348245248,0.1459846306800311,0.14534962283725103,0.2060049156057112,0.33580781111181984,0.41010981759378456,-0.012067212147388772,-0.053506183759594705,0.05485006207403601,103.00244709879978,4.820114996982738,4.800549999345094,5.7341200415976346,0.15365074985762833,0.2527915890641641
9D_phase_sig_3_px0.5_py0.875,9D_phase,Intensity-Weighted Centroid,3.0,15.0,10.0,31,20,20,1.0,0.39994759042155104,0.2898986402256355,0.2456341054888709,0.40363391292047474,0.23952839748937735,0.4693550775940562,0.8349560001237819,0.8511196886667651,-0.2316563591912427,0.010930282467819552,0.2319140785475698,234.67752214971225,0.22723503643646836,0.20569999469444156,0.34805008326657116,0.3484025278848288,0.5755685077202187
9D_phase_sig_3_px0.5_py0.875,9D_phase,PSF Fitting,3.0,15.0,10.0,31,20,20,1.0,0.173173942303647,0.15203465588724846,0.11010631988463195,0.14412486559053642,0.14608435607563727,0.20521358622548305,0.3629230947820458,0.40776634443107734,-0.014499979820709542,-0.05498376330597239,0.05686355284440271,102.606782398686,3.3590700069908053,3.043500008061528,4.3660050025209785,0.15107029671664537,0.253712839492771
9D_phase_sig_3_px0.625_py0,9D_phase,Gaussian Fitting,3.0,15.0,10.0,31,20,20,1.0,0.1703958606668511,0.16547307628628594,0.10358670290903081,0.12354148055201762,0.15653260661912008,0.19941152010844498,0.3857360847163622,0.3898323751735681,0.023433831694183026,-0.03307366347643779,0.040534080520272714,99.70575587264311,5.115855013718829,5.066149984486401,6.600565073313192,0.15001759643555743,0.2434755597637139
9D_phase_sig_3_px0.625_py0,9D_phase,Intensity-Weighted Centroid,3.0,15.0,10.0,31,20,20,1.0,0.3253719882746329,0.30600347274081585,0.15655195408061867,0.2804526335965367,0.22742419701741215,0.36107540082404943,0.6189768498551168,0.6677305845811242,0.18367962534110233,-0.0480101960468744,0.18985042451863793,180.5376792413691,0.2460349933244288,0.20579993724822998,0.3464999725110831,0.2888736764916907,0.43145507247373516
9D_phase_sig_3_px0.625_py0,9D_phase,PSF Fitting,3.0,15.0,10.0,31,20,20,1.0,0.1680044419801338,0.16935842603318224,0.10255896967374835,0.12596799015719012,0.1512478106993785,0.19683453656713037,0.3703289483418105,0.38853791953117534,0.020179570169409543,-0.03257411927419866,0.03831825020420223,98.4172639796023,3.423609974561259,3.2665999606251717,4.166385013377294,0.14966673906222402,0.24000183383816612
9D_phase_sig_3_px0.625_py0.125,9D_phase,Gaussian Fitting,3.0,15.0,10.0,31,20,20,1.0,0.17808192341385393,0.15128745586983539,0.08931020171628996,0.14929085292906935,0.13191559729271263,0.19922219649773504,0.31791904875393223,0.32132229981022475,-0.012596143240659784,0.0289330256857113,0.03155602636374309,99.61109324433133,4.924244998255745,4.920600040350109,5.975465063238517,0.1602571770151413,0.23728130670847483
9D_phase_sig_3_px0.625_py0.125,9D_phase,Intensity-Weighted Centroid,3.0,15.0,10.0,31,20,20,1.0,0.37019430995173375,0.3938404942993601,0.18695828524802624,0.3019672572087517,0.2842762795544964,0.414725484559995,0.6288760026539251,0.7489780158713613,0.16107451297900183,-0.09400178695091768,0.18649754604655888,207.3627203876408,0.2223149931523949,0.20519999088719487,0.33799000666476786,0.3291292830175968,0.4876655696228371
9D_phase_sig_3_px0.625_py0.125,9D_phase,PSF Fitting,3.0,15.0,10.0,31,20,20,1.0,0.1759476638544802,0.15161997894082346,0.08971851579454161,0.15145885389176186,0.12675649123425,0.19750187971820565,0.31680465659825063,0.3359021877787651,-0.01109405663491998,0.027686262259874184,0.02982628388756041,98.7509347565098,3.11389000271447,3.0276000034064054,4.621810017852113,0.15881857379946202,0.23507341846540222
9D_phase_sig_3_px0.625_py0.25,9D_phase,Gaussian Fitting,3.0,15.0,10.0,31,20,20,1.0,0.1574230204498017,0.1704126809521027,0.08253578465267311,0.14205852324676138,0.10683416629861658,0.1777474700685529,0.2711070323015258,0.2715561781368174,-0.06845647330457041,-0.01285872584351182,0.06965368308724212,88.87373016237144,5.061524995835498,4.826250020414591,6.561469961889088,0.14190550806605665,0.20650729616693766
9D_phase_sig_3_px0.625_py0.25,9D_phase,Intensity-Weighted Centroid,3.0,15.0,10.0,31,20,20,1.0,0.40446534456610445,0.43037478624165304,0.21398512978247,0.3423314350322275,0.3036297734277288,0.4575826162814734,0.7279416850852325,0.8668743836421009,0.2674907034754483,-0.20728475128584592,0.33840544404814943,228.7912833051327,0.22799500729888678,0.2080000122077763,0.28875496354885405,0.3683458905312377,0.5459708293110178
9D_phase_sig_3_px0.625_py0.25,9D_phase,PSF Fitting,3.0,15.0,10.0,31,20,20,1.0,0.1555958299701617,0.17847061016128418,0.08137067213802206,0.1389584895309432,0.1073395862465274,0.17558829285660518,0.27016115992066325,0.2754603267247965,-0.0707981237731076,-0.011266503250226378,0.07168897003918821,87.79414174542048,3.33418000373058,3.1903500203043222,4.192630009492859,0.14009493280035482,0.2034491787213087
9D_phase_sig_3_px0.625_py0.375,9D_phase,Gaussian Fitting,3.0,15.0,10.0,31,20,20,1.0,0.15875983185011316,0.16966035217158876,0.05379829982938159,0.09556884069073752,0.13771542383711666,0.16762738819658393,0.24716175779879915,0.2551326968577867,0.007906476035680043,0.023102092883556226,0.024417597320441707,83.81368915028474,4.64767002267763,4.605350026395172,5.813215050147846,0.14522265139015797,0.18849846215675295
9D_phase_sig_3_px0.625_py0.375,9D_phase,Intensity-Weighted Centroid,3.0,15.0,10.0,31,20,20,1.0,0.49013577612959514,0.44662027751898803,0.19803769246214614,0.4067734749033836,0.33762012202017594,0.5286322035951765,0.9031973358747438,0.920059403577946,0.251026433045206,-0.21018968920949987,0.32740491068001015,264.31606896983425,0.23395000607706606,0.21095003467053175,0.33367996802553535,0.43503086106670014,0.6198756320147834
9D_phase_sig_3_px0.625_py0.375,9D_phase,PSF Fitting,3.0,15.0,10.0,31,20,20,1.0,0.1564741791257522,0.1707338732480176,0.05593623485886434,0.09437335936028125,0.13677243927896893,0.16617169164230117,0.2374887189126803,0.24643802891336924,0.008835085929285924,0.021572010637299854,0.02331116441350891,83.08584093641083,3.241545014316216,3.294199996162206,3.6961350764613603,0.14364013557291042,0.18717156826900286
9D_phase_sig_3_px0.625_py0.5,9D_phase,Gaussian Fitting,3.0,15.0,10.0,31,20,20,1.0,0.17713582034218767,0.17749563243390754,0.07236279058713845,0.10726523015992899,0.15845391351618707,0.1913464719033456,0.28556613902066713,0.3415223266861984,-0.01095496901837123,0.027242529657672775,0.029362676450600585,95.67322778863236,4.807909991359338,4.801250004675239,5.4503350460436195,0.1574528489803093,0.22403497441647882
9D_phase_sig_3_px0.625_py0.5,9D_phase,Intensity-Weighted Centroid,3.0,15.0,10.0,31,20,20,1.0,0.5056587614510555,0.4892491492957984,0.25807837391354427,0.40793264068318663,0.39482425302825147,0.5677105161207379,0.8687258598712841,0.9310348873843642,0.1421290173998102,-0.2943582126757519,0.32687522842316874,283.8552271893547,0.2252149977721274,0.201700022444129,0.36207504454068845,0.45320700304712125,0.6615881181797053
9D_phase_sig_3_px0.625_py0.5,9D_phase,PSF Fitting,3.0,15.0,10.0,31,20,20,1.0,0.18046337727561984,0.1925663642414996,0.07297384570492249,0.10920909252720183,0.16113840884182024,0.19465922196158225,0.28656633338166354,0.34552380173139624,-0.013463721756778568,0.030098747962091464,0.03297281353523623,97.32960278907711,3.1545150035526603,3.03129997337237,4.232714971294627,0.16101975624126943,0.22767026154862277
9D_phase_sig_3_px0.625_py0.625,9D_phase,Gaussian Fitting,3.0,15.0,10.0,31,20,20,1.0,0.19403225068442825,0.19465966422709485,0.09593151261091926,0.18345533193628466,0.11487171367064825,0.2164517715739092,0.3421420465579023,0.44722750885922474,-0.04768893767669624,0.008797819378298755,0.04849367384046075,108.2258744196869,5.060570023488253,5.009800021070987,6.852375104790554,0.17226767490584516,0.2610595391840037
9D_phase_sig_3_px0.625_py0.625,9D_phase,Intensity-Weighted Centroid,3.0,15.0,10.0,31,20,20,1.0,0.40127801364936555,0.36236333095492673,0.26490771459701024,0.24519158413161005,0.4136196665566364,0.4808327583384804,0.8414704821712197,0.8809050997172877,0.16155228607796063,0.308314689231986,0.3480762685579575,240.41632748578434,0.2420299977529794,0.21689996356144547,0.35504499683156615,0.3484786449833905,0.5859739331866162
9D_phase_sig_3_px0.625_py0.625,9D_phase,PSF Fitting,3.0,15.0,10.0,31,20,20,1.0,0.19320509349877565,0.19612156699362127,0.09237306760386317,0.180383329449338,0.1154246344122004,0.2141517960989786,0.3451744212566158,0.4362637321200218,-0.047103885021107315,0.012680920471348145,0.048780956613030405,107.07588685270838,3.4867199952714145,3.3064999734051526,5.40740504511632,0.17189970554974848,0.2570863167985772
9D_phase_sig_3_px0.625_py0.75,9D_phase,Gaussian Fitting,3.0,15.0,10.0,31,20,20,1.0,0.18975159114403176,0.19965480881999476,0.09558674675640284,0.1268096797783349,0.17047521113546285,0.2124676269391751,0.30940555058018593,0.40185247409021563,0.0032860473091488986,-0.0014887008390132906,0.0036075389264765517,106.23379932330619,4.860160010866821,4.861449997406453,5.6065000884700575,0.16933534018633997,0.25266233505091173
9D_phase_sig_3_px0.625_py0.75,9D_phase,Intensity-Weighted Centroid,3.0,15.0,10.0,31,20,20,1.0,0.46678860553015084,0.4497830892564477,0.2435733286482007,0.4360957928962301,0.29502547025596904,0.5265164467341427,0.9123807530279681,1.0743551746990412,0.24729882166473088,0.15489828312379358,0.29180504675461544,263.25816138628187,0.20547500462271273,0.20435004262253642,0.2313549048267305,0.4084161495337119,0.6406760100002616
9D_phase_sig_3_px0.625_py0.75,9D_phase,PSF Fitting,3.0,15.0,10.0,31,20,20,1.0,0.1865115658221475,0.212860334576638,0.08903595477947886,0.12952186089973763,0.16105295085154975,0.2066735721589064,0.3028740243267495,0.3900708537102391,0.0033680196150271515,-0.0023059897718155755,0.004081806579803322,103.33677244057621,3.3761649974621832,3.223600040655583,3.987580043030903,0.16640965167315808,0.24464995541574755
9D_phase_sig_3_px0.625_py0.875,9D_phase,Gaussian Fitting,3.0,15.0,10.0,31,20,20,1.0,0.17038800839996104,0.16179189877488073,0.07768232242236608,0.1478233130438698,0.11495601221411476,0.1872608251168344,0.2927606519966859,0.29983417372803145,0.026203481100651516,-0.025341702890654006,0.03645304276998537,93.63040001685152,4.802080022636801,4.624600056558847,6.206699978793041,0.15300081384831296,0.21755310760844895
9D_phase_sig_3_px0.625_py0.875,9D_phase,Intensity-Weighted Centroid,3.0,15.0,10.0,31,20,20,1.0,0.3588446032930874,0.3570998062629892,0.15067851787188974,0.3030485316666852,0.24420289211086096,0.3891959211767804,0.588102581846094,0.6769790307576146,0.2205628727567273,0.10243035760951216,0.24318708641437528,194.59791985246326,0.22034000139683485,0.21284999093040824,0.25550493737682706,0.321551353998966,0.4510542242507853
9D_phase_sig_3_px0.625_py0.875,9D_phase,PSF Fitting,3.0,15.0,10.0,31,20,20,1.0,0.16777500922058639,0.15900514591729917,0.07653920672119999,0.14800052236443778,0.11001158695488392,0.1844090667089838,0.2814511726802733,0.3001313033849818,0.026063436050503697,-0.021835765306917665,0.034001519749821255,92.20452118126535,3.2187249802518636,3.1004499760456383,3.8775649853050718,0.15132846277959525,0.21417246087439318
9D_phase_sig_3_px0.75_py0,9D_phase,Gaussian Fitting,3.0,15.0,10.0,31,20,20,1.0,0.17700910845328327,0.15184076220136808,0.13081884000390975,0.1675391466242974,0.14274602524692906,0.2201040512471198,0.37633556801030793,0.5836397575135694,-0.020389103160317744,-0.019181355262054466,0.0279935692145754,110.0520180480183,5.236505001084879,5.417199980001897,6.337739969603717,0.14792451670136297,0.2944734978287993
9D_phase_sig_3_px0.75_py0,9D_phase,Intensity-Weighted Centroid,3.0,15.0,10.0,31,20,20,1.0,0.345996074115008,0.3369479975304079,0.16991329535467664,0.31691630961966855,0.21942621524862083,0.3854657069588469,0.6502780575329357,0.7266087061252328,0.12143979259435582,0.006575940933629454,0.12161770522634746,192.7328233625591,0.21899500279687345,0.20889996085315943,0.2534500497858972,0.3062587758193668,0.46257972700579686
9D_phase_sig_3_px0.75_py0,9D_phase,PSF Fitting,3.0,15.0,10.0,31,20,20,1.0,0.1802647045527963,0.15374823098978746,0.12813843291580077,0.17017281907668508,0.14126582511392452,0.22116695435264308,0.3716877421926474,0.5939582723723918,-0.01924083415617588,-0.021376824600184818,0.028760708075646037,110.58346944557786,3.2931249937973917,3.190100018400699,4.515085078310221,0.15039930525329254,0.2952743818453621
9D_phase_sig_3_px0.75_py0.125,9D_phase,Gaussian Fitting,3.0,15.0,10.0,31,20,20,1.0,0.20287220000408074,0.20563569163139778,0.10034685439490508,0.1479729174673628,0.1712618942369991,0.2263329863750488,0.3766343358740469,0.4100234063536626,0.022948407313003828,-0.01817132352683757,0.02927159710231965,113.16648476416067,4.889179993188009,4.849249962717295,5.902255099499599,0.18225701596921234,0.2675529977485894
9D_phase_sig_3_px0.75_py0.125,9D_phase,Intensity-Weighted Centroid,3.0,15.0,10.0,31,20,20,1.0,0.32237458964059024,0.2733068508098043,0.1827095654174021,0.22992671306103474,0.2905888297266492,0.3705511588714234,0.745929913104937,0.7671144429841396,0.14653118147901978,-0.17276503724034456,0.22653729326160643,185.27556299551816,0.22186500718817115,0.2051499322988093,0.3006800427101553,0.27551306453537294,0.4605699717566314
9D_phase_sig_3_px0.75_py0.125,9D_phase,PSF Fitting,3.0,15.0,10.0,31,20,20,1.0,0.20206363065193383,0.19944278010341077,0.09535125314158424,0.14544411402740456,0.16961008815130943,0.223431359275979,0.35254094499819877,0.40676028531903946,0.022343173858649833,-0.013541322301927039,0.02612632442121394,111.71567139456266,3.262594999978319,3.204600012395531,4.3261849670670935,0.18034920688818806,0.2630151909761391
9D_phase_sig_3_px0.75_py0.25,9D_phase,Gaussian Fitting,3.0,15.0,10.0,31,20,20,1.0,0.1763851279667839,0.1784442896261604,0.08263113375104228,0.10504442574746418,0.16402830930125098,0.19478094781790484,0.3134873655661404,0.3636654140258859,-0.02446729728189325,0.002669616073490033,0.024612506704120515,97.39046833206437,4.64387001702562,4.695500014349818,5.361499963328242,0.1560281070667207,0.23007221454982274
9D_phase_sig_3_px0.75_py0.25,9D_phase,Intensity-Weighted Centroid,3.0,15.0,10.0,31,20,20,1.0,0.4615102593718773,0.39213189469196885,0.26308167362387,0.23643409706012242,0.4757127329067392,0.5312284692128557,0.8641363791624624,0.8886535465120985,0.09954962009479687,-0.3248075299093216,0.33972055920537575,265.61421766488684,0.21674500312656164,0.21044997265562415,0.26125499862246215,0.41413501266534647,0.6309675730547389
9D_phase_sig_3_px0.75_py0.25,9D_phase,PSF Fitting,3.0,15.0,10.0,31,20,20,1.0,0.1759706999396085,0.1653332509263465,0.08070098462258629,0.10234084697702954,0.1643310293167875,0.19359322342553897,0.308274488784487,0.3635148135454984,-0.02535098978331689,-0.0009454338873865709,0.02536861305292933,96.79660645272409,3.283055004430935,3.1522499630227685,3.9179600018542264,0.1552336058976097,0.229133305067728
9D_phase_sig_3_px0.75_py0.375,9D_phase,Gaussian Fitting,3.0,15.0,10.0,31,20,20,1.0,0.19124165613520833,0.18958420105162077,0.08123793515201151,0.1711384610271589,0.11783293387824695,0.20778107023764147,0.32242472194070565,0.3432992070815055,-0.0021167959826811967,0.015070922103814156,0.015218854040023162,103.89052344522185,4.762664996087551,4.730899992864579,5.894525063922629,0.17025165884629592,0.24187623907302794
9D_phase_sig_3_px0.75_py0.375,9D_phase,Intensity-Weighted Centroid,3.0,15.0,10.0,31,20,20,1.0,0.3641294100605204,0.3314363918331187,0.16861616128137238,0.28621824214977687,0.28124856439985624,0.4012750143184701,0.6348068341434786,0.6760641700093529,0.14807465207800874,-0.08996001425592226,0.17325965125484086,200.63748352136372,0.23300001048482955,0.21540001034736633,0.31808993662707513,0.33123291017625806,0.46468212374864637
9D_phase_sig_3_px0.75_py0.375,9D_phase,PSF Fitting,3.0,15.0,10.0,31,20,20,1.0,0.19131710155498638,0.19310139856215422,0.08204428712699237,0.17157789141289945,0.11787504220945423,0.2081669964177255,0.3221260091565404,0.3561847476260599,-0.000841323756321799,0.01463190032180819,0.014656068118369333,104.08348647868428,3.270595014328137,3.279500000644475,3.9621050585992634,0.1697518251179353,0.2434683062639083
9D_phase_sig_3_px0.75_py0.5,9D_phase,Gaussian Fitting,3.0,15.0,10.0,31,20,20,1.0,0.18253297857070735,0.1949427092444079,0.10958207343699415,0.12492684307295901,0.1723943240494575,0.2129002561873637,0.3918829576611705,0.45505876784146976,0.027974438033584192,0.022565606788310787,0.035941282573379314,106.45011681438494,4.616429994348437,4.462749988306314,5.562859977362678,0.1630418031315126,0.26492341685609416
9D_phase_sig_3_px0.75_py0.5,9D_phase,Intensity-Weighted Centroid,3.0,15.0,10.0,31,20,20,1.0,0.4109990586174523,0.37092604192412787,0.19214811553710232,0.3008865425615013,0.33957092483644336,0.453697172670154,0.68836254799671,0.8549264366340286,0.15610094562997007,-0.2442576680740558,0.2898781013452836,226.8485617155733,0.21638500038534403,0.20880007650703192,0.26583002763800323,0.3657927154104073,0.5395032991876697
9D_phase_sig_3_px0.75_py0.5,9D_phase,PSF Fitting,3.0,15.0,10.0,31,20,20,1.0,0.1799654494989325,0.18909315245334976,0.10608221464328739,0.12183099210963808,0.16970034955343677,0.20890428257213237,0.38923587112250163,0.4499864236386097,0.023468023068340928,0.017447410496919245,0.02924312294855305,104.45213039893365,3.179864987032488,3.118900000117719,3.947399993194267,0.16015730079149992,0.26061197798292784
9D_phase_sig_3_px0.75_py0.625,9D_phase,Gaussian Fitting,3.0,15.0,10.0,31,20,20,1.0,0.1828301751620452,0.17063426241231783,0.09340883105764762,0.15507984745686662,0.13454487571845786,0.20530972375740095,0.3440234768209861,0.37179943751557093,-0.0075523669591348154,-0.004716500435591797,0.008904135165436837,102.65484845863398,4.802099982043728,4.702350008301437,5.601724964799359,0.16369555207123648,0.24398622615515972
9D_phase_sig_3_px0.75_py0.625,9D_phase,Intensity-Weighted Centroid,3.0,15.0,10.0,31,20,20,1.0,0.3582098954794222,0.296119098747676,0.16935836250270986,0.21401376442787653,0.33345868230470055,0.3962279447098322,0.6724893878540513,0.7229495851178412,0.11157219286258738,0.2434997205711454,0.26784411163658667,198.11393197262237,0.21528498618863523,0.20494993077591062,0.24899000418372458,0.3124550646875196,0.4773682312706077
9D_phase_sig_3_px0.75_py0.625,9D_phase,PSF Fitting,3.0,15.0,10.0,31,20,20,1.0,0.1831171475258549,0.15866349309001382,0.09710544820963919,0.16062064817840238,0.13100521046412816,0.2072712179488523,0.35452567900416565,0.3971370470288372,-0.0051674757273247,0.0003467395519294314,0.005179095838982144,103.6355949546256,3.322459990158677,3.258700016885996,4.139789968030527,0.16237259422883532,0.25114064373181355
9D_phase_sig_3_px0.75_py0.75,9D_phase,Gaussian Fitting,3.0,15.0,10.0,31,20,20,1.0,0.16279189710459455,0.1541342959194092,0.094278609637797,0.1383120652665716,0.1275124723305318,0.18812139165482752,0.2969994526327419,0.36995845101505226,-0.015615909106270465,-0.01145319501036397,0.019365750518911654,94.06068316478981,4.964120022486895,4.9515500431880355,5.844765092479065,0.1468660789123275,0.22657517716418898
9D_phase_sig_3_px0.75_py0.75,9D_phase,Intensity-Weighted Centroid,3.0,15.0,10.0,31,20,20,1.0,0.43507656333186195,0.4180621900941408,0.18159129940750499,0.331020841827135,0.33569661639227877,0.4714520293531145,0.6677854336236944,0.8392095441307174,0.1222054213612637,0.22439037880425303,0.25550970061819606,235.72595851038562,0.2124499878846109,0.20279997261241078,0.27816001675091684,0.39142363403565206,0.547944702268865
9D_phase_sig_3_px0.75_py0.75,9D_phase,PSF Fitting,3.0,15.0,10.0,31,20,20,1.0,0.1558450443715455,0.15110755996769598,0.09721295361924925,0.13790357388704474,0.12132864672338384,0.18367916650112306,0.2736573585563825,0.3655555538186431,-0.010103584084498607,-0.0069966987929149125,0.012289678814001224,91.83957063006763,3.5185350046958774,3.5000000498257577,4.217355052242056,0.14046120447270752,0.22105312068947736
9D_phase_sig_3_px0.75_py0.875,9D_phase,Gaussian Fitting,3.0,15.0,10.0,31,20,20,1.0,0.18518930120517824,0.1566500197197103,0.07981357337507435,0.1493074665159544,0.13554543230351873,0.2016563506953367,0.34534054479897336,0.3744236801047707,0.03718713092835628,0.023324524175245644,0.043896652887029215,100.82815733535931,4.848435008898377,4.836749983951449,5.677489988738671,0.16168835115862068,0.24085715166672358
9D_phase_sig_3_px0.75_py0.875,9D_phase,Intensity-Weighted Centroid,3.0,15.0,10.0,31,20,20,1.0,0.41790716484485957,0.4250697339332238,0.16043508511145751,0.32387825521946134,0.30901244434389163,0.44764474191415365,0.6089486043144068,0.8754027280377596,0.17453734674430735,0.12281008912524385,0.21341415932288307,223.82231852152398,0.21486000041477382,0.20875001791864634,0.25164493708871305,0.3737475170820926,0.5290387024963639
9D_phase_sig_3_px0.75_py0.875,9D_phase,PSF Fitting,3.0,15.0,10.0,31,20,20,1.0,0.1809402241938193,0.15403246430956485,0.07565948187595455,0.1457623538372038,0.13121378789168953,0.19612170183089755,0.3361024812967787,0.3628745028446426,0.03827411054134018,0.023837952408484853,0.045090525753864484,98.06083337106722,3.3764049992896616,3.1954500009305775,4.156085074646399,0.15830687385946413,0.23372065153360208
9D_phase_sig_3_px0.875_py0,9D_phase,Gaussian Fitting,3.0,15.0,10.0,31,20,20,1.0,0.16929930785251543,0.14905692604550083,0.08521917732517119,0.12152331705634627,0.14545324759159728,0.1895377635810863,0.30389790293967,0.3482934757941277,0.015005022941602419,-0.0009643474196877833,0.015035979496656459,94.76887336861873,5.168070021318272,4.979150020517409,6.6409250313881785,0.15170364922573237,0.22369528844512768
9D_phase_sig_3_px0.875_py0,9D_phase,Intensity-Weighted Centroid,3.0,15.0,10.0,31,20,20,1.0,0.4222022334174672,0.43262132801783637,0.1665251307634365,0.2841984769979668,0.35385953533925474,0.45385608410428646,0.7302680435030077,0.7626752963199827,0.1470647333442571,-0.06287966936366729,0.15994339190132728,226.92801496453706,0.22815498523414135,0.20710000535473228,0.3134050348307938,0.37700017707603506,0.5252859357208584
9D_phase_sig_3_px0.875_py0,9D_phase,PSF Fitting,3.0,15.0,10.0,31,20,20,1.0,0.16752178522763178,0.15056479619238755,0.08327527258071307,0.11920693287252988,0.1441805351091783,0.18707837809122904,0.30173836367678486,0.3309290462165957,0.016858184134872545,-0.0013308982682701752,0.016910637555271325,93.53918073450579,3.4035999968182296,3.2803500071167946,4.504800034919755,0.15067210948601759,0.2199419495694115
9D_phase_sig_3_px0.875_py0.125,9D_phase,Gaussian Fitting,3.0,15.0,10.0,31,20,20,1.0,0.19361131517905178,0.1566431966261044,0.11656053503380231,0.1478043578531425,0.1709548814522375,0.22599048584559572,0.38636860842556264,0.4569388895961318,0.024493184036816728,-0.006691042399501157,0.025390669795286928,112.99523140463698,4.63855498819612,4.44769999012351,5.985574977239594,0.1697604777404445,0.27803363549688925
9D_phase_sig_3_px0.875_py0.125,9D_phase,Intensity-Weighted Centroid,3.0,15.0,10.0,31,20,20,1.0,0.3607563052852278,0.3585035629222273,0.14901660779669412,0.23158046400087615,0.314199856612668,0.39032174062212094,0.6035360058984636,0.6291623997633556,0.10121892795107783,-0.07598835277121338,0.12656816792719983,195.16085250849497,0.2281600027345121,0.21349999587982893,0.2776050183456391,0.32822767156842575,0.44881385255542255
9D_phase_sig_3_px0.875_py0.125,9D_phase,PSF Fitting,3.0,15.0,10.0,31,20,20,1.0,0.1886536788976329,0.16085939843758523,0.11992528843857733,0.1425947517683049,0.17215987377093026,0.22354481736038334,0.4047209685368546,0.46227221188062007,0.024615790989355447,-0.009578599736767047,0.026413760409090308,111.77239770039152,3.156615002080798,3.1578000052832067,3.788620053092018,0.1643626908495666,0.27839100555160007
9D_phase_sig_3_px0.875_py0.25,9D_phase,Gaussian Fitting,3.0,15.0,10.0,31,20,20,1.0,0.18427744941727547,0.14413318272346481,0.12450900834376827,0.16619355104852554,0.14778489473679715,0.22239755286982155,0.355819509709627,0.4845422552853879,-0.01260399887981407,-0.05351910295719904,0.05498322625224556,111.19876477389263,4.679839999880642,4.448099993169308,6.12148997024633,0.16389069958792907,0.2762279236028375
9D_phase_sig_3_px0.875_py0.25,9D_phase,Intensity-Weighted Centroid,3.0,15.0,10.0,31,20,20,1.0,0.4348831423452887,0.42886659164891794,0.22492376855252263,0.33266884755524245,0.3592290175114593,0.48960601421549294,0.8073285089694341,0.8746576521781672,0.1123161091262034,-0.2114033295452316,0.23938729312989657,244.80297272714301,0.22218498634174466,0.20509999012574553,0.32224496244452905,0.38860516689257313,0.5796266239780189
9D_phase_sig_3_px0.875_py0.25,9D_phase,PSF Fitting,3.0,15.0,10.0,31,20,20,1.0,0.1841134257702194,0.13434848562377366,0.12465846120250786,0.167428197733563,0.1463054479570538,0.22234541933267538,0.3684760173763796,0.4801715569243886,-0.006605230605907763,-0.05299204930705059,0.05340211944406422,111.17269776273483,3.270149993477389,3.2267000060528517,3.7634949549101293,0.16251356352333837,0.27607406990521094
9D_phase_sig_3_px0.875_py0.375,9D_phase,Gaussian Fitting,3.0,15.0,10.0,31,20,20,1.0,0.16511452753781575,0.1354819351943734,0.1065775299481597,0.147405285927078,0.12997406962407299,0.19652373163027154,0.35225601964049097,0.440748673487297,-0.023404451186104326,-0.0075445817991521835,0.02459042597936926,98.26185499530122,4.662310000276193,4.541300004348159,5.584215052658693,0.14146886207317685,0.24927989662907127
9D_phase_sig_3_px0.875_py0.375,9D_phase,Intensity-Weighted Centroid,3.0,15.0,10.0,31,20,20,1.0,0.331027070236163,0.31547073405505066,0.18366765262535278,0.26327687453454957,0.2720257619883894,0.37856667556725704,0.6381892961812171,0.7295374862266059,0.11542662844138363,-0.14346256313796743,0.1841325978078312,189.2833108646304,0.22866500075906515,0.20700000459328294,0.38731501554138964,0.2930572671593894,0.45503422027398316
9D_phase_sig_3_px0.875_py0.375,9D_phase,PSF Fitting,3.0,15.0,10.0,31,20,20,1.0,0.16575279107385518,0.13972529373171455,0.1027372354905702,0.14294670632995554,0.13264677325300986,0.1950100697528668,0.3355858128804628,0.43253171922824224,-0.024985574452540505,-0.005473811801414286,0.02557814587417835,97.50502450471271,3.166804974898696,3.1495499424636364,3.7441499589476734,0.14216023570909272,0.24461691770574556
9D_phase_sig_3_px0.875_py0.5,9D_phase,Gaussian Fitting,3.0,15.0,10.0,31,20,20,1.0,0.1650767046861717,0.16651403267146114,0.0685102893854592,0.12340951913249344,0.12928290207607357,0.17872878386461674,0.2824479774743631,0.2825744774490128,-0.05918206133705439,0.006033300329050917,0.05948879807966702,89.36438149924774,4.759125004056841,4.5546499895863235,6.576944992411882,0.14991054876149937,0.20551812010133066
9D_phase_sig_3_px0.875_py0.5,9D_phase,Intensity-Weighted Centroid,3.0,15.0,10.0,31,20,20,1.0,0.3887271999855792,0.43329637794631526,0.15735685962841722,0.2644587779218652,0.32547130758458487,0.4193685935793784,0.6046426381141958,0.6479562266398955,0.10618544455235793,-0.18757365471083176,0.2155440200431462,209.68427114241365,0.2195199951529503,0.21109997760504484,0.28753507067449396,0.3549520935048113,0.478110393840072
9D_phase_sig_3_px0.875_py0.5,9D_phase,PSF Fitting,3.0,15.0,10.0,31,20,20,1.0,0.16475417803109674,0.17344616886590103,0.06909990557284433,0.12529891995134126,0.1273535110937492,0.17865815438674587,0.2768695261446363,0.2787209475131225,-0.05955029316000946,0.007878502650356722,0.06006919526225358,89.32906670306238,3.1013799947686493,3.13359999563545,3.7306499783881018,0.1502705374321078,0.2055070361959346
9D_phase_sig_3_px0.875_py0.625,9D_phase,Gaussian Fitting,3.0,15.0,10.0,31,20,20,1.0,0.21064485043236142,0.18640901270732319,0.10160136205260735,0.1746424302727435,0.15554456381708373,0.23386767580111817,0.3822641962400369,0.41687823576051186,-0.012796584259808697,0.044030253130091526,0.04585210746975888,116.93381946356425,4.925339994952083,4.6812500222586095,6.3940350722987205,0.1863937011818245,0.27842193470900345
9D_phase_sig_3_px0.875_py0.625,9D_phase,Intensity-Weighted Centroid,3.0,15.0,10.0,31,20,20,1.0,0.46075429416135244,0.39333289479486355,0.2519021095717305,0.28343389820346304,0.4420570299678574,0.5251182651506365,0.7496644852392044,1.0181230900269502,0.07471900784759669,0.3137899841896342,0.3225633027972341,262.55907266026946,0.22366000339388847,0.2025000285357237,0.33731499570421875,0.4107225364850402,0.6338148811971799
9D_phase_sig_3_px0.875_py0.625,9D_phase,PSF Fitting,3.0,15.0,10.0,31,20,20,1.0,0.2117744770150966,0.19248749116045089,0.09684949012980143,0.17426678538082505,0.15446468970756275,0.23286960482944138,0.37882185532602364,0.41006422759236894,-0.011425049197549697,0.04582289528263459,0.047225729017662886,116.43478402935122,3.343059995677322,3.251449961680919,4.101514985086396,0.1886069897011051,0.27582534599801556
9D_phase_sig_3_px0.875_py0.75,9D_phase,Gaussian Fitting,3.0,15.0,10.0,31,20,20,1.0,0.13901794558294084,0.11308285496469156,0.09080198800780645,0.09376469303399851,0.13703712110414226,0.16604514512707477,0.27203693756375774,0.36910059444914844,-0.01425953674075231,0.03956927901498943,0.04206022146668926,83.02255785479234,4.683395009487867,4.697949974797666,5.4642349248752,0.118776473347414,0.2067459644434048
9D_phase_sig_3_px0.875_py0.75,9D_phase,Intensity-Weighted Centroid,3.0,15.0,10.0,31,20,20,1.0,0.45525998203686874,0.5058794659204776,0.2202583117015367,0.3403934962277517,0.37404230087473916,0.5057423999605148,0.7164173417375438,0.7861056160600504,0.22195890691232306,0.2104086442986329,0.30583909814361854,252.87112593576254,0.22293500951491296,0.20560005214065313,0.3174700716044754,0.41669233864747285,0.5822198448846251
9D_phase_sig_3_px0.875_py0.75,9D_phase,PSF Fitting,3.0,15.0,10.0,31,20,20,1.0,0.1439529259074223,0.12476707301248832,0.09044081460164556,0.09686504530903012,0.13971094738923143,0.17000584055589693,0.27077734042786405,0.3796159223447431,-0.014651101738343187,0.039214136736706,0.04186171642625703,85.00290511902163,3.41683003352955,3.268350032158196,4.340769984992221,0.124054165965444,0.21167387990786993
9D_phase_sig_3_px0.875_py0.875,9D_phase,Gaussian Fitting,3.0,15.0,10.0,31,20,20,1.0,0.2093891908334482,0.21319790795484234,0.10238761395906515,0.15765229025005553,0.17167647511825543,0.2330816524956796,0.4022920083857357,0.45881245038599444,-0.014433719972328164,-0.018551062630893966,0.02350476966436675,116.54080483312818,5.021109990775585,4.780650022439659,5.993540032068268,0.18361461199063103,0.2821405814122353
9D_phase_sig_3_px0.875_py0.875,9D_phase,Intensity-Weighted Centroid,3.0,15.0,10.0,31,20,20,1.0,0.35323754971433036,0.3176849490270359,0.1935323868613672,0.2761000637308463,0.2932580878684586,0.4027797801434947,0.7272542504962781,0.7680104102013271,0.18319486369903756,0.09134820014227785,0.20470674574850387,201.38983328462268,0.23102499544620514,0.21279999054968357,0.309765012934804,0.30935126115274125,0.4933973197227453
9D_phase_sig_3_px0.875_py0.875,9D_phase,PSF Fitting,3.0,15.0,10.0,31,20,20,1.0,0.20635538099929743,0.20701994317554334,0.09770223802006102,0.15538998822406255,0.16727887535854477,0.22831616364483234,0.3599865541017692,0.4482418304286021,-0.011556645220468908,-0.013114024022610239,0.017479521584339353,114.15806055478384,3.240144986193627,3.2162999850697815,4.0992800029926,0.18237495907759418,0.27443102872346287
9D_phase_sig_3_px0_py0,9D_phase,Gaussian Fitting,3.0,15.0,10.0,31,20,20,1.0,0.1889175052372752,0.1950853575980792,0.11469810216216993,0.14339110663103574,0.16817987086392475,0.22101013195027838,0.4133113074412273,0.4454171611366812,-0.06399632555821881,0.06412303369089614,0.09059411203095559,110.50506522846429,5.144555011065677,5.21530001424253,6.587559980107471,0.16907242120479335,0.27442339709906105
9D_phase_sig_3_px0_py0,9D_phase,Intensity-Weighted Centroid,3.0,15.0,10.0,31,20,20,1.0,0.24754262780904943,0.25310591294284396,0.11758860803996143,0.15812044429570046,0.22383556111376837,0.2740518807149209,0.4772325685762906,0.4817207560232568,0.033678229379205504,-0.06831032782899342,0.07616117135537592,137.02593918251296,0.25371499941684306,0.21264998940750957,0.4850049619562924,0.22046890969779703,0.32285584608169215
9D_phase_sig_3_px0_py0,9D_phase,PSF Fitting,3.0,15.0,10.0,31,20,20,1.0,0.188821946643373,0.18981903490380106,0.11649250164294506,0.14419194455436835,0.16862062032519726,0.22186534310978895,0.41366040664471887,0.44061152693383127,-0.06382706483361175,0.06558525579147272,0.09151677432310966,110.93267079742802,3.0633449787274003,3.0204500071704388,3.827105020172894,0.16995077764683217,0.2739959556369249
9D_phase_sig_3_px0_py0.125,9D_phase,Gaussian Fitting,3.0,15.0,10.0,31,20,20,1.0,0.14880497973431678,0.12663871793241754,0.0855932948330335,0.12190507479751923,0.12086474611199192,0.17166576278951204,0.3062141873094604,0.3329028630840511,0.009317857184549893,-0.02655117861431222,0.02813871973492715,85.83288099091199,5.127425002865493,4.8448999295942485,7.411664997925982,0.1278084653374805,0.21054368714845115
9D_phase_sig_3_px0_py0.125,9D_phase,Intensity-Weighted Centroid,3.0,15.0,10.0,31,20,20,1.0,0.3353974777397238,0.3502040548565257,0.13305897284577464,0.2432462148903478,0.2665097320370493,0.36082704766818835,0.5240495022525522,0.5389301809609317,0.02444473208022373,-0.11866849124909322,0.12116004185295592,180.4135221490714,0.2750600047875196,0.2288999385200441,0.5168699368368835,0.30302880456958714,0.41141790923309746
9D_phase_sig_3_px0_py0.125,9D_phase,PSF Fitting,3.0,15.0,10.0,31,20,20,1.0,0.14961543297112057,0.1225057562982195,0.08963673617390878,0.12635838682892303,0.12022096461532433,0.174411932662438,0.3287985030251514,0.34681564101134943,0.006608049944594541,-0.028409083063331765,0.02916748745726206,87.2059658935536,3.3349449862726033,3.0708499834872782,4.527765000239015,0.12818224662835404,0.21531440073931477
9D_phase_sig_3_px0_py0.25,9D_phase,Gaussian Fitting,3.0,15.0,10.0,31,20,20,1.0,0.13505572743419947,0.11590257821568903,0.09254962601768002,0.1307312129734157,0.09856385109812138,0.1637238003125789,0.2567972180144953,0.40287566227218263,-0.03820622743587023,0.03403881919368814,0.05116988398444964,81.86189915686148,5.032174981897697,4.902149958070368,6.891590019222349,0.11418429240261749,0.21181129947608276
9D_phase_sig_3_px0_py0.25,9D_phase,Intensity-Weighted Centroid,3.0,15.0,10.0,31,20,20,1.0,0.365036498624404,0.3716730751306479,0.1787169532967129,0.2962815863552805,0.27822403977805804,0.4064374425709619,0.577553222330935,0.6899795741118018,0.02973395021028864,-0.06403496352463094,0.07060158885399632,203.21871773132696,0.22922000498510897,0.2051499905064702,0.36893500946462154,0.33559890434557427,0.4705130402357464
9D_phase_sig_3_px0_py0.25,9D_phase,PSF Fitting,3.0,15.0,10.0,31,20,20,1.0,0.1379235324074274,0.11461791688535472,0.09140022891942447,0.12972132154385074,0.10270969465042118,0.16545967073056161,0.2530407251709011,0.39769398036346515,-0.03550890783179739,0.03134704431329851,0.04736580752596732,82.72983436475982,3.1211249937769026,3.0147499637678266,3.922030003741384,0.11766773298477697,0.21156261162339185
9D_phase_sig_3_px0_py0.375,9D_phase,Gaussian Fitting,3.0,15.0,10.0,31,20,20,1.0,0.1663097864815218,0.14511231610198863,0.1054753724389483,0.14255750866806927,0.1358725726297165,0.1969365361497562,0.3151502024706518,0.5016629716240046,0.03089830913006608,0.014850524818911026,0.03428182600875014,98.4682655807651,4.505354992579669,4.434250004123896,5.766394909005613,0.14047921290405288,0.25848478072174297
9D_phase_sig_3_px0_py0.375,9D_phase,Intensity-Weighted Centroid,3.0,15.0,10.0,31,20,20,1.0,0.3504284687573373,0.30352375312874846,0.20960558082311745,0.24473323534937622,0.32686427572195065,0.408331496737404,0.6827040671031459,0.8661679790447278,0.024315107654007306,-0.1946668063572531,0.1961794840383628,204.16574535822406,0.23343999637290835,0.21204998483881354,0.32156999222934246,0.30724822464358714,0.504911667836526
9D_phase_sig_3_px0_py0.375,9D_phase,PSF Fitting,3.0,15.0,10.0,31,20,20,1.0,0.16449677161791404,0.13711995401706242,0.1011871252823492,0.13889030969675378,0.13419204174600605,0.19312695874895872,0.29879531824844924,0.47898915679035975,0.0261381192996339,0.013176319778881406,0.029271431181909016,96.56347693892727,3.245364996837452,3.096749947872013,4.536400071810931,0.13899761021855372,0.2503267975918593
9D_phase_sig_3_px0_py0.5,9D_phase,Gaussian Fitting,3.0,15.0,10.0,31,20,20,1.0,0.1844009139231587,0.14151731253150468,0.12252880873237862,0.13275731738537178,0.17717928972007896,0.22139784557459455,0.4052276441977263,0.4207665042640057,-0.01055803111134992,-0.00571732184127427,0.012006656070069828,110.69891683984625,4.4988400128204376,4.436699964571744,5.0575049885083,0.16157263393626933,0.2725207999965299
9D_phase_sig_3_px0_py0.5,9D_phase,Intensity-Weighted Centroid,3.0,15.0,10.0,31,20,20,1.0,0.4890269803431419,0.47027563556180013,0.18963142975616284,0.2629423128588739,0.45383786395950293,0.5245068795115068,0.7747744105666396,0.7937450265607446,0.030601070162003908,-0.38391532091025626,0.38513296291629584,262.2534350680475,0.21509499056264758,0.20820001373067498,0.25065501104108995,0.44666170205331246,0.5987196191290993
9D_phase_sig_3_px0_py0.5,9D_phase,PSF Fitting,3.0,15.0,10.0,31,20,20,1.0,0.18565495115534103,0.1514408898135097,0.12216397288075527,0.13392124239094474,0.1773609257840288,0.22224265377848143,0.42011748908216373,0.43153589165563155,-0.007707176335946997,-0.006432151815465659,0.010038582771018007,111.12132091666415,3.1809649954084307,3.048500046133995,3.912654984742404,0.1630235589099317,0.2746964977916722
9D_phase_sig_3_px0_py0.625,9D_phase,Gaussian Fitting,3.0,15.0,10.0,31,20,20,1.0,0.1556817191712065,0.14440329303941138,0.07935417456023235,0.14394669780439087,0.09906175293951545,0.17473947093956255,0.2626370123576897,0.36570340801713735,-0.03487476661707092,0.010672427474173674,0.03647122228259784,87.36973211780143,4.9621099955402315,4.92694997228682,6.023290054872632,0.1351939287997955,0.21449389939984748
9D_phase_sig_3_px0_py0.625,9D_phase,Intensity-Weighted Centroid,3.0,15.0,10.0,31,20,20,1.0,0.4615630814006143,0.4141302369105989,0.2154185805912759,0.3799914570033411,0.33919336016565543,0.509358069511017,0.8258239943066872,0.8574643658907983,0.07855994503417492,0.20527455932577823,0.21979378897085566,254.67900946487836,0.22712000063620508,0.20300003234297037,0.3461549582425505,0.405467498574373,0.6022273237323192
9D_phase_sig_3_px0_py0.625,9D_phase,PSF Fitting,3.0,15.0,10.0,31,20,20,1.0,0.1537643713680797,0.14594520403600042,0.07568251103477602,0.14003944559347872,0.09879411954474229,0.1713806417853245,0.2636714197208405,0.32707658598327505,-0.030167536766157355,0.01149664675244253,0.032283945872335726,85.69031753953394,3.17874500178732,3.076899971347302,3.8117749209050094,0.13588711453899693,0.20468511449449006
9D_phase_sig_3_px0_py0.75,9D_phase,Gaussian Fitting,3.0,15.0,10.0,31,20,20,1.0,0.16644053151794128,0.1659985546972832,0.0945609890282234,0.11459259374839312,0.1533387382104937,0.19142682982792825,0.34560479676660455,0.3642648338568983,-0.017949683446431663,-0.01338826398913966,0.02239278340157821,95.71340697184883,4.658619989641011,4.546749987639487,5.942415032768622,0.1481218743076328,0.23014234636484557
9D_phase_sig_3_px0_py0.75,9D_phase,Intensity-Weighted Centroid,3.0,15.0,10.0,31,20,20,1.0,0.33478039010850535,0.32910154529048435,0.1839226956016034,0.2710267150701474,0.26916535303944344,0.381975742107484,0.5939391155877148,0.807310614679351,0.022161190345462954,0.062413606677358756,0.06623123625604373,190.98785060092902,0.226720015052706,0.21139997988939285,0.31760497367940843,0.29748694298922873,0.4722094055325247
9D_phase_sig_3_px0_py0.75,9D_phase,PSF Fitting,3.0,15.0,10.0,31,20,20,1.0,0.1663993463163265,0.16725239788361357,0.09207192213437804,0.11580104183298166,0.1508512512722906,0.19017355573270361,0.33846440717180737,0.3613564934539322,-0.02064507821372672,-0.011387621493622647,0.023577471826574412,95.08676998322936,3.457940014777705,3.4262000117450953,4.265640053199605,0.14630899299039685,0.2282578105326621
9D_phase_sig_3_px0_py0.875,9D_phase,Gaussian Fitting,3.0,15.0,10.0,31,20,20,1.0,0.1588546496027354,0.14077067627077672,0.08625463456660117,0.14931294409007775,0.10188378875846274,0.1807613390208917,0.30411643513242975,0.30812700050067243,0.005092735956816341,0.022105140148767077,0.022684205529894235,90.3806628662488,4.8270000028423965,4.496450012084097,6.4075500005856165,0.14152124012925715,0.21586972801474463
9D_phase_sig_3_px0_py0.875,9D_phase,Intensity-Weighted Centroid,3.0,15.0,10.0,31,20,20,1.0,0.30282474794424086,0.25222911758490574,0.1664890696212218,0.22596000520289033,0.261464174065096,0.3455740705996806,0.5953448282285411,0.613486513869471,-0.010370777848993384,0.002367639785973097,0.010637610227362843,172.78701693184993,0.21665500826202333,0.20695000421255827,0.24723998503759512,0.26494326439467564,0.4191891394837284
9D_phase_sig_3_px0_py0.875,9D_phase,PSF Fitting,3.0,15.0,10.0,31,20,20,1.0,0.15789545817534428,0.14061008643737205,0.0887556968601927,0.14990996368496518,0.10166391801181345,0.18113130441075148,0.3087419463415358,0.32894290249278857,7.625619003306383e-05,0.02042379222496038,0.020423934583102994,90.56564555514059,3.0937450006604195,3.0049499473534524,3.677394980331883,0.14063680947413384,0.21774536169381495
9E_energy_sig_0.5px,9E_fixed_energy,Gaussian Fitting,0.5,15.0,10.0,31,50,46,0.92,1.3648123053911314,1.0778129427204477,1.2945617497198356,1.255583278419271,1.4007545765545983,1.8811174213176425,3.3573455586119723,7.2597933999896185,-0.1689012284134451,0.03796202327226408,0.1731148178825102,918.1103350033791,92.33155399793759,26.333199988584965,602.4275849864352,1.3235521307732805,2.4834785974725553
9E_energy_sig_0.5px,9E_fixed_energy,Intensity-Weighted Centroid,0.5,15.0,10.0,31,50,50,1.0,0.6437769459350965,0.5913477352713807,0.31721355662503714,0.44024607688494033,0.5667950144555304,0.7176860014130314,1.1256512152724705,1.474944684561055,-0.02881503591935939,-0.08656226105230871,0.0912322932602377,349.73102427823295,0.26244800770655274,0.20315003348514438,0.45017497031949405,0.6262916227553791,0.802376002712526
9E_energy_sig_0.5px,9E_fixed_energy,PSF Fitting,0.5,15.0,10.0,31,50,50,1.0,0.5526793778700331,0.4610697426039123,0.3484723412598496,0.4511023561334953,0.47264588397312524,0.6533662581936167,1.1420225021674857,1.608203048742841,0.08998100271426836,0.24247101638826735,0.25862864233843974,318.62435099844737,24.369482004549354,4.539300047326833,41.641099960543215,0.5357715190150033,0.7637022251340462
9E_energy_sig_1.5px,9E_fixed_energy,Gaussian Fitting,1.5,15.0,10.0,31,50,50,1.0,0.2185274508826861,0.19971682638726496,0.10913357578512593,0.14855346002991193,0.19389753393499873,0.2442629406048585,0.40293430581752765,0.42570633112738326,0.0022390009919115526,-0.010151545182603172,0.010395527645878038,119.47069611682623,5.8247660007327795,5.6914499728009105,7.638330000918358,0.21454265982757406,0.273059219948036
9E_energy_sig_1.5px,9E_fixed_energy,Intensity-Weighted Centroid,1.5,15.0,10.0,31,50,50,1.0,0.5822412737997366,0.5725481118143743,0.30313650109078205,0.5332711091049804,0.3827774332473711,0.656427177384896,1.07564540296735,1.2506465179306734,0.004924494592195287,-0.02926762904186262,0.02967902890460941,318.3554450296527,0.21653400035575032,0.20765000954270363,0.27036501560360193,0.5787766256041456,0.7344308419812097
9E_energy_sig_1.5px,9E_fixed_energy,PSF Fitting,1.5,15.0,10.0,31,50,50,1.0,0.21409847203018478,0.19941840043727768,0.10364759454053867,0.14359536145931856,0.1896347851715697,0.2378675673136204,0.3787141198374085,0.4187179168009049,0.001033669813356255,-0.007622737780350235,0.007692503139487353,116.35535574775095,3.5580380028113723,3.484249988105148,4.618489963468164,0.21081579895786207,0.2650774520946274
9E_energy_sig_1px,9E_fixed_energy,Gaussian Fitting,1.0,15.0,10.0,31,50,50,1.0,0.24192758813296644,0.21292971384015952,0.13508510207814112,0.18564262991169964,0.20570307888498843,0.2770865256617435,0.47266926782016294,0.6203300136012727,0.012587525316134815,0.012712089804097673,0.017889746246712915,135.54469185240796,9.404945995192975,9.173049940727651,14.042244985466823,0.2366509099180112,0.3169150451576995
9E_energy_sig_1px,9E_fixed_energy,Intensity-Weighted Centroid,1.0,15.0,10.0,31,50,50,1.0,0.7153013524992664,0.6311887342108586,0.36019499987537384,0.6001663990732354,0.5302798848211823,0.8008723136820877,1.258910846098861,1.844793133346215,-0.06208047128780834,-0.08827324422049515,0.10791733206731705,390.4389382341337,0.222082007676363,0.2046999870799482,0.30304503161460156,0.6879897959506658,0.9135454877965008
9E_energy_sig_1px,9E_fixed_energy,PSF Fitting,1.0,15.0,10.0,31,50,50,1.0,0.23847306509990296,0.21486104475513707,0.12725742873386062,0.18103290552203635,0.20072603982629061,0.27030326662120857,0.507231435468976,0.6197588966888345,0.01352755158719276,0.01054697223179062,0.017153229293702214,132.12904992563986,4.190865999553353,4.016249964479357,5.170180078130215,0.22873338525246184,0.3084122164428745
9E_energy_sig_2.5px,9E_fixed_energy,Gaussian Fitting,2.5,15.0,10.0,31,50,50,1.0,0.19393242829680662,0.18780241872608117,0.10772932316499077,0.17009795712745093,0.14241516350357825,0.22184542775248503,0.366523386292384,0.3977041591770115,0.04323485098099411,0.0016471428614505612,0.04326621567637728,106.95863844016621,4.6837600017897785,4.67225001193583,5.517220066394657,0.19217336341642582,0.24894452976116904
9E_energy_sig_2.5px,9E_fixed_energy,Intensity-Weighted Centroid,2.5,15.0,10.0,31,50,50,1.0,0.3990390873473759,0.3585741309109337,0.23871269964927067,0.33133446270850814,0.32624135241648,0.4649902646345079,0.8564785738487798,1.1333442214341447,0.05000291715149615,0.021974071265026963,0.054618234424227516,224.80146423707905,0.21293999860063195,0.2041999832727015,0.2792699669953435,0.38908925845419345,0.5415794342690754
9E_energy_sig_2.5px,9E_fixed_energy,PSF Fitting,2.5,15.0,10.0,31,50,50,1.0,0.1932227514777829,0.1933289936979911,0.10762229990388454,0.1706363684211187,0.1407153896960064,0.22117321520755331,0.3732364690731778,0.4028444517241742,0.03872641313770487,0.002387964016340334,0.03879996709606255,106.56827861384556,3.229335998184979,3.2376000308431685,3.780784999253228,0.19089031291386405,0.2482235814165505
9E_energy_sig_2px,9E_fixed_energy,Gaussian Fitting,2.0,15.0,10.0,31,50,50,1.0,0.19149824697109608,0.18537492138494466,0.10247945342566361,0.16131085927619196,0.14543872815382516,0.21719488246140992,0.36173488389465264,0.4732491749351417,-0.017122918086309936,-0.011037482047482285,0.020372047853344878,105.65472297184154,4.883862000424415,4.6527000376954675,6.635209952946751,0.18805405337943973,0.24579339091908853
9E_energy_sig_2px,9E_fixed_energy,Intensity-Weighted Centroid,2.0,15.0,10.0,31,50,50,1.0,0.49455432977994834,0.4698165408844951,0.2519021642353044,0.42226568554907923,0.360181032618724,0.5550123290977637,0.9540793105245774,1.0488456607315368,0.009563011239837351,-0.0216600026310374,0.02367713871965535,266.4965443927008,0.228815998416394,0.21154998103156686,0.32807993702590466,0.4865218019219453,0.621118576281616
9E_energy_sig_2px,9E_fixed_energy,PSF Fitting,2.0,15.0,10.0,31,50,50,1.0,0.18852522582553913,0.1868422141557735,0.10209102001966236,0.1576723271809245,0.14527138184300828,0.21439295030673378,0.3739436345263771,0.46831833307487614,-0.015582271979574215,-0.011418582640960153,0.019318158027458527,104.36405552968775,3.416840007994324,3.269550041295588,4.464509995887055,0.18486592241185468,0.24346117523207605
9E_energy_sig_3px,9E_fixed_energy,Gaussian Fitting,3.0,15.0,10.0,31,50,50,1.0,0.19095785867475001,0.18933813450649317,0.091197244921581,0.13242789493090742,0.16505966774200528,0.21161720457215344,0.3721783191933045,0.4505092109998289,-0.02348543558343408,0.024483681976130923,0.03392663212952252,103.15132970964086,4.691671999171376,4.699899989645928,5.381899967323989,0.18362640701535057,0.23924734766110953
9E_energy_sig_3px,9E_fixed_energy,Intensity-Weighted Centroid,3.0,15.0,10.0,31,50,50,1.0,0.4402350653400735,0.3664794328911997,0.21211938230003127,0.35332918008112746,0.3375796729744311,0.48867324983297955,0.7854734855729093,0.8444642131906938,-0.03977110573366133,0.06484082307911479,0.07606624211077562,238.7844863481761,0.2183559932745993,0.20600005518645048,0.2750899991951883,0.42400621886885925,0.5448036613192155
9E_energy_sig_3px,9E_fixed_energy,PSF Fitting,3.0,15.0,10.0,31,50,50,1.0,0.18784695445050428,0.175705622999201,0.09302620249691552,0.12828657002737892,0.16577969899217868,0.20961954261787463,0.3812708823207564,0.44988259036151423,-0.02210258691495369,0.02833050508741678,0.03593246257691268,102.17181265023179,2.9983979975804687,2.9816500027664006,3.747939993627369,0.18048340313349837,0.23838138865146966
9E_energy_sig_4px,9E_fixed_energy,Gaussian Fitting,4.0,15.0,10.0,31,50,50,1.0,0.18216496276011418,0.1651775680794505,0.10680368204677956,0.1514201185567924,0.14718372142458658,0.21116604877712555,0.3984869499774899,0.45098462259796773,-0.004354937751605803,0.029242099015557414,0.029564604473187615,102.79841496621918,5.128375994972885,5.102800030726939,5.935285042505711,0.17638694510153857,0.24094455206540905
9E_energy_sig_4px,9E_fixed_energy,Intensity-Weighted Centroid,4.0,15.0,10.0,31,50,50,1.0,0.30605978694784886,0.288669960385979,0.15747397770118388,0.23364139039355664,0.25274957474654874,0.3441956519765983,0.5488786549653961,0.7811732852669695,-0.016939250042747746,0.008334090213826926,0.01887843350765458,167.28161516293144,0.22616998990997672,0.2104000304825604,0.3157000115606933,0.29788304449492625,0.39049236293000283
9E_energy_sig_4px,9E_fixed_energy,PSF Fitting,4.0,15.0,10.0,31,50,50,1.0,0.18076349935973832,0.1620534330116976,0.10469999075887008,0.1501411014138543,0.14524179987841074,0.20889598073128549,0.3938230094330518,0.44653244183329327,-0.0037972615634805605,0.029187238273356685,0.029433213779796186,101.69293473950638,3.1392700085416436,3.0866499873809516,4.050749994348733,0.1756534742905729,0.23866586780500917
9F_roi_sig_1_r11,9F_roi_sensitivity,Gaussian Fitting,1.0,15.0,10.0,11,50,50,1.0,0.1896581130900999,0.19562904808233061,0.09490856719630071,0.1437463977869042,0.15593206569349666,0.21207978684483783,0.33971536750325587,0.4601007271011711,0.016079071888083264,-0.023850177687325527,0.028763997088359434,103.23570725002816,7.361180000007153,6.458449992351234,9.711155050899833,0.18576116175050214,0.24043724643960634
9F_roi_sig_1_r11,9F_roi_sensitivity,Intensity-Weighted Centroid,1.0,15.0,10.0,11,50,50,1.0,0.4071395039318213,0.3551675132334864,0.2172043246716362,0.31516613779010194,0.33706171528131407,0.46145454198426866,0.7587620973785628,0.9602980715577603,0.04204711603017415,-0.06836831947174289,0.08026323612866121,222.74622527585117,0.20875799702480435,0.19335001707077026,0.30575497657991935,0.40015614653037207,0.5200986216556224
9F_roi_sig_1_r11,9F_roi_sensitivity,PSF Fitting,1.0,15.0,10.0,11,50,50,1.0,0.18288347562027027,0.16321283737727899,0.09365033112595517,0.14039914435864442,0.15001610059694112,0.2054671510849144,0.3391384090358268,0.45455795737153215,0.021213439277443628,-0.024550750407971122,0.0324460991734335,99.99719994229216,3.584663993678987,3.501199942547828,5.074734980007633,0.17771353226621692,0.2347428341839977
9F_roi_sig_1_r15,9F_roi_sensitivity,Gaussian Fitting,1.0,15.0,10.0,15,50,50,1.0,0.19134377366210897,0.18994051618812025,0.09566601755149891,0.1485937134483237,0.15389715707919216,0.2139262177327035,0.3282371073279074,0.45197015730274576,0.013912334554581208,-0.008994646096184625,0.01656673507828877,104.4023675984066,7.1046720165759325,6.743950012605637,9.466385014820844,0.18655778669373174,0.24149944178217309
9F_roi_sig_1_r15,9F_roi_sensitivity,Intensity-Weighted Centroid,1.0,15.0,10.0,15,50,50,1.0,0.47999711533648465,0.44813572277804237,0.2492653617926877,0.37525145636897866,0.3895084027513997,0.5408608428431347,0.9500383887522572,0.9818523114301202,0.03670466931534179,-0.02989684340920917,0.04733977181380754,261.8435697406313,0.21807799814268947,0.20165002206340432,0.3357749956194311,0.4722500219155349,0.605394964637537
9F_roi_sig_1_r15,9F_roi_sensitivity,PSF Fitting,1.0,15.0,10.0,15,50,50,1.0,0.18043532698774456,0.17599090194786426,0.08527238128990376,0.14018015352322738,0.14204862123311668,0.19957025388575583,0.3036537706280069,0.3780350658160615,0.011085407815286316,0.00011319329477714746,0.011085985709588185,97.24231231114851,3.709708012174815,3.6912000505253673,4.92988497717306,0.17613058779208174,0.22196399792473717
9F_roi_sig_1_r21,9F_roi_sensitivity,Gaussian Fitting,1.0,15.0,10.0,21,50,50,1.0,0.2081677649882483,0.19236217780157994,0.10394474788044847,0.18353622456387095,0.14301322758742596,0.23267644700771192,0.3775857987317524,0.4824129379220579,0.06332564920867981,-0.039458514729021205,0.07461308351972296,112.35808252935905,7.08393199602142,6.701549980789423,8.923525019781664,0.19893214902608825,0.26331724844363524
9F_roi_sig_1_r21,9F_roi_sensitivity,Intensity-Weighted Centroid,1.0,15.0,10.0,21,50,50,1.0,0.6303318774412004,0.6289249670839057,0.35867130023917787,0.5440357975974971,0.47957108781312735,0.725233326132915,1.228212708922808,1.5538025722048232,-0.008917080606892683,0.04047714376114868,0.04144772000497155,352.2393850922977,0.21073800278827548,0.19774999236688018,0.3049299935810268,0.6215563191748746,0.8281692830993403
9F_roi_sig_1_r21,9F_roi_sensitivity,PSF Fitting,1.0,15.0,10.0,21,50,50,1.0,0.20018954637945685,0.1858823647090409,0.10364562099118173,0.17251887968213805,0.14510515284951248,0.22542907804952847,0.3636290486177475,0.4789985206538805,0.05631070357416945,-0.031971940774940324,0.06475415302460741,109.19940310368314,3.646350000053644,3.604850033298135,4.696624958887696,0.19352068589821664,0.2556891652259102
9F_roi_sig_1_r31,9F_roi_sensitivity,Gaussian Fitting,1.0,15.0,10.0,31,50,50,1.0,0.20822503879228865,0.19464281744895245,0.1169926468060594,0.15085185714709556,0.18517198325343318,0.23884083860750754,0.397591307983136,0.5369919059903765,0.037953940650386354,0.056339116532702176,0.06793082998593823,116.50793197586032,7.28859200142324,6.9417000049725175,10.113905032631006,0.20476235966552633,0.27082680086951544
9F_roi_sig_1_r31,9F_roi_sensitivity,Intensity-Weighted Centroid,1.0,15.0,10.0,31,50,50,1.0,0.625952364280862,0.6044580529657743,0.2931781668224569,0.39190423797576684,0.5693688331010143,0.6912089408060179,1.1629893407646041,1.6040849642530626,0.15143441442879918,0.0977153120205179,0.1802239275919279,337.91946511390205,0.2171520027332008,0.20255002891644835,0.26603003498166794,0.5986884813986757,0.7856893644729406
9F_roi_sig_1_r31,9F_roi_sensitivity,PSF Fitting,1.0,15.0,10.0,31,50,50,1.0,0.20481559195896892,0.20664330303576423,0.10765328932611132,0.14975258796259047,0.1763882643792973,0.2313842203181416,0.398875402285073,0.47336046280831584,0.03694841796569335,0.05781305491785076,0.06861147796908328,112.83812376896178,3.9964139903895557,3.9223499479703605,5.629785003839061,0.20262210769451933,0.2597890247219172
9F_roi_sig_1_r41,9F_roi_sensitivity,Gaussian Fitting,1.0,15.0,10.0,41,50,50,1.0,0.2017073112690594,0.17805131157634296,0.10744336857830676,0.16271702796539497,0.16047767969707177,0.22853865509109633,0.3963810326168955,0.44603018908784253,-0.03297564937172979,-0.00925844912936327,0.03425072746334405,111.55366846000858,10.621184008195996,10.348500043619424,15.071345010073856,0.19630303679230215,0.25902765803307926
9F_roi_sig_1_r41,9F_roi_sensitivity,Intensity-Weighted Centroid,1.0,15.0,10.0,41,50,50,1.0,0.7160769763481218,0.6542193268958411,0.30456997448518625,0.5511435951573023,0.5493358198141274,0.7781575068157961,1.2614815282309322,1.582128952096197,-0.01337306282981274,0.035742026139134284,0.03816190825916174,379.79082294823894,0.23952799616381526,0.21520000882446766,0.3559999691788107,0.6881257888240866,0.8736484349754118
9F_roi_sig_1_r41,9F_roi_sensitivity,PSF Fitting,1.0,15.0,10.0,41,50,50,1.0,0.19502915158270476,0.16714779899062251,0.10402103498102559,0.15847298304503857,0.15408782992306794,0.22103562085237163,0.3774368812138965,0.42423688581918745,-0.025819132377489496,-0.002280248258322786,0.025919628254392663,107.90770894767067,4.354545997921377,4.369649977888912,5.791950010461733,0.19186505787797348,0.2504046822198565
9F_roi_sig_2_r11,9F_roi_sensitivity,Gaussian Fitting,2.0,15.0,10.0,11,50,50,1.0,0.16569483706468557,0.15841257541632653,0.08187925724203009,0.1192407158408867,0.1412113433196928,0.18482151334841743,0.3025347734041234,0.41651014843956435,0.005932925811268319,-0.00649251217940332,0.008795016946073172,90.01771999270012,4.315838008187711,4.131949972361326,5.910285003483295,0.15975085328617894,0.20989705422126007
9F_roi_sig_2_r11,9F_roi_sensitivity,Intensity-Weighted Centroid,2.0,15.0,10.0,11,50,50,1.0,0.1882723710489235,0.18386710071479062,0.10566997174516551,0.15140785321632147,0.15391000816526668,0.21589957996487072,0.3487851708128785,0.5334000572661775,0.0030928666984260645,-0.015630639794861737,0.015933697775813004,104.19541935800193,0.20369400270283222,0.18895004177466035,0.28149003628641356,0.18258068780909292,0.24867699674740476
9F_roi_sig_2_r11,9F_roi_sensitivity,PSF Fitting,2.0,15.0,10.0,11,50,50,1.0,0.16582803689219353,0.1517886907256047,0.08107375639532229,0.12063334059226706,0.13971216458532468,0.18458573020568728,0.3141055688942499,0.4254594168834807,0.011347883461480137,-0.004646791597388642,0.012262427622819884,89.8711314105473,2.9169759899377823,2.789699996355921,3.887835022760555,0.15939932639177176,0.21002305643199365
9F_roi_sig_2_r15,9F_roi_sensitivity,Gaussian Fitting,2.0,15.0,10.0,15,50,50,1.0,0.194024685468282,0.17424146210905161,0.09498493864852639,0.1488571351900877,0.1565543689717091,0.21602712130917748,0.33447412997467185,0.5376888154092385,0.023731396562961322,0.014472089395279681,0.027796052854560105,104.77971887469468,4.216410003136843,4.114100011065602,5.296559986891224,0.18546313628636968,0.24786128364221918
9F_roi_sig_2_r15,9F_roi_sensitivity,Intensity-Weighted Centroid,2.0,15.0,10.0,15,50,50,1.0,0.2761532724691408,0.2835293745228462,0.14411866624605538,0.2296065272410535,0.21050335509027113,0.3114977044152291,0.5030976353092873,0.584808142637986,0.006914472377974335,0.019295411856141413,0.020496898471815014,151.06928690326174,0.20865401485934854,0.1925000688061118,0.28055002912878974,0.2713206891724747,0.35099431513124046
9F_roi_sig_2_r15,9F_roi_sensitivity,PSF Fitting,2.0,15.0,10.0,15,50,50,1.0,0.1920447636750248,0.16453380206405405,0.09624738779149991,0.14897406014660516,0.1547626580125812,0.21481329314472952,0.36528852385367133,0.5311739945121396,0.021357952327540487,0.012413104821551429,0.024703183983776574,104.27188262026849,3.033445996697992,2.9981499537825584,3.7676200154237445,0.18425282458635134,0.24722801742101094
9F_roi_sig_2_r21,9F_roi_sensitivity,Gaussian Fitting,2.0,15.0,10.0,21,50,50,1.0,0.17166505551877415,0.15275759945869127,0.08887994005727966,0.13951822816713244,0.1338028364421076,0.19330942819958222,0.31183985931945074,0.42573805103904416,-0.03518762010009027,0.03369187017537513,0.04871663703728541,93.60544887835343,4.175946000032127,4.035599995404482,5.162169976392761,0.16730547336637808,0.21822241504508932
9F_roi_sig_2_r21,9F_roi_sensitivity,Intensity-Weighted Centroid,2.0,15.0,10.0,21,50,50,1.0,0.45194234816387513,0.4552683872822448,0.22817325082135617,0.3514425683970844,0.3644215135975421,0.5062755361009091,0.8623560944120261,1.106353186202825,-0.06843777355137717,0.029339075092831877,0.07446146772641812,247.01116250668187,0.20146400202065706,0.19430002430453897,0.251549988752231,0.440840255215661,0.5698428212491187
9F_roi_sig_2_r21,9F_roi_sensitivity,PSF Fitting,2.0,15.0,10.0,21,50,50,1.0,0.17480862750679063,0.14603457264945624,0.09347505754466014,0.14146590934725134,0.13886338295728165,0.19823128570885423,0.3235665779496159,0.4243096192857048,-0.029747923085134288,0.03783059985326588,0.04812580610376294,95.98454374401754,2.997452006675303,2.9605000163428485,3.6072150629479434,0.16937162564992658,0.22554309188847407
9F_roi_sig_2_r31,9F_roi_sensitivity,Gaussian Fitting,2.0,15.0,10.0,31,50,50,1.0,0.17319343332723222,0.1662639763461683,0.09545343506260058,0.14736135691462718,0.13187855815561678,0.19775571701704234,0.316220535277932,0.47877221246761603,0.01929034967042071,0.013792919183308073,0.023714177405180392,96.74153786075142,4.982124003581703,4.975999996531755,6.221185042522848,0.17094448087117026,0.22588179343136525
9F_roi_sig_2_r31,9F_roi_sensitivity,Intensity-Weighted Centroid,2.0,15.0,10.0,31,50,50,1.0,0.4399216671847466,0.45447363948486635,0.251452468593584,0.3469092683781119,0.369341815577085,0.5067143349269037,0.9107146043367971,1.0995194251633118,0.0554483732498727,0.06576974024029254,0.08602430370152818,248.73100627146692,0.23198799695819616,0.20475004566833377,0.3512950148433444,0.42881149604446067,0.5832308887521606
9F_roi_sig_2_r31,9F_roi_sensitivity,PSF Fitting,2.0,15.0,10.0,31,50,50,1.0,0.17165559431090277,0.16827355324949833,0.09685795452757304,0.14813292731709657,0.1300143925031472,0.19709669305570462,0.3111411840313683,0.4919778593143791,0.022159890287910003,0.01195144191266536,0.025177325143152563,96.29364837174451,3.4194379998371005,3.3809500164352357,4.535714985104277,0.16853628828728043,0.2261779622399579
9F_roi_sig_2_r41,9F_roi_sensitivity,Gaussian Fitting,2.0,15.0,10.0,41,50,50,1.0,0.15885973730713684,0.1297095580448948,0.09498246790714406,0.13037221365910182,0.13138177671446555,0.18508939825669157,0.3402088772123802,0.43982237009603425,0.00828382561565661,-0.010716699802621292,0.013545088463724106,89.30302890817154,6.202050007414073,6.193499953951687,7.370409998111427,0.15328240624836126,0.21480657582128718
9F_roi_sig_2_r41,9F_roi_sensitivity,Intensity-Weighted Centroid,2.0,15.0,10.0,41,50,50,1.0,0.4778140020933811,0.3856987070791861,0.31453720422640785,0.42808320330547234,0.37945308601562894,0.5720488383338075,1.0049133612358014,1.4304081871649041,0.04362186299628831,-0.011193544778205364,0.045035123803189844,275.76002573017877,0.22114599123597145,0.20464998669922352,0.33860500552691514,0.47005453854643703,0.6662011593329793
9F_roi_sig_2_r41,9F_roi_sensitivity,PSF Fitting,2.0,15.0,10.0,41,50,50,1.0,0.15666022629130164,0.13785685987832352,0.09293951075726828,0.13053084077046836,0.12705069369821187,0.1821542729705845,0.324036114097935,0.41658301354502575,0.009948885921697865,-0.009682835294056532,0.013882997890037468,87.81175975777941,3.5990820080041885,3.49424994783476,4.353720025392249,0.15208173260752172,0.21108831579294385
9F_roi_sig_4_r11,9F_roi_sensitivity,Gaussian Fitting,4.0,15.0,10.0,11,50,50,1.0,0.2373031360486406,0.2141380780520783,0.1457094596363822,0.1990625078662502,0.19472581484755733,0.2784672781603722,0.490948852876126,0.6157962486904462,-0.0039406229619169154,-0.022741858178654865,0.023080741382070852,135.46880062554234,5.8787960023619235,5.978850065730512,7.427494961302726,0.23373796569642422,0.3214209633298211
9F_roi_sig_4_r11,9F_roi_sensitivity,Intensity-Weighted Centroid,4.0,15.0,10.0,11,50,50,1.0,0.2519797792846046,0.2343275121586224,0.1261018070429304,0.20324352991166467,0.1951602993870852,0.2817720264820667,0.4736393341061678,0.5688365048400422,-0.0032925179902576927,-0.033039929284389015,0.03320357814804901,136.73969502720936,0.2037079818546772,0.19150006119161844,0.2627849578857422,0.24319284141676648,0.3164957474328182
9F_roi_sig_4_r11,9F_roi_sensitivity,PSF Fitting,4.0,15.0,10.0,11,50,50,1.0,0.2327495459070455,0.19850586686005534,0.1423382817452664,0.19415821834638697,0.19166409110390875,0.27282327167991133,0.5013968057202781,0.5821519143976732,-0.0019858721712978423,-0.02385322850008322,0.023935751464241047,132.79275343547081,3.970592003315687,3.9423999842256308,5.160150013398379,0.22853828471634988,0.3134348315365392
9F_roi_sig_4_r15,9F_roi_sensitivity,Gaussian Fitting,4.0,15.0,10.0,15,50,50,1.0,0.1724768747353285,0.1821511974830492,0.07738148904763828,0.13724886612777193,0.12999583036519632,0.18904012051862418,0.28810880258150445,0.3644918763804301,0.00050647612735645,-0.020018551162559108,0.02002495714641054,92.25618426570598,5.172418009024113,5.089549988042563,6.472245039185508,0.167709453196885,0.20901195035142137
9F_roi_sig_4_r15,9F_roi_sensitivity,Intensity-Weighted Centroid,4.0,15.0,10.0,15,50,50,1.0,0.18375827803946876,0.18112307419006646,0.0900285631050817,0.14324439477801548,0.1461276506602239,0.20462709234799867,0.3263662367216067,0.37816175220690396,0.026165173885910917,-0.0149031980959802,0.03011181890832871,99.88645013305914,0.20430399803444743,0.19284995505586267,0.26568003231659526,0.17946560395563893,0.22755814330233365
9F_roi_sig_4_r15,9F_roi_sensitivity,PSF Fitting,4.0,15.0,10.0,15,50,50,1.0,0.17275242834816315,0.17793326555004346,0.08040031410934569,0.1366079127520436,0.1328378341535224,0.1905455641285535,0.2922746224283794,0.3765811028594976,0.0022557338141234594,-0.023798375705662806,0.023905041754158505,93.06496038964275,3.624024004675448,3.584399993997067,4.272580030374229,0.16878362293243324,0.21196336809066268
9F_roi_sig_4_r21,9F_roi_sensitivity,Gaussian Fitting,4.0,15.0,10.0,21,50,50,1.0,0.16979685141024725,0.15905954737614125,0.09330618556291567,0.13202018968561066,0.14180156744024455,0.1937447160908778,0.35926600884880716,0.3947824288656219,0.00016864672939277626,0.02321686129967418,0.023217473814514004,94.73865854207065,4.813962006010115,4.656200006138533,6.282754975836722,0.16466394700471634,0.2210634377840195
9F_roi_sig_4_r21,9F_roi_sensitivity,Intensity-Weighted Centroid,4.0,15.0,10.0,21,50,50,1.0,0.21653998846609593,0.22117916655257397,0.09835891405861476,0.13562586042863528,0.19537059288101488,0.23783196290592848,0.34244042888033593,0.41558098258888476,0.03323717627985104,0.036956522675716315,0.04970406880063871,116.33898745811315,0.213300003670156,0.19689998589456081,0.31072996207512904,0.21183887631420723,0.26082800298222986
9F_roi_sig_4_r21,9F_roi_sensitivity,PSF Fitting,4.0,15.0,10.0,21,50,50,1.0,0.16817161259759453,0.15426746719229062,0.09231936712050089,0.13003389699102702,0.1410522685479826,0.1918451376220029,0.3493756800218079,0.39246640071479705,0.0015351464695396544,0.025517362932021115,0.025563499089276204,93.80236391863917,3.0108119966462255,2.9196999967098236,3.829144965857267,0.16279598304019932,0.21892021747620122
9F_roi_sig_4_r31,9F_roi_sensitivity,Gaussian Fitting,4.0,15.0,10.0,31,50,50,1.0,0.1798297706719746,0.16684027619726222,0.09324484802789139,0.13880200110517982,0.14753763110771842,0.2025668978477963,0.3612314764529549,0.39827814601103617,-0.033407367695431275,0.0396754932451762,0.051867108851234106,98.92974833214441,4.977647995110601,4.802849958650768,6.39056502841413,0.17497110546430894,0.22722142759488623
9F_roi_sig_4_r31,9F_roi_sensitivity,Intensity-Weighted Centroid,4.0,15.0,10.0,31,50,50,1.0,0.32764367016127127,0.3137384397416202,0.1470464901043104,0.25631751186184576,0.2515439881247364,0.3591281732874002,0.5770706333083181,0.6939351807546501,-0.050090945197825365,0.004392710404608238,0.05028318501756126,174.31442957844152,0.21575798746198416,0.20649994257837534,0.2665700507350266,0.3159924739662474,0.3985309037889469
9F_roi_sig_4_r31,9F_roi_sensitivity,PSF Fitting,4.0,15.0,10.0,31,50,50,1.0,0.18016446298352112,0.17843112674949163,0.0932739482575774,0.1403538922830988,0.1464924846764573,0.2028774584464666,0.3604188443122037,0.39177123271074404,-0.03507630026942081,0.03805958417670013,0.051757886242522436,98.97616745317598,3.102637999691069,2.9912000754848123,4.176129965344443,0.17566587864623193,0.22657287444910243
9F_roi_sig_4_r41,9F_roi_sensitivity,Gaussian Fitting,4.0,15.0,10.0,41,50,50,1.0,0.17926129898602108,0.16297405551824456,0.08383978365167334,0.14014888698854183,0.13972119421472168,0.1978982633499219,0.31105091890267067,0.3623342005457352,-0.0019445848853541748,-0.004236435590535734,0.0046614157601640475,96.05172906469845,6.796982008963823,6.791849969886243,7.756999979028478,0.1748096982242817,0.2193960399496817
9F_roi_sig_4_r41,9F_roi_sensitivity,Intensity-Weighted Centroid,4.0,15.0,10.0,41,50,50,1.0,0.39158026543811475,0.3840206820381102,0.2102090037440273,0.31077850423111,0.3177100106126888,0.4444355178601738,0.7468106110702872,0.9776551999451815,0.01644472864228874,0.006475834043594091,0.017673865640506714,214.77879600679174,0.22525000851601362,0.2097500255331397,0.28534501325339073,0.38332124904355985,0.5093826518799318
9F_roi_sig_4_r41,9F_roi_sensitivity,PSF Fitting,4.0,15.0,10.0,41,50,50,1.0,0.17823153197161243,0.16188677653436712,0.0854831878410379,0.14063693307140995,0.13890683010090552,0.19767107626664573,0.31464554802555644,0.3629726403163764,-0.0015945832264844739,-0.003048300641387982,0.003440179132904567,95.97391710574635,3.4741459996439517,3.373199957422912,4.403435019776225,0.1736746213277231,0.2194326607597381
